# Swiss Law Collection — cantonal acts of type 'Other' by canton, year and topic (full systematics depth)
# counting_unit: published_copies — one count per canton whose collection publishes the act
# year = enactment year; 'unknown' rows are undated laws
# topic = the LexFind global-systematics path at the depth the source classifies the act, French labels joined by '.' (Etat.Dispositions générales.contrôle des habitants); acts classified only at the top level appear at that depth, unclassified ones as 'Non classé'
# same counts as the canton x year x domain export next to this file, keyed on the full code instead of its first segment: for any (canton, year) the two sum to the same number
# dotted codes and labels in de/fr/it/en: api/v1/categories/global_paths.json
# source: Calculs propres basés sur la base de données de l'Institut pour le fédéralisme (LexFind); https://swiss-law-as-source.github.io
canton,year,topic,number
AG,1803,Etat.Dispositions générales.Armoiries,1
AG,1832,"Santé, travail, droit des assurances sociales, logement, homes.Droit du travail.Employés.Dimanches et jours fériés",1
AG,1910,"Enseignement, sciences, documentation et culture.Contributions à la formation.Bourses d'études",1
AG,1921,"Droit civil.Dispositions d'introduction du code civil.Droits réels.Registre foncier, mensurations cadastrales",1
AG,1934,"Droit civil.Dispositions d'introduction du code civil.Droits réels.Registre foncier, mensurations cadastrales",1
AG,1974,"Aménagement du territoire et constructions, expropriation, travaux publics, énergie, transports, environnement.Protection de la nature et du paysage.Protection de la nature",1
AG,1975,Economie.Agriculture.Formation agricole.Ecole agricole,1
AG,1981,"Aménagement du territoire et constructions, expropriation, travaux publics, énergie, transports, environnement",1
AG,1985,Droit civil.Dispositions générales d'introduction du code des obligations.Des divers contrats.Contrat de travail.Contrats-type.Employés de maison,1
AG,1987,Etat.Autorités.Protection des données,1
AG,1990,"Enseignement, sciences, documentation et culture.Degré prescolaire, école primaire, degré secondaire I.Ecole primaire, degré secondaire I",1
AG,1994,"Aménagement du territoire et constructions, expropriation, travaux publics, énergie, transports, environnement.Energie.Electricité",3
AG,1995,"Défense nationale, protection de la population, police.Protection de la population.Protection contre les incendies / éléments naturels.Ramoneurs",1
AG,1996,Droit pénal.Procédure pénale.Médecine légale,1
AG,2001,"Santé, travail, droit des assurances sociales, logement, homes",1
AG,2002,"Santé, travail, droit des assurances sociales, logement, homes.Droit des assurances sociales.AVS/AI",1
AG,2002,Economie.Arts et métiers.Services.Jeux de hasard et loteries.Maisons de jeu,1
AG,2003,"Santé, travail, droit des assurances sociales, logement, homes.Assistance.Aide sociale",1
AG,2004,Droit civil.Dispositions générales d'introduction du code des obligations.Des divers contrats.Contrat de travail.Contrats-type.Agriculture,1
AG,2004,"Défense nationale, protection de la population, police.Protection de la population.Protection contre les incendies / éléments naturels.Assurances des bâtiments.Assurance contre les dommages causés par les éléments naturels",1
AG,2004,"Défense nationale, protection de la population, police.Douanes.Protection des frontières",1
AG,2004,"Finances, Impôts, monopoles, entreprises d'état",1
AG,2007,"Finances, Impôts, monopoles, entreprises d'état",2
AG,2008,Droit civil.Dispositions générales d'introduction du code des obligations.Des divers contrats.Contrat de travail.Contrats-type.Employés de maison,1
AG,2009,"Finances, Impôts, monopoles, entreprises d'état",1
AG,2009,"Aménagement du territoire et constructions, expropriation, travaux publics, énergie, transports, environnement.Transports.Transports publics.Transports régionaux",1
AG,2011,"Défense nationale, protection de la population, police.Protection de la population.Protection contre les incendies / éléments naturels.Assurances des bâtiments.Assurance contre les dommages causés par les éléments naturels",2
AG,2011,"Santé, travail, droit des assurances sociales, logement, homes.Assistance.Aide sociale",1
AG,2012,"Droit civil.Dispositions d'introduction du code civil.Droit des personnes, état civil.Fondations, surveillance.Fondations LPP",1
AG,2012,"Finances, Impôts, monopoles, entreprises d'état",1
AG,2015,"Santé, travail, droit des assurances sociales, logement, homes.Droit des assurances sociales.AVS/AI",1
AG,2016,"Enseignement, sciences, documentation et culture.Documentation.Archives",1
AG,2016,"Aménagement du territoire et constructions, expropriation, travaux publics, énergie, transports, environnement.Aménagement du territoire et constructions.Plans",1
AG,2018,Etat,1
AG,2018,"Aménagement du territoire et constructions, expropriation, travaux publics, énergie, transports, environnement.Protection de l'environnement.Protection des eaux",1
AG,2019,Droit civil.Dispositions générales d'introduction du code des obligations.Des divers contrats.Contrat de travail.Contrats-type.Employés de maison,1
AG,2021,"Défense nationale, protection de la population, police.Protection de la population.Protection contre les incendies / éléments naturels.Protection contre les incendies",1
AG,2022,"Enseignement, sciences, documentation et culture.Art, culture, sport.Encouragement à la culture",1
AG,2023,"Finances, Impôts, monopoles, entreprises d'état",2
AG,2024,"Finances, Impôts, monopoles, entreprises d'état",1
AI,1925,"Santé, travail, droit des assurances sociales, logement, homes.Droit du travail.Employés.Sécurité",2
AI,1955,"Santé, travail, droit des assurances sociales, logement, homes.Droit du travail.Employés.Sécurité",1
AI,1972,Etat.Dispositions générales.Droit de cité,1
AI,1996,"Enseignement, sciences, documentation et culture.Degré secondaire II.Ecole moyenne",1
AI,1998,"Enseignement, sciences, documentation et culture.Degré secondaire II.Ecole moyenne",4
AI,1998,"Enseignement, sciences, documentation et culture.Formation continue (Degré quaternaire).Formation continue des enseignants",1
AI,1998,"Santé, travail, droit des assurances sociales, logement, homes.Droit des assurances sociales.LAMAL.Réduction des primes",1
AI,1999,Etat.Autorités.Gouvernement et administration.Droit du personnel.Engagement,2
AI,1999,"Enseignement, sciences, documentation et culture.Degré secondaire II.Ecole moyenne",4
AI,2005,"Enseignement, sciences, documentation et culture.Degré prescolaire, école primaire, degré secondaire I.Ecole enfantine",1
AI,2006,"Enseignement, sciences, documentation et culture.Degré secondaire II.Ecole moyenne",1
AI,2007,"Enseignement, sciences, documentation et culture.Degré secondaire II.Ecole moyenne",2
AI,2009,"Enseignement, sciences, documentation et culture.Degré secondaire II.Ecole moyenne",1
AI,2010,"Santé, travail, droit des assurances sociales, logement, homes.Assistance.Homes.Etablissements pour personnes âgées",1
AI,2011,"Enseignement, sciences, documentation et culture.Art, culture, sport.Encouragement à la culture",1
AI,2016,Etat.Eglise et Etat.Eglise évangélique réformée,1
AI,2019,Etat.Autorités.Gouvernement et administration.Emoluments administratifs,1
AI,2020,"Santé, travail, droit des assurances sociales, logement, homes.Santé.Lutte contre les maladies.Epidémies, pandémies",2
AI,2022,"Défense nationale, protection de la population, police.Protection de la population.Protection contre les incendies / éléments naturels.Ramoneurs",1
AI,2025,Non classé,1
AR,1881,"Défense nationale, protection de la population, police.Défense.Places d'armes, arsenaux",1
AR,1896,"Enseignement, sciences, documentation et culture.Documentation.Bibliothèques",1
AR,1925,"Santé, travail, droit des assurances sociales, logement, homes.Droit du travail.Employés.Sécurité",1
AR,1951,"Aménagement du territoire et constructions, expropriation, travaux publics, énergie, transports, environnement.Energie.Forces hydrauliques",1
AR,1952,"Aménagement du territoire et constructions, expropriation, travaux publics, énergie, transports, environnement.Energie.Forces hydrauliques",1
AR,1969,"Aménagement du territoire et constructions, expropriation, travaux publics, énergie, transports, environnement.Energie.Forces hydrauliques",1
AR,1976,"Aménagement du territoire et constructions, expropriation, travaux publics, énergie, transports, environnement.Transports.Funiculaires, téléphériques, téléskis",1
AR,1979,Etat,1
AR,1984,"Enseignement, sciences, documentation et culture.Degré tertiaire: Ecoles supérieures",1
AR,1984,"Santé, travail, droit des assurances sociales, logement, homes",1
AR,1986,Droit civil.Dispositions générales d'introduction du code des obligations.Des divers contrats.Contrat de travail.Contrats-type.Employés de maison,1
AR,1990,"Santé, travail, droit des assurances sociales, logement, homes.Droit des assurances sociales.AVS/AI",1
AR,1992,"Enseignement, sciences, documentation et culture.Contributions à la formation.Ecolages",1
AR,1993,"Enseignement, sciences, documentation et culture",1
AR,1993,"Aménagement du territoire et constructions, expropriation, travaux publics, énergie, transports, environnement",1
AR,1995,Etat.Autorités.Gouvernement et administration.Emoluments administratifs,1
AR,1995,"Défense nationale, protection de la population, police.Protection de la population.Protection contre les incendies / éléments naturels.Ramoneurs",1
AR,1996,"Santé, travail, droit des assurances sociales, logement, homes.Santé.Hygiène.Denrées alimentaires, objets d'usage courant.Surveillance des aliments",1
AR,1997,"Défense nationale, protection de la population, police.Défense.Places d'armes, arsenaux",1
AR,1997,"Aménagement du territoire et constructions, expropriation, travaux publics, énergie, transports, environnement",1
AR,1998,"Droit civil.Dispositions d'introduction du code civil.Droits réels.Registre foncier, mensurations cadastrales",1
AR,2001,"Aménagement du territoire et constructions, expropriation, travaux publics, énergie, transports, environnement.Travaux publics.Marchés publics",1
AR,2003,"Economie.Commerce.Marché intérieur, entraves techniques au commerce",1
AR,2004,"Santé, travail, droit des assurances sociales, logement, homes",1
AR,2005,Droit pénal.Amendes d'ordre,1
AR,2005,"Aménagement du territoire et constructions, expropriation, travaux publics, énergie, transports, environnement.Protection de l'environnement.Protection des eaux",1
AR,2005,"Santé, travail, droit des assurances sociales, logement, homes",1
AR,2008,Economie.Commerce.Poids et mesures. moyens de paiement,1
AR,2009,"Enseignement, sciences, documentation et culture.Corps enseignant.Traitement, indemnités",1
AR,2009,"Défense nationale, protection de la population, police.Protection de la population.Protection contre les incendies / éléments naturels.Protection contre le feu, pompiers",1
AR,2010,"Enseignement, sciences, documentation et culture.Corps enseignant.Traitement, indemnités",1
AR,2011,"Santé, travail, droit des assurances sociales, logement, homes",1
AR,2012,Etat,1
AR,2012,"Enseignement, sciences, documentation et culture.Degré prescolaire, école primaire, degré secondaire I.Ecole primaire, degré secondaire I",2
AR,2015,Etat.Autorités.Gouvernement et administration.Gouvernement.Indemnités,1
AR,2019,Etat.Autorités.Parlement.Indemnisation des parlementaires,1
AR,2019,"Enseignement, sciences, documentation et culture",1
AR,2023,"Enseignement, sciences, documentation et culture",1
AR,2024,"Etat.Autorités.Organisation judiciaire.Autorités judiciaires.Cours supérieures, tribunaux fédéraux",2
BE,1911,"Aménagement du territoire et constructions, expropriation, travaux publics, énergie, transports, environnement.Protection de la nature et du paysage.Protection de la nature",3
BE,1923,"Santé, travail, droit des assurances sociales, logement, homes",1
BE,1924,Etat.Communes.Finances communales,1
BE,1931,Etat.Dispositions générales.Armoiries,1
BE,1936,Etat.Eglise et Etat.Eglise catholique romaine,1
BE,1940,"Santé, travail, droit des assurances sociales, logement, homes",1
BE,1944,Etat.Dispositions générales.Armoiries,1
BE,1950,"Santé, travail, droit des assurances sociales, logement, homes.Droit des assurances sociales.Caisses de compensation",1
BE,1951,Droit civil.Propriété intellectuelle,1
BE,1956,Etat,1
BE,1964,"Finances, Impôts, monopoles, entreprises d'état.Finances.Contributions étatiques, subventions",1
BE,1971,Droit civil.Dispositions générales d'introduction du code des obligations.Des divers contrats.Contrat de travail.Contrats-type.Agriculture,1
BE,1971,"Finances, Impôts, monopoles, entreprises d'état",1
BE,1971,"Aménagement du territoire et constructions, expropriation, travaux publics, énergie, transports, environnement.Protection de l'environnement.Protection des eaux",1
BE,1971,"Santé, travail, droit des assurances sociales, logement, homes",1
BE,1973,"Santé, travail, droit des assurances sociales, logement, homes",1
BE,1984,"Santé, travail, droit des assurances sociales, logement, homes",1
BE,1985,"Aménagement du territoire et constructions, expropriation, travaux publics, énergie, transports, environnement",1
BE,1986,"Enseignement, sciences, documentation et culture.Degré secondaire II.Ecoles moyennes supérieures, écoles des culture générale, écoles de degré diplôme",1
BE,1987,Droit civil.Dispositions générales d'introduction du code des obligations.Des divers contrats.Contrat de travail.Contrats-type.Employés de maison,1
BE,1996,"Enseignement, sciences, documentation et culture.Documentation.Archives",1
BE,1997,"Enseignement, sciences, documentation et culture",1
BE,1998,"Enseignement, sciences, documentation et culture",1
BE,2000,"Enseignement, sciences, documentation et culture",1
BE,2001,"Enseignement, sciences, documentation et culture",1
BE,2003,"Enseignement, sciences, documentation et culture",1
BE,2004,"Enseignement, sciences, documentation et culture",1
BE,2004,"Santé, travail, droit des assurances sociales, logement, homes",1
BE,2005,"Enseignement, sciences, documentation et culture",2
BE,2005,"Enseignement, sciences, documentation et culture.Degré tertiaire: Hautes écoles.Pédagogie",1
BE,2005,Publications sans texte,3
BE,2006,"Enseignement, sciences, documentation et culture",1
BE,2006,"Santé, travail, droit des assurances sociales, logement, homes",1
BE,2006,Publications sans texte,2
BE,2007,"Enseignement, sciences, documentation et culture",1
BE,2009,Publications sans texte,1
BE,2010,Publications sans texte,1
BE,2011,Publications sans texte,2
BE,2012,Publications sans texte,1
BE,2013,Publications sans texte,1
BE,2015,"Enseignement, sciences, documentation et culture",3
BE,2015,"Finances, Impôts, monopoles, entreprises d'état",2
BE,2019,"Santé, travail, droit des assurances sociales, logement, homes",1
BE,2021,"Santé, travail, droit des assurances sociales, logement, homes",1
BE,unknown,Publications sans texte,23
BL,1829,Etat.Eglise et Etat.Eglise catholique romaine,1
BL,1836,Etat.Dispositions générales.Armoiries,1
BL,1870,"Aménagement du territoire et constructions, expropriation, travaux publics, énergie, transports, environnement.Transports.Transports publics.Transports ferroviaires",1
BL,1881,"Santé, travail, droit des assurances sociales, logement, homes.Assistance.Donations et collectes publiques",1
BL,1920,"Droit civil.Dispositions d'introduction du code civil.Droits réels.Registre foncier, mensurations cadastrales",1
BL,1947,Economie,1
BL,1952,Etat.Eglise et Etat.Eglise évangélique réformée,1
BL,1954,"Santé, travail, droit des assurances sociales, logement, homes",1
BL,1962,"Finances, Impôts, monopoles, entreprises d'état.Monopoles, régales, entreprises d'état.Régale des sels",1
BL,1963,"Finances, Impôts, monopoles, entreprises d'état.Monopoles, régales, entreprises d'état.Régale des sels",1
BL,1963,Economie.Agriculture.Améliorations foncières,1
BL,1967,"Santé, travail, droit des assurances sociales, logement, homes.Assistance.Protection de la jeunesse, aide à la jeunesse",1
BL,1974,"Santé, travail, droit des assurances sociales, logement, homes.Santé.Lutte contre les maladies.Tuberculose",1
BL,1975,"Finances, Impôts, monopoles, entreprises d'état.Monopoles, régales, entreprises d'état.Régale des sels",1
BL,1976,"Etat.Autorités.Gouvernement et administration.Droit du personnel.Traitements, indemnités",1
BL,1976,Etat.Eglise et Etat.Eglise catholique romaine,1
BL,1976,"Santé, travail, droit des assurances sociales, logement, homes.Santé.Etablissements hospitaliers, cliniques.Cliniques psychiatriques",1
BL,1977,Etat,1
BL,1978,"Santé, travail, droit des assurances sociales, logement, homes.Santé.Professions médicales.Dentistes",1
BL,1979,"Santé, travail, droit des assurances sociales, logement, homes",1
BL,1979,"Santé, travail, droit des assurances sociales, logement, homes.Santé.Urgences, ambulances",1
BL,1980,"Etat.Autorités.Gouvernement et administration.Droit du personnel.Formation, formation continue, perfectionnement",1
BL,1980,"Finances, Impôts, monopoles, entreprises d'état",1
BL,1981,"Santé, travail, droit des assurances sociales, logement, homes.Droit des assurances sociales.LAMAL.Tarifs.Conventions",1
BL,1981,"Santé, travail, droit des assurances sociales, logement, homes.Droit des assurances sociales.LAMAL.Listes des hôpitaux",1
BL,1982,"Aménagement du territoire et constructions, expropriation, travaux publics, énergie, transports, environnement.Protection de l'environnement.Protection des eaux",2
BL,1983,Etat.Eglise et Etat.Eglise catholique chrétienne,1
BL,1983,"Santé, travail, droit des assurances sociales, logement, homes",1
BL,1984,Etat.Autorités.Gouvernement et administration.Administration.Directions et offices,2
BL,1986,Droit civil.Dispositions générales d'introduction du code des obligations.Des divers contrats.Contrat de travail.Contrats-type.Agriculture,1
BL,1987,"Enseignement, sciences, documentation et culture.Formation continue (Degré quaternaire).Formation continue des enseignants",1
BL,1988,"Défense nationale, protection de la population, police.Protection de la population.Protection contre les incendies / éléments naturels.Protection contre les incendies",1
BL,1988,"Finances, Impôts, monopoles, entreprises d'état.Monopoles, régales, entreprises d'état.Pétrole",1
BL,1988,"Aménagement du territoire et constructions, expropriation, travaux publics, énergie, transports, environnement",1
BL,1989,"Santé, travail, droit des assurances sociales, logement, homes",1
BL,1989,"Santé, travail, droit des assurances sociales, logement, homes.Droit des assurances sociales.LAMAL.Tarifs.Conventions",1
BL,1990,Etat.Autorités.Gouvernement et administration.Administration.Directions et offices,1
BL,1990,"Santé, travail, droit des assurances sociales, logement, homes.Droit des assurances sociales.LAMAL.Tarifs.Conventions",2
BL,1991,"Enseignement, sciences, documentation et culture.Assurance de la qualité, surveillance, direction.Médecine scolaire, services psychologiques scolaires",1
BL,1991,"Santé, travail, droit des assurances sociales, logement, homes.Santé.Professions médicales.Dentistes",1
BL,1992,"Santé, travail, droit des assurances sociales, logement, homes",2
BL,1992,"Santé, travail, droit des assurances sociales, logement, homes.Droit des assurances sociales.LAMAL.Tarifs.Conventions",1
BL,1993,"Etat.Dispositions générales.Droits fondamentaux, droits politiques.égalité entre hommes et femmes",1
BL,1994,Etat.Autorités.Gouvernement et administration.Administration.Directions et offices,1
BL,1994,"Droit civil.Dispositions d'introduction du code civil.Droits réels.Registre foncier, mensurations cadastrales",1
BL,1994,"Enseignement, sciences, documentation et culture.Sciences, recherche",1
BL,1994,"Finances, Impôts, monopoles, entreprises d'état",1
BL,1994,"Santé, travail, droit des assurances sociales, logement, homes.Droit des assurances sociales.LAMAL.Tarifs.Conventions",1
BL,1995,Etat.Autorités.Gouvernement et administration.Administration.Directions et offices,1
BL,1995,Economie.Arts et métiers.Services.Taxis,1
BL,1996,Etat.Autorités.Gouvernement et administration.Administration.Directions et offices,1
BL,1996,"Santé, travail, droit des assurances sociales, logement, homes.Santé.Professions médicales.Personnel soignant",1
BL,1996,"Santé, travail, droit des assurances sociales, logement, homes.Droit des assurances sociales.LAMAL.Tarifs.Conventions",1
BL,1997,"Enseignement, sciences, documentation et culture.Assurance de la qualité, surveillance, direction.Médecine scolaire, services psychologiques scolaires",1
BL,1997,"Santé, travail, droit des assurances sociales, logement, homes.Droit des assurances sociales.LAMAL.Listes des hôpitaux",1
BL,1998,"Enseignement, sciences, documentation et culture.Pédagogie spécialisée.Ecoles spécialisées",1
BL,1998,Publications sans texte,1
BL,1999,Etat.Autorités.Gouvernement et administration.Administration.Directions et offices,1
BL,1999,"Aménagement du territoire et constructions, expropriation, travaux publics, énergie, transports, environnement",1
BL,1999,"Santé, travail, droit des assurances sociales, logement, homes.Droit des assurances sociales.LAMAL.Tarifs.Conventions",2
BL,2000,Etat,1
BL,2000,Etat.Autorités.Gouvernement et administration.Administration.Directions et offices,2
BL,2000,Etat.Eglise et Etat.Eglise catholique romaine,1
BL,2000,"Enseignement, sciences, documentation et culture.Degré secondaire II.Ecoles moyennes supérieures, écoles des culture générale, écoles de degré diplôme",1
BL,2001,Etat.Autorités.Gouvernement et administration.Administration.Directions et offices,1
BL,2001,"Santé, travail, droit des assurances sociales, logement, homes",1
BL,2001,"Santé, travail, droit des assurances sociales, logement, homes.Droit des assurances sociales.LAMAL.Tarifs.Conventions",1
BL,2002,"Enseignement, sciences, documentation et culture",2
BL,2002,"Enseignement, sciences, documentation et culture.Degré prescolaire, école primaire, degré secondaire I.Ecole enfantine",1
BL,2002,"Santé, travail, droit des assurances sociales, logement, homes.Santé.Etablissements hospitaliers, cliniques.Hôpitaux cantonaux",1
BL,2003,Etat.Autorités.Gouvernement et administration.Gouvernement.Chancellerie de l'Etat,1
BL,2003,Etat.Autorités.Gouvernement et administration.Administration.Directions et offices,3
BL,2003,Etat.Professions juridiques.Avocats.Honoraires,1
BL,2003,"Enseignement, sciences, documentation et culture.Degré secondaire II: Formation professionnelle initiale.Orientation professionnelle",1
BL,2003,"Enseignement, sciences, documentation et culture.Formation continue (Degré quaternaire).Formation des adultes",1
BL,2003,"Enseignement, sciences, documentation et culture.Assurance de la qualité, surveillance, direction.Matériel scolaire",1
BL,2003,"Santé, travail, droit des assurances sociales, logement, homes.Droit des assurances sociales.LAMAL.Tarifs.Conventions",1
BL,2004,"Aménagement du territoire et constructions, expropriation, travaux publics, énergie, transports, environnement.Protection de l'environnement.Protection des eaux",1
BL,2004,"Santé, travail, droit des assurances sociales, logement, homes",1
BL,2005,Etat.Autorités.Gouvernement et administration.Administration.Directions et offices,1
BL,2005,"Enseignement, sciences, documentation et culture.Documentation.Bibliothèques",1
BL,2005,"Santé, travail, droit des assurances sociales, logement, homes.Droit des assurances sociales.LAMAL.Tarifs.Conventions",1
BL,2005,"Santé, travail, droit des assurances sociales, logement, homes.Assistance.Homes.Etablissements pour personnes âgées",1
BL,2006,"Aménagement du territoire et constructions, expropriation, travaux publics, énergie, transports, environnement.Protection de l'environnement.Protection des eaux",1
BL,2007,"Santé, travail, droit des assurances sociales, logement, homes",1
BL,2007,"Santé, travail, droit des assurances sociales, logement, homes.Assistance.Homes.Etablissements pour personnes âgées",1
BL,2008,"Santé, travail, droit des assurances sociales, logement, homes.Santé.Prévention des dépendances.Alcoolisme",1
BL,2009,Etat.Autorités.Gouvernement et administration.New Public Management,1
BL,2009,"Finances, Impôts, monopoles, entreprises d'état.Finances.Contrôle des finances",1
BL,2011,"Etat.Autorités.Organisation judiciaire.Autorités judiciaires.Juges d'instruction, Ministère public.Ministère public",1
BL,2011,"Enseignement, sciences, documentation et culture.Documentation.Musées",1
BL,2012,"Enseignement, sciences, documentation et culture.Documentation.Bibliothèques",1
BL,2012,"Enseignement, sciences, documentation et culture.Documentation.Musées",1
BL,2012,"Santé, travail, droit des assurances sociales, logement, homes",1
BL,2012,"Santé, travail, droit des assurances sociales, logement, homes.Droit des assurances sociales.LPP",1
BL,2017,Etat.Autorités.Gouvernement et administration.Administration.Directions et offices,1
BL,2017,"Aménagement du territoire et constructions, expropriation, travaux publics, énergie, transports, environnement.Travaux publics.Marchés publics",1
BL,2018,"Enseignement, sciences, documentation et culture.Degré secondaire II: Formation professionnelle initiale.Orientation professionnelle",1
BL,2020,"Santé, travail, droit des assurances sociales, logement, homes",1
BL,2021,"Santé, travail, droit des assurances sociales, logement, homes",1
BS,1876,Etat.Communes.Finances communales,2
BS,1882,"Enseignement, sciences, documentation et culture.Degré tertiaire: universités.Faculté de sciences naturelles",1
BS,1900,"Aménagement du territoire et constructions, expropriation, travaux publics, énergie, transports, environnement.Transports.Transports publics.Transports ferroviaires",1
BS,1907,Etat.Communes.Fusions communales,1
BS,1919,"Aménagement du territoire et constructions, expropriation, travaux publics, énergie, transports, environnement.Protection de la nature et du paysage.Protection du paysage",1
BS,1921,"Economie.Commerce.Foires, marchés",1
BS,1922,"Aménagement du territoire et constructions, expropriation, travaux publics, énergie, transports, environnement.Transports.Transports publics.Transports ferroviaires",2
BS,1925,"Enseignement, sciences, documentation et culture.Degré tertiaire: universités.Faculté de sciences naturelles",1
BS,1925,"Aménagement du territoire et constructions, expropriation, travaux publics, énergie, transports, environnement.Travaux publics.Aménagement des eaux.Corrections des eaux / Protection contre les crues",1
BS,1925,"Santé, travail, droit des assurances sociales, logement, homes.Assistance.Donations et collectes publiques",1
BS,1927,"Défense nationale, protection de la population, police.Douanes.Protection des frontières",1
BS,1928,"Economie.Commerce.Foires, marchés",1
BS,1930,"Aménagement du territoire et constructions, expropriation, travaux publics, énergie, transports, environnement",1
BS,1930,"Aménagement du territoire et constructions, expropriation, travaux publics, énergie, transports, environnement.Aménagement du territoire et constructions.Plans",1
BS,1930,"Santé, travail, droit des assurances sociales, logement, homes",1
BS,1931,"Enseignement, sciences, documentation et culture.Assurance de la qualité, surveillance, direction.Direction",1
BS,1932,Etat,1
BS,1935,"Economie.Arts et métiers.Services.Institutions de crédit / assurances.Banques, bourses",1
BS,1937,"Enseignement, sciences, documentation et culture.Degré tertiaire: universités.Faculté de théologie",1
BS,1937,"Enseignement, sciences, documentation et culture.Documentation.Archives",1
BS,1938,"Enseignement, sciences, documentation et culture.Documentation.Archives",1
BS,1941,Etat.Autorités.Parlement.Indemnisation des parlementaires,1
BS,1943,"Enseignement, sciences, documentation et culture.Degré tertiaire: universités.Faculté de théologie",1
BS,1943,"Santé, travail, droit des assurances sociales, logement, homes",1
BS,1943,"Santé, travail, droit des assurances sociales, logement, homes.Santé.Lutte contre les maladies.Epidémies, pandémies",1
BS,1943,Economie.Agriculture.Production animale.Commerce du bétail,1
BS,1947,Etat.Eglise et Etat.Autres religions,1
BS,1947,"Aménagement du territoire et constructions, expropriation, travaux publics, énergie, transports, environnement.Aménagement du territoire et constructions.Plans",1
BS,1949,"Finances, Impôts, monopoles, entreprises d'état.Finances.Contributions étatiques, subventions",1
BS,1950,Etat.Dispositions générales.Territoire.Frontières,1
BS,1950,"Aménagement du territoire et constructions, expropriation, travaux publics, énergie, transports, environnement",1
BS,1951,"Enseignement, sciences, documentation et culture.Degré tertiaire: universités.Faculté de sciences naturelles",1
BS,1955,Etat,1
BS,1955,"Santé, travail, droit des assurances sociales, logement, homes",1
BS,1957,"Enseignement, sciences, documentation et culture.Sport scolaire",1
BS,1958,"Enseignement, sciences, documentation et culture.Assurance de la qualité, surveillance, direction.Surveillance scolaire",1
BS,1958,"Santé, travail, droit des assurances sociales, logement, homes",1
BS,1958,"Santé, travail, droit des assurances sociales, logement, homes.Assistance.Protection de la jeunesse, aide à la jeunesse",1
BS,1960,"Enseignement, sciences, documentation et culture.Sciences, recherche",1
BS,1960,"Santé, travail, droit des assurances sociales, logement, homes",1
BS,1962,"Enseignement, sciences, documentation et culture.Sciences, recherche",1
BS,1963,"Enseignement, sciences, documentation et culture.Degré tertiaire: universités.Faculté de droit",1
BS,1965,"Aménagement du territoire et constructions, expropriation, travaux publics, énergie, transports, environnement.Transports.Navigation.Police de la navigation",1
BS,1965,"Santé, travail, droit des assurances sociales, logement, homes",2
BS,1967,"Enseignement, sciences, documentation et culture.Assurance de la qualité, surveillance, direction.Matériel scolaire",1
BS,1967,Economie.Commerce.Commerce itinérant,1
BS,1968,"Enseignement, sciences, documentation et culture.Documentation.Bibliothèques",1
BS,1969,"Défense nationale, protection de la population, police",1
BS,1970,"Enseignement, sciences, documentation et culture.Degré secondaire II: Formation professionnelle initiale.Orientation professionnelle",1
BS,1970,"Finances, Impôts, monopoles, entreprises d'état.Finances.Contributions étatiques, subventions",1
BS,1970,"Aménagement du territoire et constructions, expropriation, travaux publics, énergie, transports, environnement.Transports.Transports publics.Transports régionaux",2
BS,1971,"Santé, travail, droit des assurances sociales, logement, homes",1
BS,1973,Etat,2
BS,1973,"Enseignement, sciences, documentation et culture.Degré prescolaire, école primaire, degré secondaire I.Ecole primaire, degré secondaire I",1
BS,1973,"Enseignement, sciences, documentation et culture.Degré tertiaire: universités.Faculté de sciences naturelles",1
BS,1973,"Santé, travail, droit des assurances sociales, logement, homes.Assistance.Donations et collectes publiques",1
BS,1974,"Enseignement, sciences, documentation et culture.Corps enseignant.Formation",1
BS,1974,"Défense nationale, protection de la population, police.Sécurité intérieure.Maintien de la tranquillité et de l'ordre public.Domaine public",1
BS,1974,"Santé, travail, droit des assurances sociales, logement, homes.Santé.Hygiène.Inhumations, cimetières",1
BS,1975,"Enseignement, sciences, documentation et culture.Assurance de la qualité, surveillance, direction.Surveillance scolaire",1
BS,1975,"Aménagement du territoire et constructions, expropriation, travaux publics, énergie, transports, environnement.Transports.Transports publics.Transports régionaux",1
BS,1975,"Aménagement du territoire et constructions, expropriation, travaux publics, énergie, transports, environnement.Protection de l'environnement.Protection des eaux",1
BS,1977,Etat.Autorités.Gouvernement et administration.Procédure administrative,1
BS,1977,"Enseignement, sciences, documentation et culture.Degré prescolaire, école primaire, degré secondaire I.Ecole enfantine",1
BS,1977,"Aménagement du territoire et constructions, expropriation, travaux publics, énergie, transports, environnement",1
BS,1977,"Santé, travail, droit des assurances sociales, logement, homes",1
BS,1977,"Santé, travail, droit des assurances sociales, logement, homes.Droit des assurances sociales.Assurance-chômage",1
BS,1978,"Enseignement, sciences, documentation et culture.Assurance de la qualité, surveillance, direction.Direction",1
BS,1978,"Aménagement du territoire et constructions, expropriation, travaux publics, énergie, transports, environnement.Protection de l'environnement.Protection contre le bruit",1
BS,1980,"Enseignement, sciences, documentation et culture.Contributions à la formation.Emoluments scolaires",1
BS,1980,"Santé, travail, droit des assurances sociales, logement, homes",1
BS,1980,"Santé, travail, droit des assurances sociales, logement, homes.Santé.Substances thérapeutiques, stupéfiants",1
BS,1981,"Enseignement, sciences, documentation et culture.Degré tertiaire: universités.Faculté de médecine humaine et vétérinaire",1
BS,1981,"Enseignement, sciences, documentation et culture.Assurance de la qualité, surveillance, direction.Direction",1
BS,1981,"Aménagement du territoire et constructions, expropriation, travaux publics, énergie, transports, environnement.Protection de la nature et du paysage.Protection des monuments et des biens culturels",1
BS,1982,"Enseignement, sciences, documentation et culture.Degré tertiaire: Ecoles supérieures",1
BS,1982,"Santé, travail, droit des assurances sociales, logement, homes.Santé.Pharmacies et drogueries",1
BS,1982,"Santé, travail, droit des assurances sociales, logement, homes.Santé.Hygiène.Inhumations, cimetières",1
BS,1983,"Santé, travail, droit des assurances sociales, logement, homes.Santé.Hygiène.Inhumations, cimetières",1
BS,1984,"Etat.Autorités.Gouvernement et administration.Droit du personnel.Pensions, prestations d'assurance",1
BS,1984,"Santé, travail, droit des assurances sociales, logement, homes",2
BS,1985,"Santé, travail, droit des assurances sociales, logement, homes",1
BS,1985,"Santé, travail, droit des assurances sociales, logement, homes.Santé.Urgences, ambulances",1
BS,1985,"Santé, travail, droit des assurances sociales, logement, homes.Santé.Hygiène.Denrées alimentaires, objets d'usage courant.Viandes.Abattoirs",1
BS,1986,"Santé, travail, droit des assurances sociales, logement, homes",1
BS,1987,"Enseignement, sciences, documentation et culture.Degré prescolaire, école primaire, degré secondaire I.Ecole primaire, degré secondaire I",1
BS,1987,"Enseignement, sciences, documentation et culture.Degré tertiaire: universités.Faculté de sciences naturelles",1
BS,1987,"Santé, travail, droit des assurances sociales, logement, homes.Droit des assurances sociales.LAMAL.Tarifs.Conventions",1
BS,1988,"Enseignement, sciences, documentation et culture.Degré secondaire II.Ecole moyenne",1
BS,1988,"Enseignement, sciences, documentation et culture.Degré tertiaire: universités.Faculté de philosophie",1
BS,1988,"Aménagement du territoire et constructions, expropriation, travaux publics, énergie, transports, environnement.Aménagement du territoire et constructions.Plans",1
BS,1988,"Santé, travail, droit des assurances sociales, logement, homes",1
BS,1989,"Enseignement, sciences, documentation et culture.Corps enseignant.Personnel des universités",1
BS,1989,"Aménagement du territoire et constructions, expropriation, travaux publics, énergie, transports, environnement",2
BS,1990,Droit civil.Dispositions générales d'introduction du code des obligations.Des divers contrats.Contrat de travail.Contrats-type.Employés de maison,1
BS,1990,"Santé, travail, droit des assurances sociales, logement, homes.Santé.Substances thérapeutiques, stupéfiants",1
BS,1990,"Santé, travail, droit des assurances sociales, logement, homes.Santé.Hygiène.Alimentation en eau",1
BS,1991,Etat.Autorités.Protection des données,1
BS,1991,"Enseignement, sciences, documentation et culture.Assurance de la qualité, surveillance, direction.Direction",1
BS,1991,"Santé, travail, droit des assurances sociales, logement, homes",2
BS,1991,"Santé, travail, droit des assurances sociales, logement, homes.Droit du travail.Marché du travail.Travail au noir",1
BS,1991,"Santé, travail, droit des assurances sociales, logement, homes.Assistance.Homes.Etablissements pour personnes âgées",1
BS,1992,"Enseignement, sciences, documentation et culture.Degré prescolaire, école primaire, degré secondaire I.Ecole primaire, degré secondaire I",1
BS,1992,"Enseignement, sciences, documentation et culture.Degré tertiaire: universités.Faculté de droit",1
BS,1992,"Aménagement du territoire et constructions, expropriation, travaux publics, énergie, transports, environnement.Aménagement du territoire et constructions.Places de parking",1
BS,1993,Etat,1
BS,1993,Droit civil.Dispositions générales d'introduction du code des obligations.Des divers contrats.Contrat de travail.Contrats-type.Agriculture,1
BS,1993,"Finances, Impôts, monopoles, entreprises d'état.Finances.Contributions étatiques, subventions",1
BS,1993,"Santé, travail, droit des assurances sociales, logement, homes",1
BS,1994,"Enseignement, sciences, documentation et culture.Assurance de la qualité, surveillance, direction.Direction",1
BS,1994,"Santé, travail, droit des assurances sociales, logement, homes",1
BS,1995,Etat.Autorités.Gouvernement et administration.Emoluments administratifs,1
BS,1995,"Enseignement, sciences, documentation et culture.Degré prescolaire, école primaire, degré secondaire I.Ecole enfantine",2
BS,1995,"Enseignement, sciences, documentation et culture.Degré tertiaire: universités.Faculté de théologie",1
BS,1995,"Enseignement, sciences, documentation et culture.Formation continue (Degré quaternaire).Formation continue des enseignants",1
BS,1995,"Enseignement, sciences, documentation et culture.Corps enseignant.Formation",2
BS,1995,"Enseignement, sciences, documentation et culture.Documentation.Musées",1
BS,1995,"Finances, Impôts, monopoles, entreprises d'état.Finances.Contributions étatiques, subventions",1
BS,1995,"Aménagement du territoire et constructions, expropriation, travaux publics, énergie, transports, environnement.Energie.Electricité",1
BS,1995,"Santé, travail, droit des assurances sociales, logement, homes.Droit des assurances sociales.LAMAL.Listes des hôpitaux",1
BS,1996,"Enseignement, sciences, documentation et culture.Degré prescolaire, école primaire, degré secondaire I.Ecole enfantine",1
BS,1996,"Enseignement, sciences, documentation et culture.Degré tertiaire: universités.Faculté de droit",1
BS,1996,"Aménagement du territoire et constructions, expropriation, travaux publics, énergie, transports, environnement.Protection de l'environnement.Déchets",1
BS,1996,"Santé, travail, droit des assurances sociales, logement, homes",1
BS,1997,"Enseignement, sciences, documentation et culture.Degré prescolaire, école primaire, degré secondaire I.Ecole primaire, degré secondaire I",1
BS,1997,"Enseignement, sciences, documentation et culture.Degré tertiaire: universités.Faculté de sciences économiques",1
BS,1997,"Santé, travail, droit des assurances sociales, logement, homes",1
BS,1997,"Santé, travail, droit des assurances sociales, logement, homes.Droit des assurances sociales.LAMAL.Listes des hôpitaux",1
BS,1997,Economie.Agriculture.Alpage,1
BS,1998,"Enseignement, sciences, documentation et culture.Degré tertiaire: universités.Faculté de droit",1
BS,1998,"Enseignement, sciences, documentation et culture.Degré tertiaire: universités.Faculté de médecine humaine et vétérinaire",1
BS,1998,"Santé, travail, droit des assurances sociales, logement, homes",1
BS,1999,"Enseignement, sciences, documentation et culture.Degré tertiaire: universités.Faculté de sciences naturelles",1
BS,1999,"Aménagement du territoire et constructions, expropriation, travaux publics, énergie, transports, environnement.Energie.Electricité",1
BS,1999,"Aménagement du territoire et constructions, expropriation, travaux publics, énergie, transports, environnement.Protection de l'environnement.Déchets",1
BS,2000,Etat,1
BS,2000,"Enseignement, sciences, documentation et culture.Degré tertiaire: universités.Faculté de sciences naturelles",1
BS,2000,"Enseignement, sciences, documentation et culture.Degré tertiaire: universités.Faculté de médecine humaine et vétérinaire",2
BS,2000,"Santé, travail, droit des assurances sociales, logement, homes",1
BS,2001,Etat,1
BS,2001,Etat.Dispositions générales.Territoire.Frontières,1
BS,2001,"Enseignement, sciences, documentation et culture.Degré tertiaire: Ecoles supérieures",1
BS,2001,"Enseignement, sciences, documentation et culture.Corps enseignant.Traitement, indemnités",1
BS,2001,"Enseignement, sciences, documentation et culture.Assurance de la qualité, surveillance, direction.Surveillance scolaire",1
BS,2001,"Aménagement du territoire et constructions, expropriation, travaux publics, énergie, transports, environnement.Aménagement du territoire et constructions.Places de parking",1
BS,2001,"Santé, travail, droit des assurances sociales, logement, homes.Santé.Professions médicales.Psychothérapeutes",1
BS,2001,"Santé, travail, droit des assurances sociales, logement, homes.Assistance.Homes.Etablissements pour personnes âgées",1
BS,2002,Etat,1
BS,2002,Etat.Autorités.Gouvernement et administration.Administration.Commissions,1
BS,2002,"Enseignement, sciences, documentation et culture.Degré tertiaire: universités.Faculté de sciences naturelles",1
BS,2002,"Enseignement, sciences, documentation et culture.Degré tertiaire: universités.Faculté de médecine humaine et vétérinaire",3
BS,2002,"Enseignement, sciences, documentation et culture.Corps enseignant.Formation",1
BS,2003,"Enseignement, sciences, documentation et culture.Degré tertiaire: universités.Faculté de sciences économiques",2
BS,2003,"Enseignement, sciences, documentation et culture.Degré tertiaire: universités.Faculté de sciences naturelles",1
BS,2003,"Enseignement, sciences, documentation et culture.Degré tertiaire: Ecoles supérieures",1
BS,2003,"Enseignement, sciences, documentation et culture.Corps enseignant.Formation",1
BS,2003,"Aménagement du territoire et constructions, expropriation, travaux publics, énergie, transports, environnement",1
BS,2003,"Aménagement du territoire et constructions, expropriation, travaux publics, énergie, transports, environnement.Travaux publics.Bâtiments et terrains publics",1
BS,2003,"Santé, travail, droit des assurances sociales, logement, homes.Santé.Professions médicales.Psychothérapeutes",1
BS,2003,"Economie.Commerce.Foires, marchés",1
BS,2004,Droit civil.Dispositions générales d'introduction du code des obligations.Des divers contrats.Contrat de travail.Conventions collectives.Déclaration de force obligatoire générale,1
BS,2004,"Enseignement, sciences, documentation et culture.Degré tertiaire: universités.Faculté de droit",1
BS,2004,"Enseignement, sciences, documentation et culture.Degré tertiaire: universités.Faculté de théologie",2
BS,2004,"Enseignement, sciences, documentation et culture.Degré tertiaire: universités.Faculté de philosophie",1
BS,2004,"Enseignement, sciences, documentation et culture.Degré tertiaire: universités.Faculté de médecine humaine et vétérinaire",2
BS,2004,"Enseignement, sciences, documentation et culture.Corps enseignant.Personnel des universités",1
BS,2004,"Enseignement, sciences, documentation et culture.Assurance de la qualité, surveillance, direction.Bâtiments scolaires",1
BS,2004,"Enseignement, sciences, documentation et culture.Documentation.Bibliothèques",1
BS,2004,"Santé, travail, droit des assurances sociales, logement, homes",1
BS,2004,"Santé, travail, droit des assurances sociales, logement, homes.Assistance.Protection de la jeunesse, aide à la jeunesse",1
BS,2005,Droit civil.Dispositions générales d'introduction du code des obligations.Des divers contrats.Contrat de travail.Conventions collectives.Déclaration de force obligatoire générale,1
BS,2005,"Enseignement, sciences, documentation et culture.Degré tertiaire: universités.Faculté de droit",1
BS,2005,"Enseignement, sciences, documentation et culture.Degré tertiaire: universités.Faculté de sciences économiques",2
BS,2005,"Santé, travail, droit des assurances sociales, logement, homes",1
BS,2005,"Santé, travail, droit des assurances sociales, logement, homes.Santé.Hygiène.Denrées alimentaires, objets d'usage courant.Viandes.Abattoirs",1
BS,2005,"Santé, travail, droit des assurances sociales, logement, homes.Santé.Hygiène.Enfouissement des déchets carnés",1
BS,2005,Economie.Agriculture.Assurances des animaux,1
BS,2006,"Enseignement, sciences, documentation et culture.Degré prescolaire, école primaire, degré secondaire I.Ecole enfantine",1
BS,2006,"Enseignement, sciences, documentation et culture.Degré tertiaire: universités.Faculté de droit",1
BS,2006,"Enseignement, sciences, documentation et culture.Degré tertiaire: universités.Faculté de philosophie",1
BS,2006,"Enseignement, sciences, documentation et culture.Degré tertiaire: universités.Faculté de médecine humaine et vétérinaire",2
BS,2006,"Santé, travail, droit des assurances sociales, logement, homes.Santé.Hygiène.Alimentation en eau",1
BS,2007,"Enseignement, sciences, documentation et culture.Degré tertiaire: universités.Faculté de médecine humaine et vétérinaire",1
BS,2007,"Enseignement, sciences, documentation et culture.Assurance de la qualité, surveillance, direction.Matériel scolaire",1
BS,2008,Etat,1
BS,2008,"Enseignement, sciences, documentation et culture.Degré tertiaire: universités.Faculté de sciences économiques",1
BS,2008,"Enseignement, sciences, documentation et culture.Degré tertiaire: Hautes écoles.Pédagogie",1
BS,2008,"Aménagement du territoire et constructions, expropriation, travaux publics, énergie, transports, environnement",1
BS,2009,"Enseignement, sciences, documentation et culture.Degré tertiaire: universités.Faculté de médecine humaine et vétérinaire",2
BS,2009,"Enseignement, sciences, documentation et culture.Assurance de la qualité, surveillance, direction.Autorités scolaires",1
BS,2010,"Aménagement du territoire et constructions, expropriation, travaux publics, énergie, transports, environnement.Transports.Navigation.Impôts et taxes sur les bateaux",1
BS,2012,"Droit civil.Dispositions d'introduction du code civil.Droit des personnes, état civil.Fondations, surveillance.Fondations LPP",2
BS,2012,"Enseignement, sciences, documentation et culture.Degré prescolaire, école primaire, degré secondaire I.Ecole primaire, degré secondaire I",1
BS,2012,"Aménagement du territoire et constructions, expropriation, travaux publics, énergie, transports, environnement.Protection de l'environnement.Déchets",1
BS,2012,"Santé, travail, droit des assurances sociales, logement, homes.Droit des assurances sociales.Prestations complémentaires",1
BS,2013,Droit civil.Dispositions générales d'introduction du code des obligations.Des divers contrats.Contrat de travail.Conventions collectives.Déclaration de force obligatoire générale,1
BS,2016,Etat.Dispositions générales.Etablissement et séjour.Etablissement et séjour des étrangers.asile,1
BS,2016,"Enseignement, sciences, documentation et culture.Degré prescolaire, école primaire, degré secondaire I.Ecole primaire, degré secondaire I",1
BS,2017,"Santé, travail, droit des assurances sociales, logement, homes",1
BS,2018,"Aménagement du territoire et constructions, expropriation, travaux publics, énergie, transports, environnement.Aménagement du territoire et constructions.Plans",2
BS,2019,"Santé, travail, droit des assurances sociales, logement, homes",1
BS,2020,Etat,1
BS,2020,"Santé, travail, droit des assurances sociales, logement, homes.Santé.Lutte contre les maladies.Epidémies, pandémies",2
BS,2020,"Santé, travail, droit des assurances sociales, logement, homes.Droit des assurances sociales.Prestations complémentaires",1
BS,2021,"Enseignement, sciences, documentation et culture.Art, culture, sport.Art.Cinéma, théâtre, divertissement",1
BS,2021,"Santé, travail, droit des assurances sociales, logement, homes",1
BS,2021,"Santé, travail, droit des assurances sociales, logement, homes.Santé.Lutte contre les maladies.Epidémies, pandémies",1
BS,2022,"Aménagement du territoire et constructions, expropriation, travaux publics, énergie, transports, environnement.Aménagement du territoire et constructions.Plans",1
BS,2025,Droit pénal.Procédure pénale.Aide aux victimes d'infractions,1
BS,2025,"Santé, travail, droit des assurances sociales, logement, homes",1
BS,2026,"Aménagement du territoire et constructions, expropriation, travaux publics, énergie, transports, environnement.Aménagement du territoire et constructions.Plans",1
FR,1832,Etat,1
FR,1848,"Etat.Autorités.Organisation judiciaire.Autorités judiciaires.Tribunaux de district / d'arrondissement, juges de paix",1
FR,1866,Etat.Communes.Fusions communales,1
FR,1867,Etat.Communes.Fusions communales,1
FR,1873,Etat.Eglise et Etat.Eglise catholique romaine,1
FR,1879,Etat,1
FR,1880,"Santé, travail, droit des assurances sociales, logement, homes.Droit du travail.Employés.Dimanches et jours fériés",1
FR,1899,"Enseignement, sciences, documentation et culture",2
FR,1917,Droit civil,1
FR,1917,"Aménagement du territoire et constructions, expropriation, travaux publics, énergie, transports, environnement.Travaux publics.Aménagement des eaux.Utilisation des eaux",1
FR,1918,Droit civil,1
FR,1920,"Défense nationale, protection de la population, police",1
FR,1924,Etat.Autorités.Gouvernement et administration.Emoluments administratifs,1
FR,1924,"Finances, Impôts, monopoles, entreprises d'état.Finances.Budget, comptes",1
FR,1926,"Santé, travail, droit des assurances sociales, logement, homes.Droit du travail.Employés.Sécurité",1
FR,1928,"Finances, Impôts, monopoles, entreprises d'état.Impôts.Impôts sur les successions et les donations",1
FR,1929,Economie,1
FR,1930,"Santé, travail, droit des assurances sociales, logement, homes.Droit du travail.Employés.Dimanches et jours fériés",1
FR,1931,"Aménagement du territoire et constructions, expropriation, travaux publics, énergie, transports, environnement.Expropriation",1
FR,1934,Etat.Autorités.Gouvernement et administration.Emoluments administratifs,1
FR,1935,"Economie.Arts et métiers.Services.Institutions de crédit / assurances.Banques, bourses",1
FR,1938,"Santé, travail, droit des assurances sociales, logement, homes.Droit du travail.Employés.Sécurité",1
FR,1938,Economie.Agriculture.Production animale.Commerce du bétail,1
FR,1943,Etat.Dispositions générales.Armoiries,1
FR,1946,"Santé, travail, droit des assurances sociales, logement, homes.Assistance.Donations et collectes publiques",1
FR,1950,Etat.Autorités.Gouvernement et administration.Procédure administrative,1
FR,1953,Etat.Autorités.Gouvernement et administration.Gouvernement.Préfets,1
FR,1954,Etat.Communes.Contributions financières des communes,1
FR,1954,Economie.Agriculture.Epizooties,1
FR,1957,Droit civil.Dispositions générales d'introduction du code des obligations.Des divers contrats.Contrat de travail.Conventions collectives.Déclaration de force obligatoire générale,1
FR,1957,"Défense nationale, protection de la population, police.Sécurité intérieure.Maintien de la tranquillité et de l'ordre public.Domaine public",1
FR,1961,"Défense nationale, protection de la population, police",1
FR,1962,Economie.Agriculture.Apiculture,1
FR,1963,"Aménagement du territoire et constructions, expropriation, travaux publics, énergie, transports, environnement.Travaux publics.Bâtiments et terrains publics",1
FR,1963,Economie.Agriculture.Crédit agricole,1
FR,1964,Etat,1
FR,1964,Droit civil,1
FR,1966,Etat,1
FR,1966,"Droit civil.Procédure civile.Emoluments, frais",1
FR,1966,"Défense nationale, protection de la population, police",1
FR,1966,"Aménagement du territoire et constructions, expropriation, travaux publics, énergie, transports, environnement",1
FR,1967,"Défense nationale, protection de la population, police.Protection de la population.Protection contre les incendies / éléments naturels.Protection contre le feu, pompiers",1
FR,1968,Droit pénal.Amendes d'ordre,1
FR,1968,"Aménagement du territoire et constructions, expropriation, travaux publics, énergie, transports, environnement",1
FR,1969,Droit pénal.Procédure pénale.Emoluments,1
FR,1971,"Enseignement, sciences, documentation et culture.Assurance de la qualité, surveillance, direction.Bâtiments scolaires",1
FR,1971,"Aménagement du territoire et constructions, expropriation, travaux publics, énergie, transports, environnement",1
FR,1971,"Santé, travail, droit des assurances sociales, logement, homes.Droit des assurances sociales.Prestations complémentaires",1
FR,1972,Droit civil,1
FR,1972,Droit pénal.Amendes d'ordre,1
FR,1972,"Enseignement, sciences, documentation et culture",1
FR,1972,"Santé, travail, droit des assurances sociales, logement, homes.Droit des assurances sociales.AVS/AI",1
FR,1973,"Enseignement, sciences, documentation et culture.Degré prescolaire, école primaire, degré secondaire I.Ecole enfantine",1
FR,1973,"Enseignement, sciences, documentation et culture.Degré prescolaire, école primaire, degré secondaire I.Ecole primaire, degré secondaire I",1
FR,1973,"Défense nationale, protection de la population, police.Sécurité intérieure.Maintien de la tranquillité et de l'ordre public.Domaine public",1
FR,1973,"Aménagement du territoire et constructions, expropriation, travaux publics, énergie, transports, environnement.Protection de l'environnement.Protection des eaux",1
FR,1973,"Aménagement du territoire et constructions, expropriation, travaux publics, énergie, transports, environnement.Protection de l'environnement.Produits toxiques et chimiques",1
FR,1973,"Aménagement du territoire et constructions, expropriation, travaux publics, énergie, transports, environnement.Protection de la nature et du paysage.Protection des animaux",1
FR,1973,Publications sans texte,1
FR,1974,Etat.Dispositions générales.Publications officielles.feuilles officielles,1
FR,1974,Etat.Professions juridiques.Avocats.Honoraires,1
FR,1974,"Droit civil.Dispositions d'introduction du code civil.Droits réels.Registre foncier, mensurations cadastrales",1
FR,1974,"Enseignement, sciences, documentation et culture.Corps enseignant.Traitement, indemnités",1
FR,1975,"Santé, travail, droit des assurances sociales, logement, homes",1
FR,1977,Etat.Autorités.Organisation judiciaire.Rémunération et indemnités des juges,2
FR,1977,Publications sans texte,2
FR,1978,"Finances, Impôts, monopoles, entreprises d'état.Impôts.Exonération et allégements fiscaux",1
FR,1978,"Aménagement du territoire et constructions, expropriation, travaux publics, énergie, transports, environnement",1
FR,1979,"Enseignement, sciences, documentation et culture.Degré prescolaire, école primaire, degré secondaire I.Ecole primaire, degré secondaire I",1
FR,1979,"Enseignement, sciences, documentation et culture.Pédagogie spécialisée.Ecoles spécialisées",1
FR,1979,"Aménagement du territoire et constructions, expropriation, travaux publics, énergie, transports, environnement.Travaux publics.Routes.Routes nationales",1
FR,1979,"Aménagement du territoire et constructions, expropriation, travaux publics, énergie, transports, environnement.Transports.Conduites",2
FR,1979,"Santé, travail, droit des assurances sociales, logement, homes.Santé.Soins à domicile",1
FR,1980,"Enseignement, sciences, documentation et culture.Documentation.Statistique",1
FR,1980,"Défense nationale, protection de la population, police",1
FR,1980,"Aménagement du territoire et constructions, expropriation, travaux publics, énergie, transports, environnement.Transports.Funiculaires, téléphériques, téléskis",1
FR,1980,"Santé, travail, droit des assurances sociales, logement, homes.Droit des assurances sociales.Caisses de compensation",1
FR,1981,Etat.Dispositions générales.Documents d'identité,1
FR,1981,"Enseignement, sciences, documentation et culture.Documentation.Statistique",1
FR,1981,"Aménagement du territoire et constructions, expropriation, travaux publics, énergie, transports, environnement",2
FR,1981,"Aménagement du territoire et constructions, expropriation, travaux publics, énergie, transports, environnement.Protection de l'environnement.Protection des eaux",1
FR,1981,"Aménagement du territoire et constructions, expropriation, travaux publics, énergie, transports, environnement.Protection de la nature et du paysage.Protection des animaux",1
FR,1982,"Enseignement, sciences, documentation et culture.Degré secondaire II: Formation professionnelle initiale.Solutions transitoires",1
FR,1982,"Défense nationale, protection de la population, police.Sécurité intérieure.Explosifs",1
FR,1982,"Finances, Impôts, monopoles, entreprises d'état.Impôts.Impôts sur les chiens",1
FR,1982,"Aménagement du territoire et constructions, expropriation, travaux publics, énergie, transports, environnement.Protection de l'environnement.Protection des eaux",1
FR,1982,"Aménagement du territoire et constructions, expropriation, travaux publics, énergie, transports, environnement.Protection de la nature et du paysage.Protection des plantes",2
FR,1982,"Santé, travail, droit des assurances sociales, logement, homes.Droit des assurances sociales.AVS/AI",1
FR,1983,"Défense nationale, protection de la population, police.Sécurité intérieure.Maintien de la tranquillité et de l'ordre public.Domaine public",1
FR,1983,"Finances, Impôts, monopoles, entreprises d'état.Impôts.Impôts sur le revenu et la fortune / impôts sur les bénéfices et les capitaux.Imputation forfaitaire d'impôt",1
FR,1983,"Aménagement du territoire et constructions, expropriation, travaux publics, énergie, transports, environnement.Protection de la nature et du paysage.Protection des monuments et des biens culturels",1
FR,1983,"Santé, travail, droit des assurances sociales, logement, homes",1
FR,1983,"Santé, travail, droit des assurances sociales, logement, homes.Droit du travail.Travail à domicile",1
FR,1984,Etat.Autorités.Gouvernement et administration.Administration.Commissions,1
FR,1984,"Enseignement, sciences, documentation et culture.Art, culture, sport.Sport",1
FR,1985,Etat.Autorités.Gouvernement et administration.Administration.Directions et offices,1
FR,1985,"Enseignement, sciences, documentation et culture.Degré tertiaire: universités.Faculté de théologie",1
FR,1985,"Aménagement du territoire et constructions, expropriation, travaux publics, énergie, transports, environnement.Expropriation",2
FR,1985,"Santé, travail, droit des assurances sociales, logement, homes",1
FR,1985,"Santé, travail, droit des assurances sociales, logement, homes.Santé.Professions médicales.Pédicure",1
FR,1985,"Santé, travail, droit des assurances sociales, logement, homes.Assistance.Conseil aux femmes enceintes",1
FR,1986,Etat,1
FR,1986,Etat.Dispositions générales.Etablissement et séjour.Etablissement et séjour Suisses.contrôle des habitants,1
FR,1986,"Etat.Professions juridiques.Notaires.Taxes, tarifs",1
FR,1986,Droit pénal,2
FR,1986,"Enseignement, sciences, documentation et culture",1
FR,1986,"Défense nationale, protection de la population, police.Défense.Administration militaire",1
FR,1986,"Santé, travail, droit des assurances sociales, logement, homes.Droit des assurances sociales.Caisses de compensation",1
FR,1987,"Etat.Autorités.Gouvernement et administration.Droit du personnel.Traitements, indemnités",1
FR,1987,"Finances, Impôts, monopoles, entreprises d'état.Impôts.Taxe foncière",1
FR,1987,"Aménagement du territoire et constructions, expropriation, travaux publics, énergie, transports, environnement.Protection de l'environnement.Lutte contre les dommages",1
FR,1987,"Aménagement du territoire et constructions, expropriation, travaux publics, énergie, transports, environnement.Protection de la nature et du paysage.Protection des monuments et des biens culturels",1
FR,1988,Etat.Professions juridiques.Avocats.Honoraires,1
FR,1988,"Etat.Professions juridiques.Notaires.Taxes, tarifs",1
FR,1988,Droit civil.Dispositions d'introduction du code civil.Droits réels.Acquisitions des terrains par des personnes domiciliées à l'étranger,1
FR,1988,Droit civil.Dispositions générales d'introduction du code des obligations.Des divers contrats.Contrat de travail.Contrats-type.Agriculture,1
FR,1988,"Enseignement, sciences, documentation et culture",1
FR,1988,"Défense nationale, protection de la population, police",1
FR,1988,"Aménagement du territoire et constructions, expropriation, travaux publics, énergie, transports, environnement",1
FR,1988,"Santé, travail, droit des assurances sociales, logement, homes.Santé.Prévention des dépendances.Alcoolisme",1
FR,1988,"Santé, travail, droit des assurances sociales, logement, homes.Droit des assurances sociales.Caisses de compensation",1
FR,1988,"Santé, travail, droit des assurances sociales, logement, homes.Assistance.Consultation familiale et matrimoniale",1
FR,1988,Economie.Agriculture.Culture des plantes.Lutte contre les parasites,1
FR,1989,"Enseignement, sciences, documentation et culture.Corps enseignant.Traitement, indemnités",1
FR,1989,Economie,1
FR,1990,"Etat.Autorités.Gouvernement et administration.Droit du personnel.Traitements, indemnités",2
FR,1990,Etat.Communes.Finances communales,1
FR,1990,"Enseignement, sciences, documentation et culture.Degré secondaire II.Ecoles supérieures de commerce, ecoles supérieures d'informatique",1
FR,1990,"Enseignement, sciences, documentation et culture.Contributions à la formation.Emoluments scolaires",1
FR,1990,"Aménagement du territoire et constructions, expropriation, travaux publics, énergie, transports, environnement.Protection de la nature et du paysage.Protection des monuments et des biens culturels",1
FR,1990,"Santé, travail, droit des assurances sociales, logement, homes",1
FR,1990,"Santé, travail, droit des assurances sociales, logement, homes.Santé.Prévention des accidents",1
FR,1991,"Etat.Autorités.Gouvernement et administration.Droit du personnel.Traitements, indemnités",1
FR,1991,Etat.Autorités.Gouvernement et administration.Droit du personnel.Places de stationnement,1
FR,1991,Etat.Autorités.Gouvernement et administration.Procédure administrative,1
FR,1991,"Enseignement, sciences, documentation et culture.Degré secondaire II.Ecole moyenne",1
FR,1991,"Défense nationale, protection de la population, police.Défense.Administration militaire",1
FR,1991,"Défense nationale, protection de la population, police.Protection de la population.Protection contre les incendies / éléments naturels.Protection contre le feu, pompiers",1
FR,1991,"Finances, Impôts, monopoles, entreprises d'état",1
FR,1991,"Aménagement du territoire et constructions, expropriation, travaux publics, énergie, transports, environnement",2
FR,1991,"Aménagement du territoire et constructions, expropriation, travaux publics, énergie, transports, environnement.Transports.Circulation routière.Impôts et taxes de la circulation",1
FR,1991,"Aménagement du territoire et constructions, expropriation, travaux publics, énergie, transports, environnement.Transports.Navigation.Impôts et taxes sur les bateaux",1
FR,1991,Economie,1
FR,1992,"Droit civil.Dispositions d'introduction du code civil.Droit des personnes, état civil.Fondations, surveillance.Fondations LPP",1
FR,1992,"Finances, Impôts, monopoles, entreprises d'état.Impôts.Taxe foncière",1
FR,1992,"Aménagement du territoire et constructions, expropriation, travaux publics, énergie, transports, environnement.Protection de l'environnement.Protection des eaux",1
FR,1992,"Aménagement du territoire et constructions, expropriation, travaux publics, énergie, transports, environnement.Protection de l'environnement.Lutte contre les dommages",1
FR,1992,"Santé, travail, droit des assurances sociales, logement, homes",2
FR,1993,"Etat.Autorités.Gouvernement et administration.Droit du personnel.Pensions, prestations d'assurance",2
FR,1993,Etat.Communes.Contributions financières des communes,1
FR,1993,Droit pénal.Amendes d'ordre,1
FR,1993,"Enseignement, sciences, documentation et culture.Degré prescolaire, école primaire, degré secondaire I.Ecole enfantine",1
FR,1993,"Enseignement, sciences, documentation et culture.Degré secondaire II: Formation professionnelle initiale.Orientation professionnelle",1
FR,1993,"Santé, travail, droit des assurances sociales, logement, homes.Santé.Hygiène.Enfouissement des déchets carnés",1
FR,1993,"Santé, travail, droit des assurances sociales, logement, homes.Assistance.Avances sur les pensions alimentaires",1
FR,1993,Economie.Agriculture.Culture des plantes.Vignoble,1
FR,1994,"Etat.Autorités.Gouvernement et administration.Droit du personnel.Pensions, prestations d'assurance",4
FR,1994,"Enseignement, sciences, documentation et culture.Degré tertiaire: Hautes écoles.Autres filières d'études",1
FR,1994,"Enseignement, sciences, documentation et culture.Contributions à la formation.Ecolages",2
FR,1994,"Finances, Impôts, monopoles, entreprises d'état",1
FR,1994,"Aménagement du territoire et constructions, expropriation, travaux publics, énergie, transports, environnement",1
FR,1994,"Aménagement du territoire et constructions, expropriation, travaux publics, énergie, transports, environnement.Aménagement du territoire et constructions.Plans",1
FR,1994,"Santé, travail, droit des assurances sociales, logement, homes.Santé.Professions médicales.Médecins",1
FR,1994,Economie,1
FR,1994,Economie.Agriculture.Mesures d'encouragement,1
FR,1995,Etat.Autorités.Gouvernement et administration.Administration.Directions et offices,1
FR,1995,"Etat.Autorités.Gouvernement et administration.Droit du personnel.Pensions, prestations d'assurance",1
FR,1995,"Finances, Impôts, monopoles, entreprises d'état.Finances.Contributions étatiques, subventions",2
FR,1995,"Finances, Impôts, monopoles, entreprises d'état.Impôts.Impôts sur le revenu et la fortune / impôts sur les bénéfices et les capitaux.Impôt fédéral",1
FR,1995,"Aménagement du territoire et constructions, expropriation, travaux publics, énergie, transports, environnement.Protection de la nature et du paysage.Protection de la nature",1
FR,1995,"Santé, travail, droit des assurances sociales, logement, homes",1
FR,1995,"Santé, travail, droit des assurances sociales, logement, homes.Santé.Laboratoires médicaux",1
FR,1995,Economie,1
FR,1996,"Etat.Dispositions générales.Droits fondamentaux, droits politiques.égalité entre hommes et femmes",1
FR,1996,Etat.Eglise et Etat.Eglise catholique romaine,1
FR,1996,Droit civil.Dispositions d'introduction du code civil.Droit des successions,1
FR,1996,Droit civil.Dispositions d'introduction du code civil.Droits réels.Estimation officielle des immeubles,1
FR,1996,"Enseignement, sciences, documentation et culture.Contributions à la formation.Ecolages",1
FR,1996,"Enseignement, sciences, documentation et culture.Documentation.Archives",1
FR,1996,"Défense nationale, protection de la population, police.Protection de la population.Protection contre les incendies / éléments naturels.Ramoneurs",1
FR,1996,"Finances, Impôts, monopoles, entreprises d'état.Impôts.Droits de mutation",1
FR,1996,"Santé, travail, droit des assurances sociales, logement, homes.Santé.Services psychiatriques",1
FR,1996,Economie.Commerce.Surveillance des prix,1
FR,1997,"Etat.Autorités.Gouvernement et administration.Droit du personnel.Traitements, indemnités",1
FR,1997,"Etat.Autorités.Gouvernement et administration.Droit du personnel.Pensions, prestations d'assurance",1
FR,1997,Etat.Eglise et Etat.Eglise évangélique réformée,1
FR,1997,"Enseignement, sciences, documentation et culture",1
FR,1997,"Enseignement, sciences, documentation et culture.Corps enseignant.Personnel des universités",2
FR,1997,"Aménagement du territoire et constructions, expropriation, travaux publics, énergie, transports, environnement.Transports.Circulation routière.Impôts et taxes de la circulation",1
FR,1997,"Santé, travail, droit des assurances sociales, logement, homes",1
FR,1998,Droit pénal.Procédure pénale.Emoluments,1
FR,1998,"Enseignement, sciences, documentation et culture.Degré prescolaire, école primaire, degré secondaire I.Ecole enfantine",1
FR,1998,"Défense nationale, protection de la population, police.Sécurité intérieure.Police.Police cantonale",1
FR,1998,"Défense nationale, protection de la population, police.Sécurité intérieure.Entreprises de sécurité",1
FR,1998,"Aménagement du territoire et constructions, expropriation, travaux publics, énergie, transports, environnement.Protection de l'environnement.Protection des eaux",1
FR,1998,"Aménagement du territoire et constructions, expropriation, travaux publics, énergie, transports, environnement.Protection de la nature et du paysage.Champignons",1
FR,1998,"Santé, travail, droit des assurances sociales, logement, homes.Santé.Etablissements hospitaliers, cliniques.Hôpitaux cantonaux",1
FR,1998,"Santé, travail, droit des assurances sociales, logement, homes.Santé.Professions médicales.Vétérinaires",1
FR,1998,Economie.Agriculture.Mesures d'encouragement,1
FR,1998,Economie.Agriculture.Apiculture,1
FR,1999,Etat.Dispositions générales.Etablissement et séjour.Etablissement et séjour des étrangers.intégration,1
FR,1999,"Etat.Autorités.Gouvernement et administration.Droit du personnel.Traitements, indemnités",1
FR,1999,"Finances, Impôts, monopoles, entreprises d'état.Finances.Contributions étatiques, subventions",1
FR,1999,"Aménagement du territoire et constructions, expropriation, travaux publics, énergie, transports, environnement",1
FR,1999,"Aménagement du territoire et constructions, expropriation, travaux publics, énergie, transports, environnement.Protection de la nature et du paysage.Champignons",1
FR,1999,"Santé, travail, droit des assurances sociales, logement, homes.Santé.Etablissements hospitaliers, cliniques.Cliniques psychiatriques",1
FR,2000,Etat.Eglise et Etat.Autres religions,2
FR,2000,Etat.Professions juridiques.Avocats.Assistance judiciaire,2
FR,2000,Droit pénal,1
FR,2000,"Enseignement, sciences, documentation et culture.Documentation.Statistique",1
FR,2000,"Enseignement, sciences, documentation et culture.Documentation.Archives",2
FR,2000,"Défense nationale, protection de la population, police.Sécurité intérieure.Police.Taxes",1
FR,2000,"Aménagement du territoire et constructions, expropriation, travaux publics, énergie, transports, environnement.Protection de l'environnement.Protection des eaux",1
FR,2000,"Santé, travail, droit des assurances sociales, logement, homes",1
FR,2000,"Santé, travail, droit des assurances sociales, logement, homes.Santé.Professions médicales.Médecins",1
FR,2000,"Santé, travail, droit des assurances sociales, logement, homes.Santé.Lutte contre les maladies.Epidémies, pandémies",1
FR,2000,"Santé, travail, droit des assurances sociales, logement, homes.Santé.Hygiène.Inhumations, cimetières",1
FR,2000,Economie,1
FR,2001,Etat.Communes.Finances communales,1
FR,2001,Droit civil.Dispositions d'introduction du code civil.Droit des successions,1
FR,2001,"Enseignement, sciences, documentation et culture.Art, culture, sport.Encouragement à la culture",1
FR,2001,"Défense nationale, protection de la population, police",2
FR,2001,"Défense nationale, protection de la population, police.Sécurité intérieure.Armes et munitions",1
FR,2001,"Finances, Impôts, monopoles, entreprises d'état",1
FR,2001,"Aménagement du territoire et constructions, expropriation, travaux publics, énergie, transports, environnement.Aménagement du territoire et constructions.Plans",1
FR,2001,"Santé, travail, droit des assurances sociales, logement, homes.Santé.Professions médicales.Personnel soignant",1
FR,2001,"Santé, travail, droit des assurances sociales, logement, homes.Santé.Soins à domicile",1
FR,2001,Economie.Agriculture.Culture des plantes.Lutte contre les parasites,1
FR,2002,"Droit civil.Dispositions d'introduction du code civil.Droits réels.Registre foncier, mensurations cadastrales",1
FR,2002,"Enseignement, sciences, documentation et culture.Documentation.Archives",1
FR,2003,Etat.Autorités.Gouvernement et administration.Emoluments administratifs,1
FR,2004,Etat.Eglise et Etat.Eglise catholique romaine,1
FR,2004,Etat.Eglise et Etat.Eglise évangélique réformée,1
FR,2004,"Enseignement, sciences, documentation et culture",1
FR,2005,Etat.Eglise et Etat.Eglise catholique romaine,1
FR,2005,"Défense nationale, protection de la population, police.Protection de la population.Protection civile.Financement",1
FR,2009,Etat.Autorités.Protection des données,1
FR,2009,Etat.Eglise et Etat.Autres religions,1
FR,2010,"Enseignement, sciences, documentation et culture",1
FR,2010,"Aménagement du territoire et constructions, expropriation, travaux publics, énergie, transports, environnement.Protection de la nature et du paysage.Protection de la nature",1
FR,2011,Etat.Autorités.Gouvernement et administration.Administration.Directions et offices,1
FR,2011,"Droit civil.Dispositions d'introduction du code civil.Droit des personnes, état civil.Fondations, surveillance.Fondations LPP",1
FR,2012,"Etat.Autorités.Ombudsman, médiateur",1
FR,2013,Etat.Autorités.Gouvernement et administration.Emoluments administratifs,1
FR,2015,Etat.Dispositions générales.Information du public,1
FR,2015,Droit civil,1
FR,2016,Etat.Autorités.Gouvernement et administration.New Public Management,1
FR,2016,Etat.Autorités.Protection des données,1
FR,2016,"Etat.Autorités.Organisation judiciaire.Autorités judiciaires.Cours supérieures, tribunaux fédéraux",1
FR,2020,Droit pénal,1
FR,2020,"Enseignement, sciences, documentation et culture",1
FR,2020,"Santé, travail, droit des assurances sociales, logement, homes.Santé.Etablissements hospitaliers, cliniques.Cliniques psychiatriques",1
FR,2020,Publications sans texte,1
FR,2021,Publications sans texte,1
FR,2022,"Défense nationale, protection de la population, police.Protection de la population.Protection contre les incendies / éléments naturels.Protection contre le feu, pompiers",1
FR,2023,Publications sans texte,1
FR,unknown,Etat.Dispositions générales.Etablissement et séjour.Etablissement et séjour des étrangers.asile,3
FR,unknown,"Etat.Dispositions générales.Droits fondamentaux, droits politiques.égalité entre hommes et femmes",1
FR,unknown,"Etat.Autorités.Gouvernement et administration.Droit du personnel.Pensions, prestations d'assurance",1
FR,unknown,Etat.Autorités.Gouvernement et administration.Procédure administrative,1
FR,unknown,"Etat.Autorités.Organisation judiciaire.Autorités judiciaires.Cours supérieures, tribunaux fédéraux",1
FR,unknown,"Etat.Autorités.Organisation judiciaire.Autorités judiciaires.Tribunaux administratifs, des assurances et des assurances sociales",1
FR,unknown,"Etat.Autorités.Organisation judiciaire.Autorités judiciaires.Prud'hommes, Tribunaux des baux à loyer",3
FR,unknown,Etat.Communes.Contributions financières des communes,1
FR,unknown,Etat.Professions juridiques.Avocats.Honoraires,1
FR,unknown,Etat.Professions juridiques.Avocats.Assistance judiciaire,1
FR,unknown,Etat.Professions juridiques.Notaires.Formation,1
FR,unknown,"Droit civil.Dispositions d'introduction du code civil.Droit des personnes, état civil.Fondations, surveillance.Fondations LPP",1
FR,unknown,Droit civil.Dispositions d'introduction du code civil.Droits réels.Acquisitions des terrains par des personnes domiciliées à l'étranger,2
FR,unknown,Droit civil.Dispositions générales d'introduction du code des obligations.Des divers contrats.Bail à loyer et à ferme.Bail à ferme agricole,2
FR,unknown,Droit civil.Concurrence déloyale / cartels,2
FR,unknown,Droit civil.Arbitrage,1
FR,unknown,Droit pénal.Procédure pénale.Aide aux victimes d'infractions,1
FR,unknown,"Enseignement, sciences, documentation et culture.Degré secondaire II: Formation professionnelle initiale.Orientation professionnelle",3
FR,unknown,"Enseignement, sciences, documentation et culture.Degré tertiaire: universités.Faculté de théologie",1
FR,unknown,"Enseignement, sciences, documentation et culture.Degré tertiaire: Hautes écoles.Economie",2
FR,unknown,"Enseignement, sciences, documentation et culture.Pédagogie spécialisée.Ecoles spécialisées",1
FR,unknown,"Enseignement, sciences, documentation et culture.Assurance de la qualité, surveillance, direction.Médecine scolaire, services psychologiques scolaires",1
FR,unknown,"Enseignement, sciences, documentation et culture.Assurance de la qualité, surveillance, direction.Assurance scolaire",2
FR,unknown,"Enseignement, sciences, documentation et culture.Reconnaissance des diplômes",1
FR,unknown,"Enseignement, sciences, documentation et culture.Sport scolaire",2
FR,unknown,"Enseignement, sciences, documentation et culture.Documentation.Archives",1
FR,unknown,"Défense nationale, protection de la population, police.Protection de la population.Protection contre les incendies / éléments naturels.Protection contre le feu, pompiers",1
FR,unknown,"Défense nationale, protection de la population, police.Sécurité intérieure.Police.Personnel",1
FR,unknown,"Finances, Impôts, monopoles, entreprises d'état.Impôts.Impôts sur le revenu et la fortune / impôts sur les bénéfices et les capitaux.Impôt ecclésiastique",1
FR,unknown,"Finances, Impôts, monopoles, entreprises d'état.Impôts.Droits de mutation",1
FR,unknown,"Finances, Impôts, monopoles, entreprises d'état.Monopoles, régales, entreprises d'état.Mines",2
FR,unknown,"Finances, Impôts, monopoles, entreprises d'état.Entreprises d'Etat.Banques cantonales",1
FR,unknown,"Aménagement du territoire et constructions, expropriation, travaux publics, énergie, transports, environnement.Energie.Forces hydrauliques",1
FR,unknown,"Aménagement du territoire et constructions, expropriation, travaux publics, énergie, transports, environnement.Transports.Transports publics.Transports ferroviaires",1
FR,unknown,"Aménagement du territoire et constructions, expropriation, travaux publics, énergie, transports, environnement.Transports.Conduites",1
FR,unknown,"Aménagement du territoire et constructions, expropriation, travaux publics, énergie, transports, environnement.Protection de l'environnement.Protection des eaux",1
FR,unknown,"Aménagement du territoire et constructions, expropriation, travaux publics, énergie, transports, environnement.Protection de l'environnement.Lutte contre les dommages",1
FR,unknown,"Aménagement du territoire et constructions, expropriation, travaux publics, énergie, transports, environnement.Protection de la nature et du paysage.Protection du paysage",1
FR,unknown,"Aménagement du territoire et constructions, expropriation, travaux publics, énergie, transports, environnement.Protection de la nature et du paysage.Protection des animaux",2
FR,unknown,"Aménagement du territoire et constructions, expropriation, travaux publics, énergie, transports, environnement.Protection de la nature et du paysage.Protection des monuments et des biens culturels",1
FR,unknown,"Santé, travail, droit des assurances sociales, logement, homes.Santé.Etablissements hospitaliers, cliniques.Hôpitaux cantonaux",1
FR,unknown,"Santé, travail, droit des assurances sociales, logement, homes.Santé.Soins à domicile",1
FR,unknown,"Santé, travail, droit des assurances sociales, logement, homes.Droit du travail.Employés.Dimanches et jours fériés",1
FR,unknown,"Santé, travail, droit des assurances sociales, logement, homes.Droit du travail.Marché du travail.Lutte contre les crises, réserves de crise bénéficiant d'allégements fiscaux",1
FR,unknown,"Santé, travail, droit des assurances sociales, logement, homes.Droit des assurances sociales.AVS/AI",2
FR,unknown,"Santé, travail, droit des assurances sociales, logement, homes.Droit des assurances sociales.Allocations familiales.Travailleurs agricoles",1
FR,unknown,"Santé, travail, droit des assurances sociales, logement, homes.Droit des assurances sociales.Assurance-chômage",1
FR,unknown,"Santé, travail, droit des assurances sociales, logement, homes.Assistance.Homes.Etablissements pour personnes âgées",1
FR,unknown,Economie.Agriculture.Droit foncier rural,1
FR,unknown,Economie.Agriculture.Améliorations foncières,1
FR,unknown,Economie.Agriculture.Formation agricole.Ecole agricole,1
FR,unknown,Economie.Agriculture.Apiculture,1
FR,unknown,"Economie.Arts et métiers.Services.Institutions de crédit / assurances.Banques, bourses",1
FR,unknown,Economie.Commerce.Surveillance des prix,1
FR,unknown,Publications sans texte,62
GE,1815,Non classé,1
GE,1961,Etat,1
GE,1982,"Défense nationale, protection de la population, police.Sécurité intérieure.Police.Personnel",2
GE,1987,"Aménagement du territoire et constructions, expropriation, travaux publics, énergie, transports, environnement",1
GE,1996,"Défense nationale, protection de la population, police.Protection de la population.Protection contre les incendies / éléments naturels.Protection contre le feu, pompiers",1
GE,1999,"Santé, travail, droit des assurances sociales, logement, homes.Santé.Urgences, ambulances",1
GE,2000,Droit civil.Dispositions générales d'introduction du code des obligations.Des divers contrats.Contrat de travail.Contrats-type.Agriculture,2
GE,2000,"Santé, travail, droit des assurances sociales, logement, homes",3
GE,2002,"Santé, travail, droit des assurances sociales, logement, homes",1
GE,2003,"Santé, travail, droit des assurances sociales, logement, homes",2
GE,2004,Droit civil.Dispositions générales d'introduction du code des obligations.Des divers contrats.Contrat de travail.Contrats-type.Employés de maison,1
GE,2004,"Finances, Impôts, monopoles, entreprises d'état.Impôts.Impôts sur les successions et les donations",1
GE,2004,"Santé, travail, droit des assurances sociales, logement, homes",6
GE,2005,Droit pénal,1
GE,2006,"Santé, travail, droit des assurances sociales, logement, homes",3
GE,2007,"Santé, travail, droit des assurances sociales, logement, homes",3
GE,2009,Etat.Communes.Finances communales,1
GE,2013,"Santé, travail, droit des assurances sociales, logement, homes",2
GE,2014,"Santé, travail, droit des assurances sociales, logement, homes",1
GE,2016,"Santé, travail, droit des assurances sociales, logement, homes",1
GE,2019,"Santé, travail, droit des assurances sociales, logement, homes",1
GE,2021,"Santé, travail, droit des assurances sociales, logement, homes",1
GE,2021,"Santé, travail, droit des assurances sociales, logement, homes.Santé.Soins à domicile",1
GE,2022,"Santé, travail, droit des assurances sociales, logement, homes",1
GL,1800,"Finances, Impôts, monopoles, entreprises d'état.Impôts.Impôts sur le revenu et la fortune / impôts sur les bénéfices et les capitaux.Impôt à la source",1
GL,1807,"Enseignement, sciences, documentation et culture.Contributions à la formation.Bourses d'études",1
GL,1859,"Enseignement, sciences, documentation et culture.Contributions à la formation.Bourses d'études",1
GL,1872,"Aménagement du territoire et constructions, expropriation, travaux publics, énergie, transports, environnement",1
GL,1901,"Droit civil.Procédure civile.Emoluments, frais",1
GL,1906,"Aménagement du territoire et constructions, expropriation, travaux publics, énergie, transports, environnement.Energie.Forces hydrauliques",1
GL,1906,"Economie.Arts et métiers.Services.Institutions de crédit / assurances.Banques, bourses",1
GL,1910,"Aménagement du territoire et constructions, expropriation, travaux publics, énergie, transports, environnement.Energie.Approvisionnement en énergie",1
GL,1915,Droit civil.Dispositions d'introduction du code civil.Droit de la famille.Tutelle,1
GL,1918,"Aménagement du territoire et constructions, expropriation, travaux publics, énergie, transports, environnement.Travaux publics.Aménagement des eaux.Utilisation des eaux",1
GL,1923,"Défense nationale, protection de la population, police.Sécurité intérieure.Police.Personnel",1
GL,1928,"Aménagement du territoire et constructions, expropriation, travaux publics, énergie, transports, environnement.Travaux publics.Aménagement des eaux.Utilisation des eaux",3
GL,1933,"Aménagement du territoire et constructions, expropriation, travaux publics, énergie, transports, environnement.Energie.Approvisionnement en énergie",1
GL,1941,"Aménagement du territoire et constructions, expropriation, travaux publics, énergie, transports, environnement.Travaux publics.Aménagement des eaux.Utilisation des eaux",1
GL,1945,"Finances, Impôts, monopoles, entreprises d'état.Monopoles, régales, entreprises d'état.Pêche.Zones de pêche",1
GL,1946,"Finances, Impôts, monopoles, entreprises d'état.Finances.Contributions étatiques, subventions",1
GL,1946,"Aménagement du territoire et constructions, expropriation, travaux publics, énergie, transports, environnement.Travaux publics.Aménagement des eaux.Utilisation des eaux",1
GL,1947,"Aménagement du territoire et constructions, expropriation, travaux publics, énergie, transports, environnement.Travaux publics.Aménagement des eaux.Utilisation des eaux",1
GL,1949,"Défense nationale, protection de la population, police.Défense.Obligations militaires",1
GL,1957,"Aménagement du territoire et constructions, expropriation, travaux publics, énergie, transports, environnement.Travaux publics.Aménagement des eaux.Utilisation des eaux",1
GL,1957,"Aménagement du territoire et constructions, expropriation, travaux publics, énergie, transports, environnement.Energie.Electricité",1
GL,1959,Etat.Dispositions générales.Armoiries,1
GL,1959,"Aménagement du territoire et constructions, expropriation, travaux publics, énergie, transports, environnement.Travaux publics.Aménagement des eaux.Utilisation des eaux",1
GL,1960,"Aménagement du territoire et constructions, expropriation, travaux publics, énergie, transports, environnement",1
GL,1962,"Finances, Impôts, monopoles, entreprises d'état.Monopoles, régales, entreprises d'état.Pétrole",1
GL,1962,"Aménagement du territoire et constructions, expropriation, travaux publics, énergie, transports, environnement.Travaux publics.Aménagement des eaux.Utilisation des eaux",1
GL,1963,"Aménagement du territoire et constructions, expropriation, travaux publics, énergie, transports, environnement.Travaux publics.Aménagement des eaux.Utilisation des eaux",2
GL,1964,Economie.Agriculture.Formation agricole.Ecole agricole,1
GL,1965,"Santé, travail, droit des assurances sociales, logement, homes.Santé.Professions médicales.Sages-femmes",1
GL,1966,"Santé, travail, droit des assurances sociales, logement, homes.Droit des assurances sociales.Prestations complémentaires",1
GL,1966,Economie.Agriculture.Epizooties,1
GL,1969,Droit civil.Arbitrage,1
GL,1970,"Santé, travail, droit des assurances sociales, logement, homes.Santé.Etablissements hospitaliers, cliniques.Hôpitaux cantonaux",1
GL,1971,Etat.Autorités.Gouvernement et administration.Procédure administrative,1
GL,1971,"Enseignement, sciences, documentation et culture.Assurance de la qualité, surveillance, direction.Coordination",1
GL,1971,"Finances, Impôts, monopoles, entreprises d'état",1
GL,1971,"Finances, Impôts, monopoles, entreprises d'état.Finances.Contributions étatiques, subventions",1
GL,1971,"Aménagement du territoire et constructions, expropriation, travaux publics, énergie, transports, environnement",1
GL,1971,Economie.Arts et métiers.Services.Tourisme,1
GL,1972,Droit civil.Dispositions générales d'introduction du code des obligations.Des divers contrats.Contrat de travail.Contrats-type.Agriculture,1
GL,1972,"Enseignement, sciences, documentation et culture.Corps enseignant.Traitement, indemnités",1
GL,1972,"Enseignement, sciences, documentation et culture.Assurance de la qualité, surveillance, direction.Médecine scolaire, services psychologiques scolaires",1
GL,1973,"Etat.Dispositions générales.Droits fondamentaux, droits politiques.droits politiques.Landsgemeinde",1
GL,1973,Droit pénal,1
GL,1973,Economie.Promotion de l'économie,1
GL,1974,"Finances, Impôts, monopoles, entreprises d'état.Monopoles, régales, entreprises d'état.Régale des sels",1
GL,1974,"Aménagement du territoire et constructions, expropriation, travaux publics, énergie, transports, environnement",1
GL,1974,Economie.Agriculture.Lait,1
GL,1975,Etat.Dispositions générales.Publications officielles.Recueils de législation,1
GL,1975,Economie.Agriculture.Formation agricole.Ecole agricole,1
GL,1976,Droit pénal,1
GL,1976,"Enseignement, sciences, documentation et culture.Assurance de la qualité, surveillance, direction.Médecine scolaire, services psychologiques scolaires",1
GL,1976,"Défense nationale, protection de la population, police.Sécurité intérieure.Police.Coopération en matière de police",1
GL,1976,"Aménagement du territoire et constructions, expropriation, travaux publics, énergie, transports, environnement.Travaux publics.Aménagement des eaux.Utilisation des eaux",1
GL,1977,Droit civil.Procédure civile.Entraide judiciaire,1
GL,1977,Droit civil.Procédure civile.Exécution,1
GL,1977,"Défense nationale, protection de la population, police.Sécurité intérieure.Police.Coopération en matière de police",1
GL,1978,"Défense nationale, protection de la population, police.Protection de la population.Protection contre les incendies / éléments naturels.Assurances des bâtiments.Assurance contre les dommages causés par les éléments naturels",1
GL,1978,"Défense nationale, protection de la population, police.Sécurité intérieure.Police.Coopération en matière de police",2
GL,1978,"Aménagement du territoire et constructions, expropriation, travaux publics, énergie, transports, environnement.Travaux publics.Aménagement des eaux.Utilisation des eaux",1
GL,1978,"Aménagement du territoire et constructions, expropriation, travaux publics, énergie, transports, environnement.Protection de la nature et du paysage.Protection du paysage",1
GL,1980,"Finances, Impôts, monopoles, entreprises d'état",1
GL,1980,"Aménagement du territoire et constructions, expropriation, travaux publics, énergie, transports, environnement",1
GL,1980,"Aménagement du territoire et constructions, expropriation, travaux publics, énergie, transports, environnement.Protection de la nature et du paysage.Protection du paysage",1
GL,1980,"Aménagement du territoire et constructions, expropriation, travaux publics, énergie, transports, environnement.Protection de la nature et du paysage.Protection des animaux",2
GL,1981,Etat.Dispositions générales.Documents d'identité,1
GL,1981,"Etat.Autorités.Gouvernement et administration.Droit du personnel.Traitements, indemnités",1
GL,1981,"Enseignement, sciences, documentation et culture.Degré prescolaire, école primaire, degré secondaire I.Ecole enfantine",1
GL,1981,"Aménagement du territoire et constructions, expropriation, travaux publics, énergie, transports, environnement.Travaux publics.Aménagement des eaux.Utilisation des eaux",1
GL,1981,"Aménagement du territoire et constructions, expropriation, travaux publics, énergie, transports, environnement.Protection de la nature et du paysage.Protection du paysage",1
GL,1982,"Santé, travail, droit des assurances sociales, logement, homes",1
GL,1983,"Etat.Autorités.Gouvernement et administration.Droit du personnel.Traitements, indemnités",1
GL,1984,"Enseignement, sciences, documentation et culture",1
GL,1984,"Aménagement du territoire et constructions, expropriation, travaux publics, énergie, transports, environnement.Protection de la nature et du paysage.Protection du paysage",1
GL,1985,"Finances, Impôts, monopoles, entreprises d'état.Finances.Contributions étatiques, subventions",1
GL,1985,Economie,1
GL,1987,Etat.Autorités.Gouvernement et administration.Procédure administrative,1
GL,1987,"Enseignement, sciences, documentation et culture.Corps enseignant.Traitement, indemnités",1
GL,1988,Droit civil.Dispositions générales d'introduction du code des obligations.Des divers contrats.Contrat de travail.Contrats-type.Employés de maison,1
GL,1988,"Enseignement, sciences, documentation et culture.Degré prescolaire, école primaire, degré secondaire I.Ecole primaire, degré secondaire I",1
GL,1988,"Enseignement, sciences, documentation et culture.Pédagogie spécialisée.Ecoles spécialisées",1
GL,1988,"Enseignement, sciences, documentation et culture.Documentation.Bibliothèques",1
GL,1988,"Aménagement du territoire et constructions, expropriation, travaux publics, énergie, transports, environnement.Aménagement du territoire et constructions.Plans",1
GL,1990,Etat.Autorités.Parlement.Election du parlement,1
GL,1990,Etat.Eglise et Etat.Eglise catholique romaine,2
GL,1990,Etat.Eglise et Etat.Eglise évangélique réformée,2
GL,1990,"Aménagement du territoire et constructions, expropriation, travaux publics, énergie, transports, environnement.Protection de la nature et du paysage.Protection du paysage",1
GL,1991,Etat.Eglise et Etat.Eglise évangélique réformée,1
GL,1991,"Défense nationale, protection de la population, police",1
GL,1991,"Défense nationale, protection de la population, police.Sécurité intérieure.Police.Personnel",1
GL,1991,"Finances, Impôts, monopoles, entreprises d'état.Impôts.Taxe de séjour, taxes d'hébergement",1
GL,1991,"Aménagement du territoire et constructions, expropriation, travaux publics, énergie, transports, environnement.Protection de l'environnement.Déchets",1
GL,1991,Economie.Forêt.Formation professionnelle,1
GL,1992,Droit pénal,1
GL,1992,Droit pénal.Procédure pénale.Entraide judiciaire,1
GL,1992,"Finances, Impôts, monopoles, entreprises d'état.Entreprises d'Etat.Banques cantonales",1
GL,1993,Etat.Dispositions générales.Droit de cité,1
GL,1993,"Enseignement, sciences, documentation et culture.Formation continue (Degré quaternaire).Formation des adultes",1
GL,1993,"Finances, Impôts, monopoles, entreprises d'état.Finances.Contributions étatiques, subventions",1
GL,1993,"Aménagement du territoire et constructions, expropriation, travaux publics, énergie, transports, environnement.Protection de la nature et du paysage.Protection de la nature",1
GL,1994,"Aménagement du territoire et constructions, expropriation, travaux publics, énergie, transports, environnement.Travaux publics.Marchés publics",1
GL,1995,"Défense nationale, protection de la population, police.Protection de la population.Protection contre les incendies / éléments naturels.Ramoneurs",1
GL,1995,"Finances, Impôts, monopoles, entreprises d'état.Finances.Contributions étatiques, subventions",1
GL,1995,"Santé, travail, droit des assurances sociales, logement, homes",1
GL,1996,"Finances, Impôts, monopoles, entreprises d'état.Impôts.Impôts sur les chiens",1
GL,1996,"Aménagement du territoire et constructions, expropriation, travaux publics, énergie, transports, environnement.Protection de l'environnement.Protection des eaux",1
GL,1996,"Santé, travail, droit des assurances sociales, logement, homes.Santé.Etablissements hospitaliers, cliniques.Hôpitaux cantonaux",1
GL,1997,"Enseignement, sciences, documentation et culture.Degré prescolaire, école primaire, degré secondaire I.Ecole enfantine",1
GL,1997,"Finances, Impôts, monopoles, entreprises d'état.Finances.Contributions étatiques, subventions",1
GL,1997,Economie,1
GL,1998,"Enseignement, sciences, documentation et culture",1
GL,1998,"Enseignement, sciences, documentation et culture.Degré secondaire II.Ecole moyenne",1
GL,1998,"Finances, Impôts, monopoles, entreprises d'état",1
GL,1998,"Aménagement du territoire et constructions, expropriation, travaux publics, énergie, transports, environnement.Travaux publics.Aménagement des eaux.Utilisation des eaux",1
GL,1998,"Aménagement du territoire et constructions, expropriation, travaux publics, énergie, transports, environnement.Protection de la nature et du paysage.Protection des animaux",1
GL,1999,"Finances, Impôts, monopoles, entreprises d'état.Finances.Contributions étatiques, subventions",2
GL,1999,"Aménagement du territoire et constructions, expropriation, travaux publics, énergie, transports, environnement.Protection de l'environnement.Protection contre le bruit",1
GL,1999,"Santé, travail, droit des assurances sociales, logement, homes.Santé.Professions médicales.Personnel soignant",1
GL,2000,Etat,1
GL,2000,"Etat.Autorités.Gouvernement et administration.Droit du personnel.Pensions, prestations d'assurance",2
GL,2000,"Enseignement, sciences, documentation et culture.Corps enseignant.Prévoyance professionnelle, caisses de pensions",1
GL,2000,"Economie.Commerce.Marché intérieur, entraves techniques au commerce",1
GL,2001,Droit pénal,1
GL,2001,"Enseignement, sciences, documentation et culture",1
GL,2001,"Finances, Impôts, monopoles, entreprises d'état.Finances.Contributions étatiques, subventions",1
GL,2001,"Aménagement du territoire et constructions, expropriation, travaux publics, énergie, transports, environnement.Protection de la nature et du paysage.Protection du paysage",1
GL,2001,"Santé, travail, droit des assurances sociales, logement, homes",1
GL,2002,"Etat.Autorités.Gouvernement et administration.Droit du personnel.Traitements, indemnités",1
GL,2002,"Enseignement, sciences, documentation et culture.Contributions à la formation.Ecolages",1
GL,2002,"Aménagement du territoire et constructions, expropriation, travaux publics, énergie, transports, environnement",1
GL,2002,"Santé, travail, droit des assurances sociales, logement, homes",1
GL,2003,Etat.Dispositions générales.Publications officielles.Recueils de législation,1
GL,2003,"Défense nationale, protection de la population, police.Protection de la population.Protection contre les incendies / éléments naturels.Protection contre le feu, pompiers",1
GL,2003,"Défense nationale, protection de la population, police.Protection de la population.Protection contre les incendies / éléments naturels.Protection contre les incendies",1
GL,2003,"Défense nationale, protection de la population, police.Protection de la population.Protection contre les incendies / éléments naturels.Ramoneurs",1
GL,2003,"Finances, Impôts, monopoles, entreprises d'état",1
GL,2003,"Finances, Impôts, monopoles, entreprises d'état.Finances.Contributions étatiques, subventions",1
GL,2003,"Finances, Impôts, monopoles, entreprises d'état.Impôts.Impôts sur le revenu et la fortune / impôts sur les bénéfices et les capitaux.Impôt à la source",1
GL,2003,"Santé, travail, droit des assurances sociales, logement, homes.Droit des assurances sociales.Allocations familiales.Salariés et indépendants",1
GL,2003,Economie,1
GL,2004,Etat.Dispositions générales.Etablissement et séjour.Etablissement et séjour Suisses.contrôle des habitants,1
GL,2004,Etat.Professions juridiques.Avocats.Assistance judiciaire,1
GL,2004,"Enseignement, sciences, documentation et culture",1
GL,2004,"Aménagement du territoire et constructions, expropriation, travaux publics, énergie, transports, environnement.Aménagement du territoire et constructions.Plans",2
GL,2004,"Santé, travail, droit des assurances sociales, logement, homes.Santé.Professions médicales.Personnel soignant",2
GL,2005,"Droit civil.Dispositions d'introduction du code civil.Droit des personnes, état civil.Fondations, surveillance.Fondations LPP",1
GL,2005,Droit pénal.Amendes d'ordre,1
GL,2005,"Santé, travail, droit des assurances sociales, logement, homes.Droit des assurances sociales.LAMAL.Réduction des primes",1
GL,2006,Etat.Dispositions générales.Collaboration intercantonale,1
GL,2006,Etat.Communes.Finances communales,1
GL,2006,Etat.Communes.Fusions communales,1
GL,2006,"Aménagement du territoire et constructions, expropriation, travaux publics, énergie, transports, environnement.Travaux publics.Aménagement des eaux.Utilisation des eaux",1
GL,2006,"Aménagement du territoire et constructions, expropriation, travaux publics, énergie, transports, environnement.Energie.Forces hydrauliques",1
GL,2006,"Santé, travail, droit des assurances sociales, logement, homes",1
GL,2006,"Santé, travail, droit des assurances sociales, logement, homes.Santé.Etablissements hospitaliers, cliniques.Hôpitaux cantonaux",1
GL,2006,"Santé, travail, droit des assurances sociales, logement, homes.Droit des assurances sociales.LAMAL.Réduction des primes",1
GL,2008,"Aménagement du territoire et constructions, expropriation, travaux publics, énergie, transports, environnement.Travaux publics.Aménagement des eaux.Utilisation des eaux",2
GL,2008,"Santé, travail, droit des assurances sociales, logement, homes.Santé.Professions médicales.Personnel soignant",2
GL,2009,"Enseignement, sciences, documentation et culture.Documentation.Archives",1
GL,2009,"Enseignement, sciences, documentation et culture.Art, culture, sport.Sport",1
GL,2010,"Aménagement du territoire et constructions, expropriation, travaux publics, énergie, transports, environnement.Aménagement du territoire et constructions.Plans",1
GL,2010,"Aménagement du territoire et constructions, expropriation, travaux publics, énergie, transports, environnement.Energie.Forces hydrauliques",1
GL,2010,"Aménagement du territoire et constructions, expropriation, travaux publics, énergie, transports, environnement.Protection de la nature et du paysage.Protection du paysage",1
GL,2010,"Aménagement du territoire et constructions, expropriation, travaux publics, énergie, transports, environnement.Protection de la nature et du paysage.Protection de la nature",1
GL,2011,"Défense nationale, protection de la population, police.Sécurité intérieure.Police.Coopération en matière de police",1
GL,2012,Etat,1
GL,2012,"Enseignement, sciences, documentation et culture.Assurance de la qualité, surveillance, direction.Médecine scolaire, services psychologiques scolaires",2
GL,2013,"Enseignement, sciences, documentation et culture.Pédagogie spécialisée.Ecoles d'art et de sport",1
GL,2013,"Aménagement du territoire et constructions, expropriation, travaux publics, énergie, transports, environnement.Travaux publics.Aménagement des eaux.Utilisation des eaux",2
GL,2014,"Aménagement du territoire et constructions, expropriation, travaux publics, énergie, transports, environnement.Energie.Forces hydrauliques",2
GL,2014,"Santé, travail, droit des assurances sociales, logement, homes.Santé.Hygiène.Enfouissement des déchets carnés",1
GL,2015,"Aménagement du territoire et constructions, expropriation, travaux publics, énergie, transports, environnement.Energie.Forces hydrauliques",2
GL,2016,"Aménagement du territoire et constructions, expropriation, travaux publics, énergie, transports, environnement.Energie.Forces hydrauliques",1
GL,2016,"Santé, travail, droit des assurances sociales, logement, homes",1
GL,2017,"Aménagement du territoire et constructions, expropriation, travaux publics, énergie, transports, environnement.Energie.Forces hydrauliques",1
GL,2018,"Aménagement du territoire et constructions, expropriation, travaux publics, énergie, transports, environnement.Travaux publics.Aménagement des eaux.Utilisation des eaux",1
GL,2019,"Enseignement, sciences, documentation et culture",1
GL,2022,"Aménagement du territoire et constructions, expropriation, travaux publics, énergie, transports, environnement.Energie.Forces hydrauliques",1
GL,2022,"Aménagement du territoire et constructions, expropriation, travaux publics, énergie, transports, environnement.Protection de la nature et du paysage.Protection du paysage",1
GL,2023,"Défense nationale, protection de la population, police.Protection de la population.Protection contre les incendies / éléments naturels.Protection contre les incendies",1
GL,2023,"Aménagement du territoire et constructions, expropriation, travaux publics, énergie, transports, environnement.Protection de la nature et du paysage.Protection de la nature",1
GL,2024,Etat.Eglise et Etat.Eglise catholique romaine,1
GL,2024,"Finances, Impôts, monopoles, entreprises d'état",1
GL,2024,"Aménagement du territoire et constructions, expropriation, travaux publics, énergie, transports, environnement.Aménagement du territoire et constructions.Plans",2
GL,2026,"Enseignement, sciences, documentation et culture",2
GL,2026,"Enseignement, sciences, documentation et culture.Degré secondaire II: Formation professionnelle initiale.Solutions transitoires",1
GL,2026,"Enseignement, sciences, documentation et culture.Degré tertiaire: Ecoles supérieures",1
GL,2026,"Finances, Impôts, monopoles, entreprises d'état.Finances.Budget, comptes",1
GR,1913,"Droit civil.Dispositions d'introduction du code civil.Droits réels.Registre foncier, mensurations cadastrales",1
GR,1913,"Aménagement du territoire et constructions, expropriation, travaux publics, énergie, transports, environnement.Travaux publics.Aménagement des eaux.Corrections des eaux / Protection contre les crues",1
GR,1947,"Enseignement, sciences, documentation et culture.Pédagogie spécialisée.Intégration des écoliers étrangers",1
GR,1952,Etat.Dispositions générales.Armoiries,1
GR,1956,"Enseignement, sciences, documentation et culture",1
GR,1959,"Finances, Impôts, monopoles, entreprises d'état.Impôts.Interdiction des arrangements fiscaux",1
GR,1961,Etat.Autorités.Gouvernement et administration.Gouvernement.Pensions,1
GR,1961,"Finances, Impôts, monopoles, entreprises d'état.Finances.Contributions étatiques, subventions",1
GR,1964,"Santé, travail, droit des assurances sociales, logement, homes.Santé.Substances thérapeutiques, stupéfiants",1
GR,1967,"Enseignement, sciences, documentation et culture",1
GR,1969,Droit civil.Arbitrage,1
GR,1969,"Enseignement, sciences, documentation et culture.Art, culture, sport.Encouragement à la culture",1
GR,1970,"Défense nationale, protection de la population, police.Protection de la population.Protection contre les incendies / éléments naturels.Ramoneurs",1
GR,1971,Droit civil,1
GR,1971,"Santé, travail, droit des assurances sociales, logement, homes",1
GR,1972,Etat,1
GR,1972,"Enseignement, sciences, documentation et culture.Assurance de la qualité, surveillance, direction.Coordination",1
GR,1972,"Aménagement du territoire et constructions, expropriation, travaux publics, énergie, transports, environnement.Transports.Funiculaires, téléphériques, téléskis",1
GR,1973,"Enseignement, sciences, documentation et culture.Degré secondaire II.Ecole moyenne",1
GR,1974,Droit civil.Procédure civile.Entraide judiciaire,1
GR,1975,"Aménagement du territoire et constructions, expropriation, travaux publics, énergie, transports, environnement.Transports.Funiculaires, téléphériques, téléskis",1
GR,1975,Economie.Agriculture.Formation agricole.Ecole agricole,1
GR,1976,"Enseignement, sciences, documentation et culture.Formation continue (Degré quaternaire).Formation des adultes",1
GR,1977,Droit civil.Procédure civile.Exécution,1
GR,1977,"Défense nationale, protection de la population, police.Sécurité intérieure.Police.Coopération en matière de police",1
GR,1979,"Enseignement, sciences, documentation et culture.Assurance de la qualité, surveillance, direction.Bâtiments scolaires",1
GR,1980,"Aménagement du territoire et constructions, expropriation, travaux publics, énergie, transports, environnement.Aménagement du territoire et constructions.Equipement",1
GR,1981,Droit civil.Dispositions générales d'introduction du code des obligations.Des divers contrats.Contrat de travail.Conventions collectives.Déclaration de force obligatoire générale,1
GR,1982,"Droit civil.Dispositions d'introduction du code civil.Droit des personnes, état civil.Fondations, surveillance.Fondations LPP",1
GR,1982,"Aménagement du territoire et constructions, expropriation, travaux publics, énergie, transports, environnement.Protection de la nature et du paysage.Protection des animaux",1
GR,1983,"Enseignement, sciences, documentation et culture.Corps enseignant.Formation",1
GR,1986,Etat.Autorités.Gouvernement et administration.Administration.Départements,1
GR,1987,Droit civil.Dispositions générales d'introduction du code des obligations.Des divers contrats.Contrat de travail.Contrats-type.Employés de maison,1
GR,1987,"Finances, Impôts, monopoles, entreprises d'état.Finances.Contributions étatiques, subventions",1
GR,1988,"Enseignement, sciences, documentation et culture.Documentation.Musées",1
GR,1989,"Aménagement du territoire et constructions, expropriation, travaux publics, énergie, transports, environnement.Protection de la nature et du paysage.Protection des animaux",1
GR,1992,Droit pénal.Procédure pénale.Entraide judiciaire,1
GR,1992,"Enseignement, sciences, documentation et culture.Corps enseignant.Prévoyance professionnelle, caisses de pensions",1
GR,1993,"Enseignement, sciences, documentation et culture.Formation continue (Degré quaternaire).Formation des adultes",1
GR,1993,"Finances, Impôts, monopoles, entreprises d'état",1
GR,1993,Economie.Commerce.Poids et mesures. moyens de paiement,1
GR,1994,"Enseignement, sciences, documentation et culture.Degré prescolaire, école primaire, degré secondaire I.Ecole enfantine",1
GR,1994,"Enseignement, sciences, documentation et culture.Documentation.Bibliothèques",1
GR,1994,"Défense nationale, protection de la population, police",1
GR,1994,"Aménagement du territoire et constructions, expropriation, travaux publics, énergie, transports, environnement.Travaux publics.Marchés publics",1
GR,1994,"Santé, travail, droit des assurances sociales, logement, homes.Santé.Soins à domicile",1
GR,1994,"Santé, travail, droit des assurances sociales, logement, homes.Santé.Substances thérapeutiques, stupéfiants",1
GR,1995,"Enseignement, sciences, documentation et culture",1
GR,1995,"Enseignement, sciences, documentation et culture.Contributions à la formation.Emoluments scolaires",2
GR,1996,"Enseignement, sciences, documentation et culture.Degré secondaire II.Ecoles moyennes supérieures, écoles des culture générale, écoles de degré diplôme",1
GR,1996,"Enseignement, sciences, documentation et culture.Art, culture, sport.Encouragement à la culture",1
GR,1996,"Santé, travail, droit des assurances sociales, logement, homes.Santé.Professions médicales.Vétérinaires",1
GR,1996,Economie,2
GR,1997,"Enseignement, sciences, documentation et culture",1
GR,1997,"Aménagement du territoire et constructions, expropriation, travaux publics, énergie, transports, environnement.Aménagement du territoire et constructions.Plans",1
GR,1998,Droit civil.Dispositions générales d'introduction du code des obligations.Des divers contrats.Contrat de travail.Contrats-type.Agriculture,1
GR,1998,"Défense nationale, protection de la population, police",1
GR,1998,"Santé, travail, droit des assurances sociales, logement, homes",1
GR,1998,Economie.Commerce.Surveillance des prix,1
GR,1999,Droit civil.Dispositions d'introduction du code civil.Droits réels.Estimation officielle des immeubles,1
GR,1999,"Santé, travail, droit des assurances sociales, logement, homes",1
GR,1999,"Santé, travail, droit des assurances sociales, logement, homes.Santé.Hygiène.Denrées alimentaires, objets d'usage courant.Viandes.Abattoirs",1
GR,2001,"Aménagement du territoire et constructions, expropriation, travaux publics, énergie, transports, environnement.Travaux publics.Marchés publics",1
GR,2001,Economie,1
GR,2002,"Droit civil.Procédure civile.Emoluments, frais",1
GR,2002,"Santé, travail, droit des assurances sociales, logement, homes.Assistance.Homes.Etablissements pour personnes âgées",1
GR,2004,"Enseignement, sciences, documentation et culture.Contributions à la formation.Bourses d'études",1
GR,2004,"Santé, travail, droit des assurances sociales, logement, homes",1
GR,2005,"Droit civil.Dispositions d'introduction du code civil.Droit des personnes, état civil.Fondations, surveillance.Fondations LPP",1
GR,2005,"Finances, Impôts, monopoles, entreprises d'état.Finances.Péréquation financière.Coopération intercantonale avec compensation des charges",1
GR,2006,Economie,1
GR,2008,"Enseignement, sciences, documentation et culture.Art, culture, sport.Sport",1
GR,2008,"Santé, travail, droit des assurances sociales, logement, homes",1
GR,2009,"Enseignement, sciences, documentation et culture.Contributions à la formation.Bourses d'études",1
GR,2013,"Enseignement, sciences, documentation et culture.Degré tertiaire: Ecoles supérieures",1
GR,2019,"Aménagement du territoire et constructions, expropriation, travaux publics, énergie, transports, environnement.Travaux publics.Marchés publics",1
GR,2019,Economie,1
GR,2020,Economie,1
GR,2024,Droit civil,1
JU,1978,Etat.Dispositions générales.Droit de cité,1
JU,1978,Droit civil.Dispositions générales d'introduction du code des obligations.Des divers contrats.Contrat de travail.Contrats-type.Employés de maison,1
JU,1978,"Aménagement du territoire et constructions, expropriation, travaux publics, énergie, transports, environnement.Aménagement du territoire et constructions.Procédure",1
JU,1978,"Santé, travail, droit des assurances sociales, logement, homes.Logement.Logement dans les zones de montagne",1
JU,1978,Economie,1
JU,1980,"Etat.Autorités.Gouvernement et administration.Droit du personnel.Traitements, indemnités",1
JU,1981,"Etat.Autorités.Gouvernement et administration.Droit du personnel.Traitements, indemnités",2
JU,1982,"Etat.Autorités.Gouvernement et administration.Droit du personnel.Durée du travail, vacances, congés",1
JU,1982,Economie.Forêt.Personnel forestier,1
JU,1984,"Droit civil.Procédure civile.Emoluments, frais",1
JU,1985,"Enseignement, sciences, documentation et culture.Assurance de la qualité, surveillance, direction.Bâtiments scolaires",1
JU,1987,"Enseignement, sciences, documentation et culture.Documentation.Bibliothèques",2
JU,1989,Droit civil,1
JU,1994,"Droit civil.Dispositions d'introduction du code civil.Droit des personnes, état civil.Fondations, surveillance.Fondations LPP",1
JU,1994,"Enseignement, sciences, documentation et culture.Degré secondaire II.Ecole moyenne",1
JU,1995,Droit civil.Dispositions générales d'introduction du code des obligations.Des divers contrats.Contrat de travail.Contrats-type.Agriculture,1
JU,1997,"Enseignement, sciences, documentation et culture.Corps enseignant.Traitement, indemnités",1
JU,1999,"Etat.Autorités.Gouvernement et administration.Droit du personnel.Durée du travail, vacances, congés",1
JU,1999,"Défense nationale, protection de la population, police.Protection de la population.Protection contre les incendies / éléments naturels.Assurances des bâtiments.Assurance contre les dommages causés par les éléments naturels",1
JU,1999,Economie.Développement économiques dans les régions de montagne,1
JU,2000,"Enseignement, sciences, documentation et culture.Degré secondaire II: Formation professionnelle initiale.Passerelle",1
JU,2001,"Enseignement, sciences, documentation et culture.Pédagogie spécialisée.Enfants surdoués",2
JU,2002,"Enseignement, sciences, documentation et culture.Degré secondaire II.Ecole moyenne",1
JU,2002,"Finances, Impôts, monopoles, entreprises d'état",2
JU,2003,"Enseignement, sciences, documentation et culture.Pédagogie spécialisée.Classes spéciales",1
JU,2004,"Santé, travail, droit des assurances sociales, logement, homes.Droit du travail.Employés.Mobbing, harcèlement sexuel",1
JU,2007,"Etat.Autorités.Gouvernement et administration.Droit du personnel.Formation, formation continue, perfectionnement",1
JU,2013,Droit civil,1
JU,2015,Economie.Promotion de l'économie,1
JU,2015,Economie.Arts et métiers.Services.Tourisme,1
JU,2017,"Aménagement du territoire et constructions, expropriation, travaux publics, énergie, transports, environnement.Protection de la nature et du paysage.Protection des monuments et des biens culturels",1
JU,2018,"Enseignement, sciences, documentation et culture.Contributions à la formation.Bourses d'études",1
JU,2018,"Santé, travail, droit des assurances sociales, logement, homes.Droit des assurances sociales.Prestations complémentaires",1
JU,2019,Economie.Agriculture.Culture des plantes.Vignoble,1
JU,2026,"Aménagement du territoire et constructions, expropriation, travaux publics, énergie, transports, environnement",1
LU,1868,"Aménagement du territoire et constructions, expropriation, travaux publics, énergie, transports, environnement.Travaux publics.Aménagement des eaux.Corrections des eaux / Protection contre les crues",1
LU,1931,"Aménagement du territoire et constructions, expropriation, travaux publics, énergie, transports, environnement.Expropriation",1
LU,1935,"Economie.Arts et métiers.Services.Institutions de crédit / assurances.Banques, bourses",1
LU,1938,"Santé, travail, droit des assurances sociales, logement, homes.Droit du travail.Employés.Sécurité",1
LU,1945,Etat,1
LU,1946,"Défense nationale, protection de la population, police.Protection de la population.Protection contre les incendies / éléments naturels.Protection contre le feu, pompiers",1
LU,1952,Publications sans texte,1
LU,1963,"Aménagement du territoire et constructions, expropriation, travaux publics, énergie, transports, environnement.Travaux publics.Aménagement des eaux.Utilisation des eaux",1
LU,1965,"Santé, travail, droit des assurances sociales, logement, homes",1
LU,1970,"Etat.Autorités.Organisation judiciaire.Autorités judiciaires.Cours supérieures, tribunaux fédéraux",1
LU,1971,Droit pénal,1
LU,1973,"Etat.Autorités.Organisation judiciaire.Autorités judiciaires.Tribunaux administratifs, des assurances et des assurances sociales",1
LU,1975,"Santé, travail, droit des assurances sociales, logement, homes.Droit des assurances sociales.LAA",1
LU,1979,"Aménagement du territoire et constructions, expropriation, travaux publics, énergie, transports, environnement.Travaux publics.Aménagement des eaux.Utilisation des eaux",1
LU,1981,"Etat.Autorités.Organisation judiciaire.Autorités judiciaires.Prud'hommes, Tribunaux des baux à loyer",1
LU,1982,Etat.Autorités.Gouvernement et administration.Emoluments administratifs,1
LU,1982,Droit civil.Dispositions d'introduction du code civil.Droits réels.Estimation officielle des immeubles,1
LU,1982,Economie.Agriculture.Epizooties,1
LU,1984,"Santé, travail, droit des assurances sociales, logement, homes.Droit des assurances sociales.Prestations complémentaires",1
LU,1986,Droit civil.Dispositions d'introduction du code civil.Droits réels.Estimation officielle des immeubles,1
LU,1989,Etat.Autorités.Gouvernement et administration.Gouvernement.Chancellerie de l'Etat,1
LU,1989,"Etat.Autorités.Organisation judiciaire.Autorités judiciaires.Cours supérieures, tribunaux fédéraux",1
LU,1989,"Santé, travail, droit des assurances sociales, logement, homes",1
LU,1990,Droit civil.Dispositions générales d'introduction du code des obligations.Des divers contrats.Contrat de travail.Contrats-type.Employés de maison,1
LU,1994,Etat,1
LU,1994,"Enseignement, sciences, documentation et culture.Assurance de la qualité, surveillance, direction.Médecine scolaire, services psychologiques scolaires",1
LU,1995,Economie,1
LU,1996,"Etat.Autorités.Organisation judiciaire.Autorités judiciaires.Tribunaux administratifs, des assurances et des assurances sociales",1
LU,1996,"Etat.Autorités.Organisation judiciaire.Autorités judiciaires.Tribunaux de district / d'arrondissement, juges de paix",1
LU,1996,"Défense nationale, protection de la population, police.Protection de la population.Protection contre les incendies / éléments naturels.Ramoneurs",1
LU,1997,"Etat.Autorités.Organisation judiciaire.Autorités judiciaires.Juges d'instruction, Ministère public.Ministère public",2
LU,1997,"Etat.Autorités.Organisation judiciaire.Autorités judiciaires.Prud'hommes, Tribunaux des baux à loyer",1
LU,1997,Droit civil.Poursuites pour dettes et faillites.Organisation,3
LU,1998,"Etat.Autorités.Organisation judiciaire.Autorités judiciaires.Juges d'instruction, Ministère public.Juges d'instruction",1
LU,1998,Droit civil.Poursuites pour dettes et faillites.Organisation,3
LU,1998,Economie,1
LU,1999,Etat.Autorités.Gouvernement et administration.Organisation.Délégation,1
LU,1999,"Etat.Autorités.Organisation judiciaire.Autorités judiciaires.Tribunaux de district / d'arrondissement, juges de paix",6
LU,1999,Droit civil.Poursuites pour dettes et faillites.Organisation,2
LU,1999,Droit pénal,1
LU,1999,"Enseignement, sciences, documentation et culture.Degré prescolaire, école primaire, degré secondaire I.Ecole primaire, degré secondaire I",1
LU,2000,"Etat.Autorités.Organisation judiciaire.Autorités judiciaires.Tribunaux de district / d'arrondissement, juges de paix",1
LU,2000,Droit civil.Dispositions générales d'introduction du code des obligations.Des divers contrats.Contrat de travail.Contrats-type.Agriculture,1
LU,2000,Droit civil.Poursuites pour dettes et faillites.Organisation,3
LU,2000,"Enseignement, sciences, documentation et culture.Degré tertiaire: universités.Faculté de théologie",1
LU,2000,"Enseignement, sciences, documentation et culture.Degré tertiaire: universités.Faculté de philosophie",1
LU,2000,"Défense nationale, protection de la population, police.Sécurité intérieure.Police.Police communale",1
LU,2000,"Aménagement du territoire et constructions, expropriation, travaux publics, énergie, transports, environnement.Aménagement du territoire et constructions.Procédure",1
LU,2001,Droit civil.Poursuites pour dettes et faillites.Organisation,1
LU,2001,Droit pénal,1
LU,2001,"Enseignement, sciences, documentation et culture",2
LU,2001,"Enseignement, sciences, documentation et culture.Degré tertiaire: universités.Faculté de droit",1
LU,2002,"Etat.Autorités.Gouvernement et administration.Droit du personnel.Traitements, indemnités",1
LU,2002,"Etat.Autorités.Organisation judiciaire.Autorités judiciaires.Tribunaux de district / d'arrondissement, juges de paix",1
LU,2002,Etat.Professions juridiques.Avocats.Formation,1
LU,2002,"Enseignement, sciences, documentation et culture.Degré tertiaire: universités.Faculté de théologie",1
LU,2002,Economie.Agriculture.Mesures d'encouragement,1
LU,2003,Droit civil.Poursuites pour dettes et faillites.Organisation,1
LU,2003,"Enseignement, sciences, documentation et culture.Degré tertiaire: universités.Faculté de théologie",1
LU,2003,"Enseignement, sciences, documentation et culture.Corps enseignant.Formation",1
LU,2004,"Etat.Autorités.Organisation judiciaire.Autorités judiciaires.Juges d'instruction, Ministère public.Juges d'instruction",1
LU,2004,"Etat.Autorités.Organisation judiciaire.Autorités judiciaires.Tribunaux de district / d'arrondissement, juges de paix",2
LU,2004,Droit civil.Dispositions d'introduction du code civil.Droits réels.Acquisitions des terrains par des personnes domiciliées à l'étranger,1
LU,2004,Droit civil.Poursuites pour dettes et faillites.Organisation,1
LU,2004,Economie.Promotion de l'économie,1
LU,2004,Economie.Développement économiques dans les régions de montagne,1
LU,2005,"Etat.Autorités.Organisation judiciaire.Autorités judiciaires.Cours supérieures, tribunaux fédéraux",1
LU,2005,Droit civil.Poursuites pour dettes et faillites.Organisation,3
LU,2005,"Enseignement, sciences, documentation et culture",1
LU,2005,"Enseignement, sciences, documentation et culture.Corps enseignant.Traitement, indemnités",1
LU,2005,"Enseignement, sciences, documentation et culture.Contributions à la formation.Emoluments scolaires",1
LU,2005,"Santé, travail, droit des assurances sociales, logement, homes.Droit des assurances sociales.Allocations familiales.Salariés et indépendants",1
LU,2005,Non classé,1
LU,2006,Etat.Communes.Répartition des tâches entre canton et communes,1
LU,2006,"Enseignement, sciences, documentation et culture",1
LU,2006,"Enseignement, sciences, documentation et culture.Degré secondaire II.Ecole moyenne",1
LU,2006,"Enseignement, sciences, documentation et culture.Degré tertiaire: universités.Faculté de philosophie",1
LU,2007,Droit civil.Dispositions générales d'introduction du code des obligations.Des divers contrats.Contrat de travail.Conventions collectives.Déclaration de force obligatoire générale,1
LU,2008,Etat.Communes.Fusions communales,3
LU,2008,"Enseignement, sciences, documentation et culture.Degré tertiaire: universités.Faculté de théologie",2
LU,2009,Droit civil.Poursuites pour dettes et faillites.Organisation,1
LU,2009,"Enseignement, sciences, documentation et culture.Degré tertiaire: universités.Faculté de théologie",1
LU,2009,"Santé, travail, droit des assurances sociales, logement, homes.Droit des assurances sociales.Assurance-chômage",1
LU,2010,"Enseignement, sciences, documentation et culture.Degré tertiaire: universités.Faculté de philosophie",1
LU,2010,"Santé, travail, droit des assurances sociales, logement, homes",2
LU,2011,"Enseignement, sciences, documentation et culture.Degré tertiaire: universités.Faculté de droit",1
LU,2011,"Enseignement, sciences, documentation et culture.Degré tertiaire: universités.Faculté de théologie",1
LU,2011,"Santé, travail, droit des assurances sociales, logement, homes",1
LU,2012,"Enseignement, sciences, documentation et culture.Degré tertiaire: universités.Faculté de philosophie",1
LU,2012,"Enseignement, sciences, documentation et culture.Degré tertiaire: universités.Autres filières d'études",1
LU,2012,"Aménagement du territoire et constructions, expropriation, travaux publics, énergie, transports, environnement.Energie.Approvisionnement en énergie",1
LU,2012,"Santé, travail, droit des assurances sociales, logement, homes",1
LU,2013,Etat.Autorités.Gouvernement et administration.Administration.Départements,1
LU,2013,"Enseignement, sciences, documentation et culture.Degré tertiaire: universités.Faculté de théologie",2
LU,2013,"Santé, travail, droit des assurances sociales, logement, homes",1
LU,2014,Droit civil.Poursuites pour dettes et faillites.Organisation,1
LU,2014,"Santé, travail, droit des assurances sociales, logement, homes",1
LU,2015,Droit civil.Dispositions générales d'introduction du code des obligations.Des divers contrats.Contrat de travail.Conventions collectives.Déclaration de force obligatoire générale,1
LU,2015,Droit civil.Poursuites pour dettes et faillites.Organisation,1
LU,2015,"Santé, travail, droit des assurances sociales, logement, homes",1
LU,2016,Droit civil.Poursuites pour dettes et faillites.Organisation,3
LU,2016,"Enseignement, sciences, documentation et culture.Degré tertiaire: universités.Faculté de sciences économiques",2
LU,2016,"Santé, travail, droit des assurances sociales, logement, homes",1
LU,2017,"Défense nationale, protection de la population, police",1
LU,2017,"Santé, travail, droit des assurances sociales, logement, homes",2
LU,2018,"Enseignement, sciences, documentation et culture.Degré tertiaire: universités.Faculté de théologie",1
LU,2018,"Enseignement, sciences, documentation et culture.Degré tertiaire: universités.Faculté de philosophie",1
LU,2018,"Santé, travail, droit des assurances sociales, logement, homes",2
LU,2019,Droit civil.Poursuites pour dettes et faillites.Organisation,1
LU,2019,"Enseignement, sciences, documentation et culture.Degré tertiaire: universités.Faculté de médecine humaine et vétérinaire",2
LU,2020,"Enseignement, sciences, documentation et culture",1
LU,2020,"Enseignement, sciences, documentation et culture.Degré tertiaire: universités.Faculté de médecine humaine et vétérinaire",2
LU,2021,"Enseignement, sciences, documentation et culture.Degré tertiaire: universités.Faculté de médecine humaine et vétérinaire",1
LU,2021,Non classé,1
LU,2023,"Enseignement, sciences, documentation et culture",1
LU,2023,"Enseignement, sciences, documentation et culture.Degré tertiaire: universités.Faculté de philosophie",1
LU,2024,Droit civil.Poursuites pour dettes et faillites.Organisation,1
LU,2024,"Enseignement, sciences, documentation et culture",1
LU,2024,"Enseignement, sciences, documentation et culture.Degré prescolaire, école primaire, degré secondaire I.Crèches",1
LU,2024,"Enseignement, sciences, documentation et culture.Degré tertiaire: universités.Faculté de droit",1
LU,2024,"Enseignement, sciences, documentation et culture.Degré tertiaire: universités.Faculté de théologie",2
LU,2024,"Enseignement, sciences, documentation et culture.Degré tertiaire: universités.Faculté de philosophie",1
LU,2024,"Enseignement, sciences, documentation et culture.Degré tertiaire: universités.Faculté de médecine humaine et vétérinaire",5
LU,2024,"Enseignement, sciences, documentation et culture.Degré tertiaire: universités.Autres filières d'études",2
LU,2025,"Enseignement, sciences, documentation et culture.Degré tertiaire: universités.Faculté de droit",2
LU,2025,"Enseignement, sciences, documentation et culture.Degré tertiaire: universités.Faculté de théologie",1
LU,2025,"Enseignement, sciences, documentation et culture.Degré tertiaire: universités.Faculté de philosophie",1
LU,2025,"Enseignement, sciences, documentation et culture.Degré tertiaire: universités.Autres filières d'études",2
LU,2026,"Enseignement, sciences, documentation et culture.Degré tertiaire: universités.Faculté de sciences économiques",1
NE,1832,"Santé, travail, droit des assurances sociales, logement, homes.Droit du travail.Employés.Dimanches et jours fériés",1
NE,1864,"Santé, travail, droit des assurances sociales, logement, homes.Assistance.Donations et collectes publiques",1
NE,1866,"Défense nationale, protection de la population, police",1
NE,1874,Droit civil,1
NE,1879,Etat,1
NE,1887,"Aménagement du territoire et constructions, expropriation, travaux publics, énergie, transports, environnement",1
NE,1888,Economie,1
NE,1900,"Défense nationale, protection de la population, police.Protection de la population.Protection contre les incendies / éléments naturels.Protection contre le feu, pompiers",3
NE,1907,Etat.Autorités.Gouvernement et administration.Administration.Départements,1
NE,1907,"Droit civil.Dispositions d'introduction du code civil.Droits réels.Registre foncier, mensurations cadastrales",2
NE,1908,"Enseignement, sciences, documentation et culture.Degré prescolaire, école primaire, degré secondaire I.Ecole enfantine",1
NE,1908,"Enseignement, sciences, documentation et culture.Degré prescolaire, école primaire, degré secondaire I.Ecole primaire, degré secondaire I",1
NE,1908,"Enseignement, sciences, documentation et culture.Contributions à la formation.Ecolages",1
NE,1909,Etat,1
NE,1910,Droit civil.Dispositions d'introduction du code civil.Droit de la famille.Tutelle,1
NE,1910,Droit civil.Dispositions d'introduction du code civil.Droit des successions,1
NE,1911,Etat,1
NE,1911,Droit civil,1
NE,1911,Droit civil.Dispositions générales d'introduction du code des obligations.Droit commercial.Registre du commerce,1
NE,1911,"Santé, travail, droit des assurances sociales, logement, homes",1
NE,1911,"Santé, travail, droit des assurances sociales, logement, homes.Santé.Professions médicales.Personnel soignant",2
NE,1911,"Santé, travail, droit des assurances sociales, logement, homes.Santé.Professions médicales.Sages-femmes",3
NE,1911,"Santé, travail, droit des assurances sociales, logement, homes.Santé.Professions médicales.Chiropraticiens, physiothérapeutes",4
NE,1911,"Santé, travail, droit des assurances sociales, logement, homes.Santé.Laboratoires médicaux",1
NE,1911,"Santé, travail, droit des assurances sociales, logement, homes.Santé.Pharmacies et drogueries",2
NE,1911,"Santé, travail, droit des assurances sociales, logement, homes.Droit des assurances sociales.LAMAL.Tarifs.Conventions",6
NE,1911,Economie.Agriculture.Production animale.Bovins et petit bétail,1
NE,1912,"Finances, Impôts, monopoles, entreprises d'état.Impôts.Impôts sur les successions et les donations",1
NE,1912,Economie.Commerce.Poids et mesures. moyens de paiement,2
NE,1913,"Défense nationale, protection de la population, police.Protection de la population.Protection contre les incendies / éléments naturels.Assurances des bâtiments.Assurance contre les dommages causés par les éléments naturels",1
NE,1914,Etat.Professions juridiques.Avocats.Honoraires,1
NE,1919,"Enseignement, sciences, documentation et culture",1
NE,1920,"Enseignement, sciences, documentation et culture.Contributions à la formation.Emoluments scolaires",1
NE,1920,"Finances, Impôts, monopoles, entreprises d'état.Impôts.Impôts sur les successions et les donations",1
NE,1923,Economie.Arts et métiers.Services.Jeux de hasard et loteries.Fonds de loterie,1
NE,1924,Etat.Autorités.Gouvernement et administration.Administration.Directions et offices,1
NE,1925,"Santé, travail, droit des assurances sociales, logement, homes.Droit du travail.Employés.Sécurité",1
NE,1930,"Enseignement, sciences, documentation et culture",1
NE,1934,Droit pénal,1
NE,1937,Droit pénal,1
NE,1938,"Enseignement, sciences, documentation et culture",6
NE,1938,"Finances, Impôts, monopoles, entreprises d'état.Entreprises d'Etat.Banques cantonales",1
NE,1938,"Santé, travail, droit des assurances sociales, logement, homes.Droit du travail.Employés.Sécurité",1
NE,1941,Etat.Communes.Contributions financières des communes,1
NE,1945,Droit pénal,2
NE,1946,"Santé, travail, droit des assurances sociales, logement, homes.Droit des assurances sociales.Caisses de compensation",1
NE,1946,"Santé, travail, droit des assurances sociales, logement, homes.Droit des assurances sociales.AVS/AI",1
NE,1947,"Santé, travail, droit des assurances sociales, logement, homes.Santé.Professions médicales.Personnel soignant",1
NE,1948,"Aménagement du territoire et constructions, expropriation, travaux publics, énergie, transports, environnement.Transports.Navigation aérienne.Aéronefs",1
NE,1949,"Santé, travail, droit des assurances sociales, logement, homes.Assistance.Donations et collectes publiques",1
NE,1951,"Etat.Autorités.Organisation judiciaire.Autorités judiciaires.Prud'hommes, Tribunaux des baux à loyer",2
NE,1951,"Enseignement, sciences, documentation et culture",1
NE,1951,"Santé, travail, droit des assurances sociales, logement, homes.Assistance.Homes.Etablissements pour personnes âgées",1
NE,1953,"Aménagement du territoire et constructions, expropriation, travaux publics, énergie, transports, environnement.Travaux publics.Aménagement des eaux.Utilisation des eaux",1
NE,1954,"Etat.Autorités.Gouvernement et administration.Droit du personnel.Pensions, prestations d'assurance",1
NE,1954,Economie,1
NE,1955,Etat.Dispositions générales.Droit de cité,1
NE,1957,"Aménagement du territoire et constructions, expropriation, travaux publics, énergie, transports, environnement",1
NE,1958,Etat.Autorités.Gouvernement et administration.Droit du personnel.Engagement,1
NE,1958,"Aménagement du territoire et constructions, expropriation, travaux publics, énergie, transports, environnement.Transports.Circulation routière.Police de la circulation",1
NE,1959,"Etat.Autorités.Gouvernement et administration.Droit du personnel.Pensions, prestations d'assurance",1
NE,1959,"Santé, travail, droit des assurances sociales, logement, homes.Santé.Substances thérapeutiques, stupéfiants",1
NE,1963,"Aménagement du territoire et constructions, expropriation, travaux publics, énergie, transports, environnement.Protection de l'environnement.Protection des eaux",1
NE,1964,"Aménagement du territoire et constructions, expropriation, travaux publics, énergie, transports, environnement.Protection de la nature et du paysage.Protection des animaux",1
NE,1965,"Enseignement, sciences, documentation et culture",1
NE,1965,"Santé, travail, droit des assurances sociales, logement, homes.Droit des assurances sociales.Prestations complémentaires",1
NE,1966,"Aménagement du territoire et constructions, expropriation, travaux publics, énergie, transports, environnement.Aménagement du territoire et constructions.Zones",3
NE,1966,Economie.Agriculture.Epizooties,6
NE,1967,"Enseignement, sciences, documentation et culture.Corps enseignant.Traitement, indemnités",1
NE,1967,"Enseignement, sciences, documentation et culture.Corps enseignant.Formation",1
NE,1967,"Finances, Impôts, monopoles, entreprises d'état.Finances.Contributions étatiques, subventions",1
NE,1967,"Santé, travail, droit des assurances sociales, logement, homes",7
NE,1967,"Santé, travail, droit des assurances sociales, logement, homes.Assistance.Donations et collectes publiques",1
NE,1968,"Etat.Autorités.Gouvernement et administration.Droit du personnel.Pensions, prestations d'assurance",1
NE,1968,"Enseignement, sciences, documentation et culture",1
NE,1968,"Aménagement du territoire et constructions, expropriation, travaux publics, énergie, transports, environnement.Aménagement du territoire et constructions.Procédure",1
NE,1968,Economie.Commerce.Poids et mesures. moyens de paiement,1
NE,1969,"Enseignement, sciences, documentation et culture.Sciences, recherche",1
NE,1970,"Enseignement, sciences, documentation et culture.Degré prescolaire, école primaire, degré secondaire I.Ecole primaire, degré secondaire I",4
NE,1970,"Enseignement, sciences, documentation et culture.Corps enseignant.Formation",2
NE,1970,"Santé, travail, droit des assurances sociales, logement, homes.Droit des assurances sociales.LAMAL.Tarifs.Conventions",1
NE,1970,Economie.Agriculture.Apiculture,1
NE,1971,Etat.Communes.Finances communales,1
NE,1971,"Aménagement du territoire et constructions, expropriation, travaux publics, énergie, transports, environnement.Protection de l'environnement.Déchets",1
NE,1971,"Aménagement du territoire et constructions, expropriation, travaux publics, énergie, transports, environnement.Protection de l'environnement.Protection des eaux",2
NE,1971,"Santé, travail, droit des assurances sociales, logement, homes.Santé.Substances thérapeutiques, stupéfiants",1
NE,1971,"Santé, travail, droit des assurances sociales, logement, homes.Droit des assurances sociales.LAMAL.Tarifs.Conventions",1
NE,1971,Economie.Commerce.Poids et mesures. moyens de paiement,1
NE,1972,"Finances, Impôts, monopoles, entreprises d'état.Finances.Contributions étatiques, subventions",1
NE,1972,"Santé, travail, droit des assurances sociales, logement, homes.Santé.Laboratoires médicaux",1
NE,1972,"Santé, travail, droit des assurances sociales, logement, homes.Assistance.Homes.Etablissements pour personnes âgées",4
NE,1972,Economie.Commerce.Poids et mesures. moyens de paiement,1
NE,1973,"Enseignement, sciences, documentation et culture",1
NE,1973,"Enseignement, sciences, documentation et culture.Sport scolaire",2
NE,1973,Economie.Commerce.Poids et mesures. moyens de paiement,1
NE,1974,"Défense nationale, protection de la population, police",1
NE,1974,"Santé, travail, droit des assurances sociales, logement, homes",1
NE,1974,Economie.Développement économiques dans les régions de montagne,1
NE,1974,Economie.Arts et métiers.Services.Jeux de hasard et loteries.Sport-Toto,1
NE,1975,"Etat.Autorités.Gouvernement et administration.Droit du personnel.Pensions, prestations d'assurance",1
NE,1975,"Enseignement, sciences, documentation et culture.Degré tertiaire: universités.Faculté de médecine humaine et vétérinaire",1
NE,1975,"Aménagement du territoire et constructions, expropriation, travaux publics, énergie, transports, environnement",1
NE,1975,"Santé, travail, droit des assurances sociales, logement, homes.Santé.Lutte contre les maladies.Tuberculose",1
NE,1976,Etat,1
NE,1976,"Santé, travail, droit des assurances sociales, logement, homes.Santé.Laboratoires médicaux",1
NE,1976,"Santé, travail, droit des assurances sociales, logement, homes.Santé.Prévention des accidents",1
NE,1976,Economie.Agriculture.Culture des plantes.Vignoble,4
NE,1978,"Enseignement, sciences, documentation et culture",6
NE,1978,"Enseignement, sciences, documentation et culture.Degré secondaire II: Formation professionnelle initiale.Orientation professionnelle",2
NE,1978,"Enseignement, sciences, documentation et culture.Degré tertiaire: Ecoles supérieures",1
NE,1978,"Enseignement, sciences, documentation et culture.Corps enseignant.Formation",2
NE,1978,"Santé, travail, droit des assurances sociales, logement, homes.Santé.Etablissements hospitaliers, cliniques.Cliniques psychiatriques",1
NE,1979,Etat.Autorités.Organisation judiciaire.Personnel des tribunaux,1
NE,1979,Droit pénal,1
NE,1979,"Enseignement, sciences, documentation et culture.Contributions à la formation.Ecolages",1
NE,1979,"Finances, Impôts, monopoles, entreprises d'état",1
NE,1979,"Aménagement du territoire et constructions, expropriation, travaux publics, énergie, transports, environnement.Aménagement du territoire et constructions.Plans",10
NE,1979,"Aménagement du territoire et constructions, expropriation, travaux publics, énergie, transports, environnement.Aménagement du territoire et constructions.Zones",1
NE,1979,"Santé, travail, droit des assurances sociales, logement, homes.Logement.Mesures d'encouragement à la construction de logements",1
NE,1980,Etat,1
NE,1980,Etat.Autorités.Gouvernement et administration.Administration.Directions et offices,1
NE,1980,"Enseignement, sciences, documentation et culture.Assurance de la qualité, surveillance, direction.Coordination",1
NE,1980,"Enseignement, sciences, documentation et culture.Documentation.Statistique",1
NE,1980,"Finances, Impôts, monopoles, entreprises d'état.Finances.Budget, comptes",1
NE,1980,"Finances, Impôts, monopoles, entreprises d'état.Finances.Contributions étatiques, subventions",1
NE,1980,"Santé, travail, droit des assurances sociales, logement, homes.Droit des assurances sociales.LAMAL.Tarifs.Conventions",1
NE,1981,Etat,4
NE,1981,"Etat.Autorités.Gouvernement et administration.Droit du personnel.Pensions, prestations d'assurance",1
NE,1981,Etat.Autorités.Organisation judiciaire.Personnel des tribunaux,1
NE,1981,"Enseignement, sciences, documentation et culture.Degré tertiaire: Ecoles supérieures",1
NE,1981,"Enseignement, sciences, documentation et culture.Corps enseignant.Traitement, indemnités",1
NE,1981,"Enseignement, sciences, documentation et culture.Corps enseignant.Formation",3
NE,1981,"Enseignement, sciences, documentation et culture.Corps enseignant.Prévoyance professionnelle, caisses de pensions",1
NE,1981,"Enseignement, sciences, documentation et culture.Corps enseignant.Personnel des universités",1
NE,1982,"Santé, travail, droit des assurances sociales, logement, homes.Droit des assurances sociales.LPP",1
NE,1983,Etat,3
NE,1983,Etat.Dispositions générales.Etablissement et séjour.Etablissement et séjour des étrangers.intégration,1
NE,1983,Etat.Autorités.Gouvernement et administration.Gouvernement.Chancellerie de l'Etat,1
NE,1983,"Etat.Autorités.Organisation judiciaire.Emoluments judiciaires, frais de justice",1
NE,1983,"Enseignement, sciences, documentation et culture",2
NE,1983,"Enseignement, sciences, documentation et culture.Degré prescolaire, école primaire, degré secondaire I.Ecole primaire, degré secondaire I",5
NE,1983,"Enseignement, sciences, documentation et culture.Degré secondaire II: Formation professionnelle initiale.Solutions transitoires",1
NE,1983,"Enseignement, sciences, documentation et culture.Pédagogie spécialisée.Classes spéciales",1
NE,1983,"Enseignement, sciences, documentation et culture.Pédagogie spécialisée.Psychomotricité",1
NE,1983,"Enseignement, sciences, documentation et culture.Assurance de la qualité, surveillance, direction.Bâtiments scolaires",1
NE,1983,"Enseignement, sciences, documentation et culture.Assurance de la qualité, surveillance, direction.Médecine scolaire, services psychologiques scolaires",1
NE,1983,"Enseignement, sciences, documentation et culture.Assurance de la qualité, surveillance, direction.Autorités scolaires",1
NE,1983,"Aménagement du territoire et constructions, expropriation, travaux publics, énergie, transports, environnement",4
NE,1983,"Aménagement du territoire et constructions, expropriation, travaux publics, énergie, transports, environnement.Protection de l'environnement.Déchets",1
NE,1983,"Aménagement du territoire et constructions, expropriation, travaux publics, énergie, transports, environnement.Protection de l'environnement.Protection contre les radiations",1
NE,1983,"Aménagement du territoire et constructions, expropriation, travaux publics, énergie, transports, environnement.Protection de l'environnement.Substances dangereuses pour l'environnement",2
NE,1983,"Aménagement du territoire et constructions, expropriation, travaux publics, énergie, transports, environnement.Protection de la nature et du paysage.Protection des animaux",1
NE,1983,"Santé, travail, droit des assurances sociales, logement, homes.Santé.Laboratoires médicaux",1
NE,1984,Etat,1
NE,1984,Etat.Communes.Contributions financières des communes,2
NE,1984,Droit civil.Propriété intellectuelle,1
NE,1984,Droit pénal,1
NE,1984,"Enseignement, sciences, documentation et culture",1
NE,1984,"Enseignement, sciences, documentation et culture.Degré prescolaire, école primaire, degré secondaire I.Ecole primaire, degré secondaire I",5
NE,1984,"Enseignement, sciences, documentation et culture.Degré secondaire II.Ecole moyenne",1
NE,1984,"Enseignement, sciences, documentation et culture.Degré tertiaire: Hautes écoles.Pédagogie",1
NE,1984,"Enseignement, sciences, documentation et culture.Formation continue (Degré quaternaire).Formation des adultes",2
NE,1984,"Enseignement, sciences, documentation et culture.Corps enseignant.Traitement, indemnités",1
NE,1984,"Enseignement, sciences, documentation et culture.Corps enseignant.Formation",3
NE,1984,"Enseignement, sciences, documentation et culture.Contributions à la formation.Ecolages",2
NE,1984,"Enseignement, sciences, documentation et culture.Assurance de la qualité, surveillance, direction.Médecine scolaire, services psychologiques scolaires",2
NE,1984,"Enseignement, sciences, documentation et culture.Reconnaissance des diplômes",1
NE,1984,"Santé, travail, droit des assurances sociales, logement, homes.Santé.Substances thérapeutiques, stupéfiants",1
NE,1985,Droit civil.Dispositions d'introduction du code civil.Droits réels.Acquisitions des terrains par des personnes domiciliées à l'étranger,1
NE,1985,"Aménagement du territoire et constructions, expropriation, travaux publics, énergie, transports, environnement.Aménagement du territoire et constructions.Plans",1
NE,1985,"Santé, travail, droit des assurances sociales, logement, homes",1
NE,1986,"Santé, travail, droit des assurances sociales, logement, homes.Santé.Laboratoires médicaux",1
NE,1986,Economie.Arts et métiers.Services.Tourisme,1
NE,1988,Droit civil,1
NE,1988,"Aménagement du territoire et constructions, expropriation, travaux publics, énergie, transports, environnement",1
NE,1988,"Santé, travail, droit des assurances sociales, logement, homes.Santé.Laboratoires médicaux",1
NE,1989,"Droit civil.Dispositions d'introduction du code civil.Droits réels.Registre foncier, mensurations cadastrales",1
NE,1989,"Enseignement, sciences, documentation et culture.Documentation.Archives",1
NE,1990,"Etat.Autorités.Gouvernement et administration.Droit du personnel.Pensions, prestations d'assurance",3
NE,1990,"Enseignement, sciences, documentation et culture.Documentation.Archives",1
NE,1990,"Santé, travail, droit des assurances sociales, logement, homes.Santé.Laboratoires médicaux",2
NE,1991,"Finances, Impôts, monopoles, entreprises d'état.Finances.Budget, comptes",1
NE,1991,"Finances, Impôts, monopoles, entreprises d'état.Finances.Contributions étatiques, subventions",2
NE,1991,"Finances, Impôts, monopoles, entreprises d'état.Entreprises d'Etat.Banques cantonales",1
NE,1991,"Aménagement du territoire et constructions, expropriation, travaux publics, énergie, transports, environnement.Protection de l'environnement.Protection des eaux",1
NE,1991,"Aménagement du territoire et constructions, expropriation, travaux publics, énergie, transports, environnement.Protection de l'environnement.Protection contre les radiations",1
NE,1991,"Santé, travail, droit des assurances sociales, logement, homes.Assistance.Donations et collectes publiques",1
NE,1991,Economie,1
NE,1991,Economie.Agriculture.Droit foncier rural,1
NE,1992,Etat.Communes.Finances communales,1
NE,1992,"Santé, travail, droit des assurances sociales, logement, homes.Santé.Professions médicales.Vétérinaires",1
NE,1992,"Santé, travail, droit des assurances sociales, logement, homes.Santé.Hygiène.Denrées alimentaires, objets d'usage courant.Surveillance des aliments",1
NE,1993,"Etat.Autorités.Organisation judiciaire.Autorités judiciaires.Prud'hommes, Tribunaux des baux à loyer",1
NE,1993,Droit pénal,1
NE,1993,"Finances, Impôts, monopoles, entreprises d'état.Finances.Contributions étatiques, subventions",1
NE,1993,"Santé, travail, droit des assurances sociales, logement, homes.Droit des assurances sociales.Caisses de compensation",1
NE,1993,Non classé,1
NE,1994,"Enseignement, sciences, documentation et culture.Contributions à la formation.Bourses d'études",1
NE,1994,"Santé, travail, droit des assurances sociales, logement, homes",10
NE,1994,"Santé, travail, droit des assurances sociales, logement, homes.Santé.Professions médicales.Sages-femmes",1
NE,1994,"Santé, travail, droit des assurances sociales, logement, homes.Santé.Professions médicales.Chiropraticiens, physiothérapeutes",3
NE,1994,"Santé, travail, droit des assurances sociales, logement, homes.Santé.Soins à domicile",6
NE,1994,"Santé, travail, droit des assurances sociales, logement, homes.Santé.Urgences, ambulances",4
NE,1994,"Santé, travail, droit des assurances sociales, logement, homes.Droit des assurances sociales.AVS/AI",1
NE,1994,"Santé, travail, droit des assurances sociales, logement, homes.Droit des assurances sociales.LAMAL.Tarifs.TARMED",7
NE,1994,"Santé, travail, droit des assurances sociales, logement, homes.Droit des assurances sociales.LAMAL.Tarifs.Conventions",17
NE,1994,"Santé, travail, droit des assurances sociales, logement, homes.Droit des assurances sociales.LAMAL.Listes des hôpitaux",2
NE,1995,Etat,5
NE,1995,"Etat.Dispositions générales.Droits fondamentaux, droits politiques.égalité entre hommes et femmes",1
NE,1995,"Etat.Autorités.Gouvernement et administration.Droit du personnel.Traitements, indemnités",4
NE,1995,"Enseignement, sciences, documentation et culture",1
NE,1995,"Enseignement, sciences, documentation et culture.Pédagogie spécialisée.Ecoles d'art et de sport",1
NE,1995,"Enseignement, sciences, documentation et culture.Corps enseignant.Engagement",1
NE,1995,"Enseignement, sciences, documentation et culture.Corps enseignant.Traitement, indemnités",2
NE,1995,"Enseignement, sciences, documentation et culture.Documentation.Archives",1
NE,1995,"Défense nationale, protection de la population, police.Sécurité intérieure.Police.Police cantonale",1
NE,1995,"Aménagement du territoire et constructions, expropriation, travaux publics, énergie, transports, environnement.Travaux publics.Marchés publics",1
NE,1995,"Santé, travail, droit des assurances sociales, logement, homes",2
NE,1995,"Santé, travail, droit des assurances sociales, logement, homes.Santé.Professions médicales.Médecins",3
NE,1995,"Santé, travail, droit des assurances sociales, logement, homes.Assistance.Homes.Etablissements pour personnes âgées",1
NE,1995,Economie,2
NE,1995,Economie.Agriculture.Lait,1
NE,1996,Etat,1
NE,1996,Etat.Autorités.Gouvernement et administration.Administration.Départements,1
NE,1996,"Etat.Professions juridiques.Notaires.Taxes, tarifs",1
NE,1996,"Enseignement, sciences, documentation et culture",1
NE,1996,"Enseignement, sciences, documentation et culture.Degré tertiaire: universités.Faculté de philosophie",1
NE,1996,"Enseignement, sciences, documentation et culture.Pédagogie spécialisée.Ecoles d'art et de sport",1
NE,1996,"Défense nationale, protection de la population, police.Protection de la population.Protection civile.Financement",1
NE,1996,"Défense nationale, protection de la population, police.Protection de la population.Protection contre les incendies / éléments naturels.Protection contre le feu, pompiers",3
NE,1996,"Défense nationale, protection de la population, police.Protection de la population.Protection contre les incendies / éléments naturels.Protection contre les incendies",1
NE,1996,"Aménagement du territoire et constructions, expropriation, travaux publics, énergie, transports, environnement",1
NE,1996,"Aménagement du territoire et constructions, expropriation, travaux publics, énergie, transports, environnement.Transports.Transports publics.Transports régionaux",1
NE,1996,"Santé, travail, droit des assurances sociales, logement, homes",4
NE,1996,"Santé, travail, droit des assurances sociales, logement, homes.Santé.Hygiène.Denrées alimentaires, objets d'usage courant.Surveillance des aliments",1
NE,1996,Economie,1
NE,1997,"Enseignement, sciences, documentation et culture",1
NE,1997,"Enseignement, sciences, documentation et culture.Degré secondaire II.Ecole moyenne",1
NE,1997,"Enseignement, sciences, documentation et culture.Degré tertiaire: Hautes écoles.Etudes sociales",1
NE,1997,"Enseignement, sciences, documentation et culture.Ecoles privées",1
NE,1997,"Défense nationale, protection de la population, police.Sécurité intérieure.Maintien de la tranquillité et de l'ordre public.Chiens, animaux dangereux",1
NE,1997,"Aménagement du territoire et constructions, expropriation, travaux publics, énergie, transports, environnement.Travaux publics.Bâtiments et terrains publics",1
NE,1997,"Santé, travail, droit des assurances sociales, logement, homes.Droit des assurances sociales.Assurance maternité, contributions financières aux mères",1
NE,1997,Economie.Agriculture.Culture des plantes.Vignoble,1
NE,1997,Economie.Agriculture.Culture des plantes.Lutte contre les parasites,1
NE,1998,Etat,1
NE,1998,Etat.Dispositions générales.Etablissement et séjour.Etablissement et séjour Suisses.contrôle des habitants,1
NE,1998,Etat.Autorités.Protection des données,1
NE,1998,"Enseignement, sciences, documentation et culture.Degré tertiaire: Hautes écoles.Pédagogie",1
NE,1998,"Aménagement du territoire et constructions, expropriation, travaux publics, énergie, transports, environnement",1
NE,1998,"Santé, travail, droit des assurances sociales, logement, homes.Assistance.Aide sociale",1
NE,1998,Economie.Agriculture.Mesures d'encouragement,1
NE,1998,Economie.Agriculture.Culture des plantes.Vignoble,2
NE,1999,Droit civil,1
NE,1999,"Enseignement, sciences, documentation et culture",1
NE,1999,"Enseignement, sciences, documentation et culture.Degré tertiaire: universités.Faculté de philosophie",1
NE,1999,"Enseignement, sciences, documentation et culture.Assurance de la qualité, surveillance, direction.Surveillance scolaire",1
NE,1999,"Aménagement du territoire et constructions, expropriation, travaux publics, énergie, transports, environnement",1
NE,1999,"Santé, travail, droit des assurances sociales, logement, homes.Droit des assurances sociales.LAMAL.Tarifs.Conventions",1
NE,1999,Economie.Agriculture.Culture des plantes.Vignoble,1
NE,1999,Economie.Agriculture.Epizooties,1
NE,1999,Economie.Développement économiques dans les régions de montagne,1
NE,2000,Droit civil,1
NE,2000,"Enseignement, sciences, documentation et culture.Degré secondaire II: Formation professionnelle initiale.Passerelle",1
NE,2000,"Enseignement, sciences, documentation et culture.Degré tertiaire: Hautes écoles.Pédagogie",1
NE,2000,"Enseignement, sciences, documentation et culture.Pédagogie spécialisée.Intégration des écoliers étrangers",1
NE,2000,"Enseignement, sciences, documentation et culture.Corps enseignant.Personnel des universités",1
NE,2000,"Finances, Impôts, monopoles, entreprises d'état.Impôts.Impôts sur le revenu et la fortune / impôts sur les bénéfices et les capitaux.Impôt cantonal",2
NE,2000,"Aménagement du territoire et constructions, expropriation, travaux publics, énergie, transports, environnement.Travaux publics.Bâtiments et terrains publics",1
NE,2000,"Santé, travail, droit des assurances sociales, logement, homes",2
NE,2001,"Enseignement, sciences, documentation et culture.Degré prescolaire, école primaire, degré secondaire I.Crèches",1
NE,2001,"Enseignement, sciences, documentation et culture.Degré tertiaire: Hautes écoles.Etudes sociales",2
NE,2001,"Enseignement, sciences, documentation et culture.Assurance de la qualité, surveillance, direction.Autorités scolaires",1
NE,2001,"Finances, Impôts, monopoles, entreprises d'état.Finances.Contributions étatiques, subventions",1
NE,2001,"Finances, Impôts, monopoles, entreprises d'état.Entreprises d'Etat.Banques cantonales",1
NE,2001,"Aménagement du territoire et constructions, expropriation, travaux publics, énergie, transports, environnement",1
NE,2001,Economie.Arts et métiers.Services.Crédit à la consommation,1
NE,2001,Economie.Commerce.Commerce itinérant,1
NE,2002,Etat,2
NE,2002,Etat.Autorités.Protection des données,1
NE,2002,"Enseignement, sciences, documentation et culture",4
NE,2002,"Enseignement, sciences, documentation et culture.Degré prescolaire, école primaire, degré secondaire I.Crèches",1
NE,2002,"Enseignement, sciences, documentation et culture.Degré tertiaire: universités.Faculté de sciences économiques",3
NE,2002,"Enseignement, sciences, documentation et culture.Degré tertiaire: universités.Faculté de philosophie",4
NE,2002,"Enseignement, sciences, documentation et culture.Degré tertiaire: universités.Autres filières d'études",2
NE,2002,"Enseignement, sciences, documentation et culture.Formation continue (Degré quaternaire).Formation des adultes",1
NE,2002,"Aménagement du territoire et constructions, expropriation, travaux publics, énergie, transports, environnement",3
NE,2002,"Santé, travail, droit des assurances sociales, logement, homes.Santé.Professions médicales.Psychothérapeutes",1
NE,2002,Economie.Agriculture.Culture des plantes.Vignoble,1
NE,2003,"Santé, travail, droit des assurances sociales, logement, homes.Droit des assurances sociales.LAMAL.Tarifs.Conventions",1
NE,2004,Etat.Autorités.Gouvernement et administration.Administration.Directions et offices,1
NE,2004,Etat.Autorités.Informatique.E-Government,1
NE,2004,Droit civil.Dispositions générales d'introduction du code des obligations.Des divers contrats.Contrat de travail.Contrats-type.Agriculture,1
NE,2004,Droit pénal,1
NE,2004,"Enseignement, sciences, documentation et culture.Degré tertiaire: universités.Faculté de droit",1
NE,2004,"Enseignement, sciences, documentation et culture.Degré tertiaire: universités.Faculté de sciences naturelles",1
NE,2004,"Enseignement, sciences, documentation et culture.Corps enseignant.Engagement",1
NE,2004,"Aménagement du territoire et constructions, expropriation, travaux publics, énergie, transports, environnement.Energie.Approvisionnement en énergie",1
NE,2004,"Santé, travail, droit des assurances sociales, logement, homes",1
NE,2004,"Santé, travail, droit des assurances sociales, logement, homes.Droit des assurances sociales.Prestations complémentaires",1
NE,2004,"Santé, travail, droit des assurances sociales, logement, homes.Droit des assurances sociales.Allocation perte de gain",1
NE,2004,"Santé, travail, droit des assurances sociales, logement, homes.Droit des assurances sociales.Assurance-chômage",1
NE,2004,Economie.Agriculture.Culture des plantes.Vignoble,1
NE,2005,Etat,3
NE,2005,"Enseignement, sciences, documentation et culture.Degré prescolaire, école primaire, degré secondaire I.Crèches",1
NE,2005,"Enseignement, sciences, documentation et culture.Degré prescolaire, école primaire, degré secondaire I.Ecole primaire, degré secondaire I",1
NE,2005,"Enseignement, sciences, documentation et culture.Degré tertiaire: universités.Faculté de sciences économiques",1
NE,2005,"Enseignement, sciences, documentation et culture.Degré tertiaire: universités.Faculté de philosophie",2
NE,2005,"Finances, Impôts, monopoles, entreprises d'état.Finances.Contributions étatiques, subventions",1
NE,2005,"Finances, Impôts, monopoles, entreprises d'état.Impôts.Impôts sur le revenu et la fortune / impôts sur les bénéfices et les capitaux.Impôt cantonal",1
NE,2005,"Santé, travail, droit des assurances sociales, logement, homes",2
NE,2005,"Santé, travail, droit des assurances sociales, logement, homes.Droit du travail.Marché du travail.Travail au noir",1
NE,2006,Droit pénal.Droit pénal des mineurs et procédure pénale des mineurs,1
NE,2006,"Enseignement, sciences, documentation et culture.Degré secondaire II.Ecoles moyennes supérieures, écoles des culture générale, écoles de degré diplôme",1
NE,2006,"Enseignement, sciences, documentation et culture.Degré tertiaire: universités.Faculté de médecine humaine et vétérinaire",1
NE,2006,"Santé, travail, droit des assurances sociales, logement, homes.Assistance.Homes.Foyers pour enfants et adolescents",1
NE,2007,"Enseignement, sciences, documentation et culture.Degré tertiaire: universités.Faculté de sciences économiques",2
NE,2007,"Enseignement, sciences, documentation et culture.Degré tertiaire: universités.Faculté de philosophie",1
NE,2007,"Enseignement, sciences, documentation et culture.Pédagogie spécialisée.Logopédie",1
NE,2008,"Etat.Autorités.Gouvernement et administration.Droit du personnel.Traitements, indemnités",1
NE,2008,Droit pénal.Droit pénal des mineurs et procédure pénale des mineurs,1
NE,2008,"Enseignement, sciences, documentation et culture.Degré tertiaire: universités.Faculté de sciences économiques",1
NE,2008,"Enseignement, sciences, documentation et culture.Structures d'accueil complémentaires",1
NE,2009,"Enseignement, sciences, documentation et culture.Degré tertiaire: universités.Faculté de droit",1
NE,2010,Droit pénal.Amendes d'ordre,2
NE,2010,"Enseignement, sciences, documentation et culture.Degré tertiaire: universités.Faculté de sciences naturelles",1
NE,2010,"Santé, travail, droit des assurances sociales, logement, homes.Assistance.Homes.Etablissements pour personnes âgées",1
NE,2011,"Enseignement, sciences, documentation et culture.Degré tertiaire: universités.Faculté de sciences naturelles",1
NE,2011,"Santé, travail, droit des assurances sociales, logement, homes",1
NE,2012,"Défense nationale, protection de la population, police",1
NE,2014,"Etat.Autorités.Gouvernement et administration.Droit du personnel.Durée du travail, vacances, congés",1
NE,2014,Economie.Agriculture.Culture des plantes.Vignoble,1
NE,2016,"Enseignement, sciences, documentation et culture",1
NE,2016,"Enseignement, sciences, documentation et culture.Degré tertiaire: universités.Faculté de sciences naturelles",3
NE,2017,"Aménagement du territoire et constructions, expropriation, travaux publics, énergie, transports, environnement.Aménagement du territoire et constructions.Plans",1
NE,2019,"Enseignement, sciences, documentation et culture",2
NE,2020,"Etat.Autorités.Gouvernement et administration.Droit du personnel.Traitements, indemnités",1
NW,1787,Etat.Dispositions générales.Droit de cité,1
NW,1951,"Enseignement, sciences, documentation et culture.Art, culture, sport.Encouragement à la culture",1
NW,1964,Economie,1
NW,1967,"Santé, travail, droit des assurances sociales, logement, homes.Santé.Etablissements hospitaliers, cliniques.Hôpitaux cantonaux",1
NW,1968,Publications sans texte,1
NW,1969,"Aménagement du territoire et constructions, expropriation, travaux publics, énergie, transports, environnement.Travaux publics.Routes.Routes nationales",1
NW,1975,Etat.Eglise et Etat.Eglise catholique romaine,1
NW,1978,Economie,1
NW,1979,"Santé, travail, droit des assurances sociales, logement, homes",2
NW,1981,Droit pénal.Exécution des peines et des mesures.Etablissements.Personnel,1
NW,1981,Economie.Commerce.Poids et mesures. moyens de paiement,1
NW,1982,"Etat.Dispositions générales.Droits fondamentaux, droits politiques.droits politiques.Elections et votations",1
NW,1985,Droit civil.Dispositions générales d'introduction du code des obligations.Des divers contrats.Contrat de travail.Contrats-type.Employés de maison,1
NW,1985,"Finances, Impôts, monopoles, entreprises d'état.Finances.Contributions étatiques, subventions",1
NW,1988,"Enseignement, sciences, documentation et culture.Degré secondaire II.Ecole moyenne",1
NW,1988,"Enseignement, sciences, documentation et culture.Art, culture, sport.Encouragement à la culture",1
NW,1989,Economie.Agriculture.Apiculture,1
NW,1991,"Santé, travail, droit des assurances sociales, logement, homes.Santé.Etablissements hospitaliers, cliniques.Hôpitaux cantonaux",1
NW,1992,"Finances, Impôts, monopoles, entreprises d'état.Finances.Contributions étatiques, subventions",5
NW,1992,"Santé, travail, droit des assurances sociales, logement, homes.Droit des assurances sociales.LAMAL.Tarifs.Conventions",1
NW,1992,"Santé, travail, droit des assurances sociales, logement, homes.Assistance.Homes.Etablissements pour personnes âgées",1
NW,1994,"Santé, travail, droit des assurances sociales, logement, homes",1
NW,1995,"Droit civil.Dispositions d'introduction du code civil.Droits réels.Registre foncier, mensurations cadastrales",1
NW,1996,Droit civil.Dispositions d'introduction du code civil.Droits réels.Estimation officielle des immeubles,1
NW,1997,"Aménagement du territoire et constructions, expropriation, travaux publics, énergie, transports, environnement",1
NW,1997,"Santé, travail, droit des assurances sociales, logement, homes.Santé.Etablissements hospitaliers, cliniques.Hôpitaux cantonaux",2
NW,1997,Economie.Développement économiques dans les régions de montagne,1
NW,1998,"Défense nationale, protection de la population, police.Protection de la population.Protection contre les incendies / éléments naturels.Protection contre les incendies",1
NW,1998,"Défense nationale, protection de la population, police.Protection de la population.Protection contre les incendies / éléments naturels.Ramoneurs",1
NW,2000,"Enseignement, sciences, documentation et culture.Corps enseignant.Traitement, indemnités",4
NW,2002,Etat.Eglise et Etat.Eglise évangélique réformée,1
NW,2002,"Aménagement du territoire et constructions, expropriation, travaux publics, énergie, transports, environnement.Aménagement du territoire et constructions.Plans",1
NW,2002,"Santé, travail, droit des assurances sociales, logement, homes.Santé.Etablissements hospitaliers, cliniques.Hôpitaux cantonaux",1
NW,2002,"Santé, travail, droit des assurances sociales, logement, homes.Santé.Professions médicales.Vétérinaires",1
NW,2002,Economie.Agriculture.Epizooties,1
NW,2004,"Etat.Autorités.Gouvernement et administration.Droit du personnel.Pensions, prestations d'assurance",1
NW,2004,"Aménagement du territoire et constructions, expropriation, travaux publics, énergie, transports, environnement",1
NW,2004,"Santé, travail, droit des assurances sociales, logement, homes",1
NW,2005,"Santé, travail, droit des assurances sociales, logement, homes.Santé.Etablissements hospitaliers, cliniques.Hôpitaux cantonaux",1
NW,2006,"Finances, Impôts, monopoles, entreprises d'état.Monopoles, régales, entreprises d'état.Chasse.Chasseurs",2
NW,2006,Economie.Agriculture.Epizooties,1
NW,2008,"Finances, Impôts, monopoles, entreprises d'état.Impôts.Impôts sur le revenu et la fortune / impôts sur les bénéfices et les capitaux.Impôt cantonal",1
NW,2009,"Enseignement, sciences, documentation et culture.Corps enseignant.Traitement, indemnités",1
NW,2011,"Santé, travail, droit des assurances sociales, logement, homes",1
NW,2012,"Droit civil.Dispositions d'introduction du code civil.Droits réels.Registre foncier, mensurations cadastrales",1
NW,2012,"Santé, travail, droit des assurances sociales, logement, homes",2
NW,unknown,Publications sans texte,32
OW,1951,Etat.Eglise et Etat.Eglise évangélique réformée,1
OW,1953,"Aménagement du territoire et constructions, expropriation, travaux publics, énergie, transports, environnement",1
OW,1956,"Aménagement du territoire et constructions, expropriation, travaux publics, énergie, transports, environnement.Energie.Forces hydrauliques",1
OW,1961,"Aménagement du territoire et constructions, expropriation, travaux publics, énergie, transports, environnement.Energie.Electricité",1
OW,1969,"Aménagement du territoire et constructions, expropriation, travaux publics, énergie, transports, environnement.Protection de l'environnement.Produits toxiques et chimiques",1
OW,1971,Etat.Dispositions générales.Constitution,1
OW,1972,Etat.Eglise et Etat.Eglise évangélique réformée,1
OW,1973,Etat.Dispositions générales.Constitution,1
OW,1973,Droit civil.Dispositions générales d'introduction du code des obligations.Des divers contrats.Contrat de travail.Contrats-type.Employés de maison,1
OW,1977,"Enseignement, sciences, documentation et culture.Corps enseignant.Formation",1
OW,1977,"Aménagement du territoire et constructions, expropriation, travaux publics, énergie, transports, environnement",1
OW,1979,"Enseignement, sciences, documentation et culture.Degré secondaire II.Ecole moyenne",1
OW,1979,"Défense nationale, protection de la population, police.Sécurité intérieure.Police.Coopération en matière de police",1
OW,1980,"Enseignement, sciences, documentation et culture",1
OW,1982,"Aménagement du territoire et constructions, expropriation, travaux publics, énergie, transports, environnement.Energie.Forces hydrauliques",1
OW,1983,"Aménagement du territoire et constructions, expropriation, travaux publics, énergie, transports, environnement.Travaux publics.Aménagement des eaux.Utilisation des eaux",1
OW,1984,Droit civil.Dispositions générales d'introduction du code des obligations.Des divers contrats.Contrat de travail.Contrats-type.Agriculture,1
OW,1986,"Droit civil.Dispositions d'introduction du code civil.Droits réels.Registre foncier, mensurations cadastrales",1
OW,1988,Economie.Commerce.Poids et mesures. moyens de paiement,1
OW,1989,Etat.Eglise et Etat.Eglise évangélique réformée,1
OW,1990,"Défense nationale, protection de la population, police.Protection de la population.Protection contre les incendies / éléments naturels.Protection contre les incendies",1
OW,1990,"Défense nationale, protection de la population, police.Protection de la population.Protection contre les incendies / éléments naturels.Ramoneurs",2
OW,1990,"Santé, travail, droit des assurances sociales, logement, homes.Santé.Etablissements hospitaliers, cliniques.Hôpitaux cantonaux",2
OW,1991,"Aménagement du territoire et constructions, expropriation, travaux publics, énergie, transports, environnement.Transports.Funiculaires, téléphériques, téléskis",1
OW,1993,"Enseignement, sciences, documentation et culture.Degré secondaire II.Ecole moyenne",1
OW,1996,"Enseignement, sciences, documentation et culture.Pédagogie spécialisée.Ecoles spécialisées",1
OW,1997,"Finances, Impôts, monopoles, entreprises d'état.Finances.Contributions étatiques, subventions",1
OW,1997,Economie,2
OW,1998,Economie.Arts et métiers.Services.Tourisme,1
OW,2000,"Aménagement du territoire et constructions, expropriation, travaux publics, énergie, transports, environnement.Protection de l'environnement.Déchets",1
OW,2002,"Santé, travail, droit des assurances sociales, logement, homes.Santé.Hygiène.Denrées alimentaires, objets d'usage courant.Surveillance des aliments",2
OW,2002,"Santé, travail, droit des assurances sociales, logement, homes.Logement.Logement dans les zones de montagne",1
OW,2003,"Aménagement du territoire et constructions, expropriation, travaux publics, énergie, transports, environnement.Transports.Transports publics.Transports ferroviaires",2
OW,2004,Etat,1
OW,2004,Etat.Communes.Finances communales,1
OW,2004,"Enseignement, sciences, documentation et culture.Degré secondaire II: Formation professionnelle initiale.Solutions transitoires",1
OW,2004,"Défense nationale, protection de la population, police.Protection de la population.Protection contre les incendies / éléments naturels.Protection contre le feu, pompiers",1
OW,2004,"Aménagement du territoire et constructions, expropriation, travaux publics, énergie, transports, environnement.Travaux publics.Aménagement des eaux.Utilisation des eaux",1
OW,2004,"Aménagement du territoire et constructions, expropriation, travaux publics, énergie, transports, environnement.Energie.Forces hydrauliques",1
OW,2004,"Aménagement du territoire et constructions, expropriation, travaux publics, énergie, transports, environnement.Protection de l'environnement.Substances dangereuses pour l'environnement",1
OW,2005,"Finances, Impôts, monopoles, entreprises d'état.Monopoles, régales, entreprises d'état.Chasse.Chasseurs",1
OW,2005,"Santé, travail, droit des assurances sociales, logement, homes.Santé.Etablissements hospitaliers, cliniques.Hôpitaux cantonaux",2
OW,2005,"Santé, travail, droit des assurances sociales, logement, homes.Santé.Professions médicales.Vétérinaires",2
OW,2005,"Santé, travail, droit des assurances sociales, logement, homes.Santé.Hygiène.Denrées alimentaires, objets d'usage courant.Surveillance des aliments",2
OW,2006,"Droit civil.Dispositions d'introduction du code civil.Droits réels.Registre foncier, mensurations cadastrales",1
OW,2006,"Santé, travail, droit des assurances sociales, logement, homes",1
OW,2006,Economie.Agriculture.Lait,2
OW,2007,"Aménagement du territoire et constructions, expropriation, travaux publics, énergie, transports, environnement.Aménagement du territoire et constructions.Procédure",1
OW,2007,"Aménagement du territoire et constructions, expropriation, travaux publics, énergie, transports, environnement.Travaux publics.Aménagement des eaux.Utilisation des eaux",2
OW,2007,"Aménagement du territoire et constructions, expropriation, travaux publics, énergie, transports, environnement.Energie.Forces hydrauliques",2
OW,2007,"Santé, travail, droit des assurances sociales, logement, homes.Santé.Professions médicales.Vétérinaires",1
OW,2008,"Aménagement du territoire et constructions, expropriation, travaux publics, énergie, transports, environnement.Travaux publics.Aménagement des eaux.Utilisation des eaux",1
OW,2008,"Aménagement du territoire et constructions, expropriation, travaux publics, énergie, transports, environnement.Energie.Forces hydrauliques",1
OW,2008,Economie.Agriculture.Epizooties,1
OW,2010,"Défense nationale, protection de la population, police.Sécurité intérieure.Police.Coopération en matière de police",1
OW,2010,"Aménagement du territoire et constructions, expropriation, travaux publics, énergie, transports, environnement.Energie.Forces hydrauliques",2
OW,2011,"Enseignement, sciences, documentation et culture.Degré tertiaire: Hautes écoles.Pédagogie",1
OW,2011,"Aménagement du territoire et constructions, expropriation, travaux publics, énergie, transports, environnement.Travaux publics.Aménagement des eaux.Utilisation des eaux",1
OW,2011,"Aménagement du territoire et constructions, expropriation, travaux publics, énergie, transports, environnement.Energie.Forces hydrauliques",1
OW,2012,"Enseignement, sciences, documentation et culture",1
OW,2016,Etat,1
OW,2016,Droit civil,1
OW,2017,"Enseignement, sciences, documentation et culture.Pédagogie spécialisée.Ecoles d'art et de sport",1
OW,2017,"Santé, travail, droit des assurances sociales, logement, homes.Santé.Etablissements hospitaliers, cliniques.Hôpitaux cantonaux",1
OW,2018,Economie,1
OW,2025,"Aménagement du territoire et constructions, expropriation, travaux publics, énergie, transports, environnement.Energie.Forces hydrauliques",2
SG,1953,"Enseignement, sciences, documentation et culture.Documentation.Archives",1
SG,1957,"Enseignement, sciences, documentation et culture",1
SG,1960,Economie.Arts et métiers.Services.Professions soumises à autorisation,1
SG,1964,Economie.Arts et métiers.Services.Professions soumises à autorisation,1
SG,1965,Etat.Eglise et Etat.Eglise catholique romaine,2
SG,1967,"Enseignement, sciences, documentation et culture.Contributions à la formation.Bourses d'études",1
SG,1968,"Finances, Impôts, monopoles, entreprises d'état.Monopoles, régales, entreprises d'état.Chasse.Chasseurs",2
SG,1971,"Enseignement, sciences, documentation et culture.Corps enseignant.Traitement, indemnités",1
SG,1971,"Finances, Impôts, monopoles, entreprises d'état.Monopoles, régales, entreprises d'état.Chasse.Chasseurs",1
SG,1973,"Santé, travail, droit des assurances sociales, logement, homes",1
SG,1974,Etat.Dispositions générales.Publications officielles.Recueils de législation,1
SG,1974,Etat.Eglise et Etat.Eglise évangélique réformée,1
SG,1974,Economie.Arts et métiers.Services.Professions soumises à autorisation,1
SG,1976,Etat,1
SG,1976,"Enseignement, sciences, documentation et culture.Contributions à la formation.Ecolages",1
SG,1976,"Enseignement, sciences, documentation et culture.Assurance de la qualité, surveillance, direction.Assurance scolaire",1
SG,1977,Etat,1
SG,1977,Etat.Autorités.Gouvernement et administration.Droit du personnel.Engagement,1
SG,1978,"Finances, Impôts, monopoles, entreprises d'état.Monopoles, régales, entreprises d'état.Chasse.Chasseurs",1
SG,1979,Etat.Eglise et Etat.Eglise catholique romaine,1
SG,1980,Etat.Eglise et Etat.Eglise évangélique réformée,1
SG,1980,"Enseignement, sciences, documentation et culture.Degré secondaire II: Formation professionnelle initiale.Ecoles professionnelles.Enseignement ménager",1
SG,1981,"Défense nationale, protection de la population, police",1
SG,1983,Etat.Eglise et Etat.Eglise catholique romaine,2
SG,1983,"Enseignement, sciences, documentation et culture.Corps enseignant.Traitement, indemnités",1
SG,1984,"Enseignement, sciences, documentation et culture.Degré tertiaire: Ecoles supérieures",1
SG,1984,"Aménagement du territoire et constructions, expropriation, travaux publics, énergie, transports, environnement",1
SG,1984,"Santé, travail, droit des assurances sociales, logement, homes.Droit des assurances sociales.Caisses de compensation",1
SG,1986,Droit civil.Dispositions générales d'introduction du code des obligations.Des divers contrats.Contrat de travail.Contrats-type.Employés de maison,1
SG,1987,Economie.Arts et métiers.Services.Professions soumises à autorisation,1
SG,1988,"Enseignement, sciences, documentation et culture",1
SG,1988,"Enseignement, sciences, documentation et culture.Contributions à la formation.Emoluments scolaires",1
SG,1988,Economie,1
SG,1991,Etat,1
SG,1991,"Enseignement, sciences, documentation et culture.Degré secondaire II.Ecole moyenne",1
SG,1991,"Santé, travail, droit des assurances sociales, logement, homes",1
SG,1992,"Finances, Impôts, monopoles, entreprises d'état.Monopoles, régales, entreprises d'état.Chasse.Chasseurs",2
SG,1993,"Santé, travail, droit des assurances sociales, logement, homes",1
SG,1994,Etat.Professions juridiques.Avocats.Honoraires,1
SG,1994,Economie.Commerce.Poids et mesures. moyens de paiement,2
SG,1995,"Enseignement, sciences, documentation et culture",2
SG,1996,Etat,1
SG,1997,"Etat.Autorités.Organisation judiciaire.Emoluments judiciaires, frais de justice",1
SG,1997,"Enseignement, sciences, documentation et culture",1
SG,1997,"Enseignement, sciences, documentation et culture.Reconnaissance des diplômes",3
SG,1998,Etat.Eglise et Etat.Eglise catholique romaine,1
SG,1998,"Enseignement, sciences, documentation et culture",1
SG,1999,"Enseignement, sciences, documentation et culture.Corps enseignant.Formation",1
SG,2000,Etat.Autorités.Gouvernement et administration.Emoluments administratifs,1
SG,2000,"Droit civil.Dispositions d'introduction du code civil.Droits réels.Registre foncier, mensurations cadastrales",1
SG,2000,"Enseignement, sciences, documentation et culture",1
SG,2002,"Enseignement, sciences, documentation et culture",1
SG,2002,"Enseignement, sciences, documentation et culture.Degré secondaire II: Formation professionnelle initiale.Solutions transitoires",1
SG,2002,"Santé, travail, droit des assurances sociales, logement, homes.Santé.Etablissements hospitaliers, cliniques.Cliniques psychiatriques",1
SG,2003,Droit civil.Dispositions générales d'introduction du code des obligations.Des divers contrats.Contrat de travail.Contrats-type.Agriculture,1
SG,2003,"Enseignement, sciences, documentation et culture",2
SG,2003,"Enseignement, sciences, documentation et culture.Degré tertiaire: Hautes écoles.Pédagogie",1
SG,2003,"Enseignement, sciences, documentation et culture.Contributions à la formation.Emoluments scolaires",1
SG,2003,"Santé, travail, droit des assurances sociales, logement, homes.Santé.Etablissements hospitaliers, cliniques.Cliniques psychiatriques",1
SG,2004,"Enseignement, sciences, documentation et culture.Degré secondaire II.Ecoles moyennes supérieures, écoles des culture générale, écoles de degré diplôme",1
SG,2005,Droit civil.Dispositions générales d'introduction du code des obligations.Des divers contrats.Contrat de travail.Conventions collectives.Déclaration de force obligatoire générale,1
SG,2005,Droit pénal.Procédure pénale.Médecine légale,1
SG,2005,"Enseignement, sciences, documentation et culture",1
SG,2005,"Aménagement du territoire et constructions, expropriation, travaux publics, énergie, transports, environnement.Transports.Circulation routière.Impôts et taxes de la circulation",1
SG,2005,"Santé, travail, droit des assurances sociales, logement, homes.Droit des assurances sociales.LAMAL.Listes des hôpitaux",1
SG,2005,"Santé, travail, droit des assurances sociales, logement, homes.Droit des assurances sociales.Allocations familiales.Travailleurs agricoles",1
SG,2006,"Santé, travail, droit des assurances sociales, logement, homes",1
SG,2007,"Enseignement, sciences, documentation et culture",1
SG,2007,"Enseignement, sciences, documentation et culture.Degré tertiaire: Hautes écoles.Pédagogie",1
SG,2008,"Enseignement, sciences, documentation et culture.Degré tertiaire: universités.Faculté de droit",1
SG,2008,"Enseignement, sciences, documentation et culture.Corps enseignant.Formation",1
SG,2010,"Enseignement, sciences, documentation et culture.Corps enseignant.Formation",2
SG,2010,"Santé, travail, droit des assurances sociales, logement, homes",1
SG,2011,"Aménagement du territoire et constructions, expropriation, travaux publics, énergie, transports, environnement.Travaux publics.Aménagement des eaux.Corrections des eaux / Protection contre les crues",1
SG,2011,"Santé, travail, droit des assurances sociales, logement, homes.Santé.Laboratoires médicaux",1
SG,2011,Economie,1
SG,2012,"Enseignement, sciences, documentation et culture.Corps enseignant.Formation",1
SG,2012,"Santé, travail, droit des assurances sociales, logement, homes.Santé.Etablissements hospitaliers, cliniques.Cliniques psychiatriques",1
SG,2014,"Aménagement du territoire et constructions, expropriation, travaux publics, énergie, transports, environnement.Protection de la nature et du paysage.Protection des monuments et des biens culturels",1
SG,2015,Etat.Eglise et Etat.Eglise catholique romaine,1
SG,2016,"Enseignement, sciences, documentation et culture.Sciences, recherche",1
SG,2016,"Santé, travail, droit des assurances sociales, logement, homes.Santé.Etablissements hospitaliers, cliniques.Hôpitaux cantonaux",1
SG,2016,"Santé, travail, droit des assurances sociales, logement, homes.Santé.Etablissements hospitaliers, cliniques.Cliniques psychiatriques",1
SG,2017,"Santé, travail, droit des assurances sociales, logement, homes",1
SG,2019,"Enseignement, sciences, documentation et culture.Documentation.Archives",1
SG,2020,Etat.Eglise et Etat.Eglise catholique chrétienne,1
SG,2021,Etat,1
SG,2024,"Santé, travail, droit des assurances sociales, logement, homes.Santé.Etablissements hospitaliers, cliniques.Hôpitaux cantonaux",1
SH,1902,"Aménagement du territoire et constructions, expropriation, travaux publics, énergie, transports, environnement.Energie.Electricité",1
SH,1914,"Aménagement du territoire et constructions, expropriation, travaux publics, énergie, transports, environnement.Energie.Forces hydrauliques",1
SH,1915,"Aménagement du territoire et constructions, expropriation, travaux publics, énergie, transports, environnement.Travaux publics.Aménagement des eaux.Utilisation des eaux",1
SH,1927,Droit civil.Poursuites pour dettes et faillites.Organisation,1
SH,1930,Droit civil.Arbitrage,1
SH,1936,Droit civil.Poursuites pour dettes et faillites.Organisation,1
SH,1947,"Aménagement du territoire et constructions, expropriation, travaux publics, énergie, transports, environnement",1
SH,1948,"Santé, travail, droit des assurances sociales, logement, homes.Droit des assurances sociales.AVS/AI",1
SH,1949,"Aménagement du territoire et constructions, expropriation, travaux publics, énergie, transports, environnement",1
SH,1953,Economie.Agriculture.Lait,1
SH,1954,"Etat.Dispositions générales.Territoire.Délimitations territoriales, districts",1
SH,1955,"Droit civil.Dispositions d'introduction du code civil.Droits réels.Registre foncier, mensurations cadastrales",1
SH,1962,"Enseignement, sciences, documentation et culture.Sport scolaire",1
SH,1965,"Etat.Autorités.Gouvernement et administration.Droit du personnel.Pensions, prestations d'assurance",1
SH,1970,"Défense nationale, protection de la population, police.Sécurité intérieure.Armes et munitions",1
SH,1972,"Enseignement, sciences, documentation et culture.Assurance de la qualité, surveillance, direction.Bâtiments scolaires",1
SH,1972,"Santé, travail, droit des assurances sociales, logement, homes.Logement.Mesures d'encouragement à la construction de logements",1
SH,1974,"Enseignement, sciences, documentation et culture.Pédagogie spécialisée.Intégration des écoliers étrangers",1
SH,1974,"Santé, travail, droit des assurances sociales, logement, homes.Santé.Etablissements hospitaliers, cliniques.Hôpitaux cantonaux",1
SH,1975,"Santé, travail, droit des assurances sociales, logement, homes",1
SH,1976,Etat.Eglise et Etat.Eglise catholique romaine,1
SH,1976,"Santé, travail, droit des assurances sociales, logement, homes.Logement.Mesures d'encouragement à la construction de logements",1
SH,1977,Economie.Commerce.Commerce extérieur,1
SH,1978,Droit civil.Procédure civile.Entraide judiciaire,1
SH,1978,Droit civil.Procédure civile.Exécution,1
SH,1978,"Défense nationale, protection de la population, police.Sécurité intérieure.Police.Coopération en matière de police",1
SH,1979,"Droit civil.Dispositions d'introduction du code civil.Droit des personnes, état civil.Fondations, surveillance.Fondations LPP",1
SH,1981,"Enseignement, sciences, documentation et culture.Degré prescolaire, école primaire, degré secondaire I.Ecole primaire, degré secondaire I",2
SH,1982,"Enseignement, sciences, documentation et culture.Assurance de la qualité, surveillance, direction.Médecine scolaire, services psychologiques scolaires",1
SH,1982,"Santé, travail, droit des assurances sociales, logement, homes",1
SH,1982,"Santé, travail, droit des assurances sociales, logement, homes.Droit des assurances sociales.Caisses de compensation",1
SH,1983,"Santé, travail, droit des assurances sociales, logement, homes.Santé.Professions médicales.Médecins",1
SH,1983,"Santé, travail, droit des assurances sociales, logement, homes.Santé.Professions médicales.Pharmaciens",1
SH,1984,"Enseignement, sciences, documentation et culture",1
SH,1985,"Santé, travail, droit des assurances sociales, logement, homes.Assistance.Protection de la jeunesse, aide à la jeunesse",1
SH,1986,Droit civil.Dispositions générales d'introduction du code des obligations.Des divers contrats.Contrat de travail.Contrats-type.Agriculture,1
SH,1987,"Enseignement, sciences, documentation et culture",1
SH,1988,"Santé, travail, droit des assurances sociales, logement, homes",1
SH,1988,Economie.Agriculture.Culture des plantes.Vignoble,1
SH,1989,"Santé, travail, droit des assurances sociales, logement, homes.Santé.Etablissements hospitaliers, cliniques.Hôpitaux cantonaux",1
SH,1992,Droit pénal.Procédure pénale.Entraide judiciaire,1
SH,1993,Droit civil.Dispositions générales d'introduction du code des obligations.Des divers contrats.Contrat de travail.Contrats-type.Employés de maison,1
SH,1993,"Enseignement, sciences, documentation et culture.Formation continue (Degré quaternaire).Formation des adultes",2
SH,1993,"Santé, travail, droit des assurances sociales, logement, homes.Droit des assurances sociales.Assurance-chômage",2
SH,1994,"Enseignement, sciences, documentation et culture.Assurance de la qualité, surveillance, direction.Bâtiments scolaires",1
SH,1994,"Aménagement du territoire et constructions, expropriation, travaux publics, énergie, transports, environnement.Travaux publics.Marchés publics",1
SH,1995,Etat.Dispositions générales.Etablissement et séjour.Etablissement et séjour des étrangers.asile,1
SH,1996,Etat.Autorités.Gouvernement et administration.New Public Management,1
SH,1996,"Enseignement, sciences, documentation et culture",1
SH,1996,"Enseignement, sciences, documentation et culture.Degré tertiaire: Ecoles supérieures",1
SH,1996,"Aménagement du territoire et constructions, expropriation, travaux publics, énergie, transports, environnement.Aménagement du territoire et constructions.Plans",1
SH,1996,"Santé, travail, droit des assurances sociales, logement, homes.Santé.Hygiène.Denrées alimentaires, objets d'usage courant.Surveillance des aliments",1
SH,1998,"Enseignement, sciences, documentation et culture.Degré prescolaire, école primaire, degré secondaire I.Ecole primaire, degré secondaire I",1
SH,1999,"Finances, Impôts, monopoles, entreprises d'état.Finances.Contributions étatiques, subventions",2
SH,2000,Etat.Communes.Finances communales,1
SH,2000,"Défense nationale, protection de la population, police.Sécurité intérieure.Police.Coopération en matière de police",2
SH,2000,"Finances, Impôts, monopoles, entreprises d'état.Finances.Contributions étatiques, subventions",1
SH,2000,"Aménagement du territoire et constructions, expropriation, travaux publics, énergie, transports, environnement.Energie.Electricité",1
SH,2001,Etat.Autorités.Informatique.E-Government,1
SH,2002,"Enseignement, sciences, documentation et culture",1
SH,2002,"Défense nationale, protection de la population, police.Sécurité intérieure.Police.Coopération en matière de police",1
SH,2002,"Santé, travail, droit des assurances sociales, logement, homes",1
SH,2002,"Santé, travail, droit des assurances sociales, logement, homes.Assistance.Homes.Etablissements pour personnes âgées",2
SH,2002,"Santé, travail, droit des assurances sociales, logement, homes.Assistance.Personnes handicapés.Ateliers protégés",2
SH,2003,Etat,1
SH,2003,"Enseignement, sciences, documentation et culture",1
SH,2003,"Enseignement, sciences, documentation et culture.Pédagogie spécialisée.Enfants surdoués",1
SH,2003,"Santé, travail, droit des assurances sociales, logement, homes",2
SH,2003,"Santé, travail, droit des assurances sociales, logement, homes.Santé.Hygiène.Denrées alimentaires, objets d'usage courant.Surveillance des aliments",1
SH,2004,"Défense nationale, protection de la population, police.Sécurité intérieure.Police.Personnel",1
SH,2004,Economie.Promotion de l'économie,1
SH,2005,Etat.Dispositions générales.Collaboration intercantonale,1
SH,2005,"Finances, Impôts, monopoles, entreprises d'état",1
SH,2005,"Santé, travail, droit des assurances sociales, logement, homes.Droit des assurances sociales.Assurance-chômage",1
SH,2005,Economie,2
SH,2006,"Droit civil.Dispositions d'introduction du code civil.Droit des personnes, état civil.Fondations, surveillance.Fondations LPP",1
SH,2006,Economie,1
SH,2007,"Droit civil.Dispositions d'introduction du code civil.Droits réels.Registre foncier, mensurations cadastrales",1
SH,2007,"Enseignement, sciences, documentation et culture",2
SH,2007,"Enseignement, sciences, documentation et culture.Degré prescolaire, école primaire, degré secondaire I.Ecole primaire, degré secondaire I",2
SH,2007,"Enseignement, sciences, documentation et culture.Art, culture, sport.Sport",2
SH,2008,"Santé, travail, droit des assurances sociales, logement, homes",1
SH,2008,"Santé, travail, droit des assurances sociales, logement, homes.Droit des assurances sociales.Allocations familiales.Salariés et indépendants",1
SH,2009,"Enseignement, sciences, documentation et culture.Contributions à la formation.Bourses d'études",1
SH,2009,"Défense nationale, protection de la population, police.Sécurité intérieure.Police.Coopération en matière de police",1
SH,2009,"Aménagement du territoire et constructions, expropriation, travaux publics, énergie, transports, environnement.Transports.Transports publics.Transports régionaux",1
SH,2010,"Aménagement du territoire et constructions, expropriation, travaux publics, énergie, transports, environnement",1
SH,2011,"Droit civil.Dispositions d'introduction du code civil.Droit des personnes, état civil.Fondations, surveillance.Fondations LPP",1
SH,2011,"Finances, Impôts, monopoles, entreprises d'état.Finances.Contributions étatiques, subventions",1
SH,2012,"Finances, Impôts, monopoles, entreprises d'état.Finances.Contributions étatiques, subventions",1
SH,2013,Etat.Dispositions générales.Etablissement et séjour.Etablissement et séjour Suisses.contrôle des habitants,1
SH,2013,"Enseignement, sciences, documentation et culture.Degré tertiaire: Ecoles supérieures",1
SH,2014,"Enseignement, sciences, documentation et culture",1
SH,2015,"Aménagement du territoire et constructions, expropriation, travaux publics, énergie, transports, environnement",1
SH,2015,"Santé, travail, droit des assurances sociales, logement, homes.Santé.Professions médicales.Médecins",1
SH,2016,"Aménagement du territoire et constructions, expropriation, travaux publics, énergie, transports, environnement.Aménagement du territoire et constructions.Plans",1
SH,2018,"Aménagement du territoire et constructions, expropriation, travaux publics, énergie, transports, environnement.Aménagement du territoire et constructions.Procédure",1
SH,2019,"Enseignement, sciences, documentation et culture",1
SH,2019,"Santé, travail, droit des assurances sociales, logement, homes",1
SH,2019,Economie,1
SH,2020,"Enseignement, sciences, documentation et culture",1
SH,2020,"Santé, travail, droit des assurances sociales, logement, homes.Santé.Lutte contre les maladies.Epidémies, pandémies",1
SH,2021,Etat.Autorités.Informatique.E-Government,1
SH,2021,"Santé, travail, droit des assurances sociales, logement, homes.Assistance.Aide sociale",1
SH,2022,"Santé, travail, droit des assurances sociales, logement, homes.Assistance.Aide sociale",1
SH,2023,"Finances, Impôts, monopoles, entreprises d'état.Finances.Budget, comptes",1
SH,2026,Non classé,1
SO,1802,"Enseignement, sciences, documentation et culture.Degré prescolaire, école primaire, degré secondaire I.Ecole primaire, degré secondaire I",1
SO,1802,Publications sans texte,1
SO,1803,Etat.Eglise et Etat.Eglise catholique romaine,3
SO,1828,Etat.Eglise et Etat.Eglise catholique romaine,1
SO,1830,Etat.Eglise et Etat.Eglise catholique romaine,2
SO,1874,Etat.Eglise et Etat.Eglise catholique romaine,1
SO,1874,Etat.Eglise et Etat.Eglise catholique chrétienne,1
SO,1875,Etat.Eglise et Etat.Eglise catholique chrétienne,1
SO,1898,"Finances, Impôts, monopoles, entreprises d'état.Finances.Contributions étatiques, subventions",1
SO,1899,Etat,1
SO,1907,"Santé, travail, droit des assurances sociales, logement, homes",1
SO,1908,"Finances, Impôts, monopoles, entreprises d'état.Finances.Contributions étatiques, subventions",1
SO,1909,Droit civil.Procédure civile.Exécution,1
SO,1909,"Enseignement, sciences, documentation et culture.Corps enseignant.Formation",1
SO,1909,"Finances, Impôts, monopoles, entreprises d'état.Finances.Contributions étatiques, subventions",1
SO,1909,"Finances, Impôts, monopoles, entreprises d'état.Monopoles, régales, entreprises d'état.Régale des sels",1
SO,1911,Etat,1
SO,1911,Droit civil.Procédure civile.Exécution,1
SO,1912,"Finances, Impôts, monopoles, entreprises d'état.Finances.Contributions étatiques, subventions",1
SO,1912,"Santé, travail, droit des assurances sociales, logement, homes.Assistance.Donations et collectes publiques",1
SO,1914,"Santé, travail, droit des assurances sociales, logement, homes.Assistance.Donations et collectes publiques",1
SO,1915,Etat.Autorités.Gouvernement et administration.Gouvernement.Chancellerie de l'Etat,1
SO,1920,Etat.Eglise et Etat.Eglise catholique chrétienne,1
SO,1921,Etat.Eglise et Etat.Eglise catholique romaine,1
SO,1921,Economie.Agriculture.Production animale.Commerce du bétail,1
SO,1923,"Aménagement du territoire et constructions, expropriation, travaux publics, énergie, transports, environnement",1
SO,1924,Droit civil.Dispositions d'introduction du code civil.Droit de la famille.Tutelle,1
SO,1924,"Enseignement, sciences, documentation et culture.Degré prescolaire, école primaire, degré secondaire I.Ecole primaire, degré secondaire I",1
SO,1926,Etat.Eglise et Etat.Eglise catholique romaine,1
SO,1926,Etat.Eglise et Etat.Eglise catholique chrétienne,1
SO,1929,Droit civil.Procédure civile.Exécution,1
SO,1929,"Enseignement, sciences, documentation et culture.Documentation.Bibliothèques",2
SO,1930,Droit civil.Arbitrage,1
SO,1930,"Défense nationale, protection de la population, police",1
SO,1931,Droit civil.Procédure civile.Exécution,1
SO,1931,"Aménagement du territoire et constructions, expropriation, travaux publics, énergie, transports, environnement.Expropriation",1
SO,1931,"Aménagement du territoire et constructions, expropriation, travaux publics, énergie, transports, environnement.Transports.Transports publics.Transports ferroviaires",1
SO,1932,"Aménagement du territoire et constructions, expropriation, travaux publics, énergie, transports, environnement.Travaux publics.Aménagement des eaux.Corrections des eaux / Protection contre les crues",1
SO,1935,"Economie.Arts et métiers.Services.Institutions de crédit / assurances.Banques, bourses",1
SO,1937,"Défense nationale, protection de la population, police",1
SO,1938,"Aménagement du territoire et constructions, expropriation, travaux publics, énergie, transports, environnement.Protection de la nature et du paysage.Protection des monuments et des biens culturels",2
SO,1941,Etat.Dispositions générales.Armoiries,3
SO,1941,"Aménagement du territoire et constructions, expropriation, travaux publics, énergie, transports, environnement.Protection de la nature et du paysage.Protection des monuments et des biens culturels",1
SO,1942,"Défense nationale, protection de la population, police.Sécurité intérieure.Stands de tir",1
SO,1943,Etat.Autorités.Gouvernement et administration.Procédure administrative,1
SO,1943,Economie.Agriculture.Production animale.Commerce du bétail,1
SO,1944,Droit pénal,1
SO,1946,Etat.Eglise et Etat.Eglise catholique romaine,1
SO,1946,Droit civil,1
SO,1947,Etat.Dispositions générales.Territoire.Frontières,1
SO,1947,"Aménagement du territoire et constructions, expropriation, travaux publics, énergie, transports, environnement.Transports.Navigation aérienne.Aéroports",1
SO,1949,"Finances, Impôts, monopoles, entreprises d'état.Impôts.Interdiction des arrangements fiscaux",1
SO,1951,Etat.Eglise et Etat.Eglise catholique romaine,1
SO,1952,"Finances, Impôts, monopoles, entreprises d'état.Impôts.Double imposition",1
SO,1953,"Aménagement du territoire et constructions, expropriation, travaux publics, énergie, transports, environnement",1
SO,1954,Droit civil.Dispositions d'introduction du code civil.Droit de la famille.Tutelle,1
SO,1955,Droit civil,1
SO,1956,"Aménagement du territoire et constructions, expropriation, travaux publics, énergie, transports, environnement",1
SO,1957,Droit civil,1
SO,1957,"Défense nationale, protection de la population, police",1
SO,1957,"Santé, travail, droit des assurances sociales, logement, homes.Droit du travail.Marché du travail.Libre circulation",1
SO,1958,"Aménagement du territoire et constructions, expropriation, travaux publics, énergie, transports, environnement.Protection de la nature et du paysage.Protection des monuments et des biens culturels",1
SO,1960,"Etat.Communes.Bourgeoisies, allmends",1
SO,1960,"Enseignement, sciences, documentation et culture.Degré secondaire II: Formation professionnelle initiale.Orientation professionnelle",1
SO,1960,"Défense nationale, protection de la population, police",1
SO,1960,"Défense nationale, protection de la population, police.Sécurité intérieure.Armes et munitions",1
SO,1960,"Aménagement du territoire et constructions, expropriation, travaux publics, énergie, transports, environnement.Energie.Forces hydrauliques",1
SO,1961,"Enseignement, sciences, documentation et culture.Corps enseignant.Traitement, indemnités",1
SO,1961,"Aménagement du territoire et constructions, expropriation, travaux publics, énergie, transports, environnement.Energie.Forces hydrauliques",1
SO,1962,"Etat.Autorités.Organisation judiciaire.Autorités judiciaires.Tribunaux de district / d'arrondissement, juges de paix",1
SO,1962,"Santé, travail, droit des assurances sociales, logement, homes.Assistance.Protection de la jeunesse, aide à la jeunesse",1
SO,1963,"Enseignement, sciences, documentation et culture",1
SO,1963,"Aménagement du territoire et constructions, expropriation, travaux publics, énergie, transports, environnement",1
SO,1963,"Aménagement du territoire et constructions, expropriation, travaux publics, énergie, transports, environnement.Protection de la nature et du paysage.Protection des monuments et des biens culturels",2
SO,1963,"Santé, travail, droit des assurances sociales, logement, homes",1
SO,1963,Economie.Agriculture.Formation agricole.Ecole agricole,1
SO,1964,"Enseignement, sciences, documentation et culture",1
SO,1964,"Enseignement, sciences, documentation et culture.Corps enseignant.Traitement, indemnités",2
SO,1965,"Enseignement, sciences, documentation et culture.Corps enseignant.Formation",1
SO,1966,"Aménagement du territoire et constructions, expropriation, travaux publics, énergie, transports, environnement.Protection de l'environnement.Protection des eaux",1
SO,1966,"Santé, travail, droit des assurances sociales, logement, homes.Logement.Mesures d'encouragement à la construction de logements",1
SO,1967,"Etat.Autorités.Organisation judiciaire.Autorités judiciaires.Cours supérieures, tribunaux fédéraux",1
SO,1967,"Santé, travail, droit des assurances sociales, logement, homes",1
SO,1967,Publications sans texte,1
SO,1968,"Etat.Autorités.Gouvernement et administration.Droit du personnel.Pensions, prestations d'assurance",2
SO,1968,"Enseignement, sciences, documentation et culture.Degré secondaire II: Formation professionnelle initiale.Orientation professionnelle",1
SO,1968,"Santé, travail, droit des assurances sociales, logement, homes",1
SO,1968,Economie.Forêt.Formation professionnelle,1
SO,1969,Droit civil.Dispositions d'introduction du code civil.Droits réels.Estimation officielle des immeubles,1
SO,1969,"Enseignement, sciences, documentation et culture.Corps enseignant.Traitement, indemnités",1
SO,1969,"Défense nationale, protection de la population, police.Sécurité intérieure.Police.Coopération en matière de police",1
SO,1969,"Santé, travail, droit des assurances sociales, logement, homes.Droit des assurances sociales.LAMAL.Tarifs.Conventions",1
SO,1970,Etat.Dispositions générales.Documents d'identité,1
SO,1970,Etat.Eglise et Etat.Eglise catholique romaine,1
SO,1970,Droit civil,1
SO,1970,"Enseignement, sciences, documentation et culture.Degré prescolaire, école primaire, degré secondaire I.Ecole primaire, degré secondaire I",1
SO,1971,"Etat.Autorités.Gouvernement et administration.Droit du personnel.Traitements, indemnités",1
SO,1971,Etat.Eglise et Etat.Eglise catholique romaine,1
SO,1971,Droit civil,1
SO,1971,"Enseignement, sciences, documentation et culture",2
SO,1971,"Enseignement, sciences, documentation et culture.Degré prescolaire, école primaire, degré secondaire I.Ecole primaire, degré secondaire I",1
SO,1971,"Enseignement, sciences, documentation et culture.Corps enseignant.Traitement, indemnités",1
SO,1971,"Enseignement, sciences, documentation et culture.Assurance de la qualité, surveillance, direction.Coordination",1
SO,1971,"Enseignement, sciences, documentation et culture.Assurance de la qualité, surveillance, direction.Médecine scolaire, services psychologiques scolaires",1
SO,1972,Droit civil,2
SO,1972,Droit civil.Dispositions générales d'introduction du code des obligations.Des divers contrats.Contrat de travail.Contrats-type.Agriculture,1
SO,1972,"Enseignement, sciences, documentation et culture.Degré tertiaire: Ecoles supérieures",1
SO,1972,"Enseignement, sciences, documentation et culture.Assurance de la qualité, surveillance, direction.Surveillance scolaire",1
SO,1972,"Santé, travail, droit des assurances sociales, logement, homes.Santé.Professions médicales.Personnel soignant",1
SO,1973,"Enseignement, sciences, documentation et culture",2
SO,1973,"Enseignement, sciences, documentation et culture.Degré secondaire II.Ecole moyenne",1
SO,1973,"Enseignement, sciences, documentation et culture.Corps enseignant.Formation",1
SO,1973,"Défense nationale, protection de la population, police",2
SO,1973,"Finances, Impôts, monopoles, entreprises d'état.Monopoles, régales, entreprises d'état.Régale des sels",1
SO,1973,"Aménagement du territoire et constructions, expropriation, travaux publics, énergie, transports, environnement",2
SO,1973,"Aménagement du territoire et constructions, expropriation, travaux publics, énergie, transports, environnement.Transports.Funiculaires, téléphériques, téléskis",1
SO,1973,"Santé, travail, droit des assurances sociales, logement, homes.Santé.Professions médicales.Médecins",1
SO,1974,Droit civil,1
SO,1974,"Enseignement, sciences, documentation et culture",1
SO,1974,"Défense nationale, protection de la population, police",1
SO,1975,"Etat.Professions juridiques.Notaires.Taxes, tarifs",1
SO,1975,"Enseignement, sciences, documentation et culture",6
SO,1975,"Enseignement, sciences, documentation et culture.Corps enseignant.Traitement, indemnités",1
SO,1975,"Aménagement du territoire et constructions, expropriation, travaux publics, énergie, transports, environnement",2
SO,1975,"Aménagement du territoire et constructions, expropriation, travaux publics, énergie, transports, environnement.Transports.Transports publics.Transports ferroviaires",1
SO,1975,"Aménagement du territoire et constructions, expropriation, travaux publics, énergie, transports, environnement.Protection de la nature et du paysage.Protection des monuments et des biens culturels",1
SO,1975,"Santé, travail, droit des assurances sociales, logement, homes",1
SO,1976,"Etat.Autorités.Organisation judiciaire.Autorités judiciaires.Tribunaux de district / d'arrondissement, juges de paix",1
SO,1976,"Enseignement, sciences, documentation et culture",5
SO,1976,"Défense nationale, protection de la population, police",1
SO,1976,Economie.Agriculture.Améliorations foncières,1
SO,1977,Etat,1
SO,1977,"Enseignement, sciences, documentation et culture",1
SO,1977,"Santé, travail, droit des assurances sociales, logement, homes",1
SO,1978,Etat,1
SO,1978,Droit civil.Dispositions d'introduction du code civil.Droits réels.Estimation officielle des immeubles,1
SO,1978,"Enseignement, sciences, documentation et culture",4
SO,1978,"Défense nationale, protection de la population, police.Protection de la population.Protection contre les incendies / éléments naturels.Assurances des bâtiments.Assurance contre les dommages causés par les éléments naturels",1
SO,1978,"Aménagement du territoire et constructions, expropriation, travaux publics, énergie, transports, environnement",8
SO,1978,"Aménagement du territoire et constructions, expropriation, travaux publics, énergie, transports, environnement.Aménagement du territoire et constructions.Places de parking",1
SO,1978,"Aménagement du territoire et constructions, expropriation, travaux publics, énergie, transports, environnement.Transports.Transports publics.Transports ferroviaires",1
SO,1978,"Santé, travail, droit des assurances sociales, logement, homes.Assistance.Donations et collectes publiques",1
SO,1979,"Etat.Autorités.Organisation judiciaire.Emoluments judiciaires, frais de justice",1
SO,1979,Droit civil.Dispositions d'introduction du code civil.Droits réels.Estimation officielle des immeubles,1
SO,1979,"Enseignement, sciences, documentation et culture",2
SO,1979,"Enseignement, sciences, documentation et culture.Degré secondaire II: Formation professionnelle initiale.Ecoles professionnelles.Enseignement ménager",1
SO,1979,"Aménagement du territoire et constructions, expropriation, travaux publics, énergie, transports, environnement",1
SO,1979,"Aménagement du territoire et constructions, expropriation, travaux publics, énergie, transports, environnement.Travaux publics.Aménagement des eaux.Corrections des eaux / Protection contre les crues",1
SO,1979,Economie,1
SO,1980,"Enseignement, sciences, documentation et culture",1
SO,1980,"Enseignement, sciences, documentation et culture.Assurance de la qualité, surveillance, direction.Surveillance scolaire",1
SO,1980,"Aménagement du territoire et constructions, expropriation, travaux publics, énergie, transports, environnement.Protection de l'environnement.Protection des eaux",1
SO,1980,"Santé, travail, droit des assurances sociales, logement, homes",1
SO,1980,"Santé, travail, droit des assurances sociales, logement, homes.Assistance.Homes.Foyers pour enfants et adolescents",1
SO,1981,Droit civil.Dispositions d'introduction du code civil.Droits réels.Estimation officielle des immeubles,1
SO,1981,"Aménagement du territoire et constructions, expropriation, travaux publics, énergie, transports, environnement.Travaux publics.Aménagement des eaux.Corrections des eaux / Protection contre les crues",1
SO,1981,"Aménagement du territoire et constructions, expropriation, travaux publics, énergie, transports, environnement.Transports.Circulation routière.Contrôle technique des véhicules",1
SO,1981,Economie.Agriculture.Mesures d'encouragement,1
SO,1982,"Etat.Autorités.Gouvernement et administration.Droit du personnel.Pensions, prestations d'assurance",1
SO,1982,Etat.Eglise et Etat.Eglise évangélique réformée,1
SO,1982,"Enseignement, sciences, documentation et culture",1
SO,1982,"Enseignement, sciences, documentation et culture.Corps enseignant.Prévoyance professionnelle, caisses de pensions",1
SO,1982,"Aménagement du territoire et constructions, expropriation, travaux publics, énergie, transports, environnement.Travaux publics.Aménagement des eaux.Corrections des eaux / Protection contre les crues",1
SO,1983,"Enseignement, sciences, documentation et culture",2
SO,1983,"Défense nationale, protection de la population, police",1
SO,1983,"Aménagement du territoire et constructions, expropriation, travaux publics, énergie, transports, environnement.Protection de la nature et du paysage.Protection des monuments et des biens culturels",1
SO,1984,"Enseignement, sciences, documentation et culture",1
SO,1984,"Enseignement, sciences, documentation et culture.Degré secondaire II.Ecole moyenne",1
SO,1984,"Enseignement, sciences, documentation et culture.Degré tertiaire: Ecoles supérieures",2
SO,1984,"Enseignement, sciences, documentation et culture.Corps enseignant.Traitement, indemnités",3
SO,1984,"Finances, Impôts, monopoles, entreprises d'état",1
SO,1984,"Aménagement du territoire et constructions, expropriation, travaux publics, énergie, transports, environnement.Transports.Transports publics.Transports régionaux",1
SO,1984,Economie.Agriculture.Formation agricole.Ecole agricole,1
SO,1985,"Etat.Autorités.Gouvernement et administration.Droit du personnel.Pensions, prestations d'assurance",1
SO,1985,"Enseignement, sciences, documentation et culture",1
SO,1985,"Enseignement, sciences, documentation et culture.Assurance de la qualité, surveillance, direction.Promotion des technologies d'information",1
SO,1985,"Santé, travail, droit des assurances sociales, logement, homes",1
SO,1986,Etat.Dispositions générales.Armoiries,1
SO,1986,Droit civil,1
SO,1986,Droit civil.Dispositions générales d'introduction du code des obligations.Des divers contrats.Contrat de travail.Contrats-type.Employés de maison,1
SO,1986,"Enseignement, sciences, documentation et culture.Degré prescolaire, école primaire, degré secondaire I.Ecole primaire, degré secondaire I",1
SO,1986,"Finances, Impôts, monopoles, entreprises d'état.Impôts.Taxe foncière",1
SO,1987,Etat.Autorités.Gouvernement et administration.Emoluments administratifs,1
SO,1987,Etat.Communes.Finances communales,1
SO,1987,"Enseignement, sciences, documentation et culture",12
SO,1987,"Défense nationale, protection de la population, police.Protection de la population.Protection contre les incendies / éléments naturels.Protection contre le feu, pompiers",2
SO,1987,Economie.Commerce.Développement et coopération,1
SO,1988,"Etat.Autorités.Organisation judiciaire.Autorités judiciaires.Tribunaux de district / d'arrondissement, juges de paix",1
SO,1988,"Enseignement, sciences, documentation et culture",5
SO,1988,"Enseignement, sciences, documentation et culture.Degré tertiaire: Ecoles supérieures",1
SO,1988,"Enseignement, sciences, documentation et culture.Corps enseignant.Traitement, indemnités",1
SO,1988,"Santé, travail, droit des assurances sociales, logement, homes",1
SO,1989,Etat,2
SO,1989,Etat.Eglise et Etat.Eglise catholique chrétienne,1
SO,1989,"Enseignement, sciences, documentation et culture",4
SO,1989,"Enseignement, sciences, documentation et culture.Corps enseignant.Traitement, indemnités",1
SO,1989,"Enseignement, sciences, documentation et culture.Assurance de la qualité, surveillance, direction.Matériel scolaire",1
SO,1990,Etat,1
SO,1990,Etat.Eglise et Etat.Eglise évangélique réformée,2
SO,1990,"Santé, travail, droit des assurances sociales, logement, homes",2
SO,1990,"Santé, travail, droit des assurances sociales, logement, homes.Droit des assurances sociales.Caisses de compensation",1
SO,1991,Etat,5
SO,1991,Droit pénal,1
SO,1991,"Défense nationale, protection de la population, police.Protection de la population.Protection contre les incendies / éléments naturels.Protection contre le feu, pompiers",1
SO,1991,Economie,1
SO,1992,Etat,1
SO,1992,"Etat.Autorités.Gouvernement et administration.Droit du personnel.Pensions, prestations d'assurance",1
SO,1992,Droit pénal.Procédure pénale.Entraide judiciaire,1
SO,1992,"Enseignement, sciences, documentation et culture.Documentation.Archives",2
SO,1992,"Aménagement du territoire et constructions, expropriation, travaux publics, énergie, transports, environnement.Protection de la nature et du paysage.Protection des monuments et des biens culturels",2
SO,1992,"Santé, travail, droit des assurances sociales, logement, homes.Santé.Etablissements hospitaliers, cliniques.Hôpitaux cantonaux",1
SO,1993,Droit pénal.Exécution des peines et des mesures.Patronage,1
SO,1993,"Enseignement, sciences, documentation et culture",1
SO,1993,"Enseignement, sciences, documentation et culture.Formation continue (Degré quaternaire).Formation des adultes",1
SO,1993,"Défense nationale, protection de la population, police.Protection de la population.Protection contre les incendies / éléments naturels.Assurances des bâtiments.Assurance contre les dommages causés par les éléments naturels",1
SO,1993,"Aménagement du territoire et constructions, expropriation, travaux publics, énergie, transports, environnement",1
SO,1994,"Défense nationale, protection de la population, police.Protection de la population.Protection contre les incendies / éléments naturels.Ramoneurs",1
SO,1994,"Aménagement du territoire et constructions, expropriation, travaux publics, énergie, transports, environnement.Travaux publics.Marchés publics",1
SO,1995,"Enseignement, sciences, documentation et culture",3
SO,1995,"Enseignement, sciences, documentation et culture.Degré tertiaire: Ecoles supérieures",1
SO,1995,"Enseignement, sciences, documentation et culture.Corps enseignant.Formation",1
SO,1995,"Enseignement, sciences, documentation et culture.Contributions à la formation.Ecolages",1
SO,1995,"Enseignement, sciences, documentation et culture.Reconnaissance des diplômes",1
SO,1995,"Enseignement, sciences, documentation et culture.Documentation.Bibliothèques",1
SO,1995,"Défense nationale, protection de la population, police.Sécurité intérieure.Police.Coopération en matière de police",1
SO,1995,"Santé, travail, droit des assurances sociales, logement, homes.Droit des assurances sociales.Allocations familiales.Salariés et indépendants",1
SO,1995,Economie,2
SO,1996,"Enseignement, sciences, documentation et culture.Degré tertiaire: Ecoles supérieures",2
SO,1996,"Finances, Impôts, monopoles, entreprises d'état.Monopoles, régales, entreprises d'état.Alcool",1
SO,1996,"Aménagement du territoire et constructions, expropriation, travaux publics, énergie, transports, environnement.Aménagement du territoire et constructions.Affichage et publicité",1
SO,1996,"Aménagement du territoire et constructions, expropriation, travaux publics, énergie, transports, environnement.Travaux publics.Marchés publics",1
SO,1996,"Santé, travail, droit des assurances sociales, logement, homes.Santé.Professions médicales.Médecins",1
SO,1996,"Santé, travail, droit des assurances sociales, logement, homes.Droit des assurances sociales.LAMAL.Réduction des primes",1
SO,1996,Economie,1
SO,1997,Etat,3
SO,1997,Droit civil,1
SO,1997,"Enseignement, sciences, documentation et culture",3
SO,1997,"Enseignement, sciences, documentation et culture.Degré prescolaire, école primaire, degré secondaire I.Ecole primaire, degré secondaire I",1
SO,1998,"Enseignement, sciences, documentation et culture",1
SO,1998,"Enseignement, sciences, documentation et culture.Degré secondaire II.Ecole moyenne",2
SO,1998,"Aménagement du territoire et constructions, expropriation, travaux publics, énergie, transports, environnement",1
SO,1999,Droit pénal,1
SO,1999,"Enseignement, sciences, documentation et culture",1
SO,1999,"Enseignement, sciences, documentation et culture.Degré tertiaire: Ecoles supérieures",1
SO,1999,"Défense nationale, protection de la population, police.Sécurité intérieure.Police.Personnel",1
SO,1999,"Aménagement du territoire et constructions, expropriation, travaux publics, énergie, transports, environnement.Protection de l'environnement.Protection des eaux",1
SO,2000,"Enseignement, sciences, documentation et culture",2
SO,2000,"Enseignement, sciences, documentation et culture.Degré tertiaire: Hautes écoles.Pédagogie",1
SO,2001,"Enseignement, sciences, documentation et culture",5
SO,2001,"Défense nationale, protection de la population, police.Sécurité intérieure.Police.Coopération en matière de police",1
SO,2001,"Aménagement du territoire et constructions, expropriation, travaux publics, énergie, transports, environnement.Travaux publics.Marchés publics",1
SO,2001,"Santé, travail, droit des assurances sociales, logement, homes",1
SO,2002,Etat.Eglise et Etat.Eglise évangélique réformée,1
SO,2002,"Enseignement, sciences, documentation et culture",2
SO,2002,"Enseignement, sciences, documentation et culture.Degré prescolaire, école primaire, degré secondaire I.Ecole enfantine",1
SO,2002,Economie.Forêt.Formation professionnelle,1
SO,2003,"Enseignement, sciences, documentation et culture",1
SO,2003,"Santé, travail, droit des assurances sociales, logement, homes",1
SO,2004,"Enseignement, sciences, documentation et culture.Assurance de la qualité, surveillance, direction.Matériel scolaire",1
SO,2005,Etat.Eglise et Etat.Eglise évangélique réformée,1
SO,2005,"Enseignement, sciences, documentation et culture",5
SO,2005,"Santé, travail, droit des assurances sociales, logement, homes",2
SO,2005,"Santé, travail, droit des assurances sociales, logement, homes.Santé.Professions médicales.Pédicure",1
SO,2006,"Enseignement, sciences, documentation et culture.Degré prescolaire, école primaire, degré secondaire I.Ecole primaire, degré secondaire I",1
SO,2007,"Enseignement, sciences, documentation et culture.Degré secondaire II.Ecole moyenne",1
SO,2007,"Santé, travail, droit des assurances sociales, logement, homes",2
SO,2008,"Enseignement, sciences, documentation et culture.Art, culture, sport.Sport",1
SO,2009,"Enseignement, sciences, documentation et culture",2
SO,2009,"Défense nationale, protection de la population, police.Sécurité intérieure.Police.Coopération en matière de police",1
SO,2010,"Enseignement, sciences, documentation et culture",1
SO,2011,"Aménagement du territoire et constructions, expropriation, travaux publics, énergie, transports, environnement",1
SO,2012,"Droit civil.Dispositions d'introduction du code civil.Droit des personnes, état civil.Fondations, surveillance.Fondations LPP",1
SO,2015,Etat.Communes.Finances communales,1
SO,2015,"Enseignement, sciences, documentation et culture",1
SO,2015,Economie,1
SO,2017,"Santé, travail, droit des assurances sociales, logement, homes",1
SO,2019,"Santé, travail, droit des assurances sociales, logement, homes",1
SO,2020,"Défense nationale, protection de la population, police",1
SO,2020,"Santé, travail, droit des assurances sociales, logement, homes.Santé.Lutte contre les maladies.Epidémies, pandémies",1
SZ,1902,"Aménagement du territoire et constructions, expropriation, travaux publics, énergie, transports, environnement.Energie.Electricité",1
SZ,1930,"Aménagement du territoire et constructions, expropriation, travaux publics, énergie, transports, environnement.Travaux publics.Aménagement des eaux.Utilisation des eaux",1
SZ,1938,"Aménagement du territoire et constructions, expropriation, travaux publics, énergie, transports, environnement.Transports.Transports publics.Transports ferroviaires",1
SZ,1946,"Aménagement du territoire et constructions, expropriation, travaux publics, énergie, transports, environnement.Travaux publics.Aménagement des eaux.Utilisation des eaux",1
SZ,1951,"Aménagement du territoire et constructions, expropriation, travaux publics, énergie, transports, environnement.Travaux publics.Aménagement des eaux.Utilisation des eaux",1
SZ,1958,"Aménagement du territoire et constructions, expropriation, travaux publics, énergie, transports, environnement.Travaux publics.Aménagement des eaux.Utilisation des eaux",2
SZ,1959,"Aménagement du territoire et constructions, expropriation, travaux publics, énergie, transports, environnement.Travaux publics.Aménagement des eaux.Utilisation des eaux",1
SZ,1961,"Aménagement du territoire et constructions, expropriation, travaux publics, énergie, transports, environnement.Travaux publics.Aménagement des eaux.Utilisation des eaux",2
SZ,1972,"Aménagement du territoire et constructions, expropriation, travaux publics, énergie, transports, environnement",1
SZ,1974,"Enseignement, sciences, documentation et culture.Degré prescolaire, école primaire, degré secondaire I.Ecole primaire, degré secondaire I",1
SZ,1974,"Enseignement, sciences, documentation et culture.Assurance de la qualité, surveillance, direction.Surveillance scolaire",1
SZ,1974,"Enseignement, sciences, documentation et culture.Assurance de la qualité, surveillance, direction.Matériel scolaire",1
SZ,1975,Etat.Professions juridiques.Avocats.Honoraires,1
SZ,1975,"Etat.Professions juridiques.Notaires.Taxes, tarifs",1
SZ,1975,"Droit civil.Dispositions d'introduction du code civil.Droits réels.Registre foncier, mensurations cadastrales",1
SZ,1975,"Enseignement, sciences, documentation et culture",2
SZ,1975,"Enseignement, sciences, documentation et culture.Sport scolaire",1
SZ,1976,"Enseignement, sciences, documentation et culture",1
SZ,1976,"Enseignement, sciences, documentation et culture.Assurance de la qualité, surveillance, direction.Surveillance scolaire",1
SZ,1976,"Enseignement, sciences, documentation et culture.Sport scolaire",1
SZ,1978,"Enseignement, sciences, documentation et culture.Pédagogie spécialisée.Ecoles spécialisées",2
SZ,1982,"Enseignement, sciences, documentation et culture.Degré secondaire II: Formation professionnelle initiale.Orientation professionnelle",1
SZ,1983,"Enseignement, sciences, documentation et culture.Degré secondaire II.Ecole moyenne",1
SZ,1983,"Aménagement du territoire et constructions, expropriation, travaux publics, énergie, transports, environnement.Travaux publics.Aménagement des eaux.Utilisation des eaux",1
SZ,1984,"Enseignement, sciences, documentation et culture.Assurance de la qualité, surveillance, direction.Médecine scolaire, services psychologiques scolaires",1
SZ,1987,Etat.Dispositions générales.Publications officielles.Recueils de législation,1
SZ,1987,"Enseignement, sciences, documentation et culture.Assurance de la qualité, surveillance, direction.Bâtiments scolaires",1
SZ,1988,"Enseignement, sciences, documentation et culture.Pédagogie spécialisée.Classes spéciales",1
SZ,1989,"Enseignement, sciences, documentation et culture.Corps enseignant.Formation",2
SZ,1990,"Enseignement, sciences, documentation et culture.Corps enseignant.Formation",1
SZ,1993,"Enseignement, sciences, documentation et culture.Degré prescolaire, école primaire, degré secondaire I.Ecole primaire, degré secondaire I",1
SZ,1994,"Enseignement, sciences, documentation et culture.Degré secondaire II: Formation professionnelle initiale.Solutions transitoires",1
SZ,1994,"Défense nationale, protection de la population, police.Protection de la population.Protection contre les incendies / éléments naturels.Assurances des bâtiments.Assurance contre les dommages causés par les éléments naturels",1
SZ,1996,Etat.Eglise et Etat.Eglise évangélique réformée,1
SZ,1997,Droit civil.Dispositions générales d'introduction du code des obligations.Des divers contrats.Contrat de travail.Contrats-type.Employés de maison,1
SZ,1998,Etat.Eglise et Etat.Eglise catholique romaine,1
SZ,1998,"Enseignement, sciences, documentation et culture.Degré secondaire II.Ecoles supérieures de commerce, ecoles supérieures d'informatique",1
SZ,1999,Economie.Agriculture.Formation agricole.Ecole agricole,1
SZ,2001,Droit civil.Dispositions générales d'introduction du code des obligations.Des divers contrats.Contrat de travail.Contrats-type.Agriculture,1
SZ,2002,"Enseignement, sciences, documentation et culture.Degré prescolaire, école primaire, degré secondaire I.Ecole primaire, degré secondaire I",1
SZ,2005,"Enseignement, sciences, documentation et culture.Formation continue (Degré quaternaire).Formation continue des enseignants",1
SZ,2006,"Enseignement, sciences, documentation et culture.Degré prescolaire, école primaire, degré secondaire I.Ecole primaire, degré secondaire I",1
SZ,2007,"Aménagement du territoire et constructions, expropriation, travaux publics, énergie, transports, environnement.Travaux publics.Aménagement des eaux.Utilisation des eaux",1
SZ,2008,"Aménagement du territoire et constructions, expropriation, travaux publics, énergie, transports, environnement.Energie.Forces hydrauliques",1
SZ,2009,"Enseignement, sciences, documentation et culture.Degré secondaire II.Ecole moyenne",1
SZ,2013,"Aménagement du territoire et constructions, expropriation, travaux publics, énergie, transports, environnement.Energie.Forces hydrauliques",1
SZ,2020,Etat.Dispositions générales.Publications officielles.Recueils de législation,2
SZ,2023,Etat.Autorités.Gouvernement et administration.Emoluments administratifs,1
SZ,2023,"Aménagement du territoire et constructions, expropriation, travaux publics, énergie, transports, environnement.Energie.Forces hydrauliques",2
TG,1803,Etat.Dispositions générales.Armoiries,1
TG,1931,"Défense nationale, protection de la population, police.Protection de la population.Protection contre les incendies / éléments naturels.Protection contre le feu, pompiers",1
TG,1938,Etat,1
TG,1966,Etat.Eglise et Etat.Eglise catholique romaine,1
TG,1968,Etat.Eglise et Etat.Eglise catholique romaine,1
TG,1977,Economie,1
TG,1978,Etat.Eglise et Etat.Eglise catholique romaine,1
TG,1978,Etat.Eglise et Etat.Eglise évangélique réformée,1
TG,1978,Economie,1
TG,1980,Etat.Eglise et Etat.Eglise catholique romaine,1
TG,1982,"Santé, travail, droit des assurances sociales, logement, homes",1
TG,1983,Etat,1
TG,1986,"Santé, travail, droit des assurances sociales, logement, homes",1
TG,1989,Etat,1
TG,1991,Etat.Professions juridiques.Avocats.Honoraires,1
TG,1991,"Santé, travail, droit des assurances sociales, logement, homes",2
TG,1993,Etat,1
TG,1993,Droit pénal.Droit pénal militaire,1
TG,1993,"Santé, travail, droit des assurances sociales, logement, homes.Droit des assurances sociales.Assurance-chômage",1
TG,1994,"Santé, travail, droit des assurances sociales, logement, homes.Santé.Professions médicales.Vétérinaires",1
TG,1995,Etat.Eglise et Etat.Eglise catholique romaine,1
TG,1997,"Aménagement du territoire et constructions, expropriation, travaux publics, énergie, transports, environnement.Travaux publics.Marchés publics",1
TG,1999,"Droit civil.Dispositions d'introduction du code civil.Droits réels.Registre foncier, mensurations cadastrales",1
TG,2000,Etat.Eglise et Etat.Eglise évangélique réformée,1
TG,2000,"Finances, Impôts, monopoles, entreprises d'état.Monopoles, régales, entreprises d'état.Chasse.Chasseurs",1
TG,2001,Etat.Eglise et Etat.Eglise évangélique réformée,1
TG,2002,Etat,1
TG,2003,"Etat.Dispositions générales.Droits fondamentaux, droits politiques.droits politiques.Récusation, incompatibilité",1
TG,2003,Etat.Eglise et Etat.Eglise évangélique réformée,2
TG,2004,"Aménagement du territoire et constructions, expropriation, travaux publics, énergie, transports, environnement.Aménagement du territoire et constructions.Plans",1
TG,2004,Economie,1
TG,2005,"Santé, travail, droit des assurances sociales, logement, homes",1
TG,2007,"Aménagement du territoire et constructions, expropriation, travaux publics, énergie, transports, environnement",1
TG,2008,Etat.Eglise et Etat.Eglise évangélique réformée,1
TG,2010,Etat,1
TG,2010,Droit pénal.Procédure pénale.Codes de procédure pénale,1
TG,2010,"Enseignement, sciences, documentation et culture.Degré tertiaire: Hautes écoles.Pédagogie",1
TG,2012,Droit civil.Dispositions d'introduction du code civil.Droit de la famille.Tutelle,1
TG,2016,Etat.Eglise et Etat.Eglise évangélique réformée,1
TG,2019,Economie,1
TG,2020,"Aménagement du territoire et constructions, expropriation, travaux publics, énergie, transports, environnement",1
TG,2020,Economie,2
TG,2022,"Aménagement du territoire et constructions, expropriation, travaux publics, énergie, transports, environnement.Travaux publics.Marchés publics",1
TG,2023,Etat,1
TG,2023,Etat.Eglise et Etat.Eglise catholique romaine,1
TG,2023,"Aménagement du territoire et constructions, expropriation, travaux publics, énergie, transports, environnement",1
TG,2023,Publications sans texte,1
TG,2026,Etat.Eglise et Etat.Eglise catholique romaine,1
TI,1918,"Santé, travail, droit des assurances sociales, logement, homes.Droit du travail.Offices de conciliation",1
TI,1929,Etat.Autorités.Gouvernement et administration.Administration.Départements,1
TI,1952,"Aménagement du territoire et constructions, expropriation, travaux publics, énergie, transports, environnement.Protection de la nature et du paysage.Protection des monuments et des biens culturels",10
TI,1963,Etat.Professions juridiques.Notaires.Légalisation,1
TI,1963,"Santé, travail, droit des assurances sociales, logement, homes.Santé.Professions médicales.Vétérinaires",1
TI,1972,Economie,1
TI,1974,"Santé, travail, droit des assurances sociales, logement, homes.Santé.Professions médicales.Pharmaciens",1
TI,1976,Etat.Eglise et Etat.Eglise évangélique réformée,1
TI,1982,"Aménagement du territoire et constructions, expropriation, travaux publics, énergie, transports, environnement.Transports.Funiculaires, téléphériques, téléskis",1
TI,1984,Etat.Professions juridiques.Avocats.Honoraires,1
TI,1986,Etat,1
TI,1989,"Enseignement, sciences, documentation et culture.Assurance de la qualité, surveillance, direction.Médecine scolaire, services psychologiques scolaires",1
TI,1991,Economie.Arts et métiers.Services.Professions soumises à autorisation,2
TI,1993,"Enseignement, sciences, documentation et culture.Corps enseignant.Formation",1
TI,1996,"Enseignement, sciences, documentation et culture.Sciences, recherche",1
TI,1998,"Enseignement, sciences, documentation et culture",1
TI,1998,"Aménagement du territoire et constructions, expropriation, travaux publics, énergie, transports, environnement.Aménagement du territoire et constructions.Plans",1
TI,1998,Non classé,1
TI,2000,Droit pénal,1
TI,2002,Etat.Eglise et Etat.Eglise catholique romaine,1
TI,2003,Etat,1
TI,2003,"Enseignement, sciences, documentation et culture.Assurance de la qualité, surveillance, direction.Direction",2
TI,2003,"Santé, travail, droit des assurances sociales, logement, homes.Santé.Professions médicales.Médecins",2
TI,2003,"Santé, travail, droit des assurances sociales, logement, homes.Droit des assurances sociales.AVS/AI",1
TI,2003,"Santé, travail, droit des assurances sociales, logement, homes.Assistance.Homes.Etablissements pour personnes âgées",2
TI,2003,Economie,1
TI,2004,"Santé, travail, droit des assurances sociales, logement, homes",1
TI,2004,"Santé, travail, droit des assurances sociales, logement, homes.Assistance.Homes.Etablissements pour personnes âgées",1
TI,2006,"Droit civil.Dispositions d'introduction du code civil.Droit de la famille.Accueil familial, adoption",1
TI,2006,"Finances, Impôts, monopoles, entreprises d'état.Finances.Contributions étatiques, subventions",1
TI,2006,"Santé, travail, droit des assurances sociales, logement, homes.Santé.Professions médicales.Vétérinaires",1
TI,2006,"Santé, travail, droit des assurances sociales, logement, homes.Assistance.Aide sociale",1
TI,2006,"Santé, travail, droit des assurances sociales, logement, homes.Assistance.Protection de la jeunesse, aide à la jeunesse",1
TI,2007,"Enseignement, sciences, documentation et culture.Degré prescolaire, école primaire, degré secondaire I.Ecole enfantine",1
TI,2007,"Santé, travail, droit des assurances sociales, logement, homes.Santé.Urgences, ambulances",2
TI,2008,"Aménagement du territoire et constructions, expropriation, travaux publics, énergie, transports, environnement.Protection de la nature et du paysage.Protection des animaux",1
TI,2008,"Santé, travail, droit des assurances sociales, logement, homes",1
TI,2008,"Santé, travail, droit des assurances sociales, logement, homes.Santé.Etique",1
TI,2009,"Santé, travail, droit des assurances sociales, logement, homes.Assistance.Protection de la jeunesse, aide à la jeunesse",1
TI,2010,"Enseignement, sciences, documentation et culture.Corps enseignant.Formation",2
TI,2010,"Défense nationale, protection de la population, police.Sécurité intérieure.Maintien de la tranquillité et de l'ordre public.Chiens, animaux dangereux",1
TI,2011,"Santé, travail, droit des assurances sociales, logement, homes.Santé.Soins à domicile",2
TI,2011,"Santé, travail, droit des assurances sociales, logement, homes.Santé.Substances thérapeutiques, stupéfiants",1
TI,2014,"Droit civil.Dispositions d'introduction du code civil.Droit de la famille.Accueil familial, adoption",1
TI,2015,Economie,1
TI,2017,"Enseignement, sciences, documentation et culture",1
TI,2017,"Enseignement, sciences, documentation et culture.Degré prescolaire, école primaire, degré secondaire I.Ecole enfantine",2
UR,1869,Etat.Autorités.Gouvernement et administration.Droit du personnel.Serment,1
UR,1931,"Aménagement du territoire et constructions, expropriation, travaux publics, énergie, transports, environnement.Expropriation",1
UR,1935,"Santé, travail, droit des assurances sociales, logement, homes.Santé.Prévention des accidents",1
UR,1939,Droit civil,1
UR,1939,"Aménagement du territoire et constructions, expropriation, travaux publics, énergie, transports, environnement",1
UR,1961,"Enseignement, sciences, documentation et culture.Degré secondaire II: Formation professionnelle initiale.Ecoles professionnelles.Enseignement ménager",1
UR,1962,"Aménagement du territoire et constructions, expropriation, travaux publics, énergie, transports, environnement.Travaux publics.Routes.Routes nationales",1
UR,1968,"Aménagement du territoire et constructions, expropriation, travaux publics, énergie, transports, environnement.Protection de la nature et du paysage.Protection des plantes",1
UR,1971,"Aménagement du territoire et constructions, expropriation, travaux publics, énergie, transports, environnement.Protection de la nature et du paysage.Protection des plantes",1
UR,1972,Economie.Agriculture.Assurances des animaux,1
UR,1974,"Aménagement du territoire et constructions, expropriation, travaux publics, énergie, transports, environnement.Protection de l'environnement.Produits toxiques et chimiques",1
UR,1976,"Enseignement, sciences, documentation et culture.Degré prescolaire, école primaire, degré secondaire I.Ecole primaire, degré secondaire I",1
UR,1982,"Aménagement du territoire et constructions, expropriation, travaux publics, énergie, transports, environnement",1
UR,1982,"Aménagement du territoire et constructions, expropriation, travaux publics, énergie, transports, environnement.Travaux publics.Aménagement des eaux.Corrections des eaux / Protection contre les crues",1
UR,1985,"Enseignement, sciences, documentation et culture.Degré secondaire II: Formation professionnelle initiale.Ecoles professionnelles.Enseignement ménager",1
UR,1987,"Finances, Impôts, monopoles, entreprises d'état.Finances.Contributions étatiques, subventions",1
UR,1992,"Aménagement du territoire et constructions, expropriation, travaux publics, énergie, transports, environnement.Travaux publics.Aménagement des eaux.Corrections des eaux / Protection contre les crues",1
UR,1994,Economie.Arts et métiers.Services.Tourisme,1
UR,1996,"Enseignement, sciences, documentation et culture",1
UR,1997,"Santé, travail, droit des assurances sociales, logement, homes.Droit des assurances sociales.LAMAL.Listes des hôpitaux",1
UR,2002,"Santé, travail, droit des assurances sociales, logement, homes.Droit des assurances sociales.LAMAL.Listes des hôpitaux",1
UR,2005,"Droit civil.Dispositions d'introduction du code civil.Droit des personnes, état civil.Fondations, surveillance.Fondations LPP",1
UR,2009,"Finances, Impôts, monopoles, entreprises d'état.Finances.Contributions étatiques, subventions",1
UR,2012,Droit civil.Dispositions d'introduction du code civil.Droit de la famille.Tutelle,1
UR,2020,"Santé, travail, droit des assurances sociales, logement, homes.Santé.Lutte contre les maladies.Epidémies, pandémies",1
UR,2022,"Santé, travail, droit des assurances sociales, logement, homes",1
VD,1803,Etat,2
VD,1803,Etat.Dispositions générales.Armoiries,1
VD,1897,"Finances, Impôts, monopoles, entreprises d'état.Monopoles, régales, entreprises d'état.Mines",1
VD,1899,"Santé, travail, droit des assurances sociales, logement, homes.Droit du travail.Employés.Dimanches et jours fériés",1
VD,1903,"Aménagement du territoire et constructions, expropriation, travaux publics, énergie, transports, environnement.Energie.Electricité",1
VD,1925,Etat.Dispositions générales.Armoiries,1
VD,1925,"Finances, Impôts, monopoles, entreprises d'état.Impôts.Droits de mutation",1
VD,1925,Economie,1
VD,1929,"Santé, travail, droit des assurances sociales, logement, homes.Assistance.Protection de la jeunesse, aide à la jeunesse",1
VD,1929,"Santé, travail, droit des assurances sociales, logement, homes.Assistance.Donations et collectes publiques",1
VD,1930,"Finances, Impôts, monopoles, entreprises d'état.Impôts.Droits de mutation",2
VD,1932,"Santé, travail, droit des assurances sociales, logement, homes.Santé.Lutte contre les maladies.Tuberculose",1
VD,1938,"Enseignement, sciences, documentation et culture",1
VD,1938,"Finances, Impôts, monopoles, entreprises d'état.Finances.Contributions étatiques, subventions",1
VD,1938,"Finances, Impôts, monopoles, entreprises d'état.Impôts.Droits de mutation",1
VD,1938,"Santé, travail, droit des assurances sociales, logement, homes.Assistance.Protection de la jeunesse, aide à la jeunesse",1
VD,1938,"Santé, travail, droit des assurances sociales, logement, homes.Assistance.Donations et collectes publiques",1
VD,1939,"Finances, Impôts, monopoles, entreprises d'état.Impôts.Droits de mutation",2
VD,1941,"Santé, travail, droit des assurances sociales, logement, homes.Assistance.Donations et collectes publiques",1
VD,1942,Economie,1
VD,1944,Economie.Promotion de l'économie,1
VD,1946,"Enseignement, sciences, documentation et culture.Documentation.Archives",1
VD,1947,"Finances, Impôts, monopoles, entreprises d'état.Finances.Contributions étatiques, subventions",1
VD,1948,"Aménagement du territoire et constructions, expropriation, travaux publics, énergie, transports, environnement",1
VD,1948,"Santé, travail, droit des assurances sociales, logement, homes",1
VD,1949,Droit civil.Dispositions d'introduction du code civil.Droit de la famille.Tutelle,1
VD,1950,"Finances, Impôts, monopoles, entreprises d'état.Impôts.Droits de mutation",1
VD,1950,Economie.Agriculture.Culture des plantes.Vignoble,1
VD,1951,Droit pénal.Amendes d'ordre,1
VD,1952,"Etat.Dispositions générales.Territoire.Délimitations territoriales, districts",1
VD,1955,Droit civil,1
VD,1957,Droit civil,1
VD,1957,"Finances, Impôts, monopoles, entreprises d'état.Impôts.Droits de mutation",1
VD,1958,Etat.Autorités.Organisation judiciaire.Personnel des tribunaux,1
VD,1959,"Enseignement, sciences, documentation et culture.Documentation.Archives",1
VD,1959,"Enseignement, sciences, documentation et culture.Documentation.Musées",1
VD,1960,"Finances, Impôts, monopoles, entreprises d'état.Monopoles, régales, entreprises d'état.Pétrole",1
VD,1960,"Aménagement du territoire et constructions, expropriation, travaux publics, énergie, transports, environnement.Travaux publics.Aménagement des eaux.Corrections des eaux / Protection contre les crues",1
VD,1962,"Aménagement du territoire et constructions, expropriation, travaux publics, énergie, transports, environnement",1
VD,1963,"Finances, Impôts, monopoles, entreprises d'état.Impôts.Droits de mutation",1
VD,1963,"Santé, travail, droit des assurances sociales, logement, homes.Santé.Hygiène.Piscines",1
VD,1963,"Santé, travail, droit des assurances sociales, logement, homes.Droit des assurances sociales.Allocations familiales.Travailleurs agricoles",1
VD,1965,Droit civil,1
VD,1966,Economie,1
VD,1967,Economie,1
VD,1968,"Finances, Impôts, monopoles, entreprises d'état.Impôts.Impôts sur les successions et les donations",1
VD,1969,"Finances, Impôts, monopoles, entreprises d'état.Impôts.Impôts sur les successions et les donations",1
VD,1970,Etat.Eglise et Etat.Eglise catholique romaine,1
VD,1970,"Enseignement, sciences, documentation et culture",1
VD,1970,"Aménagement du territoire et constructions, expropriation, travaux publics, énergie, transports, environnement.Travaux publics.Bâtiments et terrains publics",1
VD,1971,Etat.Autorités.Gouvernement et administration.Administration.Directions et offices,1
VD,1971,"Aménagement du territoire et constructions, expropriation, travaux publics, énergie, transports, environnement.Aménagement du territoire et constructions.Zones",1
VD,1972,Etat.Professions juridiques.Notaires.Agents d'affaires,1
VD,1972,"Finances, Impôts, monopoles, entreprises d'état.Impôts.Impôts sur les successions et les donations",1
VD,1972,"Aménagement du territoire et constructions, expropriation, travaux publics, énergie, transports, environnement.Protection de l'environnement.Protection des eaux",1
VD,1973,"Finances, Impôts, monopoles, entreprises d'état.Impôts.Impôts sur les successions et les donations",1
VD,1974,"Défense nationale, protection de la population, police.Sécurité intérieure.Maintien de la tranquillité et de l'ordre public.Domaine public",1
VD,1974,"Aménagement du territoire et constructions, expropriation, travaux publics, énergie, transports, environnement.Protection de l'environnement.Protection des eaux",1
VD,1975,"Etat.Autorités.Organisation judiciaire.Autorités judiciaires.Tribunaux administratifs, des assurances et des assurances sociales",1
VD,1976,"Enseignement, sciences, documentation et culture",1
VD,1976,"Finances, Impôts, monopoles, entreprises d'état.Impôts.Impôts sur les successions et les donations",1
VD,1976,"Aménagement du territoire et constructions, expropriation, travaux publics, énergie, transports, environnement.Protection de la nature et du paysage.Protection des animaux",1
VD,1976,Economie.Agriculture.Culture des plantes.Lutte contre les parasites,1
VD,1977,Etat.Autorités.Gouvernement et administration.Administration.Commissions,1
VD,1977,"Aménagement du territoire et constructions, expropriation, travaux publics, énergie, transports, environnement",1
VD,1978,"Finances, Impôts, monopoles, entreprises d'état.Impôts.Impôts sur les successions et les donations",1
VD,1981,"Aménagement du territoire et constructions, expropriation, travaux publics, énergie, transports, environnement",1
VD,1982,"Finances, Impôts, monopoles, entreprises d'état.Impôts.Impôts sur les successions et les donations",1
VD,1983,"Etat.Autorités.Gouvernement et administration.Droit du personnel.Pensions, prestations d'assurance",1
VD,1983,Droit civil,1
VD,1983,Droit civil.Dispositions d'introduction du code civil.Droit de la famille.Tutelle,1
VD,1983,"Aménagement du territoire et constructions, expropriation, travaux publics, énergie, transports, environnement.Travaux publics.Aménagement des eaux.Utilisation des eaux",1
VD,1984,"Droit civil.Procédure civile.Emoluments, frais",1
VD,1984,"Aménagement du territoire et constructions, expropriation, travaux publics, énergie, transports, environnement",1
VD,1985,"Etat.Autorités.Gouvernement et administration.Droit du personnel.Pensions, prestations d'assurance",1
VD,1986,Droit civil.Dispositions générales d'introduction du code des obligations.Des divers contrats.Contrat de travail.Contrats-type.Agriculture,1
VD,1987,"Aménagement du territoire et constructions, expropriation, travaux publics, énergie, transports, environnement.Expropriation",1
VD,1987,"Santé, travail, droit des assurances sociales, logement, homes",1
VD,1988,"Enseignement, sciences, documentation et culture",1
VD,1990,"Défense nationale, protection de la population, police.Protection de la population.Protection contre les incendies / éléments naturels.Ramoneurs",1
VD,1990,"Finances, Impôts, monopoles, entreprises d'état.Impôts.Impôts sur le revenu et la fortune / impôts sur les bénéfices et les capitaux.Impôt fédéral",1
VD,1990,"Santé, travail, droit des assurances sociales, logement, homes.Assistance.Consultation familiale et matrimoniale",1
VD,1990,Economie.Agriculture.Mesures d'encouragement,1
VD,1991,"Etat.Autorités.Organisation judiciaire.Autorités judiciaires.Tribunaux administratifs, des assurances et des assurances sociales",1
VD,1991,"Finances, Impôts, monopoles, entreprises d'état.Impôts.Impôts sur les successions et les donations",1
VD,1991,"Aménagement du territoire et constructions, expropriation, travaux publics, énergie, transports, environnement.Protection de l'environnement.Déchets",1
VD,1992,"Défense nationale, protection de la population, police.Protection de la population.Protection contre les incendies / éléments naturels.Assurances des bâtiments.Assurance contre les dommages causés par les éléments naturels",1
VD,1992,Non classé,1
VD,1993,Etat.Autorités.Gouvernement et administration.Gouvernement.Préfets,1
VD,1993,Etat.Autorités.Gouvernement et administration.Emoluments administratifs,1
VD,1994,Droit civil.Dispositions générales d'introduction du code des obligations.Des divers contrats.Contrat de travail.Contrats-type.Agriculture,2
VD,1994,"Enseignement, sciences, documentation et culture",4
VD,1994,"Santé, travail, droit des assurances sociales, logement, homes",2
VD,1994,"Santé, travail, droit des assurances sociales, logement, homes.Assistance.Donations et collectes publiques",1
VD,1994,Economie.Agriculture.Production animale.Bovins et petit bétail,1
VD,1995,"Enseignement, sciences, documentation et culture",2
VD,1995,"Enseignement, sciences, documentation et culture.Corps enseignant.Prévoyance professionnelle, caisses de pensions",1
VD,1995,"Santé, travail, droit des assurances sociales, logement, homes.Assistance.Donations et collectes publiques",1
VD,1996,"Etat.Professions juridiques.Notaires.Taxes, tarifs",1
VD,1996,"Enseignement, sciences, documentation et culture",4
VD,1996,"Enseignement, sciences, documentation et culture.Documentation.Musées",1
VD,1996,"Santé, travail, droit des assurances sociales, logement, homes.Logement.Mesures d'encouragement à la construction de logements",1
VD,1996,Economie.Agriculture.Culture des plantes.Lutte contre les parasites,1
VD,1997,Etat.Autorités.Parlement.Election du parlement,1
VD,1997,"Enseignement, sciences, documentation et culture",1
VD,1998,Etat.Autorités.Gouvernement et administration.Administration.Départements,2
VD,1998,"Etat.Autorités.Ombudsman, médiateur",1
VD,1998,"Etat.Autorités.Organisation judiciaire.Autorités judiciaires.Tribunaux administratifs, des assurances et des assurances sociales",1
VD,1998,Droit civil.Dispositions d'introduction du code civil.Droits réels.Acquisitions des terrains par des personnes domiciliées à l'étranger,1
VD,1998,"Santé, travail, droit des assurances sociales, logement, homes.Santé.Substances thérapeutiques, stupéfiants",1
VD,1999,Etat.Eglise et Etat.Eglise évangélique réformée,1
VD,1999,"Finances, Impôts, monopoles, entreprises d'état.Impôts.Impôts sur le revenu et la fortune / impôts sur les bénéfices et les capitaux.Impôt communal",1
VD,1999,"Aménagement du territoire et constructions, expropriation, travaux publics, énergie, transports, environnement.Aménagement du territoire et constructions.Zones",1
VD,1999,Economie.Agriculture.Culture des plantes.Vignoble,1
VD,1999,Economie.Agriculture.Epizooties,1
VD,2000,"Etat.Autorités.Organisation judiciaire.Autorités judiciaires.Tribunaux de district / d'arrondissement, juges de paix",1
VD,2000,Etat.Communes.Subventions,1
VD,2000,Droit civil.Dispositions générales d'introduction du code des obligations.Des divers contrats.Contrat de travail.Contrats-type.Agriculture,1
VD,2000,Droit civil.Dispositions générales d'introduction du code des obligations.Droit commercial.Registre du commerce,1
VD,2000,"Enseignement, sciences, documentation et culture.Degré secondaire II: Formation professionnelle initiale.Ecoles professionnelles.Enseignement ménager",1
VD,2000,"Enseignement, sciences, documentation et culture.Degré tertiaire: Hautes écoles.Pédagogie",1
VD,2000,"Enseignement, sciences, documentation et culture.Contributions à la formation.Ecolages",2
VD,2000,"Finances, Impôts, monopoles, entreprises d'état",1
VD,2000,"Finances, Impôts, monopoles, entreprises d'état.Finances.Contrôle des finances",1
VD,2000,"Santé, travail, droit des assurances sociales, logement, homes.Assistance.Protection de la jeunesse, aide à la jeunesse",1
VD,2001,Etat.Autorités.Gouvernement et administration.Gouvernement.Indemnités,1
VD,2001,Etat.Communes.Finances communales,1
VD,2001,Droit civil,2
VD,2001,"Enseignement, sciences, documentation et culture.Degré tertiaire: universités.Faculté de sciences naturelles",1
VD,2001,Economie.Agriculture.Culture des plantes.Lutte contre les parasites,1
VD,2002,"Enseignement, sciences, documentation et culture",1
VD,2002,"Finances, Impôts, monopoles, entreprises d'état",1
VD,2002,"Aménagement du territoire et constructions, expropriation, travaux publics, énergie, transports, environnement.Transports.Transports publics.Transports régionaux",1
VD,2002,Economie.Agriculture.Culture des plantes.Vignoble,1
VD,2003,"Etat.Autorités.Ombudsman, médiateur",1
VD,2003,Droit pénal.Procédure pénale.Emoluments,1
VD,2003,"Enseignement, sciences, documentation et culture.Degré tertiaire: universités.Faculté de sciences naturelles",1
VD,2003,"Finances, Impôts, monopoles, entreprises d'état",1
VD,2003,"Finances, Impôts, monopoles, entreprises d'état.Finances.Contributions étatiques, subventions",1
VD,2003,"Finances, Impôts, monopoles, entreprises d'état.Impôts.Impôts sur le revenu et la fortune / impôts sur les bénéfices et les capitaux.Imputation forfaitaire d'impôt",1
VD,2003,"Finances, Impôts, monopoles, entreprises d'état.Impôts.Impôt anticipé",1
VD,2003,"Aménagement du territoire et constructions, expropriation, travaux publics, énergie, transports, environnement.Protection de la nature et du paysage.Protection des monuments et des biens culturels",1
VD,2004,"Etat.Autorités.Gouvernement et administration.Droit du personnel.Traitements, indemnités",1
VD,2004,"Etat.Autorités.Organisation judiciaire.Autorités judiciaires.Cours supérieures, tribunaux fédéraux",1
VD,2004,"Santé, travail, droit des assurances sociales, logement, homes",1
VD,2004,Economie.Agriculture.Mesures d'encouragement,1
VD,2005,"Santé, travail, droit des assurances sociales, logement, homes.Droit des assurances sociales.LAMAL.Limitation de l'admission des fournisseurs de prestations",1
VD,2005,Economie,1
VD,2005,Economie.Agriculture.Culture des plantes.Vignoble,1
VD,2006,Etat.Communes.Finances communales,1
VD,2006,Droit civil.Dispositions générales d'introduction du code des obligations.Des divers contrats.Contrat de travail.Contrats-type.Employés de maison,1
VD,2006,"Aménagement du territoire et constructions, expropriation, travaux publics, énergie, transports, environnement.Protection de l'environnement.Hygiène de l'air.Poussières fines/smog",1
VD,2007,"Etat.Autorités.Organisation judiciaire.Emoluments judiciaires, frais de justice",1
VD,2007,Etat.Communes.Finances communales,1
VD,2007,"Enseignement, sciences, documentation et culture.Pédagogie spécialisée.Logopédie",1
VD,2007,"Aménagement du territoire et constructions, expropriation, travaux publics, énergie, transports, environnement.Protection de la nature et du paysage.Protection des rives",1
VD,2007,"Santé, travail, droit des assurances sociales, logement, homes.Logement.Mesures d'encouragement à la construction de logements",1
VD,2008,"Etat.Autorités.Gouvernement et administration.Droit du personnel.Traitements, indemnités",1
VD,2008,Etat.Autorités.Gouvernement et administration.Procédure administrative,1
VD,2008,"Etat.Autorités.Organisation judiciaire.Emoluments judiciaires, frais de justice",1
VD,2008,Droit civil,1
VD,2008,"Santé, travail, droit des assurances sociales, logement, homes",1
VD,2008,"Santé, travail, droit des assurances sociales, logement, homes.Santé.Professions médicales.Médecins",2
VD,2008,"Santé, travail, droit des assurances sociales, logement, homes.Droit des assurances sociales.Allocations familiales.Salariés et indépendants",1
VD,2008,Publications sans texte,1
VD,2008,Non classé,1
VD,2010,"Etat.Autorités.Organisation judiciaire.Autorités judiciaires.Juges d'instruction, Ministère public.Ministère public",1
VD,2010,"Droit civil.Procédure civile.Emoluments, frais",1
VD,2010,Droit pénal.Procédure pénale.Emoluments,1
VD,2010,"Défense nationale, protection de la population, police.Protection de la population.Protection contre les incendies / éléments naturels.Protection contre le feu, pompiers",1
VD,2010,Economie.Arts et métiers.Services.Professions soumises à autorisation,1
VD,2011,Droit civil.Dispositions d'introduction du code civil.Droits réels.Acquisitions des terrains par des personnes domiciliées à l'étranger,1
VD,2011,"Enseignement, sciences, documentation et culture.Degré prescolaire, école primaire, degré secondaire I.Ecole primaire, degré secondaire I",1
VD,2011,"Santé, travail, droit des assurances sociales, logement, homes",1
VD,2011,"Santé, travail, droit des assurances sociales, logement, homes.Santé.Soins à domicile",1
VD,2011,"Santé, travail, droit des assurances sociales, logement, homes.Droit des assurances sociales.LAMAL.Listes des hôpitaux",1
VD,2011,Economie.Agriculture.Apiculture,1
VD,2012,"Santé, travail, droit des assurances sociales, logement, homes",3
VD,2013,"Enseignement, sciences, documentation et culture",1
VD,2014,Economie.Agriculture.Mesures d'encouragement,1
VD,2015,"Aménagement du territoire et constructions, expropriation, travaux publics, énergie, transports, environnement.Protection de l'environnement.Substances dangereuses pour l'environnement",1
VD,2015,"Santé, travail, droit des assurances sociales, logement, homes",1
VD,2016,Etat.Professions juridiques.Avocats.Formation,1
VD,2016,"Finances, Impôts, monopoles, entreprises d'état.Impôts.Impôts sur les successions et les donations",1
VD,2016,"Aménagement du territoire et constructions, expropriation, travaux publics, énergie, transports, environnement.Protection de la nature et du paysage.Protection des monuments et des biens culturels",1
VD,2017,Economie,1
VD,2018,Economie.Agriculture.Mesures d'encouragement,1
VD,2019,"Etat.Autorités.Gouvernement et administration.Droit du personnel.Traitements, indemnités",1
VD,2019,"Défense nationale, protection de la population, police.Sécurité intérieure.Entreprises de sécurité",1
VD,2019,"Santé, travail, droit des assurances sociales, logement, homes.Assistance.Aide sociale",1
VD,2020,"Enseignement, sciences, documentation et culture",1
VD,2020,"Enseignement, sciences, documentation et culture.Degré prescolaire, école primaire, degré secondaire I.Crèches",1
VD,2020,"Enseignement, sciences, documentation et culture.Documentation.Musées",1
VD,2020,"Enseignement, sciences, documentation et culture.Art, culture, sport.Encouragement à la culture",1
VD,2020,"Défense nationale, protection de la population, police.Protection de la population.Protection contre les incendies / éléments naturels.Protection contre le feu, pompiers",1
VD,2020,"Défense nationale, protection de la population, police.Protection de la population.Protection contre les incendies / éléments naturels.Protection contre les incendies",1
VD,2020,"Santé, travail, droit des assurances sociales, logement, homes.Santé.Lutte contre les maladies.Epidémies, pandémies",32
VD,2021,Droit civil.Procédure civile.Exécution,1
VD,2021,"Enseignement, sciences, documentation et culture.Degré tertiaire: universités.Faculté de médecine humaine et vétérinaire",1
VD,2021,"Aménagement du territoire et constructions, expropriation, travaux publics, énergie, transports, environnement",1
VD,2021,"Santé, travail, droit des assurances sociales, logement, homes.Santé.Lutte contre les maladies.Epidémies, pandémies",6
VD,2022,Etat,1
VD,2022,"Aménagement du territoire et constructions, expropriation, travaux publics, énergie, transports, environnement.Protection de l'environnement.Déchets",1
VD,2022,"Santé, travail, droit des assurances sociales, logement, homes.Santé.Lutte contre les maladies.Epidémies, pandémies",2
VD,2023,Etat,1
VD,2023,"Etat.Autorités.Organisation judiciaire.Autorités judiciaires.Juges d'instruction, Ministère public.Ministère public",1
VD,2023,"Enseignement, sciences, documentation et culture.Degré prescolaire, école primaire, degré secondaire I.Crèches",1
VD,2023,"Enseignement, sciences, documentation et culture.Degré tertiaire: universités.Faculté de médecine humaine et vétérinaire",1
VD,2023,"Enseignement, sciences, documentation et culture.Art, culture, sport.Encouragement à la culture",1
VD,2023,"Aménagement du territoire et constructions, expropriation, travaux publics, énergie, transports, environnement.Aménagement du territoire et constructions.Procédure",1
VD,2024,"Santé, travail, droit des assurances sociales, logement, homes",1
VD,2024,Economie.Agriculture.Mesures d'encouragement,1
VD,2025,"Enseignement, sciences, documentation et culture.Documentation.Statistique",1
VD,2025,"Santé, travail, droit des assurances sociales, logement, homes.Droit des assurances sociales.LAMAL.Limitation de l'admission des fournisseurs de prestations",1
VD,2025,Economie.Agriculture.Mesures d'encouragement,1
VD,2026,Droit civil,1
VD,2026,"Enseignement, sciences, documentation et culture.Documentation.Statistique",2
VD,2026,"Aménagement du territoire et constructions, expropriation, travaux publics, énergie, transports, environnement.Protection de la nature et du paysage.Protection des plantes",1
VD,2026,Economie,1
VD,2026,Economie.Agriculture.Culture des plantes.Vignoble,1
VS,1891,"Aménagement du territoire et constructions, expropriation, travaux publics, énergie, transports, environnement.Protection de la nature et du paysage.Protection des monuments et des biens culturels",1
VS,1922,"Enseignement, sciences, documentation et culture.Documentation.Archives",2
VS,1923,"Droit civil.Dispositions d'introduction du code civil.Droits réels.Registre foncier, mensurations cadastrales",1
VS,1924,"Aménagement du territoire et constructions, expropriation, travaux publics, énergie, transports, environnement.Travaux publics.Aménagement des eaux.Utilisation des eaux",1
VS,1933,"Aménagement du territoire et constructions, expropriation, travaux publics, énergie, transports, environnement.Expropriation",1
VS,1933,"Aménagement du territoire et constructions, expropriation, travaux publics, énergie, transports, environnement.Protection de la nature et du paysage.Protection du paysage",1
VS,1935,"Santé, travail, droit des assurances sociales, logement, homes",1
VS,1937,Economie,1
VS,1938,"Aménagement du territoire et constructions, expropriation, travaux publics, énergie, transports, environnement.Protection de la nature et du paysage.Protection de la nature",1
VS,1944,"Aménagement du territoire et constructions, expropriation, travaux publics, énergie, transports, environnement.Protection de la nature et du paysage.Protection des plantes",1
VS,1950,Economie,1
VS,1959,"Aménagement du territoire et constructions, expropriation, travaux publics, énergie, transports, environnement.Protection de la nature et du paysage.Protection des plantes",1
VS,1959,"Aménagement du territoire et constructions, expropriation, travaux publics, énergie, transports, environnement.Protection de la nature et du paysage.Protection de la nature",2
VS,1961,"Aménagement du territoire et constructions, expropriation, travaux publics, énergie, transports, environnement.Protection de la nature et du paysage.Protection du paysage",1
VS,1963,"Aménagement du territoire et constructions, expropriation, travaux publics, énergie, transports, environnement.Protection de la nature et du paysage.Protection du paysage",1
VS,1964,"Défense nationale, protection de la population, police.Protection de la population.Approvisionnement du pays",1
VS,1964,"Aménagement du territoire et constructions, expropriation, travaux publics, énergie, transports, environnement.Protection de l'environnement.Protection des eaux",2
VS,1965,"Défense nationale, protection de la population, police.Sécurité intérieure.Maintien de la tranquillité et de l'ordre public.Domaine public",1
VS,1966,"Santé, travail, droit des assurances sociales, logement, homes",1
VS,1967,"Défense nationale, protection de la population, police.Sécurité intérieure.Maintien de la tranquillité et de l'ordre public.Domaine public",1
VS,1968,"Santé, travail, droit des assurances sociales, logement, homes",1
VS,1968,"Santé, travail, droit des assurances sociales, logement, homes.Santé.Professions médicales.Médecins",1
VS,1969,"Santé, travail, droit des assurances sociales, logement, homes.Santé.Hygiène.Piscines",1
VS,1969,Economie.Agriculture.Apiculture,1
VS,1970,"Enseignement, sciences, documentation et culture.Contributions à la formation.Emoluments scolaires",1
VS,1970,"Aménagement du territoire et constructions, expropriation, travaux publics, énergie, transports, environnement.Protection de la nature et du paysage.Protection du paysage",1
VS,1972,"Aménagement du territoire et constructions, expropriation, travaux publics, énergie, transports, environnement.Protection de l'environnement.Protection des eaux",1
VS,1973,"Santé, travail, droit des assurances sociales, logement, homes.Droit du travail.Employés.Sécurité",1
VS,1976,"Finances, Impôts, monopoles, entreprises d'état",1
VS,1976,"Aménagement du territoire et constructions, expropriation, travaux publics, énergie, transports, environnement.Protection de l'environnement.Déchets",1
VS,1977,"Défense nationale, protection de la population, police.Protection de la population.Protection contre les incendies / éléments naturels.Protection contre les incendies",1
VS,1978,"Aménagement du territoire et constructions, expropriation, travaux publics, énergie, transports, environnement",1
VS,1978,"Aménagement du territoire et constructions, expropriation, travaux publics, énergie, transports, environnement.Protection de la nature et du paysage.Protection de la nature",1
VS,1978,"Santé, travail, droit des assurances sociales, logement, homes.Santé.Hygiène.Denrées alimentaires, objets d'usage courant.Surveillance des aliments",1
VS,1980,Etat,1
VS,1980,Economie.Agriculture.Culture des plantes.Vignoble,1
VS,1981,"Défense nationale, protection de la population, police.Sécurité intérieure.Police.Taxes",1
VS,1981,"Aménagement du territoire et constructions, expropriation, travaux publics, énergie, transports, environnement.Protection de l'environnement.Protection des eaux",1
VS,1982,"Aménagement du territoire et constructions, expropriation, travaux publics, énergie, transports, environnement.Travaux publics.Aménagement des eaux.Utilisation des eaux",1
VS,1982,"Santé, travail, droit des assurances sociales, logement, homes",1
VS,1982,"Economie.Arts et métiers.Services.Institutions de crédit / assurances.Banques, bourses",1
VS,1983,"Aménagement du territoire et constructions, expropriation, travaux publics, énergie, transports, environnement.Protection de la nature et du paysage.Protection du paysage",1
VS,1984,"Etat.Autorités.Gouvernement et administration.Droit du personnel.Traitements, indemnités",1
VS,1984,"Aménagement du territoire et constructions, expropriation, travaux publics, énergie, transports, environnement.Protection de la nature et du paysage.Protection du paysage",1
VS,1984,"Santé, travail, droit des assurances sociales, logement, homes",1
VS,1985,"Enseignement, sciences, documentation et culture",1
VS,1985,"Aménagement du territoire et constructions, expropriation, travaux publics, énergie, transports, environnement.Protection de la nature et du paysage.Protection des animaux",1
VS,1986,Economie,1
VS,1987,Etat.Dispositions générales.Publications officielles.Recueils de législation,1
VS,1987,Etat.Autorités.Gouvernement et administration.Emoluments administratifs,1
VS,1987,"Aménagement du territoire et constructions, expropriation, travaux publics, énergie, transports, environnement.Transports.Conduites",1
VS,1988,"Défense nationale, protection de la population, police.Protection de la population.Protection civile.Protection des biens culturels en temps de guerre",1
VS,1988,"Santé, travail, droit des assurances sociales, logement, homes.Logement.Mesures d'encouragement à la construction de logements",1
VS,1989,"Droit civil.Dispositions d'introduction du code civil.Droits réels.Registre foncier, mensurations cadastrales",1
VS,1989,"Aménagement du territoire et constructions, expropriation, travaux publics, énergie, transports, environnement.Protection de la nature et du paysage.Protection du paysage",1
VS,1990,Etat.Autorités.Gouvernement et administration.Emoluments administratifs,1
VS,1991,"Aménagement du territoire et constructions, expropriation, travaux publics, énergie, transports, environnement",1
VS,1991,"Aménagement du territoire et constructions, expropriation, travaux publics, énergie, transports, environnement.Protection de la nature et du paysage.Protection du paysage",1
VS,1991,"Santé, travail, droit des assurances sociales, logement, homes",1
VS,1992,"Finances, Impôts, monopoles, entreprises d'état",1
VS,1992,"Finances, Impôts, monopoles, entreprises d'état.Impôts.Impôts sur le revenu et la fortune / impôts sur les bénéfices et les capitaux.Imputation forfaitaire d'impôt",1
VS,1992,"Aménagement du territoire et constructions, expropriation, travaux publics, énergie, transports, environnement",1
VS,1992,"Santé, travail, droit des assurances sociales, logement, homes",1
VS,1993,"Enseignement, sciences, documentation et culture",1
VS,1993,"Aménagement du territoire et constructions, expropriation, travaux publics, énergie, transports, environnement",2
VS,1993,"Aménagement du territoire et constructions, expropriation, travaux publics, énergie, transports, environnement.Protection de l'environnement.Lutte contre les dommages",1
VS,1994,Etat.Dispositions générales.Documents d'identité,1
VS,1994,"Aménagement du territoire et constructions, expropriation, travaux publics, énergie, transports, environnement",1
VS,1994,"Aménagement du territoire et constructions, expropriation, travaux publics, énergie, transports, environnement.Protection de la nature et du paysage.Protection des plantes",1
VS,1994,"Santé, travail, droit des assurances sociales, logement, homes",2
VS,1995,"Finances, Impôts, monopoles, entreprises d'état",1
VS,1995,"Aménagement du territoire et constructions, expropriation, travaux publics, énergie, transports, environnement.Protection de la nature et du paysage.Protection du paysage",3
VS,1996,"Etat.Dispositions générales.Droits fondamentaux, droits politiques.égalité entre hommes et femmes",1
VS,1996,"Aménagement du territoire et constructions, expropriation, travaux publics, énergie, transports, environnement.Protection de la nature et du paysage.Protection du paysage",3
VS,1996,"Santé, travail, droit des assurances sociales, logement, homes",1
VS,1997,"Etat.Autorités.Gouvernement et administration.Droit du personnel.Traitements, indemnités",1
VS,1997,Etat.Autorités.Gouvernement et administration.Emoluments administratifs,1
VS,1997,"Etat.Autorités.Organisation judiciaire.Autorités judiciaires.Prud'hommes, Tribunaux des baux à loyer",1
VS,1997,Etat.Autorités.Organisation judiciaire.Autorités judiciaires.Commissions de recours,2
VS,1997,"Enseignement, sciences, documentation et culture.Corps enseignant.Traitement, indemnités",1
VS,1997,"Défense nationale, protection de la population, police.Sécurité intérieure.Police.Taxes",1
VS,1997,"Aménagement du territoire et constructions, expropriation, travaux publics, énergie, transports, environnement.Protection de la nature et du paysage.Protection du paysage",5
VS,1997,Economie.Arts et métiers.Services.Tourisme,1
VS,1998,"Droit civil.Dispositions d'introduction du code civil.Droits réels.Registre foncier, mensurations cadastrales",5
VS,1998,"Enseignement, sciences, documentation et culture.Contributions à la formation.Ecolages",1
VS,1998,"Enseignement, sciences, documentation et culture.Contributions à la formation.Emoluments scolaires",1
VS,1998,"Aménagement du territoire et constructions, expropriation, travaux publics, énergie, transports, environnement.Protection de la nature et du paysage.Protection du paysage",3
VS,1999,Etat.Autorités.Gouvernement et administration.Gouvernement.Indemnités,1
VS,1999,"Défense nationale, protection de la population, police",1
VS,1999,"Aménagement du territoire et constructions, expropriation, travaux publics, énergie, transports, environnement",1
VS,1999,"Aménagement du territoire et constructions, expropriation, travaux publics, énergie, transports, environnement.Protection de la nature et du paysage.Protection du paysage",5
VS,2000,Etat.Dispositions générales.Etablissement et séjour.Etablissement et séjour des étrangers.asile,1
VS,2000,"Etat.Autorités.Gouvernement et administration.Droit du personnel.Traitements, indemnités",1
VS,2000,"Enseignement, sciences, documentation et culture.Degré prescolaire, école primaire, degré secondaire I.Ecole enfantine",1
VS,2000,"Aménagement du territoire et constructions, expropriation, travaux publics, énergie, transports, environnement.Protection de la nature et du paysage.Protection du paysage",1
VS,2001,Etat.Autorités.Gouvernement et administration.Emoluments administratifs,1
VS,2001,"Enseignement, sciences, documentation et culture.Formation continue (Degré quaternaire).Formation des adultes",1
VS,2001,"Santé, travail, droit des assurances sociales, logement, homes.Assistance.Protection de la jeunesse, aide à la jeunesse",1
VS,2001,Economie.Agriculture.Epizooties,1
VS,2002,"Aménagement du territoire et constructions, expropriation, travaux publics, énergie, transports, environnement",1
VS,2003,"Etat.Autorités.Gouvernement et administration.Droit du personnel.Traitements, indemnités",1
VS,2003,"Enseignement, sciences, documentation et culture.Contributions à la formation.Ecolages",1
VS,2003,Economie.Agriculture.Epizooties,1
VS,2004,Etat.Dispositions générales.Etablissement et séjour.Etablissement et séjour des étrangers.asile,1
VS,2004,"Aménagement du territoire et constructions, expropriation, travaux publics, énergie, transports, environnement.Aménagement du territoire et constructions.Procédure",2
VS,2005,"Aménagement du territoire et constructions, expropriation, travaux publics, énergie, transports, environnement.Protection de la nature et du paysage.Protection du paysage",4
VS,2005,"Aménagement du territoire et constructions, expropriation, travaux publics, énergie, transports, environnement.Protection de la nature et du paysage.Protection de la nature",1
VS,2005,Economie,2
VS,2006,"Finances, Impôts, monopoles, entreprises d'état.Monopoles, régales, entreprises d'état.Alcool",1
VS,2006,"Aménagement du territoire et constructions, expropriation, travaux publics, énergie, transports, environnement.Protection de l'environnement.Hygiène de l'air.Poussières fines/smog",1
VS,2006,"Aménagement du territoire et constructions, expropriation, travaux publics, énergie, transports, environnement.Protection de la nature et du paysage.Protection du paysage",1
VS,2006,"Santé, travail, droit des assurances sociales, logement, homes.Droit des assurances sociales.LPP",1
VS,2007,"Enseignement, sciences, documentation et culture.Pédagogie spécialisée.Ecoles spécialisées",1
VS,2007,"Enseignement, sciences, documentation et culture.Contributions à la formation.Emoluments scolaires",1
VS,2007,"Défense nationale, protection de la population, police.Protection de la population.Protection civile.Constructions de protection civile",1
VS,2007,"Aménagement du territoire et constructions, expropriation, travaux publics, énergie, transports, environnement.Aménagement du territoire et constructions.Remembrements",1
VS,2007,"Aménagement du territoire et constructions, expropriation, travaux publics, énergie, transports, environnement.Protection de l'environnement.Déchets",1
VS,2007,"Aménagement du territoire et constructions, expropriation, travaux publics, énergie, transports, environnement.Protection de la nature et du paysage.Protection du paysage",1
VS,2008,"Aménagement du territoire et constructions, expropriation, travaux publics, énergie, transports, environnement.Expropriation",1
VS,2008,"Santé, travail, droit des assurances sociales, logement, homes",1
VS,2009,"Finances, Impôts, monopoles, entreprises d'état.Finances.Contributions étatiques, subventions",1
VS,2009,"Aménagement du territoire et constructions, expropriation, travaux publics, énergie, transports, environnement.Protection de la nature et du paysage.Protection du paysage",1
VS,2009,"Santé, travail, droit des assurances sociales, logement, homes",1
VS,2010,Etat.Dispositions générales.Etablissement et séjour.Etablissement et séjour des étrangers.asile,1
VS,2010,"Santé, travail, droit des assurances sociales, logement, homes",2
VS,2010,"Santé, travail, droit des assurances sociales, logement, homes.Droit du travail.Marché du travail.Envoi de travailleurs à l'étranger",1
VS,2010,"Santé, travail, droit des assurances sociales, logement, homes.Logement.Mesures d'encouragement à la construction de logements",1
VS,2011,Etat.Communes.Finances communales,1
VS,2011,"Aménagement du territoire et constructions, expropriation, travaux publics, énergie, transports, environnement.Protection de la nature et du paysage.Protection du paysage",1
VS,2012,"Santé, travail, droit des assurances sociales, logement, homes.Santé.Professions médicales.Personnel soignant",1
VS,2013,Etat.Dispositions générales.Information du public,1
VS,2013,Etat.Autorités.Gouvernement et administration.Administration.Commissions,1
VS,2013,Etat.Autorités.Gouvernement et administration.Emoluments administratifs,1
VS,2013,"Enseignement, sciences, documentation et culture.Degré tertiaire: Ecoles supérieures",1
VS,2013,"Santé, travail, droit des assurances sociales, logement, homes.Droit des assurances sociales.Assurance-chômage",2
VS,2014,"Enseignement, sciences, documentation et culture.Pédagogie spécialisée.Logopédie",1
VS,2014,"Aménagement du territoire et constructions, expropriation, travaux publics, énergie, transports, environnement.Protection de la nature et du paysage.Protection de la nature",1
VS,2014,"Santé, travail, droit des assurances sociales, logement, homes.Santé.Professions médicales.Médecins",1
VS,2015,Etat.Autorités.Gouvernement et administration.Administration.Directions et offices,1
VS,2015,"Aménagement du territoire et constructions, expropriation, travaux publics, énergie, transports, environnement.Protection de la nature et du paysage.Protection de la nature",1
VS,2016,"Enseignement, sciences, documentation et culture.Contributions à la formation.Ecolages",1
VS,2016,"Santé, travail, droit des assurances sociales, logement, homes",3
VS,2018,"Aménagement du territoire et constructions, expropriation, travaux publics, énergie, transports, environnement.Protection de la nature et du paysage.Protection de la nature",1
VS,2018,"Santé, travail, droit des assurances sociales, logement, homes",2
VS,2018,Economie,1
VS,2019,Economie.Agriculture.Alpage,1
VS,2020,"Aménagement du territoire et constructions, expropriation, travaux publics, énergie, transports, environnement.Transports.Circulation routière.Impôts et taxes de la circulation",1
VS,2020,"Aménagement du territoire et constructions, expropriation, travaux publics, énergie, transports, environnement.Protection de la nature et du paysage.Protection des animaux",1
VS,2020,"Santé, travail, droit des assurances sociales, logement, homes.Santé.Lutte contre les maladies.Epidémies, pandémies",1
VS,2021,"Enseignement, sciences, documentation et culture.Art, culture, sport.Art.Cinéma, théâtre, divertissement",1
VS,2021,"Santé, travail, droit des assurances sociales, logement, homes",2
VS,2022,"Aménagement du territoire et constructions, expropriation, travaux publics, énergie, transports, environnement.Transports.Funiculaires, téléphériques, téléskis",2
VS,2023,Etat.Dispositions générales.Information du public,1
VS,2023,"Santé, travail, droit des assurances sociales, logement, homes",1
VS,2024,"Santé, travail, droit des assurances sociales, logement, homes",1
ZG,1904,"Aménagement du territoire et constructions, expropriation, travaux publics, énergie, transports, environnement.Travaux publics.Aménagement des eaux.Utilisation des eaux",1
ZG,1929,"Aménagement du territoire et constructions, expropriation, travaux publics, énergie, transports, environnement.Aménagement du territoire et constructions.Equipement",1
ZG,1946,Etat.Professions juridiques.Notaires.Légalisation,1
ZG,1947,"Finances, Impôts, monopoles, entreprises d'état.Monopoles, régales, entreprises d'état.Pêche.Zones de pêche",1
ZG,1949,"Finances, Impôts, monopoles, entreprises d'état.Impôts.Interdiction des arrangements fiscaux",1
ZG,1954,"Aménagement du territoire et constructions, expropriation, travaux publics, énergie, transports, environnement.Aménagement du territoire et constructions.Equipement",1
ZG,1958,"Finances, Impôts, monopoles, entreprises d'état.Monopoles, régales, entreprises d'état.Pêche.Zones de pêche",1
ZG,1969,"Finances, Impôts, monopoles, entreprises d'état.Monopoles, régales, entreprises d'état.Pêche.Zones de pêche",1
ZG,1971,"Enseignement, sciences, documentation et culture.Assurance de la qualité, surveillance, direction.Coordination",1
ZG,1972,Droit pénal,1
ZG,1975,"Enseignement, sciences, documentation et culture.Documentation.Musées",1
ZG,1975,"Finances, Impôts, monopoles, entreprises d'état.Monopoles, régales, entreprises d'état.Régale des sels",1
ZG,1975,"Santé, travail, droit des assurances sociales, logement, homes",1
ZG,1976,"Enseignement, sciences, documentation et culture.Documentation.Musées",4
ZG,1977,"Aménagement du territoire et constructions, expropriation, travaux publics, énergie, transports, environnement.Protection de la nature et du paysage.Protection des animaux",1
ZG,1978,"Défense nationale, protection de la population, police.Sécurité intérieure.Police.Coopération en matière de police",1
ZG,1984,Droit civil.Dispositions générales d'introduction du code des obligations.Des divers contrats.Contrat de travail.Contrats-type.Employés de maison,3
ZG,1985,"Défense nationale, protection de la population, police",1
ZG,1988,"Aménagement du territoire et constructions, expropriation, travaux publics, énergie, transports, environnement.Aménagement du territoire et constructions.Plans",2
ZG,1992,"Enseignement, sciences, documentation et culture.Degré secondaire II.Ecole moyenne",1
ZG,1992,Economie.Forêt.Formation professionnelle,1
ZG,1994,"Aménagement du territoire et constructions, expropriation, travaux publics, énergie, transports, environnement.Protection de l'environnement.Déchets",1
ZG,1995,"Enseignement, sciences, documentation et culture.Formation continue (Degré quaternaire).Formation des adultes",1
ZG,1995,"Santé, travail, droit des assurances sociales, logement, homes.Santé.Urgences, ambulances",1
ZG,1997,Etat.Autorités.Gouvernement et administration.Administration.Directions et offices,1
ZG,1997,"Etat.Autorités.Gouvernement et administration.Droit du personnel.Traitements, indemnités",3
ZG,1998,"Enseignement, sciences, documentation et culture",1
ZG,1998,"Santé, travail, droit des assurances sociales, logement, homes.Assistance.Aide sociale",1
ZG,1999,"Enseignement, sciences, documentation et culture.Degré secondaire II.Ecole moyenne",1
ZG,1999,"Finances, Impôts, monopoles, entreprises d'état.Finances.Contributions étatiques, subventions",1
ZG,2000,Etat.Dispositions générales.Droit de cité,1
ZG,2000,"Etat.Dispositions générales.Droits fondamentaux, droits politiques.droits politiques.Elections et votations",1
ZG,2000,Etat.Autorités.Gouvernement et administration.Organisation.Délégation,2
ZG,2000,"Finances, Impôts, monopoles, entreprises d'état",1
ZG,2001,Etat.Autorités.Gouvernement et administration.Organisation.Délégation,1
ZG,2001,"Enseignement, sciences, documentation et culture",1
ZG,2001,"Enseignement, sciences, documentation et culture.Degré tertiaire: Hautes écoles.Pédagogie",1
ZG,2001,"Finances, Impôts, monopoles, entreprises d'état.Entreprises d'Etat.Banques cantonales",1
ZG,2001,"Santé, travail, droit des assurances sociales, logement, homes.Santé.Professions médicales.Sages-femmes",1
ZG,2001,Economie.Agriculture.Mesures d'encouragement,1
ZG,2001,"Economie.Commerce.Marché intérieur, entraves techniques au commerce",1
ZG,2002,Droit civil.Dispositions générales d'introduction du code des obligations.Des divers contrats.Contrat de travail.Contrats-type.Agriculture,2
ZG,2002,"Enseignement, sciences, documentation et culture.Degré secondaire II.Ecole moyenne",2
ZG,2002,"Santé, travail, droit des assurances sociales, logement, homes.Droit des assurances sociales.Caisses de compensation",1
ZG,2002,Economie.Agriculture.Formation agricole.Ecole agricole,1
ZG,2003,Etat.Autorités.Gouvernement et administration.Organisation.Délégation,4
ZG,2003,"Défense nationale, protection de la population, police.Sécurité intérieure.Police.Coopération en matière de police",1
ZG,2004,Etat.Dispositions générales.Information du public,1
ZG,2004,Etat.Autorités.Gouvernement et administration.Organisation.Délégation,1
ZG,2004,"Etat.Autorités.Gouvernement et administration.Droit du personnel.Traitements, indemnités",1
ZG,2004,Etat.Autorités.Gouvernement et administration.Procédure administrative,1
ZG,2004,"Santé, travail, droit des assurances sociales, logement, homes",1
ZG,2004,"Santé, travail, droit des assurances sociales, logement, homes.Santé.Urgences, ambulances",1
ZG,2005,Etat.Dispositions générales.Droit de cité,1
ZG,2005,Etat.Autorités.Gouvernement et administration.Organisation.Délégation,1
ZG,2005,"Etat.Autorités.Gouvernement et administration.Droit du personnel.Traitements, indemnités",1
ZG,2005,Etat.Autorités.Gouvernement et administration.Procédure administrative,2
ZG,2005,Droit civil.Dispositions d'introduction du code civil.Droit de la famille.Tutelle,1
ZG,2005,"Enseignement, sciences, documentation et culture.Degré secondaire II.Ecole moyenne",1
ZG,2005,"Enseignement, sciences, documentation et culture.Degré secondaire II.Ecoles moyennes supérieures, écoles des culture générale, écoles de degré diplôme",1
ZG,2005,"Enseignement, sciences, documentation et culture.Corps enseignant.Traitement, indemnités",1
ZG,2005,"Santé, travail, droit des assurances sociales, logement, homes.Santé.Hygiène.Denrées alimentaires, objets d'usage courant.Surveillance des aliments",1
ZG,2006,Etat.Autorités.Gouvernement et administration.Organisation.Délégation,3
ZG,2006,Droit pénal,1
ZG,2006,"Enseignement, sciences, documentation et culture.Degré secondaire II.Ecole moyenne",1
ZG,2006,"Enseignement, sciences, documentation et culture.Degré secondaire II.Ecoles moyennes supérieures, écoles des culture générale, écoles de degré diplôme",1
ZG,2007,Etat.Autorités.Gouvernement et administration.Organisation.Délégation,1
ZG,2007,"Enseignement, sciences, documentation et culture.Degré secondaire II.Ecoles moyennes supérieures, écoles des culture générale, écoles de degré diplôme",1
ZG,2007,"Enseignement, sciences, documentation et culture.Degré secondaire II: Formation professionnelle initiale.Solutions transitoires",1
ZG,2008,Etat.Autorités.Gouvernement et administration.Organisation.Délégation,1
ZG,2008,"Enseignement, sciences, documentation et culture.Art, culture, sport.Encouragement à la culture",1
ZG,2008,"Aménagement du territoire et constructions, expropriation, travaux publics, énergie, transports, environnement.Transports.Circulation routière.Transport des personnes",1
ZG,2009,"Enseignement, sciences, documentation et culture.Degré secondaire II.Ecole moyenne",1
ZG,2009,"Enseignement, sciences, documentation et culture.Degré secondaire II.Ecoles moyennes supérieures, écoles des culture générale, écoles de degré diplôme",1
ZG,2009,"Défense nationale, protection de la population, police.Sécurité intérieure.Police.Coopération en matière de police",2
ZG,2009,"Aménagement du territoire et constructions, expropriation, travaux publics, énergie, transports, environnement.Transports.Circulation routière.Police de la circulation",1
ZG,2010,Etat.Autorités.Gouvernement et administration.Organisation.Délégation,1
ZG,2010,"Enseignement, sciences, documentation et culture.Degré secondaire II.Ecole moyenne",1
ZG,2010,"Finances, Impôts, monopoles, entreprises d'état.Entreprises d'Etat.Banques cantonales",1
ZG,2011,Etat.Autorités.Gouvernement et administration.Administration.Directions et offices,2
ZG,2012,Etat.Autorités.Gouvernement et administration.Organisation.Délégation,1
ZG,2012,Etat.Autorités.Gouvernement et administration.Administration.Directions et offices,3
ZG,2012,Etat.Autorités.Protection des données,1
ZG,2012,"Santé, travail, droit des assurances sociales, logement, homes.Santé.Hygiène.Enfouissement des déchets carnés",1
ZG,2013,Etat.Autorités.Gouvernement et administration.Organisation.Délégation,2
ZG,2013,Droit civil.Dispositions d'introduction du code civil.Droit de la famille.Tutelle,1
ZG,2013,"Enseignement, sciences, documentation et culture.Degré secondaire II.Ecole moyenne",1
ZG,2014,Etat.Autorités.Gouvernement et administration.Administration.Directions et offices,1
ZG,2014,"Enseignement, sciences, documentation et culture.Degré secondaire II.Ecole moyenne",1
ZG,2014,"Santé, travail, droit des assurances sociales, logement, homes.Droit des assurances sociales.LPP",1
ZG,2015,Etat.Dispositions générales.Information du public,1
ZG,2015,Etat.Autorités.Gouvernement et administration.Droit du personnel.Places de stationnement,1
ZG,2015,"Enseignement, sciences, documentation et culture.Degré secondaire II.Ecole moyenne",3
ZG,2015,"Enseignement, sciences, documentation et culture.Degré secondaire II.Ecoles moyennes supérieures, écoles des culture générale, écoles de degré diplôme",1
ZG,2015,"Santé, travail, droit des assurances sociales, logement, homes.Santé.Urgences, ambulances",1
ZG,2016,Etat.Autorités.Gouvernement et administration.Procédure administrative,1
ZG,2017,Etat.Dispositions générales.Etablissement et séjour.Etablissement et séjour des étrangers.asile,1
ZG,2017,Etat.Autorités.Gouvernement et administration.Organisation.Délégation,1
ZG,2017,"Droit civil.Dispositions d'introduction du code civil.Droits réels.Registre foncier, mensurations cadastrales",1
ZG,2020,"Enseignement, sciences, documentation et culture.Art, culture, sport.Encouragement à la culture",1
ZG,2020,"Aménagement du territoire et constructions, expropriation, travaux publics, énergie, transports, environnement",1
ZG,2020,"Santé, travail, droit des assurances sociales, logement, homes.Santé.Lutte contre les maladies.Epidémies, pandémies",3
ZG,2021,"Enseignement, sciences, documentation et culture.Art, culture, sport.Encouragement à la culture",1
ZG,2021,"Santé, travail, droit des assurances sociales, logement, homes.Santé.Lutte contre les maladies.Epidémies, pandémies",1
ZG,2022,Etat.Dispositions générales.Etablissement et séjour.Etablissement et séjour des étrangers.asile,1
ZG,2023,"Aménagement du territoire et constructions, expropriation, travaux publics, énergie, transports, environnement",1
ZG,2024,"Enseignement, sciences, documentation et culture.Art, culture, sport.Encouragement à la culture",1
ZG,2025,"Enseignement, sciences, documentation et culture.Degré secondaire II.Ecole moyenne",2
ZH,1880,"Aménagement du territoire et constructions, expropriation, travaux publics, énergie, transports, environnement.Travaux publics.Aménagement des eaux.Corrections des eaux / Protection contre les crues",1
ZH,1906,"Etat.Autorités.Organisation judiciaire.Autorités judiciaires.Juges d'instruction, Ministère public.Ministère public",1
ZH,1910,"Enseignement, sciences, documentation et culture.Documentation.Bibliothèques",1
ZH,1914,"Enseignement, sciences, documentation et culture.Documentation.Bibliothèques",1
ZH,1915,"Enseignement, sciences, documentation et culture.Documentation.Bibliothèques",1
ZH,1920,"Droit civil.Dispositions d'introduction du code civil.Droits réels.Registre foncier, mensurations cadastrales",1
ZH,1921,Droit civil,1
ZH,1922,"Défense nationale, protection de la population, police.Défense.Places d'armes, arsenaux",1
ZH,1929,"Aménagement du territoire et constructions, expropriation, travaux publics, énergie, transports, environnement.Travaux publics.Aménagement des eaux.Utilisation des eaux",1
ZH,1930,"Aménagement du territoire et constructions, expropriation, travaux publics, énergie, transports, environnement.Expropriation",1
ZH,1933,"Enseignement, sciences, documentation et culture.Documentation.Musées",1
ZH,1933,"Défense nationale, protection de la population, police.Défense.Places d'armes, arsenaux",1
ZH,1937,Droit civil,1
ZH,1943,"Défense nationale, protection de la population, police.Sécurité intérieure.Police.Coopération en matière de police",1
ZH,1948,"Aménagement du territoire et constructions, expropriation, travaux publics, énergie, transports, environnement.Travaux publics.Bâtiments et terrains publics",1
ZH,1951,"Finances, Impôts, monopoles, entreprises d'état.Impôts.Droits de mutation",1
ZH,1953,"Finances, Impôts, monopoles, entreprises d'état.Impôts.Exonération et allégements fiscaux",1
ZH,1958,"Aménagement du territoire et constructions, expropriation, travaux publics, énergie, transports, environnement.Energie.Forces hydrauliques",1
ZH,1958,"Aménagement du territoire et constructions, expropriation, travaux publics, énergie, transports, environnement.Protection de la nature et du paysage.Protection des animaux",1
ZH,1958,"Aménagement du territoire et constructions, expropriation, travaux publics, énergie, transports, environnement.Protection de la nature et du paysage.Protection de la nature",2
ZH,1959,"Aménagement du territoire et constructions, expropriation, travaux publics, énergie, transports, environnement.Protection de la nature et du paysage.Protection des plantes",1
ZH,1960,Droit civil,1
ZH,1963,Etat.Eglise et Etat.Eglise catholique romaine,1
ZH,1963,Etat.Eglise et Etat.Eglise évangélique réformée,1
ZH,1963,"Aménagement du territoire et constructions, expropriation, travaux publics, énergie, transports, environnement",1
ZH,1966,Etat.Autorités.Gouvernement et administration.Emoluments administratifs,1
ZH,1967,Etat.Eglise et Etat.Eglise évangélique réformée,2
ZH,1967,"Aménagement du territoire et constructions, expropriation, travaux publics, énergie, transports, environnement",1
ZH,1968,Etat.Eglise et Etat.Eglise évangélique réformée,2
ZH,1971,Etat.Eglise et Etat.Eglise évangélique réformée,1
ZH,1971,"Santé, travail, droit des assurances sociales, logement, homes.Santé.Pharmacies et drogueries",1
ZH,1972,"Etat.Autorités.Gouvernement et administration.Droit du personnel.Pensions, prestations d'assurance",1
ZH,1973,"Enseignement, sciences, documentation et culture.Degré tertiaire: universités.Faculté de philosophie",1
ZH,1974,"Droit civil.Dispositions d'introduction du code civil.Droit de la famille.Accueil familial, adoption",1
ZH,1974,"Santé, travail, droit des assurances sociales, logement, homes.Santé.Substances thérapeutiques, stupéfiants",1
ZH,1975,"Etat.Autorités.Gouvernement et administration.Droit du personnel.Pensions, prestations d'assurance",1
ZH,1976,"Enseignement, sciences, documentation et culture",1
ZH,1976,"Aménagement du territoire et constructions, expropriation, travaux publics, énergie, transports, environnement.Protection de l'environnement.Protection des eaux",1
ZH,1979,"Finances, Impôts, monopoles, entreprises d'état.Monopoles, régales, entreprises d'état.Chasse.Chasseurs",1
ZH,1980,Etat.Eglise et Etat.Eglise évangélique réformée,2
ZH,1980,"Santé, travail, droit des assurances sociales, logement, homes.Santé.Etablissements hospitaliers, cliniques.Hôpitaux cantonaux",1
ZH,1980,"Santé, travail, droit des assurances sociales, logement, homes.Santé.Substances thérapeutiques, stupéfiants",1
ZH,1981,Etat.Eglise et Etat.Eglise évangélique réformée,1
ZH,1981,"Santé, travail, droit des assurances sociales, logement, homes.Santé.Professions médicales.Médecins",1
ZH,1982,Etat.Eglise et Etat.Eglise catholique romaine,1
ZH,1982,Etat.Eglise et Etat.Eglise évangélique réformée,1
ZH,1982,"Finances, Impôts, monopoles, entreprises d'état.Monopoles, régales, entreprises d'état.Pêche.Zones de pêche",1
ZH,1982,"Santé, travail, droit des assurances sociales, logement, homes",1
ZH,1983,"Enseignement, sciences, documentation et culture.Corps enseignant.Formation",1
ZH,1984,Etat.Eglise et Etat.Eglise catholique romaine,1
ZH,1984,Etat.Eglise et Etat.Eglise évangélique réformée,1
ZH,1984,"Enseignement, sciences, documentation et culture.Degré tertiaire: universités.Faculté de médecine humaine et vétérinaire",1
ZH,1984,"Enseignement, sciences, documentation et culture.Assurance de la qualité, surveillance, direction.Arrondissements scolaires",1
ZH,1984,"Santé, travail, droit des assurances sociales, logement, homes.Santé.Substances thérapeutiques, stupéfiants",1
ZH,1986,"Enseignement, sciences, documentation et culture.Assurance de la qualité, surveillance, direction.Bâtiments scolaires",1
ZH,1987,"Aménagement du territoire et constructions, expropriation, travaux publics, énergie, transports, environnement",1
ZH,1987,"Aménagement du territoire et constructions, expropriation, travaux publics, énergie, transports, environnement.Protection de l'environnement.Protection contre le bruit",1
ZH,1987,"Santé, travail, droit des assurances sociales, logement, homes.Santé.Etablissements hospitaliers, cliniques.Hôpitaux cantonaux",1
ZH,1988,Droit civil,1
ZH,1988,"Enseignement, sciences, documentation et culture.Degré tertiaire: universités.Faculté de médecine humaine et vétérinaire",1
ZH,1988,Economie,1
ZH,1990,"Enseignement, sciences, documentation et culture.Contributions à la formation.Emoluments scolaires",1
ZH,1990,"Aménagement du territoire et constructions, expropriation, travaux publics, énergie, transports, environnement.Protection de l'environnement.Protection des eaux",1
ZH,1990,"Santé, travail, droit des assurances sociales, logement, homes.Droit du travail.Travail à domicile",1
ZH,1991,"Etat.Autorités.Organisation judiciaire.Autorités judiciaires.Cours supérieures, tribunaux fédéraux",1
ZH,1991,Droit civil.Dispositions générales d'introduction du code des obligations.Des divers contrats.Contrat de travail.Contrats-type.Employés de maison,1
ZH,1991,"Enseignement, sciences, documentation et culture.Corps enseignant.Traitement, indemnités",1
ZH,1991,"Santé, travail, droit des assurances sociales, logement, homes",1
ZH,1992,"Enseignement, sciences, documentation et culture.Contributions à la formation.Emoluments scolaires",1
ZH,1993,"Aménagement du territoire et constructions, expropriation, travaux publics, énergie, transports, environnement",1
ZH,1993,"Santé, travail, droit des assurances sociales, logement, homes.Santé.Etablissements hospitaliers, cliniques.Cliniques psychiatriques",1
ZH,1994,"Etat.Autorités.Organisation judiciaire.Autorités judiciaires.Tribunaux administratifs, des assurances et des assurances sociales",1
ZH,1994,"Enseignement, sciences, documentation et culture.Degré tertiaire: universités.Faculté de droit",1
ZH,1994,"Enseignement, sciences, documentation et culture.Contributions à la formation.Emoluments scolaires",3
ZH,1994,"Défense nationale, protection de la population, police.Protection de la population.Protection contre les incendies / éléments naturels.Protection contre le feu, pompiers",1
ZH,1995,"Enseignement, sciences, documentation et culture.Contributions à la formation.Emoluments scolaires",1
ZH,1995,"Finances, Impôts, monopoles, entreprises d'état.Impôts.Impôts sur les successions et les donations",1
ZH,1995,"Aménagement du territoire et constructions, expropriation, travaux publics, énergie, transports, environnement.Aménagement du territoire et constructions.Plans",1
ZH,1995,"Santé, travail, droit des assurances sociales, logement, homes.Santé.Hygiène.Denrées alimentaires, objets d'usage courant.Surveillance des aliments",1
ZH,1995,Economie.Agriculture.Culture des plantes.Vignoble,1
ZH,1996,"Etat.Autorités.Gouvernement et administration.Droit du personnel.Pensions, prestations d'assurance",1
ZH,1996,"Etat.Autorités.Organisation judiciaire.Autorités judiciaires.Tribunaux de district / d'arrondissement, juges de paix",1
ZH,1996,"Aménagement du territoire et constructions, expropriation, travaux publics, énergie, transports, environnement",1
ZH,1996,"Santé, travail, droit des assurances sociales, logement, homes",1
ZH,1996,"Santé, travail, droit des assurances sociales, logement, homes.Santé.Substances thérapeutiques, stupéfiants",1
ZH,1997,"Enseignement, sciences, documentation et culture.Pédagogie spécialisée.Ecoles spécialisées",1
ZH,1997,"Enseignement, sciences, documentation et culture.Contributions à la formation.Emoluments scolaires",1
ZH,1997,"Aménagement du territoire et constructions, expropriation, travaux publics, énergie, transports, environnement",1
ZH,1998,Etat.Eglise et Etat.Eglise évangélique réformée,1
ZH,1998,"Enseignement, sciences, documentation et culture",1
ZH,1998,"Enseignement, sciences, documentation et culture.Degré tertiaire: universités.Faculté de droit",1
ZH,1998,"Enseignement, sciences, documentation et culture.Degré tertiaire: universités.Faculté de médecine humaine et vétérinaire",1
ZH,1998,"Finances, Impôts, monopoles, entreprises d'état.Impôts.Impôts sur le revenu et la fortune / impôts sur les bénéfices et les capitaux.Impôt cantonal",1
ZH,1999,Etat.Autorités.Parlement.Indemnisation des parlementaires,1
ZH,1999,"Etat.Autorités.Organisation judiciaire.Autorités judiciaires.Prud'hommes, Tribunaux des baux à loyer",2
ZH,1999,Etat.Eglise et Etat.Eglise évangélique réformée,1
ZH,1999,Droit civil.Dispositions générales d'introduction du code des obligations.Des divers contrats.Contrat de travail.Conventions collectives.Déclaration de force obligatoire générale,1
ZH,1999,"Enseignement, sciences, documentation et culture.Degré tertiaire: universités.Faculté de théologie",1
ZH,1999,"Enseignement, sciences, documentation et culture.Degré tertiaire: universités.Faculté de sciences naturelles",1
ZH,1999,"Enseignement, sciences, documentation et culture.Degré tertiaire: universités.Faculté de philosophie",1
ZH,1999,"Enseignement, sciences, documentation et culture.Degré tertiaire: universités.Faculté de médecine humaine et vétérinaire",1
ZH,1999,"Enseignement, sciences, documentation et culture.Assurance de la qualité, surveillance, direction.Autorités scolaires",1
ZH,1999,"Finances, Impôts, monopoles, entreprises d'état",1
ZH,1999,"Santé, travail, droit des assurances sociales, logement, homes",2
ZH,2000,"Etat.Autorités.Organisation judiciaire.Autorités judiciaires.Tribunaux de district / d'arrondissement, juges de paix",1
ZH,2000,Droit civil.Dispositions générales d'introduction du code des obligations.Des divers contrats.Contrat de travail.Conventions collectives.Déclaration de force obligatoire générale,1
ZH,2000,"Enseignement, sciences, documentation et culture",1
ZH,2000,"Enseignement, sciences, documentation et culture.Degré tertiaire: universités.Faculté de sciences économiques",1
ZH,2000,"Enseignement, sciences, documentation et culture.Degré tertiaire: universités.Faculté de philosophie",1
ZH,2000,"Enseignement, sciences, documentation et culture.Degré tertiaire: universités.Faculté de médecine humaine et vétérinaire",3
ZH,2000,"Finances, Impôts, monopoles, entreprises d'état",1
ZH,2000,"Santé, travail, droit des assurances sociales, logement, homes.Santé.Professions médicales.Médecins",1
ZH,2001,Droit civil.Dispositions générales d'introduction du code des obligations.Des divers contrats.Contrat de travail.Conventions collectives.Déclaration de force obligatoire générale,1
ZH,2001,"Enseignement, sciences, documentation et culture.Degré tertiaire: universités.Faculté de sciences économiques",2
ZH,2001,"Enseignement, sciences, documentation et culture.Degré tertiaire: universités.Faculté de sciences naturelles",1
ZH,2001,"Enseignement, sciences, documentation et culture.Degré tertiaire: universités.Faculté de philosophie",2
ZH,2001,"Enseignement, sciences, documentation et culture.Degré tertiaire: universités.Faculté de médecine humaine et vétérinaire",1
ZH,2001,"Enseignement, sciences, documentation et culture.Corps enseignant.Personnel des universités",1
ZH,2002,Droit civil.Dispositions générales d'introduction du code des obligations.Des divers contrats.Contrat de travail.Conventions collectives.Déclaration de force obligatoire générale,1
ZH,2002,"Enseignement, sciences, documentation et culture",1
ZH,2002,"Enseignement, sciences, documentation et culture.Degré tertiaire: universités.Faculté de droit",1
ZH,2002,"Enseignement, sciences, documentation et culture.Degré tertiaire: universités.Faculté de théologie",1
ZH,2002,"Enseignement, sciences, documentation et culture.Degré tertiaire: universités.Faculté de sciences naturelles",2
ZH,2002,"Enseignement, sciences, documentation et culture.Degré tertiaire: universités.Faculté de philosophie",1
ZH,2002,"Enseignement, sciences, documentation et culture.Degré tertiaire: Hautes écoles.Pédagogie",1
ZH,2002,"Enseignement, sciences, documentation et culture.Formation continue (Degré quaternaire).Formation des adultes",1
ZH,2002,"Enseignement, sciences, documentation et culture.Assurance de la qualité, surveillance, direction.Bâtiments scolaires",1
ZH,2002,"Enseignement, sciences, documentation et culture.Documentation.Statistique",1
ZH,2002,Economie,1
ZH,2003,Droit civil,1
ZH,2003,Droit civil.Dispositions d'introduction du code civil.Droits réels.Estimation officielle des immeubles,1
ZH,2003,Droit civil.Dispositions générales d'introduction du code des obligations.Des divers contrats.Contrat de travail.Conventions collectives.Déclaration de force obligatoire générale,1
ZH,2003,"Enseignement, sciences, documentation et culture.Degré tertiaire: universités.Faculté de sciences économiques",1
ZH,2003,"Enseignement, sciences, documentation et culture.Formation continue (Degré quaternaire).Formation des adultes",1
ZH,2003,"Enseignement, sciences, documentation et culture.Contributions à la formation.Emoluments scolaires",1
ZH,2003,"Enseignement, sciences, documentation et culture.Assurance de la qualité, surveillance, direction.Autorités scolaires",1
ZH,2003,"Enseignement, sciences, documentation et culture.Sciences, recherche",1
ZH,2003,"Finances, Impôts, monopoles, entreprises d'état",1
ZH,2003,"Santé, travail, droit des assurances sociales, logement, homes",1
ZH,2004,Etat.Eglise et Etat.Eglise évangélique réformée,2
ZH,2004,"Enseignement, sciences, documentation et culture.Degré tertiaire: universités.Faculté de théologie",3
ZH,2004,"Enseignement, sciences, documentation et culture.Degré tertiaire: universités.Faculté de sciences économiques",3
ZH,2004,"Enseignement, sciences, documentation et culture.Degré tertiaire: universités.Faculté de sciences naturelles",1
ZH,2004,"Enseignement, sciences, documentation et culture.Degré tertiaire: universités.Faculté de médecine humaine et vétérinaire",1
ZH,2004,"Enseignement, sciences, documentation et culture.Degré tertiaire: Hautes écoles.Pédagogie",1
ZH,2004,"Enseignement, sciences, documentation et culture.Degré tertiaire: Ecoles supérieures",1
ZH,2004,"Enseignement, sciences, documentation et culture.Formation continue (Degré quaternaire).Formation des adultes",2
ZH,2004,"Enseignement, sciences, documentation et culture.Assurance de la qualité, surveillance, direction.Autorités scolaires",1
ZH,2004,"Défense nationale, protection de la population, police.Défense.Administration militaire",1
ZH,2004,"Aménagement du territoire et constructions, expropriation, travaux publics, énergie, transports, environnement",1
ZH,2004,"Santé, travail, droit des assurances sociales, logement, homes.Santé.Professions médicales.Médecins",1
ZH,2004,"Santé, travail, droit des assurances sociales, logement, homes.Santé.Professions médicales.Personnel soignant",1
ZH,2005,"Etat.Autorités.Organisation judiciaire.Autorités judiciaires.Tribunaux de district / d'arrondissement, juges de paix",1
ZH,2005,Droit civil.Dispositions générales d'introduction du code des obligations.Des divers contrats.Contrat de travail.Conventions collectives.Déclaration de force obligatoire générale,1
ZH,2005,Droit civil.Dispositions générales d'introduction du code des obligations.Des divers contrats.Contrat de travail.Contrats-type.Agriculture,1
ZH,2005,"Enseignement, sciences, documentation et culture.Degré tertiaire: universités.Faculté de droit",1
ZH,2005,"Enseignement, sciences, documentation et culture.Degré tertiaire: universités.Faculté de théologie",1
ZH,2005,"Enseignement, sciences, documentation et culture.Degré tertiaire: universités.Faculté de philosophie",1
ZH,2005,"Enseignement, sciences, documentation et culture.Degré tertiaire: universités.Faculté de médecine humaine et vétérinaire",1
ZH,2005,"Enseignement, sciences, documentation et culture.Degré tertiaire: Hautes écoles.Pédagogie",1
ZH,2005,"Enseignement, sciences, documentation et culture.Degré tertiaire: Ecoles supérieures",1
ZH,2005,"Finances, Impôts, monopoles, entreprises d'état.Impôts.Impôts sur le revenu et la fortune / impôts sur les bénéfices et les capitaux.Impôt à la source",1
ZH,2005,"Finances, Impôts, monopoles, entreprises d'état.Entreprises d'Etat.Banques cantonales",1
ZH,2005,"Santé, travail, droit des assurances sociales, logement, homes.Santé.Professions médicales.Personnel soignant",1
ZH,2006,"Etat.Autorités.Organisation judiciaire.Autorités judiciaires.Juges d'instruction, Ministère public.Ministère public",1
ZH,2006,Droit civil,1
ZH,2006,Droit civil.Dispositions générales d'introduction du code des obligations.Des divers contrats.Contrat de travail.Conventions collectives.Déclaration de force obligatoire générale,1
ZH,2006,"Enseignement, sciences, documentation et culture",1
ZH,2006,"Enseignement, sciences, documentation et culture.Degré prescolaire, école primaire, degré secondaire I.Ecole primaire, degré secondaire I",2
ZH,2006,"Enseignement, sciences, documentation et culture.Degré tertiaire: universités.Faculté de sciences économiques",2
ZH,2006,"Enseignement, sciences, documentation et culture.Degré tertiaire: universités.Faculté de sciences naturelles",1
ZH,2006,"Enseignement, sciences, documentation et culture.Degré tertiaire: Hautes écoles.Pédagogie",1
ZH,2006,"Enseignement, sciences, documentation et culture.Degré tertiaire: Ecoles supérieures",1
ZH,2006,"Enseignement, sciences, documentation et culture.Formation continue (Degré quaternaire).Formation des adultes",1
ZH,2006,"Enseignement, sciences, documentation et culture.Corps enseignant.Formation",1
ZH,2006,"Aménagement du territoire et constructions, expropriation, travaux publics, énergie, transports, environnement.Energie.Electricité",1
ZH,2006,"Santé, travail, droit des assurances sociales, logement, homes",1
ZH,2007,"Etat.Autorités.Gouvernement et administration.Droit du personnel.Pensions, prestations d'assurance",1
ZH,2007,Etat.Eglise et Etat.Eglise catholique romaine,1
ZH,2007,Droit civil.Dispositions générales d'introduction du code des obligations.Des divers contrats.Contrat de travail.Conventions collectives.Déclaration de force obligatoire générale,1
ZH,2007,"Enseignement, sciences, documentation et culture",1
ZH,2007,"Enseignement, sciences, documentation et culture.Degré tertiaire: universités.Faculté de médecine humaine et vétérinaire",1
ZH,2007,"Enseignement, sciences, documentation et culture.Degré tertiaire: Hautes écoles.Pédagogie",3
ZH,2007,"Enseignement, sciences, documentation et culture.Degré tertiaire: Hautes écoles.Autres filières d'études",2
ZH,2007,"Enseignement, sciences, documentation et culture.Formation continue (Degré quaternaire).Formation des adultes",4
ZH,2007,"Finances, Impôts, monopoles, entreprises d'état.Impôts.Impôts sur le revenu et la fortune / impôts sur les bénéfices et les capitaux.Impôt cantonal",1
ZH,2008,"Etat.Autorités.Organisation judiciaire.Autorités judiciaires.Juges d'instruction, Ministère public.Ministère public",1
ZH,2008,Droit civil.Dispositions générales d'introduction du code des obligations.Des divers contrats.Contrat de travail.Conventions collectives.Déclaration de force obligatoire générale,1
ZH,2008,Droit civil.Propriété intellectuelle,1
ZH,2008,"Enseignement, sciences, documentation et culture",1
ZH,2008,"Enseignement, sciences, documentation et culture.Degré tertiaire: universités.Faculté de sciences économiques",2
ZH,2008,"Enseignement, sciences, documentation et culture.Degré tertiaire: Hautes écoles.Pédagogie",1
ZH,2008,"Enseignement, sciences, documentation et culture.Degré tertiaire: Hautes écoles.Etudes sociales",1
ZH,2008,"Enseignement, sciences, documentation et culture.Degré tertiaire: Hautes écoles.Economie",2
ZH,2008,"Enseignement, sciences, documentation et culture.Degré tertiaire: Hautes écoles.Autres filières d'études",7
ZH,2008,"Enseignement, sciences, documentation et culture.Pédagogie spécialisée.Ecoles spécialisées",1
ZH,2008,"Aménagement du territoire et constructions, expropriation, travaux publics, énergie, transports, environnement",1
ZH,2008,"Aménagement du territoire et constructions, expropriation, travaux publics, énergie, transports, environnement.Energie.Electricité",1
ZH,2008,"Santé, travail, droit des assurances sociales, logement, homes.Santé.Etablissements hospitaliers, cliniques.Hôpitaux cantonaux",1
ZH,2008,"Santé, travail, droit des assurances sociales, logement, homes.Santé.Professions médicales.Personnel soignant",1
ZH,2009,Etat.Eglise et Etat.Eglise catholique romaine,2
ZH,2009,Etat.Eglise et Etat.Eglise catholique chrétienne,1
ZH,2009,Etat.Eglise et Etat.Eglise évangélique réformée,1
ZH,2009,"Enseignement, sciences, documentation et culture.Degré tertiaire: universités.Faculté de droit",1
ZH,2009,"Enseignement, sciences, documentation et culture.Degré tertiaire: universités.Faculté de sciences économiques",2
ZH,2009,"Enseignement, sciences, documentation et culture.Degré tertiaire: universités.Faculté de sciences naturelles",1
ZH,2009,"Enseignement, sciences, documentation et culture.Degré tertiaire: universités.Faculté de philosophie",4
ZH,2009,"Enseignement, sciences, documentation et culture.Degré tertiaire: universités.Faculté de médecine humaine et vétérinaire",1
ZH,2009,"Enseignement, sciences, documentation et culture.Degré tertiaire: Hautes écoles.Pédagogie",1
ZH,2009,"Enseignement, sciences, documentation et culture.Degré tertiaire: Hautes écoles.Economie",1
ZH,2009,"Enseignement, sciences, documentation et culture.Degré tertiaire: Hautes écoles.Autres filières d'études",15
ZH,2009,"Défense nationale, protection de la population, police.Protection de la population.Protection contre les incendies / éléments naturels.Protection contre le feu, pompiers",1
ZH,2009,"Santé, travail, droit des assurances sociales, logement, homes",1
ZH,2010,Etat,1
ZH,2010,Etat.Eglise et Etat.Eglise évangélique réformée,2
ZH,2010,"Enseignement, sciences, documentation et culture",1
ZH,2010,"Enseignement, sciences, documentation et culture.Degré tertiaire: universités.Faculté de droit",1
ZH,2010,"Enseignement, sciences, documentation et culture.Degré tertiaire: universités.Faculté de théologie",6
ZH,2010,"Enseignement, sciences, documentation et culture.Degré tertiaire: universités.Faculté de sciences économiques",4
ZH,2010,"Enseignement, sciences, documentation et culture.Degré tertiaire: universités.Faculté de médecine humaine et vétérinaire",3
ZH,2010,"Enseignement, sciences, documentation et culture.Degré tertiaire: Hautes écoles.Etudes sociales",1
ZH,2010,"Enseignement, sciences, documentation et culture.Degré tertiaire: Hautes écoles.Autres filières d'études",4
ZH,2010,"Santé, travail, droit des assurances sociales, logement, homes",2
ZH,2010,"Santé, travail, droit des assurances sociales, logement, homes.Santé.Etablissements hospitaliers, cliniques.Hôpitaux cantonaux",3
ZH,2011,Etat,1
ZH,2011,Etat.Eglise et Etat.Eglise évangélique réformée,2
ZH,2011,"Enseignement, sciences, documentation et culture.Degré tertiaire: universités.Faculté de droit",1
ZH,2011,"Enseignement, sciences, documentation et culture.Degré tertiaire: universités.Faculté de sciences naturelles",2
ZH,2011,"Enseignement, sciences, documentation et culture.Degré tertiaire: universités.Faculté de philosophie",4
ZH,2011,"Enseignement, sciences, documentation et culture.Degré tertiaire: universités.Faculté de médecine humaine et vétérinaire",2
ZH,2011,"Enseignement, sciences, documentation et culture.Degré tertiaire: Hautes écoles.Pédagogie",1
ZH,2011,"Enseignement, sciences, documentation et culture.Degré tertiaire: Hautes écoles.Autres filières d'études",2
ZH,2012,"Enseignement, sciences, documentation et culture",2
ZH,2012,"Enseignement, sciences, documentation et culture.Degré tertiaire: universités.Faculté de droit",1
ZH,2012,"Enseignement, sciences, documentation et culture.Degré tertiaire: universités.Faculté de philosophie",2
ZH,2012,"Enseignement, sciences, documentation et culture.Degré tertiaire: universités.Faculté de médecine humaine et vétérinaire",2
ZH,2012,"Enseignement, sciences, documentation et culture.Degré tertiaire: Hautes écoles.Pédagogie",2
ZH,2012,"Enseignement, sciences, documentation et culture.Degré tertiaire: Hautes écoles.Autres filières d'études",1
ZH,2013,Etat.Eglise et Etat.Eglise évangélique réformée,1
ZH,2013,Droit civil,1
ZH,2013,"Enseignement, sciences, documentation et culture.Degré prescolaire, école primaire, degré secondaire I.Ecole primaire, degré secondaire I",1
ZH,2013,"Enseignement, sciences, documentation et culture.Degré tertiaire: Hautes écoles.Economie",1
ZH,2013,"Enseignement, sciences, documentation et culture.Degré tertiaire: Hautes écoles.Autres filières d'études",1
ZH,2014,"Enseignement, sciences, documentation et culture.Degré tertiaire: universités.Faculté de sciences naturelles",1
ZH,2014,"Enseignement, sciences, documentation et culture.Degré tertiaire: universités.Faculté de médecine humaine et vétérinaire",1
ZH,2015,"Enseignement, sciences, documentation et culture.Degré tertiaire: universités.Faculté de sciences économiques",1
ZH,2015,"Enseignement, sciences, documentation et culture.Degré tertiaire: Hautes écoles.Pédagogie",1
ZH,2015,"Enseignement, sciences, documentation et culture.Degré tertiaire: Hautes écoles.Economie",2
ZH,2015,"Enseignement, sciences, documentation et culture.Degré tertiaire: Hautes écoles.Autres filières d'études",1
ZH,2015,"Santé, travail, droit des assurances sociales, logement, homes.Assistance.Homes.Foyers pour enfants et adolescents",1
ZH,2016,"Enseignement, sciences, documentation et culture.Degré tertiaire: universités.Faculté de sciences économiques",1
ZH,2016,"Enseignement, sciences, documentation et culture.Degré tertiaire: universités.Faculté de philosophie",2
ZH,2016,"Enseignement, sciences, documentation et culture.Degré tertiaire: Hautes écoles.Pédagogie",1
ZH,2016,"Enseignement, sciences, documentation et culture.Degré tertiaire: Hautes écoles.Autres filières d'études",1
ZH,2016,"Enseignement, sciences, documentation et culture.Corps enseignant.Engagement",1
ZH,2016,"Santé, travail, droit des assurances sociales, logement, homes.Santé.Professions médicales.Sages-femmes",1
ZH,2017,"Enseignement, sciences, documentation et culture.Degré tertiaire: universités.Faculté de sciences naturelles",1
ZH,2017,"Enseignement, sciences, documentation et culture.Degré tertiaire: universités.Faculté de philosophie",1
ZH,2017,"Enseignement, sciences, documentation et culture.Degré tertiaire: universités.Faculté de médecine humaine et vétérinaire",1
ZH,2017,"Enseignement, sciences, documentation et culture.Degré tertiaire: Hautes écoles.Autres filières d'études",1
ZH,2018,Etat.Eglise et Etat.Eglise catholique chrétienne,1
ZH,2018,"Enseignement, sciences, documentation et culture.Degré tertiaire: universités.Faculté de sciences naturelles",1
ZH,2018,"Enseignement, sciences, documentation et culture.Degré tertiaire: universités.Faculté de philosophie",1
ZH,2018,"Enseignement, sciences, documentation et culture.Degré tertiaire: universités.Faculté de médecine humaine et vétérinaire",2
ZH,2018,"Enseignement, sciences, documentation et culture.Degré tertiaire: Hautes écoles.Autres filières d'études",1
ZH,2018,"Défense nationale, protection de la population, police.Protection de la population.Protection contre les incendies / éléments naturels.Protection contre le feu, pompiers",1
ZH,2018,"Santé, travail, droit des assurances sociales, logement, homes",1
ZH,2019,Etat.Autorités.Gouvernement et administration.Gouvernement.Indemnités,1
ZH,2019,Etat.Eglise et Etat.Eglise évangélique réformée,2
ZH,2019,"Enseignement, sciences, documentation et culture",2
ZH,2019,"Enseignement, sciences, documentation et culture.Degré tertiaire: universités.Faculté de philosophie",1
ZH,2019,"Enseignement, sciences, documentation et culture.Degré tertiaire: universités.Faculté de médecine humaine et vétérinaire",3
ZH,2020,Etat.Autorités.Parlement.Indemnisation des parlementaires,1
ZH,2020,"Enseignement, sciences, documentation et culture.Degré tertiaire: universités.Faculté de médecine humaine et vétérinaire",1
ZH,2020,"Enseignement, sciences, documentation et culture.Corps enseignant.Personnel des universités",1
ZH,2020,"Aménagement du territoire et constructions, expropriation, travaux publics, énergie, transports, environnement.Energie.Electricité",1
ZH,2020,"Santé, travail, droit des assurances sociales, logement, homes.Santé.Etablissements hospitaliers, cliniques.Cliniques psychiatriques",1
ZH,2021,"Enseignement, sciences, documentation et culture",1
ZH,2021,"Enseignement, sciences, documentation et culture.Degré tertiaire: Hautes écoles.Autres filières d'études",2
ZH,2021,"Défense nationale, protection de la population, police",1
ZH,2021,"Défense nationale, protection de la population, police.Sécurité intérieure.Police.Coopération en matière de police",1
ZH,2022,"Enseignement, sciences, documentation et culture",1
ZH,2022,"Enseignement, sciences, documentation et culture.Degré tertiaire: universités.Faculté de sciences naturelles",1
ZH,2022,"Santé, travail, droit des assurances sociales, logement, homes.Santé.Etablissements hospitaliers, cliniques.Hôpitaux cantonaux",1
ZH,2022,"Santé, travail, droit des assurances sociales, logement, homes.Santé.Etablissements hospitaliers, cliniques.Cliniques psychiatriques",1
ZH,2023,"Enseignement, sciences, documentation et culture",1
ZH,2023,"Enseignement, sciences, documentation et culture.Degré tertiaire: universités.Faculté de médecine humaine et vétérinaire",1
ZH,2023,"Enseignement, sciences, documentation et culture.Degré tertiaire: Hautes écoles.Pédagogie",1
ZH,2024,Droit pénal.Procédure pénale.Médecine légale,1
ZH,2024,"Enseignement, sciences, documentation et culture",2
ZH,2024,"Enseignement, sciences, documentation et culture.Degré tertiaire: universités.Faculté de philosophie",1
ZH,2024,"Enseignement, sciences, documentation et culture.Degré tertiaire: Hautes écoles.Pédagogie",1
ZH,2024,"Enseignement, sciences, documentation et culture.Degré tertiaire: Hautes écoles.Autres filières d'études",1
ZH,2025,"Enseignement, sciences, documentation et culture",1
ZH,2025,"Enseignement, sciences, documentation et culture.Degré tertiaire: universités.Faculté de théologie",1
ZH,2025,"Enseignement, sciences, documentation et culture.Degré tertiaire: Hautes écoles.Autres filières d'études",1
ZH,2025,"Finances, Impôts, monopoles, entreprises d'état",1
ZH,2026,"Enseignement, sciences, documentation et culture.Degré tertiaire: universités.Faculté de philosophie",1
ZH,unknown,"Aménagement du territoire et constructions, expropriation, travaux publics, énergie, transports, environnement.Energie.Electricité",2
