# Swiss Law Collection — intercantonal agreement memberships by canton, year and topic (full systematics depth)
# counting_unit: signatory_memberships — one occurrence per SIGNING canton per agreement, the same unit as concordats_memberships.csv (a DIFFERENT unit from the site's year chart, which counts published copies)
# topic = the LexFind global-systematics path at the depth the source classifies the act, French labels joined by '.' (Etat.Dispositions générales.contrôle des habitants); acts classified only at the top level appear at that depth, unclassified ones as 'Non classé'
# same counts as the canton x year x domain export next to this file, keyed on the full code instead of its first segment: for any (canton, year) the two sum to the same number
# dotted codes and labels in de/fr/it/en: api/v1/categories/global_paths.json
# source: Calculs propres basés sur la base de données de l'Institut pour le fédéralisme (LexFind); https://swiss-law-as-source.github.io
canton,year,topic,number
AG,1632,Etat.Autorités.Protection des données,1
AG,1834,Etat,1
AG,1841,"Enseignement, sciences, documentation et culture",1
AG,1874,"Défense nationale, protection de la population, police",1
AG,1887,"Finances, Impôts, monopoles, entreprises d'état.Monopoles, régales, entreprises d'état.Pêche.Zones de pêche",1
AG,1889,"Droit civil.Procédure civile.Emoluments, frais",1
AG,1899,"Finances, Impôts, monopoles, entreprises d'état.Impôts.Impôts sur les successions et les donations",1
AG,1901,"Droit civil.Procédure civile.Emoluments, frais",1
AG,1903,"Droit civil.Procédure civile.Emoluments, frais",1
AG,1905,Non classé,1
AG,1906,"Finances, Impôts, monopoles, entreprises d'état.Impôts.Impôts sur les successions et les donations",1
AG,1914,"Aménagement du territoire et constructions, expropriation, travaux publics, énergie, transports, environnement.Energie.Forces hydrauliques",1
AG,1914,"Aménagement du territoire et constructions, expropriation, travaux publics, énergie, transports, environnement.Energie.Electricité",2
AG,1915,"Aménagement du territoire et constructions, expropriation, travaux publics, énergie, transports, environnement.Energie.Electricité",1
AG,1922,"Finances, Impôts, monopoles, entreprises d'état.Impôts.Impôts sur les successions et les donations",1
AG,1926,"Finances, Impôts, monopoles, entreprises d'état.Impôts.Impôts sur les successions et les donations",1
AG,1927,"Aménagement du territoire et constructions, expropriation, travaux publics, énergie, transports, environnement.Travaux publics.Aménagement des eaux.Corrections des eaux / Protection contre les crues",1
AG,1931,"Finances, Impôts, monopoles, entreprises d'état.Impôts.Impôts sur les successions et les donations",1
AG,1936,"Finances, Impôts, monopoles, entreprises d'état.Impôts.Impôts sur les successions et les donations",1
AG,1936,"Finances, Impôts, monopoles, entreprises d'état.Impôts.Exonération et allégements fiscaux",1
AG,1937,"Aménagement du territoire et constructions, expropriation, travaux publics, énergie, transports, environnement",1
AG,1937,"Aménagement du territoire et constructions, expropriation, travaux publics, énergie, transports, environnement.Travaux publics.Marchés publics",1
AG,1937,Non classé,1
AG,1943,Etat.Dispositions générales.Collaboration intercantonale,1
AG,1943,Economie.Agriculture.Production animale.Commerce du bétail,1
AG,1948,Etat.Dispositions générales.Collaboration intercantonale,1
AG,1951,"Aménagement du territoire et constructions, expropriation, travaux publics, énergie, transports, environnement.Transports.Funiculaires, téléphériques, téléskis",1
AG,1955,"Finances, Impôts, monopoles, entreprises d'état.Monopoles, régales, entreprises d'état.Pétrole",4
AG,1955,"Aménagement du territoire et constructions, expropriation, travaux publics, énergie, transports, environnement.Protection de l'environnement.Protection des eaux",1
AG,1958,"Aménagement du territoire et constructions, expropriation, travaux publics, énergie, transports, environnement.Transports.Circulation routière.Police de la circulation",1
AG,1959,Droit pénal,2
AG,1959,"Santé, travail, droit des assurances sociales, logement, homes",3
AG,1967,"Aménagement du territoire et constructions, expropriation, travaux publics, énergie, transports, environnement.Transports.Circulation routière.Police de la circulation",1
AG,1969,Droit civil.Arbitrage,1
AG,1969,Economie.Forêt.Formation professionnelle,1
AG,1970,"Enseignement, sciences, documentation et culture.Assurance de la qualité, surveillance, direction.Coordination",1
AG,1971,"Enseignement, sciences, documentation et culture.Contributions à la formation.Ecolages",1
AG,1972,Etat.Dispositions générales.Collaboration intercantonale,1
AG,1972,"Finances, Impôts, monopoles, entreprises d'état.Impôts.Impôts sur les successions et les donations",1
AG,1973,"Finances, Impôts, monopoles, entreprises d'état.Monopoles, régales, entreprises d'état.Pêche.Zones de pêche",1
AG,1973,"Aménagement du territoire et constructions, expropriation, travaux publics, énergie, transports, environnement.Energie.Forces hydrauliques",1
AG,1974,"Santé, travail, droit des assurances sociales, logement, homes",1
AG,1974,"Santé, travail, droit des assurances sociales, logement, homes.Santé.Substances thérapeutiques, stupéfiants",2
AG,1974,Economie.Agriculture.Lait,1
AG,1975,"Enseignement, sciences, documentation et culture",1
AG,1975,"Finances, Impôts, monopoles, entreprises d'état.Impôts.Impôts sur les successions et les donations",1
AG,1975,"Aménagement du territoire et constructions, expropriation, travaux publics, énergie, transports, environnement",1
AG,1975,"Santé, travail, droit des assurances sociales, logement, homes.Santé.Hygiène.Inhumations, cimetières",1
AG,1976,"Enseignement, sciences, documentation et culture.Degré secondaire II.Ecole moyenne",1
AG,1976,"Aménagement du territoire et constructions, expropriation, travaux publics, énergie, transports, environnement",2
AG,1977,"Enseignement, sciences, documentation et culture.Degré tertiaire: Ecoles supérieures",1
AG,1977,"Aménagement du territoire et constructions, expropriation, travaux publics, énergie, transports, environnement",1
AG,1978,Etat,2
AG,1979,"Défense nationale, protection de la population, police.Sécurité intérieure.Police.Coopération en matière de police",1
AG,1979,"Santé, travail, droit des assurances sociales, logement, homes.Santé.Urgences, ambulances",1
AG,1980,Economie.Agriculture.Lait,1
AG,1981,"Finances, Impôts, monopoles, entreprises d'état.Impôts.Impôts sur les successions et les donations",1
AG,1984,"Enseignement, sciences, documentation et culture",1
AG,1985,"Enseignement, sciences, documentation et culture.Degré tertiaire: universités.Faculté de médecine humaine et vétérinaire",1
AG,1989,"Aménagement du territoire et constructions, expropriation, travaux publics, énergie, transports, environnement.Transports.Transports publics.Transports régionaux",1
AG,1989,"Aménagement du territoire et constructions, expropriation, travaux publics, énergie, transports, environnement.Transports.Navigation.Police de la navigation",1
AG,1990,"Enseignement, sciences, documentation et culture.Corps enseignant.Formation",1
AG,1991,Etat.Dispositions générales.Collaboration intercantonale,1
AG,1991,"Aménagement du territoire et constructions, expropriation, travaux publics, énergie, transports, environnement",1
AG,1992,"Enseignement, sciences, documentation et culture.Degré tertiaire: Ecoles supérieures",1
AG,1992,"Enseignement, sciences, documentation et culture.Contributions à la formation.Ecolages",1
AG,1993,Etat.Dispositions générales.Collaboration intercantonale,2
AG,1993,"Enseignement, sciences, documentation et culture",1
AG,1993,"Enseignement, sciences, documentation et culture.Formation continue (Degré quaternaire).Formation des adultes",1
AG,1994,Etat.Dispositions générales.Collaboration intercantonale,1
AG,1994,"Aménagement du territoire et constructions, expropriation, travaux publics, énergie, transports, environnement.Travaux publics.Marchés publics",2
AG,1995,Etat.Eglise et Etat.Eglise catholique romaine,1
AG,1995,"Enseignement, sciences, documentation et culture.Degré secondaire II.Ecole moyenne",1
AG,1996,"Enseignement, sciences, documentation et culture.Corps enseignant.Formation",1
AG,1997,"Enseignement, sciences, documentation et culture",2
AG,1997,"Enseignement, sciences, documentation et culture.Degré secondaire II.Ecole moyenne",1
AG,1997,"Aménagement du territoire et constructions, expropriation, travaux publics, énergie, transports, environnement.Transports.Circulation routière.Contrôle technique des véhicules",2
AG,1997,"Aménagement du territoire et constructions, expropriation, travaux publics, énergie, transports, environnement.Protection de la nature et du paysage.Protection des animaux",1
AG,1998,"Enseignement, sciences, documentation et culture",1
AG,1998,"Enseignement, sciences, documentation et culture.Degré secondaire II.Ecole moyenne",1
AG,1998,"Enseignement, sciences, documentation et culture.Degré tertiaire: Ecoles supérieures",1
AG,1999,"Enseignement, sciences, documentation et culture.Degré prescolaire, école primaire, degré secondaire I.Ecole enfantine",2
AG,1999,"Enseignement, sciences, documentation et culture.Degré prescolaire, école primaire, degré secondaire I.Ecole primaire, degré secondaire I",1
AG,1999,"Enseignement, sciences, documentation et culture.Degré tertiaire: Hautes écoles.Pédagogie",1
AG,1999,"Enseignement, sciences, documentation et culture.Art, culture, sport.Encouragement à la culture",1
AG,1999,"Finances, Impôts, monopoles, entreprises d'état.Impôts.Impôts sur les successions et les donations",1
AG,2000,"Enseignement, sciences, documentation et culture",1
AG,2000,"Enseignement, sciences, documentation et culture.Degré prescolaire, école primaire, degré secondaire I.Ecole enfantine",1
AG,2000,"Enseignement, sciences, documentation et culture.Degré tertiaire: Hautes écoles.Pédagogie",1
AG,2000,"Santé, travail, droit des assurances sociales, logement, homes",1
AG,2000,"Santé, travail, droit des assurances sociales, logement, homes.Santé.Etique",1
AG,2001,"Enseignement, sciences, documentation et culture.Contributions à la formation.Ecolages",1
AG,2002,"Enseignement, sciences, documentation et culture",1
AG,2003,"Enseignement, sciences, documentation et culture.Pédagogie spécialisée.Enfants surdoués",1
AG,2003,"Enseignement, sciences, documentation et culture.Reconnaissance des diplômes",1
AG,2003,"Défense nationale, protection de la population, police.Sécurité intérieure.Police.Personnel",3
AG,2003,"Santé, travail, droit des assurances sociales, logement, homes.Santé.Substances thérapeutiques, stupéfiants",2
AG,2004,Etat.Dispositions générales.Collaboration intercantonale,1
AG,2004,Droit civil,1
AG,2004,"Enseignement, sciences, documentation et culture",1
AG,2005,"Défense nationale, protection de la population, police",1
AG,2006,Etat,1
AG,2006,"Santé, travail, droit des assurances sociales, logement, homes",1
AG,2006,"Santé, travail, droit des assurances sociales, logement, homes.Santé.Professions médicales.Chiropraticiens, physiothérapeutes",1
AG,2007,Etat,2
AG,2007,"Enseignement, sciences, documentation et culture.Art, culture, sport.Sport",1
AG,2008,"Santé, travail, droit des assurances sociales, logement, homes.Santé.Professions médicales.Chiropraticiens, physiothérapeutes",1
AG,2009,"Enseignement, sciences, documentation et culture.Degré tertiaire: Hautes écoles.Pédagogie",1
AG,2010,Etat,1
AG,2010,"Enseignement, sciences, documentation et culture.Contributions à la formation.Bourses d'études",1
AG,2013,"Enseignement, sciences, documentation et culture",1
AG,2013,"Aménagement du territoire et constructions, expropriation, travaux publics, énergie, transports, environnement.Protection de l'environnement.Déchets",2
AG,2013,Economie.Arts et métiers.Services.Professions soumises à autorisation,1
AG,2014,"Enseignement, sciences, documentation et culture.Degré tertiaire: Ecoles supérieures",1
AG,2014,"Défense nationale, protection de la population, police.Sécurité intérieure.Police.Personnel",1
AG,2014,"Santé, travail, droit des assurances sociales, logement, homes.Santé.Professions médicales.Médecins",1
AG,2015,"Aménagement du territoire et constructions, expropriation, travaux publics, énergie, transports, environnement.Transports.Circulation routière.Contrôle technique des véhicules",1
AG,2015,"Santé, travail, droit des assurances sociales, logement, homes",1
AG,2017,"Droit civil.Dispositions d'introduction du code civil.Droit des personnes, état civil.Fondations, surveillance.Fondations LPP",1
AG,2019,Etat.Autorités.Protection des données,1
AG,2019,"Enseignement, sciences, documentation et culture.Documentation.Archives",1
AG,2019,"Défense nationale, protection de la population, police.Sécurité intérieure.Police.Coopération en matière de police",1
AG,2020,Etat,1
AG,2021,"Aménagement du territoire et constructions, expropriation, travaux publics, énergie, transports, environnement",1
AG,2023,"Enseignement, sciences, documentation et culture.Degré secondaire II.Ecole moyenne",1
AG,2023,"Défense nationale, protection de la population, police.Sécurité intérieure.Police.Coopération en matière de police",1
AG,2025,"Défense nationale, protection de la population, police",1
AI,1632,Etat.Autorités.Protection des données,1
AI,1841,"Enseignement, sciences, documentation et culture",1
AI,1848,Etat.Dispositions générales.Territoire.Frontières,1
AI,1889,"Droit civil.Procédure civile.Emoluments, frais",1
AI,1922,"Finances, Impôts, monopoles, entreprises d'état.Impôts.Impôts sur les successions et les donations",1
AI,1936,"Finances, Impôts, monopoles, entreprises d'état.Impôts.Exonération et allégements fiscaux",1
AI,1937,"Aménagement du territoire et constructions, expropriation, travaux publics, énergie, transports, environnement.Travaux publics.Marchés publics",1
AI,1940,"Droit civil.Dispositions d'introduction du code civil.Droits réels.Registre foncier, mensurations cadastrales",1
AI,1943,Etat.Dispositions générales.Collaboration intercantonale,1
AI,1943,Economie.Agriculture.Production animale.Commerce du bétail,1
AI,1948,Etat.Dispositions générales.Collaboration intercantonale,1
AI,1948,"Finances, Impôts, monopoles, entreprises d'état.Impôts.Interdiction des arrangements fiscaux",1
AI,1951,"Aménagement du territoire et constructions, expropriation, travaux publics, énergie, transports, environnement.Energie.Forces hydrauliques",1
AI,1951,"Aménagement du territoire et constructions, expropriation, travaux publics, énergie, transports, environnement.Energie.Electricité",1
AI,1951,"Aménagement du territoire et constructions, expropriation, travaux publics, énergie, transports, environnement.Transports.Funiculaires, téléphériques, téléskis",1
AI,1958,"Aménagement du territoire et constructions, expropriation, travaux publics, énergie, transports, environnement.Protection de l'environnement.Déchets",1
AI,1967,Etat.Eglise et Etat.Eglise catholique romaine,1
AI,1967,"Finances, Impôts, monopoles, entreprises d'état.Monopoles, régales, entreprises d'état.Pêche.Zones de pêche",1
AI,1969,Etat.Eglise et Etat.Eglise évangélique réformée,1
AI,1969,Droit civil.Arbitrage,2
AI,1969,"Finances, Impôts, monopoles, entreprises d'état.Impôts.Impôts sur les successions et les donations",1
AI,1970,"Enseignement, sciences, documentation et culture.Assurance de la qualité, surveillance, direction.Coordination",1
AI,1971,"Enseignement, sciences, documentation et culture.Degré secondaire II: Formation professionnelle initiale.Ecoles professionnelles.Enseignement ménager",1
AI,1971,Economie.Forêt.Formation professionnelle,1
AI,1976,Droit pénal,2
AI,1976,"Défense nationale, protection de la population, police.Sécurité intérieure.Police.Coopération en matière de police",1
AI,1976,"Aménagement du territoire et constructions, expropriation, travaux publics, énergie, transports, environnement",1
AI,1976,"Santé, travail, droit des assurances sociales, logement, homes",1
AI,1976,"Santé, travail, droit des assurances sociales, logement, homes.Santé.Etablissements hospitaliers, cliniques.Cliniques psychiatriques",1
AI,1977,"Aménagement du territoire et constructions, expropriation, travaux publics, énergie, transports, environnement.Protection de l'environnement.Protection des eaux",2
AI,1978,Etat,1
AI,1980,"Finances, Impôts, monopoles, entreprises d'état.Monopoles, régales, entreprises d'état.Pêche.Zones de pêche",1
AI,1981,"Défense nationale, protection de la population, police.Sécurité intérieure.Police.Coopération en matière de police",1
AI,1981,"Finances, Impôts, monopoles, entreprises d'état.Impôts.Impôts sur les successions et les donations",1
AI,1981,"Santé, travail, droit des assurances sociales, logement, homes",2
AI,1981,"Santé, travail, droit des assurances sociales, logement, homes.Santé.Substances thérapeutiques, stupéfiants",1
AI,1982,"Enseignement, sciences, documentation et culture.Pédagogie spécialisée.Classes spéciales",1
AI,1982,"Aménagement du territoire et constructions, expropriation, travaux publics, énergie, transports, environnement",1
AI,1982,"Aménagement du territoire et constructions, expropriation, travaux publics, énergie, transports, environnement.Protection de l'environnement.Protection des eaux",1
AI,1983,"Finances, Impôts, monopoles, entreprises d'état.Impôts.Impôts sur les successions et les donations",1
AI,1983,"Aménagement du territoire et constructions, expropriation, travaux publics, énergie, transports, environnement.Protection de l'environnement.Déchets",1
AI,1990,"Enseignement, sciences, documentation et culture.Formation continue (Degré quaternaire).Formation des adultes",1
AI,1990,Economie.Forêt.Formation professionnelle,2
AI,1991,Economie.Forêt.Formation professionnelle,1
AI,1992,Droit pénal.Procédure pénale.Entraide judiciaire,1
AI,1992,"Enseignement, sciences, documentation et culture.Contributions à la formation.Ecolages",1
AI,1993,Etat.Dispositions générales.Collaboration intercantonale,2
AI,1993,"Enseignement, sciences, documentation et culture.Formation continue (Degré quaternaire).Formation des adultes",1
AI,1994,"Enseignement, sciences, documentation et culture.Degré secondaire II: Formation professionnelle initiale.Orientation professionnelle",1
AI,1994,"Aménagement du territoire et constructions, expropriation, travaux publics, énergie, transports, environnement.Protection de l'environnement.Déchets",1
AI,1995,"Aménagement du territoire et constructions, expropriation, travaux publics, énergie, transports, environnement.Travaux publics.Marchés publics",1
AI,1998,"Enseignement, sciences, documentation et culture.Degré tertiaire: Ecoles supérieures",1
AI,1999,"Enseignement, sciences, documentation et culture",2
AI,1999,"Enseignement, sciences, documentation et culture.Degré prescolaire, école primaire, degré secondaire I.Ecole primaire, degré secondaire I",1
AI,1999,"Enseignement, sciences, documentation et culture.Degré tertiaire: Hautes écoles.Pédagogie",1
AI,2000,"Enseignement, sciences, documentation et culture.Degré tertiaire: Hautes écoles.Pédagogie",1
AI,2001,"Enseignement, sciences, documentation et culture",3
AI,2002,"Droit civil.Dispositions d'introduction du code civil.Droit des personnes, état civil.Fondations, surveillance.Fondations LPP",1
AI,2002,Economie.Arts et métiers.Services.Jeux de hasard et loteries.Maisons de jeu,1
AI,2003,"Enseignement, sciences, documentation et culture",1
AI,2003,"Enseignement, sciences, documentation et culture.Assurance de la qualité, surveillance, direction.Arrondissements scolaires",1
AI,2005,Etat.Dispositions générales.Collaboration intercantonale,1
AI,2005,"Droit civil.Dispositions d'introduction du code civil.Droit des personnes, état civil.Fondations, surveillance.Fondations LPP",2
AI,2005,"Défense nationale, protection de la population, police.Sécurité intérieure.Police.Personnel",2
AI,2006,"Enseignement, sciences, documentation et culture.Reconnaissance des diplômes",1
AI,2007,"Droit civil.Dispositions d'introduction du code civil.Droit des personnes, état civil.Fondations, surveillance.Fondations LPP",1
AI,2007,"Enseignement, sciences, documentation et culture.Art, culture, sport.Sport",1
AI,2009,"Enseignement, sciences, documentation et culture.Art, culture, sport.Encouragement à la culture",1
AI,2012,Etat.Eglise et Etat.Eglise catholique romaine,1
AI,2016,"Santé, travail, droit des assurances sociales, logement, homes.Santé.Etique",2
AI,2019,"Etat.Communes.Bourgeoisies, allmends",1
AI,2019,"Enseignement, sciences, documentation et culture",2
AI,2019,"Défense nationale, protection de la population, police.Sécurité intérieure.Police.Coopération en matière de police",1
AI,2024,"Aménagement du territoire et constructions, expropriation, travaux publics, énergie, transports, environnement.Protection de l'environnement.Produits toxiques et chimiques",1
AI,2025,Droit civil,1
AI,2025,"Santé, travail, droit des assurances sociales, logement, homes",1
AR,1632,Etat.Autorités.Protection des données,1
AR,1901,"Droit civil.Procédure civile.Emoluments, frais",1
AR,1914,"Aménagement du territoire et constructions, expropriation, travaux publics, énergie, transports, environnement.Energie.Electricité",1
AR,1931,"Finances, Impôts, monopoles, entreprises d'état.Impôts.Impôts sur les successions et les donations",1
AR,1936,"Finances, Impôts, monopoles, entreprises d'état.Impôts.Exonération et allégements fiscaux",1
AR,1937,"Aménagement du territoire et constructions, expropriation, travaux publics, énergie, transports, environnement",1
AR,1937,"Aménagement du territoire et constructions, expropriation, travaux publics, énergie, transports, environnement.Travaux publics.Marchés publics",1
AR,1940,Etat.Professions juridiques.Notaires.Légalisation,1
AR,1940,"Droit civil.Dispositions d'introduction du code civil.Droits réels.Registre foncier, mensurations cadastrales",2
AR,1943,Etat.Dispositions générales.Collaboration intercantonale,1
AR,1948,Etat.Dispositions générales.Collaboration intercantonale,1
AR,1951,"Aménagement du territoire et constructions, expropriation, travaux publics, énergie, transports, environnement.Transports.Funiculaires, téléphériques, téléskis",1
AR,1958,"Aménagement du territoire et constructions, expropriation, travaux publics, énergie, transports, environnement.Protection de l'environnement.Déchets",1
AR,1967,Etat.Eglise et Etat.Eglise catholique romaine,1
AR,1967,"Finances, Impôts, monopoles, entreprises d'état.Monopoles, régales, entreprises d'état.Pêche.Zones de pêche",1
AR,1967,"Aménagement du territoire et constructions, expropriation, travaux publics, énergie, transports, environnement.Protection de l'environnement.Protection des eaux",2
AR,1969,Etat.Eglise et Etat.Eglise évangélique réformée,1
AR,1969,Droit civil.Arbitrage,1
AR,1969,"Finances, Impôts, monopoles, entreprises d'état.Impôts.Impôts sur les successions et les donations",2
AR,1969,"Santé, travail, droit des assurances sociales, logement, homes",1
AR,1970,"Enseignement, sciences, documentation et culture.Assurance de la qualité, surveillance, direction.Coordination",1
AR,1971,Economie.Forêt.Formation professionnelle,1
AR,1973,"Enseignement, sciences, documentation et culture.Degré prescolaire, école primaire, degré secondaire I.Ecole primaire, degré secondaire I",2
AR,1976,Droit pénal,2
AR,1976,"Défense nationale, protection de la population, police.Sécurité intérieure.Police.Coopération en matière de police",1
AR,1976,"Aménagement du territoire et constructions, expropriation, travaux publics, énergie, transports, environnement",1
AR,1976,"Santé, travail, droit des assurances sociales, logement, homes",2
AR,1976,"Santé, travail, droit des assurances sociales, logement, homes.Santé.Etablissements hospitaliers, cliniques.Cliniques psychiatriques",2
AR,1977,"Aménagement du territoire et constructions, expropriation, travaux publics, énergie, transports, environnement.Protection de l'environnement.Protection des eaux",3
AR,1978,Etat,1
AR,1979,"Aménagement du territoire et constructions, expropriation, travaux publics, énergie, transports, environnement.Travaux publics.Aménagement des eaux.Utilisation des eaux",1
AR,1980,"Finances, Impôts, monopoles, entreprises d'état.Monopoles, régales, entreprises d'état.Pêche.Zones de pêche",1
AR,1981,"Enseignement, sciences, documentation et culture.Degré prescolaire, école primaire, degré secondaire I.Ecole primaire, degré secondaire I",1
AR,1981,"Enseignement, sciences, documentation et culture.Pédagogie spécialisée.Ecoles d'art et de sport",2
AR,1981,"Finances, Impôts, monopoles, entreprises d'état.Monopoles, régales, entreprises d'état.Pêche.Zones de pêche",2
AR,1981,"Santé, travail, droit des assurances sociales, logement, homes",2
AR,1981,"Santé, travail, droit des assurances sociales, logement, homes.Santé.Substances thérapeutiques, stupéfiants",1
AR,1982,"Enseignement, sciences, documentation et culture.Pédagogie spécialisée.Classes spéciales",1
AR,1982,"Aménagement du territoire et constructions, expropriation, travaux publics, énergie, transports, environnement",1
AR,1983,"Aménagement du territoire et constructions, expropriation, travaux publics, énergie, transports, environnement.Protection de l'environnement.Déchets",1
AR,1984,"Enseignement, sciences, documentation et culture",1
AR,1986,"Aménagement du territoire et constructions, expropriation, travaux publics, énergie, transports, environnement.Protection de l'environnement.Protection des eaux",1
AR,1990,"Enseignement, sciences, documentation et culture.Degré prescolaire, école primaire, degré secondaire I.Ecole enfantine",2
AR,1990,"Enseignement, sciences, documentation et culture.Formation continue (Degré quaternaire).Formation des adultes",1
AR,1990,Economie.Forêt.Formation professionnelle,3
AR,1991,Economie.Forêt.Formation professionnelle,1
AR,1992,"Enseignement, sciences, documentation et culture.Contributions à la formation.Ecolages",1
AR,1993,Etat.Dispositions générales.Collaboration intercantonale,2
AR,1993,"Enseignement, sciences, documentation et culture.Formation continue (Degré quaternaire).Formation des adultes",1
AR,1994,"Aménagement du territoire et constructions, expropriation, travaux publics, énergie, transports, environnement.Travaux publics.Marchés publics",1
AR,1994,"Aménagement du territoire et constructions, expropriation, travaux publics, énergie, transports, environnement.Protection de l'environnement.Déchets",1
AR,1998,"Enseignement, sciences, documentation et culture",1
AR,1999,"Enseignement, sciences, documentation et culture",2
AR,1999,"Enseignement, sciences, documentation et culture.Degré prescolaire, école primaire, degré secondaire I.Ecole primaire, degré secondaire I",1
AR,1999,"Enseignement, sciences, documentation et culture.Degré tertiaire: Hautes écoles.Pédagogie",1
AR,1999,"Santé, travail, droit des assurances sociales, logement, homes.Santé.Hygiène.Denrées alimentaires, objets d'usage courant.Surveillance des aliments",1
AR,2000,"Enseignement, sciences, documentation et culture",1
AR,2000,"Enseignement, sciences, documentation et culture.Degré tertiaire: Hautes écoles.Pédagogie",1
AR,2001,"Enseignement, sciences, documentation et culture",2
AR,2002,"Droit civil.Dispositions d'introduction du code civil.Droit des personnes, état civil.Fondations, surveillance.Fondations LPP",1
AR,2002,Economie.Arts et métiers.Services.Jeux de hasard et loteries.Maisons de jeu,1
AR,2005,"Droit civil.Dispositions d'introduction du code civil.Droit des personnes, état civil.Fondations, surveillance.Fondations LPP",2
AR,2005,"Défense nationale, protection de la population, police.Sécurité intérieure.Police.Personnel",2
AR,2006,"Enseignement, sciences, documentation et culture.Reconnaissance des diplômes",1
AR,2007,"Droit civil.Dispositions d'introduction du code civil.Droit des personnes, état civil.Fondations, surveillance.Fondations LPP",1
AR,2009,"Enseignement, sciences, documentation et culture.Art, culture, sport.Encouragement à la culture",1
AR,2010,"Enseignement, sciences, documentation et culture.Degré secondaire II.Ecole moyenne",1
AR,2012,"Aménagement du territoire et constructions, expropriation, travaux publics, énergie, transports, environnement",2
AR,2016,"Santé, travail, droit des assurances sociales, logement, homes.Santé.Etique",2
AR,2018,Economie,1
AR,2019,"Etat.Communes.Bourgeoisies, allmends",1
AR,2019,"Enseignement, sciences, documentation et culture",2
AR,2019,"Défense nationale, protection de la population, police.Sécurité intérieure.Police.Coopération en matière de police",1
AR,2023,"Défense nationale, protection de la population, police.Sécurité intérieure.Police.Coopération en matière de police",1
AR,2024,Droit civil,1
AR,2024,"Aménagement du territoire et constructions, expropriation, travaux publics, énergie, transports, environnement.Protection de l'environnement.Produits toxiques et chimiques",1
AR,2025,Droit civil,1
AR,2025,"Santé, travail, droit des assurances sociales, logement, homes",1
BE,1632,Etat.Autorités.Protection des données,1
BE,1828,Etat.Eglise et Etat.Eglise catholique romaine,6
BE,1834,Etat,1
BE,1848,Etat.Dispositions générales.Territoire.Frontières,1
BE,1851,Etat.Eglise et Etat.Eglise évangélique réformée,2
BE,1889,Etat.Eglise et Etat.Eglise évangélique réformée,1
BE,1889,"Droit civil.Procédure civile.Emoluments, frais",1
BE,1895,Etat.Dispositions générales.Territoire.Frontières,1
BE,1899,"Finances, Impôts, monopoles, entreprises d'état.Impôts.Impôts sur les successions et les donations",1
BE,1903,"Droit civil.Procédure civile.Emoluments, frais",1
BE,1906,"Finances, Impôts, monopoles, entreprises d'état.Impôts.Impôts sur les successions et les donations",1
BE,1909,"Défense nationale, protection de la population, police.Sécurité intérieure.Police.Transports de police",1
BE,1922,"Finances, Impôts, monopoles, entreprises d'état.Impôts.Impôts sur les successions et les donations",1
BE,1929,"Aménagement du territoire et constructions, expropriation, travaux publics, énergie, transports, environnement.Travaux publics.Aménagement des eaux.Utilisation des eaux",1
BE,1931,"Finances, Impôts, monopoles, entreprises d'état.Impôts.Impôts sur les successions et les donations",1
BE,1936,"Finances, Impôts, monopoles, entreprises d'état.Impôts.Impôts sur les successions et les donations",1
BE,1936,"Finances, Impôts, monopoles, entreprises d'état.Impôts.Exonération et allégements fiscaux",1
BE,1937,"Aménagement du territoire et constructions, expropriation, travaux publics, énergie, transports, environnement",1
BE,1937,"Aménagement du territoire et constructions, expropriation, travaux publics, énergie, transports, environnement.Travaux publics.Marchés publics",1
BE,1943,Etat.Dispositions générales.Collaboration intercantonale,1
BE,1943,Economie.Agriculture.Production animale.Commerce du bétail,1
BE,1948,Etat.Dispositions générales.Collaboration intercantonale,1
BE,1951,"Aménagement du territoire et constructions, expropriation, travaux publics, énergie, transports, environnement.Transports.Funiculaires, téléphériques, téléskis",2
BE,1953,Etat.Dispositions générales.Territoire.Frontières,1
BE,1955,"Finances, Impôts, monopoles, entreprises d'état.Monopoles, régales, entreprises d'état.Pétrole",4
BE,1958,"Aménagement du territoire et constructions, expropriation, travaux publics, énergie, transports, environnement.Protection de l'environnement.Déchets",1
BE,1959,Etat.Eglise et Etat.Eglise évangélique réformée,1
BE,1959,Droit pénal,2
BE,1959,"Santé, travail, droit des assurances sociales, logement, homes",3
BE,1960,"Aménagement du territoire et constructions, expropriation, travaux publics, énergie, transports, environnement.Travaux publics.Aménagement des eaux.Corrections des eaux / Protection contre les crues",1
BE,1964,"Enseignement, sciences, documentation et culture.Degré tertiaire: Hautes écoles.Agriculture",1
BE,1964,Economie.Agriculture.Formation agricole.Ecole agricole,1
BE,1969,Droit civil.Arbitrage,1
BE,1969,Economie.Forêt.Formation professionnelle,1
BE,1970,"Enseignement, sciences, documentation et culture.Assurance de la qualité, surveillance, direction.Coordination",2
BE,1972,Etat.Dispositions générales.Collaboration intercantonale,1
BE,1972,"Finances, Impôts, monopoles, entreprises d'état.Impôts.Impôts sur les successions et les donations",1
BE,1973,"Finances, Impôts, monopoles, entreprises d'état.Monopoles, régales, entreprises d'état.Régale des sels",1
BE,1974,Etat.Dispositions générales.Territoire.Frontières,1
BE,1974,"Enseignement, sciences, documentation et culture.Degré tertiaire: Hautes écoles.Agriculture",1
BE,1974,"Santé, travail, droit des assurances sociales, logement, homes.Santé.Substances thérapeutiques, stupéfiants",2
BE,1974,Economie.Agriculture.Formation agricole.Ecole agricole,1
BE,1976,"Aménagement du territoire et constructions, expropriation, travaux publics, énergie, transports, environnement",2
BE,1977,"Aménagement du territoire et constructions, expropriation, travaux publics, énergie, transports, environnement.Protection de l'environnement.Protection des eaux",1
BE,1977,"Santé, travail, droit des assurances sociales, logement, homes",1
BE,1978,Etat,2
BE,1978,Droit pénal,1
BE,1979,Etat.Eglise et Etat.Eglise évangélique réformée,1
BE,1979,"Défense nationale, protection de la population, police.Sécurité intérieure.Police.Coopération en matière de police",1
BE,1979,"Santé, travail, droit des assurances sociales, logement, homes.Santé.Urgences, ambulances",1
BE,1980,Etat.Eglise et Etat.Eglise évangélique réformée,1
BE,1980,"Droit civil.Dispositions d'introduction du code civil.Droit des personnes, état civil.Fondations, surveillance.Fondations LPP",1
BE,1980,"Défense nationale, protection de la population, police",1
BE,1980,Economie.Agriculture.Lait,1
BE,1981,"Finances, Impôts, monopoles, entreprises d'état.Monopoles, régales, entreprises d'état.Pêche.Zones de pêche",1
BE,1982,"Enseignement, sciences, documentation et culture.Pédagogie spécialisée.Classes spéciales",1
BE,1984,"Enseignement, sciences, documentation et culture",1
BE,1985,"Finances, Impôts, monopoles, entreprises d'état.Monopoles, régales, entreprises d'état.Pêche.Zones de pêche",2
BE,1986,"Aménagement du territoire et constructions, expropriation, travaux publics, énergie, transports, environnement.Travaux publics.Aménagement des eaux.Corrections des eaux / Protection contre les crues",1
BE,1989,"Aménagement du territoire et constructions, expropriation, travaux publics, énergie, transports, environnement.Transports.Transports publics.Transports régionaux",1
BE,1990,"Finances, Impôts, monopoles, entreprises d'état.Impôts.Impôts sur les successions et les donations",1
BE,1991,Etat.Dispositions générales.Collaboration intercantonale,1
BE,1991,"Finances, Impôts, monopoles, entreprises d'état.Monopoles, régales, entreprises d'état.Pêche.Zones de pêche",1
BE,1992,"Enseignement, sciences, documentation et culture.Degré tertiaire: Ecoles supérieures",1
BE,1993,Etat.Dispositions générales.Collaboration intercantonale,3
BE,1993,"Enseignement, sciences, documentation et culture",1
BE,1993,"Enseignement, sciences, documentation et culture.Formation continue (Degré quaternaire).Formation des adultes",1
BE,1994,"Aménagement du territoire et constructions, expropriation, travaux publics, énergie, transports, environnement.Travaux publics.Marchés publics",1
BE,1994,"Aménagement du territoire et constructions, expropriation, travaux publics, énergie, transports, environnement.Protection de l'environnement.Déchets",1
BE,1995,Etat.Eglise et Etat.Eglise catholique romaine,1
BE,1995,"Enseignement, sciences, documentation et culture",2
BE,1995,"Enseignement, sciences, documentation et culture.Assurance de la qualité, surveillance, direction.Matériel scolaire",1
BE,1995,"Défense nationale, protection de la population, police.Sécurité intérieure.Police.Coopération en matière de police",1
BE,1995,"Finances, Impôts, monopoles, entreprises d'état.Monopoles, régales, entreprises d'état.Pêche.Zones de pêche",2
BE,1996,"Enseignement, sciences, documentation et culture.Contributions à la formation.Ecolages",1
BE,1998,Etat.Dispositions générales.Territoire.Frontières,1
BE,1998,"Enseignement, sciences, documentation et culture",1
BE,1998,"Economie.Commerce.Marché intérieur, entraves techniques au commerce",1
BE,1999,Etat.Dispositions générales.Collaboration intercantonale,1
BE,1999,"Enseignement, sciences, documentation et culture",2
BE,1999,"Enseignement, sciences, documentation et culture.Degré prescolaire, école primaire, degré secondaire I.Ecole enfantine",2
BE,1999,"Enseignement, sciences, documentation et culture.Degré prescolaire, école primaire, degré secondaire I.Ecole primaire, degré secondaire I",1
BE,1999,"Finances, Impôts, monopoles, entreprises d'état.Monopoles, régales, entreprises d'état.Chasse.Chasseurs",1
BE,2000,"Enseignement, sciences, documentation et culture",1
BE,2000,"Enseignement, sciences, documentation et culture.Degré prescolaire, école primaire, degré secondaire I.Ecole enfantine",1
BE,2000,"Enseignement, sciences, documentation et culture.Degré tertiaire: Hautes écoles.Pédagogie",1
BE,2000,"Santé, travail, droit des assurances sociales, logement, homes",1
BE,2001,"Enseignement, sciences, documentation et culture",2
BE,2002,"Enseignement, sciences, documentation et culture",1
BE,2002,"Enseignement, sciences, documentation et culture.Degré tertiaire: universités.Faculté de médecine humaine et vétérinaire",1
BE,2002,"Santé, travail, droit des assurances sociales, logement, homes",1
BE,2002,Economie.Agriculture.Formation agricole.Ecole agricole,1
BE,2003,"Enseignement, sciences, documentation et culture",1
BE,2003,"Enseignement, sciences, documentation et culture.Pédagogie spécialisée.Enfants surdoués",1
BE,2003,"Défense nationale, protection de la population, police.Sécurité intérieure.Police.Personnel",3
BE,2003,"Santé, travail, droit des assurances sociales, logement, homes.Santé.Substances thérapeutiques, stupéfiants",2
BE,2004,Etat.Dispositions générales.Collaboration intercantonale,1
BE,2005,Etat.Dispositions générales.Collaboration intercantonale,2
BE,2005,"Enseignement, sciences, documentation et culture.Degré tertiaire: universités.Faculté de médecine humaine et vétérinaire",1
BE,2005,"Aménagement du territoire et constructions, expropriation, travaux publics, énergie, transports, environnement",1
BE,2005,Economie,1
BE,2006,Etat,1
BE,2006,Etat.Autorités.Protection des données,1
BE,2006,"Enseignement, sciences, documentation et culture",2
BE,2007,"Enseignement, sciences, documentation et culture",1
BE,2007,"Enseignement, sciences, documentation et culture.Degré prescolaire, école primaire, degré secondaire I.Ecole primaire, degré secondaire I",2
BE,2007,"Enseignement, sciences, documentation et culture.Art, culture, sport.Sport",1
BE,2008,Etat,1
BE,2008,"Enseignement, sciences, documentation et culture.Art, culture, sport.Art.Cinéma, théâtre, divertissement",1
BE,2008,"Enseignement, sciences, documentation et culture.Art, culture, sport.Encouragement à la culture",1
BE,2008,"Santé, travail, droit des assurances sociales, logement, homes",1
BE,2009,"Défense nationale, protection de la population, police.Sécurité intérieure.Police.Coopération en matière de police",2
BE,2009,"Santé, travail, droit des assurances sociales, logement, homes",1
BE,2010,"Enseignement, sciences, documentation et culture.Degré prescolaire, école primaire, degré secondaire I.Ecole primaire, degré secondaire I",1
BE,2010,"Enseignement, sciences, documentation et culture.Contributions à la formation.Bourses d'études",1
BE,2011,"Droit civil.Dispositions d'introduction du code civil.Droit des personnes, état civil.Fondations, surveillance.Fondations LPP",1
BE,2011,"Enseignement, sciences, documentation et culture",2
BE,2012,"Enseignement, sciences, documentation et culture",1
BE,2013,"Enseignement, sciences, documentation et culture",2
BE,2013,Economie.Arts et métiers.Services.Professions soumises à autorisation,2
BE,2014,"Enseignement, sciences, documentation et culture.Degré tertiaire: Ecoles supérieures",1
BE,2014,"Santé, travail, droit des assurances sociales, logement, homes.Santé.Professions médicales.Médecins",1
BE,2015,"Enseignement, sciences, documentation et culture",1
BE,2019,Etat.Dispositions générales.Territoire.Frontières,1
BE,2019,Etat.Autorités.Protection des données,1
BE,2019,"Etat.Communes.Bourgeoisies, allmends",1
BE,2019,"Défense nationale, protection de la population, police.Sécurité intérieure.Police.Coopération en matière de police",1
BE,2021,Etat.Dispositions générales.Territoire.Frontières,1
BE,2022,"Enseignement, sciences, documentation et culture",1
BE,2022,"Enseignement, sciences, documentation et culture.Art, culture, sport.Encouragement à la culture",1
BE,2023,Etat.Dispositions générales.Territoire.Frontières,1
BE,2023,"Défense nationale, protection de la population, police.Sécurité intérieure.Police.Coopération en matière de police",1
BE,2023,"Aménagement du territoire et constructions, expropriation, travaux publics, énergie, transports, environnement.Energie.Forces hydrauliques",1
BE,2024,Etat,1
BE,2024,"Etat.Dispositions générales.Territoire.Délimitations territoriales, districts",3
BE,2025,"Etat.Dispositions générales.Territoire.Délimitations territoriales, districts",9
BE,2025,Etat.Dispositions générales.Territoire.Frontières,20
BE,2025,Economie,1
BL,1632,Etat.Autorités.Protection des données,1
BL,1828,Etat.Eglise et Etat.Eglise catholique romaine,2
BL,1834,Etat,1
BL,1841,"Enseignement, sciences, documentation et culture",1
BL,1863,Etat.Dispositions générales.Territoire.Frontières,1
BL,1889,"Droit civil.Procédure civile.Emoluments, frais",1
BL,1903,"Droit civil.Procédure civile.Emoluments, frais",1
BL,1906,Etat.Dispositions générales.Territoire.Frontières,1
BL,1909,"Défense nationale, protection de la population, police.Sécurité intérieure.Police.Transports de police",1
BL,1912,"Finances, Impôts, monopoles, entreprises d'état.Impôts.Impôts sur les successions et les donations",1
BL,1914,"Aménagement du territoire et constructions, expropriation, travaux publics, énergie, transports, environnement.Energie.Electricité",1
BL,1919,"Aménagement du territoire et constructions, expropriation, travaux publics, énergie, transports, environnement",1
BL,1922,"Finances, Impôts, monopoles, entreprises d'état.Impôts.Impôts sur les successions et les donations",1
BL,1931,"Finances, Impôts, monopoles, entreprises d'état.Impôts.Impôts sur les successions et les donations",1
BL,1936,"Finances, Impôts, monopoles, entreprises d'état.Impôts.Impôts sur les successions et les donations",1
BL,1936,"Finances, Impôts, monopoles, entreprises d'état.Impôts.Exonération et allégements fiscaux",1
BL,1937,"Aménagement du territoire et constructions, expropriation, travaux publics, énergie, transports, environnement",1
BL,1937,"Aménagement du territoire et constructions, expropriation, travaux publics, énergie, transports, environnement.Travaux publics.Marchés publics",1
BL,1938,Etat.Dispositions générales.Territoire.Frontières,1
BL,1940,Etat.Dispositions générales.Territoire.Frontières,1
BL,1943,Etat.Dispositions générales.Collaboration intercantonale,1
BL,1943,Economie.Agriculture.Production animale.Commerce du bétail,2
BL,1948,Etat.Dispositions générales.Collaboration intercantonale,1
BL,1948,Etat.Dispositions générales.Territoire.Frontières,1
BL,1948,"Enseignement, sciences, documentation et culture.Degré tertiaire: universités.Faculté de médecine humaine et vétérinaire",1
BL,1948,"Finances, Impôts, monopoles, entreprises d'état.Impôts.Interdiction des arrangements fiscaux",1
BL,1949,Etat.Dispositions générales.Territoire.Frontières,1
BL,1950,"Aménagement du territoire et constructions, expropriation, travaux publics, énergie, transports, environnement.Energie.Forces hydrauliques",2
BL,1951,"Aménagement du territoire et constructions, expropriation, travaux publics, énergie, transports, environnement.Transports.Funiculaires, téléphériques, téléskis",1
BL,1954,Etat.Dispositions générales.Territoire.Frontières,1
BL,1958,"Aménagement du territoire et constructions, expropriation, travaux publics, énergie, transports, environnement.Transports.Circulation routière.Police de la circulation",1
BL,1958,"Aménagement du territoire et constructions, expropriation, travaux publics, énergie, transports, environnement.Protection de l'environnement.Déchets",1
BL,1959,Droit pénal,2
BL,1959,"Santé, travail, droit des assurances sociales, logement, homes",3
BL,1960,"Finances, Impôts, monopoles, entreprises d'état.Impôts.Impôts sur les successions et les donations",1
BL,1961,Etat.Dispositions générales.Territoire.Frontières,1
BL,1962,"Finances, Impôts, monopoles, entreprises d'état.Monopoles, régales, entreprises d'état.Pêche.Zones de pêche",1
BL,1962,"Aménagement du territoire et constructions, expropriation, travaux publics, énergie, transports, environnement.Travaux publics.Aménagement des eaux.Utilisation des eaux",1
BL,1964,"Enseignement, sciences, documentation et culture.Degré tertiaire: Hautes écoles.Agriculture",1
BL,1964,"Aménagement du territoire et constructions, expropriation, travaux publics, énergie, transports, environnement.Transports.Circulation routière.Contrôle technique des véhicules",1
BL,1964,Economie.Agriculture.Formation agricole.Ecole agricole,1
BL,1967,Etat.Dispositions générales.Territoire.Frontières,1
BL,1969,Droit civil.Arbitrage,1
BL,1969,Economie.Forêt.Formation professionnelle,1
BL,1970,"Enseignement, sciences, documentation et culture.Assurance de la qualité, surveillance, direction.Coordination",2
BL,1970,"Santé, travail, droit des assurances sociales, logement, homes.Santé.Hygiène.Enfouissement des déchets carnés",1
BL,1971,"Santé, travail, droit des assurances sociales, logement, homes.Santé.Hygiène.Enfouissement des déchets carnés",1
BL,1972,Etat.Dispositions générales.Collaboration intercantonale,1
BL,1973,"Finances, Impôts, monopoles, entreprises d'état.Monopoles, régales, entreprises d'état.Régale des sels",1
BL,1973,"Aménagement du territoire et constructions, expropriation, travaux publics, énergie, transports, environnement.Energie.Forces hydrauliques",1
BL,1974,Etat.Dispositions générales.Territoire.Frontières,1
BL,1974,"Aménagement du territoire et constructions, expropriation, travaux publics, énergie, transports, environnement.Transports.Circulation routière.Contrôle technique des véhicules",1
BL,1974,"Aménagement du territoire et constructions, expropriation, travaux publics, énergie, transports, environnement.Protection de l'environnement.Protection des eaux",4
BL,1974,"Santé, travail, droit des assurances sociales, logement, homes",1
BL,1974,"Santé, travail, droit des assurances sociales, logement, homes.Santé.Substances thérapeutiques, stupéfiants",2
BL,1975,"Enseignement, sciences, documentation et culture",1
BL,1975,"Aménagement du territoire et constructions, expropriation, travaux publics, énergie, transports, environnement",1
BL,1975,"Santé, travail, droit des assurances sociales, logement, homes.Santé.Professions médicales.Psychothérapeutes",1
BL,1975,"Santé, travail, droit des assurances sociales, logement, homes.Santé.Hygiène.Inhumations, cimetières",1
BL,1976,"Finances, Impôts, monopoles, entreprises d'état.Impôts.Impôts sur les successions et les donations",1
BL,1976,"Aménagement du territoire et constructions, expropriation, travaux publics, énergie, transports, environnement",2
BL,1977,Etat.Dispositions générales.Collaboration intercantonale,1
BL,1977,Droit civil.Procédure civile.Exécution,1
BL,1977,"Aménagement du territoire et constructions, expropriation, travaux publics, énergie, transports, environnement",1
BL,1977,"Aménagement du territoire et constructions, expropriation, travaux publics, énergie, transports, environnement.Protection de l'environnement.Protection des eaux",1
BL,1978,Etat,2
BL,1978,"Aménagement du territoire et constructions, expropriation, travaux publics, énergie, transports, environnement.Transports.Transports publics.Transports ferroviaires",1
BL,1978,"Santé, travail, droit des assurances sociales, logement, homes",1
BL,1979,"Défense nationale, protection de la population, police.Sécurité intérieure.Police.Coopération en matière de police",1
BL,1979,"Aménagement du territoire et constructions, expropriation, travaux publics, énergie, transports, environnement.Protection de l'environnement.Protection des eaux",2
BL,1979,"Santé, travail, droit des assurances sociales, logement, homes.Santé.Urgences, ambulances",1
BL,1981,"Finances, Impôts, monopoles, entreprises d'état.Impôts.Impôts sur les successions et les donations",1
BL,1982,"Aménagement du territoire et constructions, expropriation, travaux publics, énergie, transports, environnement.Transports.Transports publics.Transports régionaux",1
BL,1983,"Défense nationale, protection de la population, police.Sécurité intérieure.Police.Coopération en matière de police",2
BL,1983,"Finances, Impôts, monopoles, entreprises d'état.Monopoles, régales, entreprises d'état.Pêche.Zones de pêche",1
BL,1984,"Enseignement, sciences, documentation et culture",1
BL,1984,"Enseignement, sciences, documentation et culture.Corps enseignant.Formation",1
BL,1984,"Enseignement, sciences, documentation et culture.Reconnaissance des diplômes",1
BL,1985,Etat.Autorités.Gouvernement et administration.Administration.Directions et offices,1
BL,1986,"Enseignement, sciences, documentation et culture.Degré prescolaire, école primaire, degré secondaire I.Ecole primaire, degré secondaire I",1
BL,1987,"Enseignement, sciences, documentation et culture.Art, culture, sport.Encouragement à la culture",1
BL,1987,"Santé, travail, droit des assurances sociales, logement, homes",1
BL,1988,"Aménagement du territoire et constructions, expropriation, travaux publics, énergie, transports, environnement.Protection de la nature et du paysage.Protection des animaux",1
BL,1989,"Aménagement du territoire et constructions, expropriation, travaux publics, énergie, transports, environnement.Transports.Transports publics.Transports régionaux",1
BL,1990,"Enseignement, sciences, documentation et culture.Degré secondaire II: Formation professionnelle initiale.Orientation professionnelle",1
BL,1990,"Aménagement du territoire et constructions, expropriation, travaux publics, énergie, transports, environnement",1
BL,1991,Etat.Dispositions générales.Collaboration intercantonale,1
BL,1992,"Enseignement, sciences, documentation et culture.Degré tertiaire: Ecoles supérieures",1
BL,1992,"Aménagement du territoire et constructions, expropriation, travaux publics, énergie, transports, environnement.Protection de l'environnement.Déchets",1
BL,1993,Etat.Dispositions générales.Collaboration intercantonale,3
BL,1993,Etat.Autorités.Gouvernement et administration.Emoluments administratifs,1
BL,1993,"Enseignement, sciences, documentation et culture",1
BL,1993,"Enseignement, sciences, documentation et culture.Formation continue (Degré quaternaire).Formation des adultes",1
BL,1993,"Santé, travail, droit des assurances sociales, logement, homes",2
BL,1993,Economie.Agriculture.Culture des plantes.Vignoble,1
BL,1994,"Enseignement, sciences, documentation et culture",1
BL,1994,"Enseignement, sciences, documentation et culture.Formation continue (Degré quaternaire).Formation continue des enseignants",1
BL,1994,"Enseignement, sciences, documentation et culture.Documentation.Musées",1
BL,1994,"Aménagement du territoire et constructions, expropriation, travaux publics, énergie, transports, environnement",1
BL,1994,"Aménagement du territoire et constructions, expropriation, travaux publics, énergie, transports, environnement.Travaux publics.Marchés publics",1
BL,1994,Economie,1
BL,1995,Etat.Eglise et Etat.Eglise catholique romaine,1
BL,1995,"Enseignement, sciences, documentation et culture",1
BL,1995,"Défense nationale, protection de la population, police.Sécurité intérieure.Police.Coopération en matière de police",1
BL,1996,"Défense nationale, protection de la population, police.Protection de la population.Protection contre les incendies / éléments naturels.Protection contre le feu, pompiers",1
BL,1996,"Santé, travail, droit des assurances sociales, logement, homes",1
BL,1997,Etat.Dispositions générales.Collaboration intercantonale,1
BL,1997,"Enseignement, sciences, documentation et culture",1
BL,1997,"Enseignement, sciences, documentation et culture.Degré secondaire II.Ecole moyenne",1
BL,1997,"Enseignement, sciences, documentation et culture.Art, culture, sport.Encouragement à la culture",1
BL,1997,"Aménagement du territoire et constructions, expropriation, travaux publics, énergie, transports, environnement.Transports.Circulation routière.Contrôle technique des véhicules",1
BL,1997,"Aménagement du territoire et constructions, expropriation, travaux publics, énergie, transports, environnement.Protection de la nature et du paysage.Protection des animaux",1
BL,1997,"Santé, travail, droit des assurances sociales, logement, homes",1
BL,1998,"Enseignement, sciences, documentation et culture",1
BL,1998,"Enseignement, sciences, documentation et culture.Degré secondaire II.Ecole moyenne",1
BL,1998,"Enseignement, sciences, documentation et culture.Degré tertiaire: Ecoles supérieures",1
BL,1998,"Enseignement, sciences, documentation et culture.Corps enseignant.Formation",1
BL,1998,"Aménagement du territoire et constructions, expropriation, travaux publics, énergie, transports, environnement",1
BL,1998,"Aménagement du territoire et constructions, expropriation, travaux publics, énergie, transports, environnement.Protection de l'environnement.Déchets",1
BL,1998,"Santé, travail, droit des assurances sociales, logement, homes",1
BL,1998,"Economie.Commerce.Marché intérieur, entraves techniques au commerce",1
BL,1999,Droit pénal.Procédure pénale.Aide aux victimes d'infractions,1
BL,1999,"Enseignement, sciences, documentation et culture.Degré prescolaire, école primaire, degré secondaire I.Ecole enfantine",2
BL,1999,"Enseignement, sciences, documentation et culture.Degré prescolaire, école primaire, degré secondaire I.Ecole primaire, degré secondaire I",1
BL,1999,"Enseignement, sciences, documentation et culture.Degré secondaire II: Formation professionnelle initiale.Solutions transitoires",1
BL,2000,"Enseignement, sciences, documentation et culture",1
BL,2000,"Enseignement, sciences, documentation et culture.Degré prescolaire, école primaire, degré secondaire I.Ecole enfantine",1
BL,2000,"Enseignement, sciences, documentation et culture.Degré secondaire II.Ecole moyenne",1
BL,2000,"Enseignement, sciences, documentation et culture.Degré secondaire II: Formation professionnelle initiale.Solutions transitoires",1
BL,2000,"Aménagement du territoire et constructions, expropriation, travaux publics, énergie, transports, environnement",1
BL,2000,"Santé, travail, droit des assurances sociales, logement, homes",1
BL,2000,"Santé, travail, droit des assurances sociales, logement, homes.Santé.Etique",1
BL,2000,Economie,1
BL,2001,"Enseignement, sciences, documentation et culture.Degré secondaire II.Ecole moyenne",1
BL,2001,"Aménagement du territoire et constructions, expropriation, travaux publics, énergie, transports, environnement.Protection de l'environnement.Protection contre le bruit",2
BL,2001,"Santé, travail, droit des assurances sociales, logement, homes.Santé.Urgences, ambulances",1
BL,2002,Etat.Eglise et Etat.Eglise évangélique réformée,1
BL,2002,"Enseignement, sciences, documentation et culture",2
BL,2002,"Enseignement, sciences, documentation et culture.Degré secondaire II.Ecole moyenne",1
BL,2002,"Enseignement, sciences, documentation et culture.Formation continue (Degré quaternaire).Formation des adultes",1
BL,2002,"Enseignement, sciences, documentation et culture.Pédagogie spécialisée.Ecoles spécialisées",1
BL,2003,"Enseignement, sciences, documentation et culture",1
BL,2003,"Enseignement, sciences, documentation et culture.Degré tertiaire: Hautes écoles.Pédagogie",1
BL,2003,"Enseignement, sciences, documentation et culture.Sciences, recherche",1
BL,2003,"Défense nationale, protection de la population, police.Sécurité intérieure.Police.Personnel",3
BL,2003,"Santé, travail, droit des assurances sociales, logement, homes.Santé.Substances thérapeutiques, stupéfiants",1
BL,2003,"Santé, travail, droit des assurances sociales, logement, homes.Droit des assurances sociales.Assurance-chômage",1
BL,2003,Economie.Promotion de l'économie,1
BL,2003,Economie.Agriculture.Lait,1
BL,2004,Etat.Dispositions générales.Collaboration intercantonale,1
BL,2004,"Enseignement, sciences, documentation et culture",1
BL,2004,"Enseignement, sciences, documentation et culture.Pédagogie spécialisée.Ecoles spécialisées",1
BL,2004,"Santé, travail, droit des assurances sociales, logement, homes",1
BL,2004,"Santé, travail, droit des assurances sociales, logement, homes.Santé.Professions médicales.Personnel soignant",1
BL,2005,Etat.Dispositions générales.Collaboration intercantonale,1
BL,2005,"Droit civil.Dispositions d'introduction du code civil.Droit des personnes, état civil.Fondations, surveillance.Fondations LPP",1
BL,2005,"Aménagement du territoire et constructions, expropriation, travaux publics, énergie, transports, environnement",1
BL,2005,"Santé, travail, droit des assurances sociales, logement, homes",1
BL,2006,"Enseignement, sciences, documentation et culture",1
BL,2006,"Enseignement, sciences, documentation et culture.Assurance de la qualité, surveillance, direction.Bâtiments scolaires",1
BL,2006,"Aménagement du territoire et constructions, expropriation, travaux publics, énergie, transports, environnement",1
BL,2006,"Santé, travail, droit des assurances sociales, logement, homes",1
BL,2007,"Enseignement, sciences, documentation et culture",1
BL,2007,"Enseignement, sciences, documentation et culture.Degré prescolaire, école primaire, degré secondaire I.Ecole primaire, degré secondaire I",1
BL,2007,"Enseignement, sciences, documentation et culture.Art, culture, sport.Sport",1
BL,2008,Etat,1
BL,2009,"Enseignement, sciences, documentation et culture.Degré tertiaire: Hautes écoles.Pédagogie",2
BL,2009,"Défense nationale, protection de la population, police.Sécurité intérieure.Police.Coopération en matière de police",2
BL,2010,Etat,1
BL,2010,"Enseignement, sciences, documentation et culture.Contributions à la formation.Bourses d'études",1
BL,2011,Etat.Dispositions générales.Collaboration intercantonale,1
BL,2011,"Droit civil.Dispositions d'introduction du code civil.Droit des personnes, état civil.Fondations, surveillance.Fondations LPP",1
BL,2011,Economie.Agriculture.Epizooties,1
BL,2012,"Enseignement, sciences, documentation et culture.Art, culture, sport.Art.Cinéma, théâtre, divertissement",1
BL,2013,"Enseignement, sciences, documentation et culture",1
BL,2013,Economie.Agriculture.Epizooties,1
BL,2013,Economie.Arts et métiers.Services.Professions soumises à autorisation,1
BL,2014,"Enseignement, sciences, documentation et culture.Degré tertiaire: Ecoles supérieures",1
BL,2014,"Aménagement du territoire et constructions, expropriation, travaux publics, énergie, transports, environnement",2
BL,2015,"Droit civil.Dispositions d'introduction du code civil.Droits réels.Registre foncier, mensurations cadastrales",1
BL,2015,"Enseignement, sciences, documentation et culture.Sciences, recherche",1
BL,2015,Economie,1
BL,2016,"Enseignement, sciences, documentation et culture.Degré prescolaire, école primaire, degré secondaire I.Ecole primaire, degré secondaire I",1
BL,2016,"Santé, travail, droit des assurances sociales, logement, homes",2
BL,2017,"Enseignement, sciences, documentation et culture.Degré secondaire II.Ecole moyenne",1
BL,2018,"Santé, travail, droit des assurances sociales, logement, homes",1
BL,2018,Economie,1
BL,2019,Etat.Autorités.Protection des données,1
BL,2019,"Défense nationale, protection de la population, police.Sécurité intérieure.Police.Coopération en matière de police",1
BL,2019,"Aménagement du territoire et constructions, expropriation, travaux publics, énergie, transports, environnement.Protection de l'environnement.Déchets",1
BL,2020,Etat.Dispositions générales.Documents d'identité,1
BL,2022,Etat.Dispositions générales.Collaboration intercantonale,1
BL,2023,"Défense nationale, protection de la population, police.Sécurité intérieure.Police.Coopération en matière de police",1
BL,2025,"Etat.Dispositions générales.Territoire.Délimitations territoriales, districts",1
BS,1632,Etat.Autorités.Protection des données,1
BS,1828,Etat.Eglise et Etat.Eglise catholique romaine,6
BS,1841,"Enseignement, sciences, documentation et culture",1
BS,1863,Etat.Dispositions générales.Territoire.Frontières,1
BS,1888,"Finances, Impôts, monopoles, entreprises d'état.Monopoles, régales, entreprises d'état.Pêche.Zones de pêche",1
BS,1889,"Droit civil.Procédure civile.Emoluments, frais",1
BS,1899,"Finances, Impôts, monopoles, entreprises d'état.Impôts.Impôts sur les successions et les donations",1
BS,1901,"Droit civil.Procédure civile.Emoluments, frais",1
BS,1903,"Droit civil.Procédure civile.Emoluments, frais",1
BS,1906,Etat.Dispositions générales.Territoire.Frontières,1
BS,1906,"Finances, Impôts, monopoles, entreprises d'état.Impôts.Impôts sur les successions et les donations",1
BS,1909,"Défense nationale, protection de la population, police.Sécurité intérieure.Police.Transports de police",1
BS,1912,"Finances, Impôts, monopoles, entreprises d'état.Impôts.Impôts sur les successions et les donations",1
BS,1914,"Aménagement du territoire et constructions, expropriation, travaux publics, énergie, transports, environnement.Energie.Electricité",1
BS,1919,"Aménagement du territoire et constructions, expropriation, travaux publics, énergie, transports, environnement",1
BS,1922,"Finances, Impôts, monopoles, entreprises d'état.Impôts.Impôts sur les successions et les donations",1
BS,1931,"Finances, Impôts, monopoles, entreprises d'état.Impôts.Impôts sur les successions et les donations",1
BS,1936,"Finances, Impôts, monopoles, entreprises d'état.Impôts.Exonération et allégements fiscaux",1
BS,1937,"Aménagement du territoire et constructions, expropriation, travaux publics, énergie, transports, environnement",1
BS,1937,"Aménagement du territoire et constructions, expropriation, travaux publics, énergie, transports, environnement.Travaux publics.Marchés publics",1
BS,1937,Non classé,1
BS,1938,Etat.Dispositions générales.Territoire.Frontières,1
BS,1939,"Enseignement, sciences, documentation et culture.Degré tertiaire: Hautes écoles.Pédagogie",1
BS,1940,Etat.Dispositions générales.Territoire.Frontières,1
BS,1943,Etat.Dispositions générales.Collaboration intercantonale,1
BS,1948,Etat.Dispositions générales.Collaboration intercantonale,1
BS,1948,Etat.Dispositions générales.Territoire.Frontières,1
BS,1948,"Enseignement, sciences, documentation et culture.Degré tertiaire: universités.Faculté de médecine humaine et vétérinaire",1
BS,1948,"Finances, Impôts, monopoles, entreprises d'état.Impôts.Interdiction des arrangements fiscaux",1
BS,1949,Etat.Dispositions générales.Territoire.Frontières,1
BS,1950,"Aménagement du territoire et constructions, expropriation, travaux publics, énergie, transports, environnement.Energie.Forces hydrauliques",2
BS,1954,Etat.Dispositions générales.Territoire.Frontières,1
BS,1959,Droit pénal,1
BS,1959,"Santé, travail, droit des assurances sociales, logement, homes",3
BS,1961,Etat.Dispositions générales.Territoire.Frontières,1
BS,1962,"Aménagement du territoire et constructions, expropriation, travaux publics, énergie, transports, environnement.Travaux publics.Aménagement des eaux.Utilisation des eaux",1
BS,1964,"Aménagement du territoire et constructions, expropriation, travaux publics, énergie, transports, environnement.Transports.Circulation routière.Contrôle technique des véhicules",1
BS,1964,Economie.Agriculture.Formation agricole.Ecole agricole,2
BS,1965,"Finances, Impôts, monopoles, entreprises d'état.Impôts.Exonération et allégements fiscaux",1
BS,1967,Etat.Dispositions générales.Territoire.Frontières,1
BS,1969,Droit civil.Arbitrage,1
BS,1970,"Enseignement, sciences, documentation et culture.Assurance de la qualité, surveillance, direction.Coordination",2
BS,1970,"Santé, travail, droit des assurances sociales, logement, homes.Santé.Hygiène.Enfouissement des déchets carnés",1
BS,1971,"Santé, travail, droit des assurances sociales, logement, homes.Santé.Hygiène.Enfouissement des déchets carnés",1
BS,1972,Etat.Dispositions générales.Collaboration intercantonale,1
BS,1972,"Santé, travail, droit des assurances sociales, logement, homes",1
BS,1973,"Finances, Impôts, monopoles, entreprises d'état.Monopoles, régales, entreprises d'état.Régale des sels",1
BS,1973,"Aménagement du territoire et constructions, expropriation, travaux publics, énergie, transports, environnement.Energie.Forces hydrauliques",1
BS,1974,Etat.Dispositions générales.Territoire.Frontières,1
BS,1974,"Aménagement du territoire et constructions, expropriation, travaux publics, énergie, transports, environnement.Transports.Circulation routière.Contrôle technique des véhicules",1
BS,1974,"Aménagement du territoire et constructions, expropriation, travaux publics, énergie, transports, environnement.Protection de l'environnement.Protection des eaux",4
BS,1974,"Santé, travail, droit des assurances sociales, logement, homes.Santé.Substances thérapeutiques, stupéfiants",2
BS,1975,"Enseignement, sciences, documentation et culture",1
BS,1975,"Aménagement du territoire et constructions, expropriation, travaux publics, énergie, transports, environnement",1
BS,1975,"Santé, travail, droit des assurances sociales, logement, homes.Santé.Professions médicales.Psychothérapeutes",1
BS,1975,"Santé, travail, droit des assurances sociales, logement, homes.Santé.Hygiène.Inhumations, cimetières",2
BS,1976,"Finances, Impôts, monopoles, entreprises d'état.Impôts.Impôts sur les successions et les donations",1
BS,1976,"Aménagement du territoire et constructions, expropriation, travaux publics, énergie, transports, environnement",2
BS,1977,Etat.Dispositions générales.Collaboration intercantonale,1
BS,1977,Droit civil.Procédure civile.Exécution,1
BS,1977,"Aménagement du territoire et constructions, expropriation, travaux publics, énergie, transports, environnement",1
BS,1977,"Santé, travail, droit des assurances sociales, logement, homes",1
BS,1978,Etat,2
BS,1978,"Santé, travail, droit des assurances sociales, logement, homes",1
BS,1979,"Aménagement du territoire et constructions, expropriation, travaux publics, énergie, transports, environnement.Protection de l'environnement.Protection des eaux",2
BS,1979,"Santé, travail, droit des assurances sociales, logement, homes.Santé.Urgences, ambulances",1
BS,1980,Economie.Agriculture.Lait,1
BS,1981,"Finances, Impôts, monopoles, entreprises d'état.Impôts.Impôts sur les successions et les donations",1
BS,1982,"Aménagement du territoire et constructions, expropriation, travaux publics, énergie, transports, environnement.Transports.Transports publics.Transports régionaux",1
BS,1983,"Défense nationale, protection de la population, police.Sécurité intérieure.Police.Coopération en matière de police",2
BS,1984,"Enseignement, sciences, documentation et culture",1
BS,1984,"Enseignement, sciences, documentation et culture.Corps enseignant.Formation",1
BS,1984,"Enseignement, sciences, documentation et culture.Reconnaissance des diplômes",1
BS,1985,Etat.Autorités.Gouvernement et administration.Administration.Directions et offices,1
BS,1985,"Enseignement, sciences, documentation et culture.Degré tertiaire: universités.Faculté de médecine humaine et vétérinaire",1
BS,1987,"Enseignement, sciences, documentation et culture.Art, culture, sport.Encouragement à la culture",1
BS,1987,"Santé, travail, droit des assurances sociales, logement, homes",1
BS,1988,"Aménagement du territoire et constructions, expropriation, travaux publics, énergie, transports, environnement.Protection de la nature et du paysage.Protection des animaux",1
BS,1989,"Aménagement du territoire et constructions, expropriation, travaux publics, énergie, transports, environnement.Transports.Transports publics.Transports régionaux",1
BS,1990,"Enseignement, sciences, documentation et culture.Degré secondaire II: Formation professionnelle initiale.Orientation professionnelle",1
BS,1990,"Aménagement du territoire et constructions, expropriation, travaux publics, énergie, transports, environnement",1
BS,1991,Etat.Dispositions générales.Collaboration intercantonale,1
BS,1992,"Enseignement, sciences, documentation et culture.Degré tertiaire: Ecoles supérieures",1
BS,1992,"Aménagement du territoire et constructions, expropriation, travaux publics, énergie, transports, environnement.Protection de l'environnement.Déchets",1
BS,1993,Etat.Dispositions générales.Collaboration intercantonale,3
BS,1993,Etat.Autorités.Gouvernement et administration.Emoluments administratifs,1
BS,1993,"Enseignement, sciences, documentation et culture",1
BS,1993,"Enseignement, sciences, documentation et culture.Formation continue (Degré quaternaire).Formation des adultes",1
BS,1993,"Santé, travail, droit des assurances sociales, logement, homes",2
BS,1994,"Enseignement, sciences, documentation et culture",1
BS,1994,"Enseignement, sciences, documentation et culture.Formation continue (Degré quaternaire).Formation continue des enseignants",1
BS,1994,"Enseignement, sciences, documentation et culture.Documentation.Musées",1
BS,1994,"Aménagement du territoire et constructions, expropriation, travaux publics, énergie, transports, environnement",1
BS,1994,"Aménagement du territoire et constructions, expropriation, travaux publics, énergie, transports, environnement.Travaux publics.Marchés publics",1
BS,1994,Economie,1
BS,1995,Etat.Eglise et Etat.Eglise catholique romaine,1
BS,1995,"Enseignement, sciences, documentation et culture",1
BS,1995,"Défense nationale, protection de la population, police.Sécurité intérieure.Police.Coopération en matière de police",1
BS,1995,"Aménagement du territoire et constructions, expropriation, travaux publics, énergie, transports, environnement.Travaux publics.Marchés publics",1
BS,1996,"Défense nationale, protection de la population, police.Protection de la population.Protection contre les incendies / éléments naturels.Protection contre le feu, pompiers",1
BS,1996,"Santé, travail, droit des assurances sociales, logement, homes",1
BS,1997,Etat.Dispositions générales.Collaboration intercantonale,1
BS,1997,"Enseignement, sciences, documentation et culture",1
BS,1997,"Enseignement, sciences, documentation et culture.Art, culture, sport.Encouragement à la culture",1
BS,1997,"Aménagement du territoire et constructions, expropriation, travaux publics, énergie, transports, environnement.Transports.Circulation routière.Contrôle technique des véhicules",1
BS,1997,"Aménagement du territoire et constructions, expropriation, travaux publics, énergie, transports, environnement.Protection de la nature et du paysage.Protection des animaux",1
BS,1997,"Santé, travail, droit des assurances sociales, logement, homes.Santé.Etablissements hospitaliers, cliniques.Hôpitaux cantonaux",1
BS,1998,"Enseignement, sciences, documentation et culture",1
BS,1998,"Enseignement, sciences, documentation et culture.Degré tertiaire: Ecoles supérieures",1
BS,1998,"Enseignement, sciences, documentation et culture.Corps enseignant.Formation",1
BS,1998,"Aménagement du territoire et constructions, expropriation, travaux publics, énergie, transports, environnement",1
BS,1998,"Aménagement du territoire et constructions, expropriation, travaux publics, énergie, transports, environnement.Protection de l'environnement.Déchets",1
BS,1998,"Santé, travail, droit des assurances sociales, logement, homes",1
BS,1998,"Economie.Commerce.Marché intérieur, entraves techniques au commerce",1
BS,1999,Droit pénal.Procédure pénale.Aide aux victimes d'infractions,1
BS,1999,"Enseignement, sciences, documentation et culture",1
BS,1999,"Enseignement, sciences, documentation et culture.Degré prescolaire, école primaire, degré secondaire I.Ecole enfantine",1
BS,1999,"Enseignement, sciences, documentation et culture.Degré prescolaire, école primaire, degré secondaire I.Ecole primaire, degré secondaire I",1
BS,1999,"Enseignement, sciences, documentation et culture.Degré secondaire II: Formation professionnelle initiale.Solutions transitoires",1
BS,1999,"Santé, travail, droit des assurances sociales, logement, homes",1
BS,2000,Droit pénal.Exécution des peines et des mesures.Etablissements.Personnel,1
BS,2000,"Enseignement, sciences, documentation et culture",1
BS,2000,"Enseignement, sciences, documentation et culture.Degré prescolaire, école primaire, degré secondaire I.Ecole enfantine",1
BS,2000,"Aménagement du territoire et constructions, expropriation, travaux publics, énergie, transports, environnement",1
BS,2000,"Santé, travail, droit des assurances sociales, logement, homes",1
BS,2000,"Santé, travail, droit des assurances sociales, logement, homes.Santé.Etique",1
BS,2000,Economie,1
BS,2001,"Aménagement du territoire et constructions, expropriation, travaux publics, énergie, transports, environnement.Protection de l'environnement.Protection contre le bruit",2
BS,2001,"Santé, travail, droit des assurances sociales, logement, homes.Santé.Urgences, ambulances",1
BS,2002,"Enseignement, sciences, documentation et culture",2
BS,2002,"Enseignement, sciences, documentation et culture.Formation continue (Degré quaternaire).Formation des adultes",1
BS,2002,"Enseignement, sciences, documentation et culture.Pédagogie spécialisée.Ecoles spécialisées",1
BS,2003,"Enseignement, sciences, documentation et culture.Degré tertiaire: Hautes écoles.Pédagogie",1
BS,2003,"Enseignement, sciences, documentation et culture.Sciences, recherche",1
BS,2003,"Défense nationale, protection de la population, police.Sécurité intérieure.Police.Personnel",3
BS,2003,"Santé, travail, droit des assurances sociales, logement, homes.Santé.Substances thérapeutiques, stupéfiants",2
BS,2003,Economie.Promotion de l'économie,1
BS,2003,Economie.Agriculture.Lait,1
BS,2004,Etat.Dispositions générales.Collaboration intercantonale,1
BS,2004,"Enseignement, sciences, documentation et culture",1
BS,2004,"Enseignement, sciences, documentation et culture.Pédagogie spécialisée.Ecoles spécialisées",1
BS,2004,"Santé, travail, droit des assurances sociales, logement, homes",1
BS,2004,"Santé, travail, droit des assurances sociales, logement, homes.Santé.Professions médicales.Personnel soignant",1
BS,2005,Etat.Dispositions générales.Collaboration intercantonale,1
BS,2005,"Droit civil.Dispositions d'introduction du code civil.Droit des personnes, état civil.Fondations, surveillance.Fondations LPP",1
BS,2005,"Défense nationale, protection de la population, police",1
BS,2005,"Santé, travail, droit des assurances sociales, logement, homes",1
BS,2006,Etat,1
BS,2006,"Enseignement, sciences, documentation et culture",1
BS,2006,"Enseignement, sciences, documentation et culture.Assurance de la qualité, surveillance, direction.Bâtiments scolaires",1
BS,2006,"Aménagement du territoire et constructions, expropriation, travaux publics, énergie, transports, environnement",1
BS,2006,"Santé, travail, droit des assurances sociales, logement, homes.Santé.Professions médicales.Chiropraticiens, physiothérapeutes",1
BS,2007,"Enseignement, sciences, documentation et culture",1
BS,2007,"Enseignement, sciences, documentation et culture.Degré prescolaire, école primaire, degré secondaire I.Ecole primaire, degré secondaire I",1
BS,2007,"Enseignement, sciences, documentation et culture.Art, culture, sport.Sport",1
BS,2008,Etat,1
BS,2008,"Santé, travail, droit des assurances sociales, logement, homes",1
BS,2009,"Enseignement, sciences, documentation et culture.Degré tertiaire: Hautes écoles.Pédagogie",1
BS,2009,"Défense nationale, protection de la population, police.Sécurité intérieure.Police.Coopération en matière de police",1
BS,2010,Etat,1
BS,2010,"Enseignement, sciences, documentation et culture.Contributions à la formation.Bourses d'études",1
BS,2011,Etat.Dispositions générales.Collaboration intercantonale,1
BS,2011,"Droit civil.Dispositions d'introduction du code civil.Droit des personnes, état civil.Fondations, surveillance.Fondations LPP",1
BS,2011,Droit pénal,1
BS,2011,Economie.Agriculture.Epizooties,1
BS,2012,"Enseignement, sciences, documentation et culture.Art, culture, sport.Art.Cinéma, théâtre, divertissement",1
BS,2013,"Enseignement, sciences, documentation et culture",1
BS,2013,Economie.Agriculture.Epizooties,1
BS,2014,"Enseignement, sciences, documentation et culture.Degré tertiaire: Ecoles supérieures",1
BS,2014,"Aménagement du territoire et constructions, expropriation, travaux publics, énergie, transports, environnement",2
BS,2014,"Santé, travail, droit des assurances sociales, logement, homes.Santé.Professions médicales.Médecins",1
BS,2015,"Enseignement, sciences, documentation et culture.Sciences, recherche",1
BS,2016,"Santé, travail, droit des assurances sociales, logement, homes",2
BS,2018,"Santé, travail, droit des assurances sociales, logement, homes",1
BS,2018,Economie,1
BS,2019,Etat.Autorités.Protection des données,1
BS,2019,"Défense nationale, protection de la population, police.Sécurité intérieure.Police.Coopération en matière de police",1
BS,2019,"Aménagement du territoire et constructions, expropriation, travaux publics, énergie, transports, environnement.Protection de l'environnement.Déchets",1
BS,2020,Etat.Dispositions générales.Documents d'identité,1
BS,2021,Droit pénal,1
BS,2022,Etat.Dispositions générales.Collaboration intercantonale,1
BS,2023,"Enseignement, sciences, documentation et culture.Degré secondaire II.Ecole moyenne",1
BS,2023,"Défense nationale, protection de la population, police.Sécurité intérieure.Police.Coopération en matière de police",1
FR,1632,Etat.Autorités.Protection des données,1
FR,1889,Etat.Eglise et Etat.Eglise évangélique réformée,1
FR,1889,"Droit civil.Procédure civile.Emoluments, frais",1
FR,1906,"Finances, Impôts, monopoles, entreprises d'état.Impôts.Impôts sur les successions et les donations",1
FR,1909,"Défense nationale, protection de la population, police.Sécurité intérieure.Police.Transports de police",1
FR,1922,"Finances, Impôts, monopoles, entreprises d'état.Impôts.Impôts sur les successions et les donations",1
FR,1931,"Finances, Impôts, monopoles, entreprises d'état.Impôts.Impôts sur les successions et les donations",1
FR,1936,"Finances, Impôts, monopoles, entreprises d'état.Impôts.Impôts sur les successions et les donations",1
FR,1936,"Finances, Impôts, monopoles, entreprises d'état.Impôts.Exonération et allégements fiscaux",1
FR,1937,"Aménagement du territoire et constructions, expropriation, travaux publics, énergie, transports, environnement.Travaux publics.Marchés publics",1
FR,1938,"Aménagement du territoire et constructions, expropriation, travaux publics, énergie, transports, environnement.Travaux publics.Aménagement des eaux.Corrections des eaux / Protection contre les crues",1
FR,1943,Etat.Dispositions générales.Collaboration intercantonale,1
FR,1943,Droit pénal,1
FR,1943,Economie.Agriculture.Production animale.Commerce du bétail,1
FR,1951,"Aménagement du territoire et constructions, expropriation, travaux publics, énergie, transports, environnement.Transports.Funiculaires, téléphériques, téléskis",1
FR,1954,Droit pénal,1
FR,1960,"Aménagement du territoire et constructions, expropriation, travaux publics, énergie, transports, environnement.Travaux publics.Aménagement des eaux.Corrections des eaux / Protection contre les crues",1
FR,1969,Droit civil.Arbitrage,1
FR,1969,"Finances, Impôts, monopoles, entreprises d'état.Impôts.Impôts sur les successions et les donations",1
FR,1969,Economie.Forêt.Formation professionnelle,1
FR,1970,"Enseignement, sciences, documentation et culture.Assurance de la qualité, surveillance, direction.Coordination",2
FR,1975,"Aménagement du territoire et constructions, expropriation, travaux publics, énergie, transports, environnement.Transports.Navigation.Police de la navigation",1
FR,1977,Droit civil.Procédure civile.Exécution,1
FR,1978,Etat,1
FR,1978,Droit pénal,1
FR,1978,Economie,1
FR,1979,"Défense nationale, protection de la population, police.Sécurité intérieure.Police.Coopération en matière de police",1
FR,1984,Droit pénal,1
FR,1984,"Enseignement, sciences, documentation et culture",1
FR,1985,"Finances, Impôts, monopoles, entreprises d'état.Monopoles, régales, entreprises d'état.Pêche.Zones de pêche",2
FR,1986,"Aménagement du territoire et constructions, expropriation, travaux publics, énergie, transports, environnement.Travaux publics.Aménagement des eaux.Corrections des eaux / Protection contre les crues",1
FR,1986,"Santé, travail, droit des assurances sociales, logement, homes",1
FR,1988,"Défense nationale, protection de la population, police.Sécurité intérieure.Police.Coopération en matière de police",1
FR,1990,"Défense nationale, protection de la population, police.Sécurité intérieure.Police.Coopération en matière de police",1
FR,1991,"Finances, Impôts, monopoles, entreprises d'état.Monopoles, régales, entreprises d'état.Pêche.Zones de pêche",2
FR,1992,"Enseignement, sciences, documentation et culture.Degré tertiaire: Ecoles supérieures",1
FR,1993,Etat.Dispositions générales.Collaboration intercantonale,3
FR,1994,Etat.Dispositions générales.Collaboration intercantonale,1
FR,1994,"Aménagement du territoire et constructions, expropriation, travaux publics, énergie, transports, environnement.Travaux publics.Marchés publics",1
FR,1995,"Enseignement, sciences, documentation et culture",1
FR,1996,"Enseignement, sciences, documentation et culture.Contributions à la formation.Ecolages",1
FR,1996,"Défense nationale, protection de la population, police.Sécurité intérieure.Entreprises de sécurité",1
FR,1998,"Santé, travail, droit des assurances sociales, logement, homes.Santé.Etablissements hospitaliers, cliniques.Hôpitaux cantonaux",1
FR,1998,Economie,2
FR,1999,"Enseignement, sciences, documentation et culture",1
FR,1999,"Enseignement, sciences, documentation et culture.Degré prescolaire, école primaire, degré secondaire I.Ecole enfantine",1
FR,1999,"Enseignement, sciences, documentation et culture.Degré prescolaire, école primaire, degré secondaire I.Ecole primaire, degré secondaire I",1
FR,2000,"Enseignement, sciences, documentation et culture.Degré prescolaire, école primaire, degré secondaire I.Ecole enfantine",1
FR,2001,Etat,2
FR,2001,"Enseignement, sciences, documentation et culture.Assurance de la qualité, surveillance, direction.Surveillance scolaire",1
FR,2002,"Enseignement, sciences, documentation et culture.Assurance de la qualité, surveillance, direction.Surveillance scolaire",1
FR,2003,Droit pénal.Droit pénal des mineurs et procédure pénale des mineurs,1
FR,2003,"Enseignement, sciences, documentation et culture",1
FR,2005,Etat.Dispositions générales.Collaboration intercantonale,2
FR,2005,Droit pénal.Droit pénal des mineurs et procédure pénale des mineurs,1
FR,2005,Economie,1
FR,2006,"Enseignement, sciences, documentation et culture",1
FR,2009,"Défense nationale, protection de la population, police.Sécurité intérieure.Police.Coopération en matière de police",1
FR,2010,"Enseignement, sciences, documentation et culture.Degré prescolaire, école primaire, degré secondaire I.Ecole primaire, degré secondaire I",1
FR,2011,"Droit civil.Dispositions d'introduction du code civil.Droit des personnes, état civil.Fondations, surveillance.Fondations LPP",1
FR,2011,"Enseignement, sciences, documentation et culture",2
FR,2013,"Enseignement, sciences, documentation et culture",1
FR,2017,Economie,1
FR,2018,"Aménagement du territoire et constructions, expropriation, travaux publics, énergie, transports, environnement.Travaux publics.Routes.Routes nationales",2
FR,2019,Etat.Dispositions générales.Territoire.Frontières,1
FR,2019,"Défense nationale, protection de la population, police.Sécurité intérieure.Police.Coopération en matière de police",1
FR,2019,Economie,1
FR,2021,Etat.Dispositions générales.Territoire.Frontières,1
FR,2023,"Santé, travail, droit des assurances sociales, logement, homes",1
FR,2025,Etat.Dispositions générales.Territoire.Frontières,1
GE,1564,Etat.Dispositions générales.Territoire.Frontières,1
GE,1889,"Droit civil.Procédure civile.Emoluments, frais",1
GE,1901,"Droit civil.Procédure civile.Emoluments, frais",1
GE,1903,"Droit civil.Procédure civile.Emoluments, frais",1
GE,1931,"Finances, Impôts, monopoles, entreprises d'état.Impôts.Impôts sur les successions et les donations",1
GE,1936,"Finances, Impôts, monopoles, entreprises d'état.Impôts.Exonération et allégements fiscaux",1
GE,1937,"Aménagement du territoire et constructions, expropriation, travaux publics, énergie, transports, environnement.Travaux publics.Marchés publics",1
GE,1943,Etat.Dispositions générales.Collaboration intercantonale,1
GE,1969,Droit civil.Arbitrage,1
GE,1970,"Enseignement, sciences, documentation et culture.Assurance de la qualité, surveillance, direction.Coordination",2
GE,1971,"Finances, Impôts, monopoles, entreprises d'état.Impôts.Impôts sur les successions et les donations",1
GE,1977,Droit civil.Procédure civile.Exécution,1
GE,1978,Etat,1
GE,1984,Droit pénal,1
GE,1984,"Aménagement du territoire et constructions, expropriation, travaux publics, énergie, transports, environnement.Travaux publics.Aménagement des eaux.Corrections des eaux / Protection contre les crues",1
GE,1986,"Santé, travail, droit des assurances sociales, logement, homes",1
GE,1988,"Défense nationale, protection de la population, police.Sécurité intérieure.Police.Coopération en matière de police",1
GE,1990,"Défense nationale, protection de la population, police.Sécurité intérieure.Police.Coopération en matière de police",1
GE,1993,Etat.Dispositions générales.Collaboration intercantonale,3
GE,1994,"Aménagement du territoire et constructions, expropriation, travaux publics, énergie, transports, environnement.Travaux publics.Marchés publics",1
GE,1995,"Enseignement, sciences, documentation et culture",1
GE,1996,Etat.Dispositions générales.Etablissement et séjour.Etablissement et séjour des étrangers.mesures de contrainte,1
GE,1996,"Enseignement, sciences, documentation et culture.Contributions à la formation.Ecolages",1
GE,1996,"Défense nationale, protection de la population, police.Sécurité intérieure.Entreprises de sécurité",1
GE,2001,Etat,2
GE,2001,"Enseignement, sciences, documentation et culture.Assurance de la qualité, surveillance, direction.Surveillance scolaire",1
GE,2002,"Enseignement, sciences, documentation et culture.Degré tertiaire: Ecoles supérieures",1
GE,2002,"Enseignement, sciences, documentation et culture.Assurance de la qualité, surveillance, direction.Surveillance scolaire",1
GE,2003,Droit pénal.Droit pénal des mineurs et procédure pénale des mineurs,1
GE,2005,Etat.Dispositions générales.Collaboration intercantonale,1
GE,2005,Droit pénal.Droit pénal des mineurs et procédure pénale des mineurs,1
GE,2006,Economie,1
GE,2007,Droit pénal.Droit pénal des mineurs et procédure pénale des mineurs,1
GE,2008,Etat,1
GE,2008,"Santé, travail, droit des assurances sociales, logement, homes",1
GE,2011,"Enseignement, sciences, documentation et culture",2
GE,2013,"Enseignement, sciences, documentation et culture",1
GE,2017,Economie,1
GE,2018,"Aménagement du territoire et constructions, expropriation, travaux publics, énergie, transports, environnement.Travaux publics.Routes.Routes nationales",2
GE,2019,Economie,2
GE,2023,"Défense nationale, protection de la population, police.Sécurité intérieure.Police.Coopération en matière de police",1
GE,2023,"Santé, travail, droit des assurances sociales, logement, homes",1
GL,1632,Etat.Autorités.Protection des données,1
GL,1870,Etat.Dispositions générales.Territoire.Frontières,1
GL,1903,"Droit civil.Procédure civile.Emoluments, frais",1
GL,1906,"Finances, Impôts, monopoles, entreprises d'état.Impôts.Impôts sur les successions et les donations",1
GL,1914,"Aménagement du territoire et constructions, expropriation, travaux publics, énergie, transports, environnement.Energie.Forces hydrauliques",1
GL,1914,"Aménagement du territoire et constructions, expropriation, travaux publics, énergie, transports, environnement.Energie.Electricité",2
GL,1915,"Aménagement du territoire et constructions, expropriation, travaux publics, énergie, transports, environnement.Energie.Electricité",1
GL,1922,"Finances, Impôts, monopoles, entreprises d'état.Impôts.Impôts sur les successions et les donations",1
GL,1926,"Finances, Impôts, monopoles, entreprises d'état.Impôts.Impôts sur les successions et les donations",1
GL,1931,"Finances, Impôts, monopoles, entreprises d'état.Impôts.Impôts sur les successions et les donations",1
GL,1936,"Finances, Impôts, monopoles, entreprises d'état.Impôts.Exonération et allégements fiscaux",1
GL,1937,"Aménagement du territoire et constructions, expropriation, travaux publics, énergie, transports, environnement",1
GL,1937,"Aménagement du territoire et constructions, expropriation, travaux publics, énergie, transports, environnement.Travaux publics.Marchés publics",1
GL,1943,Etat.Dispositions générales.Collaboration intercantonale,1
GL,1943,Economie.Agriculture.Production animale.Commerce du bétail,2
GL,1944,"Finances, Impôts, monopoles, entreprises d'état.Monopoles, régales, entreprises d'état.Pêche.Zones de pêche",1
GL,1945,"Finances, Impôts, monopoles, entreprises d'état.Monopoles, régales, entreprises d'état.Pêche.Zones de pêche",1
GL,1948,Etat.Dispositions générales.Collaboration intercantonale,1
GL,1948,"Finances, Impôts, monopoles, entreprises d'état.Impôts.Interdiction des arrangements fiscaux",1
GL,1951,"Aménagement du territoire et constructions, expropriation, travaux publics, énergie, transports, environnement.Transports.Funiculaires, téléphériques, téléskis",1
GL,1958,"Aménagement du territoire et constructions, expropriation, travaux publics, énergie, transports, environnement.Protection de l'environnement.Déchets",1
GL,1969,Droit civil.Arbitrage,1
GL,1970,"Enseignement, sciences, documentation et culture",1
GL,1970,"Enseignement, sciences, documentation et culture.Assurance de la qualité, surveillance, direction.Coordination",2
GL,1971,"Enseignement, sciences, documentation et culture",1
GL,1971,"Enseignement, sciences, documentation et culture.Corps enseignant.Traitement, indemnités",1
GL,1971,Economie.Forêt.Formation professionnelle,1
GL,1972,Economie.Forêt.Formation professionnelle,1
GL,1973,"Finances, Impôts, monopoles, entreprises d'état.Monopoles, régales, entreprises d'état.Régale des sels",1
GL,1973,"Aménagement du territoire et constructions, expropriation, travaux publics, énergie, transports, environnement.Transports.Circulation routière.Police de la circulation",1
GL,1976,Droit pénal,3
GL,1976,"Défense nationale, protection de la population, police.Sécurité intérieure.Police.Coopération en matière de police",1
GL,1976,"Aménagement du territoire et constructions, expropriation, travaux publics, énergie, transports, environnement",1
GL,1976,"Santé, travail, droit des assurances sociales, logement, homes",3
GL,1976,"Santé, travail, droit des assurances sociales, logement, homes.Santé.Etablissements hospitaliers, cliniques.Cliniques psychiatriques",1
GL,1977,Droit civil.Procédure civile.Exécution,1
GL,1977,"Finances, Impôts, monopoles, entreprises d'état.Monopoles, régales, entreprises d'état.Pêche.Zones de pêche",1
GL,1977,"Aménagement du territoire et constructions, expropriation, travaux publics, énergie, transports, environnement.Protection de l'environnement.Protection des eaux",2
GL,1978,Etat,1
GL,1978,"Finances, Impôts, monopoles, entreprises d'état.Impôts.Impôts sur les successions et les donations",1
GL,1979,"Aménagement du territoire et constructions, expropriation, travaux publics, énergie, transports, environnement",4
GL,1980,"Enseignement, sciences, documentation et culture",1
GL,1980,"Aménagement du territoire et constructions, expropriation, travaux publics, énergie, transports, environnement.Protection de l'environnement.Protection des eaux",1
GL,1981,"Finances, Impôts, monopoles, entreprises d'état.Impôts.Impôts sur les successions et les donations",1
GL,1981,"Finances, Impôts, monopoles, entreprises d'état.Monopoles, régales, entreprises d'état.Pêche.Zones de pêche",1
GL,1981,"Santé, travail, droit des assurances sociales, logement, homes",2
GL,1981,"Santé, travail, droit des assurances sociales, logement, homes.Santé.Substances thérapeutiques, stupéfiants",1
GL,1984,"Enseignement, sciences, documentation et culture",1
GL,1985,"Enseignement, sciences, documentation et culture.Contributions à la formation.Ecolages",1
GL,1990,"Finances, Impôts, monopoles, entreprises d'état.Impôts.Impôts sur les successions et les donations",1
GL,1990,Economie.Forêt.Formation professionnelle,3
GL,1991,"Aménagement du territoire et constructions, expropriation, travaux publics, énergie, transports, environnement",1
GL,1991,Economie.Forêt.Formation professionnelle,1
GL,1992,"Enseignement, sciences, documentation et culture.Degré tertiaire: Ecoles supérieures",1
GL,1992,"Enseignement, sciences, documentation et culture.Contributions à la formation.Ecolages",1
GL,1993,Etat.Dispositions générales.Collaboration intercantonale,2
GL,1993,"Enseignement, sciences, documentation et culture.Formation continue (Degré quaternaire).Formation des adultes",1
GL,1993,"Finances, Impôts, monopoles, entreprises d'état",1
GL,1993,"Finances, Impôts, monopoles, entreprises d'état.Monopoles, régales, entreprises d'état.Pêche.Zones de pêche",2
GL,1993,"Aménagement du territoire et constructions, expropriation, travaux publics, énergie, transports, environnement.Protection de l'environnement.Protection des eaux",1
GL,1994,"Finances, Impôts, monopoles, entreprises d'état.Monopoles, régales, entreprises d'état.Pêche.Zones de pêche",6
GL,1994,"Aménagement du territoire et constructions, expropriation, travaux publics, énergie, transports, environnement.Travaux publics.Marchés publics",1
GL,1994,"Aménagement du territoire et constructions, expropriation, travaux publics, énergie, transports, environnement.Protection de l'environnement.Déchets",2
GL,1995,"Enseignement, sciences, documentation et culture.Degré secondaire II.Ecole moyenne",1
GL,1995,"Santé, travail, droit des assurances sociales, logement, homes",1
GL,1996,"Enseignement, sciences, documentation et culture.Contributions à la formation.Ecolages",1
GL,1996,"Finances, Impôts, monopoles, entreprises d'état.Monopoles, régales, entreprises d'état.Chasse.Chasseurs",1
GL,1998,"Enseignement, sciences, documentation et culture",1
GL,1998,"Economie.Commerce.Marché intérieur, entraves techniques au commerce",1
GL,1999,"Enseignement, sciences, documentation et culture",1
GL,1999,"Enseignement, sciences, documentation et culture.Degré prescolaire, école primaire, degré secondaire I.Ecole primaire, degré secondaire I",1
GL,1999,"Enseignement, sciences, documentation et culture.Degré tertiaire: Hautes écoles.Pédagogie",1
GL,2000,"Enseignement, sciences, documentation et culture",2
GL,2000,"Enseignement, sciences, documentation et culture.Degré tertiaire: Hautes écoles.Pédagogie",1
GL,2000,"Aménagement du territoire et constructions, expropriation, travaux publics, énergie, transports, environnement",2
GL,2001,"Enseignement, sciences, documentation et culture",5
GL,2002,"Droit civil.Dispositions d'introduction du code civil.Droit des personnes, état civil.Fondations, surveillance.Fondations LPP",1
GL,2002,"Aménagement du territoire et constructions, expropriation, travaux publics, énergie, transports, environnement",1
GL,2002,Economie.Arts et métiers.Services.Jeux de hasard et loteries.Maisons de jeu,1
GL,2003,"Aménagement du territoire et constructions, expropriation, travaux publics, énergie, transports, environnement",1
GL,2003,"Aménagement du territoire et constructions, expropriation, travaux publics, énergie, transports, environnement.Protection de l'environnement.Protection des eaux",1
GL,2004,"Finances, Impôts, monopoles, entreprises d'état.Monopoles, régales, entreprises d'état.Pêche.Zones de pêche",1
GL,2005,Etat.Dispositions générales.Collaboration intercantonale,1
GL,2005,"Droit civil.Dispositions d'introduction du code civil.Droit des personnes, état civil.Fondations, surveillance.Fondations LPP",2
GL,2005,"Aménagement du territoire et constructions, expropriation, travaux publics, énergie, transports, environnement",1
GL,2006,"Enseignement, sciences, documentation et culture.Reconnaissance des diplômes",1
GL,2007,"Droit civil.Dispositions d'introduction du code civil.Droit des personnes, état civil.Fondations, surveillance.Fondations LPP",2
GL,2007,"Enseignement, sciences, documentation et culture",2
GL,2007,"Enseignement, sciences, documentation et culture.Degré prescolaire, école primaire, degré secondaire I.Ecole primaire, degré secondaire I",1
GL,2007,"Enseignement, sciences, documentation et culture.Art, culture, sport.Sport",1
GL,2008,Etat,1
GL,2009,"Défense nationale, protection de la population, police.Sécurité intérieure.Police.Coopération en matière de police",1
GL,2010,"Enseignement, sciences, documentation et culture.Contributions à la formation.Bourses d'études",1
GL,2012,"Aménagement du territoire et constructions, expropriation, travaux publics, énergie, transports, environnement",2
GL,2013,"Enseignement, sciences, documentation et culture",1
GL,2014,"Santé, travail, droit des assurances sociales, logement, homes.Santé.Professions médicales.Médecins",1
GL,2018,"Santé, travail, droit des assurances sociales, logement, homes",1
GL,2018,Economie,1
GL,2019,"Enseignement, sciences, documentation et culture",2
GL,2019,"Défense nationale, protection de la population, police.Sécurité intérieure.Police.Coopération en matière de police",1
GL,2020,"Santé, travail, droit des assurances sociales, logement, homes",1
GL,2023,"Défense nationale, protection de la population, police.Sécurité intérieure.Police.Coopération en matière de police",1
GL,2024,Droit civil,1
GL,2024,"Aménagement du territoire et constructions, expropriation, travaux publics, énergie, transports, environnement.Protection de l'environnement.Produits toxiques et chimiques",1
GL,2025,Droit civil,1
GL,2025,"Santé, travail, droit des assurances sociales, logement, homes",1
GR,1632,Etat.Autorités.Protection des données,1
GR,1901,"Droit civil.Procédure civile.Emoluments, frais",1
GR,1903,"Droit civil.Procédure civile.Emoluments, frais",1
GR,1906,"Finances, Impôts, monopoles, entreprises d'état.Impôts.Impôts sur les successions et les donations",1
GR,1922,"Finances, Impôts, monopoles, entreprises d'état.Impôts.Impôts sur les successions et les donations",1
GR,1936,"Finances, Impôts, monopoles, entreprises d'état.Impôts.Exonération et allégements fiscaux",1
GR,1936,"Finances, Impôts, monopoles, entreprises d'état.Monopoles, régales, entreprises d'état.Pêche.Zones de pêche",1
GR,1937,"Finances, Impôts, monopoles, entreprises d'état.Monopoles, régales, entreprises d'état.Pêche.Zones de pêche",1
GR,1937,"Aménagement du territoire et constructions, expropriation, travaux publics, énergie, transports, environnement.Travaux publics.Marchés publics",1
GR,1943,Etat.Dispositions générales.Collaboration intercantonale,1
GR,1943,"Finances, Impôts, monopoles, entreprises d'état.Monopoles, régales, entreprises d'état.Pêche.Zones de pêche",1
GR,1943,Economie.Agriculture.Production animale.Commerce du bétail,1
GR,1948,Etat.Dispositions générales.Collaboration intercantonale,1
GR,1951,"Aménagement du territoire et constructions, expropriation, travaux publics, énergie, transports, environnement.Transports.Funiculaires, téléphériques, téléskis",1
GR,1955,"Finances, Impôts, monopoles, entreprises d'état.Impôts.Impôts sur les successions et les donations",1
GR,1958,"Finances, Impôts, monopoles, entreprises d'état.Impôts.Impôts sur les successions et les donations",2
GR,1958,"Aménagement du territoire et constructions, expropriation, travaux publics, énergie, transports, environnement.Protection de l'environnement.Déchets",1
GR,1968,"Enseignement, sciences, documentation et culture",2
GR,1968,"Enseignement, sciences, documentation et culture.Assurance de la qualité, surveillance, direction.Bâtiments scolaires",1
GR,1969,Droit civil.Arbitrage,2
GR,1970,"Enseignement, sciences, documentation et culture.Assurance de la qualité, surveillance, direction.Coordination",2
GR,1971,Droit civil,1
GR,1971,Economie.Forêt.Formation professionnelle,1
GR,1972,Economie.Forêt.Formation professionnelle,1
GR,1974,Economie.Agriculture.Formation agricole.Ecole agricole,1
GR,1975,"Enseignement, sciences, documentation et culture.Corps enseignant.Formation",1
GR,1976,Droit pénal,3
GR,1976,"Finances, Impôts, monopoles, entreprises d'état.Impôts.Impôts sur les successions et les donations",1
GR,1976,"Santé, travail, droit des assurances sociales, logement, homes",3
GR,1977,Droit civil.Procédure civile.Exécution,2
GR,1978,Etat,1
GR,1981,"Santé, travail, droit des assurances sociales, logement, homes",2
GR,1981,"Santé, travail, droit des assurances sociales, logement, homes.Santé.Substances thérapeutiques, stupéfiants",1
GR,1985,"Enseignement, sciences, documentation et culture.Contributions à la formation.Ecolages",1
GR,1985,"Aménagement du territoire et constructions, expropriation, travaux publics, énergie, transports, environnement.Protection de l'environnement.Protection des eaux",2
GR,1988,"Aménagement du territoire et constructions, expropriation, travaux publics, énergie, transports, environnement.Protection de l'environnement.Protection des eaux",1
GR,1990,"Enseignement, sciences, documentation et culture.Formation continue (Degré quaternaire).Formation des adultes",1
GR,1990,Economie.Forêt.Formation professionnelle,3
GR,1991,Economie.Forêt.Formation professionnelle,1
GR,1992,"Enseignement, sciences, documentation et culture.Degré tertiaire: Ecoles supérieures",1
GR,1992,"Enseignement, sciences, documentation et culture.Contributions à la formation.Ecolages",1
GR,1993,Etat.Dispositions générales.Collaboration intercantonale,2
GR,1993,"Enseignement, sciences, documentation et culture.Formation continue (Degré quaternaire).Formation des adultes",1
GR,1994,"Finances, Impôts, monopoles, entreprises d'état.Impôts.Impôts sur les successions et les donations",1
GR,1994,"Aménagement du territoire et constructions, expropriation, travaux publics, énergie, transports, environnement.Travaux publics.Marchés publics",1
GR,1995,"Santé, travail, droit des assurances sociales, logement, homes",1
GR,1996,"Enseignement, sciences, documentation et culture.Contributions à la formation.Ecolages",1
GR,1997,"Enseignement, sciences, documentation et culture",1
GR,1999,"Enseignement, sciences, documentation et culture",1
GR,1999,"Enseignement, sciences, documentation et culture.Degré tertiaire: Hautes écoles.Pédagogie",1
GR,1999,"Finances, Impôts, monopoles, entreprises d'état.Impôts.Impôts sur les successions et les donations",1
GR,2000,"Enseignement, sciences, documentation et culture.Degré tertiaire: Hautes écoles.Pédagogie",1
GR,2001,"Enseignement, sciences, documentation et culture",5
GR,2002,"Droit civil.Dispositions d'introduction du code civil.Droit des personnes, état civil.Fondations, surveillance.Fondations LPP",1
GR,2002,Economie.Arts et métiers.Services.Jeux de hasard et loteries.Maisons de jeu,1
GR,2005,Etat.Dispositions générales.Collaboration intercantonale,1
GR,2005,"Droit civil.Dispositions d'introduction du code civil.Droit des personnes, état civil.Fondations, surveillance.Fondations LPP",2
GR,2005,"Défense nationale, protection de la population, police.Sécurité intérieure.Police.Personnel",2
GR,2005,Economie,1
GR,2006,"Enseignement, sciences, documentation et culture.Reconnaissance des diplômes",1
GR,2007,"Droit civil.Dispositions d'introduction du code civil.Droit des personnes, état civil.Fondations, surveillance.Fondations LPP",1
GR,2007,"Enseignement, sciences, documentation et culture.Degré prescolaire, école primaire, degré secondaire I.Ecole primaire, degré secondaire I",2
GR,2007,"Enseignement, sciences, documentation et culture.Art, culture, sport.Sport",1
GR,2011,"Enseignement, sciences, documentation et culture",1
GR,2019,"Enseignement, sciences, documentation et culture",1
GR,2019,"Défense nationale, protection de la population, police.Sécurité intérieure.Police.Coopération en matière de police",1
GR,2023,"Défense nationale, protection de la population, police.Sécurité intérieure.Police.Coopération en matière de police",1
GR,2024,Droit civil,1
GR,2024,"Aménagement du territoire et constructions, expropriation, travaux publics, énergie, transports, environnement.Protection de l'environnement.Produits toxiques et chimiques",1
GR,2025,Droit civil,1
GR,2025,"Santé, travail, droit des assurances sociales, logement, homes",1
JU,1632,Etat.Autorités.Protection des données,1
JU,1889,"Droit civil.Procédure civile.Emoluments, frais",1
JU,1899,"Finances, Impôts, monopoles, entreprises d'état.Impôts.Impôts sur les successions et les donations",1
JU,1903,"Droit civil.Procédure civile.Emoluments, frais",1
JU,1906,"Finances, Impôts, monopoles, entreprises d'état.Impôts.Impôts sur les successions et les donations",1
JU,1936,"Finances, Impôts, monopoles, entreprises d'état.Impôts.Exonération et allégements fiscaux",1
JU,1937,"Aménagement du territoire et constructions, expropriation, travaux publics, énergie, transports, environnement.Travaux publics.Marchés publics",1
JU,1943,Etat.Dispositions générales.Collaboration intercantonale,1
JU,1951,"Aménagement du territoire et constructions, expropriation, travaux publics, énergie, transports, environnement.Transports.Funiculaires, téléphériques, téléskis",1
JU,1954,Droit pénal,1
JU,1955,"Finances, Impôts, monopoles, entreprises d'état.Monopoles, régales, entreprises d'état.Pétrole",4
JU,1958,"Finances, Impôts, monopoles, entreprises d'état.Impôts.Impôts sur les successions et les donations",1
JU,1960,"Aménagement du territoire et constructions, expropriation, travaux publics, énergie, transports, environnement.Travaux publics.Aménagement des eaux.Corrections des eaux / Protection contre les crues",1
JU,1969,Droit civil.Arbitrage,1
JU,1970,"Enseignement, sciences, documentation et culture.Assurance de la qualité, surveillance, direction.Coordination",2
JU,1972,"Enseignement, sciences, documentation et culture.Pédagogie spécialisée.Enfants surdoués",1
JU,1973,"Finances, Impôts, monopoles, entreprises d'état.Monopoles, régales, entreprises d'état.Régale des sels",1
JU,1977,Etat.Dispositions générales.Information du public,1
JU,1977,Droit civil.Procédure civile.Exécution,1
JU,1978,Etat,2
JU,1980,Etat.Eglise et Etat.Eglise évangélique réformée,1
JU,1980,"Défense nationale, protection de la population, police",1
JU,1980,Economie.Agriculture.Lait,1
JU,1984,Droit pénal,1
JU,1985,"Santé, travail, droit des assurances sociales, logement, homes",1
JU,1986,"Aménagement du territoire et constructions, expropriation, travaux publics, énergie, transports, environnement.Travaux publics.Aménagement des eaux.Corrections des eaux / Protection contre les crues",1
JU,1986,"Santé, travail, droit des assurances sociales, logement, homes",1
JU,1987,"Santé, travail, droit des assurances sociales, logement, homes",1
JU,1988,"Défense nationale, protection de la population, police.Sécurité intérieure.Police.Coopération en matière de police",1
JU,1989,"Aménagement du territoire et constructions, expropriation, travaux publics, énergie, transports, environnement.Transports.Transports publics.Transports régionaux",1
JU,1990,"Défense nationale, protection de la population, police.Sécurité intérieure.Police.Coopération en matière de police",1
JU,1993,Etat.Dispositions générales.Collaboration intercantonale,3
JU,1995,Etat.Eglise et Etat.Eglise catholique romaine,1
JU,1995,"Enseignement, sciences, documentation et culture",2
JU,1996,"Enseignement, sciences, documentation et culture.Contributions à la formation.Ecolages",1
JU,1996,"Défense nationale, protection de la population, police.Sécurité intérieure.Entreprises de sécurité",1
JU,1998,Etat.Dispositions générales.Territoire.Frontières,1
JU,1999,Etat.Dispositions générales.Collaboration intercantonale,1
JU,1999,"Enseignement, sciences, documentation et culture",1
JU,2000,"Enseignement, sciences, documentation et culture.Degré secondaire II: Formation professionnelle initiale.Solutions transitoires",1
JU,2000,"Enseignement, sciences, documentation et culture.Degré tertiaire: Hautes écoles.Pédagogie",1
JU,2001,Etat,2
JU,2001,"Enseignement, sciences, documentation et culture",2
JU,2001,"Enseignement, sciences, documentation et culture.Assurance de la qualité, surveillance, direction.Surveillance scolaire",1
JU,2002,"Enseignement, sciences, documentation et culture.Degré secondaire II.Ecole moyenne",1
JU,2002,"Enseignement, sciences, documentation et culture.Assurance de la qualité, surveillance, direction.Surveillance scolaire",1
JU,2003,Droit pénal.Droit pénal des mineurs et procédure pénale des mineurs,1
JU,2003,Economie.Agriculture.Lait,1
JU,2004,Etat.Dispositions générales.Collaboration intercantonale,1
JU,2005,Etat.Dispositions générales.Collaboration intercantonale,1
JU,2005,Droit pénal.Droit pénal des mineurs et procédure pénale des mineurs,1
JU,2006,"Enseignement, sciences, documentation et culture",1
JU,2007,"Enseignement, sciences, documentation et culture",1
JU,2008,"Enseignement, sciences, documentation et culture.Art, culture, sport.Art.Cinéma, théâtre, divertissement",1
JU,2008,"Enseignement, sciences, documentation et culture.Art, culture, sport.Encouragement à la culture",1
JU,2011,"Enseignement, sciences, documentation et culture",2
JU,2011,"Santé, travail, droit des assurances sociales, logement, homes",1
JU,2013,"Enseignement, sciences, documentation et culture",1
JU,2015,"Enseignement, sciences, documentation et culture",1
JU,2015,Economie,1
JU,2017,"Enseignement, sciences, documentation et culture.Degré secondaire II.Ecole moyenne",1
JU,2017,Economie,1
JU,2019,"Défense nationale, protection de la population, police.Sécurité intérieure.Police.Coopération en matière de police",1
JU,2019,Economie,1
JU,2022,"Enseignement, sciences, documentation et culture.Art, culture, sport.Encouragement à la culture",1
JU,2023,Etat.Dispositions générales.Territoire.Frontières,1
JU,2023,"Défense nationale, protection de la population, police.Sécurité intérieure.Police.Coopération en matière de police",1
JU,2023,"Santé, travail, droit des assurances sociales, logement, homes",1
JU,2024,Etat,1
JU,2024,"Etat.Dispositions générales.Territoire.Délimitations territoriales, districts",3
JU,2025,"Etat.Dispositions générales.Territoire.Délimitations territoriales, districts",9
JU,2025,Etat.Dispositions générales.Territoire.Frontières,20
JU,2025,Economie,1
LU,1632,Etat.Autorités.Protection des données,1
LU,1828,Etat.Eglise et Etat.Eglise catholique romaine,5
LU,1834,Etat,1
LU,1858,"Aménagement du territoire et constructions, expropriation, travaux publics, énergie, transports, environnement.Travaux publics.Aménagement des eaux.Corrections des eaux / Protection contre les crues",1
LU,1889,"Droit civil.Procédure civile.Emoluments, frais",1
LU,1901,"Droit civil.Procédure civile.Emoluments, frais",1
LU,1903,"Droit civil.Procédure civile.Emoluments, frais",1
LU,1905,Non classé,1
LU,1931,"Finances, Impôts, monopoles, entreprises d'état.Impôts.Impôts sur les successions et les donations",1
LU,1934,"Finances, Impôts, monopoles, entreprises d'état.Impôts.Impôts sur les successions et les donations",1
LU,1936,"Finances, Impôts, monopoles, entreprises d'état.Impôts.Impôts sur les successions et les donations",1
LU,1936,"Finances, Impôts, monopoles, entreprises d'état.Impôts.Exonération et allégements fiscaux",1
LU,1937,"Aménagement du territoire et constructions, expropriation, travaux publics, énergie, transports, environnement.Travaux publics.Marchés publics",1
LU,1937,Non classé,1
LU,1939,"Finances, Impôts, monopoles, entreprises d'état.Finances.Contributions étatiques, subventions",1
LU,1943,Etat.Dispositions générales.Collaboration intercantonale,1
LU,1948,Etat.Dispositions générales.Collaboration intercantonale,1
LU,1951,"Aménagement du territoire et constructions, expropriation, travaux publics, énergie, transports, environnement.Transports.Funiculaires, téléphériques, téléskis",1
LU,1958,"Finances, Impôts, monopoles, entreprises d'état.Monopoles, régales, entreprises d'état.Pêche.Zones de pêche",1
LU,1958,"Aménagement du territoire et constructions, expropriation, travaux publics, énergie, transports, environnement.Transports.Circulation routière.Police de la circulation",1
LU,1959,Droit pénal,2
LU,1959,"Santé, travail, droit des assurances sociales, logement, homes",3
LU,1965,"Finances, Impôts, monopoles, entreprises d'état.Impôts.Exonération et allégements fiscaux",1
LU,1969,"Finances, Impôts, monopoles, entreprises d'état.Monopoles, régales, entreprises d'état.Pêche.Zones de pêche",1
LU,1969,"Santé, travail, droit des assurances sociales, logement, homes.Santé.Professions médicales.Personnel soignant",1
LU,1969,Economie.Forêt.Formation professionnelle,1
LU,1970,"Enseignement, sciences, documentation et culture.Assurance de la qualité, surveillance, direction.Coordination",2
LU,1970,"Finances, Impôts, monopoles, entreprises d'état.Monopoles, régales, entreprises d'état.Pêche.Zones de pêche",1
LU,1974,"Santé, travail, droit des assurances sociales, logement, homes.Santé.Substances thérapeutiques, stupéfiants",1
LU,1974,Economie.Agriculture.Lait,1
LU,1977,Droit civil.Procédure civile.Exécution,1
LU,1978,Etat,1
LU,1978,"Finances, Impôts, monopoles, entreprises d'état.Monopoles, régales, entreprises d'état.Pêche.Zones de pêche",2
LU,1979,"Défense nationale, protection de la population, police.Sécurité intérieure.Police.Coopération en matière de police",1
LU,1982,"Santé, travail, droit des assurances sociales, logement, homes.Santé.Professions médicales.Personnel soignant",1
LU,1985,"Aménagement du territoire et constructions, expropriation, travaux publics, énergie, transports, environnement.Protection de l'environnement.Protection des eaux",1
LU,1989,"Aménagement du territoire et constructions, expropriation, travaux publics, énergie, transports, environnement.Transports.Navigation.Police de la navigation",1
LU,1992,"Enseignement, sciences, documentation et culture.Degré tertiaire: Ecoles supérieures",1
LU,1993,Etat.Dispositions générales.Collaboration intercantonale,2
LU,1994,Etat.Dispositions générales.Collaboration intercantonale,1
LU,1994,"Aménagement du territoire et constructions, expropriation, travaux publics, énergie, transports, environnement.Travaux publics.Marchés publics",1
LU,1995,Etat.Eglise et Etat.Eglise catholique romaine,1
LU,1996,"Santé, travail, droit des assurances sociales, logement, homes.Santé.Etablissements hospitaliers, cliniques.Hôpitaux cantonaux",1
LU,1996,Economie,1
LU,1997,"Aménagement du territoire et constructions, expropriation, travaux publics, énergie, transports, environnement",1
LU,1997,"Santé, travail, droit des assurances sociales, logement, homes.Santé.Etablissements hospitaliers, cliniques.Hôpitaux cantonaux",1
LU,1997,Non classé,1
LU,1998,"Enseignement, sciences, documentation et culture",1
LU,1999,"Enseignement, sciences, documentation et culture",1
LU,1999,"Enseignement, sciences, documentation et culture.Degré prescolaire, école primaire, degré secondaire I.Ecole enfantine",2
LU,2000,"Enseignement, sciences, documentation et culture",2
LU,2000,"Enseignement, sciences, documentation et culture.Degré prescolaire, école primaire, degré secondaire I.Ecole enfantine",1
LU,2000,"Santé, travail, droit des assurances sociales, logement, homes",1
LU,2002,"Enseignement, sciences, documentation et culture",1
LU,2002,"Finances, Impôts, monopoles, entreprises d'état.Impôts.Impôts sur les successions et les donations",1
LU,2003,"Enseignement, sciences, documentation et culture.Art, culture, sport.Encouragement à la culture",3
LU,2003,"Défense nationale, protection de la population, police.Sécurité intérieure.Police.Personnel",3
LU,2003,"Aménagement du territoire et constructions, expropriation, travaux publics, énergie, transports, environnement",2
LU,2003,"Santé, travail, droit des assurances sociales, logement, homes",1
LU,2003,"Santé, travail, droit des assurances sociales, logement, homes.Santé.Substances thérapeutiques, stupéfiants",2
LU,2004,"Droit civil.Dispositions d'introduction du code civil.Droit des personnes, état civil.Fondations, surveillance.Fondations LPP",2
LU,2004,"Enseignement, sciences, documentation et culture.Degré tertiaire: Hautes écoles.Pédagogie",1
LU,2004,"Défense nationale, protection de la population, police",1
LU,2005,"Aménagement du territoire et constructions, expropriation, travaux publics, énergie, transports, environnement",1
LU,2006,Economie.Commerce.Poids et mesures. moyens de paiement,1
LU,2009,"Défense nationale, protection de la population, police.Sécurité intérieure.Police.Coopération en matière de police",3
LU,2009,"Aménagement du territoire et constructions, expropriation, travaux publics, énergie, transports, environnement.Transports.Circulation routière.Police de la circulation",3
LU,2010,"Défense nationale, protection de la population, police.Sécurité intérieure.Police.Coopération en matière de police",2
LU,2011,"Enseignement, sciences, documentation et culture.Degré tertiaire: Hautes écoles.Pédagogie",2
LU,2012,"Enseignement, sciences, documentation et culture",3
LU,2012,"Aménagement du territoire et constructions, expropriation, travaux publics, énergie, transports, environnement",1
LU,2013,"Défense nationale, protection de la population, police.Sécurité intérieure.Police.Coopération en matière de police",1
LU,2013,"Santé, travail, droit des assurances sociales, logement, homes",1
LU,2014,"Défense nationale, protection de la population, police.Sécurité intérieure.Police.Personnel",1
LU,2014,"Santé, travail, droit des assurances sociales, logement, homes.Santé.Professions médicales.Médecins",1
LU,2019,"Défense nationale, protection de la population, police.Sécurité intérieure.Police.Coopération en matière de police",1
LU,2021,"Aménagement du territoire et constructions, expropriation, travaux publics, énergie, transports, environnement",1
LU,2023,"Enseignement, sciences, documentation et culture.Degré tertiaire: Hautes écoles.Pédagogie",1
LU,2023,"Défense nationale, protection de la population, police.Sécurité intérieure.Police.Coopération en matière de police",1
NE,1632,Etat.Autorités.Protection des données,1
NE,1889,"Droit civil.Procédure civile.Emoluments, frais",1
NE,1895,Etat.Dispositions générales.Territoire.Frontières,1
NE,1901,"Droit civil.Procédure civile.Emoluments, frais",1
NE,1903,"Droit civil.Procédure civile.Emoluments, frais",1
NE,1912,"Finances, Impôts, monopoles, entreprises d'état.Impôts.Impôts sur les successions et les donations",2
NE,1931,"Finances, Impôts, monopoles, entreprises d'état.Impôts.Impôts sur les successions et les donations",1
NE,1936,"Finances, Impôts, monopoles, entreprises d'état.Impôts.Exonération et allégements fiscaux",1
NE,1937,"Aménagement du territoire et constructions, expropriation, travaux publics, énergie, transports, environnement.Travaux publics.Marchés publics",1
NE,1943,Etat.Dispositions générales.Collaboration intercantonale,1
NE,1960,"Finances, Impôts, monopoles, entreprises d'état.Impôts.Impôts sur les successions et les donations",1
NE,1960,"Aménagement du territoire et constructions, expropriation, travaux publics, énergie, transports, environnement.Travaux publics.Aménagement des eaux.Corrections des eaux / Protection contre les crues",1
NE,1969,Droit civil.Arbitrage,1
NE,1969,"Finances, Impôts, monopoles, entreprises d'état.Impôts.Impôts sur les successions et les donations",2
NE,1969,Economie.Forêt.Formation professionnelle,1
NE,1970,"Enseignement, sciences, documentation et culture.Assurance de la qualité, surveillance, direction.Coordination",2
NE,1971,"Finances, Impôts, monopoles, entreprises d'état.Impôts.Impôts sur les successions et les donations",3
NE,1972,"Finances, Impôts, monopoles, entreprises d'état.Impôts.Impôts sur les successions et les donations",3
NE,1973,"Finances, Impôts, monopoles, entreprises d'état.Impôts.Impôts sur les successions et les donations",2
NE,1975,"Aménagement du territoire et constructions, expropriation, travaux publics, énergie, transports, environnement.Transports.Navigation.Police de la navigation",1
NE,1977,Etat.Dispositions générales.Information du public,1
NE,1977,Droit civil.Procédure civile.Exécution,1
NE,1978,Etat,1
NE,1978,"Finances, Impôts, monopoles, entreprises d'état.Impôts.Impôts sur les successions et les donations",1
NE,1978,Economie,1
NE,1984,Droit pénal,1
NE,1985,"Santé, travail, droit des assurances sociales, logement, homes",1
NE,1986,"Aménagement du territoire et constructions, expropriation, travaux publics, énergie, transports, environnement.Travaux publics.Aménagement des eaux.Corrections des eaux / Protection contre les crues",1
NE,1986,"Santé, travail, droit des assurances sociales, logement, homes",1
NE,1988,"Défense nationale, protection de la population, police.Sécurité intérieure.Police.Coopération en matière de police",1
NE,1990,"Défense nationale, protection de la population, police.Sécurité intérieure.Police.Coopération en matière de police",1
NE,1991,"Finances, Impôts, monopoles, entreprises d'état.Monopoles, régales, entreprises d'état.Pêche.Zones de pêche",2
NE,1993,Etat.Dispositions générales.Collaboration intercantonale,3
NE,1994,"Aménagement du territoire et constructions, expropriation, travaux publics, énergie, transports, environnement.Travaux publics.Marchés publics",1
NE,1995,"Enseignement, sciences, documentation et culture",1
NE,1995,"Finances, Impôts, monopoles, entreprises d'état.Monopoles, régales, entreprises d'état.Pêche.Zones de pêche",1
NE,1996,Etat.Dispositions générales.Etablissement et séjour.Etablissement et séjour des étrangers.mesures de contrainte,1
NE,1996,"Enseignement, sciences, documentation et culture.Contributions à la formation.Ecolages",1
NE,1996,"Défense nationale, protection de la population, police.Sécurité intérieure.Entreprises de sécurité",1
NE,1998,Economie,1
NE,1999,"Enseignement, sciences, documentation et culture",1
NE,2000,"Enseignement, sciences, documentation et culture.Degré tertiaire: Hautes écoles.Pédagogie",1
NE,2001,Etat,2
NE,2001,"Enseignement, sciences, documentation et culture",2
NE,2001,"Enseignement, sciences, documentation et culture.Assurance de la qualité, surveillance, direction.Surveillance scolaire",1
NE,2002,"Enseignement, sciences, documentation et culture.Degré tertiaire: Ecoles supérieures",1
NE,2002,"Enseignement, sciences, documentation et culture.Assurance de la qualité, surveillance, direction.Surveillance scolaire",1
NE,2002,"Finances, Impôts, monopoles, entreprises d'état.Impôts.Impôts sur les successions et les donations",1
NE,2003,Droit pénal.Droit pénal des mineurs et procédure pénale des mineurs,2
NE,2005,Etat.Dispositions générales.Collaboration intercantonale,1
NE,2005,Droit pénal.Droit pénal des mineurs et procédure pénale des mineurs,1
NE,2006,Economie,1
NE,2008,"Enseignement, sciences, documentation et culture.Art, culture, sport.Encouragement à la culture",1
NE,2011,"Enseignement, sciences, documentation et culture",2
NE,2011,"Santé, travail, droit des assurances sociales, logement, homes",1
NE,2013,"Enseignement, sciences, documentation et culture",1
NE,2015,"Enseignement, sciences, documentation et culture",1
NE,2017,Economie,1
NE,2019,"Défense nationale, protection de la population, police.Sécurité intérieure.Police.Coopération en matière de police",1
NE,2019,Economie,2
NE,2022,"Enseignement, sciences, documentation et culture.Art, culture, sport.Encouragement à la culture",1
NE,2023,"Défense nationale, protection de la population, police.Sécurité intérieure.Police.Coopération en matière de police",1
NE,2025,"Etat.Dispositions générales.Territoire.Délimitations territoriales, districts",1
NW,1632,Etat.Autorités.Protection des données,1
NW,1841,"Enseignement, sciences, documentation et culture",1
NW,1858,"Aménagement du territoire et constructions, expropriation, travaux publics, énergie, transports, environnement.Travaux publics.Aménagement des eaux.Corrections des eaux / Protection contre les crues",1
NW,1874,"Défense nationale, protection de la population, police",1
NW,1889,"Droit civil.Procédure civile.Emoluments, frais",1
NW,1890,"Droit civil.Dispositions d'introduction du code civil.Droits réels.Registre foncier, mensurations cadastrales",1
NW,1909,"Défense nationale, protection de la population, police.Sécurité intérieure.Police.Transports de police",1
NW,1936,"Finances, Impôts, monopoles, entreprises d'état.Impôts.Impôts sur les successions et les donations",1
NW,1937,"Aménagement du territoire et constructions, expropriation, travaux publics, énergie, transports, environnement.Travaux publics.Marchés publics",1
NW,1937,Non classé,1
NW,1939,"Finances, Impôts, monopoles, entreprises d'état.Finances.Contributions étatiques, subventions",1
NW,1943,Etat.Dispositions générales.Collaboration intercantonale,1
NW,1943,Economie.Agriculture.Production animale.Commerce du bétail,1
NW,1948,Etat.Dispositions générales.Collaboration intercantonale,1
NW,1951,"Aménagement du territoire et constructions, expropriation, travaux publics, énergie, transports, environnement.Transports.Funiculaires, téléphériques, téléskis",1
NW,1954,Droit pénal,1
NW,1959,Droit pénal,2
NW,1959,"Santé, travail, droit des assurances sociales, logement, homes",3
NW,1969,Droit civil.Arbitrage,1
NW,1970,"Enseignement, sciences, documentation et culture.Assurance de la qualité, surveillance, direction.Coordination",2
NW,1971,Economie.Forêt.Formation professionnelle,1
NW,1972,Economie.Forêt.Formation professionnelle,1
NW,1974,Economie.Agriculture.Lait,1
NW,1976,"Enseignement, sciences, documentation et culture.Corps enseignant.Formation",1
NW,1976,"Aménagement du territoire et constructions, expropriation, travaux publics, énergie, transports, environnement",1
NW,1977,Droit civil.Procédure civile.Exécution,1
NW,1977,"Aménagement du territoire et constructions, expropriation, travaux publics, énergie, transports, environnement",1
NW,1978,Etat,1
NW,1978,"Finances, Impôts, monopoles, entreprises d'état.Monopoles, régales, entreprises d'état.Pêche.Zones de pêche",2
NW,1979,"Défense nationale, protection de la population, police.Sécurité intérieure.Police.Coopération en matière de police",1
NW,1983,"Aménagement du territoire et constructions, expropriation, travaux publics, énergie, transports, environnement.Protection de l'environnement.Protection contre les radiations",1
NW,1985,"Aménagement du territoire et constructions, expropriation, travaux publics, énergie, transports, environnement.Protection de l'environnement.Protection des eaux",1
NW,1986,Droit pénal,1
NW,1990,Economie.Forêt.Formation professionnelle,3
NW,1991,Economie.Forêt.Formation professionnelle,1
NW,1993,Etat.Dispositions générales.Collaboration intercantonale,2
NW,1993,"Enseignement, sciences, documentation et culture.Degré tertiaire: Hautes écoles.Pédagogie",1
NW,1996,"Santé, travail, droit des assurances sociales, logement, homes.Santé.Etablissements hospitaliers, cliniques.Hôpitaux cantonaux",1
NW,1997,"Aménagement du territoire et constructions, expropriation, travaux publics, énergie, transports, environnement",1
NW,1997,"Santé, travail, droit des assurances sociales, logement, homes.Santé.Etablissements hospitaliers, cliniques.Hôpitaux cantonaux",1
NW,1997,Non classé,1
NW,1999,"Enseignement, sciences, documentation et culture",1
NW,1999,"Santé, travail, droit des assurances sociales, logement, homes",1
NW,1999,"Santé, travail, droit des assurances sociales, logement, homes.Santé.Hygiène.Denrées alimentaires, objets d'usage courant.Surveillance des aliments",1
NW,2000,Etat.Dispositions générales.Collaboration intercantonale,1
NW,2000,"Enseignement, sciences, documentation et culture",1
NW,2001,"Santé, travail, droit des assurances sociales, logement, homes",1
NW,2002,"Enseignement, sciences, documentation et culture",1
NW,2002,"Aménagement du territoire et constructions, expropriation, travaux publics, énergie, transports, environnement",1
NW,2002,"Santé, travail, droit des assurances sociales, logement, homes",1
NW,2002,Economie.Agriculture.Agriculture biologique,1
NW,2003,"Défense nationale, protection de la population, police.Sécurité intérieure.Police.Personnel",2
NW,2003,"Aménagement du territoire et constructions, expropriation, travaux publics, énergie, transports, environnement",2
NW,2003,"Santé, travail, droit des assurances sociales, logement, homes",1
NW,2004,"Droit civil.Dispositions d'introduction du code civil.Droit des personnes, état civil.Fondations, surveillance.Fondations LPP",2
NW,2004,"Défense nationale, protection de la population, police",1
NW,2005,Etat.Dispositions générales.Collaboration intercantonale,1
NW,2006,"Enseignement, sciences, documentation et culture.Reconnaissance des diplômes",1
NW,2009,"Défense nationale, protection de la population, police.Sécurité intérieure.Police.Coopération en matière de police",2
NW,2010,"Défense nationale, protection de la population, police.Sécurité intérieure.Police.Coopération en matière de police",2
NW,2011,"Enseignement, sciences, documentation et culture.Degré tertiaire: Hautes écoles.Pédagogie",3
NW,2012,"Enseignement, sciences, documentation et culture",2
NW,2013,"Défense nationale, protection de la population, police.Sécurité intérieure.Police.Coopération en matière de police",1
NW,2013,"Santé, travail, droit des assurances sociales, logement, homes",1
NW,2019,"Défense nationale, protection de la population, police.Sécurité intérieure.Police.Coopération en matière de police",1
NW,2020,"Droit pénal.Dispositions générales d'introduction du code pénal.Criminalité économique, blanchiment d'argent",1
OW,1632,Etat.Autorités.Protection des données,1
OW,1841,"Enseignement, sciences, documentation et culture",1
OW,1858,"Aménagement du territoire et constructions, expropriation, travaux publics, énergie, transports, environnement.Travaux publics.Aménagement des eaux.Corrections des eaux / Protection contre les crues",1
OW,1874,"Défense nationale, protection de la population, police",1
OW,1889,"Droit civil.Procédure civile.Emoluments, frais",1
OW,1922,"Finances, Impôts, monopoles, entreprises d'état.Impôts.Impôts sur les successions et les donations",1
OW,1931,"Finances, Impôts, monopoles, entreprises d'état.Impôts.Impôts sur les successions et les donations",1
OW,1937,"Aménagement du territoire et constructions, expropriation, travaux publics, énergie, transports, environnement.Travaux publics.Marchés publics",1
OW,1937,Non classé,1
OW,1939,"Finances, Impôts, monopoles, entreprises d'état.Finances.Contributions étatiques, subventions",1
OW,1943,Etat.Dispositions générales.Collaboration intercantonale,1
OW,1948,Etat.Dispositions générales.Collaboration intercantonale,1
OW,1951,"Aménagement du territoire et constructions, expropriation, travaux publics, énergie, transports, environnement.Transports.Funiculaires, téléphériques, téléskis",1
OW,1954,Droit pénal,1
OW,1959,Droit pénal,2
OW,1959,"Santé, travail, droit des assurances sociales, logement, homes",3
OW,1969,Droit civil.Arbitrage,1
OW,1970,"Enseignement, sciences, documentation et culture.Assurance de la qualité, surveillance, direction.Coordination",2
OW,1971,"Enseignement, sciences, documentation et culture.Degré secondaire II: Formation professionnelle initiale.Ecoles professionnelles.Enseignement ménager",1
OW,1971,Economie.Forêt.Formation professionnelle,1
OW,1972,"Santé, travail, droit des assurances sociales, logement, homes.Santé.Substances thérapeutiques, stupéfiants",1
OW,1972,Economie.Forêt.Formation professionnelle,1
OW,1974,Economie.Agriculture.Lait,1
OW,1976,Droit civil,1
OW,1976,"Enseignement, sciences, documentation et culture.Corps enseignant.Formation",1
OW,1976,"Aménagement du territoire et constructions, expropriation, travaux publics, énergie, transports, environnement",1
OW,1977,Droit civil.Procédure civile.Exécution,1
OW,1977,"Aménagement du territoire et constructions, expropriation, travaux publics, énergie, transports, environnement",1
OW,1978,Etat,1
OW,1978,"Finances, Impôts, monopoles, entreprises d'état.Monopoles, régales, entreprises d'état.Pêche.Zones de pêche",2
OW,1979,"Défense nationale, protection de la population, police.Sécurité intérieure.Police.Coopération en matière de police",1
OW,1983,"Aménagement du territoire et constructions, expropriation, travaux publics, énergie, transports, environnement.Protection de l'environnement.Protection contre les radiations",1
OW,1985,"Aménagement du territoire et constructions, expropriation, travaux publics, énergie, transports, environnement.Protection de l'environnement.Protection des eaux",1
OW,1990,Economie.Forêt.Formation professionnelle,3
OW,1991,Economie.Forêt.Formation professionnelle,1
OW,1992,"Enseignement, sciences, documentation et culture.Contributions à la formation.Ecolages",1
OW,1993,Etat.Dispositions générales.Collaboration intercantonale,2
OW,1993,"Enseignement, sciences, documentation et culture.Degré tertiaire: Hautes écoles.Pédagogie",1
OW,1997,"Aménagement du territoire et constructions, expropriation, travaux publics, énergie, transports, environnement",1
OW,1997,"Santé, travail, droit des assurances sociales, logement, homes",1
OW,1997,Non classé,1
OW,1998,"Enseignement, sciences, documentation et culture.Degré tertiaire: Ecoles supérieures",1
OW,1999,"Enseignement, sciences, documentation et culture",1
OW,1999,"Enseignement, sciences, documentation et culture.Degré prescolaire, école primaire, degré secondaire I.Ecole primaire, degré secondaire I",1
OW,1999,"Enseignement, sciences, documentation et culture.Degré tertiaire: Hautes écoles.Pédagogie",1
OW,1999,"Santé, travail, droit des assurances sociales, logement, homes.Santé.Hygiène.Denrées alimentaires, objets d'usage courant.Surveillance des aliments",1
OW,2000,Etat.Dispositions générales.Collaboration intercantonale,1
OW,2000,"Enseignement, sciences, documentation et culture",1
OW,2000,"Enseignement, sciences, documentation et culture.Degré tertiaire: Hautes écoles.Pédagogie",1
OW,2001,"Santé, travail, droit des assurances sociales, logement, homes",1
OW,2002,"Enseignement, sciences, documentation et culture",1
OW,2002,"Enseignement, sciences, documentation et culture.Degré tertiaire: Hautes écoles.Pédagogie",1
OW,2002,"Aménagement du territoire et constructions, expropriation, travaux publics, énergie, transports, environnement",1
OW,2003,"Défense nationale, protection de la population, police.Sécurité intérieure.Police.Personnel",3
OW,2003,"Aménagement du territoire et constructions, expropriation, travaux publics, énergie, transports, environnement",2
OW,2003,"Santé, travail, droit des assurances sociales, logement, homes",1
OW,2004,"Droit civil.Dispositions d'introduction du code civil.Droit des personnes, état civil.Fondations, surveillance.Fondations LPP",2
OW,2004,"Enseignement, sciences, documentation et culture",1
OW,2004,"Enseignement, sciences, documentation et culture.Degré tertiaire: Hautes écoles.Pédagogie",1
OW,2004,"Défense nationale, protection de la population, police",1
OW,2006,"Enseignement, sciences, documentation et culture.Reconnaissance des diplômes",2
OW,2009,"Défense nationale, protection de la population, police.Sécurité intérieure.Police.Coopération en matière de police",2
OW,2010,"Défense nationale, protection de la population, police.Sécurité intérieure.Police.Coopération en matière de police",2
OW,2011,"Enseignement, sciences, documentation et culture.Degré tertiaire: Hautes écoles.Pédagogie",3
OW,2012,"Enseignement, sciences, documentation et culture",2
OW,2013,"Défense nationale, protection de la population, police.Sécurité intérieure.Police.Coopération en matière de police",1
OW,2013,"Santé, travail, droit des assurances sociales, logement, homes",1
OW,2019,"Défense nationale, protection de la population, police.Sécurité intérieure.Police.Coopération en matière de police",1
OW,2020,"Droit pénal.Dispositions générales d'introduction du code pénal.Criminalité économique, blanchiment d'argent",1
SG,1632,Etat.Autorités.Protection des données,1
SG,1834,Etat,1
SG,1841,"Enseignement, sciences, documentation et culture",1
SG,1848,Etat.Dispositions générales.Territoire.Frontières,1
SG,1869,Etat.Eglise et Etat.Eglise catholique romaine,1
SG,1870,Etat.Dispositions générales.Territoire.Frontières,5
SG,1870,Etat.Eglise et Etat.Eglise évangélique réformée,1
SG,1887,"Finances, Impôts, monopoles, entreprises d'état.Monopoles, régales, entreprises d'état.Pêche.Zones de pêche",1
SG,1889,Etat.Eglise et Etat.Eglise évangélique réformée,1
SG,1889,"Droit civil.Procédure civile.Emoluments, frais",1
SG,1891,Etat.Eglise et Etat.Eglise catholique romaine,1
SG,1891,"Aménagement du territoire et constructions, expropriation, travaux publics, énergie, transports, environnement.Travaux publics.Aménagement des eaux.Corrections des eaux / Protection contre les crues",1
SG,1901,"Droit civil.Procédure civile.Emoluments, frais",1
SG,1903,"Droit civil.Procédure civile.Emoluments, frais",1
SG,1906,"Finances, Impôts, monopoles, entreprises d'état.Impôts.Impôts sur les successions et les donations",1
SG,1914,"Aménagement du territoire et constructions, expropriation, travaux publics, énergie, transports, environnement.Energie.Forces hydrauliques",1
SG,1914,"Aménagement du territoire et constructions, expropriation, travaux publics, énergie, transports, environnement.Energie.Electricité",3
SG,1922,"Finances, Impôts, monopoles, entreprises d'état.Impôts.Impôts sur les successions et les donations",1
SG,1927,"Aménagement du territoire et constructions, expropriation, travaux publics, énergie, transports, environnement.Travaux publics.Aménagement des eaux.Corrections des eaux / Protection contre les crues",1
SG,1931,"Finances, Impôts, monopoles, entreprises d'état.Impôts.Impôts sur les successions et les donations",1
SG,1933,"Aménagement du territoire et constructions, expropriation, travaux publics, énergie, transports, environnement",1
SG,1936,"Finances, Impôts, monopoles, entreprises d'état.Impôts.Exonération et allégements fiscaux",1
SG,1936,"Finances, Impôts, monopoles, entreprises d'état.Monopoles, régales, entreprises d'état.Pêche.Zones de pêche",1
SG,1937,"Finances, Impôts, monopoles, entreprises d'état.Monopoles, régales, entreprises d'état.Pêche.Zones de pêche",1
SG,1937,"Aménagement du territoire et constructions, expropriation, travaux publics, énergie, transports, environnement.Travaux publics.Marchés publics",1
SG,1937,Non classé,1
SG,1938,Etat.Professions juridiques.Notaires.Légalisation,1
SG,1938,"Aménagement du territoire et constructions, expropriation, travaux publics, énergie, transports, environnement",1
SG,1938,"Aménagement du territoire et constructions, expropriation, travaux publics, énergie, transports, environnement.Transports.Transports publics.Transports ferroviaires",1
SG,1939,"Aménagement du territoire et constructions, expropriation, travaux publics, énergie, transports, environnement.Transports.Transports publics.Transports ferroviaires",1
SG,1940,Etat.Professions juridiques.Notaires.Légalisation,1
SG,1940,"Droit civil.Dispositions d'introduction du code civil.Droits réels.Registre foncier, mensurations cadastrales",1
SG,1943,"Finances, Impôts, monopoles, entreprises d'état.Monopoles, régales, entreprises d'état.Pêche.Zones de pêche",1
SG,1943,Economie.Agriculture.Production animale.Commerce du bétail,1
SG,1944,"Finances, Impôts, monopoles, entreprises d'état.Monopoles, régales, entreprises d'état.Pêche.Zones de pêche",1
SG,1945,"Finances, Impôts, monopoles, entreprises d'état.Monopoles, régales, entreprises d'état.Pêche.Zones de pêche",1
SG,1946,"Finances, Impôts, monopoles, entreprises d'état.Monopoles, régales, entreprises d'état.Pêche.Zones de pêche",1
SG,1948,Etat.Dispositions générales.Collaboration intercantonale,1
SG,1948,"Finances, Impôts, monopoles, entreprises d'état.Impôts.Interdiction des arrangements fiscaux",1
SG,1951,"Aménagement du territoire et constructions, expropriation, travaux publics, énergie, transports, environnement.Energie.Forces hydrauliques",1
SG,1951,"Aménagement du territoire et constructions, expropriation, travaux publics, énergie, transports, environnement.Energie.Electricité",1
SG,1951,"Aménagement du territoire et constructions, expropriation, travaux publics, énergie, transports, environnement.Transports.Funiculaires, téléphériques, téléskis",2
SG,1954,Droit pénal,1
SG,1955,"Finances, Impôts, monopoles, entreprises d'état.Monopoles, régales, entreprises d'état.Pétrole",4
SG,1958,"Aménagement du territoire et constructions, expropriation, travaux publics, énergie, transports, environnement.Transports.Circulation routière.Police de la circulation",2
SG,1958,"Aménagement du territoire et constructions, expropriation, travaux publics, énergie, transports, environnement.Protection de l'environnement.Déchets",1
SG,1960,"Finances, Impôts, monopoles, entreprises d'état.Impôts.Impôts sur les successions et les donations",1
SG,1961,"Aménagement du territoire et constructions, expropriation, travaux publics, énergie, transports, environnement.Protection de l'environnement.Déchets",1
SG,1963,"Finances, Impôts, monopoles, entreprises d'état.Monopoles, régales, entreprises d'état.Pétrole",1
SG,1964,"Finances, Impôts, monopoles, entreprises d'état.Impôts.Exonération et allégements fiscaux",1
SG,1964,"Santé, travail, droit des assurances sociales, logement, homes",1
SG,1965,"Finances, Impôts, monopoles, entreprises d'état.Impôts.Exonération et allégements fiscaux",2
SG,1966,"Finances, Impôts, monopoles, entreprises d'état.Impôts.Impôts sur les successions et les donations",1
SG,1967,"Finances, Impôts, monopoles, entreprises d'état.Impôts.Impôts sur les successions et les donations",1
SG,1967,"Aménagement du territoire et constructions, expropriation, travaux publics, énergie, transports, environnement.Transports.Circulation routière.Police de la circulation",1
SG,1967,"Aménagement du territoire et constructions, expropriation, travaux publics, énergie, transports, environnement.Protection de l'environnement.Déchets",1
SG,1967,"Aménagement du territoire et constructions, expropriation, travaux publics, énergie, transports, environnement.Protection de l'environnement.Protection des eaux",4
SG,1968,"Enseignement, sciences, documentation et culture",2
SG,1968,"Enseignement, sciences, documentation et culture.Assurance de la qualité, surveillance, direction.Bâtiments scolaires",1
SG,1969,Droit civil.Arbitrage,1
SG,1969,"Finances, Impôts, monopoles, entreprises d'état.Impôts.Impôts sur les successions et les donations",1
SG,1969,"Aménagement du territoire et constructions, expropriation, travaux publics, énergie, transports, environnement.Travaux publics.Routes.Routes nationales",1
SG,1969,"Santé, travail, droit des assurances sociales, logement, homes",1
SG,1970,"Enseignement, sciences, documentation et culture",1
SG,1970,"Enseignement, sciences, documentation et culture.Assurance de la qualité, surveillance, direction.Coordination",2
SG,1970,"Finances, Impôts, monopoles, entreprises d'état.Monopoles, régales, entreprises d'état.Chasse.Chasseurs",1
SG,1970,"Aménagement du territoire et constructions, expropriation, travaux publics, énergie, transports, environnement.Protection de l'environnement.Protection des eaux",3
SG,1971,"Enseignement, sciences, documentation et culture",1
SG,1971,"Enseignement, sciences, documentation et culture.Corps enseignant.Traitement, indemnités",1
SG,1971,Economie.Forêt.Formation professionnelle,1
SG,1972,"Santé, travail, droit des assurances sociales, logement, homes.Santé.Substances thérapeutiques, stupéfiants",1
SG,1972,Economie.Forêt.Formation professionnelle,1
SG,1973,"Enseignement, sciences, documentation et culture.Degré prescolaire, école primaire, degré secondaire I.Ecole primaire, degré secondaire I",2
SG,1973,"Finances, Impôts, monopoles, entreprises d'état.Impôts.Impôts sur les successions et les donations",2
SG,1973,"Finances, Impôts, monopoles, entreprises d'état.Monopoles, régales, entreprises d'état.Régale des sels",1
SG,1973,"Aménagement du territoire et constructions, expropriation, travaux publics, énergie, transports, environnement.Transports.Circulation routière.Police de la circulation",1
SG,1974,"Aménagement du territoire et constructions, expropriation, travaux publics, énergie, transports, environnement.Travaux publics.Aménagement des eaux.Utilisation des eaux",1
SG,1974,"Santé, travail, droit des assurances sociales, logement, homes.Santé.Laboratoires médicaux",1
SG,1975,"Enseignement, sciences, documentation et culture.Corps enseignant.Formation",1
SG,1975,"Finances, Impôts, monopoles, entreprises d'état.Impôts.Impôts sur les successions et les donations",1
SG,1975,"Aménagement du territoire et constructions, expropriation, travaux publics, énergie, transports, environnement.Travaux publics.Aménagement des eaux.Utilisation des eaux",1
SG,1975,"Aménagement du territoire et constructions, expropriation, travaux publics, énergie, transports, environnement.Transports.Circulation routière.Police de la circulation",1
SG,1976,Droit civil,1
SG,1976,Droit pénal,3
SG,1976,"Défense nationale, protection de la population, police.Sécurité intérieure.Police.Coopération en matière de police",1
SG,1976,"Santé, travail, droit des assurances sociales, logement, homes",3
SG,1977,Etat,1
SG,1977,"Aménagement du territoire et constructions, expropriation, travaux publics, énergie, transports, environnement",1
SG,1977,"Aménagement du territoire et constructions, expropriation, travaux publics, énergie, transports, environnement.Protection de l'environnement.Protection des eaux",6
SG,1977,Economie.Développement économiques dans les régions de montagne,1
SG,1977,Economie.Arts et métiers.Services.Professions soumises à autorisation,1
SG,1978,Etat,1
SG,1978,"Finances, Impôts, monopoles, entreprises d'état.Impôts.Impôts sur les successions et les donations",1
SG,1979,"Aménagement du territoire et constructions, expropriation, travaux publics, énergie, transports, environnement",4
SG,1979,"Aménagement du territoire et constructions, expropriation, travaux publics, énergie, transports, environnement.Travaux publics.Aménagement des eaux.Utilisation des eaux",1
SG,1980,"Enseignement, sciences, documentation et culture",1
SG,1980,"Enseignement, sciences, documentation et culture.Degré prescolaire, école primaire, degré secondaire I.Ecole primaire, degré secondaire I",1
SG,1980,"Aménagement du territoire et constructions, expropriation, travaux publics, énergie, transports, environnement.Protection de l'environnement.Protection des eaux",1
SG,1981,"Enseignement, sciences, documentation et culture.Degré prescolaire, école primaire, degré secondaire I.Ecole primaire, degré secondaire I",1
SG,1981,"Enseignement, sciences, documentation et culture.Pédagogie spécialisée.Ecoles d'art et de sport",2
SG,1981,"Finances, Impôts, monopoles, entreprises d'état.Impôts.Impôts sur les successions et les donations",1
SG,1981,"Finances, Impôts, monopoles, entreprises d'état.Monopoles, régales, entreprises d'état.Pêche.Zones de pêche",3
SG,1981,"Santé, travail, droit des assurances sociales, logement, homes",2
SG,1981,"Santé, travail, droit des assurances sociales, logement, homes.Santé.Substances thérapeutiques, stupéfiants",1
SG,1981,Economie.Arts et métiers.Services.Professions soumises à autorisation,1
SG,1982,"Enseignement, sciences, documentation et culture.Pédagogie spécialisée.Classes spéciales",1
SG,1982,"Aménagement du territoire et constructions, expropriation, travaux publics, énergie, transports, environnement",1
SG,1982,"Aménagement du territoire et constructions, expropriation, travaux publics, énergie, transports, environnement.Protection de l'environnement.Protection des eaux",1
SG,1983,"Finances, Impôts, monopoles, entreprises d'état.Impôts.Impôts sur les successions et les donations",1
SG,1983,"Santé, travail, droit des assurances sociales, logement, homes",1
SG,1984,"Finances, Impôts, monopoles, entreprises d'état.Monopoles, régales, entreprises d'état.Pêche.Zones de pêche",1
SG,1985,"Enseignement, sciences, documentation et culture.Degré secondaire II: Formation professionnelle initiale.Ecoles professionnelles.Enseignement ménager",1
SG,1985,"Enseignement, sciences, documentation et culture.Degré tertiaire: Hautes écoles.Pédagogie",1
SG,1985,"Enseignement, sciences, documentation et culture.Contributions à la formation.Ecolages",1
SG,1985,"Aménagement du territoire et constructions, expropriation, travaux publics, énergie, transports, environnement.Protection de l'environnement.Protection des eaux",2
SG,1986,"Aménagement du territoire et constructions, expropriation, travaux publics, énergie, transports, environnement.Protection de l'environnement.Protection des eaux",1
SG,1987,"Enseignement, sciences, documentation et culture.Assurance de la qualité, surveillance, direction.Arrondissements scolaires",1
SG,1989,"Enseignement, sciences, documentation et culture.Degré secondaire II.Ecole moyenne",1
SG,1990,"Enseignement, sciences, documentation et culture.Degré prescolaire, école primaire, degré secondaire I.Ecole enfantine",2
SG,1990,"Enseignement, sciences, documentation et culture.Formation continue (Degré quaternaire).Formation des adultes",1
SG,1990,"Santé, travail, droit des assurances sociales, logement, homes.Santé.Hygiène.Alimentation en eau",1
SG,1990,Economie.Forêt.Formation professionnelle,3
SG,1991,"Finances, Impôts, monopoles, entreprises d'état.Impôts.Impôts sur les successions et les donations",1
SG,1991,"Aménagement du territoire et constructions, expropriation, travaux publics, énergie, transports, environnement",1
SG,1991,Economie.Forêt.Formation professionnelle,1
SG,1992,"Enseignement, sciences, documentation et culture.Degré tertiaire: Ecoles supérieures",1
SG,1992,"Enseignement, sciences, documentation et culture.Contributions à la formation.Ecolages",1
SG,1993,Etat.Dispositions générales.Collaboration intercantonale,2
SG,1993,"Enseignement, sciences, documentation et culture.Formation continue (Degré quaternaire).Formation des adultes",2
SG,1993,"Finances, Impôts, monopoles, entreprises d'état",1
SG,1993,"Finances, Impôts, monopoles, entreprises d'état.Monopoles, régales, entreprises d'état.Pêche.Zones de pêche",2
SG,1993,"Aménagement du territoire et constructions, expropriation, travaux publics, énergie, transports, environnement",1
SG,1993,"Aménagement du territoire et constructions, expropriation, travaux publics, énergie, transports, environnement.Protection de l'environnement.Protection des eaux",1
SG,1994,"Enseignement, sciences, documentation et culture.Degré secondaire II: Formation professionnelle initiale.Orientation professionnelle",1
SG,1994,"Finances, Impôts, monopoles, entreprises d'état.Impôts.Impôts sur les successions et les donations",1
SG,1994,"Finances, Impôts, monopoles, entreprises d'état.Monopoles, régales, entreprises d'état.Pêche.Zones de pêche",6
SG,1994,"Aménagement du territoire et constructions, expropriation, travaux publics, énergie, transports, environnement.Travaux publics.Marchés publics",7
SG,1994,"Aménagement du territoire et constructions, expropriation, travaux publics, énergie, transports, environnement.Protection de l'environnement.Déchets",3
SG,1995,"Aménagement du territoire et constructions, expropriation, travaux publics, énergie, transports, environnement.Travaux publics.Marchés publics",2
SG,1995,"Santé, travail, droit des assurances sociales, logement, homes",1
SG,1995,Economie.Agriculture.Améliorations foncières,1
SG,1996,"Enseignement, sciences, documentation et culture.Contributions à la formation.Ecolages",1
SG,1996,"Finances, Impôts, monopoles, entreprises d'état.Monopoles, régales, entreprises d'état.Chasse.Chasseurs",2
SG,1996,"Santé, travail, droit des assurances sociales, logement, homes.Santé.Professions médicales.Personnel soignant",1
SG,1996,Economie.Agriculture.Améliorations foncières,1
SG,1997,"Enseignement, sciences, documentation et culture",1
SG,1997,"Enseignement, sciences, documentation et culture.Degré prescolaire, école primaire, degré secondaire I.Ecole primaire, degré secondaire I",1
SG,1997,"Finances, Impôts, monopoles, entreprises d'état.Monopoles, régales, entreprises d'état.Chasse.Chasseurs",1
SG,1998,"Enseignement, sciences, documentation et culture.Degré tertiaire: Ecoles supérieures",1
SG,1998,"Enseignement, sciences, documentation et culture.Corps enseignant.Formation",2
SG,1998,"Finances, Impôts, monopoles, entreprises d'état.Monopoles, régales, entreprises d'état.Chasse.Chasseurs",1
SG,1998,"Economie.Commerce.Marché intérieur, entraves techniques au commerce",1
SG,1999,"Enseignement, sciences, documentation et culture",5
SG,1999,"Enseignement, sciences, documentation et culture.Degré prescolaire, école primaire, degré secondaire I.Ecole primaire, degré secondaire I",1
SG,1999,"Enseignement, sciences, documentation et culture.Degré tertiaire: Hautes écoles.Pédagogie",1
SG,1999,"Enseignement, sciences, documentation et culture.Corps enseignant.Formation",2
SG,1999,"Finances, Impôts, monopoles, entreprises d'état.Monopoles, régales, entreprises d'état.Chasse.Chasseurs",1
SG,1999,"Santé, travail, droit des assurances sociales, logement, homes",1
SG,2000,"Enseignement, sciences, documentation et culture",2
SG,2000,"Enseignement, sciences, documentation et culture.Degré tertiaire: Hautes écoles.Pédagogie",1
SG,2000,"Aménagement du territoire et constructions, expropriation, travaux publics, énergie, transports, environnement",2
SG,2001,"Enseignement, sciences, documentation et culture",5
SG,2001,"Aménagement du territoire et constructions, expropriation, travaux publics, énergie, transports, environnement.Travaux publics.Routes.Routes nationales",1
SG,2002,"Droit civil.Dispositions d'introduction du code civil.Droit des personnes, état civil.Fondations, surveillance.Fondations LPP",1
SG,2002,"Aménagement du territoire et constructions, expropriation, travaux publics, énergie, transports, environnement",1
SG,2002,Economie.Arts et métiers.Services.Jeux de hasard et loteries.Maisons de jeu,1
SG,2003,"Enseignement, sciences, documentation et culture",1
SG,2003,"Enseignement, sciences, documentation et culture.Pédagogie spécialisée.Enfants surdoués",1
SG,2003,"Enseignement, sciences, documentation et culture.Assurance de la qualité, surveillance, direction.Arrondissements scolaires",1
SG,2003,"Enseignement, sciences, documentation et culture.Reconnaissance des diplômes",1
SG,2003,"Aménagement du territoire et constructions, expropriation, travaux publics, énergie, transports, environnement",1
SG,2003,"Aménagement du territoire et constructions, expropriation, travaux publics, énergie, transports, environnement.Protection de l'environnement.Protection des eaux",1
SG,2004,"Finances, Impôts, monopoles, entreprises d'état.Monopoles, régales, entreprises d'état.Pêche.Zones de pêche",1
SG,2005,Etat.Dispositions générales.Collaboration intercantonale,1
SG,2005,"Droit civil.Dispositions d'introduction du code civil.Droit des personnes, état civil.Fondations, surveillance.Fondations LPP",2
SG,2005,"Défense nationale, protection de la population, police.Sécurité intérieure.Police.Personnel",2
SG,2005,"Aménagement du territoire et constructions, expropriation, travaux publics, énergie, transports, environnement",1
SG,2005,Economie,1
SG,2006,"Enseignement, sciences, documentation et culture.Reconnaissance des diplômes",1
SG,2006,"Défense nationale, protection de la population, police.Sécurité intérieure.Police.Coopération en matière de police",1
SG,2007,"Droit civil.Dispositions d'introduction du code civil.Droit des personnes, état civil.Fondations, surveillance.Fondations LPP",2
SG,2007,"Enseignement, sciences, documentation et culture",1
SG,2007,"Enseignement, sciences, documentation et culture.Degré prescolaire, école primaire, degré secondaire I.Ecole primaire, degré secondaire I",1
SG,2007,"Enseignement, sciences, documentation et culture.Art, culture, sport.Sport",1
SG,2008,Etat,1
SG,2009,"Enseignement, sciences, documentation et culture.Art, culture, sport.Encouragement à la culture",1
SG,2009,"Défense nationale, protection de la population, police.Sécurité intérieure.Police.Coopération en matière de police",1
SG,2010,"Enseignement, sciences, documentation et culture.Degré secondaire II.Ecole moyenne",1
SG,2010,"Enseignement, sciences, documentation et culture.Contributions à la formation.Bourses d'études",1
SG,2011,"Enseignement, sciences, documentation et culture",1
SG,2012,Etat.Eglise et Etat.Eglise catholique romaine,1
SG,2012,"Aménagement du territoire et constructions, expropriation, travaux publics, énergie, transports, environnement",2
SG,2014,"Enseignement, sciences, documentation et culture.Degré tertiaire: Ecoles supérieures",1
SG,2015,"Santé, travail, droit des assurances sociales, logement, homes",1
SG,2016,"Santé, travail, droit des assurances sociales, logement, homes.Santé.Etique",2
SG,2018,Economie,1
SG,2019,"Etat.Communes.Bourgeoisies, allmends",1
SG,2019,"Enseignement, sciences, documentation et culture",3
SG,2019,"Défense nationale, protection de la population, police.Sécurité intérieure.Police.Coopération en matière de police",1
SG,2020,"Santé, travail, droit des assurances sociales, logement, homes",1
SG,2023,"Défense nationale, protection de la population, police.Sécurité intérieure.Police.Coopération en matière de police",1
SG,2024,Droit civil,1
SG,2024,"Aménagement du territoire et constructions, expropriation, travaux publics, énergie, transports, environnement.Protection de l'environnement.Produits toxiques et chimiques",1
SG,2025,Droit civil,1
SG,2025,"Santé, travail, droit des assurances sociales, logement, homes",1
SH,1632,Etat.Autorités.Protection des données,1
SH,1870,Etat.Dispositions générales.Territoire.Frontières,1
SH,1889,"Droit civil.Procédure civile.Emoluments, frais",1
SH,1901,Etat.Dispositions générales.Territoire.Frontières,2
SH,1901,"Droit civil.Procédure civile.Emoluments, frais",1
SH,1903,"Droit civil.Procédure civile.Emoluments, frais",1
SH,1914,"Aménagement du territoire et constructions, expropriation, travaux publics, énergie, transports, environnement.Energie.Forces hydrauliques",1
SH,1914,"Aménagement du territoire et constructions, expropriation, travaux publics, énergie, transports, environnement.Energie.Electricité",2
SH,1915,"Aménagement du territoire et constructions, expropriation, travaux publics, énergie, transports, environnement.Energie.Electricité",1
SH,1918,Etat.Eglise et Etat.Eglise évangélique réformée,3
SH,1922,"Finances, Impôts, monopoles, entreprises d'état.Impôts.Impôts sur les successions et les donations",1
SH,1931,"Finances, Impôts, monopoles, entreprises d'état.Impôts.Impôts sur les successions et les donations",2
SH,1937,"Aménagement du territoire et constructions, expropriation, travaux publics, énergie, transports, environnement.Travaux publics.Marchés publics",1
SH,1939,"Enseignement, sciences, documentation et culture.Degré tertiaire: Hautes écoles.Pédagogie",1
SH,1943,Etat.Dispositions générales.Collaboration intercantonale,1
SH,1943,Droit pénal,1
SH,1948,Etat.Dispositions générales.Collaboration intercantonale,1
SH,1948,"Finances, Impôts, monopoles, entreprises d'état.Impôts.Interdiction des arrangements fiscaux",1
SH,1955,"Aménagement du territoire et constructions, expropriation, travaux publics, énergie, transports, environnement.Protection de l'environnement.Protection des eaux",1
SH,1957,Droit civil.Dispositions générales d'introduction du code des obligations.Des divers contrats.Prêt,1
SH,1957,"Aménagement du territoire et constructions, expropriation, travaux publics, énergie, transports, environnement.Protection de l'environnement.Protection des eaux",1
SH,1958,"Aménagement du territoire et constructions, expropriation, travaux publics, énergie, transports, environnement.Transports.Circulation routière.Police de la circulation",1
SH,1958,"Aménagement du territoire et constructions, expropriation, travaux publics, énergie, transports, environnement.Protection de l'environnement.Déchets",1
SH,1967,"Finances, Impôts, monopoles, entreprises d'état.Impôts.Impôts sur les successions et les donations",1
SH,1969,Droit civil.Arbitrage,1
SH,1969,"Aménagement du territoire et constructions, expropriation, travaux publics, énergie, transports, environnement.Protection de l'environnement.Protection des eaux",1
SH,1970,"Enseignement, sciences, documentation et culture.Assurance de la qualité, surveillance, direction.Coordination",2
SH,1972,Economie.Forêt.Formation professionnelle,1
SH,1976,Droit pénal,3
SH,1976,"Défense nationale, protection de la population, police.Sécurité intérieure.Police.Coopération en matière de police",1
SH,1976,"Aménagement du territoire et constructions, expropriation, travaux publics, énergie, transports, environnement",1
SH,1976,"Santé, travail, droit des assurances sociales, logement, homes",3
SH,1977,Droit civil.Procédure civile.Exécution,1
SH,1978,Etat,1
SH,1980,"Droit civil.Dispositions d'introduction du code civil.Droit des personnes, état civil.Fondations, surveillance.Fondations LPP",1
SH,1981,"Défense nationale, protection de la population, police.Sécurité intérieure.Police.Coopération en matière de police",1
SH,1981,"Santé, travail, droit des assurances sociales, logement, homes",2
SH,1981,"Santé, travail, droit des assurances sociales, logement, homes.Santé.Substances thérapeutiques, stupéfiants",1
SH,1984,"Finances, Impôts, monopoles, entreprises d'état.Impôts.Exonération et allégements fiscaux",1
SH,1985,"Enseignement, sciences, documentation et culture.Contributions à la formation.Ecolages",1
SH,1990,"Enseignement, sciences, documentation et culture.Formation continue (Degré quaternaire).Formation des adultes",1
SH,1990,Economie.Forêt.Formation professionnelle,3
SH,1992,"Enseignement, sciences, documentation et culture.Degré tertiaire: Ecoles supérieures",1
SH,1993,Etat.Dispositions générales.Collaboration intercantonale,2
SH,1993,"Enseignement, sciences, documentation et culture.Formation continue (Degré quaternaire).Formation des adultes",2
SH,1994,"Enseignement, sciences, documentation et culture.Pédagogie spécialisée.Classes spéciales",1
SH,1995,Etat.Eglise et Etat.Eglise catholique romaine,1
SH,1995,"Aménagement du territoire et constructions, expropriation, travaux publics, énergie, transports, environnement.Transports.Circulation routière.Police de la circulation",1
SH,1995,"Santé, travail, droit des assurances sociales, logement, homes",1
SH,1996,"Enseignement, sciences, documentation et culture.Contributions à la formation.Ecolages",1
SH,1996,"Finances, Impôts, monopoles, entreprises d'état.Monopoles, régales, entreprises d'état.Chasse.Chasseurs",1
SH,1997,"Santé, travail, droit des assurances sociales, logement, homes",1
SH,1998,"Enseignement, sciences, documentation et culture.Degré tertiaire: Ecoles supérieures",1
SH,1999,"Enseignement, sciences, documentation et culture",1
SH,1999,"Enseignement, sciences, documentation et culture.Degré tertiaire: Hautes écoles.Pédagogie",1
SH,1999,"Santé, travail, droit des assurances sociales, logement, homes.Santé.Hygiène.Denrées alimentaires, objets d'usage courant.Surveillance des aliments",1
SH,2000,"Enseignement, sciences, documentation et culture.Degré tertiaire: Hautes écoles.Pédagogie",1
SH,2001,"Enseignement, sciences, documentation et culture",5
SH,2001,"Aménagement du territoire et constructions, expropriation, travaux publics, énergie, transports, environnement.Travaux publics.Aménagement des eaux.Utilisation des eaux",1
SH,2001,"Santé, travail, droit des assurances sociales, logement, homes.Santé.Hygiène.Alimentation en eau",1
SH,2002,"Droit civil.Dispositions d'introduction du code civil.Droit des personnes, état civil.Fondations, surveillance.Fondations LPP",1
SH,2002,Economie.Arts et métiers.Services.Jeux de hasard et loteries.Maisons de jeu,1
SH,2003,"Enseignement, sciences, documentation et culture",1
SH,2005,Etat.Dispositions générales.Collaboration intercantonale,1
SH,2005,"Droit civil.Dispositions d'introduction du code civil.Droit des personnes, état civil.Fondations, surveillance.Fondations LPP",1
SH,2005,"Défense nationale, protection de la population, police.Sécurité intérieure.Police.Personnel",2
SH,2006,Etat,1
SH,2006,"Droit civil.Dispositions d'introduction du code civil.Droit des personnes, état civil.Fondations, surveillance.Fondations LPP",1
SH,2006,"Enseignement, sciences, documentation et culture.Reconnaissance des diplômes",1
SH,2007,"Droit civil.Dispositions d'introduction du code civil.Droit des personnes, état civil.Fondations, surveillance.Fondations LPP",1
SH,2007,"Enseignement, sciences, documentation et culture.Art, culture, sport.Sport",1
SH,2019,"Enseignement, sciences, documentation et culture.Documentation.Archives",1
SH,2019,"Défense nationale, protection de la population, police.Sécurité intérieure.Police.Coopération en matière de police",1
SH,2022,Economie,1
SH,2023,"Défense nationale, protection de la population, police.Sécurité intérieure.Police.Coopération en matière de police",1
SH,2024,Droit civil,1
SH,2024,"Aménagement du territoire et constructions, expropriation, travaux publics, énergie, transports, environnement.Protection de l'environnement.Produits toxiques et chimiques",1
SH,2024,Economie.Arts et métiers.Services.Tourisme,1
SH,2025,Droit civil,1
SH,2025,"Santé, travail, droit des assurances sociales, logement, homes",1
SO,1632,Etat.Autorités.Protection des données,1
SO,1828,Etat.Eglise et Etat.Eglise catholique romaine,6
SO,1834,Etat,1
SO,1851,Etat.Eglise et Etat.Eglise évangélique réformée,2
SO,1887,"Finances, Impôts, monopoles, entreprises d'état.Monopoles, régales, entreprises d'état.Pêche.Zones de pêche",1
SO,1888,"Finances, Impôts, monopoles, entreprises d'état.Monopoles, régales, entreprises d'état.Pêche.Zones de pêche",1
SO,1889,"Droit civil.Procédure civile.Emoluments, frais",1
SO,1899,"Finances, Impôts, monopoles, entreprises d'état.Impôts.Impôts sur les successions et les donations",1
SO,1903,"Droit civil.Procédure civile.Emoluments, frais",1
SO,1910,"Finances, Impôts, monopoles, entreprises d'état.Impôts.Impôts sur les successions et les donations",1
SO,1914,"Aménagement du territoire et constructions, expropriation, travaux publics, énergie, transports, environnement.Energie.Electricité",1
SO,1922,"Finances, Impôts, monopoles, entreprises d'état.Impôts.Impôts sur les successions et les donations",1
SO,1931,"Finances, Impôts, monopoles, entreprises d'état.Impôts.Impôts sur les successions et les donations",1
SO,1937,"Aménagement du territoire et constructions, expropriation, travaux publics, énergie, transports, environnement",1
SO,1937,"Aménagement du territoire et constructions, expropriation, travaux publics, énergie, transports, environnement.Travaux publics.Marchés publics",1
SO,1939,"Enseignement, sciences, documentation et culture.Degré tertiaire: Hautes écoles.Pédagogie",1
SO,1943,Etat.Dispositions générales.Collaboration intercantonale,1
SO,1944,"Finances, Impôts, monopoles, entreprises d'état.Impôts.Impôts sur les successions et les donations",1
SO,1948,Etat.Dispositions générales.Collaboration intercantonale,1
SO,1948,"Finances, Impôts, monopoles, entreprises d'état.Impôts.Interdiction des arrangements fiscaux",1
SO,1951,"Aménagement du territoire et constructions, expropriation, travaux publics, énergie, transports, environnement.Transports.Funiculaires, téléphériques, téléskis",2
SO,1953,Etat.Dispositions générales.Territoire.Frontières,1
SO,1955,"Finances, Impôts, monopoles, entreprises d'état.Monopoles, régales, entreprises d'état.Pétrole",4
SO,1958,"Aménagement du territoire et constructions, expropriation, travaux publics, énergie, transports, environnement.Protection de l'environnement.Déchets",1
SO,1959,Etat.Eglise et Etat.Eglise évangélique réformée,1
SO,1959,Droit pénal,2
SO,1959,"Santé, travail, droit des assurances sociales, logement, homes",3
SO,1960,"Aménagement du territoire et constructions, expropriation, travaux publics, énergie, transports, environnement.Travaux publics.Aménagement des eaux.Corrections des eaux / Protection contre les crues",1
SO,1962,"Finances, Impôts, monopoles, entreprises d'état.Monopoles, régales, entreprises d'état.Pêche.Zones de pêche",1
SO,1967,"Aménagement du territoire et constructions, expropriation, travaux publics, énergie, transports, environnement.Transports.Circulation routière.Police de la circulation",1
SO,1969,Droit civil.Arbitrage,1
SO,1969,"Santé, travail, droit des assurances sociales, logement, homes.Santé.Professions médicales.Personnel soignant",1
SO,1969,Economie.Forêt.Formation professionnelle,1
SO,1970,"Enseignement, sciences, documentation et culture.Assurance de la qualité, surveillance, direction.Coordination",2
SO,1971,"Enseignement, sciences, documentation et culture.Contributions à la formation.Ecolages",1
SO,1972,Etat.Dispositions générales.Collaboration intercantonale,1
SO,1973,"Finances, Impôts, monopoles, entreprises d'état.Monopoles, régales, entreprises d'état.Pêche.Zones de pêche",1
SO,1974,"Santé, travail, droit des assurances sociales, logement, homes.Santé.Substances thérapeutiques, stupéfiants",2
SO,1974,Economie.Agriculture.Formation agricole.Ecole agricole,1
SO,1976,"Aménagement du territoire et constructions, expropriation, travaux publics, énergie, transports, environnement",2
SO,1977,Droit civil.Procédure civile.Exécution,1
SO,1977,"Enseignement, sciences, documentation et culture.Degré tertiaire: Ecoles supérieures",1
SO,1977,"Aménagement du territoire et constructions, expropriation, travaux publics, énergie, transports, environnement.Protection de l'environnement.Protection des eaux",1
SO,1977,"Santé, travail, droit des assurances sociales, logement, homes",1
SO,1978,Etat,2
SO,1978,"Aménagement du territoire et constructions, expropriation, travaux publics, énergie, transports, environnement.Transports.Transports publics.Transports ferroviaires",1
SO,1979,Etat.Eglise et Etat.Eglise évangélique réformée,1
SO,1979,"Défense nationale, protection de la population, police.Sécurité intérieure.Police.Coopération en matière de police",1
SO,1979,"Santé, travail, droit des assurances sociales, logement, homes.Santé.Urgences, ambulances",1
SO,1980,Etat.Eglise et Etat.Eglise évangélique réformée,1
SO,1980,"Droit civil.Dispositions d'introduction du code civil.Droit des personnes, état civil.Fondations, surveillance.Fondations LPP",1
SO,1980,Economie.Agriculture.Lait,1
SO,1981,"Défense nationale, protection de la population, police.Sécurité intérieure.Police.Coopération en matière de police",1
SO,1981,"Finances, Impôts, monopoles, entreprises d'état.Impôts.Impôts sur les successions et les donations",1
SO,1983,"Finances, Impôts, monopoles, entreprises d'état.Monopoles, régales, entreprises d'état.Pêche.Zones de pêche",1
SO,1984,"Enseignement, sciences, documentation et culture",1
SO,1986,"Enseignement, sciences, documentation et culture.Degré prescolaire, école primaire, degré secondaire I.Ecole primaire, degré secondaire I",1
SO,1986,"Aménagement du territoire et constructions, expropriation, travaux publics, énergie, transports, environnement.Travaux publics.Aménagement des eaux.Corrections des eaux / Protection contre les crues",1
SO,1989,"Aménagement du territoire et constructions, expropriation, travaux publics, énergie, transports, environnement.Transports.Transports publics.Transports régionaux",1
SO,1990,"Enseignement, sciences, documentation et culture.Corps enseignant.Formation",1
SO,1990,"Finances, Impôts, monopoles, entreprises d'état.Impôts.Impôts sur les successions et les donations",3
SO,1991,Etat.Dispositions générales.Collaboration intercantonale,1
SO,1991,"Finances, Impôts, monopoles, entreprises d'état.Impôts.Impôts sur les successions et les donations",1
SO,1991,"Aménagement du territoire et constructions, expropriation, travaux publics, énergie, transports, environnement",1
SO,1992,Droit pénal.Procédure pénale.Entraide judiciaire,1
SO,1992,"Enseignement, sciences, documentation et culture.Degré tertiaire: Ecoles supérieures",1
SO,1992,"Enseignement, sciences, documentation et culture.Contributions à la formation.Ecolages",1
SO,1993,Etat.Dispositions générales.Collaboration intercantonale,2
SO,1993,"Enseignement, sciences, documentation et culture.Formation continue (Degré quaternaire).Formation des adultes",1
SO,1993,Economie.Agriculture.Culture des plantes.Vignoble,1
SO,1994,"Aménagement du territoire et constructions, expropriation, travaux publics, énergie, transports, environnement.Travaux publics.Marchés publics",1
SO,1995,Etat.Eglise et Etat.Eglise catholique romaine,1
SO,1995,"Enseignement, sciences, documentation et culture.Assurance de la qualité, surveillance, direction.Matériel scolaire",1
SO,1995,"Finances, Impôts, monopoles, entreprises d'état.Monopoles, régales, entreprises d'état.Pêche.Zones de pêche",1
SO,1996,"Enseignement, sciences, documentation et culture.Corps enseignant.Formation",1
SO,1997,"Enseignement, sciences, documentation et culture",1
SO,1997,"Santé, travail, droit des assurances sociales, logement, homes",1
SO,1998,"Enseignement, sciences, documentation et culture",1
SO,1998,"Enseignement, sciences, documentation et culture.Degré tertiaire: Ecoles supérieures",1
SO,1998,"Economie.Commerce.Marché intérieur, entraves techniques au commerce",1
SO,1999,"Enseignement, sciences, documentation et culture.Degré prescolaire, école primaire, degré secondaire I.Ecole enfantine",2
SO,1999,"Enseignement, sciences, documentation et culture.Degré prescolaire, école primaire, degré secondaire I.Ecole primaire, degré secondaire I",1
SO,1999,"Enseignement, sciences, documentation et culture.Degré tertiaire: Hautes écoles.Pédagogie",1
SO,2000,"Enseignement, sciences, documentation et culture",1
SO,2000,"Enseignement, sciences, documentation et culture.Degré prescolaire, école primaire, degré secondaire I.Ecole enfantine",1
SO,2000,"Enseignement, sciences, documentation et culture.Degré secondaire II.Ecole moyenne",1
SO,2000,"Enseignement, sciences, documentation et culture.Degré tertiaire: Hautes écoles.Pédagogie",1
SO,2000,"Santé, travail, droit des assurances sociales, logement, homes",1
SO,2000,"Santé, travail, droit des assurances sociales, logement, homes.Santé.Etique",1
SO,2001,"Enseignement, sciences, documentation et culture.Degré secondaire II.Ecole moyenne",1
SO,2002,"Enseignement, sciences, documentation et culture",1
SO,2002,"Enseignement, sciences, documentation et culture.Degré secondaire II.Ecole moyenne",1
SO,2003,"Défense nationale, protection de la population, police.Sécurité intérieure.Police.Personnel",3
SO,2003,"Santé, travail, droit des assurances sociales, logement, homes.Santé.Substances thérapeutiques, stupéfiants",2
SO,2003,"Santé, travail, droit des assurances sociales, logement, homes.Droit des assurances sociales.Assurance-chômage",1
SO,2004,Etat.Dispositions générales.Collaboration intercantonale,1
SO,2004,"Enseignement, sciences, documentation et culture",1
SO,2005,"Aménagement du territoire et constructions, expropriation, travaux publics, énergie, transports, environnement",1
SO,2006,"Enseignement, sciences, documentation et culture",1
SO,2007,"Enseignement, sciences, documentation et culture.Degré prescolaire, école primaire, degré secondaire I.Ecole primaire, degré secondaire I",1
SO,2007,"Enseignement, sciences, documentation et culture.Art, culture, sport.Sport",1
SO,2009,"Enseignement, sciences, documentation et culture.Degré tertiaire: Hautes écoles.Pédagogie",1
SO,2009,"Défense nationale, protection de la population, police.Sécurité intérieure.Police.Coopération en matière de police",1
SO,2010,Etat,1
SO,2012,"Enseignement, sciences, documentation et culture",1
SO,2013,"Enseignement, sciences, documentation et culture",1
SO,2014,"Enseignement, sciences, documentation et culture.Degré tertiaire: Ecoles supérieures",1
SO,2015,"Santé, travail, droit des assurances sociales, logement, homes",1
SO,2016,"Enseignement, sciences, documentation et culture.Degré prescolaire, école primaire, degré secondaire I.Ecole primaire, degré secondaire I",1
SO,2017,"Droit civil.Dispositions d'introduction du code civil.Droit des personnes, état civil.Fondations, surveillance.Fondations LPP",1
SO,2019,Etat.Autorités.Protection des données,1
SO,2019,"Enseignement, sciences, documentation et culture.Documentation.Archives",1
SO,2019,"Défense nationale, protection de la population, police.Sécurité intérieure.Police.Coopération en matière de police",1
SO,2022,"Enseignement, sciences, documentation et culture",1
SZ,1632,Etat.Autorités.Protection des données,1
SZ,1840,"Santé, travail, droit des assurances sociales, logement, homes",1
SZ,1841,Etat.Dispositions générales.Territoire.Frontières,1
SZ,1841,"Enseignement, sciences, documentation et culture",1
SZ,1841,"Finances, Impôts, monopoles, entreprises d'état.Monopoles, régales, entreprises d'état.Pêche.Zones de pêche",1
SZ,1841,"Aménagement du territoire et constructions, expropriation, travaux publics, énergie, transports, environnement.Travaux publics.Aménagement des eaux.Corrections des eaux / Protection contre les crues",1
SZ,1858,"Aménagement du territoire et constructions, expropriation, travaux publics, énergie, transports, environnement.Travaux publics.Aménagement des eaux.Corrections des eaux / Protection contre les crues",1
SZ,1870,Etat.Dispositions générales.Territoire.Frontières,4
SZ,1887,"Finances, Impôts, monopoles, entreprises d'état.Monopoles, régales, entreprises d'état.Pêche.Zones de pêche",1
SZ,1889,"Droit civil.Procédure civile.Emoluments, frais",1
SZ,1903,"Droit civil.Procédure civile.Emoluments, frais",1
SZ,1914,"Aménagement du territoire et constructions, expropriation, travaux publics, énergie, transports, environnement.Energie.Forces hydrauliques",1
SZ,1914,"Aménagement du territoire et constructions, expropriation, travaux publics, énergie, transports, environnement.Energie.Electricité",2
SZ,1916,"Aménagement du territoire et constructions, expropriation, travaux publics, énergie, transports, environnement.Travaux publics.Aménagement des eaux.Utilisation des eaux",1
SZ,1919,"Aménagement du territoire et constructions, expropriation, travaux publics, énergie, transports, environnement.Travaux publics.Aménagement des eaux.Utilisation des eaux",2
SZ,1922,"Finances, Impôts, monopoles, entreprises d'état.Impôts.Impôts sur les successions et les donations",1
SZ,1927,"Aménagement du territoire et constructions, expropriation, travaux publics, énergie, transports, environnement.Travaux publics.Aménagement des eaux.Corrections des eaux / Protection contre les crues",1
SZ,1929,"Aménagement du territoire et constructions, expropriation, travaux publics, énergie, transports, environnement.Travaux publics.Aménagement des eaux.Utilisation des eaux",1
SZ,1930,"Aménagement du territoire et constructions, expropriation, travaux publics, énergie, transports, environnement.Travaux publics.Aménagement des eaux.Utilisation des eaux",1
SZ,1931,"Aménagement du territoire et constructions, expropriation, travaux publics, énergie, transports, environnement.Travaux publics.Aménagement des eaux.Utilisation des eaux",1
SZ,1933,"Aménagement du territoire et constructions, expropriation, travaux publics, énergie, transports, environnement",1
SZ,1936,"Aménagement du territoire et constructions, expropriation, travaux publics, énergie, transports, environnement.Travaux publics.Aménagement des eaux.Utilisation des eaux",1
SZ,1937,"Aménagement du territoire et constructions, expropriation, travaux publics, énergie, transports, environnement.Travaux publics.Marchés publics",1
SZ,1937,Non classé,1
SZ,1938,"Aménagement du territoire et constructions, expropriation, travaux publics, énergie, transports, environnement",1
SZ,1938,"Aménagement du territoire et constructions, expropriation, travaux publics, énergie, transports, environnement.Transports.Transports publics.Transports ferroviaires",1
SZ,1939,"Finances, Impôts, monopoles, entreprises d'état.Finances.Contributions étatiques, subventions",1
SZ,1939,"Aménagement du territoire et constructions, expropriation, travaux publics, énergie, transports, environnement.Transports.Transports publics.Transports ferroviaires",1
SZ,1943,Etat.Dispositions générales.Collaboration intercantonale,1
SZ,1944,"Finances, Impôts, monopoles, entreprises d'état.Monopoles, régales, entreprises d'état.Pêche.Zones de pêche",1
SZ,1945,"Finances, Impôts, monopoles, entreprises d'état.Monopoles, régales, entreprises d'état.Pêche.Zones de pêche",1
SZ,1948,Etat.Dispositions générales.Collaboration intercantonale,1
SZ,1951,"Aménagement du territoire et constructions, expropriation, travaux publics, énergie, transports, environnement.Transports.Funiculaires, téléphériques, téléskis",1
SZ,1954,"Aménagement du territoire et constructions, expropriation, travaux publics, énergie, transports, environnement.Travaux publics.Aménagement des eaux.Utilisation des eaux",1
SZ,1955,"Finances, Impôts, monopoles, entreprises d'état.Monopoles, régales, entreprises d'état.Pétrole",1
SZ,1958,"Aménagement du territoire et constructions, expropriation, travaux publics, énergie, transports, environnement.Transports.Circulation routière.Police de la circulation",2
SZ,1959,Droit pénal,2
SZ,1959,"Santé, travail, droit des assurances sociales, logement, homes",3
SZ,1963,"Finances, Impôts, monopoles, entreprises d'état.Monopoles, régales, entreprises d'état.Pétrole",1
SZ,1967,"Aménagement du territoire et constructions, expropriation, travaux publics, énergie, transports, environnement.Transports.Circulation routière.Police de la circulation",1
SZ,1968,"Aménagement du territoire et constructions, expropriation, travaux publics, énergie, transports, environnement.Transports.Circulation routière.Police de la circulation",1
SZ,1969,Droit civil.Arbitrage,2
SZ,1969,"Finances, Impôts, monopoles, entreprises d'état.Monopoles, régales, entreprises d'état.Pêche.Zones de pêche",1
SZ,1970,"Enseignement, sciences, documentation et culture",1
SZ,1970,"Enseignement, sciences, documentation et culture.Assurance de la qualité, surveillance, direction.Coordination",2
SZ,1970,"Finances, Impôts, monopoles, entreprises d'état.Monopoles, régales, entreprises d'état.Pêche.Zones de pêche",1
SZ,1971,"Enseignement, sciences, documentation et culture",1
SZ,1971,"Enseignement, sciences, documentation et culture.Degré secondaire II: Formation professionnelle initiale.Ecoles professionnelles.Enseignement ménager",1
SZ,1971,"Enseignement, sciences, documentation et culture.Corps enseignant.Traitement, indemnités",1
SZ,1971,Economie.Forêt.Formation professionnelle,1
SZ,1972,Economie.Forêt.Formation professionnelle,1
SZ,1973,"Finances, Impôts, monopoles, entreprises d'état.Monopoles, régales, entreprises d'état.Régale des sels",1
SZ,1974,Economie.Agriculture.Lait,1
SZ,1975,"Aménagement du territoire et constructions, expropriation, travaux publics, énergie, transports, environnement.Transports.Circulation routière.Police de la circulation",1
SZ,1976,"Enseignement, sciences, documentation et culture.Degré secondaire II.Ecole moyenne",1
SZ,1976,"Enseignement, sciences, documentation et culture.Corps enseignant.Formation",1
SZ,1977,Droit civil.Procédure civile.Exécution,2
SZ,1977,Economie.Arts et métiers.Services.Professions soumises à autorisation,1
SZ,1978,Etat,1
SZ,1978,"Finances, Impôts, monopoles, entreprises d'état.Monopoles, régales, entreprises d'état.Pêche.Zones de pêche",2
SZ,1979,"Défense nationale, protection de la population, police.Sécurité intérieure.Police.Coopération en matière de police",1
SZ,1979,"Aménagement du territoire et constructions, expropriation, travaux publics, énergie, transports, environnement",4
SZ,1980,"Enseignement, sciences, documentation et culture",1
SZ,1981,"Finances, Impôts, monopoles, entreprises d'état.Monopoles, régales, entreprises d'état.Pêche.Zones de pêche",1
SZ,1982,"Santé, travail, droit des assurances sociales, logement, homes.Santé.Etablissements hospitaliers, cliniques.Cliniques psychiatriques",2
SZ,1982,"Santé, travail, droit des assurances sociales, logement, homes.Santé.Professions médicales.Personnel soignant",1
SZ,1985,"Enseignement, sciences, documentation et culture.Contributions à la formation.Ecolages",1
SZ,1985,"Aménagement du territoire et constructions, expropriation, travaux publics, énergie, transports, environnement.Protection de l'environnement.Protection des eaux",1
SZ,1989,"Enseignement, sciences, documentation et culture.Degré secondaire II.Ecole moyenne",1
SZ,1990,Economie.Forêt.Formation professionnelle,3
SZ,1991,"Aménagement du territoire et constructions, expropriation, travaux publics, énergie, transports, environnement.Travaux publics.Aménagement des eaux.Corrections des eaux / Protection contre les crues",1
SZ,1991,Economie.Forêt.Formation professionnelle,1
SZ,1992,"Enseignement, sciences, documentation et culture.Degré tertiaire: Ecoles supérieures",1
SZ,1992,"Enseignement, sciences, documentation et culture.Contributions à la formation.Ecolages",1
SZ,1993,Etat.Dispositions générales.Collaboration intercantonale,2
SZ,1993,"Finances, Impôts, monopoles, entreprises d'état",1
SZ,1993,"Finances, Impôts, monopoles, entreprises d'état.Monopoles, régales, entreprises d'état.Pêche.Zones de pêche",2
SZ,1994,"Finances, Impôts, monopoles, entreprises d'état.Monopoles, régales, entreprises d'état.Pêche.Zones de pêche",6
SZ,1994,"Aménagement du territoire et constructions, expropriation, travaux publics, énergie, transports, environnement.Travaux publics.Marchés publics",1
SZ,1994,"Aménagement du territoire et constructions, expropriation, travaux publics, énergie, transports, environnement.Protection de l'environnement.Déchets",2
SZ,1995,Economie.Agriculture.Améliorations foncières,1
SZ,1996,"Finances, Impôts, monopoles, entreprises d'état.Monopoles, régales, entreprises d'état.Pêche.Zones de pêche",1
SZ,1996,Economie,1
SZ,1996,Economie.Agriculture.Améliorations foncières,1
SZ,1997,"Finances, Impôts, monopoles, entreprises d'état.Monopoles, régales, entreprises d'état.Chasse.Chasseurs",1
SZ,1997,"Aménagement du territoire et constructions, expropriation, travaux publics, énergie, transports, environnement",1
SZ,1997,Non classé,1
SZ,1998,"Economie.Commerce.Marché intérieur, entraves techniques au commerce",1
SZ,1999,"Enseignement, sciences, documentation et culture",2
SZ,1999,"Enseignement, sciences, documentation et culture.Degré prescolaire, école primaire, degré secondaire I.Ecole primaire, degré secondaire I",1
SZ,1999,"Enseignement, sciences, documentation et culture.Degré tertiaire: Hautes écoles.Pédagogie",1
SZ,1999,"Santé, travail, droit des assurances sociales, logement, homes.Santé.Hygiène.Denrées alimentaires, objets d'usage courant.Surveillance des aliments",1
SZ,2000,"Enseignement, sciences, documentation et culture",3
SZ,2000,"Enseignement, sciences, documentation et culture.Degré tertiaire: Hautes écoles.Pédagogie",1
SZ,2000,"Aménagement du territoire et constructions, expropriation, travaux publics, énergie, transports, environnement",2
SZ,2001,"Enseignement, sciences, documentation et culture",5
SZ,2002,"Enseignement, sciences, documentation et culture.Degré tertiaire: Hautes écoles.Pédagogie",1
SZ,2002,"Aménagement du territoire et constructions, expropriation, travaux publics, énergie, transports, environnement",1
SZ,2002,Economie.Agriculture.Agriculture biologique,1
SZ,2003,"Enseignement, sciences, documentation et culture.Art, culture, sport.Encouragement à la culture",2
SZ,2003,"Défense nationale, protection de la population, police.Sécurité intérieure.Police.Personnel",3
SZ,2003,"Aménagement du territoire et constructions, expropriation, travaux publics, énergie, transports, environnement",3
SZ,2003,"Santé, travail, droit des assurances sociales, logement, homes",1
SZ,2004,"Droit civil.Dispositions d'introduction du code civil.Droit des personnes, état civil.Fondations, surveillance.Fondations LPP",2
SZ,2004,"Enseignement, sciences, documentation et culture.Degré tertiaire: Hautes écoles.Pédagogie",1
SZ,2004,"Défense nationale, protection de la population, police",1
SZ,2004,"Finances, Impôts, monopoles, entreprises d'état.Monopoles, régales, entreprises d'état.Pêche.Zones de pêche",1
SZ,2006,Economie.Commerce.Poids et mesures. moyens de paiement,1
SZ,2007,"Enseignement, sciences, documentation et culture",1
SZ,2009,"Défense nationale, protection de la population, police.Sécurité intérieure.Police.Coopération en matière de police",2
SZ,2010,"Défense nationale, protection de la population, police.Sécurité intérieure.Police.Coopération en matière de police",2
SZ,2011,"Enseignement, sciences, documentation et culture.Degré tertiaire: Hautes écoles.Pédagogie",3
SZ,2012,"Aménagement du territoire et constructions, expropriation, travaux publics, énergie, transports, environnement",1
SZ,2013,"Défense nationale, protection de la population, police.Sécurité intérieure.Police.Coopération en matière de police",1
SZ,2013,"Santé, travail, droit des assurances sociales, logement, homes",1
SZ,2019,"Enseignement, sciences, documentation et culture",2
SZ,2019,"Défense nationale, protection de la population, police.Sécurité intérieure.Police.Coopération en matière de police",1
SZ,2022,"Aménagement du territoire et constructions, expropriation, travaux publics, énergie, transports, environnement.Transports.Navigation.Police de la navigation",1
SZ,2023,"Défense nationale, protection de la population, police.Sécurité intérieure.Police.Coopération en matière de police",1
SZ,2023,"Aménagement du territoire et constructions, expropriation, travaux publics, énergie, transports, environnement.Energie.Forces hydrauliques",1
TG,1632,Etat.Autorités.Protection des données,1
TG,1828,Etat.Eglise et Etat.Eglise catholique romaine,1
TG,1834,Etat,1
TG,1846,Etat.Eglise et Etat.Eglise évangélique réformée,2
TG,1869,Etat.Eglise et Etat.Eglise catholique romaine,1
TG,1870,Etat.Eglise et Etat.Eglise évangélique réformée,1
TG,1886,"Etat.Dispositions générales.Territoire.Délimitations territoriales, districts",1
TG,1886,Etat.Eglise et Etat.Eglise évangélique réformée,1
TG,1887,"Finances, Impôts, monopoles, entreprises d'état.Monopoles, régales, entreprises d'état.Pêche.Zones de pêche",1
TG,1889,Etat.Eglise et Etat.Eglise évangélique réformée,1
TG,1889,"Droit civil.Procédure civile.Emoluments, frais",1
TG,1891,Etat.Eglise et Etat.Eglise catholique romaine,1
TG,1891,"Aménagement du territoire et constructions, expropriation, travaux publics, énergie, transports, environnement.Travaux publics.Aménagement des eaux.Corrections des eaux / Protection contre les crues",1
TG,1903,"Droit civil.Procédure civile.Emoluments, frais",1
TG,1906,"Finances, Impôts, monopoles, entreprises d'état.Impôts.Impôts sur les successions et les donations",1
TG,1907,Etat.Professions juridiques.Notaires.Légalisation,1
TG,1909,"Défense nationale, protection de la population, police.Sécurité intérieure.Police.Transports de police",1
TG,1914,"Aménagement du territoire et constructions, expropriation, travaux publics, énergie, transports, environnement.Energie.Forces hydrauliques",1
TG,1914,"Aménagement du territoire et constructions, expropriation, travaux publics, énergie, transports, environnement.Energie.Electricité",2
TG,1915,"Aménagement du territoire et constructions, expropriation, travaux publics, énergie, transports, environnement.Energie.Electricité",1
TG,1918,Etat.Eglise et Etat.Eglise évangélique réformée,3
TG,1926,Etat.Eglise et Etat.Eglise évangélique réformée,1
TG,1926,Etat.Professions juridiques.Notaires.Légalisation,1
TG,1926,"Droit civil.Dispositions d'introduction du code civil.Droits réels.Registre foncier, mensurations cadastrales",1
TG,1926,"Finances, Impôts, monopoles, entreprises d'état.Impôts.Impôts sur les successions et les donations",1
TG,1931,"Finances, Impôts, monopoles, entreprises d'état.Impôts.Impôts sur les successions et les donations",2
TG,1933,"Finances, Impôts, monopoles, entreprises d'état.Impôts.Impôts sur les successions et les donations",1
TG,1934,"Finances, Impôts, monopoles, entreprises d'état.Impôts.Impôts sur les successions et les donations",1
TG,1937,"Aménagement du territoire et constructions, expropriation, travaux publics, énergie, transports, environnement",1
TG,1937,"Aménagement du territoire et constructions, expropriation, travaux publics, énergie, transports, environnement.Travaux publics.Marchés publics",1
TG,1937,Non classé,1
TG,1938,Etat.Professions juridiques.Notaires.Légalisation,1
TG,1943,Etat.Dispositions générales.Collaboration intercantonale,1
TG,1948,Etat.Dispositions générales.Collaboration intercantonale,1
TG,1948,"Finances, Impôts, monopoles, entreprises d'état.Impôts.Interdiction des arrangements fiscaux",1
TG,1955,"Finances, Impôts, monopoles, entreprises d'état.Monopoles, régales, entreprises d'état.Pétrole",4
TG,1957,"Aménagement du territoire et constructions, expropriation, travaux publics, énergie, transports, environnement.Protection de l'environnement.Protection des eaux",1
TG,1958,"Finances, Impôts, monopoles, entreprises d'état.Impôts.Impôts sur les successions et les donations",2
TG,1958,"Aménagement du territoire et constructions, expropriation, travaux publics, énergie, transports, environnement.Protection de l'environnement.Déchets",1
TG,1964,"Santé, travail, droit des assurances sociales, logement, homes",1
TG,1967,"Aménagement du territoire et constructions, expropriation, travaux publics, énergie, transports, environnement.Protection de l'environnement.Déchets",1
TG,1967,"Aménagement du territoire et constructions, expropriation, travaux publics, énergie, transports, environnement.Protection de l'environnement.Protection des eaux",2
TG,1968,"Finances, Impôts, monopoles, entreprises d'état.Impôts.Impôts sur les successions et les donations",1
TG,1969,Droit civil.Arbitrage,2
TG,1969,"Aménagement du territoire et constructions, expropriation, travaux publics, énergie, transports, environnement.Travaux publics.Routes.Routes nationales",1
TG,1969,"Aménagement du territoire et constructions, expropriation, travaux publics, énergie, transports, environnement.Protection de l'environnement.Protection des eaux",1
TG,1970,"Enseignement, sciences, documentation et culture.Assurance de la qualité, surveillance, direction.Coordination",1
TG,1970,"Aménagement du territoire et constructions, expropriation, travaux publics, énergie, transports, environnement.Travaux publics.Routes.Routes nationales",1
TG,1970,"Aménagement du territoire et constructions, expropriation, travaux publics, énergie, transports, environnement.Protection de l'environnement.Protection des eaux",3
TG,1971,Droit civil,1
TG,1971,"Finances, Impôts, monopoles, entreprises d'état.Impôts.Impôts sur les successions et les donations",2
TG,1971,"Aménagement du territoire et constructions, expropriation, travaux publics, énergie, transports, environnement.Protection de l'environnement.Protection des eaux",3
TG,1971,Economie.Forêt.Formation professionnelle,1
TG,1972,"Aménagement du territoire et constructions, expropriation, travaux publics, énergie, transports, environnement.Protection de l'environnement.Protection des eaux",1
TG,1972,Economie.Forêt.Formation professionnelle,1
TG,1973,"Finances, Impôts, monopoles, entreprises d'état.Monopoles, régales, entreprises d'état.Régale des sels",1
TG,1974,Etat.Eglise et Etat.Eglise évangélique réformée,1
TG,1974,"Aménagement du territoire et constructions, expropriation, travaux publics, énergie, transports, environnement.Travaux publics.Aménagement des eaux.Utilisation des eaux",1
TG,1974,"Aménagement du territoire et constructions, expropriation, travaux publics, énergie, transports, environnement.Protection de l'environnement.Protection des eaux",1
TG,1974,"Santé, travail, droit des assurances sociales, logement, homes.Santé.Laboratoires médicaux",1
TG,1974,Economie.Agriculture.Formation agricole.Ecole agricole,1
TG,1975,"Aménagement du territoire et constructions, expropriation, travaux publics, énergie, transports, environnement.Travaux publics.Aménagement des eaux.Utilisation des eaux",1
TG,1976,Droit pénal,3
TG,1976,"Défense nationale, protection de la population, police.Sécurité intérieure.Police.Coopération en matière de police",1
TG,1976,"Aménagement du territoire et constructions, expropriation, travaux publics, énergie, transports, environnement.Transports.Circulation routière.Police de la circulation",2
TG,1976,"Santé, travail, droit des assurances sociales, logement, homes",3
TG,1976,Economie,1
TG,1977,Etat,1
TG,1977,Droit civil.Procédure civile.Exécution,2
TG,1977,"Aménagement du territoire et constructions, expropriation, travaux publics, énergie, transports, environnement.Protection de l'environnement.Protection des eaux",1
TG,1977,Economie.Développement économiques dans les régions de montagne,1
TG,1978,Etat,1
TG,1978,"Enseignement, sciences, documentation et culture.Degré prescolaire, école primaire, degré secondaire I.Ecole enfantine",1
TG,1978,"Finances, Impôts, monopoles, entreprises d'état.Impôts.Impôts sur les successions et les donations",1
TG,1978,"Aménagement du territoire et constructions, expropriation, travaux publics, énergie, transports, environnement.Protection de l'environnement.Protection des eaux",1
TG,1979,"Défense nationale, protection de la population, police.Sécurité intérieure.Police.Coopération en matière de police",1
TG,1981,"Santé, travail, droit des assurances sociales, logement, homes",2
TG,1981,"Santé, travail, droit des assurances sociales, logement, homes.Santé.Substances thérapeutiques, stupéfiants",1
TG,1984,"Enseignement, sciences, documentation et culture",1
TG,1984,"Finances, Impôts, monopoles, entreprises d'état.Monopoles, régales, entreprises d'état.Pêche.Zones de pêche",1
TG,1985,"Enseignement, sciences, documentation et culture.Degré secondaire II: Formation professionnelle initiale.Ecoles professionnelles.Enseignement ménager",1
TG,1985,"Enseignement, sciences, documentation et culture.Degré tertiaire: Hautes écoles.Pédagogie",1
TG,1987,"Enseignement, sciences, documentation et culture.Assurance de la qualité, surveillance, direction.Arrondissements scolaires",1
TG,1990,"Enseignement, sciences, documentation et culture.Formation continue (Degré quaternaire).Formation des adultes",1
TG,1990,"Finances, Impôts, monopoles, entreprises d'état.Impôts.Impôts sur le revenu et la fortune / impôts sur les bénéfices et les capitaux.Impôt cantonal",1
TG,1990,"Finances, Impôts, monopoles, entreprises d'état.Impôts.Impôts sur les successions et les donations",2
TG,1990,"Santé, travail, droit des assurances sociales, logement, homes.Santé.Hygiène.Alimentation en eau",1
TG,1990,Economie.Forêt.Formation professionnelle,3
TG,1991,Economie.Forêt.Formation professionnelle,1
TG,1992,Droit pénal.Procédure pénale.Entraide judiciaire,1
TG,1992,"Enseignement, sciences, documentation et culture.Degré tertiaire: Ecoles supérieures",1
TG,1992,"Enseignement, sciences, documentation et culture.Contributions à la formation.Ecolages",1
TG,1993,Etat.Dispositions générales.Collaboration intercantonale,2
TG,1993,"Enseignement, sciences, documentation et culture",1
TG,1993,"Enseignement, sciences, documentation et culture.Formation continue (Degré quaternaire).Formation des adultes",4
TG,1993,"Aménagement du territoire et constructions, expropriation, travaux publics, énergie, transports, environnement",1
TG,1994,"Enseignement, sciences, documentation et culture.Pédagogie spécialisée.Classes spéciales",1
TG,1994,"Finances, Impôts, monopoles, entreprises d'état.Impôts.Impôts sur les successions et les donations",1
TG,1994,"Aménagement du territoire et constructions, expropriation, travaux publics, énergie, transports, environnement.Travaux publics.Marchés publics",2
TG,1995,Etat.Eglise et Etat.Eglise catholique romaine,1
TG,1995,"Santé, travail, droit des assurances sociales, logement, homes",1
TG,1996,"Enseignement, sciences, documentation et culture.Contributions à la formation.Ecolages",1
TG,1996,"Santé, travail, droit des assurances sociales, logement, homes.Santé.Professions médicales.Personnel soignant",1
TG,1997,Etat.Eglise et Etat.Eglise évangélique réformée,1
TG,1997,"Enseignement, sciences, documentation et culture.Degré prescolaire, école primaire, degré secondaire I.Ecole primaire, degré secondaire I",1
TG,1998,"Enseignement, sciences, documentation et culture",1
TG,1998,"Enseignement, sciences, documentation et culture.Degré tertiaire: Ecoles supérieures",1
TG,1998,"Aménagement du territoire et constructions, expropriation, travaux publics, énergie, transports, environnement.Protection de l'environnement.Protection des eaux",2
TG,1998,"Economie.Commerce.Marché intérieur, entraves techniques au commerce",1
TG,1999,"Enseignement, sciences, documentation et culture",4
TG,1999,"Enseignement, sciences, documentation et culture.Degré prescolaire, école primaire, degré secondaire I.Ecole primaire, degré secondaire I",1
TG,1999,"Enseignement, sciences, documentation et culture.Degré tertiaire: Hautes écoles.Pédagogie",1
TG,1999,"Santé, travail, droit des assurances sociales, logement, homes",1
TG,2000,"Enseignement, sciences, documentation et culture",1
TG,2000,"Enseignement, sciences, documentation et culture.Degré tertiaire: Hautes écoles.Pédagogie",1
TG,2001,"Enseignement, sciences, documentation et culture",5
TG,2001,"Enseignement, sciences, documentation et culture.Contributions à la formation.Ecolages",1
TG,2002,Etat.Eglise et Etat.Eglise évangélique réformée,1
TG,2002,"Droit civil.Dispositions d'introduction du code civil.Droit des personnes, état civil.Fondations, surveillance.Fondations LPP",1
TG,2002,Economie.Arts et métiers.Services.Jeux de hasard et loteries.Maisons de jeu,1
TG,2003,"Enseignement, sciences, documentation et culture.Pédagogie spécialisée.Enfants surdoués",1
TG,2005,Etat.Dispositions générales.Collaboration intercantonale,1
TG,2005,"Droit civil.Dispositions d'introduction du code civil.Droit des personnes, état civil.Fondations, surveillance.Fondations LPP",2
TG,2005,"Défense nationale, protection de la population, police.Sécurité intérieure.Police.Personnel",2
TG,2005,"Aménagement du territoire et constructions, expropriation, travaux publics, énergie, transports, environnement",1
TG,2005,Economie,1
TG,2006,"Enseignement, sciences, documentation et culture.Reconnaissance des diplômes",1
TG,2007,"Droit civil.Dispositions d'introduction du code civil.Droit des personnes, état civil.Fondations, surveillance.Fondations LPP",2
TG,2007,"Enseignement, sciences, documentation et culture.Art, culture, sport.Sport",1
TG,2008,Etat,1
TG,2009,"Enseignement, sciences, documentation et culture.Art, culture, sport.Encouragement à la culture",1
TG,2009,"Défense nationale, protection de la population, police.Sécurité intérieure.Police.Coopération en matière de police",1
TG,2009,"Santé, travail, droit des assurances sociales, logement, homes",1
TG,2010,"Enseignement, sciences, documentation et culture.Contributions à la formation.Bourses d'études",1
TG,2013,"Enseignement, sciences, documentation et culture",1
TG,2013,"Défense nationale, protection de la population, police.Protection de la population.Protection contre les incendies / éléments naturels.Protection contre le feu, pompiers",2
TG,2014,"Santé, travail, droit des assurances sociales, logement, homes.Santé.Professions médicales.Médecins",1
TG,2016,"Santé, travail, droit des assurances sociales, logement, homes.Santé.Etique",2
TG,2018,"Santé, travail, droit des assurances sociales, logement, homes",1
TG,2018,Economie,1
TG,2019,"Enseignement, sciences, documentation et culture",2
TG,2019,"Défense nationale, protection de la population, police.Sécurité intérieure.Police.Coopération en matière de police",1
TG,2019,"Santé, travail, droit des assurances sociales, logement, homes",1
TG,2022,"Enseignement, sciences, documentation et culture",1
TG,2023,"Défense nationale, protection de la population, police.Sécurité intérieure.Police.Coopération en matière de police",1
TG,2024,Droit civil,1
TG,2024,"Aménagement du territoire et constructions, expropriation, travaux publics, énergie, transports, environnement.Protection de l'environnement.Produits toxiques et chimiques",1
TG,2025,Droit civil,1
TG,2025,"Santé, travail, droit des assurances sociales, logement, homes",1
TI,1903,"Droit civil.Procédure civile.Emoluments, frais",1
TI,1937,"Aménagement du territoire et constructions, expropriation, travaux publics, énergie, transports, environnement",1
TI,1937,"Aménagement du territoire et constructions, expropriation, travaux publics, énergie, transports, environnement.Travaux publics.Marchés publics",1
TI,1943,Etat.Dispositions générales.Collaboration intercantonale,1
TI,1948,Etat.Dispositions générales.Collaboration intercantonale,1
TI,1951,"Aménagement du territoire et constructions, expropriation, travaux publics, énergie, transports, environnement.Transports.Funiculaires, téléphériques, téléskis",1
TI,1969,Droit civil.Arbitrage,1
TI,1970,"Enseignement, sciences, documentation et culture.Assurance de la qualité, surveillance, direction.Coordination",1
TI,1971,Economie.Forêt.Formation professionnelle,1
TI,1972,"Enseignement, sciences, documentation et culture.Pédagogie spécialisée.Enfants surdoués",1
TI,1972,Economie.Forêt.Formation professionnelle,1
TI,1978,Etat,1
TI,1979,"Défense nationale, protection de la population, police.Sécurité intérieure.Police.Coopération en matière de police",1
TI,1981,Economie.Arts et métiers.Services.Professions soumises à autorisation,1
TI,1984,Droit pénal,1
TI,1986,"Santé, travail, droit des assurances sociales, logement, homes",1
TI,1988,"Aménagement du territoire et constructions, expropriation, travaux publics, énergie, transports, environnement.Protection de l'environnement.Protection des eaux",1
TI,1990,Economie.Forêt.Formation professionnelle,3
TI,1991,Economie.Forêt.Formation professionnelle,1
TI,1993,Etat.Dispositions générales.Collaboration intercantonale,2
TI,1996,"Enseignement, sciences, documentation et culture.Contributions à la formation.Ecolages",1
TI,2002,"Droit civil.Dispositions d'introduction du code civil.Droit des personnes, état civil.Fondations, surveillance.Fondations LPP",1
TI,2003,Droit pénal.Droit pénal des mineurs et procédure pénale des mineurs,2
TI,2005,Droit pénal.Droit pénal des mineurs et procédure pénale des mineurs,1
TI,2006,"Enseignement, sciences, documentation et culture.Reconnaissance des diplômes",1
TI,2006,"Défense nationale, protection de la population, police.Sécurité intérieure.Police.Coopération en matière de police",2
TI,2007,"Droit civil.Dispositions d'introduction du code civil.Droit des personnes, état civil.Fondations, surveillance.Fondations LPP",1
TI,2007,Droit pénal.Droit pénal des mineurs et procédure pénale des mineurs,1
TI,2007,"Enseignement, sciences, documentation et culture.Degré prescolaire, école primaire, degré secondaire I.Ecole primaire, degré secondaire I",3
TI,2013,"Santé, travail, droit des assurances sociales, logement, homes",1
TI,2019,"Défense nationale, protection de la population, police.Sécurité intérieure.Police.Coopération en matière de police",1
TI,2023,"Défense nationale, protection de la population, police.Sécurité intérieure.Police.Coopération en matière de police",1
TI,2024,Droit civil,1
TI,2025,Droit civil,1
TI,2025,"Santé, travail, droit des assurances sociales, logement, homes",1
UR,1632,Etat.Autorités.Protection des données,1
UR,1840,"Santé, travail, droit des assurances sociales, logement, homes",1
UR,1841,"Enseignement, sciences, documentation et culture",1
UR,1858,"Aménagement du territoire et constructions, expropriation, travaux publics, énergie, transports, environnement.Travaux publics.Aménagement des eaux.Corrections des eaux / Protection contre les crues",1
UR,1887,"Finances, Impôts, monopoles, entreprises d'état.Monopoles, régales, entreprises d'état.Pêche.Zones de pêche",1
UR,1889,"Droit civil.Procédure civile.Emoluments, frais",1
UR,1890,"Droit civil.Dispositions d'introduction du code civil.Droits réels.Registre foncier, mensurations cadastrales",1
UR,1922,"Finances, Impôts, monopoles, entreprises d'état.Impôts.Impôts sur les successions et les donations",1
UR,1931,"Finances, Impôts, monopoles, entreprises d'état.Impôts.Impôts sur les successions et les donations",1
UR,1936,"Finances, Impôts, monopoles, entreprises d'état.Impôts.Exonération et allégements fiscaux",1
UR,1937,"Aménagement du territoire et constructions, expropriation, travaux publics, énergie, transports, environnement.Travaux publics.Marchés publics",1
UR,1937,Non classé,1
UR,1939,"Finances, Impôts, monopoles, entreprises d'état.Finances.Contributions étatiques, subventions",1
UR,1943,Etat.Dispositions générales.Collaboration intercantonale,1
UR,1943,Economie.Agriculture.Production animale.Commerce du bétail,1
UR,1948,Etat.Dispositions générales.Collaboration intercantonale,1
UR,1951,"Aménagement du territoire et constructions, expropriation, travaux publics, énergie, transports, environnement.Transports.Funiculaires, téléphériques, téléskis",1
UR,1959,Droit pénal,2
UR,1959,"Santé, travail, droit des assurances sociales, logement, homes",3
UR,1969,Droit civil.Arbitrage,1
UR,1970,"Enseignement, sciences, documentation et culture.Assurance de la qualité, surveillance, direction.Coordination",2
UR,1971,"Enseignement, sciences, documentation et culture.Degré secondaire II: Formation professionnelle initiale.Ecoles professionnelles.Enseignement ménager",1
UR,1971,Economie.Forêt.Formation professionnelle,1
UR,1972,Economie.Forêt.Formation professionnelle,1
UR,1974,"Enseignement, sciences, documentation et culture.Degré tertiaire: Hautes écoles.Agriculture",1
UR,1974,Economie.Agriculture.Lait,1
UR,1976,Droit civil,1
UR,1976,"Enseignement, sciences, documentation et culture.Corps enseignant.Formation",1
UR,1977,"Finances, Impôts, monopoles, entreprises d'état.Monopoles, régales, entreprises d'état.Pêche.Zones de pêche",1
UR,1978,Etat,1
UR,1978,"Finances, Impôts, monopoles, entreprises d'état.Monopoles, régales, entreprises d'état.Pêche.Zones de pêche",2
UR,1979,"Défense nationale, protection de la population, police.Sécurité intérieure.Police.Coopération en matière de police",1
UR,1981,"Finances, Impôts, monopoles, entreprises d'état.Impôts.Impôts sur les successions et les donations",1
UR,1982,"Santé, travail, droit des assurances sociales, logement, homes.Santé.Etablissements hospitaliers, cliniques.Cliniques psychiatriques",2
UR,1983,"Santé, travail, droit des assurances sociales, logement, homes",1
UR,1985,"Aménagement du territoire et constructions, expropriation, travaux publics, énergie, transports, environnement.Protection de l'environnement.Protection des eaux",1
UR,1986,Droit pénal,1
UR,1990,Economie.Forêt.Formation professionnelle,3
UR,1991,"Aménagement du territoire et constructions, expropriation, travaux publics, énergie, transports, environnement.Travaux publics.Aménagement des eaux.Corrections des eaux / Protection contre les crues",1
UR,1991,Economie.Forêt.Formation professionnelle,1
UR,1992,"Enseignement, sciences, documentation et culture.Degré tertiaire: Ecoles supérieures",1
UR,1993,Etat.Dispositions générales.Collaboration intercantonale,2
UR,1994,"Finances, Impôts, monopoles, entreprises d'état.Impôts.Impôts sur les successions et les donations",3
UR,1997,"Aménagement du territoire et constructions, expropriation, travaux publics, énergie, transports, environnement",1
UR,1997,Non classé,1
UR,1999,"Enseignement, sciences, documentation et culture",1
UR,1999,"Santé, travail, droit des assurances sociales, logement, homes.Santé.Hygiène.Denrées alimentaires, objets d'usage courant.Surveillance des aliments",1
UR,2000,Etat.Dispositions générales.Collaboration intercantonale,1
UR,2000,"Enseignement, sciences, documentation et culture",1
UR,2002,"Enseignement, sciences, documentation et culture",1
UR,2002,"Enseignement, sciences, documentation et culture.Degré tertiaire: Hautes écoles.Pédagogie",1
UR,2003,"Défense nationale, protection de la population, police.Sécurité intérieure.Police.Personnel",3
UR,2003,"Aménagement du territoire et constructions, expropriation, travaux publics, énergie, transports, environnement",2
UR,2003,"Santé, travail, droit des assurances sociales, logement, homes",1
UR,2004,"Droit civil.Dispositions d'introduction du code civil.Droit des personnes, état civil.Fondations, surveillance.Fondations LPP",2
UR,2004,"Enseignement, sciences, documentation et culture",1
UR,2004,"Enseignement, sciences, documentation et culture.Degré tertiaire: Hautes écoles.Pédagogie",1
UR,2004,"Défense nationale, protection de la population, police",1
UR,2005,Etat.Dispositions générales.Collaboration intercantonale,1
UR,2009,"Défense nationale, protection de la population, police.Sécurité intérieure.Police.Coopération en matière de police",2
UR,2010,"Défense nationale, protection de la population, police.Sécurité intérieure.Police.Coopération en matière de police",2
UR,2011,"Enseignement, sciences, documentation et culture.Degré tertiaire: Hautes écoles.Pédagogie",3
UR,2013,"Défense nationale, protection de la population, police.Sécurité intérieure.Police.Coopération en matière de police",1
UR,2013,"Santé, travail, droit des assurances sociales, logement, homes",1
UR,2019,"Défense nationale, protection de la population, police.Sécurité intérieure.Police.Coopération en matière de police",1
UR,2020,"Droit pénal.Dispositions générales d'introduction du code pénal.Criminalité économique, blanchiment d'argent",1
UR,2023,"Défense nationale, protection de la population, police.Sécurité intérieure.Police.Coopération en matière de police",1
VD,1564,Etat.Dispositions générales.Territoire.Frontières,1
VD,1632,Etat.Autorités.Protection des données,1
VD,1889,"Droit civil.Procédure civile.Emoluments, frais",1
VD,1901,"Droit civil.Procédure civile.Emoluments, frais",1
VD,1903,"Droit civil.Procédure civile.Emoluments, frais",1
VD,1910,"Finances, Impôts, monopoles, entreprises d'état.Impôts.Impôts sur les successions et les donations",1
VD,1922,"Finances, Impôts, monopoles, entreprises d'état.Impôts.Impôts sur les successions et les donations",1
VD,1926,"Finances, Impôts, monopoles, entreprises d'état.Impôts.Impôts sur les successions et les donations",1
VD,1931,"Finances, Impôts, monopoles, entreprises d'état.Impôts.Impôts sur les successions et les donations",1
VD,1936,"Finances, Impôts, monopoles, entreprises d'état.Impôts.Exonération et allégements fiscaux",1
VD,1937,"Aménagement du territoire et constructions, expropriation, travaux publics, énergie, transports, environnement.Travaux publics.Marchés publics",1
VD,1938,"Aménagement du territoire et constructions, expropriation, travaux publics, énergie, transports, environnement.Travaux publics.Aménagement des eaux.Corrections des eaux / Protection contre les crues",1
VD,1943,Etat.Dispositions générales.Collaboration intercantonale,1
VD,1943,Droit pénal,1
VD,1951,"Aménagement du territoire et constructions, expropriation, travaux publics, énergie, transports, environnement.Transports.Funiculaires, téléphériques, téléskis",1
VD,1960,"Aménagement du territoire et constructions, expropriation, travaux publics, énergie, transports, environnement.Travaux publics.Aménagement des eaux.Corrections des eaux / Protection contre les crues",1
VD,1968,"Finances, Impôts, monopoles, entreprises d'état.Impôts.Impôts sur les successions et les donations",1
VD,1969,Droit civil.Arbitrage,1
VD,1970,"Enseignement, sciences, documentation et culture.Assurance de la qualité, surveillance, direction.Coordination",2
VD,1972,"Finances, Impôts, monopoles, entreprises d'état.Impôts.Impôts sur les successions et les donations",1
VD,1973,"Finances, Impôts, monopoles, entreprises d'état.Monopoles, régales, entreprises d'état.Régale des sels",1
VD,1975,"Aménagement du territoire et constructions, expropriation, travaux publics, énergie, transports, environnement.Transports.Navigation.Police de la navigation",1
VD,1977,Droit civil.Procédure civile.Exécution,1
VD,1978,Etat,1
VD,1978,Economie,1
VD,1984,Droit pénal,1
VD,1984,"Aménagement du territoire et constructions, expropriation, travaux publics, énergie, transports, environnement.Travaux publics.Aménagement des eaux.Corrections des eaux / Protection contre les crues",1
VD,1986,"Aménagement du territoire et constructions, expropriation, travaux publics, énergie, transports, environnement.Travaux publics.Aménagement des eaux.Corrections des eaux / Protection contre les crues",1
VD,1986,"Santé, travail, droit des assurances sociales, logement, homes",1
VD,1988,"Défense nationale, protection de la population, police.Sécurité intérieure.Police.Coopération en matière de police",1
VD,1990,"Défense nationale, protection de la population, police.Sécurité intérieure.Police.Coopération en matière de police",1
VD,1991,"Finances, Impôts, monopoles, entreprises d'état.Monopoles, régales, entreprises d'état.Pêche.Zones de pêche",1
VD,1993,Etat.Dispositions générales.Collaboration intercantonale,3
VD,1995,"Enseignement, sciences, documentation et culture",1
VD,1996,"Enseignement, sciences, documentation et culture.Contributions à la formation.Ecolages",1
VD,1996,"Défense nationale, protection de la population, police.Sécurité intérieure.Entreprises de sécurité",1
VD,1998,"Santé, travail, droit des assurances sociales, logement, homes.Santé.Etablissements hospitaliers, cliniques.Hôpitaux cantonaux",1
VD,1998,Economie,1
VD,2001,Etat,2
VD,2001,"Enseignement, sciences, documentation et culture.Assurance de la qualité, surveillance, direction.Surveillance scolaire",1
VD,2002,"Enseignement, sciences, documentation et culture.Assurance de la qualité, surveillance, direction.Surveillance scolaire",1
VD,2003,Droit pénal.Droit pénal des mineurs et procédure pénale des mineurs,1
VD,2005,Etat.Dispositions générales.Collaboration intercantonale,1
VD,2005,Droit pénal.Droit pénal des mineurs et procédure pénale des mineurs,1
VD,2008,Etat,1
VD,2008,"Santé, travail, droit des assurances sociales, logement, homes",2
VD,2011,"Enseignement, sciences, documentation et culture",2
VD,2011,"Santé, travail, droit des assurances sociales, logement, homes",1
VD,2013,"Enseignement, sciences, documentation et culture",1
VD,2017,Economie,1
VD,2018,"Aménagement du territoire et constructions, expropriation, travaux publics, énergie, transports, environnement.Travaux publics.Routes.Routes nationales",2
VD,2019,"Défense nationale, protection de la population, police.Sécurité intérieure.Police.Coopération en matière de police",1
VD,2019,Economie,1
VD,2023,"Santé, travail, droit des assurances sociales, logement, homes",1
VS,1889,"Droit civil.Procédure civile.Emoluments, frais",1
VS,1922,"Finances, Impôts, monopoles, entreprises d'état.Impôts.Impôts sur les successions et les donations",1
VS,1931,"Finances, Impôts, monopoles, entreprises d'état.Impôts.Impôts sur les successions et les donations",1
VS,1936,"Finances, Impôts, monopoles, entreprises d'état.Impôts.Exonération et allégements fiscaux",1
VS,1937,"Aménagement du territoire et constructions, expropriation, travaux publics, énergie, transports, environnement.Travaux publics.Marchés publics",1
VS,1943,Etat.Dispositions générales.Collaboration intercantonale,1
VS,1948,"Finances, Impôts, monopoles, entreprises d'état.Impôts.Interdiction des arrangements fiscaux",1
VS,1951,"Aménagement du territoire et constructions, expropriation, travaux publics, énergie, transports, environnement.Transports.Funiculaires, téléphériques, téléskis",2
VS,1969,Droit civil.Arbitrage,1
VS,1969,Economie.Forêt.Formation professionnelle,1
VS,1970,"Enseignement, sciences, documentation et culture.Assurance de la qualité, surveillance, direction.Coordination",2
VS,1973,"Finances, Impôts, monopoles, entreprises d'état.Monopoles, régales, entreprises d'état.Régale des sels",1
VS,1976,"Finances, Impôts, monopoles, entreprises d'état.Impôts.Impôts sur les successions et les donations",1
VS,1976,"Aménagement du territoire et constructions, expropriation, travaux publics, énergie, transports, environnement",1
VS,1977,Droit civil.Procédure civile.Exécution,1
VS,1978,Etat,1
VS,1978,"Finances, Impôts, monopoles, entreprises d'état.Impôts.Impôts sur les successions et les donations",4
VS,1979,"Défense nationale, protection de la population, police.Sécurité intérieure.Police.Coopération en matière de police",1
VS,1984,Droit pénal,1
VS,1984,"Enseignement, sciences, documentation et culture",1
VS,1984,"Aménagement du territoire et constructions, expropriation, travaux publics, énergie, transports, environnement.Travaux publics.Aménagement des eaux.Corrections des eaux / Protection contre les crues",1
VS,1986,"Santé, travail, droit des assurances sociales, logement, homes",1
VS,1987,"Santé, travail, droit des assurances sociales, logement, homes",1
VS,1988,"Défense nationale, protection de la population, police.Sécurité intérieure.Police.Coopération en matière de police",1
VS,1990,"Défense nationale, protection de la population, police.Sécurité intérieure.Police.Coopération en matière de police",1
VS,1992,"Enseignement, sciences, documentation et culture.Degré tertiaire: Ecoles supérieures",1
VS,1993,Etat.Dispositions générales.Collaboration intercantonale,3
VS,1993,"Enseignement, sciences, documentation et culture",1
VS,1993,"Enseignement, sciences, documentation et culture.Formation continue (Degré quaternaire).Formation des adultes",1
VS,1994,"Aménagement du territoire et constructions, expropriation, travaux publics, énergie, transports, environnement.Travaux publics.Marchés publics",1
VS,1995,"Enseignement, sciences, documentation et culture",1
VS,1996,"Enseignement, sciences, documentation et culture.Contributions à la formation.Ecolages",1
VS,1996,"Défense nationale, protection de la population, police.Sécurité intérieure.Entreprises de sécurité",1
VS,1997,"Enseignement, sciences, documentation et culture",1
VS,1998,"Enseignement, sciences, documentation et culture",1
VS,1998,"Enseignement, sciences, documentation et culture.Degré tertiaire: Ecoles supérieures",1
VS,1998,"Economie.Commerce.Marché intérieur, entraves techniques au commerce",1
VS,1999,"Enseignement, sciences, documentation et culture.Degré prescolaire, école primaire, degré secondaire I.Ecole enfantine",2
VS,1999,"Enseignement, sciences, documentation et culture.Degré prescolaire, école primaire, degré secondaire I.Ecole primaire, degré secondaire I",1
VS,1999,"Santé, travail, droit des assurances sociales, logement, homes",1
VS,2000,"Enseignement, sciences, documentation et culture.Degré prescolaire, école primaire, degré secondaire I.Ecole enfantine",1
VS,2001,Etat,2
VS,2001,"Enseignement, sciences, documentation et culture.Assurance de la qualité, surveillance, direction.Surveillance scolaire",1
VS,2002,"Enseignement, sciences, documentation et culture.Assurance de la qualité, surveillance, direction.Surveillance scolaire",1
VS,2003,Droit pénal.Droit pénal des mineurs et procédure pénale des mineurs,1
VS,2005,Etat.Dispositions générales.Collaboration intercantonale,2
VS,2005,Droit pénal.Droit pénal des mineurs et procédure pénale des mineurs,1
VS,2006,Etat.Autorités.Protection des données,1
VS,2006,"Enseignement, sciences, documentation et culture",1
VS,2007,"Enseignement, sciences, documentation et culture",1
VS,2007,"Enseignement, sciences, documentation et culture.Degré prescolaire, école primaire, degré secondaire I.Ecole primaire, degré secondaire I",2
VS,2008,Etat,1
VS,2008,"Santé, travail, droit des assurances sociales, logement, homes",1
VS,2008,"Santé, travail, droit des assurances sociales, logement, homes.Santé.Professions médicales.Chiropraticiens, physiothérapeutes",1
VS,2009,"Défense nationale, protection de la population, police.Sécurité intérieure.Police.Coopération en matière de police",1
VS,2010,"Enseignement, sciences, documentation et culture.Degré prescolaire, école primaire, degré secondaire I.Ecole primaire, degré secondaire I",1
VS,2010,"Enseignement, sciences, documentation et culture.Contributions à la formation.Bourses d'études",1
VS,2011,"Enseignement, sciences, documentation et culture",2
VS,2011,"Santé, travail, droit des assurances sociales, logement, homes",1
VS,2013,"Enseignement, sciences, documentation et culture",2
VS,2014,"Enseignement, sciences, documentation et culture.Degré tertiaire: Ecoles supérieures",1
VS,2014,"Santé, travail, droit des assurances sociales, logement, homes.Santé.Professions médicales.Médecins",1
VS,2017,Economie,1
VS,2018,Economie,1
VS,2019,"Défense nationale, protection de la population, police.Sécurité intérieure.Police.Coopération en matière de police",1
VS,2019,Economie,1
VS,2023,"Défense nationale, protection de la population, police.Sécurité intérieure.Police.Coopération en matière de police",1
VS,2023,"Santé, travail, droit des assurances sociales, logement, homes",1
ZG,1632,Etat.Autorités.Protection des données,1
ZG,1828,Etat.Eglise et Etat.Eglise catholique romaine,6
ZG,1870,Etat.Eglise et Etat.Eglise évangélique réformée,1
ZG,1889,Etat.Eglise et Etat.Eglise évangélique réformée,1
ZG,1889,"Droit civil.Procédure civile.Emoluments, frais",1
ZG,1903,"Droit civil.Procédure civile.Emoluments, frais",1
ZG,1909,"Défense nationale, protection de la population, police.Sécurité intérieure.Police.Transports de police",1
ZG,1914,"Aménagement du territoire et constructions, expropriation, travaux publics, énergie, transports, environnement.Energie.Forces hydrauliques",1
ZG,1914,"Aménagement du territoire et constructions, expropriation, travaux publics, énergie, transports, environnement.Energie.Electricité",2
ZG,1915,"Aménagement du territoire et constructions, expropriation, travaux publics, énergie, transports, environnement.Energie.Electricité",1
ZG,1916,"Aménagement du territoire et constructions, expropriation, travaux publics, énergie, transports, environnement.Travaux publics.Aménagement des eaux.Utilisation des eaux",1
ZG,1919,"Aménagement du territoire et constructions, expropriation, travaux publics, énergie, transports, environnement.Travaux publics.Aménagement des eaux.Utilisation des eaux",2
ZG,1922,"Finances, Impôts, monopoles, entreprises d'état.Impôts.Impôts sur les successions et les donations",1
ZG,1930,"Aménagement du territoire et constructions, expropriation, travaux publics, énergie, transports, environnement.Travaux publics.Aménagement des eaux.Utilisation des eaux",1
ZG,1931,"Finances, Impôts, monopoles, entreprises d'état.Impôts.Impôts sur les successions et les donations",1
ZG,1931,"Aménagement du territoire et constructions, expropriation, travaux publics, énergie, transports, environnement.Travaux publics.Aménagement des eaux.Utilisation des eaux",1
ZG,1933,"Finances, Impôts, monopoles, entreprises d'état.Impôts.Impôts sur les successions et les donations",1
ZG,1936,"Finances, Impôts, monopoles, entreprises d'état.Impôts.Exonération et allégements fiscaux",1
ZG,1936,"Aménagement du territoire et constructions, expropriation, travaux publics, énergie, transports, environnement.Travaux publics.Aménagement des eaux.Utilisation des eaux",1
ZG,1937,"Aménagement du territoire et constructions, expropriation, travaux publics, énergie, transports, environnement.Travaux publics.Marchés publics",1
ZG,1937,Non classé,1
ZG,1943,Etat.Dispositions générales.Collaboration intercantonale,1
ZG,1943,"Finances, Impôts, monopoles, entreprises d'état.Monopoles, régales, entreprises d'état.Pêche.Zones de pêche",1
ZG,1943,Economie.Agriculture.Production animale.Commerce du bétail,1
ZG,1944,"Finances, Impôts, monopoles, entreprises d'état.Impôts.Impôts sur les successions et les donations",1
ZG,1947,"Finances, Impôts, monopoles, entreprises d'état.Monopoles, régales, entreprises d'état.Pêche.Zones de pêche",2
ZG,1948,Etat.Dispositions générales.Collaboration intercantonale,1
ZG,1948,"Finances, Impôts, monopoles, entreprises d'état.Impôts.Interdiction des arrangements fiscaux",1
ZG,1951,"Aménagement du territoire et constructions, expropriation, travaux publics, énergie, transports, environnement.Transports.Funiculaires, téléphériques, téléskis",2
ZG,1954,Droit pénal,1
ZG,1954,"Finances, Impôts, monopoles, entreprises d'état.Monopoles, régales, entreprises d'état.Pêche.Zones de pêche",1
ZG,1954,"Aménagement du territoire et constructions, expropriation, travaux publics, énergie, transports, environnement.Travaux publics.Aménagement des eaux.Utilisation des eaux",1
ZG,1955,"Finances, Impôts, monopoles, entreprises d'état.Monopoles, régales, entreprises d'état.Pétrole",1
ZG,1957,Droit civil.Dispositions générales d'introduction du code des obligations.Des divers contrats.Prêt,1
ZG,1958,"Finances, Impôts, monopoles, entreprises d'état.Monopoles, régales, entreprises d'état.Pêche.Zones de pêche",1
ZG,1958,"Aménagement du territoire et constructions, expropriation, travaux publics, énergie, transports, environnement.Transports.Circulation routière.Police de la circulation",1
ZG,1959,Droit pénal,2
ZG,1959,"Santé, travail, droit des assurances sociales, logement, homes",3
ZG,1966,"Finances, Impôts, monopoles, entreprises d'état.Impôts.Impôts sur les successions et les donations",1
ZG,1969,Droit civil.Arbitrage,1
ZG,1969,"Finances, Impôts, monopoles, entreprises d'état.Impôts.Impôts sur les successions et les donations",1
ZG,1969,"Finances, Impôts, monopoles, entreprises d'état.Monopoles, régales, entreprises d'état.Pêche.Zones de pêche",1
ZG,1970,"Enseignement, sciences, documentation et culture.Assurance de la qualité, surveillance, direction.Coordination",2
ZG,1970,"Finances, Impôts, monopoles, entreprises d'état.Monopoles, régales, entreprises d'état.Pêche.Zones de pêche",1
ZG,1971,Economie.Forêt.Formation professionnelle,1
ZG,1972,"Santé, travail, droit des assurances sociales, logement, homes",1
ZG,1972,Economie.Forêt.Formation professionnelle,1
ZG,1973,"Finances, Impôts, monopoles, entreprises d'état.Monopoles, régales, entreprises d'état.Régale des sels",1
ZG,1974,Economie.Agriculture.Lait,1
ZG,1976,"Enseignement, sciences, documentation et culture.Degré secondaire II.Ecole moyenne",1
ZG,1977,Droit civil.Procédure civile.Exécution,1
ZG,1977,"Finances, Impôts, monopoles, entreprises d'état.Monopoles, régales, entreprises d'état.Pêche.Zones de pêche",1
ZG,1978,Etat,1
ZG,1979,"Défense nationale, protection de la population, police.Sécurité intérieure.Police.Coopération en matière de police",2
ZG,1981,"Santé, travail, droit des assurances sociales, logement, homes",1
ZG,1982,"Santé, travail, droit des assurances sociales, logement, homes.Santé.Etablissements hospitaliers, cliniques.Cliniques psychiatriques",2
ZG,1982,"Santé, travail, droit des assurances sociales, logement, homes.Santé.Professions médicales.Personnel soignant",1
ZG,1984,"Enseignement, sciences, documentation et culture",1
ZG,1990,Economie.Forêt.Formation professionnelle,3
ZG,1991,Economie.Forêt.Formation professionnelle,1
ZG,1992,"Enseignement, sciences, documentation et culture.Degré tertiaire: Ecoles supérieures",1
ZG,1992,"Enseignement, sciences, documentation et culture.Contributions à la formation.Ecolages",1
ZG,1993,Etat.Dispositions générales.Collaboration intercantonale,2
ZG,1993,"Enseignement, sciences, documentation et culture.Degré tertiaire: Hautes écoles.Pédagogie",1
ZG,1993,"Enseignement, sciences, documentation et culture.Formation continue (Degré quaternaire).Formation des adultes",3
ZG,1994,"Enseignement, sciences, documentation et culture",1
ZG,1994,"Enseignement, sciences, documentation et culture.Formation continue (Degré quaternaire).Formation continue des enseignants",1
ZG,1994,"Enseignement, sciences, documentation et culture.Documentation.Musées",1
ZG,1994,"Aménagement du territoire et constructions, expropriation, travaux publics, énergie, transports, environnement.Travaux publics.Marchés publics",2
ZG,1995,Etat.Eglise et Etat.Eglise catholique romaine,1
ZG,1996,"Finances, Impôts, monopoles, entreprises d'état.Monopoles, régales, entreprises d'état.Pêche.Zones de pêche",1
ZG,1996,Economie,1
ZG,1996,Economie.Agriculture.Améliorations foncières,1
ZG,1997,"Enseignement, sciences, documentation et culture",2
ZG,1997,"Enseignement, sciences, documentation et culture.Degré secondaire II.Ecole moyenne",1
ZG,1997,"Aménagement du territoire et constructions, expropriation, travaux publics, énergie, transports, environnement.Transports.Circulation routière.Contrôle technique des véhicules",1
ZG,1998,"Enseignement, sciences, documentation et culture",2
ZG,1998,"Enseignement, sciences, documentation et culture.Degré secondaire II.Ecole moyenne",1
ZG,1998,"Enseignement, sciences, documentation et culture.Corps enseignant.Formation",2
ZG,1998,"Finances, Impôts, monopoles, entreprises d'état.Monopoles, régales, entreprises d'état.Chasse.Chasseurs",1
ZG,1998,"Economie.Commerce.Marché intérieur, entraves techniques au commerce",1
ZG,1999,"Enseignement, sciences, documentation et culture",1
ZG,1999,"Enseignement, sciences, documentation et culture.Degré prescolaire, école primaire, degré secondaire I.Ecole primaire, degré secondaire I",1
ZG,1999,"Enseignement, sciences, documentation et culture.Degré tertiaire: Hautes écoles.Pédagogie",1
ZG,1999,"Enseignement, sciences, documentation et culture.Corps enseignant.Formation",2
ZG,1999,"Enseignement, sciences, documentation et culture.Art, culture, sport.Encouragement à la culture",1
ZG,1999,"Santé, travail, droit des assurances sociales, logement, homes",2
ZG,2000,Droit pénal.Exécution des peines et des mesures.Etablissements.Personnel,1
ZG,2000,"Enseignement, sciences, documentation et culture",1
ZG,2000,"Enseignement, sciences, documentation et culture.Degré prescolaire, école primaire, degré secondaire I.Ecole enfantine",1
ZG,2000,"Enseignement, sciences, documentation et culture.Degré tertiaire: Hautes écoles.Pédagogie",1
ZG,2000,"Santé, travail, droit des assurances sociales, logement, homes",1
ZG,2001,"Enseignement, sciences, documentation et culture",4
ZG,2002,"Enseignement, sciences, documentation et culture",1
ZG,2002,"Enseignement, sciences, documentation et culture.Degré tertiaire: Hautes écoles.Pédagogie",1
ZG,2002,Economie.Agriculture.Agriculture biologique,1
ZG,2003,"Enseignement, sciences, documentation et culture",1
ZG,2003,"Enseignement, sciences, documentation et culture.Pédagogie spécialisée.Enfants surdoués",1
ZG,2003,"Enseignement, sciences, documentation et culture.Reconnaissance des diplômes",1
ZG,2003,"Enseignement, sciences, documentation et culture.Art, culture, sport.Encouragement à la culture",3
ZG,2003,"Défense nationale, protection de la population, police.Sécurité intérieure.Police.Personnel",3
ZG,2003,"Aménagement du territoire et constructions, expropriation, travaux publics, énergie, transports, environnement",3
ZG,2003,"Santé, travail, droit des assurances sociales, logement, homes",1
ZG,2004,"Droit civil.Dispositions d'introduction du code civil.Droit des personnes, état civil.Fondations, surveillance.Fondations LPP",2
ZG,2004,"Défense nationale, protection de la population, police",1
ZG,2004,"Santé, travail, droit des assurances sociales, logement, homes.Santé.Professions médicales.Personnel soignant",1
ZG,2005,Etat.Dispositions générales.Collaboration intercantonale,2
ZG,2005,"Défense nationale, protection de la population, police",1
ZG,2005,"Aménagement du territoire et constructions, expropriation, travaux publics, énergie, transports, environnement",1
ZG,2005,"Santé, travail, droit des assurances sociales, logement, homes",1
ZG,2005,Economie,2
ZG,2006,"Santé, travail, droit des assurances sociales, logement, homes",1
ZG,2006,Economie.Commerce.Poids et mesures. moyens de paiement,1
ZG,2007,"Enseignement, sciences, documentation et culture.Degré prescolaire, école primaire, degré secondaire I.Ecole primaire, degré secondaire I",2
ZG,2007,"Enseignement, sciences, documentation et culture.Art, culture, sport.Sport",1
ZG,2008,"Santé, travail, droit des assurances sociales, logement, homes",1
ZG,2009,"Enseignement, sciences, documentation et culture.Art, culture, sport.Encouragement à la culture",1
ZG,2009,"Défense nationale, protection de la population, police.Sécurité intérieure.Police.Coopération en matière de police",5
ZG,2009,"Aménagement du territoire et constructions, expropriation, travaux publics, énergie, transports, environnement.Transports.Circulation routière.Police de la circulation",3
ZG,2010,"Enseignement, sciences, documentation et culture.Contributions à la formation.Bourses d'études",1
ZG,2010,"Défense nationale, protection de la population, police.Sécurité intérieure.Police.Coopération en matière de police",2
ZG,2011,Droit pénal,1
ZG,2011,"Enseignement, sciences, documentation et culture.Degré tertiaire: Hautes écoles.Pédagogie",3
ZG,2012,"Enseignement, sciences, documentation et culture",2
ZG,2013,"Enseignement, sciences, documentation et culture",2
ZG,2013,"Défense nationale, protection de la population, police.Sécurité intérieure.Police.Coopération en matière de police",1
ZG,2013,"Santé, travail, droit des assurances sociales, logement, homes",1
ZG,2014,"Enseignement, sciences, documentation et culture.Degré tertiaire: Ecoles supérieures",1
ZG,2014,"Défense nationale, protection de la population, police.Sécurité intérieure.Police.Personnel",1
ZG,2014,"Santé, travail, droit des assurances sociales, logement, homes.Santé.Professions médicales.Médecins",1
ZG,2015,"Droit civil.Dispositions d'introduction du code civil.Droits réels.Registre foncier, mensurations cadastrales",1
ZG,2015,"Aménagement du territoire et constructions, expropriation, travaux publics, énergie, transports, environnement.Transports.Circulation routière.Contrôle technique des véhicules",1
ZG,2015,"Santé, travail, droit des assurances sociales, logement, homes",1
ZG,2016,"Santé, travail, droit des assurances sociales, logement, homes",1
ZG,2017,"Enseignement, sciences, documentation et culture.Degré secondaire II.Ecole moyenne",1
ZG,2019,"Défense nationale, protection de la population, police.Sécurité intérieure.Police.Coopération en matière de police",1
ZG,2021,Etat.Dispositions générales.Territoire.Frontières,1
ZG,2021,Droit pénal,1
ZG,2022,"Aménagement du territoire et constructions, expropriation, travaux publics, énergie, transports, environnement.Transports.Navigation.Police de la navigation",1
ZG,2023,"Enseignement, sciences, documentation et culture.Degré secondaire II.Ecole moyenne",1
ZG,2023,"Enseignement, sciences, documentation et culture.Degré tertiaire: Hautes écoles.Pédagogie",1
ZG,2023,"Défense nationale, protection de la population, police.Sécurité intérieure.Police.Coopération en matière de police",1
ZG,2023,"Aménagement du territoire et constructions, expropriation, travaux publics, énergie, transports, environnement.Energie.Forces hydrauliques",1
ZG,2024,"Etat.Dispositions générales.Territoire.Délimitations territoriales, districts",1
ZG,2025,"Etat.Dispositions générales.Territoire.Délimitations territoriales, districts",1
ZG,2025,Etat.Dispositions générales.Territoire.Frontières,3
ZH,1632,Etat.Autorités.Protection des données,1
ZH,1841,Etat.Dispositions générales.Territoire.Frontières,1
ZH,1841,"Enseignement, sciences, documentation et culture",1
ZH,1841,"Finances, Impôts, monopoles, entreprises d'état.Monopoles, régales, entreprises d'état.Pêche.Zones de pêche",1
ZH,1841,"Aménagement du territoire et constructions, expropriation, travaux publics, énergie, transports, environnement.Travaux publics.Aménagement des eaux.Corrections des eaux / Protection contre les crues",1
ZH,1846,Etat.Eglise et Etat.Eglise évangélique réformée,2
ZH,1870,Etat.Dispositions générales.Territoire.Frontières,6
ZH,1874,"Défense nationale, protection de la population, police",1
ZH,1886,"Etat.Dispositions générales.Territoire.Délimitations territoriales, districts",1
ZH,1886,Etat.Eglise et Etat.Eglise évangélique réformée,1
ZH,1887,"Finances, Impôts, monopoles, entreprises d'état.Monopoles, régales, entreprises d'état.Pêche.Zones de pêche",1
ZH,1889,"Droit civil.Procédure civile.Emoluments, frais",1
ZH,1901,Etat.Dispositions générales.Territoire.Frontières,2
ZH,1901,"Droit civil.Procédure civile.Emoluments, frais",1
ZH,1903,"Droit civil.Procédure civile.Emoluments, frais",1
ZH,1906,"Finances, Impôts, monopoles, entreprises d'état.Impôts.Impôts sur les successions et les donations",1
ZH,1907,Etat.Professions juridiques.Notaires.Légalisation,1
ZH,1914,"Aménagement du territoire et constructions, expropriation, travaux publics, énergie, transports, environnement.Energie.Forces hydrauliques",1
ZH,1914,"Aménagement du territoire et constructions, expropriation, travaux publics, énergie, transports, environnement.Energie.Electricité",2
ZH,1915,"Aménagement du territoire et constructions, expropriation, travaux publics, énergie, transports, environnement.Energie.Electricité",1
ZH,1916,"Aménagement du territoire et constructions, expropriation, travaux publics, énergie, transports, environnement.Travaux publics.Aménagement des eaux.Utilisation des eaux",1
ZH,1919,"Aménagement du territoire et constructions, expropriation, travaux publics, énergie, transports, environnement.Travaux publics.Aménagement des eaux.Utilisation des eaux",2
ZH,1922,"Finances, Impôts, monopoles, entreprises d'état.Impôts.Impôts sur les successions et les donations",1
ZH,1926,Etat.Eglise et Etat.Eglise évangélique réformée,1
ZH,1926,Etat.Professions juridiques.Notaires.Légalisation,1
ZH,1926,"Droit civil.Dispositions d'introduction du code civil.Droits réels.Registre foncier, mensurations cadastrales",1
ZH,1926,"Finances, Impôts, monopoles, entreprises d'état.Impôts.Impôts sur les successions et les donations",2
ZH,1927,"Aménagement du territoire et constructions, expropriation, travaux publics, énergie, transports, environnement.Travaux publics.Aménagement des eaux.Corrections des eaux / Protection contre les crues",1
ZH,1930,"Aménagement du territoire et constructions, expropriation, travaux publics, énergie, transports, environnement.Travaux publics.Aménagement des eaux.Utilisation des eaux",1
ZH,1931,"Finances, Impôts, monopoles, entreprises d'état.Impôts.Impôts sur les successions et les donations",1
ZH,1931,"Aménagement du territoire et constructions, expropriation, travaux publics, énergie, transports, environnement.Travaux publics.Aménagement des eaux.Utilisation des eaux",1
ZH,1933,"Aménagement du territoire et constructions, expropriation, travaux publics, énergie, transports, environnement",1
ZH,1936,"Finances, Impôts, monopoles, entreprises d'état.Impôts.Impôts sur les successions et les donations",1
ZH,1936,"Finances, Impôts, monopoles, entreprises d'état.Impôts.Exonération et allégements fiscaux",1
ZH,1936,"Aménagement du territoire et constructions, expropriation, travaux publics, énergie, transports, environnement.Travaux publics.Aménagement des eaux.Utilisation des eaux",1
ZH,1937,"Aménagement du territoire et constructions, expropriation, travaux publics, énergie, transports, environnement.Travaux publics.Marchés publics",1
ZH,1937,Non classé,1
ZH,1938,"Aménagement du territoire et constructions, expropriation, travaux publics, énergie, transports, environnement",1
ZH,1938,"Aménagement du territoire et constructions, expropriation, travaux publics, énergie, transports, environnement.Transports.Transports publics.Transports ferroviaires",1
ZH,1939,"Enseignement, sciences, documentation et culture.Degré tertiaire: Hautes écoles.Pédagogie",1
ZH,1939,"Aménagement du territoire et constructions, expropriation, travaux publics, énergie, transports, environnement.Transports.Transports publics.Transports ferroviaires",1
ZH,1943,Etat.Dispositions générales.Collaboration intercantonale,1
ZH,1944,"Finances, Impôts, monopoles, entreprises d'état.Monopoles, régales, entreprises d'état.Pêche.Zones de pêche",1
ZH,1945,"Finances, Impôts, monopoles, entreprises d'état.Monopoles, régales, entreprises d'état.Pêche.Zones de pêche",1
ZH,1946,"Finances, Impôts, monopoles, entreprises d'état.Monopoles, régales, entreprises d'état.Pêche.Zones de pêche",1
ZH,1947,"Finances, Impôts, monopoles, entreprises d'état.Monopoles, régales, entreprises d'état.Pêche.Zones de pêche",2
ZH,1948,Etat.Dispositions générales.Collaboration intercantonale,1
ZH,1951,"Aménagement du territoire et constructions, expropriation, travaux publics, énergie, transports, environnement.Transports.Funiculaires, téléphériques, téléskis",1
ZH,1954,"Finances, Impôts, monopoles, entreprises d'état.Monopoles, régales, entreprises d'état.Pêche.Zones de pêche",1
ZH,1954,"Aménagement du territoire et constructions, expropriation, travaux publics, énergie, transports, environnement.Travaux publics.Aménagement des eaux.Utilisation des eaux",1
ZH,1955,"Finances, Impôts, monopoles, entreprises d'état.Impôts.Impôts sur les successions et les donations",1
ZH,1955,"Finances, Impôts, monopoles, entreprises d'état.Monopoles, régales, entreprises d'état.Pétrole",4
ZH,1955,"Aménagement du territoire et constructions, expropriation, travaux publics, énergie, transports, environnement.Protection de l'environnement.Protection des eaux",2
ZH,1957,"Aménagement du territoire et constructions, expropriation, travaux publics, énergie, transports, environnement.Protection de l'environnement.Protection des eaux",1
ZH,1958,"Aménagement du territoire et constructions, expropriation, travaux publics, énergie, transports, environnement.Transports.Circulation routière.Police de la circulation",4
ZH,1960,"Finances, Impôts, monopoles, entreprises d'état.Impôts.Impôts sur les successions et les donations",1
ZH,1961,"Aménagement du territoire et constructions, expropriation, travaux publics, énergie, transports, environnement.Protection de l'environnement.Déchets",1
ZH,1964,"Enseignement, sciences, documentation et culture.Degré tertiaire: Hautes écoles.Agriculture",1
ZH,1964,"Finances, Impôts, monopoles, entreprises d'état.Impôts.Exonération et allégements fiscaux",1
ZH,1964,Economie.Agriculture.Formation agricole.Ecole agricole,2
ZH,1967,"Aménagement du territoire et constructions, expropriation, travaux publics, énergie, transports, environnement.Transports.Circulation routière.Police de la circulation",1
ZH,1968,"Aménagement du territoire et constructions, expropriation, travaux publics, énergie, transports, environnement.Transports.Circulation routière.Police de la circulation",1
ZH,1969,Droit civil.Arbitrage,1
ZH,1969,Economie.Forêt.Formation professionnelle,1
ZH,1970,"Enseignement, sciences, documentation et culture",1
ZH,1970,"Enseignement, sciences, documentation et culture.Assurance de la qualité, surveillance, direction.Coordination",2
ZH,1970,"Finances, Impôts, monopoles, entreprises d'état.Monopoles, régales, entreprises d'état.Chasse.Chasseurs",1
ZH,1970,"Aménagement du territoire et constructions, expropriation, travaux publics, énergie, transports, environnement.Travaux publics.Routes.Routes nationales",1
ZH,1971,"Enseignement, sciences, documentation et culture",1
ZH,1971,"Enseignement, sciences, documentation et culture.Corps enseignant.Traitement, indemnités",1
ZH,1971,"Aménagement du territoire et constructions, expropriation, travaux publics, énergie, transports, environnement.Protection de l'environnement.Protection des eaux",3
ZH,1972,"Aménagement du territoire et constructions, expropriation, travaux publics, énergie, transports, environnement.Protection de l'environnement.Protection des eaux",1
ZH,1973,"Finances, Impôts, monopoles, entreprises d'état.Monopoles, régales, entreprises d'état.Régale des sels",1
ZH,1974,Etat.Eglise et Etat.Eglise évangélique réformée,1
ZH,1974,"Enseignement, sciences, documentation et culture.Degré tertiaire: Hautes écoles.Agriculture",1
ZH,1974,"Aménagement du territoire et constructions, expropriation, travaux publics, énergie, transports, environnement.Protection de l'environnement.Protection des eaux",1
ZH,1975,"Aménagement du territoire et constructions, expropriation, travaux publics, énergie, transports, environnement.Transports.Circulation routière.Police de la circulation",1
ZH,1976,Droit pénal,3
ZH,1976,"Aménagement du territoire et constructions, expropriation, travaux publics, énergie, transports, environnement.Transports.Circulation routière.Police de la circulation",2
ZH,1976,"Santé, travail, droit des assurances sociales, logement, homes",3
ZH,1976,Economie,1
ZH,1977,"Finances, Impôts, monopoles, entreprises d'état.Monopoles, régales, entreprises d'état.Pêche.Zones de pêche",1
ZH,1977,Economie.Développement économiques dans les régions de montagne,1
ZH,1978,Etat,1
ZH,1978,"Enseignement, sciences, documentation et culture.Degré prescolaire, école primaire, degré secondaire I.Ecole enfantine",1
ZH,1978,"Aménagement du territoire et constructions, expropriation, travaux publics, énergie, transports, environnement.Protection de l'environnement.Protection des eaux",1
ZH,1979,"Défense nationale, protection de la population, police.Sécurité intérieure.Police.Coopération en matière de police",1
ZH,1979,"Aménagement du territoire et constructions, expropriation, travaux publics, énergie, transports, environnement",4
ZH,1980,"Droit civil.Dispositions d'introduction du code civil.Droit des personnes, état civil.Fondations, surveillance.Fondations LPP",1
ZH,1980,"Enseignement, sciences, documentation et culture",1
ZH,1980,"Enseignement, sciences, documentation et culture.Degré prescolaire, école primaire, degré secondaire I.Ecole primaire, degré secondaire I",1
ZH,1981,"Finances, Impôts, monopoles, entreprises d'état.Impôts.Impôts sur les successions et les donations",1
ZH,1981,"Finances, Impôts, monopoles, entreprises d'état.Monopoles, régales, entreprises d'état.Pêche.Zones de pêche",1
ZH,1984,"Finances, Impôts, monopoles, entreprises d'état.Impôts.Exonération et allégements fiscaux",1
ZH,1985,"Enseignement, sciences, documentation et culture.Contributions à la formation.Ecolages",1
ZH,1990,"Finances, Impôts, monopoles, entreprises d'état.Impôts.Impôts sur le revenu et la fortune / impôts sur les bénéfices et les capitaux.Impôt cantonal",1
ZH,1992,"Enseignement, sciences, documentation et culture.Degré tertiaire: Ecoles supérieures",1
ZH,1992,"Enseignement, sciences, documentation et culture.Contributions à la formation.Ecolages",1
ZH,1993,Etat.Dispositions générales.Collaboration intercantonale,2
ZH,1993,"Finances, Impôts, monopoles, entreprises d'état",1
ZH,1993,"Finances, Impôts, monopoles, entreprises d'état.Monopoles, régales, entreprises d'état.Pêche.Zones de pêche",2
ZH,1994,"Finances, Impôts, monopoles, entreprises d'état.Monopoles, régales, entreprises d'état.Pêche.Zones de pêche",6
ZH,1994,"Aménagement du territoire et constructions, expropriation, travaux publics, énergie, transports, environnement.Travaux publics.Marchés publics",1
ZH,1995,"Aménagement du territoire et constructions, expropriation, travaux publics, énergie, transports, environnement.Transports.Circulation routière.Police de la circulation",1
ZH,1995,"Santé, travail, droit des assurances sociales, logement, homes",1
ZH,1996,"Enseignement, sciences, documentation et culture.Contributions à la formation.Ecolages",1
ZH,1997,Etat.Dispositions générales.Collaboration intercantonale,1
ZH,1997,Etat.Eglise et Etat.Eglise évangélique réformée,1
ZH,1997,"Santé, travail, droit des assurances sociales, logement, homes",1
ZH,1998,"Enseignement, sciences, documentation et culture",1
ZH,1998,"Aménagement du territoire et constructions, expropriation, travaux publics, énergie, transports, environnement.Protection de l'environnement.Protection des eaux",2
ZH,1999,"Enseignement, sciences, documentation et culture",1
ZH,1999,"Enseignement, sciences, documentation et culture.Degré prescolaire, école primaire, degré secondaire I.Ecole enfantine",2
ZH,1999,"Enseignement, sciences, documentation et culture.Degré prescolaire, école primaire, degré secondaire I.Ecole primaire, degré secondaire I",1
ZH,1999,"Enseignement, sciences, documentation et culture.Degré tertiaire: Hautes écoles.Pédagogie",1
ZH,2000,"Enseignement, sciences, documentation et culture",1
ZH,2000,"Enseignement, sciences, documentation et culture.Degré prescolaire, école primaire, degré secondaire I.Ecole enfantine",1
ZH,2000,"Enseignement, sciences, documentation et culture.Degré tertiaire: Hautes écoles.Pédagogie",1
ZH,2000,"Aménagement du territoire et constructions, expropriation, travaux publics, énergie, transports, environnement",2
ZH,2001,"Enseignement, sciences, documentation et culture",5
ZH,2001,"Aménagement du territoire et constructions, expropriation, travaux publics, énergie, transports, environnement.Travaux publics.Aménagement des eaux.Utilisation des eaux",1
ZH,2001,"Aménagement du territoire et constructions, expropriation, travaux publics, énergie, transports, environnement.Travaux publics.Routes.Routes nationales",1
ZH,2001,"Santé, travail, droit des assurances sociales, logement, homes.Santé.Hygiène.Alimentation en eau",1
ZH,2002,Etat.Eglise et Etat.Eglise évangélique réformée,1
ZH,2002,"Droit civil.Dispositions d'introduction du code civil.Droit des personnes, état civil.Fondations, surveillance.Fondations LPP",1
ZH,2002,"Enseignement, sciences, documentation et culture.Degré tertiaire: universités.Faculté de médecine humaine et vétérinaire",1
ZH,2002,"Aménagement du territoire et constructions, expropriation, travaux publics, énergie, transports, environnement",1
ZH,2002,Economie.Agriculture.Formation agricole.Ecole agricole,1
ZH,2003,"Enseignement, sciences, documentation et culture",1
ZH,2003,"Enseignement, sciences, documentation et culture.Art, culture, sport.Encouragement à la culture",2
ZH,2003,"Aménagement du territoire et constructions, expropriation, travaux publics, énergie, transports, environnement",1
ZH,2004,Etat.Dispositions générales.Collaboration intercantonale,1
ZH,2004,Droit civil,1
ZH,2004,"Finances, Impôts, monopoles, entreprises d'état.Monopoles, régales, entreprises d'état.Pêche.Zones de pêche",1
ZH,2005,"Enseignement, sciences, documentation et culture.Degré tertiaire: universités.Faculté de médecine humaine et vétérinaire",1
ZH,2005,"Défense nationale, protection de la population, police",1
ZH,2005,"Aménagement du territoire et constructions, expropriation, travaux publics, énergie, transports, environnement",1
ZH,2006,"Droit civil.Dispositions d'introduction du code civil.Droit des personnes, état civil.Fondations, surveillance.Fondations LPP",1
ZH,2006,"Enseignement, sciences, documentation et culture.Reconnaissance des diplômes",1
ZH,2006,"Défense nationale, protection de la population, police.Sécurité intérieure.Police.Coopération en matière de police",2
ZH,2007,Etat,2
ZH,2007,"Droit civil.Dispositions d'introduction du code civil.Droit des personnes, état civil.Fondations, surveillance.Fondations LPP",1
ZH,2007,"Enseignement, sciences, documentation et culture",1
ZH,2008,Etat,1
ZH,2008,"Santé, travail, droit des assurances sociales, logement, homes",1
ZH,2009,"Enseignement, sciences, documentation et culture.Degré tertiaire: Hautes écoles.Pédagogie",1
ZH,2009,"Défense nationale, protection de la population, police.Sécurité intérieure.Police.Coopération en matière de police",2
ZH,2009,"Aménagement du territoire et constructions, expropriation, travaux publics, énergie, transports, environnement.Transports.Circulation routière.Police de la circulation",3
ZH,2009,"Santé, travail, droit des assurances sociales, logement, homes",1
ZH,2012,"Aménagement du territoire et constructions, expropriation, travaux publics, énergie, transports, environnement",2
ZH,2013,"Défense nationale, protection de la population, police.Protection de la population.Protection contre les incendies / éléments naturels.Protection contre le feu, pompiers",2
ZH,2013,"Aménagement du territoire et constructions, expropriation, travaux publics, énergie, transports, environnement.Protection de l'environnement.Déchets",2
ZH,2018,"Santé, travail, droit des assurances sociales, logement, homes",2
ZH,2018,Economie,1
ZH,2019,"Défense nationale, protection de la population, police.Sécurité intérieure.Police.Coopération en matière de police",1
ZH,2019,"Santé, travail, droit des assurances sociales, logement, homes",1
ZH,2020,Etat,1
ZH,2020,"Santé, travail, droit des assurances sociales, logement, homes",1
ZH,2022,Economie,1
ZH,2023,"Défense nationale, protection de la population, police.Sécurité intérieure.Police.Coopération en matière de police",1
ZH,2023,"Aménagement du territoire et constructions, expropriation, travaux publics, énergie, transports, environnement.Energie.Forces hydrauliques",1
ZH,2024,Droit civil,1
ZH,2024,"Aménagement du territoire et constructions, expropriation, travaux publics, énergie, transports, environnement.Protection de l'environnement.Produits toxiques et chimiques",1
ZH,2024,Economie.Arts et métiers.Services.Tourisme,1
ZH,2025,Droit civil,1
ZH,2025,"Défense nationale, protection de la population, police",1
ZH,2025,"Santé, travail, droit des assurances sociales, logement, homes",1
