# Swiss Law Collection — cantonal acts of type 'Parliamentary ordinance (decree)' by canton, year and topic (full systematics depth)
# counting_unit: published_copies — one count per canton whose collection publishes the act
# year = enactment year; 'unknown' rows are undated laws
# topic = the LexFind global-systematics path at the depth the source classifies the act, French labels joined by '.' (Etat.Dispositions générales.contrôle des habitants); acts classified only at the top level appear at that depth, unclassified ones as 'Non classé'
# same counts as the canton x year x domain export next to this file, keyed on the full code instead of its first segment: for any (canton, year) the two sum to the same number
# dotted codes and labels in de/fr/it/en: api/v1/categories/global_paths.json
# source: Calculs propres basés sur la base de données de l'Institut pour le fédéralisme (LexFind); https://swiss-law-as-source.github.io
canton,year,topic,number
AG,1869,"Finances, Impôts, monopoles, entreprises d'état.Monopoles, régales, entreprises d'état.Mines",1
AG,1908,"Enseignement, sciences, documentation et culture.Assurance de la qualité, surveillance, direction.Matériel scolaire",1
AG,1909,"Santé, travail, droit des assurances sociales, logement, homes.Santé.Hygiène.Denrées alimentaires, objets d'usage courant.Surveillance des aliments",1
AG,1915,"Droit civil.Dispositions d'introduction du code civil.Droits réels.Registre foncier, mensurations cadastrales",1
AG,1924,"Etat.Autorités.Gouvernement et administration.Droit du personnel.Pensions, prestations d'assurance",1
AG,1928,"Etat.Autorités.Gouvernement et administration.Droit du personnel.Pensions, prestations d'assurance",1
AG,1932,Etat,1
AG,1943,"Finances, Impôts, monopoles, entreprises d'état.Monopoles, régales, entreprises d'état.Alcool",1
AG,1943,Economie.Agriculture.Production animale.Commerce du bétail,1
AG,1944,"Santé, travail, droit des assurances sociales, logement, homes.Droit du travail.Offices de conciliation",1
AG,1948,"Aménagement du territoire et constructions, expropriation, travaux publics, énergie, transports, environnement.Aménagement du territoire et constructions.Plans",1
AG,1948,"Santé, travail, droit des assurances sociales, logement, homes.Droit des assurances sociales.Caisses de compensation",1
AG,1955,"Santé, travail, droit des assurances sociales, logement, homes.Assistance.Homes.Foyers pour enfants et adolescents",1
AG,1957,Economie.Agriculture.Améliorations foncières,1
AG,1959,Droit pénal.Droit pénal des mineurs et procédure pénale des mineurs,1
AG,1959,"Santé, travail, droit des assurances sociales, logement, homes",1
AG,1959,"Santé, travail, droit des assurances sociales, logement, homes.Assistance.Homes.Foyers pour enfants et adolescents",1
AG,1960,"Aménagement du territoire et constructions, expropriation, travaux publics, énergie, transports, environnement",1
AG,1964,"Etat.Autorités.Gouvernement et administration.Droit du personnel.Pensions, prestations d'assurance",1
AG,1966,"Aménagement du territoire et constructions, expropriation, travaux publics, énergie, transports, environnement.Protection de l'environnement.Protection des eaux",1
AG,1966,"Santé, travail, droit des assurances sociales, logement, homes.Assistance.Homes.Foyers pour enfants et adolescents",1
AG,1968,"Etat.Autorités.Gouvernement et administration.Droit du personnel.Pensions, prestations d'assurance",1
AG,1969,"Aménagement du territoire et constructions, expropriation, travaux publics, énergie, transports, environnement",1
AG,1971,Etat.Autorités.Gouvernement et administration.Droit du personnel.Engagement,1
AG,1971,"Etat.Autorités.Gouvernement et administration.Droit du personnel.Pensions, prestations d'assurance",1
AG,1971,"Aménagement du territoire et constructions, expropriation, travaux publics, énergie, transports, environnement",1
AG,1971,"Aménagement du territoire et constructions, expropriation, travaux publics, énergie, transports, environnement.Travaux publics.Routes.Routes nationales",1
AG,1972,"Finances, Impôts, monopoles, entreprises d'état.Finances.Contributions étatiques, subventions",1
AG,1972,"Aménagement du territoire et constructions, expropriation, travaux publics, énergie, transports, environnement",1
AG,1973,"Enseignement, sciences, documentation et culture.Degré prescolaire, école primaire, degré secondaire I.Ecole primaire, degré secondaire I",1
AG,1973,"Aménagement du territoire et constructions, expropriation, travaux publics, énergie, transports, environnement.Protection de la nature et du paysage.Protection de la nature",1
AG,1974,"Etat.Autorités.Organisation judiciaire.Autorités judiciaires.Juges d'instruction, Ministère public.Ministère public",1
AG,1975,Etat.Autorités.Gouvernement et administration.Gouvernement.Pensions,1
AG,1975,Etat.Autorités.Gouvernement et administration.Emoluments administratifs,1
AG,1975,"Aménagement du territoire et constructions, expropriation, travaux publics, énergie, transports, environnement.Transports.Funiculaires, téléphériques, téléskis",1
AG,1975,"Aménagement du territoire et constructions, expropriation, travaux publics, énergie, transports, environnement.Protection de la nature et du paysage.Protection des monuments et des biens culturels",1
AG,1976,"Défense nationale, protection de la population, police.Sécurité intérieure.Police.Police cantonale",1
AG,1977,Etat.Autorités.Gouvernement et administration.Emoluments administratifs,1
AG,1977,"Aménagement du territoire et constructions, expropriation, travaux publics, énergie, transports, environnement.Transports.Circulation routière.Impôts et taxes de la circulation",1
AG,1977,"Aménagement du territoire et constructions, expropriation, travaux publics, énergie, transports, environnement.Protection de la nature et du paysage.Protection du paysage",1
AG,1980,"Droit civil.Dispositions d'introduction du code civil.Droits réels.Registre foncier, mensurations cadastrales",1
AG,1981,Etat.Communes.Finances communales,1
AG,1981,"Santé, travail, droit des assurances sociales, logement, homes",1
AG,1982,"Aménagement du territoire et constructions, expropriation, travaux publics, énergie, transports, environnement.Protection de la nature et du paysage.Protection du paysage",1
AG,1984,"Enseignement, sciences, documentation et culture.Degré secondaire II.Ecoles moyennes supérieures, écoles des culture générale, écoles de degré diplôme",1
AG,1984,"Finances, Impôts, monopoles, entreprises d'état",1
AG,1985,"Enseignement, sciences, documentation et culture",1
AG,1985,"Enseignement, sciences, documentation et culture.Pédagogie spécialisée.Ecoles spécialisées",1
AG,1985,"Aménagement du territoire et constructions, expropriation, travaux publics, énergie, transports, environnement.Protection de la nature et du paysage.Protection du paysage",1
AG,1986,"Enseignement, sciences, documentation et culture.Degré secondaire II: Formation professionnelle initiale.Orientation professionnelle",1
AG,1986,"Aménagement du territoire et constructions, expropriation, travaux publics, énergie, transports, environnement.Protection de la nature et du paysage.Protection du paysage",1
AG,1987,Etat,1
AG,1987,"Etat.Autorités.Organisation judiciaire.Autorités judiciaires.Cours supérieures, tribunaux fédéraux",1
AG,1987,Etat.Professions juridiques.Avocats.Honoraires,1
AG,1987,"Droit civil.Procédure civile.Emoluments, frais",1
AG,1987,"Enseignement, sciences, documentation et culture.Pédagogie spécialisée.Ecoles spécialisées",1
AG,1987,Economie.Commerce.Protection des consommateurs,1
AG,1988,"Enseignement, sciences, documentation et culture.Degré secondaire II.Ecoles moyennes supérieures, écoles des culture générale, écoles de degré diplôme",1
AG,1988,"Aménagement du territoire et constructions, expropriation, travaux publics, énergie, transports, environnement.Protection de l'environnement.Protection des eaux",1
AG,1989,"Etat.Autorités.Organisation judiciaire.Autorités judiciaires.Tribunaux de district / d'arrondissement, juges de paix",1
AG,1989,Etat.Autorités.Organisation judiciaire.Rémunération et indemnités des juges,1
AG,1989,"Enseignement, sciences, documentation et culture.Contributions à la formation.Bourses d'études",1
AG,1989,"Aménagement du territoire et constructions, expropriation, travaux publics, énergie, transports, environnement",1
AG,1989,"Aménagement du territoire et constructions, expropriation, travaux publics, énergie, transports, environnement.Protection de l'environnement.Protection des eaux",1
AG,1990,Etat.Autorités.Gouvernement et administration.Gouvernement.Indemnités,1
AG,1990,"Etat.Autorités.Organisation judiciaire.Autorités judiciaires.Cours supérieures, tribunaux fédéraux",1
AG,1990,"Aménagement du territoire et constructions, expropriation, travaux publics, énergie, transports, environnement.Travaux publics.Aménagement des eaux.Utilisation des eaux",1
AG,1990,"Santé, travail, droit des assurances sociales, logement, homes.Santé.Etablissements hospitaliers, cliniques.Droits des patients",1
AG,1991,Etat,1
AG,1991,"Enseignement, sciences, documentation et culture.Degré secondaire II.Ecole moyenne",1
AG,1991,"Enseignement, sciences, documentation et culture.Formation continue (Degré quaternaire).Formation des adultes",1
AG,1993,"Enseignement, sciences, documentation et culture.Contributions à la formation.Ecolages",1
AG,1994,"Etat.Autorités.Gouvernement et administration.Droit du personnel.Traitements, indemnités",1
AG,1994,"Santé, travail, droit des assurances sociales, logement, homes.Droit des assurances sociales.Allocations familiales.Salariés et indépendants",1
AG,1994,Publications sans texte,1
AG,1995,"Aménagement du territoire et constructions, expropriation, travaux publics, énergie, transports, environnement.Travaux publics.Aménagement des eaux.Utilisation des eaux",1
AG,1995,"Santé, travail, droit des assurances sociales, logement, homes",1
AG,1996,"Finances, Impôts, monopoles, entreprises d'état",1
AG,1996,"Aménagement du territoire et constructions, expropriation, travaux publics, énergie, transports, environnement.Aménagement du territoire et constructions.Plans",1
AG,1996,"Aménagement du territoire et constructions, expropriation, travaux publics, énergie, transports, environnement.Travaux publics.Marchés publics",1
AG,1996,"Santé, travail, droit des assurances sociales, logement, homes.Droit des assurances sociales.LAMAL.Réduction des primes",1
AG,1996,Publications sans texte,1
AG,1997,"Enseignement, sciences, documentation et culture.Assurance de la qualité, surveillance, direction.Surveillance scolaire",1
AG,1997,"Finances, Impôts, monopoles, entreprises d'état.Finances.Contributions étatiques, subventions",1
AG,1998,"Finances, Impôts, monopoles, entreprises d'état",1
AG,1998,"Aménagement du territoire et constructions, expropriation, travaux publics, énergie, transports, environnement",2
AG,1998,"Aménagement du territoire et constructions, expropriation, travaux publics, énergie, transports, environnement.Aménagement du territoire et constructions.Plans",1
AG,1998,Publications sans texte,2
AG,1999,"Etat.Autorités.Gouvernement et administration.Droit du personnel.Traitements, indemnités",1
AG,1999,"Enseignement, sciences, documentation et culture.Degré tertiaire: Ecoles supérieures",1
AG,1999,"Enseignement, sciences, documentation et culture.Corps enseignant.Prévoyance professionnelle, caisses de pensions",1
AG,1999,"Aménagement du territoire et constructions, expropriation, travaux publics, énergie, transports, environnement",1
AG,1999,"Santé, travail, droit des assurances sociales, logement, homes",1
AG,1999,Publications sans texte,1
AG,2000,Etat.Autorités.Parlement.Indemnisation des parlementaires,1
AG,2000,"Finances, Impôts, monopoles, entreprises d'état.Impôts.Exonération et allégements fiscaux",1
AG,2001,"Enseignement, sciences, documentation et culture",1
AG,2002,Etat,1
AG,2002,Etat.Communes.Répartition des tâches entre canton et communes,1
AG,2003,"Etat.Autorités.Organisation judiciaire.Autorités judiciaires.Tribunaux administratifs, des assurances et des assurances sociales",1
AG,2003,"Etat.Autorités.Organisation judiciaire.Autorités judiciaires.Tribunaux de district / d'arrondissement, juges de paix",1
AG,2003,Etat.Communes.Répartition des tâches entre canton et communes,1
AG,2003,"Enseignement, sciences, documentation et culture.Degré secondaire II: Formation professionnelle initiale.Ecoles professionnelles.Enseignement ménager",1
AG,2003,"Enseignement, sciences, documentation et culture.Corps enseignant.Prévoyance professionnelle, caisses de pensions",1
AG,2003,"Santé, travail, droit des assurances sociales, logement, homes",1
AG,2004,"Etat.Autorités.Gouvernement et administration.Droit du personnel.Pensions, prestations d'assurance",1
AG,2004,"Enseignement, sciences, documentation et culture",1
AG,2004,"Enseignement, sciences, documentation et culture.Corps enseignant.Traitement, indemnités",1
AG,2005,Etat.Communes.Répartition des tâches entre canton et communes,1
AG,2005,"Défense nationale, protection de la population, police",1
AG,2005,"Finances, Impôts, monopoles, entreprises d'état.Finances.Budget, comptes",1
AG,2005,"Santé, travail, droit des assurances sociales, logement, homes",1
AG,2006,"Etat.Autorités.Gouvernement et administration.Droit du personnel.Pensions, prestations d'assurance",1
AG,2006,Droit pénal.Droit pénal des mineurs et procédure pénale des mineurs,1
AG,2007,"Enseignement, sciences, documentation et culture.Contributions à la formation.Bourses d'études",1
AG,2008,Etat.Autorités.Gouvernement et administration.Gouvernement.Indemnités,1
AG,2008,Etat.Autorités.Organisation judiciaire.Rémunération et indemnités des juges,1
AG,2008,"Aménagement du territoire et constructions, expropriation, travaux publics, énergie, transports, environnement.Travaux publics.Aménagement des eaux.Utilisation des eaux",1
AG,2009,"Enseignement, sciences, documentation et culture.Degré secondaire II.Ecole moyenne",1
AG,2010,"Etat.Dispositions générales.Territoire.Délimitations territoriales, districts",1
AG,2010,"Etat.Autorités.Gouvernement et administration.Droit du personnel.Pensions, prestations d'assurance",1
AG,2010,"Etat.Autorités.Organisation judiciaire.Autorités judiciaires.Tribunaux de district / d'arrondissement, juges de paix",1
AG,2010,Etat.Autorités.Organisation judiciaire.Rémunération et indemnités des juges,1
AG,2011,"Etat.Professions juridiques.Notaires.Taxes, tarifs",1
AG,2011,"Droit civil.Dispositions d'introduction du code civil.Droits réels.Registre foncier, mensurations cadastrales",1
AG,2011,"Aménagement du territoire et constructions, expropriation, travaux publics, énergie, transports, environnement.Aménagement du territoire et constructions.Plans",1
AG,2012,Etat.Autorités.Gouvernement et administration.New Public Management,1
AG,2015,"Finances, Impôts, monopoles, entreprises d'état",1
AG,2016,Etat.Autorités.Gouvernement et administration.Gouvernement.Pensions,1
AG,2016,Etat.Communes.Finances communales,1
AG,2016,Etat.Communes.Répartition des tâches entre canton et communes,1
AG,2016,"Santé, travail, droit des assurances sociales, logement, homes.Droit des assurances sociales.LAMAL.Réduction des primes",1
AG,2021,"Aménagement du territoire et constructions, expropriation, travaux publics, énergie, transports, environnement.Travaux publics.Marchés publics",1
AG,2024,"Aménagement du territoire et constructions, expropriation, travaux publics, énergie, transports, environnement.Aménagement du territoire et constructions.Plans",1
AG,2025,"Enseignement, sciences, documentation et culture.Degré prescolaire, école primaire, degré secondaire I.Ecole enfantine",1
AG,2025,"Enseignement, sciences, documentation et culture.Corps enseignant.Traitement, indemnités",1
AI,1876,Economie.Commerce.Poids et mesures. moyens de paiement,1
AI,1897,Droit civil,1
AI,1911,Droit civil.Dispositions générales d'introduction du code des obligations.Des divers contrats.Enchères,1
AI,1918,Droit civil,1
AI,1918,"Santé, travail, droit des assurances sociales, logement, homes.Droit du travail.Offices de conciliation",1
AI,1920,Etat.Dispositions générales.Territoire.Frontières,1
AI,1921,Etat.Dispositions générales.Territoire.Frontières,2
AI,1924,"Etat.Dispositions générales.Droits fondamentaux, droits politiques.droits politiques.Landsgemeinde",1
AI,1925,"Finances, Impôts, monopoles, entreprises d'état.Finances.Contributions étatiques, subventions",1
AI,1925,Non classé,1
AI,1937,Non classé,1
AI,1942,"Santé, travail, droit des assurances sociales, logement, homes.Droit du travail.Travail à domicile",1
AI,1943,Droit pénal,1
AI,1943,Economie.Agriculture.Production animale.Commerce du bétail,1
AI,1946,"Finances, Impôts, monopoles, entreprises d'état.Impôts.Impôts sur les successions et les donations",1
AI,1947,Droit civil,1
AI,1951,"Droit civil.Dispositions d'introduction du code civil.Droits réels.Registre foncier, mensurations cadastrales",1
AI,1958,Droit civil.Dispositions générales d'introduction du code des obligations.Des divers contrats.Prêt,1
AI,1959,"Santé, travail, droit des assurances sociales, logement, homes.Droit des assurances sociales.AVS/AI",1
AI,1960,"Finances, Impôts, monopoles, entreprises d'état.Monopoles, régales, entreprises d'état.Pétrole",1
AI,1962,"Etat.Dispositions générales.Territoire.Délimitations territoriales, districts",1
AI,1962,"Aménagement du territoire et constructions, expropriation, travaux publics, énergie, transports, environnement.Transports.Funiculaires, téléphériques, téléskis",1
AI,1966,"Santé, travail, droit des assurances sociales, logement, homes",1
AI,1968,Droit civil.Dispositions d'introduction du code civil.Droit de la famille.Tutelle,1
AI,1969,"Etat.Autorités.Gouvernement et administration.Droit du personnel.Pensions, prestations d'assurance",1
AI,1970,"Enseignement, sciences, documentation et culture.Degré prescolaire, école primaire, degré secondaire I.Ecole primaire, degré secondaire I",1
AI,1973,"Enseignement, sciences, documentation et culture",1
AI,1973,"Economie.Arts et métiers.Services.Restauration, Etablissements publics.Camping",1
AI,1974,"Finances, Impôts, monopoles, entreprises d'état.Monopoles, régales, entreprises d'état.Régale des sels",1
AI,1974,Economie.Arts et métiers.Services.Tourisme,1
AI,1976,Droit civil.Procédure civile.Entraide judiciaire,1
AI,1976,Droit pénal,1
AI,1976,"Défense nationale, protection de la population, police.Sécurité intérieure.Police.Coopération en matière de police",1
AI,1979,Etat,1
AI,1979,Non classé,1
AI,1980,Droit civil.Arbitrage,1
AI,1980,Non classé,1
AI,1981,"Défense nationale, protection de la population, police.Sécurité intérieure.Explosifs",1
AI,1981,Economie.Commerce.Surveillance des prix,1
AI,1983,"Santé, travail, droit des assurances sociales, logement, homes.Droit du travail.Employés.Dimanches et jours fériés",1
AI,1984,Etat.Autorités.Gouvernement et administration.Administration.Commissions,1
AI,1984,"Finances, Impôts, monopoles, entreprises d'état.Entreprises d'Etat.Banques cantonales",1
AI,1984,"Aménagement du territoire et constructions, expropriation, travaux publics, énergie, transports, environnement.Protection de la nature et du paysage.Protection des animaux",1
AI,1986,Droit civil.Dispositions générales d'introduction du code des obligations.Des divers contrats.Bail à loyer et à ferme.Bail à ferme agricole,1
AI,1986,"Finances, Impôts, monopoles, entreprises d'état.Finances.Contributions étatiques, subventions",1
AI,1987,Droit civil,1
AI,1987,Droit civil.Dispositions d'introduction du code civil.Droits réels.Estimation officielle des immeubles,1
AI,1988,"Santé, travail, droit des assurances sociales, logement, homes.Droit du travail.Marché du travail.Lutte contre les crises, réserves de crise bénéficiant d'allégements fiscaux",1
AI,1989,"Aménagement du territoire et constructions, expropriation, travaux publics, énergie, transports, environnement",1
AI,1989,"Santé, travail, droit des assurances sociales, logement, homes.Droit des assurances sociales.Prestations complémentaires",1
AI,1989,Economie,2
AI,1991,"Enseignement, sciences, documentation et culture.Formation continue (Degré quaternaire).Formation des adultes",1
AI,1992,"Aménagement du territoire et constructions, expropriation, travaux publics, énergie, transports, environnement",1
AI,1992,"Santé, travail, droit des assurances sociales, logement, homes.Logement.Mesures d'encouragement à la construction de logements",1
AI,1992,"Santé, travail, droit des assurances sociales, logement, homes.Logement.Logement dans les zones de montagne",1
AI,1993,"Aménagement du territoire et constructions, expropriation, travaux publics, énergie, transports, environnement",1
AI,1993,"Aménagement du territoire et constructions, expropriation, travaux publics, énergie, transports, environnement.Protection de l'environnement.Protection des eaux",1
AI,1993,"Santé, travail, droit des assurances sociales, logement, homes.Droit des assurances sociales.AVS/AI",1
AI,1994,Etat.Dispositions générales.Etablissement et séjour.Etablissement et séjour des étrangers.asile,1
AI,1994,"Enseignement, sciences, documentation et culture",1
AI,1994,"Finances, Impôts, monopoles, entreprises d'état.Monopoles, régales, entreprises d'état.Alcool",1
AI,1995,"Etat.Dispositions générales.Droits fondamentaux, droits politiques.égalité entre hommes et femmes",1
AI,1995,Droit pénal.Procédure pénale.Entraide judiciaire,1
AI,1995,"Finances, Impôts, monopoles, entreprises d'état.Finances.Budget, comptes",1
AI,1995,"Santé, travail, droit des assurances sociales, logement, homes",1
AI,1995,Non classé,1
AI,1996,Droit pénal,1
AI,1996,"Aménagement du territoire et constructions, expropriation, travaux publics, énergie, transports, environnement.Travaux publics.Routes.Chemins pédestres et de randonnée",1
AI,1996,Economie,1
AI,1996,Economie.Agriculture.Zones de montagne,2
AI,1996,Non classé,1
AI,1997,Etat.Dispositions générales.Droit de cité,1
AI,1997,"Enseignement, sciences, documentation et culture",2
AI,1997,Economie.Agriculture.Production animale.Commerce du bétail,1
AI,1997,Non classé,1
AI,1998,Etat,1
AI,1998,"Enseignement, sciences, documentation et culture.Degré secondaire II.Ecole moyenne",1
AI,1998,"Aménagement du territoire et constructions, expropriation, travaux publics, énergie, transports, environnement",2
AI,1998,"Santé, travail, droit des assurances sociales, logement, homes.Droit des assurances sociales.Prestations complémentaires",1
AI,1998,Non classé,1
AI,1999,"Enseignement, sciences, documentation et culture.Degré tertiaire: Ecoles supérieures",1
AI,1999,"Enseignement, sciences, documentation et culture.Art, culture, sport.Encouragement à la culture",1
AI,1999,"Défense nationale, protection de la population, police.Protection de la population.Protection contre les incendies / éléments naturels.Protection contre le feu, pompiers",1
AI,1999,"Défense nationale, protection de la population, police.Sécurité intérieure.Armes et munitions",1
AI,1999,Economie.Arts et métiers.Services.Tourisme,1
AI,2000,"Enseignement, sciences, documentation et culture.Assurance de la qualité, surveillance, direction.Médecine scolaire, services psychologiques scolaires",1
AI,2000,"Enseignement, sciences, documentation et culture.Art, culture, sport.Sport",1
AI,2000,"Finances, Impôts, monopoles, entreprises d'état",1
AI,2000,"Santé, travail, droit des assurances sociales, logement, homes.Santé.Soins à domicile",1
AI,2000,Economie.Agriculture.Culture des plantes.Lutte contre les parasites,1
AI,2000,Economie.Agriculture.Epizooties,1
AI,2000,Economie.Agriculture.Assurances des animaux,1
AI,2000,"Economie.Commerce.Marché intérieur, entraves techniques au commerce",1
AI,2001,Etat.Autorités.Gouvernement et administration.Administration.Départements,1
AI,2001,Etat.Autorités.Gouvernement et administration.Emoluments administratifs,2
AI,2001,"Défense nationale, protection de la population, police.Sécurité intérieure.Police.Police cantonale",1
AI,2001,"Aménagement du territoire et constructions, expropriation, travaux publics, énergie, transports, environnement",1
AI,2001,"Aménagement du territoire et constructions, expropriation, travaux publics, énergie, transports, environnement.Travaux publics.Marchés publics",1
AI,2001,"Santé, travail, droit des assurances sociales, logement, homes.Assistance.Aide sociale",1
AI,2001,Economie.Agriculture.Lait,1
AI,2002,Etat.Professions juridiques.Avocats.Honoraires,1
AI,2002,"Finances, Impôts, monopoles, entreprises d'état",1
AI,2002,"Finances, Impôts, monopoles, entreprises d'état.Finances.Contributions étatiques, subventions",1
AI,2002,"Aménagement du territoire et constructions, expropriation, travaux publics, énergie, transports, environnement",1
AI,2002,"Aménagement du territoire et constructions, expropriation, travaux publics, énergie, transports, environnement.Aménagement du territoire et constructions.Plans",1
AI,2002,"Aménagement du territoire et constructions, expropriation, travaux publics, énergie, transports, environnement.Protection de la nature et du paysage.Protection du paysage",1
AI,2002,"Santé, travail, droit des assurances sociales, logement, homes.Assistance.Avances sur les pensions alimentaires",1
AI,2002,Non classé,1
AI,2003,"Droit civil.Dispositions d'introduction du code civil.Droit de la famille.Accueil familial, adoption",1
AI,2003,"Santé, travail, droit des assurances sociales, logement, homes",1
AI,2003,"Santé, travail, droit des assurances sociales, logement, homes.Santé.Hygiène.Inhumations, cimetières",1
AI,2003,Economie.Arts et métiers.Services.Crédit à la consommation,1
AI,2004,"Droit civil.Dispositions d'introduction du code civil.Droits réels.Registre foncier, mensurations cadastrales",1
AI,2004,"Enseignement, sciences, documentation et culture",1
AI,2004,"Enseignement, sciences, documentation et culture.Degré prescolaire, école primaire, degré secondaire I.Ecole enfantine",1
AI,2004,Economie.Agriculture.Mesures d'encouragement,1
AI,2004,Non classé,1
AI,2005,Etat.Dispositions générales.Collaboration intercantonale,1
AI,2005,"Etat.Autorités.Organisation judiciaire.Autorités judiciaires.Tribunaux de district / d'arrondissement, juges de paix",1
AI,2005,"Droit civil.Dispositions d'introduction du code civil.Droits réels.Registre foncier, mensurations cadastrales",1
AI,2005,"Enseignement, sciences, documentation et culture.Formation continue (Degré quaternaire).Formation des adultes",1
AI,2005,"Défense nationale, protection de la population, police.Sécurité intérieure.Maintien de la tranquillité et de l'ordre public.Chiens, animaux dangereux",1
AI,2005,"Finances, Impôts, monopoles, entreprises d'état.Impôts.Impôts sur le revenu et la fortune / impôts sur les bénéfices et les capitaux.Impôt cantonal",1
AI,2005,"Aménagement du territoire et constructions, expropriation, travaux publics, énergie, transports, environnement.Travaux publics.Marchés publics",1
AI,2005,Economie.Développement économiques dans les régions de montagne,1
AI,2005,Non classé,1
AI,2006,"Enseignement, sciences, documentation et culture",1
AI,2006,"Finances, Impôts, monopoles, entreprises d'état.Finances.Contributions étatiques, subventions",1
AI,2007,"Etat.Dispositions générales.Territoire.Délimitations territoriales, districts",1
AI,2007,"Droit civil.Dispositions d'introduction du code civil.Droit des personnes, état civil.Fondations, surveillance.Fondations LPP",2
AI,2008,Etat.Dispositions générales.Etablissement et séjour.Etablissement et séjour Suisses.contrôle des habitants,1
AI,2008,Droit pénal.Procédure pénale.Aide aux victimes d'infractions,1
AI,2008,"Enseignement, sciences, documentation et culture.Art, culture, sport.Sport",1
AI,2009,Etat.Dispositions générales.Etablissement et séjour.Etablissement et séjour des étrangers.intégration,1
AI,2009,Etat.Autorités.Protection des données,1
AI,2009,Droit pénal.Amendes d'ordre,1
AI,2010,"Aménagement du territoire et constructions, expropriation, travaux publics, énergie, transports, environnement.Transports.Conduites",1
AI,2011,"Défense nationale, protection de la population, police.Sécurité intérieure.Entreprises de sécurité",1
AI,2012,"Enseignement, sciences, documentation et culture.Art, culture, sport.Sport",2
AI,2012,"Défense nationale, protection de la population, police",1
AI,2012,"Défense nationale, protection de la population, police.Protection de la population.Approvisionnement du pays",1
AI,2012,"Aménagement du territoire et constructions, expropriation, travaux publics, énergie, transports, environnement.Protection de la nature et du paysage.Protection des monuments et des biens culturels",1
AI,2014,"Enseignement, sciences, documentation et culture.Contributions à la formation.Bourses d'études",1
AI,2014,"Finances, Impôts, monopoles, entreprises d'état.Impôts.Impôts sur le revenu et la fortune / impôts sur les bénéfices et les capitaux.Impôt fédéral",1
AI,2015,"Enseignement, sciences, documentation et culture",1
AI,2016,Non classé,2
AI,2017,"Etat.Dispositions générales.Droits fondamentaux, droits politiques.droits politiques.Landsgemeinde",1
AI,2018,"Enseignement, sciences, documentation et culture.Pédagogie spécialisée.Enfants surdoués",1
AI,2018,"Finances, Impôts, monopoles, entreprises d'état.Monopoles, régales, entreprises d'état.Mines",1
AI,2019,Etat.Communes.Fusions communales,1
AI,2019,"Enseignement, sciences, documentation et culture",1
AI,2019,Non classé,2
AI,2021,"Etat.Dispositions générales.Droits fondamentaux, droits politiques.droits politiques.Elections et votations",1
AI,2021,"Défense nationale, protection de la population, police.Défense.Obligations militaires",1
AI,2021,"Aménagement du territoire et constructions, expropriation, travaux publics, énergie, transports, environnement.Travaux publics.Marchés publics",1
AI,2022,"Aménagement du territoire et constructions, expropriation, travaux publics, énergie, transports, environnement.Travaux publics.Marchés publics",1
AI,2022,"Aménagement du territoire et constructions, expropriation, travaux publics, énergie, transports, environnement.Protection de l'environnement.Protection contre les radiations",1
AI,2024,Etat.Autorités.Protection des données,1
AI,2024,Economie.Agriculture.Epizooties,1
AI,2025,"Aménagement du territoire et constructions, expropriation, travaux publics, énergie, transports, environnement.Protection de la nature et du paysage.Protection des animaux",1
AI,2026,Non classé,1
AR,1912,Etat.Dispositions générales.Publications officielles.feuilles officielles,1
AR,1913,Economie.Commerce.Poids et mesures. moyens de paiement,1
AR,1917,"Finances, Impôts, monopoles, entreprises d'état.Monopoles, régales, entreprises d'état.Alcool",1
AR,1931,"Santé, travail, droit des assurances sociales, logement, homes.Santé.Lutte contre les maladies.Tuberculose",1
AR,1932,Economie.Commerce.Commerce itinérant,1
AR,1942,"Santé, travail, droit des assurances sociales, logement, homes",1
AR,1947,"Santé, travail, droit des assurances sociales, logement, homes.Droit des assurances sociales.AVS/AI",1
AR,1949,"Santé, travail, droit des assurances sociales, logement, homes.Droit des assurances sociales.AVS/AI",1
AR,1953,"Santé, travail, droit des assurances sociales, logement, homes.Logement.Logement dans les zones de montagne",1
AR,1957,Droit civil.Dispositions générales d'introduction du code des obligations.Des divers contrats.Contrat de travail.Conventions collectives.Déclaration de force obligatoire générale,1
AR,1959,"Aménagement du territoire et constructions, expropriation, travaux publics, énergie, transports, environnement.Protection de la nature et du paysage.Protection de la nature",1
AR,1965,"Santé, travail, droit des assurances sociales, logement, homes.Santé.Substances thérapeutiques, stupéfiants",1
AR,1966,"Santé, travail, droit des assurances sociales, logement, homes",1
AR,1966,"Santé, travail, droit des assurances sociales, logement, homes.Logement.Mesures d'encouragement à la construction de logements",1
AR,1967,"Finances, Impôts, monopoles, entreprises d'état.Impôts.Impôts sur le revenu et la fortune / impôts sur les bénéfices et les capitaux.Imputation forfaitaire d'impôt",1
AR,1973,"Droit civil.Dispositions d'introduction du code civil.Droit de la famille.Accueil familial, adoption",1
AR,1975,"Aménagement du territoire et constructions, expropriation, travaux publics, énergie, transports, environnement.Transports.Funiculaires, téléphériques, téléskis",1
AR,1976,"Santé, travail, droit des assurances sociales, logement, homes",1
AR,1978,"Défense nationale, protection de la population, police",1
AR,1979,Etat,1
AR,1981,Etat.Autorités.Gouvernement et administration.Procédure administrative,1
AR,1981,"Etat.Autorités.Organisation judiciaire.Emoluments judiciaires, frais de justice",1
AR,1981,Droit pénal.Procédure pénale.Entraide judiciaire,1
AR,1981,"Défense nationale, protection de la population, police.Sécurité intérieure.Explosifs",1
AR,1981,"Aménagement du territoire et constructions, expropriation, travaux publics, énergie, transports, environnement.Travaux publics.Aménagement des eaux.Corrections des eaux / Protection contre les crues",1
AR,1981,Economie,1
AR,1983,"Aménagement du territoire et constructions, expropriation, travaux publics, énergie, transports, environnement",1
AR,1983,"Aménagement du territoire et constructions, expropriation, travaux publics, énergie, transports, environnement.Protection de la nature et du paysage.Protection des animaux",1
AR,1985,"Santé, travail, droit des assurances sociales, logement, homes.Droit du travail.Travail à domicile",1
AR,1986,Droit civil.Dispositions générales d'introduction du code des obligations.Des divers contrats.Bail à loyer et à ferme.Bail à ferme agricole,1
AR,1988,Etat,1
AR,1988,"Enseignement, sciences, documentation et culture.Contributions à la formation.Bourses d'études",1
AR,1988,"Enseignement, sciences, documentation et culture.Documentation.Archives",1
AR,1989,"Finances, Impôts, monopoles, entreprises d'état.Monopoles, régales, entreprises d'état.Alcool",1
AR,1990,Etat,1
AR,1990,"Santé, travail, droit des assurances sociales, logement, homes",1
AR,1991,"Finances, Impôts, monopoles, entreprises d'état.Finances.Contributions étatiques, subventions",1
AR,1991,"Aménagement du territoire et constructions, expropriation, travaux publics, énergie, transports, environnement",1
AR,1992,Etat.Dispositions générales.Etablissement et séjour.Etablissement et séjour des étrangers.asile,1
AR,1992,Droit pénal.Procédure pénale.Aide aux victimes d'infractions,1
AR,1992,"Santé, travail, droit des assurances sociales, logement, homes",1
AR,1992,"Santé, travail, droit des assurances sociales, logement, homes.Droit des assurances sociales.AVS/AI",1
AR,1992,Economie.Arts et métiers.Services.Tourisme,1
AR,1993,"Finances, Impôts, monopoles, entreprises d'état.Impôts.Impôts sur les chiens",1
AR,1993,Economie.Agriculture.Droit foncier rural,1
AR,1994,Droit civil.Dispositions d'introduction du code civil.Droit de la famille.Privation de liberté à des fins d'assistance,1
AR,1995,"Défense nationale, protection de la population, police.Protection de la population.Protection contre les incendies / éléments naturels.Protection contre le feu, pompiers",1
AR,1995,"Santé, travail, droit des assurances sociales, logement, homes.Santé.Hygiène.Inhumations, cimetières",1
AR,1996,"Santé, travail, droit des assurances sociales, logement, homes",2
AR,1996,"Santé, travail, droit des assurances sociales, logement, homes.Santé.Hygiène.Denrées alimentaires, objets d'usage courant.Surveillance des aliments",1
AR,1996,Economie,1
AR,1998,Droit civil.Dispositions générales d'introduction du code des obligations.Droit commercial.Registre du commerce,1
AR,1998,"Santé, travail, droit des assurances sociales, logement, homes.Droit des assurances sociales.Assurance-chômage",1
AR,1998,Economie.Agriculture.Epizooties,1
AR,1999,Etat.Autorités.Gouvernement et administration.Gouvernement.Indemnités,1
AR,1999,"Etat.Autorités.Gouvernement et administration.Droit du personnel.Pensions, prestations d'assurance",1
AR,1999,"Finances, Impôts, monopoles, entreprises d'état.Monopoles, régales, entreprises d'état.Alcool",1
AR,1999,Economie,1
AR,1999,Economie.Agriculture.Mesures d'encouragement,1
AR,1999,Economie.Agriculture.Zones de montagne,1
AR,2001,"Enseignement, sciences, documentation et culture.Degré prescolaire, école primaire, degré secondaire I.Ecole enfantine",1
AR,2001,"Enseignement, sciences, documentation et culture.Corps enseignant.Engagement",1
AR,2003,Etat,1
AR,2003,Etat.Autorités.Organisation judiciaire.Rémunération et indemnités des juges,1
AR,2003,"Santé, travail, droit des assurances sociales, logement, homes.Santé.Hygiène.Piscines",1
AR,2004,"Aménagement du territoire et constructions, expropriation, travaux publics, énergie, transports, environnement.Travaux publics.Marchés publics",1
AR,2006,Etat,1
AR,2006,"Etat.Autorités.Gouvernement et administration.Droit du personnel.Pensions, prestations d'assurance",1
AR,2006,"Aménagement du territoire et constructions, expropriation, travaux publics, énergie, transports, environnement.Expropriation",1
AR,2007,"Santé, travail, droit des assurances sociales, logement, homes.Droit du travail.Marché du travail.Travail au noir",1
BE,1828,Etat.Eglise et Etat.Eglise catholique romaine,1
BE,1846,Droit civil.Dispositions d'introduction du code civil.Droit des successions,1
BE,1852,Etat,1
BE,1874,"Santé, travail, droit des assurances sociales, logement, homes.Santé.Hygiène.Inhumations, cimetières",1
BE,1875,"Aménagement du territoire et constructions, expropriation, travaux publics, énergie, transports, environnement.Travaux publics.Aménagement des eaux.Corrections des eaux / Protection contre les crues",1
BE,1876,"Santé, travail, droit des assurances sociales, logement, homes.Santé.Hygiène.Inhumations, cimetières",1
BE,1877,Etat.Eglise et Etat.Eglise catholique romaine,1
BE,1909,"Etat.Autorités.Organisation judiciaire.Autorités judiciaires.Cours supérieures, tribunaux fédéraux",1
BE,1911,"Droit civil.Dispositions d'introduction du code civil.Droits réels.Registre foncier, mensurations cadastrales",1
BE,1938,Etat,1
BE,1939,"Défense nationale, protection de la population, police",1
BE,1943,Economie.Agriculture.Production animale.Commerce du bétail,1
BE,1949,"Finances, Impôts, monopoles, entreprises d'état.Impôts.Interdiction des arrangements fiscaux",1
BE,1951,"Enseignement, sciences, documentation et culture.Degré prescolaire, école primaire, degré secondaire I.Ecole enfantine",1
BE,1959,"Santé, travail, droit des assurances sociales, logement, homes",1
BE,1964,"Aménagement du territoire et constructions, expropriation, travaux publics, énergie, transports, environnement",1
BE,1970,"Aménagement du territoire et constructions, expropriation, travaux publics, énergie, transports, environnement",1
BE,1971,"Etat.Autorités.Organisation judiciaire.Autorités judiciaires.Prud'hommes, Tribunaux des baux à loyer",1
BE,1971,"Enseignement, sciences, documentation et culture.Pédagogie spécialisée.Classes spéciales",1
BE,1971,"Santé, travail, droit des assurances sociales, logement, homes.Assistance.Aide sociale",1
BE,1972,"Aménagement du territoire et constructions, expropriation, travaux publics, énergie, transports, environnement",1
BE,1972,"Santé, travail, droit des assurances sociales, logement, homes.Santé.Substances thérapeutiques, stupéfiants",1
BE,1973,Etat.Professions juridiques.Avocats.Honoraires,1
BE,1973,"Finances, Impôts, monopoles, entreprises d'état.Finances.Contributions étatiques, subventions",1
BE,1974,"Santé, travail, droit des assurances sociales, logement, homes",1
BE,1975,"Enseignement, sciences, documentation et culture.Art, culture, sport.Encouragement à la culture",2
BE,1978,Etat.Dispositions générales.Collaboration intercantonale,1
BE,1979,Etat.Eglise et Etat.Eglise évangélique réformée,1
BE,1980,Etat,1
BE,1980,Etat.Eglise et Etat.Eglise évangélique réformée,1
BE,1980,"Défense nationale, protection de la population, police",1
BE,1980,"Santé, travail, droit des assurances sociales, logement, homes.Logement.Logement dans les zones de montagne",1
BE,1981,"Finances, Impôts, monopoles, entreprises d'état.Finances.Contributions étatiques, subventions",1
BE,1981,"Aménagement du territoire et constructions, expropriation, travaux publics, énergie, transports, environnement",1
BE,1982,Etat.Eglise et Etat.Eglise évangélique réformée,1
BE,1985,Etat.Autorités.Organisation judiciaire.Personnel des tribunaux,1
BE,1985,Etat.Eglise et Etat.Eglise évangélique réformée,1
BE,1985,"Aménagement du territoire et constructions, expropriation, travaux publics, énergie, transports, environnement.Aménagement du territoire et constructions.Equipement",1
BE,1985,"Aménagement du territoire et constructions, expropriation, travaux publics, énergie, transports, environnement.Aménagement du territoire et constructions.Remembrements",1
BE,1986,"Etat.Autorités.Organisation judiciaire.Autorités judiciaires.Cours supérieures, tribunaux fédéraux",1
BE,1986,"Finances, Impôts, monopoles, entreprises d'état",1
BE,1987,"Etat.Autorités.Organisation judiciaire.Emoluments judiciaires, frais de justice",1
BE,1988,Etat,1
BE,1989,Etat.Autorités.Organisation judiciaire.Personnel des tribunaux,1
BE,1990,"Aménagement du territoire et constructions, expropriation, travaux publics, énergie, transports, environnement.Transports.Navigation.Impôts et taxes sur les bateaux",1
BE,1991,"Aménagement du territoire et constructions, expropriation, travaux publics, énergie, transports, environnement",1
BE,1992,"Etat.Autorités.Organisation judiciaire.Autorités judiciaires.Cours supérieures, tribunaux fédéraux",1
BE,1992,Droit pénal.Droit pénal des mineurs et procédure pénale des mineurs,1
BE,1992,"Santé, travail, droit des assurances sociales, logement, homes.Logement.Mesures d'encouragement à la construction de logements",1
BE,1993,"Enseignement, sciences, documentation et culture.Corps enseignant.Engagement",1
BE,1994,"Aménagement du territoire et constructions, expropriation, travaux publics, énergie, transports, environnement.Aménagement du territoire et constructions.Procédure",1
BE,1995,"Etat.Autorités.Organisation judiciaire.Autorités judiciaires.Juges d'instruction, Ministère public.Ministère public",1
BE,1995,Droit civil.Dispositions générales d'introduction du code des obligations.Droit commercial.Registre du commerce,1
BE,1995,"Droit civil.Procédure civile.Emoluments, frais",1
BE,1995,Droit pénal.Procédure pénale.Emoluments,2
BE,1995,"Finances, Impôts, monopoles, entreprises d'état",1
BE,1995,"Santé, travail, droit des assurances sociales, logement, homes",1
BE,1996,Etat.Autorités.Gouvernement et administration.Emoluments administratifs,1
BE,1996,Etat.Eglise et Etat.Eglise catholique romaine,1
BE,1996,Etat.Eglise et Etat.Eglise catholique chrétienne,1
BE,1996,"Enseignement, sciences, documentation et culture.Corps enseignant.Personnel des universités",1
BE,1996,"Aménagement du territoire et constructions, expropriation, travaux publics, énergie, transports, environnement.Travaux publics.Aménagement des eaux.Utilisation des eaux",1
BE,1997,Droit civil.Dispositions d'introduction du code civil.Droits réels.Estimation officielle des immeubles,1
BE,1999,Etat.Eglise et Etat.Eglise catholique romaine,1
BE,1999,Etat.Eglise et Etat.Eglise évangélique réformée,1
BE,1999,"Aménagement du territoire et constructions, expropriation, travaux publics, énergie, transports, environnement",1
BE,2000,"Economie.Commerce.Marché intérieur, entraves techniques au commerce",1
BE,2002,"Enseignement, sciences, documentation et culture",1
BE,2002,Economie,1
BE,2003,"Santé, travail, droit des assurances sociales, logement, homes.Santé.Substances thérapeutiques, stupéfiants",1
BE,2004,"Enseignement, sciences, documentation et culture",1
BE,2004,"Défense nationale, protection de la population, police.Sécurité intérieure.Police.Personnel",1
BE,2005,Economie,1
BE,2006,Etat.Dispositions générales.Collaboration intercantonale,1
BE,2006,"Enseignement, sciences, documentation et culture",2
BE,2007,"Enseignement, sciences, documentation et culture",1
BE,2007,"Enseignement, sciences, documentation et culture.Degré prescolaire, école primaire, degré secondaire I.Ecole primaire, degré secondaire I",1
BE,2008,Etat.Autorités.Protection des données,1
BE,2008,"Enseignement, sciences, documentation et culture.Degré prescolaire, école primaire, degré secondaire I.Ecole primaire, degré secondaire I",1
BE,2008,"Enseignement, sciences, documentation et culture.Art, culture, sport.Sport",1
BE,2008,"Santé, travail, droit des assurances sociales, logement, homes",1
BE,2009,"Enseignement, sciences, documentation et culture",1
BE,2009,"Défense nationale, protection de la population, police.Sécurité intérieure.Police.Coopération en matière de police",1
BE,2010,Etat,1
BE,2010,"Etat.Autorités.Organisation judiciaire.Emoluments judiciaires, frais de justice",1
BE,2011,"Droit civil.Dispositions d'introduction du code civil.Droit des personnes, état civil.Fondations, surveillance.Fondations LPP",1
BE,2011,"Enseignement, sciences, documentation et culture",1
BE,2011,"Finances, Impôts, monopoles, entreprises d'état",1
BE,2013,Etat,1
BE,2013,"Enseignement, sciences, documentation et culture.Assurance de la qualité, surveillance, direction.Matériel scolaire",1
BE,2014,"Enseignement, sciences, documentation et culture",1
BE,2015,"Enseignement, sciences, documentation et culture",1
BE,2016,"Santé, travail, droit des assurances sociales, logement, homes.Santé.Professions médicales.Médecins",1
BE,2019,Etat,1
BE,2020,Etat.Dispositions générales.Territoire.Frontières,1
BE,2020,Etat.Autorités.Protection des données,1
BE,2020,"Défense nationale, protection de la population, police.Sécurité intérieure.Police.Coopération en matière de police",1
BE,2024,"Défense nationale, protection de la population, police.Sécurité intérieure.Police.Coopération en matière de police",1
BL,1886,"Aménagement du territoire et constructions, expropriation, travaux publics, énergie, transports, environnement.Transports.Transports publics.Transports ferroviaires",1
BL,1911,Economie.Agriculture.Production animale.Commerce du bétail,1
BL,1919,"Finances, Impôts, monopoles, entreprises d'état.Monopoles, régales, entreprises d'état.Mines",1
BL,1920,"Santé, travail, droit des assurances sociales, logement, homes",1
BL,1921,"Finances, Impôts, monopoles, entreprises d'état",1
BL,1943,"Etat.Autorités.Gouvernement et administration.Droit du personnel.Pensions, prestations d'assurance",1
BL,1952,"Aménagement du territoire et constructions, expropriation, travaux publics, énergie, transports, environnement",2
BL,1956,Droit civil.Dispositions générales d'introduction du code des obligations.Des divers contrats.Contrat de travail.Conventions collectives.Déclaration de force obligatoire générale,1
BL,1960,"Aménagement du territoire et constructions, expropriation, travaux publics, énergie, transports, environnement.Travaux publics.Routes.Routes nationales",1
BL,1961,"Aménagement du territoire et constructions, expropriation, travaux publics, énergie, transports, environnement",1
BL,1967,Etat,1
BL,1967,"Finances, Impôts, monopoles, entreprises d'état.Impôts.Impôt anticipé",1
BL,1970,"Aménagement du territoire et constructions, expropriation, travaux publics, énergie, transports, environnement.Aménagement du territoire et constructions.Plans",1
BL,1971,"Finances, Impôts, monopoles, entreprises d'état",1
BL,1971,"Finances, Impôts, monopoles, entreprises d'état.Monopoles, régales, entreprises d'état.Régale des sels",1
BL,1973,"Santé, travail, droit des assurances sociales, logement, homes.Santé.Substances thérapeutiques, stupéfiants",1
BL,1974,"Finances, Impôts, monopoles, entreprises d'état.Impôts.Impôts sur le revenu et la fortune / impôts sur les bénéfices et les capitaux.Impôt cantonal",1
BL,1974,"Finances, Impôts, monopoles, entreprises d'état.Monopoles, régales, entreprises d'état.Pétrole",1
BL,1975,Economie,1
BL,1978,Etat.Professions juridiques.Notaires.Légalisation,1
BL,1979,Etat.Autorités.Gouvernement et administration.Gouvernement.Pensions,1
BL,1980,"Finances, Impôts, monopoles, entreprises d'état",1
BL,1980,Economie.Promotion de l'économie,1
BL,1981,"Défense nationale, protection de la population, police.Sécurité intérieure.Explosifs",1
BL,1982,Droit pénal.Procédure pénale.Entraide judiciaire,1
BL,1983,Etat,1
BL,1983,"Finances, Impôts, monopoles, entreprises d'état",1
BL,1983,"Santé, travail, droit des assurances sociales, logement, homes.Santé.Lutte contre les maladies.Epidémies, pandémies",1
BL,1983,"Santé, travail, droit des assurances sociales, logement, homes.Droit du travail.Travail à domicile",1
BL,1983,"Santé, travail, droit des assurances sociales, logement, homes.Droit des assurances sociales.LAA",1
BL,1984,"Enseignement, sciences, documentation et culture",1
BL,1985,Economie,1
BL,1985,Economie.Commerce.Poids et mesures. moyens de paiement,1
BL,1989,Etat,1
BL,1989,"Enseignement, sciences, documentation et culture.Assurance de la qualité, surveillance, direction.Médecine scolaire, services psychologiques scolaires",1
BL,1990,"Aménagement du territoire et constructions, expropriation, travaux publics, énergie, transports, environnement",1
BL,1990,"Santé, travail, droit des assurances sociales, logement, homes",1
BL,1991,"Santé, travail, droit des assurances sociales, logement, homes",1
BL,1992,"Aménagement du territoire et constructions, expropriation, travaux publics, énergie, transports, environnement.Protection de la nature et du paysage.Protection des animaux",1
BL,1993,"Aménagement du territoire et constructions, expropriation, travaux publics, énergie, transports, environnement.Aménagement du territoire et constructions.Plans",1
BL,1994,Etat,1
BL,1995,"Droit civil.Dispositions d'introduction du code civil.Droits réels.Registre foncier, mensurations cadastrales",1
BL,1995,"Aménagement du territoire et constructions, expropriation, travaux publics, énergie, transports, environnement.Travaux publics.Bâtiments et terrains publics",1
BL,1996,"Finances, Impôts, monopoles, entreprises d'état.Finances.Budget, comptes",1
BL,1996,"Aménagement du territoire et constructions, expropriation, travaux publics, énergie, transports, environnement.Protection de l'environnement.Protection des eaux",1
BL,1997,"Aménagement du territoire et constructions, expropriation, travaux publics, énergie, transports, environnement.Travaux publics.Aménagement des eaux.Utilisation des eaux",1
BL,1998,"Santé, travail, droit des assurances sociales, logement, homes",1
BL,1998,Economie,1
BL,1999,Etat,1
BL,2000,Etat,1
BL,2001,Etat,1
BL,2001,Etat.Communes.Répartition des tâches entre canton et communes,1
BL,2002,"Santé, travail, droit des assurances sociales, logement, homes.Droit des assurances sociales.LAMAL.Réduction des primes",1
BL,2003,"Aménagement du territoire et constructions, expropriation, travaux publics, énergie, transports, environnement.Transports.Circulation routière.Impôts et taxes de la circulation",1
BL,2004,"Etat.Autorités.Gouvernement et administration.Droit du personnel.Pensions, prestations d'assurance",1
BL,2005,"Finances, Impôts, monopoles, entreprises d'état.Entreprises d'Etat.Banques cantonales",1
BL,2006,Etat.Eglise et Etat.Eglise évangélique réformée,1
BL,2006,"Droit civil.Dispositions d'introduction du code civil.Droit des personnes, état civil.Partenariat enregistré",1
BL,2007,"Finances, Impôts, monopoles, entreprises d'état.Finances.Péréquation financière.Coopération intercantonale avec compensation des charges",1
BL,2008,"Finances, Impôts, monopoles, entreprises d'état.Impôts.Impôts sur le revenu et la fortune / impôts sur les bénéfices et les capitaux.Coefficient d'impôt",1
BL,2008,"Aménagement du territoire et constructions, expropriation, travaux publics, énergie, transports, environnement",1
BL,2010,Droit pénal.Procédure pénale.Codes de procédure pénale,1
BL,2010,"Enseignement, sciences, documentation et culture.Assurance de la qualité, surveillance, direction.Arrondissements scolaires",1
BL,2013,"Finances, Impôts, monopoles, entreprises d'état.Finances.Contributions étatiques, subventions",1
BL,2014,"Finances, Impôts, monopoles, entreprises d'état.Impôts.Impôts sur le revenu et la fortune / impôts sur les bénéfices et les capitaux.Coefficient d'impôt",1
BL,2016,"Finances, Impôts, monopoles, entreprises d'état.Impôts.Impôts sur le revenu et la fortune / impôts sur les bénéfices et les capitaux.Coefficient d'impôt",1
BL,2017,"Défense nationale, protection de la population, police.Protection de la population.Protection contre les incendies / éléments naturels.Protection contre les incendies",1
BL,2017,"Finances, Impôts, monopoles, entreprises d'état.Impôts.Impôts sur le revenu et la fortune / impôts sur les bénéfices et les capitaux.Coefficient d'impôt",1
BL,2017,"Aménagement du territoire et constructions, expropriation, travaux publics, énergie, transports, environnement",1
BL,2018,"Finances, Impôts, monopoles, entreprises d'état.Impôts.Impôts sur le revenu et la fortune / impôts sur les bénéfices et les capitaux.Coefficient d'impôt",1
BL,2019,"Finances, Impôts, monopoles, entreprises d'état.Impôts.Impôts sur le revenu et la fortune / impôts sur les bénéfices et les capitaux.Coefficient d'impôt",1
BL,2020,"Finances, Impôts, monopoles, entreprises d'état.Impôts.Impôts sur le revenu et la fortune / impôts sur les bénéfices et les capitaux.Coefficient d'impôt",1
BL,2020,"Santé, travail, droit des assurances sociales, logement, homes.Santé.Etablissements hospitaliers, cliniques.Hôpitaux cantonaux",1
BL,2022,"Finances, Impôts, monopoles, entreprises d'état",1
BL,2025,"Aménagement du territoire et constructions, expropriation, travaux publics, énergie, transports, environnement.Protection de la nature et du paysage.Protection de la nature",1
BS,1883,"Enseignement, sciences, documentation et culture.Degré tertiaire: universités.Faculté de sciences naturelles",1
BS,1891,Etat,1
BS,1896,Etat,1
BS,1900,Etat,1
BS,1901,"Aménagement du territoire et constructions, expropriation, travaux publics, énergie, transports, environnement.Transports.Transports publics.Transports ferroviaires",1
BS,1906,"Aménagement du territoire et constructions, expropriation, travaux publics, énergie, transports, environnement.Travaux publics.Aménagement des eaux.Corrections des eaux / Protection contre les crues",1
BS,1940,"Aménagement du territoire et constructions, expropriation, travaux publics, énergie, transports, environnement.Protection de l'environnement.Protection des eaux",1
BS,1943,"Enseignement, sciences, documentation et culture.Degré tertiaire: universités.Faculté de sciences naturelles",1
BS,1955,"Finances, Impôts, monopoles, entreprises d'état.Impôts.Exonération et allégements fiscaux",1
BS,1962,"Finances, Impôts, monopoles, entreprises d'état.Finances.Contributions étatiques, subventions",1
BS,1962,"Aménagement du territoire et constructions, expropriation, travaux publics, énergie, transports, environnement.Transports.Navigation aérienne.Aéroports",1
BS,1963,"Finances, Impôts, monopoles, entreprises d'état.Finances.Contributions étatiques, subventions",1
BS,1964,"Finances, Impôts, monopoles, entreprises d'état.Finances.Contributions étatiques, subventions",2
BS,1965,"Finances, Impôts, monopoles, entreprises d'état.Finances.Contributions étatiques, subventions",1
BS,1967,"Finances, Impôts, monopoles, entreprises d'état.Finances.Contributions étatiques, subventions",1
BS,1968,"Finances, Impôts, monopoles, entreprises d'état.Finances.Contributions étatiques, subventions",1
BS,1971,"Enseignement, sciences, documentation et culture.Degré secondaire II: Formation professionnelle initiale.Ecoles préparant à la maturité professionnelle",1
BS,1971,"Finances, Impôts, monopoles, entreprises d'état.Finances.Contributions étatiques, subventions",1
BS,1973,"Santé, travail, droit des assurances sociales, logement, homes",1
BS,1975,"Finances, Impôts, monopoles, entreprises d'état.Finances.Contributions étatiques, subventions",1
BS,1976,"Aménagement du territoire et constructions, expropriation, travaux publics, énergie, transports, environnement.Transports.Navigation aérienne.Aéroports",1
BS,1980,"Aménagement du territoire et constructions, expropriation, travaux publics, énergie, transports, environnement.Protection de la nature et du paysage.Protection des plantes",1
BS,1988,Etat,1
BS,1988,"Santé, travail, droit des assurances sociales, logement, homes",1
BS,1999,"Economie.Commerce.Foires, marchés",1
BS,2003,"Etat.Dispositions générales.Droits fondamentaux, droits politiques.droits politiques.Elections et votations",1
FR,1831,Etat,1
FR,1836,Etat,1
FR,1848,Etat.Autorités.Gouvernement et administration.Droit du personnel.Serment,1
FR,1866,Etat.Communes.Fusions communales,1
FR,1868,Etat.Communes.Fusions communales,1
FR,1922,Publications sans texte,1
FR,1935,Economie.Agriculture.Crédit agricole,1
FR,1942,"Aménagement du territoire et constructions, expropriation, travaux publics, énergie, transports, environnement.Transports.Transports publics.Transports ferroviaires",1
FR,1967,Etat.Communes.Fusions communales,1
FR,1969,Etat.Communes.Fusions communales,3
FR,1970,Etat.Communes.Fusions communales,1
FR,1972,Etat.Communes.Fusions communales,2
FR,1974,Etat.Communes.Fusions communales,2
FR,1975,Etat.Communes.Fusions communales,1
FR,1976,Etat.Communes.Fusions communales,2
FR,1976,"Aménagement du territoire et constructions, expropriation, travaux publics, énergie, transports, environnement",1
FR,1977,Etat.Communes.Fusions communales,3
FR,1977,"Santé, travail, droit des assurances sociales, logement, homes.Logement.Mesures d'encouragement à la construction de logements",1
FR,1978,Etat.Communes.Fusions communales,1
FR,1980,Etat.Communes.Fusions communales,3
FR,1981,Etat.Communes.Fusions communales,1
FR,1982,Etat.Communes.Fusions communales,1
FR,1988,Etat.Communes.Fusions communales,1
FR,1988,"Aménagement du territoire et constructions, expropriation, travaux publics, énergie, transports, environnement",1
FR,1990,Etat.Communes.Fusions communales,2
FR,1991,Etat.Communes.Fusions communales,1
FR,1991,"Défense nationale, protection de la population, police.Sécurité intérieure.Police.Personnel",1
FR,1992,Etat.Communes.Fusions communales,1
FR,1993,Etat.Communes.Fusions communales,1
FR,1994,Etat.Communes.Fusions communales,1
FR,1994,Economie.Agriculture.Crédit agricole,1
FR,1995,Etat.Communes.Fusions communales,1
FR,1996,Etat.Communes.Fusions communales,1
FR,1997,Etat.Communes.Fusions communales,1
FR,1997,Economie.Promotion de l'économie,1
FR,1998,"Santé, travail, droit des assurances sociales, logement, homes.Assistance.Protection de la jeunesse, aide à la jeunesse",1
FR,1999,Etat.Communes.Fusions communales,1
FR,1999,"Aménagement du territoire et constructions, expropriation, travaux publics, énergie, transports, environnement",1
FR,2000,Etat.Autorités.Gouvernement et administration.New Public Management,1
FR,2000,Etat.Communes.Fusions communales,11
FR,2001,Etat.Communes.Fusions communales,1
FR,2001,"Enseignement, sciences, documentation et culture.Assurance de la qualité, surveillance, direction.Promotion des technologies d'information",1
FR,2002,Etat.Communes.Fusions communales,6
FR,2002,"Finances, Impôts, monopoles, entreprises d'état.Finances.Contributions étatiques, subventions",1
FR,2003,Etat.Communes.Fusions communales,11
FR,2003,"Santé, travail, droit des assurances sociales, logement, homes",1
FR,2004,"Etat.Dispositions générales.Droits fondamentaux, droits politiques.droits politiques.Elections et votations",1
FR,2004,Etat.Communes.Fusions communales,8
FR,2005,"Etat.Dispositions générales.Droits fondamentaux, droits politiques.droits politiques.Elections et votations",1
FR,2005,Etat.Communes.Fusions communales,4
FR,2005,"Enseignement, sciences, documentation et culture.Pédagogie spécialisée.Classes spéciales",1
FR,2008,"Enseignement, sciences, documentation et culture.Degré prescolaire, école primaire, degré secondaire I.Ecole enfantine",1
FR,2009,Economie.Promotion de l'économie,1
FR,2014,Etat,1
FR,2020,"Santé, travail, droit des assurances sociales, logement, homes.Santé.Lutte contre les maladies.Epidémies, pandémies",1
FR,2023,Etat,1
GL,1927,"Enseignement, sciences, documentation et culture.Contributions à la formation.Bourses d'études",1
GL,1949,Droit pénal,1
GL,1957,"Santé, travail, droit des assurances sociales, logement, homes.Santé.Substances thérapeutiques, stupéfiants",1
GL,1961,"Défense nationale, protection de la population, police",1
GL,1964,"Santé, travail, droit des assurances sociales, logement, homes.Santé.Professions médicales.Sages-femmes",1
GL,1966,"Aménagement du territoire et constructions, expropriation, travaux publics, énergie, transports, environnement.Travaux publics.Routes.Routes nationales",1
GL,1972,Etat.Autorités.Gouvernement et administration.Gouvernement.Pensions,1
GL,1973,"Santé, travail, droit des assurances sociales, logement, homes.Droit du travail.Employés.Dimanches et jours fériés",1
GL,1974,"Enseignement, sciences, documentation et culture.Sport scolaire",1
GL,1974,"Finances, Impôts, monopoles, entreprises d'état",1
GL,1975,Etat.Dispositions générales.Publications officielles.Recueils de législation,1
GL,1977,"Aménagement du territoire et constructions, expropriation, travaux publics, énergie, transports, environnement.Transports.Navigation.Impôts et taxes sur les bateaux",1
GL,1978,"Enseignement, sciences, documentation et culture.Art, culture, sport.Art.Cinéma, théâtre, divertissement",1
GL,1981,"Aménagement du territoire et constructions, expropriation, travaux publics, énergie, transports, environnement.Aménagement du territoire et constructions.Affichage et publicité",1
GL,1984,"Défense nationale, protection de la population, police.Sécurité intérieure.Explosifs",1
GL,1985,"Aménagement du territoire et constructions, expropriation, travaux publics, énergie, transports, environnement",1
GL,1987,Etat.Autorités.Gouvernement et administration.Procédure administrative,1
GL,1987,Droit pénal,1
GL,1989,"Etat.Autorités.Gouvernement et administration.Droit du personnel.Durée du travail, vacances, congés",1
GL,1989,"Aménagement du territoire et constructions, expropriation, travaux publics, énergie, transports, environnement",1
GL,1989,"Aménagement du territoire et constructions, expropriation, travaux publics, énergie, transports, environnement.Aménagement du territoire et constructions.Remembrements",1
GL,1989,"Aménagement du territoire et constructions, expropriation, travaux publics, énergie, transports, environnement.Travaux publics.Routes.Chemins pédestres et de randonnée",1
GL,1990,"Aménagement du territoire et constructions, expropriation, travaux publics, énergie, transports, environnement.Protection de la nature et du paysage.Protection des animaux",1
GL,1992,"Droit civil.Procédure civile.Emoluments, frais",1
GL,1992,"Finances, Impôts, monopoles, entreprises d'état",1
GL,1993,"Droit civil.Dispositions d'introduction du code civil.Droits réels.Registre foncier, mensurations cadastrales",1
GL,1995,Etat.Communes.Finances communales,1
GL,1996,"Etat.Dispositions générales.Droits fondamentaux, droits politiques.égalité entre hommes et femmes",1
GL,1996,"Etat.Autorités.Gouvernement et administration.Droit du personnel.Traitements, indemnités",1
GL,1996,"Santé, travail, droit des assurances sociales, logement, homes.Santé.Etablissements hospitaliers, cliniques.Hôpitaux cantonaux",1
GL,1997,"Défense nationale, protection de la population, police.Défense.Taxe d'exemption",1
GL,1997,"Finances, Impôts, monopoles, entreprises d'état",1
GL,1997,"Aménagement du territoire et constructions, expropriation, travaux publics, énergie, transports, environnement.Travaux publics.Marchés publics",1
GL,1997,"Santé, travail, droit des assurances sociales, logement, homes.Santé.Soins à domicile",1
GL,1997,Economie,1
GL,2000,Droit civil.Dispositions d'introduction du code civil.Droits réels.Estimation officielle des immeubles,1
GL,2000,Droit pénal.Procédure pénale.Aide aux victimes d'infractions,1
GL,2000,"Finances, Impôts, monopoles, entreprises d'état",1
GL,2001,"Etat.Autorités.Gouvernement et administration.Droit du personnel.Pensions, prestations d'assurance",1
GL,2001,"Enseignement, sciences, documentation et culture.Contributions à la formation.Bourses d'études",1
GL,2001,"Finances, Impôts, monopoles, entreprises d'état",1
GL,2001,"Aménagement du territoire et constructions, expropriation, travaux publics, énergie, transports, environnement",2
GL,2002,"Enseignement, sciences, documentation et culture.Degré secondaire II: Formation professionnelle initiale.Solutions transitoires",1
GL,2002,"Enseignement, sciences, documentation et culture.Corps enseignant.Traitement, indemnités",1
GL,2003,"Enseignement, sciences, documentation et culture.Pédagogie spécialisée.Ecoles spécialisées",1
GL,2004,Etat.Communes.Finances communales,1
GL,2004,"Enseignement, sciences, documentation et culture.Assurance de la qualité, surveillance, direction.Médecine scolaire, services psychologiques scolaires",1
GL,2005,"Enseignement, sciences, documentation et culture.Documentation.Archives",1
GL,2007,"Enseignement, sciences, documentation et culture.Degré secondaire II: Formation professionnelle initiale.Ecoles préparant à la maturité professionnelle",1
GL,2008,"Etat.Professions juridiques.Notaires.Taxes, tarifs",1
GL,2021,"Etat.Dispositions générales.Droits fondamentaux, droits politiques.droits politiques.Elections et votations",1
GL,2022,"Enseignement, sciences, documentation et culture.Degré prescolaire, école primaire, degré secondaire I.Crèches",1
GL,2026,Etat,1
GL,2026,Etat.Autorités.Parlement.Indemnisation des parlementaires,1
GL,2026,"Enseignement, sciences, documentation et culture.Degré prescolaire, école primaire, degré secondaire I.Ecole enfantine",1
GL,2026,"Enseignement, sciences, documentation et culture.Corps enseignant.Traitement, indemnités",1
GR,1877,"Aménagement du territoire et constructions, expropriation, travaux publics, énergie, transports, environnement.Travaux publics.Aménagement des eaux.Corrections des eaux / Protection contre les crues",1
GR,1917,"Aménagement du territoire et constructions, expropriation, travaux publics, énergie, transports, environnement.Travaux publics.Aménagement des eaux.Utilisation des eaux",1
GR,1927,"Santé, travail, droit des assurances sociales, logement, homes.Assistance.Donations et collectes publiques",1
GR,1946,Etat.Autorités.Gouvernement et administration.Administration.Directions et offices,1
GR,1953,Etat.Autorités.Gouvernement et administration.Gouvernement.Pensions,1
GR,1958,"Aménagement du territoire et constructions, expropriation, travaux publics, énergie, transports, environnement.Expropriation",1
GR,1960,"Défense nationale, protection de la population, police.Défense.Taxe d'exemption",1
GR,1961,Etat.Autorités.Gouvernement et administration.Gouvernement.Pensions,1
GR,1961,"Etat.Autorités.Organisation judiciaire.Autorités judiciaires.Cours supérieures, tribunaux fédéraux",1
GR,1962,Droit civil.Concurrence déloyale / cartels,1
GR,1965,"Enseignement, sciences, documentation et culture.Corps enseignant.Traitement, indemnités",1
GR,1965,"Enseignement, sciences, documentation et culture.Contributions à la formation.Bourses d'études",1
GR,1965,"Finances, Impôts, monopoles, entreprises d'état.Impôts.Impôt anticipé",1
GR,1966,"Enseignement, sciences, documentation et culture.Art, culture, sport.Art.Cinéma, théâtre, divertissement",1
GR,1966,Economie.Agriculture.Epizooties,1
GR,1966,"Economie.Arts et métiers.Services.Institutions de crédit / assurances.Banques, bourses",1
GR,1969,"Enseignement, sciences, documentation et culture",1
GR,1970,"Défense nationale, protection de la population, police.Protection de la population.Protection contre les incendies / éléments naturels.Protection contre le feu, pompiers",1
GR,1971,"Finances, Impôts, monopoles, entreprises d'état.Finances.Contrôle des finances",1
GR,1971,"Santé, travail, droit des assurances sociales, logement, homes.Droit du travail.Employés.Dimanches et jours fériés",1
GR,1971,"Santé, travail, droit des assurances sociales, logement, homes.Droit des assurances sociales.Prestations complémentaires",1
GR,1972,"Enseignement, sciences, documentation et culture.Art, culture, sport.Sport",1
GR,1972,"Aménagement du territoire et constructions, expropriation, travaux publics, énergie, transports, environnement.Protection de la nature et du paysage.Protection du paysage",1
GR,1974,Droit pénal.Procédure pénale.Médecine légale,1
GR,1974,Droit pénal.Procédure pénale.Emoluments,1
GR,1974,"Finances, Impôts, monopoles, entreprises d'état.Monopoles, régales, entreprises d'état.Régale des sels",1
GR,1975,Etat.Autorités.Gouvernement et administration.Procédure administrative,1
GR,1976,"Enseignement, sciences, documentation et culture.Degré tertiaire: universités.Faculté de théologie",1
GR,1976,"Santé, travail, droit des assurances sociales, logement, homes.Santé.Lutte contre les maladies.Epidémies, pandémies",1
GR,1978,"Aménagement du territoire et constructions, expropriation, travaux publics, énergie, transports, environnement.Protection de la nature et du paysage.Protection des animaux",1
GR,1978,"Santé, travail, droit des assurances sociales, logement, homes.Assistance.Aide sociale",1
GR,1979,Droit civil.Concurrence déloyale / cartels,1
GR,1980,"Santé, travail, droit des assurances sociales, logement, homes.Santé.Substances thérapeutiques, stupéfiants",1
GR,1980,Economie.Agriculture.Améliorations foncières,1
GR,1982,"Enseignement, sciences, documentation et culture",1
GR,1982,"Défense nationale, protection de la population, police.Sécurité intérieure.Explosifs",1
GR,1983,"Enseignement, sciences, documentation et culture",1
GR,1983,"Défense nationale, protection de la population, police.Protection de la population.Protection contre les incendies / éléments naturels.Assurances des bâtiments.Assurance contre les dommages causés par les éléments naturels",1
GR,1983,"Aménagement du territoire et constructions, expropriation, travaux publics, énergie, transports, environnement.Energie.Energie atomique",1
GR,1983,"Santé, travail, droit des assurances sociales, logement, homes.Droit des assurances sociales.Assurance-chômage",1
GR,1984,"Droit civil.Procédure civile.Emoluments, frais",1
GR,1984,"Santé, travail, droit des assurances sociales, logement, homes.Logement.Mesures d'encouragement à la construction de logements",1
GR,1984,"Santé, travail, droit des assurances sociales, logement, homes.Assistance.Conseil aux femmes enceintes",1
GR,1986,"Finances, Impôts, monopoles, entreprises d'état",1
GR,1986,"Santé, travail, droit des assurances sociales, logement, homes.Assistance.Avances sur les pensions alimentaires",1
GR,1989,Droit civil,1
GR,1990,"Finances, Impôts, monopoles, entreprises d'état.Impôts.Impôts sur le revenu et la fortune / impôts sur les bénéfices et les capitaux.Impôt fédéral",1
GR,1992,"Droit civil.Dispositions d'introduction du code civil.Droits réels.Registre foncier, mensurations cadastrales",1
GR,1992,Droit civil.Dispositions générales d'introduction du code des obligations.Droit commercial.Registre du commerce,1
GR,1992,"Santé, travail, droit des assurances sociales, logement, homes",1
GR,1993,Etat.Communes.Finances communales,1
GR,1993,Droit pénal.Procédure pénale.Aide aux victimes d'infractions,1
GR,1993,"Enseignement, sciences, documentation et culture.Assurance de la qualité, surveillance, direction.Médecine scolaire, services psychologiques scolaires",1
GR,1993,"Finances, Impôts, monopoles, entreprises d'état",1
GR,1993,"Santé, travail, droit des assurances sociales, logement, homes.Droit des assurances sociales.AVS/AI",1
GR,1994,"Aménagement du territoire et constructions, expropriation, travaux publics, énergie, transports, environnement.Travaux publics.Aménagement des eaux.Utilisation des eaux",1
GR,1994,Economie.Commerce.Poids et mesures. moyens de paiement,1
GR,1995,"Aménagement du territoire et constructions, expropriation, travaux publics, énergie, transports, environnement.Transports.Circulation routière.Impôts et taxes de la circulation",1
GR,1995,"Santé, travail, droit des assurances sociales, logement, homes",1
GR,1996,"Etat.Dispositions générales.Droits fondamentaux, droits politiques.égalité entre hommes et femmes",1
GR,1996,Etat.Autorités.Gouvernement et administration.Procédure administrative,1
GR,1996,Droit civil,1
GR,1997,"Défense nationale, protection de la population, police.Sécurité intérieure.Armes et munitions",1
GR,1997,"Aménagement du territoire et constructions, expropriation, travaux publics, énergie, transports, environnement.Protection de l'environnement.Protection des eaux",1
GR,1998,"Finances, Impôts, monopoles, entreprises d'état.Entreprises d'Etat.Banques cantonales",1
GR,1998,Economie,1
GR,1999,"Etat.Autorités.Gouvernement et administration.Droit du personnel.Traitements, indemnités",1
GR,1999,"Santé, travail, droit des assurances sociales, logement, homes",1
GR,2000,Economie,2
GR,2002,"Santé, travail, droit des assurances sociales, logement, homes.Droit des assurances sociales.LAMAL.Réduction des primes",1
GR,2004,"Enseignement, sciences, documentation et culture.Assurance de la qualité, surveillance, direction.Bâtiments scolaires",1
GR,2005,"Finances, Impôts, monopoles, entreprises d'état.Entreprises d'Etat.Banques cantonales",1
JU,1828,Etat.Eglise et Etat.Eglise catholique romaine,1
JU,1978,Etat,8
JU,1978,Etat.Dispositions générales.Droit de cité,1
JU,1978,Etat.Dispositions générales.Etablissement et séjour.Etablissement et séjour Suisses.contrôle des habitants,1
JU,1978,Etat.Dispositions générales.Documents d'identité,1
JU,1978,Etat.Autorités.Gouvernement et administration.Gouvernement.Indemnités,1
JU,1978,Etat.Autorités.Organisation judiciaire.Autorités judiciaires.Commissions de recours,1
JU,1978,"Etat.Professions juridiques.Notaires.Taxes, tarifs",1
JU,1978,Etat.Professions juridiques.Notaires.Légalisation,1
JU,1978,Droit civil.Dispositions d'introduction du code civil.Droit de la famille.Tutelle,1
JU,1978,Droit civil.Dispositions d'introduction du code civil.Droit des successions,1
JU,1978,"Droit civil.Dispositions d'introduction du code civil.Droits réels.Registre foncier, mensurations cadastrales",2
JU,1978,Droit pénal,1
JU,1978,Droit pénal.Droit pénal des mineurs et procédure pénale des mineurs,1
JU,1978,Droit pénal.Amendes d'ordre,2
JU,1978,"Enseignement, sciences, documentation et culture.Corps enseignant.Traitement, indemnités",1
JU,1978,"Enseignement, sciences, documentation et culture.Assurance de la qualité, surveillance, direction.Médecine scolaire, services psychologiques scolaires",1
JU,1978,"Défense nationale, protection de la population, police.Protection de la population.Protection contre les incendies / éléments naturels.Assurances des bâtiments.Assurance contre les dommages causés par les éléments naturels",1
JU,1978,"Défense nationale, protection de la population, police.Sécurité intérieure.Police.Police communale",1
JU,1978,"Finances, Impôts, monopoles, entreprises d'état",1
JU,1978,"Finances, Impôts, monopoles, entreprises d'état.Finances.Contributions étatiques, subventions",3
JU,1978,"Finances, Impôts, monopoles, entreprises d'état.Impôts.Impôts sur le revenu et la fortune / impôts sur les bénéfices et les capitaux.Impôt ecclésiastique",1
JU,1978,"Finances, Impôts, monopoles, entreprises d'état.Monopoles, régales, entreprises d'état.Mines",1
JU,1978,"Finances, Impôts, monopoles, entreprises d'état.Entreprises d'Etat.Banques cantonales",1
JU,1978,"Aménagement du territoire et constructions, expropriation, travaux publics, énergie, transports, environnement.Travaux publics.Aménagement des eaux.Utilisation des eaux",2
JU,1978,"Aménagement du territoire et constructions, expropriation, travaux publics, énergie, transports, environnement.Transports.Circulation routière.Impôts et taxes de la circulation",1
JU,1978,"Aménagement du territoire et constructions, expropriation, travaux publics, énergie, transports, environnement.Protection de la nature et du paysage.Protection des monuments et des biens culturels",1
JU,1978,"Santé, travail, droit des assurances sociales, logement, homes",1
JU,1978,"Santé, travail, droit des assurances sociales, logement, homes.Santé.Substances thérapeutiques, stupéfiants",1
JU,1978,"Santé, travail, droit des assurances sociales, logement, homes.Santé.Hygiène.Inhumations, cimetières",2
JU,1978,Economie.Promotion de l'économie,1
JU,1979,"Santé, travail, droit des assurances sociales, logement, homes.Droit du travail.Employés.Dimanches et jours fériés",1
JU,1980,Etat,1
JU,1980,Etat.Autorités.Gouvernement et administration.Gouvernement.Indemnités,1
JU,1981,Etat.Autorités.Gouvernement et administration.Gouvernement.Indemnités,1
JU,1981,Etat.Autorités.Organisation judiciaire.Personnel des tribunaux,1
JU,1984,Etat.Autorités.Gouvernement et administration.Emoluments administratifs,1
JU,1985,Etat.Autorités.Gouvernement et administration.Emoluments administratifs,1
JU,1985,Droit civil.Dispositions d'introduction du code civil.Droit de la famille.Privation de liberté à des fins d'assistance,1
JU,1986,Etat.Autorités.Gouvernement et administration.Procédure administrative,1
JU,1986,Etat.Autorités.Gouvernement et administration.Emoluments administratifs,1
JU,1986,"Droit civil.Procédure civile.Emoluments, frais",1
JU,1986,Droit pénal.Procédure pénale.Emoluments,1
JU,1986,"Finances, Impôts, monopoles, entreprises d'état",1
JU,1986,"Finances, Impôts, monopoles, entreprises d'état.Finances.Contributions étatiques, subventions",1
JU,1987,Etat.Communes.Finances communales,1
JU,1988,Etat.Autorités.Organisation judiciaire.Autorités judiciaires.Commissions de recours,1
JU,1988,"Finances, Impôts, monopoles, entreprises d'état",1
JU,1988,"Finances, Impôts, monopoles, entreprises d'état.Impôts.Impôts sur le revenu et la fortune / impôts sur les bénéfices et les capitaux.Impôt cantonal",1
JU,1988,"Finances, Impôts, monopoles, entreprises d'état.Impôts.Impôts sur le revenu et la fortune / impôts sur les bénéfices et les capitaux.Impôt communal",2
JU,1988,"Finances, Impôts, monopoles, entreprises d'état.Impôts.Taxes sur les spectacles",1
JU,1989,Etat.Autorités.Gouvernement et administration.Gouvernement.Indemnités,1
JU,1990,Etat,1
JU,1990,"Enseignement, sciences, documentation et culture",1
JU,1991,"Aménagement du territoire et constructions, expropriation, travaux publics, énergie, transports, environnement",1
JU,1991,"Santé, travail, droit des assurances sociales, logement, homes.Logement.Mesures d'encouragement à la construction de logements",1
JU,1992,"Aménagement du territoire et constructions, expropriation, travaux publics, énergie, transports, environnement",1
JU,1992,"Aménagement du territoire et constructions, expropriation, travaux publics, énergie, transports, environnement.Aménagement du territoire et constructions.Equipement",1
JU,1992,"Aménagement du territoire et constructions, expropriation, travaux publics, énergie, transports, environnement.Aménagement du territoire et constructions.Remembrements",1
JU,1992,"Aménagement du territoire et constructions, expropriation, travaux publics, énergie, transports, environnement.Aménagement du territoire et constructions.Procédure",1
JU,1993,Etat.Autorités.Gouvernement et administration.Administration.Commissions,1
JU,1993,"Enseignement, sciences, documentation et culture",1
JU,1994,"Enseignement, sciences, documentation et culture",1
JU,1994,"Finances, Impôts, monopoles, entreprises d'état",1
JU,1994,"Finances, Impôts, monopoles, entreprises d'état.Impôts.Impôts sur les successions et les donations",1
JU,1996,Droit civil,1
JU,1998,Etat,1
JU,1998,"Finances, Impôts, monopoles, entreprises d'état.Impôts.Taxes sur les spectacles",1
JU,1998,Economie,1
JU,1999,"Aménagement du territoire et constructions, expropriation, travaux publics, énergie, transports, environnement.Protection de l'environnement.Déchets",1
JU,2000,"Droit civil.Dispositions d'introduction du code civil.Droits réels.Registre foncier, mensurations cadastrales",1
JU,2000,"Défense nationale, protection de la population, police.Sécurité intérieure.Armes et munitions",1
JU,2000,"Défense nationale, protection de la population, police.Sécurité intérieure.Entreprises de sécurité",1
JU,2001,"Etat.Autorités.Gouvernement et administration.Droit du personnel.Pensions, prestations d'assurance",1
JU,2001,Droit civil,1
JU,2001,"Finances, Impôts, monopoles, entreprises d'état.Finances.Contributions étatiques, subventions",1
JU,2001,"Santé, travail, droit des assurances sociales, logement, homes.Assistance.Aide sociale",2
JU,2001,Economie,2
JU,2001,Economie.Agriculture.Crédit agricole,1
JU,2002,Economie,1
JU,2004,Etat.Communes.Fusions communales,1
JU,2004,"Enseignement, sciences, documentation et culture.Degré secondaire II: Formation professionnelle initiale.Ecoles professionnelles.Enseignement ménager",1
LU,1860,"Finances, Impôts, monopoles, entreprises d'état.Entreprises d'Etat.Banques cantonales",1
LU,1950,"Finances, Impôts, monopoles, entreprises d'état.Entreprises d'Etat.Banques cantonales",1
LU,1953,Etat.Eglise et Etat.Eglise catholique chrétienne,1
LU,1953,Economie.Agriculture.Mesures d'encouragement,1
LU,1957,Economie.Agriculture.Mesures d'encouragement,1
LU,1968,"Santé, travail, droit des assurances sociales, logement, homes.Santé.Etablissements hospitaliers, cliniques.Cliniques psychiatriques",1
LU,1969,Etat.Eglise et Etat.Eglise catholique romaine,1
LU,1969,Etat.Eglise et Etat.Eglise évangélique réformée,1
LU,1971,Etat.Eglise et Etat.Eglise catholique chrétienne,1
LU,1973,"Enseignement, sciences, documentation et culture.Degré tertiaire: universités.Faculté de médecine humaine et vétérinaire",1
LU,1974,"Aménagement du territoire et constructions, expropriation, travaux publics, énergie, transports, environnement.Travaux publics.Aménagement des eaux.Corrections des eaux / Protection contre les crues",1
LU,1976,Droit civil.Dispositions d'introduction du code civil.Droits réels.Estimation officielle des immeubles,1
LU,1976,Non classé,1
LU,1982,Etat.Communes.Fusions communales,1
LU,1983,Etat.Communes.Fusions communales,2
LU,1983,"Santé, travail, droit des assurances sociales, logement, homes.Logement.Mesures d'encouragement à la construction de logements",1
LU,1984,Etat.Communes.Fusions communales,4
LU,1985,Etat.Communes.Fusions communales,2
LU,1986,Etat.Communes.Fusions communales,3
LU,1986,"Finances, Impôts, monopoles, entreprises d'état.Finances.Contributions étatiques, subventions",1
LU,1987,Etat.Communes.Fusions communales,3
LU,1988,Etat.Communes.Fusions communales,4
LU,1989,Etat.Communes.Fusions communales,3
LU,1989,"Finances, Impôts, monopoles, entreprises d'état.Finances.Contributions étatiques, subventions",1
LU,1990,Etat.Communes.Fusions communales,11
LU,1990,Droit civil.Dispositions d'introduction du code civil.Droits réels.Estimation officielle des immeubles,1
LU,1991,Etat.Communes.Fusions communales,6
LU,1991,Droit civil.Poursuites pour dettes et faillites.Organisation,1
LU,1991,"Finances, Impôts, monopoles, entreprises d'état.Finances.Contributions étatiques, subventions",1
LU,1992,Etat.Communes.Fusions communales,3
LU,1992,Droit civil.Poursuites pour dettes et faillites.Organisation,1
LU,1992,"Finances, Impôts, monopoles, entreprises d'état.Finances.Contributions étatiques, subventions",1
LU,1993,Etat.Communes.Fusions communales,7
LU,1994,Etat.Communes.Fusions communales,3
LU,1995,Etat.Communes.Fusions communales,3
LU,1996,Etat.Communes.Fusions communales,5
LU,1997,Etat.Communes.Fusions communales,5
LU,1998,Etat.Communes.Fusions communales,3
LU,1998,Droit civil.Dispositions d'introduction du code civil.Droits réels.Estimation officielle des immeubles,1
LU,1998,"Aménagement du territoire et constructions, expropriation, travaux publics, énergie, transports, environnement",1
LU,1998,Economie.Promotion de l'économie,1
LU,1999,Etat.Communes.Fusions communales,1
LU,2000,Etat.Communes.Fusions communales,2
LU,2001,Etat.Communes.Fusions communales,1
LU,2002,"Etat.Dispositions générales.Droits fondamentaux, droits politiques.droits politiques.Elections et votations",1
LU,2002,Etat.Communes.Fusions communales,1
LU,2003,Etat.Autorités.Gouvernement et administration.Gouvernement.Pensions,1
LU,2003,Non classé,1
LU,2004,Etat.Autorités.Parlement.Indemnisation des parlementaires,1
LU,2004,"Etat.Autorités.Organisation judiciaire.Autorités judiciaires.Cours supérieures, tribunaux fédéraux",1
LU,2004,"Etat.Autorités.Organisation judiciaire.Autorités judiciaires.Tribunaux de district / d'arrondissement, juges de paix",1
LU,2004,Etat.Communes.Fusions communales,1
LU,2005,Etat.Communes.Fusions communales,1
LU,2005,Non classé,1
LU,2006,"Aménagement du territoire et constructions, expropriation, travaux publics, énergie, transports, environnement",1
LU,2010,Etat,1
LU,2010,"Etat.Autorités.Organisation judiciaire.Autorités judiciaires.Juges d'instruction, Ministère public.Ministère public",1
LU,2010,"Aménagement du territoire et constructions, expropriation, travaux publics, énergie, transports, environnement",2
LU,2014,"Droit civil.Dispositions d'introduction du code civil.Droits réels.Registre foncier, mensurations cadastrales",1
LU,2014,"Aménagement du territoire et constructions, expropriation, travaux publics, énergie, transports, environnement",1
LU,2016,Etat.Communes.Fusions communales,5
LU,2016,"Etat.Communes.Bourgeoisies, allmends",1
LU,2016,Etat.Eglise et Etat.Eglise évangélique réformée,1
LU,2017,Etat.Communes.Fusions communales,1
LU,2018,Etat.Communes.Fusions communales,3
LU,2019,Etat.Communes.Fusions communales,1
LU,2019,"Etat.Communes.Bourgeoisies, allmends",3
LU,2020,"Etat.Communes.Bourgeoisies, allmends",1
LU,2022,Etat.Communes.Fusions communales,5
LU,2023,Etat.Communes.Fusions communales,2
LU,2024,"Etat.Communes.Bourgeoisies, allmends",2
NE,1864,"Santé, travail, droit des assurances sociales, logement, homes.Assistance.Donations et collectes publiques",1
NE,1885,"Défense nationale, protection de la population, police.Protection de la population.Protection contre les incendies / éléments naturels.Protection contre le feu, pompiers",1
NE,1895,"Enseignement, sciences, documentation et culture",1
NE,1900,"Aménagement du territoire et constructions, expropriation, travaux publics, énergie, transports, environnement.Transports.Transports publics.Transports ferroviaires",1
NE,1910,"Défense nationale, protection de la population, police.Défense.Taxe d'exemption",1
NE,1941,Droit civil,1
NE,1942,"Enseignement, sciences, documentation et culture.Degré tertiaire: universités.Faculté de théologie",1
NE,1946,"Santé, travail, droit des assurances sociales, logement, homes.Logement.Mesures d'encouragement à la construction de logements",1
NE,1947,"Santé, travail, droit des assurances sociales, logement, homes.Logement.Mesures d'encouragement à la construction de logements",1
NE,1951,"Santé, travail, droit des assurances sociales, logement, homes.Droit du travail.Marché du travail.Lutte contre les crises, réserves de crise bénéficiant d'allégements fiscaux",1
NE,1954,"Défense nationale, protection de la population, police.Sécurité intérieure.Police.Personnel",1
NE,1954,"Santé, travail, droit des assurances sociales, logement, homes.Logement.Mesures d'encouragement à la construction de logements",1
NE,1957,"Santé, travail, droit des assurances sociales, logement, homes.Logement.Mesures d'encouragement à la construction de logements",1
NE,1958,"Aménagement du territoire et constructions, expropriation, travaux publics, énergie, transports, environnement.Travaux publics.Aménagement des eaux.Corrections des eaux / Protection contre les crues",1
NE,1959,"Santé, travail, droit des assurances sociales, logement, homes.Logement.Mesures d'encouragement à la construction de logements",1
NE,1961,"Santé, travail, droit des assurances sociales, logement, homes.Logement.Mesures d'encouragement à la construction de logements",1
NE,1963,"Santé, travail, droit des assurances sociales, logement, homes",1
NE,1965,"Enseignement, sciences, documentation et culture.Sciences, recherche",1
NE,1965,"Santé, travail, droit des assurances sociales, logement, homes.Logement.Mesures d'encouragement à la construction de logements",2
NE,1966,"Finances, Impôts, monopoles, entreprises d'état.Impôts.Impôt anticipé",1
NE,1966,"Aménagement du territoire et constructions, expropriation, travaux publics, énergie, transports, environnement",1
NE,1968,"Santé, travail, droit des assurances sociales, logement, homes.Santé.Services psychiatriques",1
NE,1968,"Santé, travail, droit des assurances sociales, logement, homes.Logement.Mesures d'encouragement à la construction de logements",1
NE,1969,"Enseignement, sciences, documentation et culture.Sciences, recherche",1
NE,1970,"Aménagement du territoire et constructions, expropriation, travaux publics, énergie, transports, environnement.Protection de la nature et du paysage.Protection de la nature",1
NE,1971,"Finances, Impôts, monopoles, entreprises d'état.Finances.Budget, comptes",1
NE,1972,"Santé, travail, droit des assurances sociales, logement, homes.Assistance.Homes.Etablissements pour personnes âgées",1
NE,1973,"Finances, Impôts, monopoles, entreprises d'état.Monopoles, régales, entreprises d'état.Régale des sels",1
NE,1975,Droit civil,1
NE,1975,Droit civil.Procédure civile.Entraide judiciaire,1
NE,1976,"Santé, travail, droit des assurances sociales, logement, homes.Logement.Mesures d'encouragement à la construction de logements",2
NE,1983,"Etat.Autorités.Gouvernement et administration.Droit du personnel.Pensions, prestations d'assurance",1
NE,1983,"Santé, travail, droit des assurances sociales, logement, homes.Logement.Mesures d'encouragement à la construction de logements",1
NE,1983,Non classé,1
NE,1985,Droit pénal,1
NE,1986,Non classé,1
NE,1988,"Enseignement, sciences, documentation et culture",1
NE,1989,"Santé, travail, droit des assurances sociales, logement, homes.Santé.Substances thérapeutiques, stupéfiants",1
NE,1990,"Aménagement du territoire et constructions, expropriation, travaux publics, énergie, transports, environnement.Aménagement du territoire et constructions.Zones",1
NE,1991,"Aménagement du territoire et constructions, expropriation, travaux publics, énergie, transports, environnement.Aménagement du territoire et constructions.Plans",1
NE,1992,"Enseignement, sciences, documentation et culture.Contributions à la formation.Bourses d'études",1
NE,1993,"Santé, travail, droit des assurances sociales, logement, homes.Assistance.Aide sociale",1
NE,1994,"Aménagement du territoire et constructions, expropriation, travaux publics, énergie, transports, environnement.Protection de la nature et du paysage.Protection de la nature",1
NE,1994,"Santé, travail, droit des assurances sociales, logement, homes",2
NE,1994,"Santé, travail, droit des assurances sociales, logement, homes.Logement.Mesures d'encouragement à la construction de logements",1
NE,1994,Economie,1
NE,1995,Etat.Dispositions générales.Territoire.Frontières,1
NE,1995,"Etat.Autorités.Gouvernement et administration.Droit du personnel.Traitements, indemnités",1
NE,1995,"Economie.Commerce.Marché intérieur, entraves techniques au commerce",1
NE,1996,"Aménagement du territoire et constructions, expropriation, travaux publics, énergie, transports, environnement",1
NE,1997,Etat.Communes.Subventions,1
NE,1997,"Enseignement, sciences, documentation et culture",1
NE,1997,"Enseignement, sciences, documentation et culture.Sciences, recherche",1
NE,1997,"Défense nationale, protection de la population, police.Sécurité intérieure.Entreprises de sécurité",1
NE,1997,"Aménagement du territoire et constructions, expropriation, travaux publics, énergie, transports, environnement.Protection de la nature et du paysage.Protection de la nature",1
NE,1998,"Enseignement, sciences, documentation et culture",1
NE,1998,"Enseignement, sciences, documentation et culture.Documentation.Statistique",1
NE,1999,Etat,1
NE,1999,Etat.Dispositions générales.Collaboration intercantonale,1
NE,1999,"Enseignement, sciences, documentation et culture",2
NE,1999,"Enseignement, sciences, documentation et culture.Degré prescolaire, école primaire, degré secondaire I.Ecole primaire, degré secondaire I",2
NE,1999,"Enseignement, sciences, documentation et culture.Degré tertiaire: Hautes écoles.Etudes sociales",1
NE,1999,"Enseignement, sciences, documentation et culture.Contributions à la formation.Bourses d'études",1
NE,1999,"Enseignement, sciences, documentation et culture.Assurance de la qualité, surveillance, direction.Surveillance scolaire",1
NE,1999,"Enseignement, sciences, documentation et culture.Art, culture, sport.Art.Cinéma, théâtre, divertissement",1
NE,1999,"Finances, Impôts, monopoles, entreprises d'état.Finances.Budget, comptes",1
NE,2000,Etat.Autorités.Gouvernement et administration.Droit du personnel.Engagement,1
NE,2000,Etat.Eglise et Etat.Eglise catholique romaine,1
NE,2000,Droit civil,1
NE,2000,Droit civil.Dispositions générales d'introduction du code des obligations.Des divers contrats.Prêt,1
NE,2000,"Enseignement, sciences, documentation et culture.Assurance de la qualité, surveillance, direction.Coordination",1
NE,2000,"Finances, Impôts, monopoles, entreprises d'état.Finances.Budget, comptes",1
NE,2000,"Finances, Impôts, monopoles, entreprises d'état.Impôts.Impôts sur le revenu et la fortune / impôts sur les bénéfices et les capitaux.Impôt cantonal",1
NE,2001,"Aménagement du territoire et constructions, expropriation, travaux publics, énergie, transports, environnement",1
NE,2002,Etat,2
NE,2002,"Enseignement, sciences, documentation et culture",1
NE,2002,"Finances, Impôts, monopoles, entreprises d'état.Finances.Budget, comptes",1
NE,2003,"Défense nationale, protection de la population, police.Sécurité intérieure.Entreprises de sécurité",1
NE,2004,"Enseignement, sciences, documentation et culture",1
NE,2004,"Enseignement, sciences, documentation et culture.Assurance de la qualité, surveillance, direction.Bâtiments scolaires",1
NE,2004,"Finances, Impôts, monopoles, entreprises d'état.Impôts.Taxes sur les spectacles",1
NE,2005,"Enseignement, sciences, documentation et culture",1
NE,2005,"Défense nationale, protection de la population, police.Sécurité intérieure.Armes et munitions",1
NE,2005,Non classé,1
NE,2006,Etat,1
NE,2014,"Finances, Impôts, monopoles, entreprises d'état.Impôts.Impôts sur le revenu et la fortune / impôts sur les bénéfices et les capitaux.Impôt cantonal",1
NE,2016,"Enseignement, sciences, documentation et culture",1
NW,1926,Droit civil.Propriété intellectuelle,1
NW,1932,"Santé, travail, droit des assurances sociales, logement, homes.Santé.Lutte contre les maladies.Tuberculose",1
NW,1961,"Santé, travail, droit des assurances sociales, logement, homes.Droit des assurances sociales.Allocation perte de gain",1
NW,1964,Etat.Autorités.Gouvernement et administration.Droit du personnel.Serment,1
NW,1964,Etat.Eglise et Etat.Eglise catholique romaine,1
NW,1964,"Droit civil.Dispositions d'introduction du code civil.Droits réels.Registre foncier, mensurations cadastrales",1
NW,1964,"Finances, Impôts, monopoles, entreprises d'état.Finances.Budget, comptes",1
NW,1965,Etat.Eglise et Etat.Eglise catholique romaine,1
NW,1966,Etat.Dispositions générales.Constitution,1
NW,1966,"Défense nationale, protection de la population, police.Sécurité intérieure.Armes et munitions",1
NW,1966,"Aménagement du territoire et constructions, expropriation, travaux publics, énergie, transports, environnement.Travaux publics.Routes.Routes nationales",1
NW,1966,"Aménagement du territoire et constructions, expropriation, travaux publics, énergie, transports, environnement.Transports.Funiculaires, téléphériques, téléskis",1
NW,1966,"Santé, travail, droit des assurances sociales, logement, homes.Logement.Mesures d'encouragement à la construction de logements",1
NW,1967,"Aménagement du territoire et constructions, expropriation, travaux publics, énergie, transports, environnement",1
NW,1968,"Aménagement du territoire et constructions, expropriation, travaux publics, énergie, transports, environnement.Protection de l'environnement.Protection des eaux",1
NW,1972,Economie.Arts et métiers.Services.Tourisme,1
NW,1974,Etat.Professions juridiques.Notaires.Légalisation,1
NW,1975,"Enseignement, sciences, documentation et culture.Documentation.Archives",1
NW,1975,"Aménagement du territoire et constructions, expropriation, travaux publics, énergie, transports, environnement.Expropriation",1
NW,1976,"Santé, travail, droit des assurances sociales, logement, homes",1
NW,1978,"Défense nationale, protection de la population, police.Protection de la population.Protection contre les incendies / éléments naturels.Protection contre le feu, pompiers",1
NW,1980,Etat.Dispositions générales.Territoire.Frontières,1
NW,1980,Economie,1
NW,1981,Etat.Autorités.Parlement.Election du parlement,1
NW,1981,"Santé, travail, droit des assurances sociales, logement, homes.Santé.Etablissements hospitaliers, cliniques.Hôpitaux cantonaux",1
NW,1982,"Défense nationale, protection de la population, police.Sécurité intérieure.Explosifs",1
NW,1982,"Santé, travail, droit des assurances sociales, logement, homes.Santé.Professions médicales.Vétérinaires",2
NW,1983,"Aménagement du territoire et constructions, expropriation, travaux publics, énergie, transports, environnement",2
NW,1984,"Santé, travail, droit des assurances sociales, logement, homes.Droit du travail.Travail à domicile",1
NW,1984,"Santé, travail, droit des assurances sociales, logement, homes.Droit des assurances sociales.Assurance-chômage",1
NW,1985,"Etat.Autorités.Organisation judiciaire.Autorités judiciaires.Cours supérieures, tribunaux fédéraux",1
NW,1985,"Santé, travail, droit des assurances sociales, logement, homes",1
NW,1986,"Défense nationale, protection de la population, police.Protection de la population.Protection contre les incendies / éléments naturels.Assurances des bâtiments.Assurance contre les dommages causés par les éléments naturels",1
NW,1986,"Aménagement du territoire et constructions, expropriation, travaux publics, énergie, transports, environnement.Protection de la nature et du paysage.Protection des animaux",2
NW,1987,Droit civil.Dispositions générales d'introduction du code des obligations.Des divers contrats.Bail à loyer et à ferme.Bail à ferme agricole,1
NW,1987,"Finances, Impôts, monopoles, entreprises d'état.Impôts.Impôts sur le revenu et la fortune / impôts sur les bénéfices et les capitaux.Impôt ecclésiastique",1
NW,1989,Etat.Dispositions générales.Armoiries,1
NW,1989,Droit pénal.Procédure pénale.Codes de procédure pénale,1
NW,1989,"Aménagement du territoire et constructions, expropriation, travaux publics, énergie, transports, environnement.Aménagement du territoire et constructions.Procédure",1
NW,1989,"Aménagement du territoire et constructions, expropriation, travaux publics, énergie, transports, environnement.Aménagement du territoire et constructions.Affichage et publicité",1
NW,1989,"Santé, travail, droit des assurances sociales, logement, homes",1
NW,1990,Etat.Autorités.Gouvernement et administration.Gouvernement.Pensions,1
NW,1990,Droit civil.Concurrence déloyale / cartels,1
NW,1990,"Santé, travail, droit des assurances sociales, logement, homes",1
NW,1991,"Finances, Impôts, monopoles, entreprises d'état.Finances.Contributions étatiques, subventions",2
NW,1991,"Santé, travail, droit des assurances sociales, logement, homes.Assistance.Aide sociale",1
NW,1992,"Aménagement du territoire et constructions, expropriation, travaux publics, énergie, transports, environnement",1
NW,1992,"Santé, travail, droit des assurances sociales, logement, homes.Droit des assurances sociales.AVS/AI",1
NW,1993,Droit pénal.Procédure pénale.Aide aux victimes d'infractions,1
NW,1994,Etat.Communes.Finances communales,1
NW,1994,"Etat.Professions juridiques.Notaires.Taxes, tarifs",1
NW,1994,"Finances, Impôts, monopoles, entreprises d'état.Monopoles, régales, entreprises d'état.Mines",1
NW,1994,"Finances, Impôts, monopoles, entreprises d'état.Entreprises d'Etat.Banques cantonales",1
NW,1994,"Santé, travail, droit des assurances sociales, logement, homes",1
NW,1994,"Santé, travail, droit des assurances sociales, logement, homes.Logement.Mesures d'encouragement à la construction de logements",1
NW,1995,"Etat.Autorités.Gouvernement et administration.Droit du personnel.Pensions, prestations d'assurance",1
NW,1995,Economie.Agriculture.Assurances des animaux,1
NW,1996,"Enseignement, sciences, documentation et culture",1
NW,1996,"Finances, Impôts, monopoles, entreprises d'état.Monopoles, régales, entreprises d'état.Alcool",1
NW,1996,"Aménagement du territoire et constructions, expropriation, travaux publics, énergie, transports, environnement",3
NW,1996,"Aménagement du territoire et constructions, expropriation, travaux publics, énergie, transports, environnement.Protection de la nature et du paysage.Protection de la nature",1
NW,1996,"Santé, travail, droit des assurances sociales, logement, homes",1
NW,1996,"Santé, travail, droit des assurances sociales, logement, homes.Droit des assurances sociales.AVS/AI",1
NW,1997,"Défense nationale, protection de la population, police",1
NW,1997,"Aménagement du territoire et constructions, expropriation, travaux publics, énergie, transports, environnement",1
NW,1997,"Aménagement du territoire et constructions, expropriation, travaux publics, énergie, transports, environnement.Transports.Circulation routière.Transport des personnes",1
NW,1998,Etat,1
NW,2000,"Finances, Impôts, monopoles, entreprises d'état.Impôts.Impôts sur le revenu et la fortune / impôts sur les bénéfices et les capitaux.Impôt cantonal",1
NW,2001,"Santé, travail, droit des assurances sociales, logement, homes.Santé.Etablissements hospitaliers, cliniques.Hôpitaux cantonaux",1
NW,2002,Etat.Autorités.Gouvernement et administration.Droit du personnel.Engagement,1
NW,2003,"Etat.Autorités.Gouvernement et administration.Droit du personnel.Pensions, prestations d'assurance",1
NW,2003,"Enseignement, sciences, documentation et culture.Degré prescolaire, école primaire, degré secondaire I.Ecole primaire, degré secondaire I",1
NW,2005,"Enseignement, sciences, documentation et culture.Degré prescolaire, école primaire, degré secondaire I.Ecole primaire, degré secondaire I",1
NW,2010,"Etat.Autorités.Organisation judiciaire.Autorités judiciaires.Cours supérieures, tribunaux fédéraux",1
NW,2011,"Santé, travail, droit des assurances sociales, logement, homes",2
NW,2013,"Finances, Impôts, monopoles, entreprises d'état.Finances.Contributions étatiques, subventions",1
NW,2015,"Aménagement du territoire et constructions, expropriation, travaux publics, énergie, transports, environnement",1
NW,2016,"Etat.Autorités.Organisation judiciaire.Autorités judiciaires.Cours supérieures, tribunaux fédéraux",1
NW,2020,"Défense nationale, protection de la population, police.Sécurité intérieure.Police.Coopération en matière de police",1
NW,2020,"Aménagement du territoire et constructions, expropriation, travaux publics, énergie, transports, environnement.Transports.Funiculaires, téléphériques, téléskis",1
NW,2024,"Défense nationale, protection de la population, police.Sécurité intérieure.Police.Coopération en matière de police",1
NW,2026,"Aménagement du territoire et constructions, expropriation, travaux publics, énergie, transports, environnement",1
OW,1850,Etat.Autorités.Gouvernement et administration.Droit du personnel.Serment,1
OW,1892,Etat,1
OW,1892,Droit civil.Dispositions d'introduction du code civil.Droit de la famille.Tutelle,1
OW,1895,"Finances, Impôts, monopoles, entreprises d'état.Monopoles, régales, entreprises d'état.Alcool",1
OW,1899,Etat.Dispositions générales.Droit de cité,1
OW,1911,Droit civil,1
OW,1913,Droit civil,1
OW,1915,"Défense nationale, protection de la population, police.Protection de la population.Protection contre les incendies / éléments naturels.Assurances des bâtiments.Assurance contre les dommages causés par les éléments naturels",1
OW,1916,"Aménagement du territoire et constructions, expropriation, travaux publics, énergie, transports, environnement",1
OW,1918,Droit civil,1
OW,1927,"Santé, travail, droit des assurances sociales, logement, homes.Droit du travail.Employés.Sécurité",1
OW,1928,Economie,1
OW,1931,"Santé, travail, droit des assurances sociales, logement, homes.Santé.Lutte contre les maladies.Tuberculose",1
OW,1935,"Aménagement du territoire et constructions, expropriation, travaux publics, énergie, transports, environnement",1
OW,1937,Economie,1
OW,1938,Droit civil,1
OW,1939,"Santé, travail, droit des assurances sociales, logement, homes.Droit du travail.Employés.Sécurité",1
OW,1942,Droit civil,1
OW,1944,Economie.Arts et métiers.Services.Jeux de hasard et loteries.Fonds de loterie,1
OW,1952,"Santé, travail, droit des assurances sociales, logement, homes.Santé.Substances thérapeutiques, stupéfiants",1
OW,1954,"Santé, travail, droit des assurances sociales, logement, homes.Droit des assurances sociales.Allocations familiales.Travailleurs agricoles",1
OW,1955,"Aménagement du territoire et constructions, expropriation, travaux publics, énergie, transports, environnement.Transports.Funiculaires, téléphériques, téléskis",1
OW,1957,"Aménagement du territoire et constructions, expropriation, travaux publics, énergie, transports, environnement.Energie.Forces hydrauliques",1
OW,1959,Droit pénal,1
OW,1959,"Finances, Impôts, monopoles, entreprises d'état.Impôts.Interdiction des arrangements fiscaux",1
OW,1959,"Santé, travail, droit des assurances sociales, logement, homes.Santé.Lutte contre les maladies.Tuberculose",1
OW,1960,Economie,1
OW,1963,"Aménagement du territoire et constructions, expropriation, travaux publics, énergie, transports, environnement.Travaux publics.Routes.Routes nationales",1
OW,1964,Economie.Agriculture.Formation agricole.Ecole agricole,1
OW,1966,"Santé, travail, droit des assurances sociales, logement, homes",1
OW,1967,"Economie.Arts et métiers.Services.Institutions de crédit / assurances.Banques, bourses",1
OW,1969,"Santé, travail, droit des assurances sociales, logement, homes.Droit du travail.Employés.Dimanches et jours fériés",1
OW,1970,Droit civil,1
OW,1970,"Défense nationale, protection de la population, police.Protection de la population.Protection contre les incendies / éléments naturels.Protection contre le feu, pompiers",1
OW,1971,Etat,1
OW,1971,"Etat.Autorités.Gouvernement et administration.Droit du personnel.Traitements, indemnités",1
OW,1971,"Enseignement, sciences, documentation et culture",1
OW,1971,"Enseignement, sciences, documentation et culture.Assurance de la qualité, surveillance, direction.Coordination",1
OW,1971,"Santé, travail, droit des assurances sociales, logement, homes.Santé.Substances thérapeutiques, stupéfiants",1
OW,1972,Droit civil.Arbitrage,1
OW,1972,"Enseignement, sciences, documentation et culture.Pédagogie spécialisée.Logopédie",1
OW,1972,"Aménagement du territoire et constructions, expropriation, travaux publics, énergie, transports, environnement.Transports.Circulation routière.Impôts et taxes de la circulation",1
OW,1973,Etat.Autorités.Gouvernement et administration.Procédure administrative,1
OW,1973,"Etat.Autorités.Organisation judiciaire.Emoluments judiciaires, frais de justice",1
OW,1973,Etat.Eglise et Etat.Eglise évangélique réformée,1
OW,1973,Droit civil,1
OW,1973,Droit pénal.Procédure pénale.Codes de procédure pénale,1
OW,1973,"Défense nationale, protection de la population, police.Sécurité intérieure.Police.Police cantonale",1
OW,1973,"Finances, Impôts, monopoles, entreprises d'état.Entreprises d'Etat.Banques cantonales",1
OW,1973,"Aménagement du territoire et constructions, expropriation, travaux publics, énergie, transports, environnement.Protection de l'environnement.Déchets",1
OW,1973,"Santé, travail, droit des assurances sociales, logement, homes.Assistance.Protection de la jeunesse, aide à la jeunesse",1
OW,1974,Etat,1
OW,1974,"Finances, Impôts, monopoles, entreprises d'état.Monopoles, régales, entreprises d'état.Régale des sels",1
OW,1976,Droit civil.Procédure civile.Entraide judiciaire,1
OW,1976,"Aménagement du territoire et constructions, expropriation, travaux publics, énergie, transports, environnement.Protection de l'environnement.Protection des eaux",1
OW,1977,Droit civil.Procédure civile.Exécution,1
OW,1977,Economie,1
OW,1977,"Economie.Arts et métiers.Services.Restauration, Etablissements publics.Camping",1
OW,1978,"Enseignement, sciences, documentation et culture",1
OW,1978,"Enseignement, sciences, documentation et culture.Degré prescolaire, école primaire, degré secondaire I.Ecole enfantine",1
OW,1978,"Enseignement, sciences, documentation et culture.Documentation.Bibliothèques",1
OW,1979,Etat.Autorités.Gouvernement et administration.Emoluments administratifs,1
OW,1979,"Enseignement, sciences, documentation et culture.Degré secondaire II.Ecole moyenne",1
OW,1979,"Défense nationale, protection de la population, police.Sécurité intérieure.Police.Coopération en matière de police",1
OW,1979,"Finances, Impôts, monopoles, entreprises d'état.Monopoles, régales, entreprises d'état.Pêche.Zones de pêche",1
OW,1980,Etat.Professions juridiques.Notaires.Légalisation,1
OW,1980,"Droit civil.Dispositions d'introduction du code civil.Droits réels.Registre foncier, mensurations cadastrales",1
OW,1980,"Défense nationale, protection de la population, police.Protection de la population.Protection contre les incendies / éléments naturels.Protection contre le feu, pompiers",1
OW,1980,"Finances, Impôts, monopoles, entreprises d'état.Entreprises d'Etat.Banques cantonales",1
OW,1982,"Aménagement du territoire et constructions, expropriation, travaux publics, énergie, transports, environnement",1
OW,1983,"Santé, travail, droit des assurances sociales, logement, homes.Assistance.Aide sociale",1
OW,1983,"Santé, travail, droit des assurances sociales, logement, homes.Assistance.Avances sur les pensions alimentaires",1
OW,1984,"Enseignement, sciences, documentation et culture.Degré secondaire II.Ecole moyenne",1
OW,1984,"Santé, travail, droit des assurances sociales, logement, homes.Droit des assurances sociales.LPP",1
OW,1984,"Santé, travail, droit des assurances sociales, logement, homes.Assistance.Protection de la jeunesse, aide à la jeunesse",1
OW,1985,Etat.Dispositions générales.Constitution,1
OW,1985,"Droit civil.Dispositions d'introduction du code civil.Droits réels.Registre foncier, mensurations cadastrales",1
OW,1985,Droit pénal,1
OW,1985,"Enseignement, sciences, documentation et culture",1
OW,1985,"Enseignement, sciences, documentation et culture.Art, culture, sport.Encouragement à la culture",1
OW,1986,Etat.Autorités.Gouvernement et administration.Droit du personnel.Serment,1
OW,1986,Droit civil.Dispositions d'introduction du code civil.Droits réels.Estimation officielle des immeubles,1
OW,1987,Droit civil.Dispositions d'introduction du code civil.Droits réels.Acquisitions des terrains par des personnes domiciliées à l'étranger,1
OW,1987,Droit civil.Dispositions générales d'introduction du code des obligations.Des divers contrats.Enchères,1
OW,1987,"Enseignement, sciences, documentation et culture.Degré secondaire II: Formation professionnelle initiale.Ecoles professionnelles.Enseignement ménager",1
OW,1987,"Enseignement, sciences, documentation et culture.Assurance de la qualité, surveillance, direction.Médecine scolaire, services psychologiques scolaires",1
OW,1987,"Aménagement du territoire et constructions, expropriation, travaux publics, énergie, transports, environnement.Aménagement du territoire et constructions.Plans",1
OW,1987,"Aménagement du territoire et constructions, expropriation, travaux publics, énergie, transports, environnement.Protection de l'environnement.Protection des eaux",1
OW,1988,Etat.Dispositions générales.Etablissement et séjour.Etablissement et séjour des étrangers.asile,1
OW,1988,"Enseignement, sciences, documentation et culture.Contributions à la formation.Ecolages",1
OW,1988,"Finances, Impôts, monopoles, entreprises d'état.Finances.Budget, comptes",1
OW,1988,"Aménagement du territoire et constructions, expropriation, travaux publics, énergie, transports, environnement.Transports.Transports publics.Transports ferroviaires",1
OW,1988,"Aménagement du territoire et constructions, expropriation, travaux publics, énergie, transports, environnement.Protection de l'environnement.Protection contre les radiations",1
OW,1988,"Santé, travail, droit des assurances sociales, logement, homes.Santé.Professions médicales.Personnel soignant",1
OW,1988,"Santé, travail, droit des assurances sociales, logement, homes.Assistance.Homes.Foyers pour enfants et adolescents",1
OW,1989,Etat,1
OW,1989,Droit pénal,1
OW,1989,"Aménagement du territoire et constructions, expropriation, travaux publics, énergie, transports, environnement.Travaux publics.Routes.Chemins pédestres et de randonnée",1
OW,1989,"Aménagement du territoire et constructions, expropriation, travaux publics, énergie, transports, environnement.Transports.Transports publics.Autobus et trolleybus",1
OW,1990,Etat.Eglise et Etat.Eglise évangélique réformée,1
OW,1990,"Aménagement du territoire et constructions, expropriation, travaux publics, énergie, transports, environnement.Protection de la nature et du paysage.Protection du paysage",1
OW,1990,"Aménagement du territoire et constructions, expropriation, travaux publics, énergie, transports, environnement.Protection de la nature et du paysage.Protection des monuments et des biens culturels",1
OW,1991,"Enseignement, sciences, documentation et culture",1
OW,1991,"Aménagement du territoire et constructions, expropriation, travaux publics, énergie, transports, environnement.Protection de la nature et du paysage.Protection des animaux",1
OW,1991,"Santé, travail, droit des assurances sociales, logement, homes",2
OW,1991,"Santé, travail, droit des assurances sociales, logement, homes.Santé.Etablissements hospitaliers, cliniques.Droits des patients",1
OW,1991,"Santé, travail, droit des assurances sociales, logement, homes.Santé.Substances thérapeutiques, stupéfiants",1
OW,1991,"Santé, travail, droit des assurances sociales, logement, homes.Santé.Hygiène.Piscines",1
OW,1991,"Santé, travail, droit des assurances sociales, logement, homes.Santé.Hygiène.Inhumations, cimetières",1
OW,1991,"Santé, travail, droit des assurances sociales, logement, homes.Droit du travail.Marché du travail.Service de l'emploi et location de services",1
OW,1991,"Santé, travail, droit des assurances sociales, logement, homes.Assistance.Homes.Etablissements pour personnes âgées",1
OW,1992,"Santé, travail, droit des assurances sociales, logement, homes.Santé.Etablissements hospitaliers, cliniques.Cliniques psychiatriques",3
OW,1992,"Santé, travail, droit des assurances sociales, logement, homes.Logement.Mesures d'encouragement à la construction de logements",1
OW,1993,Etat,1
OW,1993,Droit pénal.Procédure pénale.Aide aux victimes d'infractions,1
OW,1993,"Enseignement, sciences, documentation et culture.Degré tertiaire: Hautes écoles.Pédagogie",1
OW,1993,"Santé, travail, droit des assurances sociales, logement, homes",1
OW,1993,"Santé, travail, droit des assurances sociales, logement, homes.Santé.Etablissements hospitaliers, cliniques.Cliniques psychiatriques",3
OW,1993,"Santé, travail, droit des assurances sociales, logement, homes.Droit des assurances sociales.AVS/AI",1
OW,1994,Etat,1
OW,1994,Droit pénal.Procédure pénale.Entraide judiciaire,1
OW,1994,"Enseignement, sciences, documentation et culture.Formation continue (Degré quaternaire).Formation des adultes",1
OW,1994,"Aménagement du territoire et constructions, expropriation, travaux publics, énergie, transports, environnement",1
OW,1994,"Santé, travail, droit des assurances sociales, logement, homes",3
OW,1994,"Santé, travail, droit des assurances sociales, logement, homes.Santé.Professions médicales.Personnel soignant",2
OW,1994,"Santé, travail, droit des assurances sociales, logement, homes.Assistance.Homes.Etablissements pour personnes âgées",1
OW,1995,"Droit civil.Dispositions d'introduction du code civil.Droits réels.Registre foncier, mensurations cadastrales",1
OW,1995,"Enseignement, sciences, documentation et culture",1
OW,1996,Etat.Dispositions générales.Etablissement et séjour.Etablissement et séjour Suisses.contrôle des habitants,1
OW,1996,Etat.Dispositions générales.Etablissement et séjour.Etablissement et séjour des étrangers.asile,1
OW,1996,"Etat.Autorités.Organisation judiciaire.Autorités judiciaires.Juges d'instruction, Ministère public.Ministère public",1
OW,1996,"Etat.Autorités.Organisation judiciaire.Autorités judiciaires.Cours supérieures, tribunaux fédéraux",1
OW,1996,"Enseignement, sciences, documentation et culture.Documentation.Archives",1
OW,1996,"Défense nationale, protection de la population, police.Défense.Taxe d'exemption",1
OW,1996,"Aménagement du territoire et constructions, expropriation, travaux publics, énergie, transports, environnement",1
OW,1996,"Aménagement du territoire et constructions, expropriation, travaux publics, énergie, transports, environnement.Transports.Transports publics.Transports régionaux",1
OW,1996,"Santé, travail, droit des assurances sociales, logement, homes",1
OW,1996,"Santé, travail, droit des assurances sociales, logement, homes.Droit du travail.Marché du travail.Service de l'emploi et location de services",1
OW,1996,"Santé, travail, droit des assurances sociales, logement, homes.Droit des assurances sociales.Assurance-chômage",1
OW,1997,Etat,1
OW,1997,"Enseignement, sciences, documentation et culture",4
OW,1997,"Enseignement, sciences, documentation et culture.Pédagogie spécialisée.Ecoles d'art et de sport",1
OW,1997,"Enseignement, sciences, documentation et culture.Contributions à la formation.Ecolages",1
OW,1997,"Finances, Impôts, monopoles, entreprises d'état.Monopoles, régales, entreprises d'état.Alcool",1
OW,1997,"Aménagement du territoire et constructions, expropriation, travaux publics, énergie, transports, environnement.Protection de la nature et du paysage.Champignons",1
OW,1997,"Santé, travail, droit des assurances sociales, logement, homes",6
OW,1997,Economie.Arts et métiers.Services.Tourisme,1
OW,1998,Etat,1
OW,1998,Etat.Autorités.Gouvernement et administration.Procédure administrative,1
OW,1998,"Enseignement, sciences, documentation et culture",1
OW,1998,"Aménagement du territoire et constructions, expropriation, travaux publics, énergie, transports, environnement",1
OW,1998,"Santé, travail, droit des assurances sociales, logement, homes.Droit des assurances sociales.Prestations complémentaires",1
OW,1999,"Enseignement, sciences, documentation et culture",1
OW,1999,"Enseignement, sciences, documentation et culture.Degré tertiaire: Ecoles supérieures",1
OW,1999,"Santé, travail, droit des assurances sociales, logement, homes",1
OW,1999,"Santé, travail, droit des assurances sociales, logement, homes.Santé.Professions médicales.Sages-femmes",1
OW,1999,"Santé, travail, droit des assurances sociales, logement, homes.Santé.Hygiène.Denrées alimentaires, objets d'usage courant.Surveillance des aliments",1
OW,1999,Economie.Promotion de l'économie,1
OW,2000,"Economie.Commerce.Marché intérieur, entraves techniques au commerce",1
OW,2001,Etat,1
OW,2001,"Enseignement, sciences, documentation et culture.Degré tertiaire: Hautes écoles.Pédagogie",2
OW,2001,"Enseignement, sciences, documentation et culture.Assurance de la qualité, surveillance, direction.Médecine scolaire, services psychologiques scolaires",1
OW,2001,"Enseignement, sciences, documentation et culture.Art, culture, sport.Sport",1
OW,2001,"Finances, Impôts, monopoles, entreprises d'état.Entreprises d'Etat.Banques cantonales",1
OW,2001,"Aménagement du territoire et constructions, expropriation, travaux publics, énergie, transports, environnement",1
OW,2001,"Aménagement du territoire et constructions, expropriation, travaux publics, énergie, transports, environnement.Aménagement du territoire et constructions.Plans",1
OW,2001,"Santé, travail, droit des assurances sociales, logement, homes",1
OW,2001,Economie.Arts et métiers.Services.Jeux de hasard et loteries.Maisons de jeu,1
OW,2002,"Etat.Dispositions générales.Droits fondamentaux, droits politiques.égalité entre hommes et femmes",1
OW,2002,"Enseignement, sciences, documentation et culture",1
OW,2002,"Aménagement du territoire et constructions, expropriation, travaux publics, énergie, transports, environnement",1
OW,2002,"Aménagement du territoire et constructions, expropriation, travaux publics, énergie, transports, environnement.Transports.Circulation routière.Contrôle technique des véhicules",1
OW,2002,"Santé, travail, droit des assurances sociales, logement, homes",1
OW,2002,"Santé, travail, droit des assurances sociales, logement, homes.Logement.Logement dans les zones de montagne",1
OW,2003,"Enseignement, sciences, documentation et culture.Degré tertiaire: Hautes écoles.Pédagogie",1
OW,2003,"Enseignement, sciences, documentation et culture.Pédagogie spécialisée.Enfants surdoués",1
OW,2003,"Aménagement du territoire et constructions, expropriation, travaux publics, énergie, transports, environnement",1
OW,2003,"Santé, travail, droit des assurances sociales, logement, homes",1
OW,2003,"Santé, travail, droit des assurances sociales, logement, homes.Santé.Hygiène.Denrées alimentaires, objets d'usage courant.Surveillance des aliments",1
OW,2003,"Santé, travail, droit des assurances sociales, logement, homes.Droit du travail.Marché du travail.Envoi de travailleurs à l'étranger",1
OW,2004,Droit civil,1
OW,2004,"Droit civil.Dispositions d'introduction du code civil.Droit des personnes, état civil.Fondations, surveillance.Fondations LPP",1
OW,2004,"Défense nationale, protection de la population, police.Protection de la population.Approvisionnement du pays",1
OW,2004,"Défense nationale, protection de la population, police.Sécurité intérieure.Police.Personnel",1
OW,2004,"Santé, travail, droit des assurances sociales, logement, homes.Droit des assurances sociales.Allocations familiales.Salariés et indépendants",1
OW,2005,Etat.Autorités.Gouvernement et administration.Emoluments administratifs,1
OW,2005,Economie,1
OW,2005,Economie.Commerce.Commerce itinérant,1
OW,2006,Etat.Dispositions générales.Collaboration intercantonale,1
OW,2006,Etat.Dispositions générales.Droit de cité,1
OW,2006,"Enseignement, sciences, documentation et culture.Degré prescolaire, école primaire, degré secondaire I.Ecole primaire, degré secondaire I",1
OW,2006,"Enseignement, sciences, documentation et culture.Pédagogie spécialisée.Ecoles spécialisées",1
OW,2006,"Défense nationale, protection de la population, police",1
OW,2006,"Défense nationale, protection de la population, police.Sécurité intérieure.Police.Coopération en matière de police",1
OW,2006,"Aménagement du territoire et constructions, expropriation, travaux publics, énergie, transports, environnement",1
OW,2006,"Aménagement du territoire et constructions, expropriation, travaux publics, énergie, transports, environnement.Protection de l'environnement.Protection des eaux",1
OW,2006,"Santé, travail, droit des assurances sociales, logement, homes.Droit du travail.Marché du travail.Envoi de travailleurs à l'étranger",1
OW,2007,Etat,2
OW,2007,Droit pénal.Amendes d'ordre,1
OW,2007,"Aménagement du territoire et constructions, expropriation, travaux publics, énergie, transports, environnement.Travaux publics.Aménagement des eaux.Corrections des eaux / Protection contre les crues",1
OW,2008,"Enseignement, sciences, documentation et culture",1
OW,2008,"Enseignement, sciences, documentation et culture.Corps enseignant.Engagement",1
OW,2008,"Santé, travail, droit des assurances sociales, logement, homes.Santé.Professions médicales.Vétérinaires",1
OW,2008,"Santé, travail, droit des assurances sociales, logement, homes.Assistance.Homes.Etablissements pour personnes âgées",1
OW,2009,"Santé, travail, droit des assurances sociales, logement, homes.Droit des assurances sociales.LAMAL.Réduction des primes",1
OW,2010,Etat.Dispositions générales.Etablissement et séjour.Etablissement et séjour des étrangers.intégration,1
OW,2010,"Enseignement, sciences, documentation et culture.Pédagogie spécialisée.Ecoles spécialisées",1
OW,2011,"Santé, travail, droit des assurances sociales, logement, homes",1
OW,2012,Etat.Professions juridiques.Notaires.Légalisation,1
OW,2012,Droit civil.Dispositions d'introduction du code civil.Droits réels.Estimation officielle des immeubles,1
OW,2012,"Aménagement du territoire et constructions, expropriation, travaux publics, énergie, transports, environnement",1
OW,2014,"Enseignement, sciences, documentation et culture",2
SG,1899,Etat.Eglise et Etat.Eglise catholique chrétienne,1
SG,1901,"Aménagement du territoire et constructions, expropriation, travaux publics, énergie, transports, environnement.Transports.Transports publics.Transports ferroviaires",1
SG,1914,"Aménagement du territoire et constructions, expropriation, travaux publics, énergie, transports, environnement.Energie.Electricité",1
SG,1929,"Aménagement du territoire et constructions, expropriation, travaux publics, énergie, transports, environnement.Energie.Electricité",1
SG,1939,Etat,1
SG,1946,Economie.Agriculture.Production animale.Commerce du bétail,1
SG,1947,"Finances, Impôts, monopoles, entreprises d'état.Finances.Contributions étatiques, subventions",1
SG,1955,"Finances, Impôts, monopoles, entreprises d'état.Monopoles, régales, entreprises d'état.Pétrole",1
SG,1959,Etat.Eglise et Etat.Eglise catholique romaine,1
SG,1965,"Défense nationale, protection de la population, police",1
SG,1965,"Finances, Impôts, monopoles, entreprises d'état.Finances.Contributions étatiques, subventions",1
SG,1967,"Santé, travail, droit des assurances sociales, logement, homes.Logement.Mesures d'encouragement à la construction de logements",1
SG,1968,"Enseignement, sciences, documentation et culture",1
SG,1968,"Finances, Impôts, monopoles, entreprises d'état.Finances.Contributions étatiques, subventions",1
SG,1969,"Enseignement, sciences, documentation et culture.Assurance de la qualité, surveillance, direction.Bâtiments scolaires",1
SG,1970,"Aménagement du territoire et constructions, expropriation, travaux publics, énergie, transports, environnement.Transports.Circulation routière.Contrôle technique des véhicules",1
SG,1971,"Enseignement, sciences, documentation et culture.Assurance de la qualité, surveillance, direction.Coordination",1
SG,1971,"Enseignement, sciences, documentation et culture.Assurance de la qualité, surveillance, direction.Bâtiments scolaires",1
SG,1972,Droit civil.Arbitrage,1
SG,1972,"Finances, Impôts, monopoles, entreprises d'état.Finances.Contributions étatiques, subventions",1
SG,1972,"Santé, travail, droit des assurances sociales, logement, homes.Santé.Substances thérapeutiques, stupéfiants",1
SG,1974,"Finances, Impôts, monopoles, entreprises d'état.Monopoles, régales, entreprises d'état.Régale des sels",1
SG,1974,"Santé, travail, droit des assurances sociales, logement, homes",1
SG,1975,"Enseignement, sciences, documentation et culture.Assurance de la qualité, surveillance, direction.Bâtiments scolaires",1
SG,1975,"Finances, Impôts, monopoles, entreprises d'état.Finances.Contributions étatiques, subventions",1
SG,1975,"Aménagement du territoire et constructions, expropriation, travaux publics, énergie, transports, environnement",1
SG,1975,"Aménagement du territoire et constructions, expropriation, travaux publics, énergie, transports, environnement.Travaux publics.Bâtiments et terrains publics",1
SG,1976,"Défense nationale, protection de la population, police.Sécurité intérieure.Police.Coopération en matière de police",1
SG,1976,"Santé, travail, droit des assurances sociales, logement, homes",1
SG,1976,Economie,1
SG,1977,Droit civil.Procédure civile.Entraide judiciaire,1
SG,1978,"Enseignement, sciences, documentation et culture.Assurance de la qualité, surveillance, direction.Bâtiments scolaires",1
SG,1978,"Enseignement, sciences, documentation et culture.Documentation.Bibliothèques",1
SG,1979,Etat,1
SG,1979,"Enseignement, sciences, documentation et culture.Art, culture, sport.Sport",1
SG,1979,"Finances, Impôts, monopoles, entreprises d'état.Finances.Contributions étatiques, subventions",1
SG,1979,"Santé, travail, droit des assurances sociales, logement, homes",1
SG,1979,Economie.Promotion de l'économie,1
SG,1979,Economie.Développement économiques dans les régions de montagne,1
SG,1980,Etat.Eglise et Etat.Eglise catholique romaine,1
SG,1980,"Aménagement du territoire et constructions, expropriation, travaux publics, énergie, transports, environnement",1
SG,1981,Etat.Eglise et Etat.Eglise catholique romaine,1
SG,1981,"Défense nationale, protection de la population, police.Défense.Places d'armes, arsenaux",1
SG,1982,Etat.Eglise et Etat.Eglise catholique romaine,1
SG,1982,"Enseignement, sciences, documentation et culture.Assurance de la qualité, surveillance, direction.Bâtiments scolaires",1
SG,1982,"Enseignement, sciences, documentation et culture.Sport scolaire",3
SG,1982,"Finances, Impôts, monopoles, entreprises d'état.Entreprises d'Etat.Banques cantonales",1
SG,1982,"Aménagement du territoire et constructions, expropriation, travaux publics, énergie, transports, environnement.Protection de l'environnement.Protection des eaux",1
SG,1982,"Santé, travail, droit des assurances sociales, logement, homes",1
SG,1983,"Aménagement du territoire et constructions, expropriation, travaux publics, énergie, transports, environnement.Protection de la nature et du paysage.Protection des monuments et des biens culturels",1
SG,1983,"Santé, travail, droit des assurances sociales, logement, homes.Santé.Etablissements hospitaliers, cliniques.Hôpitaux cantonaux",1
SG,1985,"Enseignement, sciences, documentation et culture.Assurance de la qualité, surveillance, direction.Bâtiments scolaires",1
SG,1985,"Enseignement, sciences, documentation et culture.Sport scolaire",1
SG,1985,"Finances, Impôts, monopoles, entreprises d'état.Finances.Contributions étatiques, subventions",1
SG,1985,"Aménagement du territoire et constructions, expropriation, travaux publics, énergie, transports, environnement.Travaux publics.Bâtiments et terrains publics",1
SG,1986,"Enseignement, sciences, documentation et culture.Assurance de la qualité, surveillance, direction.Bâtiments scolaires",1
SG,1986,"Finances, Impôts, monopoles, entreprises d'état.Finances.Contributions étatiques, subventions",1
SG,1986,"Aménagement du territoire et constructions, expropriation, travaux publics, énergie, transports, environnement.Travaux publics.Bâtiments et terrains publics",2
SG,1986,"Santé, travail, droit des assurances sociales, logement, homes",3
SG,1987,"Aménagement du territoire et constructions, expropriation, travaux publics, énergie, transports, environnement",1
SG,1987,"Aménagement du territoire et constructions, expropriation, travaux publics, énergie, transports, environnement.Aménagement du territoire et constructions.Plans",1
SG,1987,"Santé, travail, droit des assurances sociales, logement, homes",1
SG,1987,"Santé, travail, droit des assurances sociales, logement, homes.Santé.Etablissements hospitaliers, cliniques.Hôpitaux cantonaux",1
SG,1988,Etat.Autorités.Gouvernement et administration.Gouvernement.Indemnités,1
SG,1988,Etat.Eglise et Etat.Eglise catholique romaine,1
SG,1988,"Enseignement, sciences, documentation et culture.Assurance de la qualité, surveillance, direction.Bâtiments scolaires",2
SG,1988,"Finances, Impôts, monopoles, entreprises d'état.Finances.Contributions étatiques, subventions",1
SG,1988,"Santé, travail, droit des assurances sociales, logement, homes",3
SG,1989,"Finances, Impôts, monopoles, entreprises d'état.Finances.Contributions étatiques, subventions",1
SG,1989,"Aménagement du territoire et constructions, expropriation, travaux publics, énergie, transports, environnement.Protection de l'environnement.Substances dangereuses pour l'environnement",1
SG,1989,"Santé, travail, droit des assurances sociales, logement, homes.Santé.Etablissements hospitaliers, cliniques.Hôpitaux cantonaux",1
SG,1989,Economie.Arts et métiers.Services.Jeux de hasard et loteries.Fonds de loterie,1
SG,1990,"Enseignement, sciences, documentation et culture.Assurance de la qualité, surveillance, direction.Bâtiments scolaires",1
SG,1990,"Finances, Impôts, monopoles, entreprises d'état.Finances.Contributions étatiques, subventions",3
SG,1990,"Aménagement du territoire et constructions, expropriation, travaux publics, énergie, transports, environnement.Transports.Circulation routière.Contrôle technique des véhicules",1
SG,1990,"Aménagement du territoire et constructions, expropriation, travaux publics, énergie, transports, environnement.Protection de l'environnement.Protection contre le bruit",1
SG,1990,"Santé, travail, droit des assurances sociales, logement, homes",2
SG,1990,"Santé, travail, droit des assurances sociales, logement, homes.Santé.Etablissements hospitaliers, cliniques.Hôpitaux cantonaux",3
SG,1991,Etat.Autorités.Parlement.Indemnisation des parlementaires,1
SG,1991,"Enseignement, sciences, documentation et culture.Art, culture, sport.Sport",1
SG,1991,"Finances, Impôts, monopoles, entreprises d'état.Finances.Contributions étatiques, subventions",2
SG,1991,"Aménagement du territoire et constructions, expropriation, travaux publics, énergie, transports, environnement",1
SG,1991,"Aménagement du territoire et constructions, expropriation, travaux publics, énergie, transports, environnement.Travaux publics.Bâtiments et terrains publics",1
SG,1991,"Santé, travail, droit des assurances sociales, logement, homes.Santé.Etablissements hospitaliers, cliniques.Hôpitaux cantonaux",2
SG,1992,"Finances, Impôts, monopoles, entreprises d'état.Finances.Contributions étatiques, subventions",1
SG,1992,"Aménagement du territoire et constructions, expropriation, travaux publics, énergie, transports, environnement",1
SG,1992,"Aménagement du territoire et constructions, expropriation, travaux publics, énergie, transports, environnement.Travaux publics.Bâtiments et terrains publics",1
SG,1992,"Santé, travail, droit des assurances sociales, logement, homes.Santé.Etablissements hospitaliers, cliniques.Hôpitaux cantonaux",1
SG,1992,"Santé, travail, droit des assurances sociales, logement, homes.Logement.Mesures d'encouragement à la construction de logements",1
SG,1993,Etat,1
SG,1993,Etat.Eglise et Etat.Autres religions,1
SG,1993,"Enseignement, sciences, documentation et culture.Art, culture, sport.Sport",1
SG,1993,"Finances, Impôts, monopoles, entreprises d'état.Finances.Contributions étatiques, subventions",1
SG,1993,"Santé, travail, droit des assurances sociales, logement, homes.Santé.Etablissements hospitaliers, cliniques.Hôpitaux cantonaux",1
SG,1993,"Santé, travail, droit des assurances sociales, logement, homes.Santé.Etablissements hospitaliers, cliniques.Cliniques psychiatriques",1
SG,1994,"Enseignement, sciences, documentation et culture.Degré tertiaire: Ecoles supérieures",1
SG,1994,"Enseignement, sciences, documentation et culture.Sport scolaire",1
SG,1994,"Défense nationale, protection de la population, police",1
SG,1994,"Finances, Impôts, monopoles, entreprises d'état.Finances.Contributions étatiques, subventions",1
SG,1994,"Finances, Impôts, monopoles, entreprises d'état.Monopoles, régales, entreprises d'état.Pêche.Zones de pêche",1
SG,1994,"Aménagement du territoire et constructions, expropriation, travaux publics, énergie, transports, environnement",1
SG,1995,Droit pénal.Procédure pénale.Entraide judiciaire,1
SG,1995,"Enseignement, sciences, documentation et culture.Assurance de la qualité, surveillance, direction.Bâtiments scolaires",2
SG,1995,"Finances, Impôts, monopoles, entreprises d'état.Finances.Contributions étatiques, subventions",2
SG,1995,"Santé, travail, droit des assurances sociales, logement, homes.Santé.Etablissements hospitaliers, cliniques.Hôpitaux cantonaux",2
SG,1995,"Santé, travail, droit des assurances sociales, logement, homes.Santé.Etablissements hospitaliers, cliniques.Cliniques psychiatriques",1
SG,1995,Economie.Agriculture.Crédit agricole,1
SG,1995,Economie.Arts et métiers.Services.Jeux de hasard et loteries.Fonds de loterie,1
SG,1996,"Défense nationale, protection de la population, police",1
SG,1996,"Finances, Impôts, monopoles, entreprises d'état.Finances.Contributions étatiques, subventions",1
SG,1996,"Aménagement du territoire et constructions, expropriation, travaux publics, énergie, transports, environnement.Travaux publics.Bâtiments et terrains publics",1
SG,1996,"Aménagement du territoire et constructions, expropriation, travaux publics, énergie, transports, environnement.Transports.Circulation routière.Police de la circulation",1
SG,1996,"Aménagement du territoire et constructions, expropriation, travaux publics, énergie, transports, environnement.Protection de l'environnement.Déchets",1
SG,1996,"Santé, travail, droit des assurances sociales, logement, homes.Santé.Professions médicales.Personnel soignant",1
SG,1996,"Santé, travail, droit des assurances sociales, logement, homes.Santé.Hygiène.Denrées alimentaires, objets d'usage courant.Surveillance des aliments",1
SG,1996,"Santé, travail, droit des assurances sociales, logement, homes.Assistance.Homes.Etablissements pour personnes âgées",1
SG,1996,Economie.Agriculture.Améliorations foncières,1
SG,1996,Economie.Arts et métiers.Services.Tourisme,1
SG,1997,Etat.Eglise et Etat.Eglise catholique romaine,1
SG,1997,"Finances, Impôts, monopoles, entreprises d'état.Finances.Contributions étatiques, subventions",1
SG,1997,"Aménagement du territoire et constructions, expropriation, travaux publics, énergie, transports, environnement",1
SG,1997,"Aménagement du territoire et constructions, expropriation, travaux publics, énergie, transports, environnement.Travaux publics.Marchés publics",1
SG,1997,"Santé, travail, droit des assurances sociales, logement, homes",1
SG,1997,"Santé, travail, droit des assurances sociales, logement, homes.Santé.Etablissements hospitaliers, cliniques.Hôpitaux cantonaux",2
SG,1998,"Enseignement, sciences, documentation et culture",1
SG,1998,"Enseignement, sciences, documentation et culture.Corps enseignant.Traitement, indemnités",1
SG,1998,"Finances, Impôts, monopoles, entreprises d'état.Finances.Contributions étatiques, subventions",2
SG,1998,"Finances, Impôts, monopoles, entreprises d'état.Finances.Privatisations",1
SG,1998,"Aménagement du territoire et constructions, expropriation, travaux publics, énergie, transports, environnement.Transports.Transports publics.Transports ferroviaires",1
SG,1998,"Santé, travail, droit des assurances sociales, logement, homes.Santé.Etablissements hospitaliers, cliniques.Cliniques psychiatriques",1
SG,1999,"Enseignement, sciences, documentation et culture",1
SG,1999,"Finances, Impôts, monopoles, entreprises d'état.Finances.Contributions étatiques, subventions",1
SG,1999,"Santé, travail, droit des assurances sociales, logement, homes",1
SG,2000,Etat.Autorités.Gouvernement et administration.New Public Management,1
SG,2000,"Enseignement, sciences, documentation et culture.Assurance de la qualité, surveillance, direction.Coordination",1
SG,2000,"Enseignement, sciences, documentation et culture.Assurance de la qualité, surveillance, direction.Bâtiments scolaires",3
SG,2000,"Enseignement, sciences, documentation et culture.Art, culture, sport.Encouragement à la culture",1
SG,2000,"Aménagement du territoire et constructions, expropriation, travaux publics, énergie, transports, environnement.Travaux publics.Bâtiments et terrains publics",1
SG,2000,"Economie.Commerce.Marché intérieur, entraves techniques au commerce",1
SG,2001,"Enseignement, sciences, documentation et culture",2
SG,2001,"Enseignement, sciences, documentation et culture.Degré tertiaire: Hautes écoles.Pédagogie",1
SG,2001,"Défense nationale, protection de la population, police",1
SG,2001,"Finances, Impôts, monopoles, entreprises d'état.Finances.Contributions étatiques, subventions",1
SG,2001,Economie.Arts et métiers.Services.Jeux de hasard et loteries.Fonds de loterie,1
SG,2002,"Enseignement, sciences, documentation et culture.Assurance de la qualité, surveillance, direction.Bâtiments scolaires",1
SG,2002,"Aménagement du territoire et constructions, expropriation, travaux publics, énergie, transports, environnement",1
SG,2002,"Aménagement du territoire et constructions, expropriation, travaux publics, énergie, transports, environnement.Travaux publics.Marchés publics",1
SG,2002,"Aménagement du territoire et constructions, expropriation, travaux publics, énergie, transports, environnement.Transports.Circulation routière.Police de la circulation",2
SG,2002,"Santé, travail, droit des assurances sociales, logement, homes",1
SG,2002,"Santé, travail, droit des assurances sociales, logement, homes.Santé.Etablissements hospitaliers, cliniques.Hôpitaux cantonaux",1
SG,2002,"Santé, travail, droit des assurances sociales, logement, homes.Santé.Etablissements hospitaliers, cliniques.Cliniques psychiatriques",2
SG,2002,"Santé, travail, droit des assurances sociales, logement, homes.Assistance.Personnes handicapés.Ateliers protégés",1
SG,2002,Economie.Agriculture.Formation agricole.Ecole agricole,1
SG,2003,"Enseignement, sciences, documentation et culture.Degré tertiaire: Hautes écoles.Pédagogie",1
SG,2003,"Enseignement, sciences, documentation et culture.Assurance de la qualité, surveillance, direction.Promotion des technologies d'information",1
SG,2003,"Enseignement, sciences, documentation et culture.Assurance de la qualité, surveillance, direction.Bâtiments scolaires",1
SG,2003,"Aménagement du territoire et constructions, expropriation, travaux publics, énergie, transports, environnement.Travaux publics.Bâtiments et terrains publics",1
SG,2003,"Santé, travail, droit des assurances sociales, logement, homes",1
SG,2004,Etat.Eglise et Etat.Eglise catholique romaine,2
SG,2004,"Enseignement, sciences, documentation et culture",1
SG,2004,"Enseignement, sciences, documentation et culture.Assurance de la qualité, surveillance, direction.Bâtiments scolaires",1
SG,2004,"Enseignement, sciences, documentation et culture.Sport scolaire",1
SG,2004,"Enseignement, sciences, documentation et culture.Art, culture, sport.Sport",1
SG,2004,"Aménagement du territoire et constructions, expropriation, travaux publics, énergie, transports, environnement.Transports.Funiculaires, téléphériques, téléskis",1
SG,2005,Etat,1
SG,2005,"Enseignement, sciences, documentation et culture",1
SG,2005,"Enseignement, sciences, documentation et culture.Assurance de la qualité, surveillance, direction.Bâtiments scolaires",2
SG,2005,"Finances, Impôts, monopoles, entreprises d'état.Finances.Contributions étatiques, subventions",2
SG,2005,"Aménagement du territoire et constructions, expropriation, travaux publics, énergie, transports, environnement.Protection de la nature et du paysage.Protection des monuments et des biens culturels",1
SG,2005,"Santé, travail, droit des assurances sociales, logement, homes",2
SG,2006,"Droit civil.Dispositions d'introduction du code civil.Droit des personnes, état civil.Fondations, surveillance.Fondations LPP",1
SG,2006,Droit pénal.Procédure pénale.Médecine légale,1
SG,2006,"Enseignement, sciences, documentation et culture.Formation continue (Degré quaternaire).Formation des adultes",1
SG,2006,"Santé, travail, droit des assurances sociales, logement, homes",1
SG,2006,Non classé,1
SG,2007,Etat.Dispositions générales.Collaboration intercantonale,1
SG,2007,Etat.Autorités.Informatique.E-Government,1
SG,2007,"Finances, Impôts, monopoles, entreprises d'état.Finances.Contributions étatiques, subventions",3
SG,2007,"Aménagement du territoire et constructions, expropriation, travaux publics, énergie, transports, environnement.Transports.Transports publics.Transports ferroviaires",1
SG,2007,"Santé, travail, droit des assurances sociales, logement, homes.Santé.Etablissements hospitaliers, cliniques.Cliniques psychiatriques",1
SG,2007,Economie.Promotion de l'économie,1
SG,2008,Etat.Communes.Fusions communales,2
SG,2008,"Enseignement, sciences, documentation et culture.Degré prescolaire, école primaire, degré secondaire I.Ecole primaire, degré secondaire I",1
SG,2008,"Enseignement, sciences, documentation et culture.Assurance de la qualité, surveillance, direction.Bâtiments scolaires",2
SG,2008,"Enseignement, sciences, documentation et culture.Sport scolaire",1
SG,2008,"Enseignement, sciences, documentation et culture.Art, culture, sport.Encouragement à la culture",1
SG,2008,"Enseignement, sciences, documentation et culture.Art, culture, sport.Sport",1
SG,2008,"Finances, Impôts, monopoles, entreprises d'état.Finances.Contributions étatiques, subventions",1
SG,2008,"Finances, Impôts, monopoles, entreprises d'état.Monopoles, régales, entreprises d'état.Pêche.Zones de pêche",1
SG,2008,"Aménagement du territoire et constructions, expropriation, travaux publics, énergie, transports, environnement.Travaux publics.Bâtiments et terrains publics",1
SG,2008,"Santé, travail, droit des assurances sociales, logement, homes",3
SG,2009,"Enseignement, sciences, documentation et culture.Assurance de la qualité, surveillance, direction.Bâtiments scolaires",1
SG,2009,"Finances, Impôts, monopoles, entreprises d'état.Finances.Contributions étatiques, subventions",1
SG,2009,"Aménagement du territoire et constructions, expropriation, travaux publics, énergie, transports, environnement.Travaux publics.Bâtiments et terrains publics",1
SG,2010,"Défense nationale, protection de la population, police.Sécurité intérieure.Police.Coopération en matière de police",1
SG,2010,"Finances, Impôts, monopoles, entreprises d'état.Finances.Contributions étatiques, subventions",1
SG,2010,"Aménagement du territoire et constructions, expropriation, travaux publics, énergie, transports, environnement",3
SG,2010,"Aménagement du territoire et constructions, expropriation, travaux publics, énergie, transports, environnement.Transports.Transports publics.Transports régionaux",1
SG,2011,Etat.Communes.Fusions communales,2
SG,2011,"Enseignement, sciences, documentation et culture",1
SG,2011,"Finances, Impôts, monopoles, entreprises d'état.Finances.Contributions étatiques, subventions",2
SG,2011,"Santé, travail, droit des assurances sociales, logement, homes.Santé.Etablissements hospitaliers, cliniques.Hôpitaux cantonaux",1
SG,2012,Etat.Communes.Fusions communales,4
SG,2012,"Enseignement, sciences, documentation et culture.Degré tertiaire: Hautes écoles.Autres filières d'études",1
SG,2012,"Enseignement, sciences, documentation et culture.Sciences, recherche",1
SG,2012,"Enseignement, sciences, documentation et culture.Documentation.Musées",1
SG,2012,"Finances, Impôts, monopoles, entreprises d'état.Finances.Contributions étatiques, subventions",2
SG,2013,"Enseignement, sciences, documentation et culture.Degré tertiaire: Ecoles supérieures",1
SG,2013,"Finances, Impôts, monopoles, entreprises d'état.Finances.Contributions étatiques, subventions",1
SG,2013,"Aménagement du territoire et constructions, expropriation, travaux publics, énergie, transports, environnement",1
SG,2013,"Aménagement du territoire et constructions, expropriation, travaux publics, énergie, transports, environnement.Transports.Transports publics.Transports ferroviaires",2
SG,2014,"Enseignement, sciences, documentation et culture",1
SG,2014,"Enseignement, sciences, documentation et culture.Contributions à la formation.Bourses d'études",1
SG,2014,"Enseignement, sciences, documentation et culture.Assurance de la qualité, surveillance, direction.Bâtiments scolaires",2
SG,2014,"Finances, Impôts, monopoles, entreprises d'état.Finances.Contributions étatiques, subventions",6
SG,2014,"Aménagement du territoire et constructions, expropriation, travaux publics, énergie, transports, environnement.Travaux publics.Bâtiments et terrains publics",1
SG,2015,Etat.Eglise et Etat.Eglise catholique romaine,1
SG,2015,"Finances, Impôts, monopoles, entreprises d'état.Finances.Contributions étatiques, subventions",3
SG,2016,"Finances, Impôts, monopoles, entreprises d'état.Finances.Contributions étatiques, subventions",1
SG,2016,"Aménagement du territoire et constructions, expropriation, travaux publics, énergie, transports, environnement",1
SG,2016,"Aménagement du territoire et constructions, expropriation, travaux publics, énergie, transports, environnement.Travaux publics.Bâtiments et terrains publics",2
SG,2016,"Santé, travail, droit des assurances sociales, logement, homes.Santé.Etablissements hospitaliers, cliniques.Hôpitaux cantonaux",1
SG,2017,"Finances, Impôts, monopoles, entreprises d'état.Finances.Contributions étatiques, subventions",2
SG,2017,"Santé, travail, droit des assurances sociales, logement, homes.Santé.Etablissements hospitaliers, cliniques.Hôpitaux cantonaux",1
SG,2018,"Finances, Impôts, monopoles, entreprises d'état.Finances.Contributions étatiques, subventions",5
SG,2018,"Santé, travail, droit des assurances sociales, logement, homes.Santé.Etablissements hospitaliers, cliniques.Cliniques psychiatriques",1
SG,2019,"Enseignement, sciences, documentation et culture",2
SG,2019,"Enseignement, sciences, documentation et culture.Assurance de la qualité, surveillance, direction.Bâtiments scolaires",2
SG,2019,"Enseignement, sciences, documentation et culture.Art, culture, sport.Encouragement à la culture",1
SG,2019,"Finances, Impôts, monopoles, entreprises d'état.Finances.Budget, comptes",1
SG,2019,"Finances, Impôts, monopoles, entreprises d'état.Finances.Contributions étatiques, subventions",3
SG,2019,"Aménagement du territoire et constructions, expropriation, travaux publics, énergie, transports, environnement",1
SG,2020,"Santé, travail, droit des assurances sociales, logement, homes.Santé.Etablissements hospitaliers, cliniques.Hôpitaux cantonaux",1
SG,2020,"Santé, travail, droit des assurances sociales, logement, homes.Santé.Services psychiatriques",1
SG,2020,"Santé, travail, droit des assurances sociales, logement, homes.Santé.Lutte contre les maladies.Epidémies, pandémies",1
SG,2020,Non classé,1
SG,2021,"Finances, Impôts, monopoles, entreprises d'état.Finances.Budget, comptes",1
SG,2021,"Finances, Impôts, monopoles, entreprises d'état.Finances.Contributions étatiques, subventions",5
SG,2021,"Aménagement du territoire et constructions, expropriation, travaux publics, énergie, transports, environnement.Travaux publics.Bâtiments et terrains publics",1
SG,2021,"Santé, travail, droit des assurances sociales, logement, homes.Santé.Etablissements hospitaliers, cliniques.Hôpitaux cantonaux",1
SG,2022,Etat,1
SG,2022,"Finances, Impôts, monopoles, entreprises d'état.Finances.Contributions étatiques, subventions",2
SG,2022,"Aménagement du territoire et constructions, expropriation, travaux publics, énergie, transports, environnement.Travaux publics.Marchés publics",1
SG,2023,"Finances, Impôts, monopoles, entreprises d'état.Finances.Budget, comptes",2
SG,2023,"Finances, Impôts, monopoles, entreprises d'état.Finances.Contributions étatiques, subventions",8
SG,2024,"Enseignement, sciences, documentation et culture.Sciences, recherche",1
SG,2024,"Finances, Impôts, monopoles, entreprises d'état.Finances.Budget, comptes",1
SG,2024,"Finances, Impôts, monopoles, entreprises d'état.Finances.Contributions étatiques, subventions",1
SG,2025,"Finances, Impôts, monopoles, entreprises d'état.Finances.Budget, comptes",2
SG,2025,"Finances, Impôts, monopoles, entreprises d'état.Finances.Contributions étatiques, subventions",1
SG,2025,"Santé, travail, droit des assurances sociales, logement, homes",1
SG,2026,"Finances, Impôts, monopoles, entreprises d'état.Finances.Budget, comptes",3
SG,2026,"Finances, Impôts, monopoles, entreprises d'état.Finances.Contributions étatiques, subventions",1
SH,1889,Etat,1
SH,1929,Etat,1
SH,1937,"Santé, travail, droit des assurances sociales, logement, homes",1
SH,1943,Economie.Agriculture.Production animale.Commerce du bétail,1
SH,1963,"Défense nationale, protection de la population, police",1
SH,1963,Economie.Agriculture.Crédit agricole,1
SH,1967,"Finances, Impôts, monopoles, entreprises d'état.Finances.Contributions étatiques, subventions",1
SH,1968,"Etat.Autorités.Organisation judiciaire.Autorités judiciaires.Tribunaux administratifs, des assurances et des assurances sociales",1
SH,1968,Droit civil.Arbitrage,1
SH,1971,"Enseignement, sciences, documentation et culture.Assurance de la qualité, surveillance, direction.Bâtiments scolaires",1
SH,1976,"Finances, Impôts, monopoles, entreprises d'état",1
SH,1978,"Etat.Autorités.Organisation judiciaire.Autorités judiciaires.Cours supérieures, tribunaux fédéraux",1
SH,1981,"Enseignement, sciences, documentation et culture.Degré tertiaire: Hautes écoles.Pédagogie",1
SH,1982,"Enseignement, sciences, documentation et culture.Contributions à la formation.Bourses d'études",1
SH,1988,"Etat.Autorités.Organisation judiciaire.Autorités judiciaires.Juges d'instruction, Ministère public.Juges d'instruction",1
SH,1988,Droit pénal.Procédure pénale.Emoluments,1
SH,1993,"Enseignement, sciences, documentation et culture.Formation continue (Degré quaternaire).Formation des adultes",1
SH,1993,"Enseignement, sciences, documentation et culture.Assurance de la qualité, surveillance, direction.Médecine scolaire, services psychologiques scolaires",1
SH,1993,"Finances, Impôts, monopoles, entreprises d'état.Finances.Contributions étatiques, subventions",1
SH,1994,"Etat.Autorités.Gouvernement et administration.Droit du personnel.Pensions, prestations d'assurance",1
SH,1995,"Etat.Autorités.Gouvernement et administration.Droit du personnel.Pensions, prestations d'assurance",1
SH,1995,Etat.Communes.Répartition des tâches entre canton et communes,1
SH,1995,"Défense nationale, protection de la population, police",1
SH,1995,"Finances, Impôts, monopoles, entreprises d'état.Finances.Contributions étatiques, subventions",1
SH,1996,"Santé, travail, droit des assurances sociales, logement, homes",1
SH,1998,Etat.Autorités.Gouvernement et administration.Gouvernement.Pensions,1
SH,1998,"Etat.Autorités.Organisation judiciaire.Autorités judiciaires.Cours supérieures, tribunaux fédéraux",1
SH,1998,"Droit civil.Dispositions d'introduction du code civil.Droits réels.Registre foncier, mensurations cadastrales",1
SH,1998,"Finances, Impôts, monopoles, entreprises d'état",1
SH,2000,"Finances, Impôts, monopoles, entreprises d'état",1
SH,2000,"Aménagement du territoire et constructions, expropriation, travaux publics, énergie, transports, environnement.Aménagement du territoire et constructions.Plans",1
SH,2002,"Aménagement du territoire et constructions, expropriation, travaux publics, énergie, transports, environnement.Travaux publics.Marchés publics",1
SH,2003,Etat.Autorités.Parlement.Election du parlement,1
SH,2004,Etat,1
SH,2004,Etat.Autorités.Organisation judiciaire.Rémunération et indemnités des juges,1
SH,2004,"Enseignement, sciences, documentation et culture.Pédagogie spécialisée.Ecoles spécialisées",2
SH,2005,Etat.Autorités.Parlement.Indemnisation des parlementaires,1
SH,2007,"Enseignement, sciences, documentation et culture.Assurance de la qualité, surveillance, direction.Bâtiments scolaires",1
SH,2007,"Finances, Impôts, monopoles, entreprises d'état",1
SH,2010,"Aménagement du territoire et constructions, expropriation, travaux publics, énergie, transports, environnement.Aménagement du territoire et constructions.Plans",1
SH,2015,Etat.Autorités.Parlement.Election du parlement,1
SH,2015,"Santé, travail, droit des assurances sociales, logement, homes.Santé.Etablissements hospitaliers, cliniques.Hôpitaux cantonaux",1
SH,2018,"Aménagement du territoire et constructions, expropriation, travaux publics, énergie, transports, environnement.Aménagement du territoire et constructions.Plans",2
SO,1990,"Enseignement, sciences, documentation et culture.Documentation.Statistique",1
SZ,1874,"Etat.Dispositions générales.Droits fondamentaux, droits politiques.droits politiques.Elections et votations",1
SZ,1903,"Droit civil.Procédure civile.Emoluments, frais",1
SZ,1906,"Economie.Arts et métiers.Services.Institutions de crédit / assurances.Banques, bourses",1
SZ,1926,"Santé, travail, droit des assurances sociales, logement, homes.Droit du travail.Employés.Sécurité",1
SZ,1929,"Aménagement du territoire et constructions, expropriation, travaux publics, énergie, transports, environnement.Energie.Forces hydrauliques",1
SZ,1932,"Aménagement du territoire et constructions, expropriation, travaux publics, énergie, transports, environnement.Travaux publics.Aménagement des eaux.Utilisation des eaux",1
SZ,1937,"Aménagement du territoire et constructions, expropriation, travaux publics, énergie, transports, environnement.Transports.Transports publics.Transports ferroviaires",1
SZ,1942,"Finances, Impôts, monopoles, entreprises d'état.Finances.Contributions étatiques, subventions",1
SZ,1944,"Aménagement du territoire et constructions, expropriation, travaux publics, énergie, transports, environnement.Transports.Transports publics.Transports ferroviaires",1
SZ,1944,Economie.Agriculture.Production animale.Commerce du bétail,1
SZ,1949,"Finances, Impôts, monopoles, entreprises d'état.Impôts.Interdiction des arrangements fiscaux",1
SZ,1950,"Aménagement du territoire et constructions, expropriation, travaux publics, énergie, transports, environnement.Travaux publics.Aménagement des eaux.Utilisation des eaux",1
SZ,1952,"Aménagement du territoire et constructions, expropriation, travaux publics, énergie, transports, environnement.Travaux publics.Aménagement des eaux.Utilisation des eaux",1
SZ,1953,"Aménagement du territoire et constructions, expropriation, travaux publics, énergie, transports, environnement.Travaux publics.Aménagement des eaux.Utilisation des eaux",1
SZ,1953,"Aménagement du territoire et constructions, expropriation, travaux publics, énergie, transports, environnement.Transports.Funiculaires, téléphériques, téléskis",1
SZ,1953,"Santé, travail, droit des assurances sociales, logement, homes.Droit du travail.Employés.Sécurité",1
SZ,1954,"Aménagement du territoire et constructions, expropriation, travaux publics, énergie, transports, environnement.Travaux publics.Aménagement des eaux.Utilisation des eaux",2
SZ,1954,"Santé, travail, droit des assurances sociales, logement, homes.Droit du travail.Offices de conciliation",1
SZ,1958,"Aménagement du territoire et constructions, expropriation, travaux publics, énergie, transports, environnement.Travaux publics.Aménagement des eaux.Utilisation des eaux",2
SZ,1959,"Santé, travail, droit des assurances sociales, logement, homes",1
SZ,1960,"Aménagement du territoire et constructions, expropriation, travaux publics, énergie, transports, environnement.Travaux publics.Aménagement des eaux.Utilisation des eaux",1
SZ,1961,"Aménagement du territoire et constructions, expropriation, travaux publics, énergie, transports, environnement.Travaux publics.Aménagement des eaux.Utilisation des eaux",1
SZ,1962,"Finances, Impôts, monopoles, entreprises d'état.Monopoles, régales, entreprises d'état.Pétrole",1
SZ,1962,"Aménagement du territoire et constructions, expropriation, travaux publics, énergie, transports, environnement.Travaux publics.Aménagement des eaux.Utilisation des eaux",1
SZ,1965,"Aménagement du territoire et constructions, expropriation, travaux publics, énergie, transports, environnement.Protection de la nature et du paysage.Champignons",1
SZ,1967,"Enseignement, sciences, documentation et culture.Corps enseignant.Formation",1
SZ,1969,"Finances, Impôts, monopoles, entreprises d'état.Monopoles, régales, entreprises d'état.Pêche.Zones de pêche",1
SZ,1969,"Aménagement du territoire et constructions, expropriation, travaux publics, énergie, transports, environnement.Travaux publics.Aménagement des eaux.Utilisation des eaux",1
SZ,1970,Droit civil.Arbitrage,1
SZ,1970,Droit pénal.Procédure pénale.Entraide judiciaire,1
SZ,1971,"Enseignement, sciences, documentation et culture.Assurance de la qualité, surveillance, direction.Coordination",1
SZ,1972,"Santé, travail, droit des assurances sociales, logement, homes",1
SZ,1972,"Santé, travail, droit des assurances sociales, logement, homes.Santé.Substances thérapeutiques, stupéfiants",1
SZ,1974,Droit pénal.Procédure pénale.Codes de procédure pénale,1
SZ,1974,"Finances, Impôts, monopoles, entreprises d'état.Monopoles, régales, entreprises d'état.Régale des sels",1
SZ,1974,"Santé, travail, droit des assurances sociales, logement, homes.Santé.Substances thérapeutiques, stupéfiants",1
SZ,1975,Droit civil.Procédure civile.Entraide judiciaire,1
SZ,1975,"Aménagement du territoire et constructions, expropriation, travaux publics, énergie, transports, environnement.Travaux publics.Aménagement des eaux.Utilisation des eaux",1
SZ,1977,Droit civil.Procédure civile.Exécution,1
SZ,1977,"Finances, Impôts, monopoles, entreprises d'état",1
SZ,1977,"Aménagement du territoire et constructions, expropriation, travaux publics, énergie, transports, environnement.Protection de la nature et du paysage.Champignons",1
SZ,1978,"Enseignement, sciences, documentation et culture",1
SZ,1978,"Finances, Impôts, monopoles, entreprises d'état",1
SZ,1979,"Défense nationale, protection de la population, police.Sécurité intérieure.Police.Coopération en matière de police",1
SZ,1982,"Santé, travail, droit des assurances sociales, logement, homes.Santé.Professions médicales.Personnel soignant",1
SZ,1983,"Aménagement du territoire et constructions, expropriation, travaux publics, énergie, transports, environnement.Travaux publics.Aménagement des eaux.Utilisation des eaux",1
SZ,1983,"Santé, travail, droit des assurances sociales, logement, homes.Santé.Etablissements hospitaliers, cliniques.Cliniques psychiatriques",1
SZ,1990,"Finances, Impôts, monopoles, entreprises d'état.Entreprises d'Etat.Banques cantonales",1
SZ,1990,Economie.Forêt.Formation professionnelle,1
SZ,1991,"Aménagement du territoire et constructions, expropriation, travaux publics, énergie, transports, environnement.Travaux publics.Aménagement des eaux.Corrections des eaux / Protection contre les crues",1
SZ,1992,"Enseignement, sciences, documentation et culture.Corps enseignant.Formation",1
SZ,1992,"Aménagement du territoire et constructions, expropriation, travaux publics, énergie, transports, environnement.Transports.Circulation routière.Impôts et taxes de la circulation",1
SZ,1993,"Aménagement du territoire et constructions, expropriation, travaux publics, énergie, transports, environnement",1
SZ,1994,"Enseignement, sciences, documentation et culture.Formation continue (Degré quaternaire).Formation des adultes",1
SZ,1995,Economie.Agriculture.Améliorations foncières,1
SZ,1996,"Finances, Impôts, monopoles, entreprises d'état.Entreprises d'Etat.Banques cantonales",1
SZ,1997,Etat.Eglise et Etat.Eglise évangélique réformée,1
SZ,1997,"Santé, travail, droit des assurances sociales, logement, homes",1
SZ,1998,Etat.Eglise et Etat.Eglise catholique romaine,1
SZ,1998,"Enseignement, sciences, documentation et culture",1
SZ,1999,"Enseignement, sciences, documentation et culture",1
SZ,1999,"Santé, travail, droit des assurances sociales, logement, homes.Santé.Hygiène.Denrées alimentaires, objets d'usage courant.Surveillance des aliments",1
SZ,2000,"Economie.Commerce.Marché intérieur, entraves techniques au commerce",1
SZ,2001,"Enseignement, sciences, documentation et culture",1
SZ,2001,"Enseignement, sciences, documentation et culture.Degré tertiaire: Hautes écoles.Pédagogie",1
SZ,2001,"Aménagement du territoire et constructions, expropriation, travaux publics, énergie, transports, environnement",1
SZ,2002,"Enseignement, sciences, documentation et culture.Degré tertiaire: Hautes écoles.Agriculture",1
SZ,2003,"Aménagement du territoire et constructions, expropriation, travaux publics, énergie, transports, environnement",1
SZ,2003,"Aménagement du territoire et constructions, expropriation, travaux publics, énergie, transports, environnement.Travaux publics.Marchés publics",1
SZ,2004,"Enseignement, sciences, documentation et culture",1
SZ,2004,"Défense nationale, protection de la population, police.Sécurité intérieure.Police.Personnel",1
SZ,2004,"Aménagement du territoire et constructions, expropriation, travaux publics, énergie, transports, environnement.Travaux publics.Marchés publics",1
SZ,2004,"Santé, travail, droit des assurances sociales, logement, homes.Droit des assurances sociales.LAMAL.Réduction des primes",1
SZ,2005,Etat.Dispositions générales.Collaboration intercantonale,1
SZ,2005,"Droit civil.Dispositions d'introduction du code civil.Droit des personnes, état civil.Fondations, surveillance.Fondations LPP",1
SZ,2005,"Aménagement du territoire et constructions, expropriation, travaux publics, énergie, transports, environnement.Travaux publics.Aménagement des eaux.Utilisation des eaux",1
SZ,2005,"Santé, travail, droit des assurances sociales, logement, homes",1
SZ,2006,Etat.Dispositions générales.Collaboration intercantonale,1
SZ,2006,"Santé, travail, droit des assurances sociales, logement, homes",1
SZ,2007,"Aménagement du territoire et constructions, expropriation, travaux publics, énergie, transports, environnement.Travaux publics.Aménagement des eaux.Corrections des eaux / Protection contre les crues",1
SZ,2007,"Aménagement du territoire et constructions, expropriation, travaux publics, énergie, transports, environnement.Travaux publics.Aménagement des eaux.Utilisation des eaux",1
SZ,2008,"Enseignement, sciences, documentation et culture.Art, culture, sport.Sport",1
SZ,2008,"Aménagement du territoire et constructions, expropriation, travaux publics, énergie, transports, environnement.Energie.Forces hydrauliques",1
SZ,2008,"Santé, travail, droit des assurances sociales, logement, homes",1
SZ,2009,"Etat.Autorités.Organisation judiciaire.Autorités judiciaires.Cours supérieures, tribunaux fédéraux",1
SZ,2010,"Droit civil.Dispositions d'introduction du code civil.Droits réels.Registre foncier, mensurations cadastrales",1
SZ,2010,"Défense nationale, protection de la population, police.Sécurité intérieure.Police.Coopération en matière de police",2
SZ,2012,"Santé, travail, droit des assurances sociales, logement, homes",1
SZ,2013,"Aménagement du territoire et constructions, expropriation, travaux publics, énergie, transports, environnement.Energie.Forces hydrauliques",1
SZ,2014,"Enseignement, sciences, documentation et culture",1
SZ,2016,"Aménagement du territoire et constructions, expropriation, travaux publics, énergie, transports, environnement.Travaux publics.Aménagement des eaux.Utilisation des eaux",1
SZ,2019,"Santé, travail, droit des assurances sociales, logement, homes",1
SZ,2022,"Santé, travail, droit des assurances sociales, logement, homes.Santé.Professions médicales.Médecins",1
TG,1941,Etat,1
TG,1976,"Défense nationale, protection de la population, police.Sécurité intérieure.Police.Coopération en matière de police",1
TG,1976,"Santé, travail, droit des assurances sociales, logement, homes",1
TG,1992,Etat.Autorités.Gouvernement et administration.Emoluments administratifs,1
TG,1992,"Etat.Autorités.Organisation judiciaire.Emoluments judiciaires, frais de justice",1
TG,1992,"Enseignement, sciences, documentation et culture.Degré secondaire II.Ecole moyenne",1
TG,1997,"Enseignement, sciences, documentation et culture.Degré prescolaire, école primaire, degré secondaire I.Ecole enfantine",1
TG,1998,"Etat.Autorités.Gouvernement et administration.Droit du personnel.Traitements, indemnités",1
TG,1998,"Enseignement, sciences, documentation et culture.Corps enseignant.Traitement, indemnités",1
TG,2000,Etat,1
TG,2000,Etat.Autorités.Parlement.Indemnisation des parlementaires,1
TG,2005,"Etat.Autorités.Gouvernement et administration.Droit du personnel.Pensions, prestations d'assurance",1
TI,1921,"Aménagement du territoire et constructions, expropriation, travaux publics, énergie, transports, environnement.Travaux publics.Aménagement des eaux.Corrections des eaux / Protection contre les crues",1
TI,1940,"Aménagement du territoire et constructions, expropriation, travaux publics, énergie, transports, environnement.Protection de la nature et du paysage.Protection de la nature",1
TI,1943,Economie.Agriculture.Production animale.Commerce du bétail,1
TI,1947,Droit pénal.Amendes d'ordre,1
TI,1948,"Santé, travail, droit des assurances sociales, logement, homes.Droit des assurances sociales.AVS/AI",1
TI,1949,Droit civil,1
TI,1949,"Finances, Impôts, monopoles, entreprises d'état.Finances.Contributions étatiques, subventions",2
TI,1950,"Finances, Impôts, monopoles, entreprises d'état.Impôts.Interdiction des arrangements fiscaux",1
TI,1950,"Santé, travail, droit des assurances sociales, logement, homes.Santé.Professions médicales.Personnel soignant",1
TI,1952,"Finances, Impôts, monopoles, entreprises d'état.Entreprises d'Etat.Banques cantonales",1
TI,1952,"Santé, travail, droit des assurances sociales, logement, homes.Droit du travail.Marché du travail.Lutte contre les crises, réserves de crise bénéficiant d'allégements fiscaux",1
TI,1957,Etat,1
TI,1958,"Santé, travail, droit des assurances sociales, logement, homes",1
TI,1961,"Finances, Impôts, monopoles, entreprises d'état.Finances.Contributions étatiques, subventions",1
TI,1964,Economie.Agriculture.Formation agricole.Ecole agricole,1
TI,1969,Etat.Eglise et Etat.Eglise catholique romaine,1
TI,1971,Droit civil.Arbitrage,1
TI,1971,"Finances, Impôts, monopoles, entreprises d'état.Finances.Contributions étatiques, subventions",1
TI,1972,"Aménagement du territoire et constructions, expropriation, travaux publics, énergie, transports, environnement.Energie.Electricité",1
TI,1972,Non classé,1
TI,1974,"Finances, Impôts, monopoles, entreprises d'état.Finances.Contributions étatiques, subventions",1
TI,1977,"Finances, Impôts, monopoles, entreprises d'état.Finances.Contributions étatiques, subventions",1
TI,1985,Etat.Autorités.Organisation judiciaire.Pensions et prestations d'assurance des juges,1
TI,1986,Non classé,1
TI,1987,"Enseignement, sciences, documentation et culture",1
TI,1989,"Finances, Impôts, monopoles, entreprises d'état.Entreprises d'Etat.Banques cantonales",1
TI,1990,Etat,1
TI,1990,"Enseignement, sciences, documentation et culture",1
TI,1990,"Aménagement du territoire et constructions, expropriation, travaux publics, énergie, transports, environnement.Aménagement du territoire et constructions.Plans",1
TI,1991,Etat.Professions juridiques.Notaires.Légalisation,1
TI,1991,Economie,1
TI,1992,"Finances, Impôts, monopoles, entreprises d'état.Impôts.Impôts sur le revenu et la fortune / impôts sur les bénéfices et les capitaux.Impôt ecclésiastique",1
TI,1993,"Enseignement, sciences, documentation et culture.Formation continue (Degré quaternaire).Formation des adultes",2
TI,1994,Economie.Commerce.Horaires de fermeture des magasins,1
TI,1994,Non classé,1
TI,1995,"Droit civil.Dispositions d'introduction du code civil.Droits réels.Registre foncier, mensurations cadastrales",1
TI,1996,Droit pénal.Procédure pénale.Entraide judiciaire,1
TI,1996,"Finances, Impôts, monopoles, entreprises d'état.Impôts.Exonération et allégements fiscaux",1
TI,1996,"Aménagement du territoire et constructions, expropriation, travaux publics, énergie, transports, environnement",1
TI,1996,"Aménagement du territoire et constructions, expropriation, travaux publics, énergie, transports, environnement.Travaux publics.Marchés publics",1
TI,1997,"Enseignement, sciences, documentation et culture.Sciences, recherche",1
TI,1997,"Enseignement, sciences, documentation et culture.Documentation.Statistique",1
TI,1998,Etat,1
TI,1998,Droit pénal.Exécution des peines et des mesures.Etablissements.Personnel,1
TI,1998,"Enseignement, sciences, documentation et culture",4
TI,1998,"Enseignement, sciences, documentation et culture.Formation continue (Degré quaternaire).Formation des adultes",1
TI,1998,"Enseignement, sciences, documentation et culture.Pédagogie spécialisée.Ecoles d'art et de sport",3
TI,1999,"Enseignement, sciences, documentation et culture.Degré tertiaire: Ecoles supérieures",1
TI,1999,"Enseignement, sciences, documentation et culture.Documentation.Statistique",1
TI,1999,"Finances, Impôts, monopoles, entreprises d'état.Finances.Contributions étatiques, subventions",1
TI,1999,Economie.Agriculture.Mesures d'encouragement,1
TI,2001,"Santé, travail, droit des assurances sociales, logement, homes.Droit des assurances sociales.LAMAL.Limitation de l'admission des fournisseurs de prestations",1
TI,2001,"Economie.Commerce.Marché intérieur, entraves techniques au commerce",1
TI,2002,Etat.Communes.Finances communales,1
TI,2002,"Enseignement, sciences, documentation et culture",1
TI,2002,"Enseignement, sciences, documentation et culture.Degré secondaire II.Ecole moyenne",1
TI,2002,"Finances, Impôts, monopoles, entreprises d'état.Finances.Contributions étatiques, subventions",1
TI,2003,Droit civil.Procédure civile.Exécution,1
TI,2003,"Enseignement, sciences, documentation et culture",2
TI,2003,"Enseignement, sciences, documentation et culture.Pédagogie spécialisée.Enfants surdoués",1
TI,2003,"Santé, travail, droit des assurances sociales, logement, homes",1
TI,2004,Etat.Autorités.Gouvernement et administration.Gouvernement.Indemnités,1
TI,2004,"Etat.Autorités.Gouvernement et administration.Droit du personnel.Traitements, indemnités",1
TI,2005,"Aménagement du territoire et constructions, expropriation, travaux publics, énergie, transports, environnement",1
TI,2006,Etat.Dispositions générales.Collaboration intercantonale,1
TI,2006,Etat.Autorités.Gouvernement et administration.New Public Management,1
TI,2006,Droit pénal.Droit pénal des mineurs et procédure pénale des mineurs,1
TI,2006,"Finances, Impôts, monopoles, entreprises d'état.Finances.Péréquation financière.Coopération intercantonale avec compensation des charges",1
TI,2006,"Finances, Impôts, monopoles, entreprises d'état.Finances.Contributions étatiques, subventions",1
TI,2006,"Finances, Impôts, monopoles, entreprises d'état.Finances.Contrôle des finances",1
TI,2007,Etat.Autorités.Gouvernement et administration.New Public Management,1
TI,2007,"Enseignement, sciences, documentation et culture.Degré prescolaire, école primaire, degré secondaire I.Ecole primaire, degré secondaire I",1
TI,2007,"Enseignement, sciences, documentation et culture.Sciences, recherche",1
TI,2007,"Santé, travail, droit des assurances sociales, logement, homes.Santé.Soins à domicile",1
TI,2008,"Enseignement, sciences, documentation et culture.Art, culture, sport.Sport",1
TI,2008,"Défense nationale, protection de la population, police.Sécurité intérieure.Police.Coopération en matière de police",1
TI,2008,"Santé, travail, droit des assurances sociales, logement, homes",2
TI,2008,Economie.Arts et métiers.Services.Tourisme,1
TI,2008,Non classé,1
TI,2009,"Enseignement, sciences, documentation et culture",1
TI,2009,"Finances, Impôts, monopoles, entreprises d'état.Finances.Contributions étatiques, subventions",9
TI,2009,"Santé, travail, droit des assurances sociales, logement, homes.Droit des assurances sociales.Allocations familiales.Travailleurs agricoles",1
TI,2011,"Droit civil.Dispositions d'introduction du code civil.Droit des personnes, état civil.Fondations, surveillance.Fondations LPP",1
TI,2011,Droit pénal,1
TI,2011,"Défense nationale, protection de la population, police.Sécurité intérieure.Police.Coopération en matière de police",1
TI,2011,"Finances, Impôts, monopoles, entreprises d'état.Impôts.Impôts sur le revenu et la fortune / impôts sur les bénéfices et les capitaux.Impôt communal",1
TI,2012,Etat,1
TI,2012,Etat.Communes.Finances communales,1
TI,2012,"Enseignement, sciences, documentation et culture.Degré tertiaire: Ecoles supérieures",1
TI,2013,"Enseignement, sciences, documentation et culture",2
TI,2013,"Finances, Impôts, monopoles, entreprises d'état.Finances.Contributions étatiques, subventions",1
TI,2013,"Santé, travail, droit des assurances sociales, logement, homes",1
TI,2014,Etat.Autorités.Gouvernement et administration.Gouvernement.Indemnités,1
TI,2014,"Finances, Impôts, monopoles, entreprises d'état.Finances.Contributions étatiques, subventions",1
TI,2015,Etat.Autorités.Gouvernement et administration.Gouvernement.Indemnités,1
TI,2015,"Enseignement, sciences, documentation et culture.Documentation.Musées",1
TI,2015,"Finances, Impôts, monopoles, entreprises d'état.Finances.Contributions étatiques, subventions",1
TI,2016,"Finances, Impôts, monopoles, entreprises d'état.Finances.Contributions étatiques, subventions",1
TI,2018,Economie,1
TI,2020,"Finances, Impôts, monopoles, entreprises d'état.Finances.Contributions étatiques, subventions",1
TI,2021,"Enseignement, sciences, documentation et culture.Art, culture, sport.Encouragement à la culture",1
TI,2021,"Santé, travail, droit des assurances sociales, logement, homes.Santé.Lutte contre les maladies.Epidémies, pandémies",1
TI,2023,"Santé, travail, droit des assurances sociales, logement, homes.Droit des assurances sociales.LAMAL.Limitation de l'admission des fournisseurs de prestations",1
TI,2025,Droit civil.Dispositions d'introduction du code civil.Droits réels.Estimation officielle des immeubles,1
UR,1888,"Santé, travail, droit des assurances sociales, logement, homes.Santé.Lutte contre les maladies.Epidémies, pandémies",1
UR,1891,"Aménagement du territoire et constructions, expropriation, travaux publics, énergie, transports, environnement.Travaux publics.Aménagement des eaux.Utilisation des eaux",1
UR,1911,Droit civil,1
UR,1918,"Santé, travail, droit des assurances sociales, logement, homes.Droit du travail.Offices de conciliation",1
UR,1927,Droit pénal.Exécution des peines et des mesures.Patronage,1
UR,1932,"Aménagement du territoire et constructions, expropriation, travaux publics, énergie, transports, environnement.Protection de la nature et du paysage.Protection des plantes",1
UR,1933,"Santé, travail, droit des assurances sociales, logement, homes.Santé.Lutte contre les maladies.Tuberculose",1
UR,1940,Droit civil,1
UR,1944,Economie.Agriculture.Production animale.Commerce du bétail,1
UR,1948,"Santé, travail, droit des assurances sociales, logement, homes.Droit des assurances sociales.AVS/AI",1
UR,1954,"Santé, travail, droit des assurances sociales, logement, homes.Droit des assurances sociales.Allocation perte de gain",1
UR,1954,"Santé, travail, droit des assurances sociales, logement, homes.Droit des assurances sociales.Allocations familiales.Travailleurs agricoles",1
UR,1959,"Défense nationale, protection de la population, police.Protection de la population.Protection contre les incendies / éléments naturels.Protection contre le feu, pompiers",1
UR,1961,"Aménagement du territoire et constructions, expropriation, travaux publics, énergie, transports, environnement.Travaux publics.Routes.Routes nationales",1
UR,1961,"Economie.Arts et métiers.Services.Restauration, Etablissements publics.Camping",2
UR,1968,"Santé, travail, droit des assurances sociales, logement, homes.Logement.Mesures d'encouragement à la construction de logements",1
UR,1971,"Santé, travail, droit des assurances sociales, logement, homes.Logement.Logement dans les zones de montagne",1
UR,1971,Economie,1
UR,1972,"Enseignement, sciences, documentation et culture",3
UR,1972,"Enseignement, sciences, documentation et culture.Assurance de la qualité, surveillance, direction.Assurance scolaire",1
UR,1972,"Enseignement, sciences, documentation et culture.Sport scolaire",1
UR,1972,"Aménagement du territoire et constructions, expropriation, travaux publics, énergie, transports, environnement",2
UR,1973,"Enseignement, sciences, documentation et culture.Assurance de la qualité, surveillance, direction.Médecine scolaire, services psychologiques scolaires",1
UR,1974,Etat,1
UR,1976,"Aménagement du territoire et constructions, expropriation, travaux publics, énergie, transports, environnement.Aménagement du territoire et constructions.Affichage et publicité",1
UR,1978,"Santé, travail, droit des assurances sociales, logement, homes",1
UR,1979,Droit pénal,1
UR,1979,"Aménagement du territoire et constructions, expropriation, travaux publics, énergie, transports, environnement.Aménagement du territoire et constructions.Equipement",1
UR,1979,Economie.Arts et métiers.Services.Tourisme,1
UR,1980,"Enseignement, sciences, documentation et culture.Degré prescolaire, école primaire, degré secondaire I.Ecole primaire, degré secondaire I",1
UR,1981,"Finances, Impôts, monopoles, entreprises d'état",1
UR,1981,"Aménagement du territoire et constructions, expropriation, travaux publics, énergie, transports, environnement",1
UR,1981,"Santé, travail, droit des assurances sociales, logement, homes.Santé.Substances thérapeutiques, stupéfiants",1
UR,1982,Etat,1
UR,1982,Etat.Autorités.Gouvernement et administration.Emoluments administratifs,1
UR,1982,"Enseignement, sciences, documentation et culture.Corps enseignant.Engagement",1
UR,1982,"Santé, travail, droit des assurances sociales, logement, homes.Assistance.Personnes handicapés.Ateliers protégés",1
UR,1982,Economie,1
UR,1983,"Etat.Autorités.Organisation judiciaire.Autorités judiciaires.Tribunaux administratifs, des assurances et des assurances sociales",1
UR,1983,"Enseignement, sciences, documentation et culture.Assurance de la qualité, surveillance, direction.Bâtiments scolaires",1
UR,1983,"Aménagement du territoire et constructions, expropriation, travaux publics, énergie, transports, environnement.Protection de l'environnement.Protection des eaux",1
UR,1983,"Aménagement du territoire et constructions, expropriation, travaux publics, énergie, transports, environnement.Protection de la nature et du paysage.Protection des animaux",1
UR,1983,"Santé, travail, droit des assurances sociales, logement, homes.Droit du travail.Travail à domicile",1
UR,1983,"Santé, travail, droit des assurances sociales, logement, homes.Droit des assurances sociales.LAA",1
UR,1983,Economie,2
UR,1984,Droit civil.Dispositions d'introduction du code civil.Droits réels.Acquisitions des terrains par des personnes domiciliées à l'étranger,1
UR,1984,"Enseignement, sciences, documentation et culture.Pédagogie spécialisée.Ecoles spécialisées",1
UR,1984,"Défense nationale, protection de la population, police.Sécurité intérieure.Explosifs",1
UR,1986,"Santé, travail, droit des assurances sociales, logement, homes.Droit des assurances sociales.Prestations complémentaires",1
UR,1987,"Etat.Autorités.Organisation judiciaire.Emoluments judiciaires, frais de justice",1
UR,1987,Droit civil.Dispositions générales d'introduction du code des obligations.Des divers contrats.Bail à loyer et à ferme.Bail à ferme agricole,1
UR,1988,"Aménagement du territoire et constructions, expropriation, travaux publics, énergie, transports, environnement.Protection de la nature et du paysage.Protection des animaux",1
UR,1988,Economie,1
UR,1989,"Santé, travail, droit des assurances sociales, logement, homes",1
UR,1990,"Aménagement du territoire et constructions, expropriation, travaux publics, énergie, transports, environnement",1
UR,1990,"Santé, travail, droit des assurances sociales, logement, homes.Droit du travail.Marché du travail.Lutte contre les crises, réserves de crise bénéficiant d'allégements fiscaux",1
UR,1990,Economie,1
UR,1991,"Enseignement, sciences, documentation et culture",1
UR,1991,"Enseignement, sciences, documentation et culture.Pédagogie spécialisée.Logopédie",1
UR,1991,"Santé, travail, droit des assurances sociales, logement, homes.Droit des assurances sociales.AVS/AI",1
UR,1992,"Etat.Autorités.Gouvernement et administration.Droit du personnel.Pensions, prestations d'assurance",1
UR,1992,"Aménagement du territoire et constructions, expropriation, travaux publics, énergie, transports, environnement.Travaux publics.Aménagement des eaux.Utilisation des eaux",1
UR,1993,"Santé, travail, droit des assurances sociales, logement, homes.Logement.Mesures d'encouragement à la construction de logements",1
UR,1994,Etat.Autorités.Gouvernement et administration.Procédure administrative,1
UR,1994,Droit pénal.Casier judiciaire.Certificats de bonne conduite,1
UR,1994,"Finances, Impôts, monopoles, entreprises d'état.Finances.Budget, comptes",1
UR,1994,"Finances, Impôts, monopoles, entreprises d'état.Finances.Contributions étatiques, subventions",1
UR,1995,"Droit civil.Dispositions d'introduction du code civil.Droits réels.Registre foncier, mensurations cadastrales",1
UR,1995,"Enseignement, sciences, documentation et culture.Reconnaissance des diplômes",1
UR,1995,"Aménagement du territoire et constructions, expropriation, travaux publics, énergie, transports, environnement.Protection de l'environnement.Lutte contre les dommages",1
UR,1995,"Santé, travail, droit des assurances sociales, logement, homes",1
UR,1995,"Santé, travail, droit des assurances sociales, logement, homes.Santé.Soins à domicile",1
UR,1996,"Aménagement du territoire et constructions, expropriation, travaux publics, énergie, transports, environnement.Travaux publics.Marchés publics",1
UR,1996,"Santé, travail, droit des assurances sociales, logement, homes",1
UR,1997,"Aménagement du territoire et constructions, expropriation, travaux publics, énergie, transports, environnement",1
UR,1997,"Aménagement du territoire et constructions, expropriation, travaux publics, énergie, transports, environnement.Transports.Circulation routière.Impôts et taxes de la circulation",1
UR,1997,Economie.Agriculture.Epizooties,1
UR,1998,Etat,1
UR,1998,"Défense nationale, protection de la population, police",2
UR,1998,"Santé, travail, droit des assurances sociales, logement, homes.Droit des assurances sociales.Assurance-chômage",1
UR,1999,Etat,1
UR,1999,"Santé, travail, droit des assurances sociales, logement, homes.Santé.Professions médicales.Sages-femmes",1
UR,1999,Economie.Agriculture.Améliorations foncières,1
UR,2000,Etat.Autorités.Gouvernement et administration.Gouvernement.Pensions,1
UR,2000,Droit pénal,1
UR,2000,"Enseignement, sciences, documentation et culture",1
UR,2000,"Enseignement, sciences, documentation et culture.Degré secondaire II.Ecole moyenne",1
UR,2000,"Enseignement, sciences, documentation et culture.Documentation.Bibliothèques",1
UR,2000,Economie,1
UR,2001,Droit civil,1
UR,2001,"Enseignement, sciences, documentation et culture",1
UR,2001,"Santé, travail, droit des assurances sociales, logement, homes",1
UR,2001,Economie.Arts et métiers.Services.Tourisme,1
UR,2002,Droit civil,1
UR,2002,"Enseignement, sciences, documentation et culture",1
UR,2002,"Finances, Impôts, monopoles, entreprises d'état.Entreprises d'Etat.Banques cantonales",1
UR,2003,Droit civil.Dispositions d'introduction du code civil.Droits réels.Estimation officielle des immeubles,1
UR,2003,"Enseignement, sciences, documentation et culture.Ecoles privées",1
UR,2005,Etat,1
UR,2006,"Aménagement du territoire et constructions, expropriation, travaux publics, énergie, transports, environnement.Protection de l'environnement.Protection des eaux",1
UR,2006,Economie,1
UR,2007,"Santé, travail, droit des assurances sociales, logement, homes.Droit des assurances sociales.Prestations complémentaires",1
UR,2008,"Enseignement, sciences, documentation et culture.Corps enseignant.Engagement",1
UR,2008,"Aménagement du territoire et constructions, expropriation, travaux publics, énergie, transports, environnement.Energie.Approvisionnement en énergie",1
UR,2010,Etat.Autorités.Protection des données,1
UR,2010,"Santé, travail, droit des assurances sociales, logement, homes",2
UR,2011,Etat.Dispositions générales.Droit de cité,1
UR,2017,"Santé, travail, droit des assurances sociales, logement, homes.Santé.Etablissements hospitaliers, cliniques.Hôpitaux cantonaux",1
UR,2018,Etat,1
UR,2018,"Santé, travail, droit des assurances sociales, logement, homes",1
UR,2024,"Enseignement, sciences, documentation et culture.Art, culture, sport.Encouragement à la culture",1
UR,2026,"Enseignement, sciences, documentation et culture.Degré prescolaire, école primaire, degré secondaire I.Ecole primaire, degré secondaire I",1
VD,1803,Etat.Dispositions générales.Armoiries,1
VD,1862,Etat.Dispositions générales.Territoire.Frontières,1
VD,1865,Etat,1
VD,1876,"Santé, travail, droit des assurances sociales, logement, homes.Assistance.Donations et collectes publiques",1
VD,1889,"Santé, travail, droit des assurances sociales, logement, homes",1
VD,1892,Droit civil,1
VD,1897,"Santé, travail, droit des assurances sociales, logement, homes.Santé.Lutte contre les maladies.Tuberculose",1
VD,1911,"Santé, travail, droit des assurances sociales, logement, homes.Assistance.Protection de la jeunesse, aide à la jeunesse",1
VD,1920,Etat.Dispositions générales.Publications officielles.feuilles officielles,1
VD,1923,"Santé, travail, droit des assurances sociales, logement, homes",1
VD,1924,"Santé, travail, droit des assurances sociales, logement, homes.Assistance.Donations et collectes publiques",1
VD,1938,"Santé, travail, droit des assurances sociales, logement, homes.Assistance.Donations et collectes publiques",1
VD,1942,"Etat.Autorités.Gouvernement et administration.Droit du personnel.Pensions, prestations d'assurance",1
VD,1953,"Santé, travail, droit des assurances sociales, logement, homes",1
VD,1954,Etat,1
VD,1956,"Droit pénal.Dispositions générales d'introduction du code pénal.Criminalité économique, blanchiment d'argent",1
VD,1956,"Aménagement du territoire et constructions, expropriation, travaux publics, énergie, transports, environnement",1
VD,1957,"Santé, travail, droit des assurances sociales, logement, homes",1
VD,1963,"Santé, travail, droit des assurances sociales, logement, homes",1
VD,1964,"Finances, Impôts, monopoles, entreprises d'état.Finances.Contributions étatiques, subventions",1
VD,1964,"Aménagement du territoire et constructions, expropriation, travaux publics, énergie, transports, environnement.Travaux publics.Bâtiments et terrains publics",1
VD,1965,"Enseignement, sciences, documentation et culture.Formation continue (Degré quaternaire).Formation des adultes",1
VD,1971,"Santé, travail, droit des assurances sociales, logement, homes.Santé.Professions médicales.Personnel soignant",1
VD,1971,Economie.Forêt.Formation professionnelle,1
VD,1974,"Aménagement du territoire et constructions, expropriation, travaux publics, énergie, transports, environnement.Protection de l'environnement.Protection des eaux",1
VD,1978,"Aménagement du territoire et constructions, expropriation, travaux publics, énergie, transports, environnement.Travaux publics.Bâtiments et terrains publics",1
VD,1982,"Finances, Impôts, monopoles, entreprises d'état.Finances.Contributions étatiques, subventions",1
VD,1983,"Finances, Impôts, monopoles, entreprises d'état.Finances.Contributions étatiques, subventions",1
VD,1983,Non classé,1
VD,1984,"Aménagement du territoire et constructions, expropriation, travaux publics, énergie, transports, environnement.Aménagement du territoire et constructions.Plans",1
VD,1987,Etat,1
VD,1987,"Etat.Autorités.Gouvernement et administration.Droit du personnel.Traitements, indemnités",1
VD,1987,"Aménagement du territoire et constructions, expropriation, travaux publics, énergie, transports, environnement.Aménagement du territoire et constructions.Plans",1
VD,1988,"Aménagement du territoire et constructions, expropriation, travaux publics, énergie, transports, environnement.Travaux publics.Routes.Routes nationales",1
VD,1990,"Etat.Autorités.Organisation judiciaire.Autorités judiciaires.Tribunaux administratifs, des assurances et des assurances sociales",1
VD,1991,"Finances, Impôts, monopoles, entreprises d'état.Monopoles, régales, entreprises d'état.Mines",1
VD,1993,"Enseignement, sciences, documentation et culture.Reconnaissance des diplômes",1
VD,1994,Etat,2
VD,1994,"Aménagement du territoire et constructions, expropriation, travaux publics, énergie, transports, environnement.Travaux publics.Bâtiments et terrains publics",1
VD,1995,"Finances, Impôts, monopoles, entreprises d'état.Entreprises d'Etat.Banques cantonales",1
VD,1996,"Etat.Autorités.Organisation judiciaire.Autorités judiciaires.Tribunaux administratifs, des assurances et des assurances sociales",1
VD,1997,"Santé, travail, droit des assurances sociales, logement, homes",1
VD,2002,Etat.Autorités.Organisation judiciaire.Rémunération et indemnités des juges,1
VD,2002,"Aménagement du territoire et constructions, expropriation, travaux publics, énergie, transports, environnement.Aménagement du territoire et constructions.Plans",1
VD,2002,"Santé, travail, droit des assurances sociales, logement, homes",1
VD,2003,Etat.Dispositions générales.Constitution,1
VD,2003,Etat.Communes.Subventions,1
VD,2003,"Finances, Impôts, monopoles, entreprises d'état.Monopoles, régales, entreprises d'état.Mines",1
VD,2004,"Etat.Autorités.Gouvernement et administration.Droit du personnel.Traitements, indemnités",1
VD,2004,Etat.Communes.Contributions financières des communes,1
VD,2005,Etat.Communes.Finances communales,2
VD,2005,"Enseignement, sciences, documentation et culture.Degré tertiaire: Hautes écoles.Pédagogie",1
VD,2005,"Finances, Impôts, monopoles, entreprises d'état.Entreprises d'Etat.Banques cantonales",1
VD,2005,"Aménagement du territoire et constructions, expropriation, travaux publics, énergie, transports, environnement.Energie.Electricité",1
VD,2006,"Etat.Autorités.Gouvernement et administration.Droit du personnel.Pensions, prestations d'assurance",1
VD,2007,Etat.Autorités.Parlement.Indemnisation des parlementaires,1
VD,2007,Etat.Autorités.Organisation judiciaire.Rémunération et indemnités des juges,1
VD,2007,Etat.Communes.Finances communales,2
VD,2007,"Santé, travail, droit des assurances sociales, logement, homes.Santé.Lutte contre les maladies.Epidémies, pandémies",1
VD,2007,Economie.Agriculture.Droit foncier rural,1
VD,2008,"Etat.Autorités.Gouvernement et administration.Droit du personnel.Traitements, indemnités",1
VD,2009,Etat,2
VD,2009,"Finances, Impôts, monopoles, entreprises d'état.Finances.Contributions étatiques, subventions",1
VD,2010,"Etat.Autorités.Gouvernement et administration.Droit du personnel.Traitements, indemnités",1
VD,2010,Etat.Eglise et Etat.Eglise évangélique réformée,1
VD,2010,"Aménagement du territoire et constructions, expropriation, travaux publics, énergie, transports, environnement.Aménagement du territoire et constructions.Plans",1
VD,2011,"Défense nationale, protection de la population, police.Sécurité intérieure.Police.Police communale",1
VD,2012,Etat,1
VD,2012,"Défense nationale, protection de la population, police.Protection de la population.Protection civile.Financement",1
VD,2013,"Finances, Impôts, monopoles, entreprises d'état.Finances.Contributions étatiques, subventions",1
VD,2014,"Aménagement du territoire et constructions, expropriation, travaux publics, énergie, transports, environnement.Aménagement du territoire et constructions.Plans",1
VD,2015,"Enseignement, sciences, documentation et culture",1
VD,2015,"Finances, Impôts, monopoles, entreprises d'état.Finances.Contributions étatiques, subventions",2
VD,2015,"Santé, travail, droit des assurances sociales, logement, homes",1
VD,2016,"Santé, travail, droit des assurances sociales, logement, homes",2
VD,2017,"Finances, Impôts, monopoles, entreprises d'état.Finances.Contributions étatiques, subventions",1
VD,2017,"Aménagement du territoire et constructions, expropriation, travaux publics, énergie, transports, environnement",1
VD,2018,Etat,1
VD,2019,Etat.Communes.Fusions communales,1
VD,2019,"Aménagement du territoire et constructions, expropriation, travaux publics, énergie, transports, environnement.Aménagement du territoire et constructions.Plans",1
VD,2019,Economie.Agriculture.Culture des plantes.Lutte contre les parasites,1
VD,2020,Etat,1
VD,2020,Etat.Dispositions générales.Droit de cité,1
VD,2020,"Enseignement, sciences, documentation et culture",2
VD,2020,"Enseignement, sciences, documentation et culture.Degré prescolaire, école primaire, degré secondaire I.Crèches",1
VD,2020,"Enseignement, sciences, documentation et culture.Degré tertiaire: Hautes écoles.Pédagogie",1
VD,2020,"Enseignement, sciences, documentation et culture.Sciences, recherche",1
VD,2020,"Aménagement du territoire et constructions, expropriation, travaux publics, énergie, transports, environnement.Aménagement du territoire et constructions.Procédure",1
VD,2020,"Santé, travail, droit des assurances sociales, logement, homes.Santé.Lutte contre les maladies.Epidémies, pandémies",12
VD,2021,"Etat.Autorités.Organisation judiciaire.Emoluments judiciaires, frais de justice",1
VD,2021,"Enseignement, sciences, documentation et culture.Art, culture, sport.Encouragement à la culture",1
VD,2021,"Santé, travail, droit des assurances sociales, logement, homes.Santé.Lutte contre les maladies.Epidémies, pandémies",1
VD,2022,Etat.Dispositions générales.Etablissement et séjour.Etablissement et séjour Suisses.contrôle des habitants,1
VD,2022,Etat.Autorités.Organisation judiciaire.Personnel des tribunaux,1
VD,2022,"Aménagement du territoire et constructions, expropriation, travaux publics, énergie, transports, environnement",1
VD,2022,"Aménagement du territoire et constructions, expropriation, travaux publics, énergie, transports, environnement.Energie.Electricité",2
VD,2022,"Santé, travail, droit des assurances sociales, logement, homes.Santé.Etablissements hospitaliers, cliniques.Hôpitaux cantonaux",1
VD,2023,"Santé, travail, droit des assurances sociales, logement, homes",1
VD,2023,"Santé, travail, droit des assurances sociales, logement, homes.Santé.Etablissements hospitaliers, cliniques.Hôpitaux cantonaux",1
VD,2023,"Santé, travail, droit des assurances sociales, logement, homes.Santé.Substances thérapeutiques, stupéfiants",1
VD,2024,"Santé, travail, droit des assurances sociales, logement, homes",1
VD,2025,Etat,1
VD,2025,"Finances, Impôts, monopoles, entreprises d'état.Monopoles, régales, entreprises d'état.Mines",1
VS,2000,Etat.Dispositions générales.Etablissement et séjour.Etablissement et séjour des étrangers.asile,1
VS,2001,Etat,1
VS,2003,"Finances, Impôts, monopoles, entreprises d'état.Finances.Contributions étatiques, subventions",1
VS,2005,"Finances, Impôts, monopoles, entreprises d'état",1
VS,2011,"Santé, travail, droit des assurances sociales, logement, homes",1
VS,2012,"Aménagement du territoire et constructions, expropriation, travaux publics, énergie, transports, environnement.Energie.Forces hydrauliques",1
VS,2013,Economie.Agriculture.Culture des plantes.Vignoble,1
VS,2014,Etat,1
VS,2014,"Finances, Impôts, monopoles, entreprises d'état.Finances.Budget, comptes",1
VS,2014,"Aménagement du territoire et constructions, expropriation, travaux publics, énergie, transports, environnement.Travaux publics.Aménagement des eaux.Corrections des eaux / Protection contre les crues",1
VS,2015,"Aménagement du territoire et constructions, expropriation, travaux publics, énergie, transports, environnement",2
VS,2015,Economie.Promotion de l'économie,1
VS,2016,Etat.Autorités.Parlement.Election du parlement,1
VS,2018,Etat,1
VS,2023,"Finances, Impôts, monopoles, entreprises d'état.Finances.Budget, comptes",1
VS,2023,"Aménagement du territoire et constructions, expropriation, travaux publics, énergie, transports, environnement",1
VS,2024,"Finances, Impôts, monopoles, entreprises d'état",1
VS,2024,Economie.Promotion de l'économie,1
VS,2025,Etat.Communes.Contributions financières des communes,1
VS,2025,"Défense nationale, protection de la population, police",1
VS,2026,"Défense nationale, protection de la population, police.Protection de la population.Protection contre les incendies / éléments naturels.Protection contre les incendies",1
ZG,1921,"Finances, Impôts, monopoles, entreprises d'état.Monopoles, régales, entreprises d'état.Alcool",1
ZG,1932,Etat,1
ZG,1943,Economie.Agriculture.Production animale.Commerce du bétail,1
ZG,1949,Etat.Autorités.Gouvernement et administration.Administration.Directions et offices,1
ZG,1950,"Finances, Impôts, monopoles, entreprises d'état.Finances.Contributions étatiques, subventions",1
ZG,1959,"Santé, travail, droit des assurances sociales, logement, homes",1
ZG,1963,"Défense nationale, protection de la population, police",1
ZG,1963,"Aménagement du territoire et constructions, expropriation, travaux publics, énergie, transports, environnement.Protection de l'environnement.Déchets",1
ZG,1964,"Santé, travail, droit des assurances sociales, logement, homes",1
ZG,1964,Economie.Agriculture.Formation agricole.Ecole agricole,1
ZG,1966,"Aménagement du territoire et constructions, expropriation, travaux publics, énergie, transports, environnement.Transports.Funiculaires, téléphériques, téléskis",1
ZG,1966,"Santé, travail, droit des assurances sociales, logement, homes.Droit du travail.Marché du travail.Envoi de travailleurs à l'étranger",1
ZG,1968,"Finances, Impôts, monopoles, entreprises d'état.Finances.Contributions étatiques, subventions",1
ZG,1973,"Finances, Impôts, monopoles, entreprises d'état.Finances.Contributions étatiques, subventions",1
ZG,1974,"Droit civil.Procédure civile.Emoluments, frais",1
ZG,1974,"Enseignement, sciences, documentation et culture.Documentation.Musées",2
ZG,1976,Etat.Autorités.Parlement.Indemnisation des parlementaires,1
ZG,1976,"Finances, Impôts, monopoles, entreprises d'état.Monopoles, régales, entreprises d'état.Pêche.Zones de pêche",1
ZG,1977,"Finances, Impôts, monopoles, entreprises d'état.Finances.Contributions étatiques, subventions",1
ZG,1977,"Aménagement du territoire et constructions, expropriation, travaux publics, énergie, transports, environnement",1
ZG,1979,"Santé, travail, droit des assurances sociales, logement, homes.Santé.Professions médicales.Personnel soignant",1
ZG,1981,"Santé, travail, droit des assurances sociales, logement, homes.Santé.Professions médicales.Personnel soignant",1
ZG,1982,"Santé, travail, droit des assurances sociales, logement, homes.Santé.Etablissements hospitaliers, cliniques.Cliniques psychiatriques",1
ZG,1984,"Enseignement, sciences, documentation et culture.Documentation.Bibliothèques",1
ZG,1985,"Finances, Impôts, monopoles, entreprises d'état.Finances.Contributions étatiques, subventions",1
ZG,1985,"Aménagement du territoire et constructions, expropriation, travaux publics, énergie, transports, environnement.Protection de la nature et du paysage.Protection des monuments et des biens culturels",1
ZG,1985,Economie.Agriculture.Mesures d'encouragement,1
ZG,1986,"Enseignement, sciences, documentation et culture",1
ZG,1987,"Enseignement, sciences, documentation et culture.Art, culture, sport.Encouragement à la culture",1
ZG,1988,Etat,1
ZG,1988,"Finances, Impôts, monopoles, entreprises d'état.Finances.Contributions étatiques, subventions",1
ZG,1988,"Santé, travail, droit des assurances sociales, logement, homes",1
ZG,1990,Etat.Communes.Contributions financières des communes,1
ZG,1991,"Finances, Impôts, monopoles, entreprises d'état.Finances.Contributions étatiques, subventions",1
ZG,1991,Economie.Agriculture.Mesures d'encouragement,1
ZG,1992,Etat.Dispositions générales.Etablissement et séjour.Etablissement et séjour des étrangers.intégration,1
ZG,1992,"Aménagement du territoire et constructions, expropriation, travaux publics, énergie, transports, environnement.Aménagement du territoire et constructions.Procédure",1
ZG,1993,"Enseignement, sciences, documentation et culture",1
ZG,1994,"Santé, travail, droit des assurances sociales, logement, homes",1
ZG,1995,Etat,1
ZG,1996,"Etat.Autorités.Organisation judiciaire.Autorités judiciaires.Tribunaux administratifs, des assurances et des assurances sociales",1
ZG,1997,"Finances, Impôts, monopoles, entreprises d'état.Finances.Contributions étatiques, subventions",1
ZG,1998,"Etat.Dispositions générales.Droits fondamentaux, droits politiques.égalité entre hommes et femmes",1
ZG,1998,"Finances, Impôts, monopoles, entreprises d'état.Finances.Contributions étatiques, subventions",1
ZG,1998,"Santé, travail, droit des assurances sociales, logement, homes",1
ZG,1998,"Santé, travail, droit des assurances sociales, logement, homes.Assistance.Aide sociale",1
ZG,1998,Economie.Arts et métiers.Services.Tourisme,1
ZG,1999,"Enseignement, sciences, documentation et culture",1
ZG,1999,"Défense nationale, protection de la population, police.Sécurité intérieure.Maintien de la tranquillité et de l'ordre public.Domaine public",1
ZG,2000,"Santé, travail, droit des assurances sociales, logement, homes.Droit des assurances sociales.AVS/AI",1
ZG,2000,Economie.Promotion de l'économie,1
ZG,2001,"Finances, Impôts, monopoles, entreprises d'état.Finances.Contributions étatiques, subventions",1
ZG,2001,"Santé, travail, droit des assurances sociales, logement, homes.Assistance.Aide sociale",1
ZG,2001,Economie.Promotion de l'économie,1
ZG,2002,Etat,1
ZG,2002,"Défense nationale, protection de la population, police",1
ZG,2002,"Finances, Impôts, monopoles, entreprises d'état",1
ZG,2003,Etat,1
ZG,2003,"Enseignement, sciences, documentation et culture.Art, culture, sport.Encouragement à la culture",1
ZG,2003,"Finances, Impôts, monopoles, entreprises d'état.Entreprises d'Etat.Banques cantonales",2
ZG,2003,"Aménagement du territoire et constructions, expropriation, travaux publics, énergie, transports, environnement",1
ZG,2004,Etat.Autorités.Gouvernement et administration.Droit du personnel.Engagement,1
ZG,2004,"Aménagement du territoire et constructions, expropriation, travaux publics, énergie, transports, environnement.Aménagement du territoire et constructions.Plans",1
ZG,2004,Economie.Promotion de l'économie,1
ZG,2005,Etat,1
ZG,2005,"Etat.Dispositions générales.Droits fondamentaux, droits politiques.droits politiques.Elections et votations",1
ZG,2005,"Droit civil.Dispositions d'introduction du code civil.Droit des personnes, état civil.Fondations, surveillance.Fondations LPP",1
ZG,2005,"Enseignement, sciences, documentation et culture",1
ZG,2005,"Enseignement, sciences, documentation et culture.Degré tertiaire: Ecoles supérieures",1
ZG,2006,Etat.Autorités.Gouvernement et administration.Droit du personnel.Engagement,2
ZG,2006,"Etat.Autorités.Organisation judiciaire.Autorités judiciaires.Cours supérieures, tribunaux fédéraux",2
ZG,2006,"Aménagement du territoire et constructions, expropriation, travaux publics, énergie, transports, environnement",1
ZG,2007,Etat.Dispositions générales.Collaboration intercantonale,1
ZG,2007,Etat.Communes.Finances communales,1
ZG,2008,"Enseignement, sciences, documentation et culture.Art, culture, sport.Sport",1
ZG,2009,Etat.Dispositions générales.Collaboration intercantonale,2
ZG,2009,"Etat.Autorités.Organisation judiciaire.Autorités judiciaires.Tribunaux administratifs, des assurances et des assurances sociales",1
ZG,2009,"Finances, Impôts, monopoles, entreprises d'état.Finances.Contributions étatiques, subventions",1
ZG,2009,"Aménagement du territoire et constructions, expropriation, travaux publics, énergie, transports, environnement",1
ZG,2009,"Aménagement du territoire et constructions, expropriation, travaux publics, énergie, transports, environnement.Aménagement du territoire et constructions.Zones",1
ZG,2010,Etat.Autorités.Gouvernement et administration.New Public Management,1
ZG,2010,"Finances, Impôts, monopoles, entreprises d'état.Finances.Contributions étatiques, subventions",1
ZG,2010,"Santé, travail, droit des assurances sociales, logement, homes.Logement.Mesures d'encouragement à la construction de logements",1
ZG,2011,"Enseignement, sciences, documentation et culture.Degré tertiaire: Hautes écoles.Pédagogie",3
ZG,2011,"Enseignement, sciences, documentation et culture.Documentation.Musées",1
ZG,2011,Economie.Promotion de l'économie,1
ZG,2012,"Finances, Impôts, monopoles, entreprises d'état.Finances.Contributions étatiques, subventions",2
ZG,2013,"Enseignement, sciences, documentation et culture.Degré tertiaire: Ecoles supérieures",1
ZG,2014,"Enseignement, sciences, documentation et culture.Reconnaissance des diplômes",1
ZG,2015,"Enseignement, sciences, documentation et culture",1
ZG,2016,Etat.Dispositions générales.Etablissement et séjour.Etablissement et séjour des étrangers.asile,1
ZG,2016,"Aménagement du territoire et constructions, expropriation, travaux publics, énergie, transports, environnement.Aménagement du territoire et constructions.Procédure",1
ZG,2017,"Finances, Impôts, monopoles, entreprises d'état.Finances.Budget, comptes",1
ZG,2017,"Santé, travail, droit des assurances sociales, logement, homes.Santé.Etablissements hospitaliers, cliniques.Cliniques psychiatriques",1
ZG,2018,Etat.Dispositions générales.Publications officielles.Recueils de législation,1
ZG,2018,"Finances, Impôts, monopoles, entreprises d'état.Finances.Budget, comptes",3
ZG,2018,"Santé, travail, droit des assurances sociales, logement, homes.Santé.Professions médicales.Médecins",1
ZG,2019,"Enseignement, sciences, documentation et culture.Contributions à la formation.Bourses d'études",1
ZG,2019,"Finances, Impôts, monopoles, entreprises d'état.Finances.Budget, comptes",4
ZG,2019,"Finances, Impôts, monopoles, entreprises d'état.Finances.Contributions étatiques, subventions",1
ZG,2020,"Enseignement, sciences, documentation et culture",1
ZG,2020,"Finances, Impôts, monopoles, entreprises d'état.Finances.Budget, comptes",3
ZG,2020,"Aménagement du territoire et constructions, expropriation, travaux publics, énergie, transports, environnement",2
ZG,2020,"Aménagement du territoire et constructions, expropriation, travaux publics, énergie, transports, environnement.Energie.Electricité",1
ZG,2020,"Santé, travail, droit des assurances sociales, logement, homes.Santé.Lutte contre les maladies.Epidémies, pandémies",4
ZG,2021,"Finances, Impôts, monopoles, entreprises d'état.Finances.Budget, comptes",7
ZG,2021,"Santé, travail, droit des assurances sociales, logement, homes.Santé.Lutte contre les maladies.Epidémies, pandémies",1
ZG,2022,"Enseignement, sciences, documentation et culture.Degré prescolaire, école primaire, degré secondaire I.Ecole primaire, degré secondaire I",1
ZG,2022,"Enseignement, sciences, documentation et culture.Degré tertiaire: Hautes écoles.Pédagogie",1
ZG,2022,"Finances, Impôts, monopoles, entreprises d'état.Finances.Budget, comptes",3
ZG,2022,"Finances, Impôts, monopoles, entreprises d'état.Finances.Contributions étatiques, subventions",4
ZG,2022,"Aménagement du territoire et constructions, expropriation, travaux publics, énergie, transports, environnement",1
ZG,2022,"Aménagement du territoire et constructions, expropriation, travaux publics, énergie, transports, environnement.Travaux publics.Bâtiments et terrains publics",1
ZG,2023,"Etat.Autorités.Organisation judiciaire.Autorités judiciaires.Tribunaux administratifs, des assurances et des assurances sociales",1
ZG,2023,Etat.Communes.Contributions financières des communes,1
ZG,2023,"Finances, Impôts, monopoles, entreprises d'état.Finances.Budget, comptes",8
ZG,2023,"Finances, Impôts, monopoles, entreprises d'état.Finances.Contributions étatiques, subventions",1
ZG,2023,"Aménagement du territoire et constructions, expropriation, travaux publics, énergie, transports, environnement",2
ZG,2024,"Enseignement, sciences, documentation et culture.Sciences, recherche",1
ZG,2024,"Finances, Impôts, monopoles, entreprises d'état.Finances.Budget, comptes",8
ZG,2024,"Santé, travail, droit des assurances sociales, logement, homes.Logement.Mesures d'encouragement à la construction de logements",1
ZG,2025,"Finances, Impôts, monopoles, entreprises d'état.Finances.Budget, comptes",9
ZG,2025,"Santé, travail, droit des assurances sociales, logement, homes.Santé.Professions médicales.Médecins",1
ZG,2026,"Finances, Impôts, monopoles, entreprises d'état.Finances.Budget, comptes",3
ZG,2026,"Finances, Impôts, monopoles, entreprises d'état.Finances.Contributions étatiques, subventions",1
ZH,1945,"Santé, travail, droit des assurances sociales, logement, homes",1
ZH,1960,"Etat.Autorités.Organisation judiciaire.Autorités judiciaires.Juges d'instruction, Ministère public.Ministère public",1
ZH,1969,"Etat.Autorités.Organisation judiciaire.Autorités judiciaires.Juges d'instruction, Ministère public.Ministère public",1
ZH,1975,"Etat.Autorités.Gouvernement et administration.Droit du personnel.Pensions, prestations d'assurance",1
ZH,1975,"Aménagement du territoire et constructions, expropriation, travaux publics, énergie, transports, environnement.Energie.Electricité",1
ZH,1978,"Etat.Autorités.Ombudsman, médiateur",1
ZH,1980,"Etat.Autorités.Organisation judiciaire.Autorités judiciaires.Cours supérieures, tribunaux fédéraux",1
ZH,1984,"Enseignement, sciences, documentation et culture.Assurance de la qualité, surveillance, direction.Arrondissements scolaires",1
ZH,1986,"Etat.Autorités.Organisation judiciaire.Autorités judiciaires.Juges d'instruction, Ministère public.Ministère public",1
ZH,1986,"Finances, Impôts, monopoles, entreprises d'état",1
ZH,1991,Etat.Autorités.Gouvernement et administration.Gouvernement.Indemnités,1
ZH,1991,"Etat.Autorités.Organisation judiciaire.Autorités judiciaires.Cours supérieures, tribunaux fédéraux",1
ZH,1991,"Santé, travail, droit des assurances sociales, logement, homes.Assistance.Donations et collectes publiques",1
ZH,1995,"Etat.Autorités.Organisation judiciaire.Autorités judiciaires.Cours supérieures, tribunaux fédéraux",1
ZH,1997,"Etat.Autorités.Organisation judiciaire.Autorités judiciaires.Tribunaux administratifs, des assurances et des assurances sociales",2
ZH,2000,"Etat.Autorités.Organisation judiciaire.Autorités judiciaires.Tribunaux administratifs, des assurances et des assurances sociales",1
ZH,2001,"Etat.Autorités.Organisation judiciaire.Autorités judiciaires.Tribunaux de district / d'arrondissement, juges de paix",1
ZH,2003,Droit pénal,1
ZH,2004,"Etat.Autorités.Organisation judiciaire.Autorités judiciaires.Cours supérieures, tribunaux fédéraux",1
ZH,2004,Etat.Autorités.Organisation judiciaire.Personnel des tribunaux,1
ZH,2005,"Etat.Autorités.Organisation judiciaire.Autorités judiciaires.Tribunaux administratifs, des assurances et des assurances sociales",1
ZH,2005,Droit civil,1
ZH,2005,"Finances, Impôts, monopoles, entreprises d'état.Impôts.Impôts sur le revenu et la fortune / impôts sur les bénéfices et les capitaux.Coefficient d'impôt",1
ZH,2006,"Etat.Autorités.Organisation judiciaire.Autorités judiciaires.Cours supérieures, tribunaux fédéraux",1
ZH,2006,"Etat.Autorités.Organisation judiciaire.Autorités judiciaires.Tribunaux de district / d'arrondissement, juges de paix",1
ZH,2007,"Etat.Autorités.Organisation judiciaire.Autorités judiciaires.Tribunaux de district / d'arrondissement, juges de paix",1
ZH,2008,Droit pénal.Droit pénal des mineurs et procédure pénale des mineurs,1
ZH,2009,Etat.Autorités.Gouvernement et administration.Gouvernement.Indemnités,1
ZH,2010,Etat.Autorités.Organisation judiciaire.Personnel des tribunaux,2
ZH,2011,"Etat.Autorités.Organisation judiciaire.Autorités judiciaires.Prud'hommes, Tribunaux des baux à loyer",1
ZH,2013,"Etat.Autorités.Organisation judiciaire.Autorités judiciaires.Prud'hommes, Tribunaux des baux à loyer",1
ZH,2014,"Finances, Impôts, monopoles, entreprises d'état.Finances.Contributions étatiques, subventions",1
