# Swiss Law Collection — cantonal acts of type 'Act' by canton, year and topic (full systematics depth)
# counting_unit: published_copies — one count per canton whose collection publishes the act
# year = enactment year; 'unknown' rows are undated laws
# topic = the LexFind global-systematics path at the depth the source classifies the act, French labels joined by '.' (Etat.Dispositions générales.contrôle des habitants); acts classified only at the top level appear at that depth, unclassified ones as 'Non classé'
# same counts as the canton x year x domain export next to this file, keyed on the full code instead of its first segment: for any (canton, year) the two sum to the same number
# dotted codes and labels in de/fr/it/en: api/v1/categories/global_paths.json
# source: Calculs propres basés sur la base de données de l'Institut pour le fédéralisme (LexFind); https://swiss-law-as-source.github.io
canton,year,topic,number
AG,1838,"Aménagement du territoire et constructions, expropriation, travaux publics, énergie, transports, environnement",1
AG,1840,"Etat.Dispositions générales.Territoire.Délimitations territoriales, districts",1
AG,1856,"Aménagement du territoire et constructions, expropriation, travaux publics, énergie, transports, environnement.Travaux publics.Aménagement des eaux.Utilisation des eaux",1
AG,1861,"Santé, travail, droit des assurances sociales, logement, homes.Droit du travail.Employés.Dimanches et jours fériés",1
AG,1862,"Aménagement du territoire et constructions, expropriation, travaux publics, énergie, transports, environnement",1
AG,1871,"Finances, Impôts, monopoles, entreprises d'état.Impôts.Impôts sur les chiens",1
AG,1873,"Finances, Impôts, monopoles, entreprises d'état.Monopoles, régales, entreprises d'état.Régale des sels",1
AG,1911,"Droit civil.Dispositions d'introduction du code civil.Droit des personnes, état civil.Partenariat enregistré",1
AG,1911,"Santé, travail, droit des assurances sociales, logement, homes",1
AG,1919,"Enseignement, sciences, documentation et culture.Contributions à la formation.Ecolages",1
AG,1934,"Finances, Impôts, monopoles, entreprises d'état",1
AG,1939,Etat.Autorités.Responsabilité de l'état,1
AG,1942,"Santé, travail, droit des assurances sociales, logement, homes.Droit des assurances sociales.Allocations familiales.Salariés et indépendants",1
AG,1944,"Santé, travail, droit des assurances sociales, logement, homes",1
AG,1944,"Santé, travail, droit des assurances sociales, logement, homes.Droit du travail.Offices de conciliation",1
AG,1951,"Santé, travail, droit des assurances sociales, logement, homes.Santé.Lutte contre les maladies.Tuberculose",1
AG,1954,"Aménagement du territoire et constructions, expropriation, travaux publics, énergie, transports, environnement.Travaux publics.Aménagement des eaux.Utilisation des eaux",1
AG,1955,"Défense nationale, protection de la population, police.Sécurité intérieure.Police.Police cantonale",1
AG,1958,Droit pénal.Procédure pénale.Codes de procédure pénale,1
AG,1963,"Santé, travail, droit des assurances sociales, logement, homes.Droit des assurances sociales.Allocations familiales.Salariés et indépendants",1
AG,1964,"Finances, Impôts, monopoles, entreprises d'état.Finances.Contributions étatiques, subventions",1
AG,1965,"Aménagement du territoire et constructions, expropriation, travaux publics, énergie, transports, environnement",1
AG,1966,"Santé, travail, droit des assurances sociales, logement, homes.Droit des assurances sociales.Prestations complémentaires",1
AG,1968,Etat.Autorités.Gouvernement et administration.Procédure administrative,1
AG,1968,"Enseignement, sciences, documentation et culture.Contributions à la formation.Bourses d'études",1
AG,1968,"Enseignement, sciences, documentation et culture.Art, culture, sport.Encouragement à la culture",1
AG,1969,"Aménagement du territoire et constructions, expropriation, travaux publics, énergie, transports, environnement",1
AG,1969,"Aménagement du territoire et constructions, expropriation, travaux publics, énergie, transports, environnement.Travaux publics.Aménagement des eaux.Corrections des eaux / Protection contre les crues",1
AG,1969,"Aménagement du territoire et constructions, expropriation, travaux publics, énergie, transports, environnement.Protection de la nature et du paysage.Protection des animaux",1
AG,1969,"Santé, travail, droit des assurances sociales, logement, homes.Logement.Mesures d'encouragement à la construction de logements",1
AG,1971,"Défense nationale, protection de la population, police.Protection de la population.Protection contre les incendies / éléments naturels.Protection contre le feu, pompiers",1
AG,1971,"Santé, travail, droit des assurances sociales, logement, homes",1
AG,1973,"Finances, Impôts, monopoles, entreprises d'état.Entreprises d'Etat.Banques cantonales",1
AG,1975,"Aménagement du territoire et constructions, expropriation, travaux publics, énergie, transports, environnement",1
AG,1977,"Aménagement du territoire et constructions, expropriation, travaux publics, énergie, transports, environnement.Protection de l'environnement.Protection des eaux",1
AG,1978,"Etat.Communes.Bourgeoisies, allmends",1
AG,1978,"Enseignement, sciences, documentation et culture.Degré tertiaire: universités.Faculté de médecine humaine et vétérinaire",1
AG,1980,"Droit civil.Dispositions d'introduction du code civil.Droits réels.Registre foncier, mensurations cadastrales",1
AG,1980,"Enseignement, sciences, documentation et culture",1
AG,1980,"Aménagement du territoire et constructions, expropriation, travaux publics, énergie, transports, environnement",2
AG,1981,"Enseignement, sciences, documentation et culture.Degré prescolaire, école primaire, degré secondaire I.Ecole enfantine",1
AG,1982,"Santé, travail, droit des assurances sociales, logement, homes.Assistance.Aide sociale",1
AG,1983,Etat,1
AG,1983,"Etat.Dispositions générales.Droits fondamentaux, droits politiques.droits politiques.Récusation, incompatibilité",1
AG,1983,"Enseignement, sciences, documentation et culture",1
AG,1983,"Défense nationale, protection de la population, police",1
AG,1983,"Finances, Impôts, monopoles, entreprises d'état",1
AG,1984,Etat,1
AG,1984,"Aménagement du territoire et constructions, expropriation, travaux publics, énergie, transports, environnement",1
AG,1984,"Santé, travail, droit des assurances sociales, logement, homes",1
AG,1985,Etat,1
AG,1986,Etat.Autorités.Parlement.Indemnisation des parlementaires,1
AG,1987,Droit civil.Dispositions d'introduction du code civil.Droits réels.Acquisitions des terrains par des personnes domiciliées à l'étranger,1
AG,1987,"Santé, travail, droit des assurances sociales, logement, homes",1
AG,1988,Etat.Autorités.Parlement.Election du parlement,1
AG,1989,"Défense nationale, protection de la population, police.Protection de la population.Protection contre les incendies / éléments naturels.Protection contre les incendies",1
AG,1990,Etat,1
AG,1992,Etat,1
AG,1992,Etat.Dispositions générales.Droit de cité,2
AG,1993,"Enseignement, sciences, documentation et culture.Degré secondaire II.Ecole moyenne",1
AG,1993,"Aménagement du territoire et constructions, expropriation, travaux publics, énergie, transports, environnement",2
AG,1994,Etat.Dispositions générales.Publications officielles.Recueils de législation,1
AG,1994,"Santé, travail, droit des assurances sociales, logement, homes.Droit des assurances sociales.AVS/AI",1
AG,1995,"Finances, Impôts, monopoles, entreprises d'état.Finances.Contributions étatiques, subventions",1
AG,1995,"Santé, travail, droit des assurances sociales, logement, homes",1
AG,1995,Publications sans texte,1
AG,1997,Etat,1
AG,1997,"Enseignement, sciences, documentation et culture",1
AG,1997,"Aménagement du territoire et constructions, expropriation, travaux publics, énergie, transports, environnement",2
AG,1998,"Finances, Impôts, monopoles, entreprises d'état",1
AG,1999,Publications sans texte,1
AG,2000,Etat,1
AG,2000,Economie.Arts et métiers.Services.Jeux de hasard et loteries.Maisons de jeu,1
AG,2001,"Santé, travail, droit des assurances sociales, logement, homes.Assistance.Aide sociale",1
AG,2002,Etat.Communes.Répartition des tâches entre canton et communes,1
AG,2002,"Enseignement, sciences, documentation et culture",1
AG,2003,Etat.Communes.Répartition des tâches entre canton et communes,1
AG,2003,"Santé, travail, droit des assurances sociales, logement, homes",1
AG,2004,"Santé, travail, droit des assurances sociales, logement, homes",1
AG,2004,"Santé, travail, droit des assurances sociales, logement, homes.Droit des assurances sociales.Assurance-chômage",1
AG,2005,Etat,1
AG,2005,Etat.Autorités.Gouvernement et administration.New Public Management,1
AG,2005,Etat.Communes.Répartition des tâches entre canton et communes,1
AG,2005,"Défense nationale, protection de la population, police",1
AG,2005,"Finances, Impôts, monopoles, entreprises d'état",1
AG,2005,"Finances, Impôts, monopoles, entreprises d'état.Finances.Contrôle des finances",1
AG,2005,"Santé, travail, droit des assurances sociales, logement, homes",1
AG,2006,Etat.Dispositions générales.Information du public,1
AG,2006,"Enseignement, sciences, documentation et culture.Contributions à la formation.Bourses d'études",1
AG,2006,"Défense nationale, protection de la population, police",1
AG,2007,Etat.Autorités.Gouvernement et administration.Procédure administrative,1
AG,2007,"Enseignement, sciences, documentation et culture.Sciences, recherche",1
AG,2007,"Aménagement du territoire et constructions, expropriation, travaux publics, énergie, transports, environnement.Protection de l'environnement.Protection des eaux",1
AG,2007,"Santé, travail, droit des assurances sociales, logement, homes.Droit des assurances sociales.Prestations complémentaires",1
AG,2007,"Santé, travail, droit des assurances sociales, logement, homes.Assistance.Homes.Etablissements pour personnes âgées",1
AG,2008,Etat.Dispositions générales.Etablissement et séjour.Etablissement et séjour Suisses.contrôle des habitants,1
AG,2008,Etat.Dispositions générales.Etablissement et séjour.Etablissement et séjour des étrangers.intégration,1
AG,2008,"Aménagement du territoire et constructions, expropriation, travaux publics, énergie, transports, environnement.Travaux publics.Aménagement des eaux.Utilisation des eaux",1
AG,2008,Economie.Agriculture.Epizooties,1
AG,2009,Etat.Autorités.Responsabilité de l'état,1
AG,2009,"Enseignement, sciences, documentation et culture.Art, culture, sport.Encouragement à la culture",1
AG,2009,"Aménagement du territoire et constructions, expropriation, travaux publics, énergie, transports, environnement.Protection de la nature et du paysage.Protection des animaux",1
AG,2009,"Santé, travail, droit des assurances sociales, logement, homes.Droit des assurances sociales.Allocations familiales.Travailleurs agricoles",1
AG,2009,Economie.Promotion de l'économie,1
AG,2010,"Etat.Dispositions générales.Droits fondamentaux, droits politiques.égalité entre hommes et femmes",1
AG,2010,Droit pénal.Procédure pénale.Codes de procédure pénale,1
AG,2010,Droit pénal.Droit pénal des mineurs et procédure pénale des mineurs,1
AG,2011,Etat.Dispositions générales.Publications officielles.Recueils de législation,1
AG,2011,"Etat.Autorités.Organisation judiciaire.Autorités judiciaires.Cours supérieures, tribunaux fédéraux",1
AG,2011,Etat.Professions juridiques.Notaires.Légalisation,1
AG,2011,"Droit civil.Dispositions d'introduction du code civil.Droits réels.Registre foncier, mensurations cadastrales",1
AG,2011,"Défense nationale, protection de la population, police.Sécurité intérieure.Maintien de la tranquillité et de l'ordre public.Chiens, animaux dangereux",1
AG,2011,"Aménagement du territoire et constructions, expropriation, travaux publics, énergie, transports, environnement",1
AG,2011,"Santé, travail, droit des assurances sociales, logement, homes.Droit du travail.Travail à domicile",1
AG,2012,Etat.Autorités.Gouvernement et administration.New Public Management,1
AG,2012,"Finances, Impôts, monopoles, entreprises d'état",1
AG,2012,"Aménagement du territoire et constructions, expropriation, travaux publics, énergie, transports, environnement",1
AG,2012,"Aménagement du territoire et constructions, expropriation, travaux publics, énergie, transports, environnement.Energie.Approvisionnement en énergie",1
AG,2013,Etat.Dispositions générales.Droit de cité,1
AG,2013,"Droit civil.Dispositions d'introduction du code civil.Droit des personnes, état civil.Fondations, surveillance.Fondations LPP",1
AG,2013,"Finances, Impôts, monopoles, entreprises d'état.Finances.Contributions étatiques, subventions",1
AG,2015,"Santé, travail, droit des assurances sociales, logement, homes",1
AG,2016,Etat.Communes.Finances communales,2
AG,2016,"Enseignement, sciences, documentation et culture.Degré prescolaire, école primaire, degré secondaire I.Crèches",1
AG,2017,"Santé, travail, droit des assurances sociales, logement, homes",1
AG,2020,"Aménagement du territoire et constructions, expropriation, travaux publics, énergie, transports, environnement",1
AG,2021,"Aménagement du territoire et constructions, expropriation, travaux publics, énergie, transports, environnement",1
AG,2023,"Enseignement, sciences, documentation et culture.Documentation.Statistique",1
AG,2024,"Aménagement du territoire et constructions, expropriation, travaux publics, énergie, transports, environnement.Transports.Circulation routière.Impôts et taxes de la circulation",1
AG,2025,"Enseignement, sciences, documentation et culture.Corps enseignant.Engagement",1
AG,2025,"Enseignement, sciences, documentation et culture.Art, culture, sport.Sport",1
AG,2025,"Santé, travail, droit des assurances sociales, logement, homes.Assistance.Personnes handicapés.Ateliers protégés",1
AG,2026,"Enseignement, sciences, documentation et culture.Degré prescolaire, école primaire, degré secondaire I.Ecole primaire, degré secondaire I",1
AI,1884,Droit civil,1
AI,1911,Droit civil,1
AI,1940,"Finances, Impôts, monopoles, entreprises d'état.Entreprises d'Etat.Banques cantonales",1
AI,1949,Droit civil,1
AI,1961,"Aménagement du territoire et constructions, expropriation, travaux publics, énergie, transports, environnement.Expropriation",1
AI,1962,"Santé, travail, droit des assurances sociales, logement, homes.Droit des assurances sociales.Allocations familiales.Travailleurs agricoles",1
AI,1962,Non classé,1
AI,1966,Etat.Autorités.Délais,2
AI,1971,"Enseignement, sciences, documentation et culture.Art, culture, sport.Encouragement à la culture",1
AI,1977,"Finances, Impôts, monopoles, entreprises d'état.Finances.Contributions étatiques, subventions",1
AI,1980,"Enseignement, sciences, documentation et culture",2
AI,1982,"Santé, travail, droit des assurances sociales, logement, homes.Droit du travail.Employés.Dimanches et jours fériés",1
AI,1986,Droit pénal.Procédure pénale.Codes de procédure pénale,1
AI,1987,Droit civil.Dispositions d'introduction du code civil.Droits réels.Acquisitions des terrains par des personnes domiciliées à l'étranger,1
AI,1987,"Enseignement, sciences, documentation et culture",1
AI,1989,Economie,2
AI,1990,"Aménagement du territoire et constructions, expropriation, travaux publics, énergie, transports, environnement.Transports.Poste, télécommunications",1
AI,1992,"Aménagement du territoire et constructions, expropriation, travaux publics, énergie, transports, environnement",1
AI,1993,"Aménagement du territoire et constructions, expropriation, travaux publics, énergie, transports, environnement",1
AI,1993,"Aménagement du territoire et constructions, expropriation, travaux publics, énergie, transports, environnement.Protection de l'environnement.Protection des eaux",1
AI,1994,"Droit civil.Dispositions d'introduction du code civil.Droits réels.Registre foncier, mensurations cadastrales",1
AI,1994,"Finances, Impôts, monopoles, entreprises d'état.Monopoles, régales, entreprises d'état.Alcool",1
AI,1994,Economie.Agriculture.Droit foncier rural,1
AI,1995,Economie.Agriculture.Zones de montagne,1
AI,1996,"Enseignement, sciences, documentation et culture",1
AI,1996,"Défense nationale, protection de la population, police.Défense.Taxe d'exemption",1
AI,1996,"Aménagement du territoire et constructions, expropriation, travaux publics, énergie, transports, environnement.Travaux publics.Routes.Chemins pédestres et de randonnée",1
AI,1996,Economie,1
AI,1998,"Aménagement du territoire et constructions, expropriation, travaux publics, énergie, transports, environnement",2
AI,1998,"Santé, travail, droit des assurances sociales, logement, homes.Droit des assurances sociales.Assurance-chômage",1
AI,1999,Etat,1
AI,1999,"Etat.Autorités.Organisation judiciaire.Autorités judiciaires.Tribunaux administratifs, des assurances et des assurances sociales",1
AI,1999,"Enseignement, sciences, documentation et culture",1
AI,1999,"Enseignement, sciences, documentation et culture.Art, culture, sport.Encouragement à la culture",1
AI,1999,"Défense nationale, protection de la population, police.Protection de la population.Protection contre les incendies / éléments naturels.Protection contre le feu, pompiers",1
AI,1999,"Finances, Impôts, monopoles, entreprises d'état",1
AI,1999,Economie.Arts et métiers.Services.Tourisme,1
AI,2000,Etat.Autorités.Gouvernement et administration.Procédure administrative,1
AI,2000,Etat.Autorités.Protection des données,1
AI,2000,"Enseignement, sciences, documentation et culture.Art, culture, sport.Sport",1
AI,2000,Economie,1
AI,2001,"Défense nationale, protection de la population, police.Sécurité intérieure.Police.Police cantonale",1
AI,2001,"Aménagement du territoire et constructions, expropriation, travaux publics, énergie, transports, environnement",2
AI,2001,"Aménagement du territoire et constructions, expropriation, travaux publics, énergie, transports, environnement.Travaux publics.Marchés publics",1
AI,2001,"Santé, travail, droit des assurances sociales, logement, homes.Assistance.Aide sociale",1
AI,2002,"Finances, Impôts, monopoles, entreprises d'état",1
AI,2002,Non classé,1
AI,2003,"Santé, travail, droit des assurances sociales, logement, homes",1
AI,2003,Non classé,1
AI,2004,"Enseignement, sciences, documentation et culture",1
AI,2004,"Enseignement, sciences, documentation et culture.Degré prescolaire, école primaire, degré secondaire I.Ecole enfantine",1
AI,2005,Droit pénal.Droit pénal des mineurs et procédure pénale des mineurs,1
AI,2005,"Défense nationale, protection de la population, police.Protection de la population.Protection civile.Protection des biens culturels en temps de guerre",1
AI,2005,"Défense nationale, protection de la population, police.Sécurité intérieure.Maintien de la tranquillité et de l'ordre public.Chiens, animaux dangereux",1
AI,2006,Droit pénal,1
AI,2008,"Santé, travail, droit des assurances sociales, logement, homes.Droit des assurances sociales.Prestations complémentaires",1
AI,2008,Non classé,2
AI,2009,Etat.Dispositions générales.Etablissement et séjour.Etablissement et séjour des étrangers.intégration,1
AI,2009,"Finances, Impôts, monopoles, entreprises d'état.Finances.Contributions étatiques, subventions",1
AI,2012,Etat.Communes.Fusions communales,1
AI,2018,"Finances, Impôts, monopoles, entreprises d'état.Monopoles, régales, entreprises d'état.Mines",1
AI,2022,"Aménagement du territoire et constructions, expropriation, travaux publics, énergie, transports, environnement.Travaux publics.Marchés publics",1
AR,1882,"Santé, travail, droit des assurances sociales, logement, homes",1
AR,1883,"Santé, travail, droit des assurances sociales, logement, homes",1
AR,1900,Etat.Autorités.Gouvernement et administration.Droit du personnel.Serment,1
AR,1902,"Aménagement du territoire et constructions, expropriation, travaux publics, énergie, transports, environnement.Expropriation",1
AR,1913,"Aménagement du territoire et constructions, expropriation, travaux publics, énergie, transports, environnement",1
AR,1920,"Santé, travail, droit des assurances sociales, logement, homes.Droit du travail.Employés.Dimanches et jours fériés",1
AR,1924,Economie,1
AR,1931,"Finances, Impôts, monopoles, entreprises d'état.Impôts.Taxes sur les spectacles",1
AR,1948,Economie.Commerce.Horaires de fermeture des magasins,1
AR,1949,"Santé, travail, droit des assurances sociales, logement, homes.Droit des assurances sociales.AVS/AI",1
AR,1962,"Santé, travail, droit des assurances sociales, logement, homes",1
AR,1963,"Enseignement, sciences, documentation et culture",1
AR,1965,"Santé, travail, droit des assurances sociales, logement, homes",1
AR,1966,"Santé, travail, droit des assurances sociales, logement, homes.Droit des assurances sociales.Prestations complémentaires",1
AR,1966,"Santé, travail, droit des assurances sociales, logement, homes.Logement.Mesures d'encouragement à la construction de logements",1
AR,1967,"Santé, travail, droit des assurances sociales, logement, homes.Droit des assurances sociales.LAA",1
AR,1969,"Défense nationale, protection de la population, police.Sécurité intérieure.Maintien de la tranquillité et de l'ordre public.Chiens, animaux dangereux",1
AR,1969,"Santé, travail, droit des assurances sociales, logement, homes",1
AR,1972,"Aménagement du territoire et constructions, expropriation, travaux publics, énergie, transports, environnement",1
AR,1974,"Santé, travail, droit des assurances sociales, logement, homes.Assistance.Aide sociale",1
AR,1976,Economie.Arts et métiers.Services.Tourisme,1
AR,1977,"Santé, travail, droit des assurances sociales, logement, homes.Droit des assurances sociales.AVS/AI",1
AR,1978,Droit pénal.Procédure pénale.Codes de procédure pénale,1
AR,1980,"Santé, travail, droit des assurances sociales, logement, homes",1
AR,1980,"Santé, travail, droit des assurances sociales, logement, homes.Assistance.Avances sur les pensions alimentaires",1
AR,1981,Economie,1
AR,1982,Etat.Autorités.Gouvernement et administration.Emoluments administratifs,1
AR,1982,"Santé, travail, droit des assurances sociales, logement, homes",1
AR,1983,"Aménagement du territoire et constructions, expropriation, travaux publics, énergie, transports, environnement",1
AR,1984,"Santé, travail, droit des assurances sociales, logement, homes.Droit des assurances sociales.Allocations familiales.Travailleurs agricoles",1
AR,1987,Droit civil.Dispositions d'introduction du code civil.Droits réels.Acquisitions des terrains par des personnes domiciliées à l'étranger,1
AR,1987,"Enseignement, sciences, documentation et culture",1
AR,1988,Etat,1
AR,1988,"Enseignement, sciences, documentation et culture.Contributions à la formation.Bourses d'études",1
AR,1988,"Santé, travail, droit des assurances sociales, logement, homes.Droit du travail.Marché du travail.Lutte contre les crises, réserves de crise bénéficiant d'allégements fiscaux",1
AR,1989,"Santé, travail, droit des assurances sociales, logement, homes.Santé.Substances thérapeutiques, stupéfiants",1
AR,1991,"Aménagement du territoire et constructions, expropriation, travaux publics, énergie, transports, environnement",1
AR,1992,Etat.Dispositions générales.Droit de cité,1
AR,1995,"Défense nationale, protection de la population, police.Protection de la population.Protection contre les incendies / éléments naturels.Protection contre le feu, pompiers",1
AR,1995,"Finances, Impôts, monopoles, entreprises d'état.Finances.Budget, comptes",1
AR,1995,"Santé, travail, droit des assurances sociales, logement, homes",1
AR,1995,Economie.Arts et métiers.Services.Tourisme,1
AR,1996,Etat.Dispositions générales.Information du public,1
AR,1996,"Finances, Impôts, monopoles, entreprises d'état.Finances.Privatisations",1
AR,1996,"Santé, travail, droit des assurances sociales, logement, homes",1
AR,1996,Economie,1
AR,1997,"Droit civil.Dispositions d'introduction du code civil.Droits réels.Registre foncier, mensurations cadastrales",1
AR,1997,"Santé, travail, droit des assurances sociales, logement, homes",1
AR,1998,Etat,1
AR,1998,Economie,1
AR,1999,"Finances, Impôts, monopoles, entreprises d'état.Monopoles, régales, entreprises d'état.Alcool",1
AR,2000,"Enseignement, sciences, documentation et culture.Degré prescolaire, école primaire, degré secondaire I.Ecole enfantine",1
AR,2000,"Finances, Impôts, monopoles, entreprises d'état",1
AR,2000,"Aménagement du territoire et constructions, expropriation, travaux publics, énergie, transports, environnement.Travaux publics.Marchés publics",1
AR,2000,Economie.Arts et métiers.Services.Jeux de hasard et loteries.Maisons de jeu,1
AR,2001,Etat.Autorités.Gouvernement et administration.Emoluments administratifs,1
AR,2001,Etat.Autorités.Protection des données,1
AR,2001,"Aménagement du territoire et constructions, expropriation, travaux publics, énergie, transports, environnement",1
AR,2002,Etat.Autorités.Gouvernement et administration.Procédure administrative,1
AR,2002,Etat.Communes.Finances communales,1
AR,2002,"Défense nationale, protection de la population, police",1
AR,2003,"Aménagement du territoire et constructions, expropriation, travaux publics, énergie, transports, environnement",1
AR,2003,"Aménagement du territoire et constructions, expropriation, travaux publics, énergie, transports, environnement.Protection de la nature et du paysage.Protection des animaux",1
AR,2003,Economie.Commerce.Commerce itinérant,1
AR,2004,Etat,1
AR,2004,"Défense nationale, protection de la population, police",2
AR,2004,"Aménagement du territoire et constructions, expropriation, travaux publics, énergie, transports, environnement.Transports.Circulation routière.Impôts et taxes de la circulation",1
AR,2004,"Aménagement du territoire et constructions, expropriation, travaux publics, énergie, transports, environnement.Protection de l'environnement.Protection des eaux",1
AR,2004,Economie.Développement économiques dans les régions de montagne,1
AR,2005,Etat,2
AR,2005,"Enseignement, sciences, documentation et culture.Art, culture, sport.Encouragement à la culture",1
AR,2005,Economie.Promotion de l'économie,1
AR,2006,"Aménagement du territoire et constructions, expropriation, travaux publics, énergie, transports, environnement",1
AR,2007,"Finances, Impôts, monopoles, entreprises d'état.Finances.Contributions étatiques, subventions",1
AR,2009,Etat.Professions juridiques.Notaires.Légalisation,1
AR,2010,"Etat.Autorités.Organisation judiciaire.Autorités judiciaires.Juges d'instruction, Ministère public.Ministère public",1
AR,2010,"Enseignement, sciences, documentation et culture.Documentation.Archives",1
AR,2011,"Santé, travail, droit des assurances sociales, logement, homes",1
AR,2012,Etat,1
AR,2012,"Droit civil.Dispositions d'introduction du code civil.Droits réels.Registre foncier, mensurations cadastrales",1
AR,2013,"Etat.Autorités.Gouvernement et administration.Droit du personnel.Pensions, prestations d'assurance",1
AR,2014,"Enseignement, sciences, documentation et culture",1
AR,2014,"Santé, travail, droit des assurances sociales, logement, homes",1
AR,2016,"Santé, travail, droit des assurances sociales, logement, homes.Assistance.Homes.Etablissements pour personnes âgées",1
AR,2018,Etat,1
AR,2018,Etat.Dispositions générales.Etablissement et séjour.Etablissement et séjour Suisses.contrôle des habitants,1
AR,2022,"Enseignement, sciences, documentation et culture.Degré prescolaire, école primaire, degré secondaire I.Crèches",1
AR,2022,"Santé, travail, droit des assurances sociales, logement, homes.Santé.Lutte contre les maladies.Epidémies, pandémies",1
AR,2023,"Enseignement, sciences, documentation et culture.Degré prescolaire, école primaire, degré secondaire I.Ecole primaire, degré secondaire I",1
BE,1837,"Santé, travail, droit des assurances sociales, logement, homes",1
BE,1859,"Santé, travail, droit des assurances sociales, logement, homes",1
BE,1868,"Finances, Impôts, monopoles, entreprises d'état.Impôts.Impôts sur les chiens",1
BE,1893,"Droit civil.Procédure civile.Emoluments, frais",1
BE,1911,"Santé, travail, droit des assurances sociales, logement, homes",1
BE,1918,Droit pénal.Droit pénal des mineurs et procédure pénale des mineurs,1
BE,1918,"Santé, travail, droit des assurances sociales, logement, homes",1
BE,1940,"Santé, travail, droit des assurances sociales, logement, homes",1
BE,1945,Etat.Eglise et Etat.Eglise catholique romaine,1
BE,1961,"Santé, travail, droit des assurances sociales, logement, homes.Droit des assurances sociales.Allocations familiales.Travailleurs agricoles",1
BE,1964,"Aménagement du territoire et constructions, expropriation, travaux publics, énergie, transports, environnement",1
BE,1965,"Aménagement du territoire et constructions, expropriation, travaux publics, énergie, transports, environnement.Expropriation",1
BE,1968,"Finances, Impôts, monopoles, entreprises d'état.Monopoles, régales, entreprises d'état.Régale des sels",1
BE,1971,Droit pénal.Amendes d'ordre,1
BE,1971,"Santé, travail, droit des assurances sociales, logement, homes",1
BE,1973,"Aménagement du territoire et constructions, expropriation, travaux publics, énergie, transports, environnement",1
BE,1973,"Santé, travail, droit des assurances sociales, logement, homes",1
BE,1974,"Finances, Impôts, monopoles, entreprises d'état.Monopoles, régales, entreprises d'état.Régale des sels",1
BE,1975,"Enseignement, sciences, documentation et culture.Art, culture, sport.Encouragement à la culture",1
BE,1975,"Santé, travail, droit des assurances sociales, logement, homes",1
BE,1978,"Santé, travail, droit des assurances sociales, logement, homes",1
BE,1978,"Santé, travail, droit des assurances sociales, logement, homes.Droit du travail.Offices de conciliation",1
BE,1980,Etat,1
BE,1980,"Santé, travail, droit des assurances sociales, logement, homes.Assistance.Avances sur les pensions alimentaires",1
BE,1981,"Aménagement du territoire et constructions, expropriation, travaux publics, énergie, transports, environnement",1
BE,1982,"Etat.Autorités.Gouvernement et administration.Droit du personnel.Pensions, prestations d'assurance",1
BE,1982,"Enseignement, sciences, documentation et culture.Corps enseignant.Prévoyance professionnelle, caisses de pensions",1
BE,1982,"Aménagement du territoire et constructions, expropriation, travaux publics, énergie, transports, environnement.Protection de la nature et du paysage.Protection des rives",1
BE,1983,"Enseignement, sciences, documentation et culture.Degré prescolaire, école primaire, degré secondaire I.Ecole enfantine",1
BE,1984,Etat,1
BE,1985,Etat,1
BE,1985,"Enseignement, sciences, documentation et culture.Sport scolaire",1
BE,1985,"Aménagement du territoire et constructions, expropriation, travaux publics, énergie, transports, environnement",1
BE,1986,Etat.Autorités.Protection des données,1
BE,1986,"Enseignement, sciences, documentation et culture.Degré secondaire II.Ecoles moyennes supérieures, écoles des culture générale, écoles de degré diplôme",1
BE,1988,Etat,1
BE,1988,Droit civil.Dispositions d'introduction du code civil.Droits réels.Acquisitions des terrains par des personnes domiciliées à l'étranger,1
BE,1989,Etat.Autorités.Gouvernement et administration.Procédure administrative,1
BE,1989,Droit civil.Dispositions d'introduction du code civil.Droit de la famille.Tutelle,1
BE,1989,"Finances, Impôts, monopoles, entreprises d'état.Finances.Contributions étatiques, subventions",1
BE,1989,"Aménagement du territoire et constructions, expropriation, travaux publics, énergie, transports, environnement",1
BE,1989,"Santé, travail, droit des assurances sociales, logement, homes",1
BE,1989,"Santé, travail, droit des assurances sociales, logement, homes.Droit du travail.Marché du travail.Lutte contre les crises, réserves de crise bénéficiant d'allégements fiscaux",1
BE,1989,"Santé, travail, droit des assurances sociales, logement, homes.Droit des assurances sociales.Prestations complémentaires",1
BE,1990,"Aménagement du territoire et constructions, expropriation, travaux publics, énergie, transports, environnement.Transports.Navigation.Impôts et taxes sur les bateaux",1
BE,1992,"Enseignement, sciences, documentation et culture.Degré prescolaire, école primaire, degré secondaire I.Ecole primaire, degré secondaire I",1
BE,1992,"Finances, Impôts, monopoles, entreprises d'état.Finances.Contributions étatiques, subventions",1
BE,1992,"Finances, Impôts, monopoles, entreprises d'état.Impôts.Droits de mutation",1
BE,1992,"Aménagement du territoire et constructions, expropriation, travaux publics, énergie, transports, environnement.Protection de la nature et du paysage.Protection de la nature",1
BE,1992,"Santé, travail, droit des assurances sociales, logement, homes",1
BE,1992,Economie,1
BE,1993,Etat,1
BE,1993,Etat.Dispositions générales.Information du public,1
BE,1993,"Enseignement, sciences, documentation et culture.Corps enseignant.Engagement",1
BE,1993,"Finances, Impôts, monopoles, entreprises d'état.Monopoles, régales, entreprises d'état.Alcool",1
BE,1993,"Aménagement du territoire et constructions, expropriation, travaux publics, énergie, transports, environnement",1
BE,1993,"Santé, travail, droit des assurances sociales, logement, homes.Droit des assurances sociales.AVS/AI",2
BE,1993,Economie,1
BE,1994,"Défense nationale, protection de la population, police.Protection de la population.Protection contre les incendies / éléments naturels.Protection contre le feu, pompiers",1
BE,1994,"Finances, Impôts, monopoles, entreprises d'état.Impôts.Impôts sur le revenu et la fortune / impôts sur les bénéfices et les capitaux.Impôt ecclésiastique",1
BE,1994,"Aménagement du territoire et constructions, expropriation, travaux publics, énergie, transports, environnement.Aménagement du territoire et constructions.Procédure",1
BE,1994,"Santé, travail, droit des assurances sociales, logement, homes.Assistance.Protection de la jeunesse, aide à la jeunesse",1
BE,1995,Etat,3
BE,1995,"Etat.Dispositions générales.Territoire.Délimitations territoriales, districts",1
BE,1995,Etat.Autorités.Gouvernement et administration.Gouvernement.Préfets,1
BE,1995,Droit civil.Dispositions générales d'introduction du code des obligations.Des divers contrats.Bail à loyer et à ferme.Bail à ferme agricole,1
BE,1995,Droit pénal.Procédure pénale.Codes de procédure pénale,1
BE,1995,"Enseignement, sciences, documentation et culture.Degré secondaire II.Ecole moyenne",1
BE,1995,"Santé, travail, droit des assurances sociales, logement, homes",1
BE,1995,Economie,1
BE,1995,Economie.Agriculture.Culture des plantes.Vignoble,1
BE,1996,Etat.Dispositions générales.Droit de cité,1
BE,1996,"Droit civil.Dispositions d'introduction du code civil.Droits réels.Registre foncier, mensurations cadastrales",1
BE,1996,"Enseignement, sciences, documentation et culture",1
BE,1996,"Défense nationale, protection de la population, police.Sécurité intérieure.Police.Police cantonale",1
BE,1996,"Aménagement du territoire et constructions, expropriation, travaux publics, énergie, transports, environnement.Protection de l'environnement.Protection des eaux",1
BE,1996,"Santé, travail, droit des assurances sociales, logement, homes.Santé.Hygiène.Alimentation en eau",1
BE,1996,"Santé, travail, droit des assurances sociales, logement, homes.Droit du travail.Employés.Dimanches et jours fériés",1
BE,1997,Etat.Eglise et Etat.Autres religions,1
BE,1997,"Défense nationale, protection de la population, police",1
BE,1997,"Finances, Impôts, monopoles, entreprises d'état.Entreprises d'Etat.Banques cantonales",1
BE,1997,"Aménagement du territoire et constructions, expropriation, travaux publics, énergie, transports, environnement.Travaux publics.Aménagement des eaux.Utilisation des eaux",1
BE,1997,Economie,2
BE,1997,Economie.Promotion de l'économie,1
BE,1997,Economie.Agriculture.Améliorations foncières,1
BE,1997,Economie.Développement économiques dans les régions de montagne,1
BE,1998,Etat,1
BE,1998,"Etat.Dispositions générales.Droits fondamentaux, droits politiques.égalité entre hommes et femmes",1
BE,1998,"Aménagement du territoire et constructions, expropriation, travaux publics, énergie, transports, environnement.Transports.Circulation routière.Impôts et taxes de la circulation",1
BE,1999,Etat.Autorités.Organisation judiciaire.Autorités judiciaires.Commissions de recours,1
BE,1999,"Finances, Impôts, monopoles, entreprises d'état.Finances.Contrôle des finances",1
BE,1999,"Finances, Impôts, monopoles, entreprises d'état.Impôts.Impôts sur les successions et les donations",1
BE,1999,"Aménagement du territoire et constructions, expropriation, travaux publics, énergie, transports, environnement.Protection de la nature et du paysage.Protection des monuments et des biens culturels",1
BE,2000,"Finances, Impôts, monopoles, entreprises d'état",2
BE,2000,"Santé, travail, droit des assurances sociales, logement, homes.Droit des assurances sociales.LAA",1
BE,2001,"Santé, travail, droit des assurances sociales, logement, homes.Assistance.Aide sociale",1
BE,2002,Etat,1
BE,2002,Etat.Autorités.Gouvernement et administration.Gouvernement.Indemnités,1
BE,2002,"Enseignement, sciences, documentation et culture.Assurance de la qualité, surveillance, direction.Matériel scolaire",1
BE,2002,"Aménagement du territoire et constructions, expropriation, travaux publics, énergie, transports, environnement.Travaux publics.Marchés publics",1
BE,2002,"Aménagement du territoire et constructions, expropriation, travaux publics, énergie, transports, environnement.Protection de la nature et du paysage.Protection des animaux",1
BE,2003,"Enseignement, sciences, documentation et culture",1
BE,2003,"Enseignement, sciences, documentation et culture.Formation continue (Degré quaternaire).Formation des adultes",1
BE,2003,"Finances, Impôts, monopoles, entreprises d'état.Monopoles, régales, entreprises d'état.Mines",1
BE,2003,"Aménagement du territoire et constructions, expropriation, travaux publics, énergie, transports, environnement.Protection de l'environnement.Déchets",1
BE,2003,"Santé, travail, droit des assurances sociales, logement, homes",2
BE,2004,Etat,2
BE,2004,Etat.Communes.Fusions communales,1
BE,2004,"Enseignement, sciences, documentation et culture.Degré tertiaire: Hautes écoles.Pédagogie",1
BE,2004,"Enseignement, sciences, documentation et culture.Contributions à la formation.Bourses d'études",1
BE,2004,"Défense nationale, protection de la population, police",1
BE,2005,Etat,1
BE,2005,"Enseignement, sciences, documentation et culture",1
BE,2005,"Enseignement, sciences, documentation et culture.Degré secondaire II: Formation professionnelle initiale.Orientation professionnelle",1
BE,2005,"Santé, travail, droit des assurances sociales, logement, homes",1
BE,2005,Economie.Promotion de l'économie,1
BE,2005,Economie.Arts et métiers.Services.Tourisme,1
BE,2006,Etat.Dispositions générales.Etablissement et séjour.Etablissement et séjour Suisses.contrôle des habitants,1
BE,2007,"Enseignement, sciences, documentation et culture.Degré secondaire II.Ecole moyenne",1
BE,2008,"Enseignement, sciences, documentation et culture",1
BE,2008,"Santé, travail, droit des assurances sociales, logement, homes.Santé.Prévention des dépendances.Interdictions de fumer",1
BE,2009,Etat.Dispositions générales.Etablissement et séjour.Etablissement et séjour des étrangers.asile,1
BE,2009,Droit pénal.Procédure pénale.Aide aux victimes d'infractions,1
BE,2009,"Enseignement, sciences, documentation et culture.Documentation.Archives",1
BE,2009,"Finances, Impôts, monopoles, entreprises d'état",1
BE,2009,"Santé, travail, droit des assurances sociales, logement, homes.Logement.Mesures d'encouragement à la construction de logements",1
BE,2011,Droit pénal.Droit pénal des mineurs et procédure pénale des mineurs,1
BE,2011,"Enseignement, sciences, documentation et culture.Pédagogie spécialisée.Ecoles d'art et de sport",1
BE,2012,"Défense nationale, protection de la population, police.Sécurité intérieure.Maintien de la tranquillité et de l'ordre public.Chiens, animaux dangereux",1
BE,2012,"Aménagement du territoire et constructions, expropriation, travaux publics, énergie, transports, environnement.Protection de la nature et du paysage.Protection du paysage",1
BE,2012,Economie.Arts et métiers.Services.Prostitution,1
BE,2013,Etat.Dispositions générales.Etablissement et séjour.Etablissement et séjour des étrangers.intégration,1
BE,2014,"Droit civil.Dispositions d'introduction du code civil.Droit des personnes, état civil.Fondations, surveillance.Fondations LPP",1
BE,2014,"Enseignement, sciences, documentation et culture",1
BE,2015,"Finances, Impôts, monopoles, entreprises d'état",1
BE,2016,"Etat.Dispositions générales.Territoire.Délimitations territoriales, districts",1
BE,2016,Economie.Promotion de l'économie,1
BE,2017,Etat.Dispositions générales.Territoire.Frontières,1
BE,2018,"Défense nationale, protection de la population, police.Sécurité intérieure.Entreprises de sécurité",1
BE,2018,"Aménagement du territoire et constructions, expropriation, travaux publics, énergie, transports, environnement",1
BE,2018,"Santé, travail, droit des assurances sociales, logement, homes",1
BE,2019,Etat.Dispositions générales.Etablissement et séjour.Etablissement et séjour des étrangers.asile,1
BE,2020,Droit civil.Dispositions d'introduction du code civil.Droit de la famille.Tutelle,1
BE,2020,"Enseignement, sciences, documentation et culture.Art, culture, sport.Encouragement à la culture",1
BE,2021,"Enseignement, sciences, documentation et culture.Degré prescolaire, école primaire, degré secondaire I.Ecole primaire, degré secondaire I",1
BE,2021,"Santé, travail, droit des assurances sociales, logement, homes.Assistance.Aide sociale",1
BE,2022,Etat,1
BE,2023,"Santé, travail, droit des assurances sociales, logement, homes.Assistance.Homes.Etablissements pour personnes âgées",1
BE,2024,"Défense nationale, protection de la population, police",1
BE,2025,"Aménagement du territoire et constructions, expropriation, travaux publics, énergie, transports, environnement",1
BL,1851,Etat.Autorités.Responsabilité de l'état,1
BL,1876,"Finances, Impôts, monopoles, entreprises d'état.Monopoles, régales, entreprises d'état.Mines",1
BL,1911,"Santé, travail, droit des assurances sociales, logement, homes",1
BL,1931,"Santé, travail, droit des assurances sociales, logement, homes.Santé.Hygiène.Inhumations, cimetières",1
BL,1941,"Santé, travail, droit des assurances sociales, logement, homes",1
BL,1950,Etat,1
BL,1950,"Aménagement du territoire et constructions, expropriation, travaux publics, énergie, transports, environnement.Expropriation",1
BL,1950,"Aménagement du territoire et constructions, expropriation, travaux publics, énergie, transports, environnement.Energie.Forces hydrauliques",1
BL,1955,"Enseignement, sciences, documentation et culture.Assurance de la qualité, surveillance, direction.Médecine scolaire, services psychologiques scolaires",1
BL,1961,"Santé, travail, droit des assurances sociales, logement, homes",1
BL,1963,"Enseignement, sciences, documentation et culture.Art, culture, sport.Encouragement à la culture",1
BL,1967,"Aménagement du territoire et constructions, expropriation, travaux publics, énergie, transports, environnement.Travaux publics.Aménagement des eaux.Utilisation des eaux",1
BL,1967,"Santé, travail, droit des assurances sociales, logement, homes.Santé.Hygiène.Alimentation en eau",1
BL,1968,"Santé, travail, droit des assurances sociales, logement, homes.Droit du travail.Employés.Dimanches et jours fériés",1
BL,1970,Etat,1
BL,1971,"Finances, Impôts, monopoles, entreprises d'état.Monopoles, régales, entreprises d'état.Régale des sels",1
BL,1972,Etat.Dispositions générales.Etablissement et séjour.Etablissement et séjour Suisses.contrôle des habitants,1
BL,1973,"Santé, travail, droit des assurances sociales, logement, homes",1
BL,1973,"Santé, travail, droit des assurances sociales, logement, homes.Droit des assurances sociales.Prestations complémentaires",1
BL,1974,"Finances, Impôts, monopoles, entreprises d'état.Impôts.Impôts sur le revenu et la fortune / impôts sur les bénéfices et les capitaux.Impôt cantonal",1
BL,1976,"Santé, travail, droit des assurances sociales, logement, homes",1
BL,1979,"Aménagement du territoire et constructions, expropriation, travaux publics, énergie, transports, environnement.Energie.Energie atomique",1
BL,1980,Droit pénal.Droit pénal des mineurs et procédure pénale des mineurs,1
BL,1980,"Finances, Impôts, monopoles, entreprises d'état.Impôts.Impôts sur les successions et les donations",1
BL,1980,Economie.Promotion de l'économie,1
BL,1980,"Economie.Arts et métiers.Services.Cinéma, théâtre, divertissement",1
BL,1981,Etat,1
BL,1981,"Défense nationale, protection de la population, police.Protection de la population.Protection contre les incendies / éléments naturels.Protection contre le feu, pompiers",1
BL,1981,"Finances, Impôts, monopoles, entreprises d'état",1
BL,1981,"Aménagement du territoire et constructions, expropriation, travaux publics, énergie, transports, environnement.Transports.Circulation routière.Impôts et taxes de la circulation",1
BL,1982,"Finances, Impôts, monopoles, entreprises d'état.Finances.Contributions étatiques, subventions",1
BL,1983,Etat,2
BL,1985,"Aménagement du territoire et constructions, expropriation, travaux publics, énergie, transports, environnement",1
BL,1986,"Aménagement du territoire et constructions, expropriation, travaux publics, énergie, transports, environnement",1
BL,1987,Droit civil.Dispositions d'introduction du code civil.Droits réels.Acquisitions des terrains par des personnes domiciliées à l'étranger,1
BL,1987,"Finances, Impôts, monopoles, entreprises d'état.Finances.Budget, comptes",1
BL,1988,Etat.Autorités.Gouvernement et administration.Procédure administrative,1
BL,1988,"Etat.Autorités.Ombudsman, médiateur",1
BL,1988,"Santé, travail, droit des assurances sociales, logement, homes",1
BL,1988,"Santé, travail, droit des assurances sociales, logement, homes.Droit du travail.Marché du travail.Lutte contre les crises, réserves de crise bénéficiant d'allégements fiscaux",1
BL,1991,Etat.Dispositions générales.Information du public,1
BL,1991,"Enseignement, sciences, documentation et culture.Art, culture, sport.Sport",1
BL,1991,"Aménagement du territoire et constructions, expropriation, travaux publics, énergie, transports, environnement",2
BL,1991,"Aménagement du territoire et constructions, expropriation, travaux publics, énergie, transports, environnement.Protection de la nature et du paysage.Protection du paysage",1
BL,1991,"Santé, travail, droit des assurances sociales, logement, homes",1
BL,1992,"Aménagement du territoire et constructions, expropriation, travaux publics, énergie, transports, environnement",1
BL,1992,"Aménagement du territoire et constructions, expropriation, travaux publics, énergie, transports, environnement.Protection de la nature et du paysage.Protection des animaux",1
BL,1992,"Aménagement du territoire et constructions, expropriation, travaux publics, énergie, transports, environnement.Protection de la nature et du paysage.Protection des monuments et des biens culturels",1
BL,1993,Etat.Dispositions générales.Droit de cité,1
BL,1993,Etat.Autorités.Gouvernement et administration.Procédure administrative,1
BL,1994,Etat,1
BL,1994,"Finances, Impôts, monopoles, entreprises d'état",1
BL,1994,"Santé, travail, droit des assurances sociales, logement, homes.Droit des assurances sociales.AVS/AI",1
BL,1995,"Etat.Autorités.Organisation judiciaire.Autorités judiciaires.Prud'hommes, Tribunaux des baux à loyer",1
BL,1995,Droit pénal.Procédure pénale.Entraide judiciaire,1
BL,1995,"Défense nationale, protection de la population, police.Sécurité intérieure.Maintien de la tranquillité et de l'ordre public.Chiens, animaux dangereux",1
BL,1996,Etat.Dispositions générales.Etablissement et séjour.Etablissement et séjour des étrangers.mesures de contrainte,1
BL,1996,"Enseignement, sciences, documentation et culture.Assurance de la qualité, surveillance, direction.Médecine scolaire, services psychologiques scolaires",1
BL,1996,"Finances, Impôts, monopoles, entreprises d'état",1
BL,1996,"Aménagement du territoire et constructions, expropriation, travaux publics, énergie, transports, environnement",1
BL,1996,"Santé, travail, droit des assurances sociales, logement, homes",1
BL,1996,"Santé, travail, droit des assurances sociales, logement, homes.Santé.Soins à domicile",1
BL,1997,Etat,1
BL,1997,"Etat.Dispositions générales.Droits fondamentaux, droits politiques.égalité entre hommes et femmes",1
BL,1997,"Santé, travail, droit des assurances sociales, logement, homes",2
BL,1998,"Aménagement du territoire et constructions, expropriation, travaux publics, énergie, transports, environnement",1
BL,1998,Economie,2
BL,1999,Etat,1
BL,1999,Droit pénal.Procédure pénale.Codes de procédure pénale,1
BL,1999,"Aménagement du territoire et constructions, expropriation, travaux publics, énergie, transports, environnement.Travaux publics.Marchés publics",1
BL,1999,"Santé, travail, droit des assurances sociales, logement, homes.Droit des assurances sociales.Assurance-chômage",1
BL,1999,Economie,1
BL,2000,Economie.Arts et métiers.Services.Jeux de hasard et loteries.Maisons de jeu,1
BL,2001,Etat,2
BL,2001,"Santé, travail, droit des assurances sociales, logement, homes",1
BL,2002,Droit civil.Dispositions d'introduction du code civil.Droit de la famille.Tutelle,1
BL,2002,"Aménagement du territoire et constructions, expropriation, travaux publics, énergie, transports, environnement",1
BL,2002,"Santé, travail, droit des assurances sociales, logement, homes",1
BL,2003,Etat.Communes.Finances communales,1
BL,2003,"Finances, Impôts, monopoles, entreprises d'état.Finances.Contributions étatiques, subventions",1
BL,2003,"Finances, Impôts, monopoles, entreprises d'état.Monopoles, régales, entreprises d'état.Alcool",1
BL,2003,"Aménagement du territoire et constructions, expropriation, travaux publics, énergie, transports, environnement.Protection de l'environnement.Protection des eaux",1
BL,2003,Economie.Arts et métiers.Services.Tourisme,1
BL,2004,"Finances, Impôts, monopoles, entreprises d'état.Entreprises d'Etat.Banques cantonales",1
BL,2004,"Aménagement du territoire et constructions, expropriation, travaux publics, énergie, transports, environnement",1
BL,2004,"Aménagement du territoire et constructions, expropriation, travaux publics, énergie, transports, environnement.Travaux publics.Aménagement des eaux.Utilisation des eaux",1
BL,2005,"Finances, Impôts, monopoles, entreprises d'état.Impôts.Impôts sur le revenu et la fortune / impôts sur les bénéfices et les capitaux.Impôt fédéral",1
BL,2005,"Santé, travail, droit des assurances sociales, logement, homes",1
BL,2005,"Santé, travail, droit des assurances sociales, logement, homes.Droit des assurances sociales.Allocations familiales.Travailleurs agricoles",1
BL,2005,"Santé, travail, droit des assurances sociales, logement, homes.Assistance.Homes.Etablissements pour personnes âgées",1
BL,2005,Economie,1
BL,2005,Economie.Promotion de l'économie,1
BL,2006,"Droit civil.Dispositions d'introduction du code civil.Droit des personnes, état civil.Partenariat enregistré",1
BL,2006,"Enseignement, sciences, documentation et culture.Documentation.Archives",1
BL,2006,"Aménagement du territoire et constructions, expropriation, travaux publics, énergie, transports, environnement",1
BL,2006,"Santé, travail, droit des assurances sociales, logement, homes.Santé.Prévention des dépendances.Alcoolisme",1
BL,2006,Economie.Promotion de l'économie,1
BL,2007,Etat.Dispositions générales.Etablissement et séjour.Etablissement et séjour des étrangers.intégration,1
BL,2007,"Finances, Impôts, monopoles, entreprises d'état.Finances.Péréquation financière.Coopération intercantonale avec compensation des charges",1
BL,2008,"Enseignement, sciences, documentation et culture.Documentation.Statistique",1
BL,2008,"Finances, Impôts, monopoles, entreprises d'état.Finances.Contrôle des finances",1
BL,2008,"Santé, travail, droit des assurances sociales, logement, homes.Droit du travail.Marché du travail.Travail au noir",1
BL,2009,Droit pénal.Procédure pénale.Codes de procédure pénale,1
BL,2009,"Santé, travail, droit des assurances sociales, logement, homes",1
BL,2012,"Aménagement du territoire et constructions, expropriation, travaux publics, énergie, transports, environnement.Transports.Circulation routière.Police de la circulation",1
BL,2012,Economie.Arts et métiers.Services.Tourisme,1
BL,2012,Economie.Arts et métiers.Services.Taxis,1
BL,2013,"Défense nationale, protection de la population, police.Protection de la population.Protection contre les incendies / éléments naturels.Protection contre le feu, pompiers",1
BL,2013,"Santé, travail, droit des assurances sociales, logement, homes.Droit du travail.Marché du travail.Envoi de travailleurs à l'étranger",1
BL,2014,Etat.Communes.Répartition des tâches entre canton et communes,1
BL,2015,"Enseignement, sciences, documentation et culture.Degré prescolaire, école primaire, degré secondaire I.Crèches",1
BL,2015,"Enseignement, sciences, documentation et culture.Art, culture, sport.Encouragement à la culture",1
BL,2015,"Finances, Impôts, monopoles, entreprises d'état",1
BL,2016,"Santé, travail, droit des assurances sociales, logement, homes",1
BL,2017,Etat.Autorités.Gouvernement et administration.New Public Management,1
BL,2018,"Aménagement du territoire et constructions, expropriation, travaux publics, énergie, transports, environnement",1
BL,2018,"Santé, travail, droit des assurances sociales, logement, homes",1
BL,2019,"Finances, Impôts, monopoles, entreprises d'état.Finances.Contributions étatiques, subventions",1
BL,2020,Etat.Autorités.Informatique.E-Government,1
BL,2020,"Santé, travail, droit des assurances sociales, logement, homes.Santé.Lutte contre les maladies.Epidémies, pandémies",1
BL,2020,Economie,1
BL,2021,"Aménagement du territoire et constructions, expropriation, travaux publics, énergie, transports, environnement",1
BL,2022,Etat,1
BL,2023,Etat,1
BL,2023,"Enseignement, sciences, documentation et culture.Pédagogie spécialisée.Intégration des écoliers étrangers",1
BL,2023,"Finances, Impôts, monopoles, entreprises d'état.Finances.Contributions étatiques, subventions",1
BL,2024,"Santé, travail, droit des assurances sociales, logement, homes.Santé.Professions médicales.Personnel soignant",1
BL,2026,"Enseignement, sciences, documentation et culture.Pédagogie spécialisée.Ecoles spécialisées",1
BS,1846,"Etat.Dispositions générales.Droits fondamentaux, droits politiques.droits politiques.Récusation, incompatibilité",1
BS,1864,"Santé, travail, droit des assurances sociales, logement, homes.Santé.Soins à domicile",1
BS,1872,"Etat.Dispositions générales.Droits fondamentaux, droits politiques.droits politiques.Récusation, incompatibilité",1
BS,1875,"Santé, travail, droit des assurances sociales, logement, homes",1
BS,1876,"Aménagement du territoire et constructions, expropriation, travaux publics, énergie, transports, environnement",1
BS,1879,"Santé, travail, droit des assurances sociales, logement, homes",1
BS,1891,"Santé, travail, droit des assurances sociales, logement, homes",1
BS,1892,Droit civil.Droit international privé,1
BS,1895,"Etat.Autorités.Organisation judiciaire.Autorités judiciaires.Juges d'instruction, Ministère public.Ministère public",1
BS,1902,"Etat.Dispositions générales.Droits fondamentaux, droits politiques.droits politiques.Récusation, incompatibilité",1
BS,1907,Etat.Communes.Fusions communales,1
BS,1907,"Santé, travail, droit des assurances sociales, logement, homes",1
BS,1911,"Santé, travail, droit des assurances sociales, logement, homes",1
BS,1911,"Santé, travail, droit des assurances sociales, logement, homes.Droit du travail.Offices de conciliation",1
BS,1915,"Santé, travail, droit des assurances sociales, logement, homes",1
BS,1918,"Aménagement du territoire et constructions, expropriation, travaux publics, énergie, transports, environnement.Travaux publics.Aménagement des eaux.Utilisation des eaux",1
BS,1923,Droit civil.Propriété intellectuelle,1
BS,1923,Economie.Agriculture.Production animale.Commerce du bétail,1
BS,1924,"Défense nationale, protection de la population, police",1
BS,1927,"Défense nationale, protection de la population, police.Sécurité intérieure.Maintien de la tranquillité et de l'ordre public.Domaine public",1
BS,1928,Etat.Autorités.Gouvernement et administration.Procédure administrative,1
BS,1929,"Droit civil.Dispositions d'introduction du code civil.Droits réels.Registre foncier, mensurations cadastrales",1
BS,1929,"Enseignement, sciences, documentation et culture.Degré prescolaire, école primaire, degré secondaire I.Ecole enfantine",1
BS,1931,"Santé, travail, droit des assurances sociales, logement, homes.Santé.Hygiène.Inhumations, cimetières",1
BS,1933,Economie.Commerce.Commerce itinérant,1
BS,1936,Droit civil.Dispositions générales d'introduction du code des obligations.Des divers contrats.Enchères,1
BS,1936,"Finances, Impôts, monopoles, entreprises d'état.Impôts.Droit de timbre",1
BS,1937,"Santé, travail, droit des assurances sociales, logement, homes",1
BS,1941,"Santé, travail, droit des assurances sociales, logement, homes",2
BS,1942,"Finances, Impôts, monopoles, entreprises d'état.Impôts.Taxe de séjour, taxes d'hébergement",1
BS,1944,Droit civil.Dispositions d'introduction du code civil.Droit de la famille.Tutelle,1
BS,1945,Droit civil.Propriété intellectuelle,1
BS,1948,"Etat.Autorités.Gouvernement et administration.Droit du personnel.Pensions, prestations d'assurance",1
BS,1951,"Santé, travail, droit des assurances sociales, logement, homes.Droit du travail.Marché du travail.Service de l'emploi et location de services",1
BS,1952,"Santé, travail, droit des assurances sociales, logement, homes.Droit du travail.Marché du travail.Lutte contre les crises, réserves de crise bénéficiant d'allégements fiscaux",1
BS,1960,Etat.Dispositions générales.Publications officielles.Recueils de législation,1
BS,1962,"Enseignement, sciences, documentation et culture.Assurance de la qualité, surveillance, direction.Médecine scolaire, services psychologiques scolaires",1
BS,1962,"Santé, travail, droit des assurances sociales, logement, homes",1
BS,1962,"Santé, travail, droit des assurances sociales, logement, homes.Droit des assurances sociales.Allocations familiales.Travailleurs agricoles",1
BS,1963,"Enseignement, sciences, documentation et culture.Art, culture, sport.Art.Cinéma, théâtre, divertissement",1
BS,1963,"Santé, travail, droit des assurances sociales, logement, homes",1
BS,1964,Droit civil.Concurrence déloyale / cartels,1
BS,1966,"Aménagement du territoire et constructions, expropriation, travaux publics, énergie, transports, environnement.Transports.Circulation routière.Impôts et taxes de la circulation",1
BS,1967,"Santé, travail, droit des assurances sociales, logement, homes",2
BS,1968,Etat.Communes.Finances communales,1
BS,1968,Droit civil.Dispositions d'introduction du code civil.Droits réels.Estimation officielle des immeubles,1
BS,1968,"Défense nationale, protection de la population, police.Protection de la population.Protection civile.Constructions de protection civile",1
BS,1968,"Défense nationale, protection de la population, police.Protection de la population.Protection civile.Protection des biens culturels en temps de guerre",1
BS,1968,"Aménagement du territoire et constructions, expropriation, travaux publics, énergie, transports, environnement",1
BS,1968,"Santé, travail, droit des assurances sociales, logement, homes.Droit des assurances sociales.AVS/AI",1
BS,1971,"Enseignement, sciences, documentation et culture.Art, culture, sport.Art.Cinéma, théâtre, divertissement",1
BS,1971,"Aménagement du territoire et constructions, expropriation, travaux publics, énergie, transports, environnement.Transports.Transports publics.Transports régionaux",1
BS,1971,Economie.Agriculture.Assurances des animaux,1
BS,1972,Etat.Autorités.Gouvernement et administration.Emoluments administratifs,1
BS,1973,Etat,2
BS,1973,"Aménagement du territoire et constructions, expropriation, travaux publics, énergie, transports, environnement",1
BS,1974,"Aménagement du territoire et constructions, expropriation, travaux publics, énergie, transports, environnement.Expropriation",1
BS,1975,"Etat.Autorités.Organisation judiciaire.Emoluments judiciaires, frais de justice",1
BS,1975,"Santé, travail, droit des assurances sociales, logement, homes",1
BS,1976,Etat,1
BS,1976,"Santé, travail, droit des assurances sociales, logement, homes.Santé.Prévention des dépendances.Alcoolisme",1
BS,1978,"Aménagement du territoire et constructions, expropriation, travaux publics, énergie, transports, environnement",1
BS,1978,"Aménagement du territoire et constructions, expropriation, travaux publics, énergie, transports, environnement.Energie.Energie atomique",1
BS,1978,"Santé, travail, droit des assurances sociales, logement, homes",1
BS,1978,Economie.Arts et métiers.Services.Jeux de hasard et loteries.Maisons de jeu,1
BS,1980,"Etat.Autorités.Gouvernement et administration.Droit du personnel.Pensions, prestations d'assurance",1
BS,1980,"Défense nationale, protection de la population, police.Protection de la population.Protection contre les incendies / éléments naturels.Protection contre le feu, pompiers",1
BS,1980,"Aménagement du territoire et constructions, expropriation, travaux publics, énergie, transports, environnement.Protection de la nature et du paysage.Protection des plantes",1
BS,1980,"Aménagement du territoire et constructions, expropriation, travaux publics, énergie, transports, environnement.Protection de la nature et du paysage.Protection des monuments et des biens culturels",1
BS,1981,"Santé, travail, droit des assurances sociales, logement, homes",1
BS,1982,"Défense nationale, protection de la population, police.Sécurité intérieure.Maintien de la tranquillité et de l'ordre public.Chiens, animaux dangereux",1
BS,1982,"Santé, travail, droit des assurances sociales, logement, homes.Droit des assurances sociales.Assurance-chômage",1
BS,1982,"Santé, travail, droit des assurances sociales, logement, homes.Assistance.Donations et collectes publiques",1
BS,1983,"Aménagement du territoire et constructions, expropriation, travaux publics, énergie, transports, environnement.Travaux publics.Aménagement des eaux.Utilisation des eaux",1
BS,1983,"Aménagement du territoire et constructions, expropriation, travaux publics, énergie, transports, environnement.Protection de l'environnement.Protection des eaux",1
BS,1984,Etat,1
BS,1984,"Finances, Impôts, monopoles, entreprises d'état.Finances.Contributions étatiques, subventions",1
BS,1984,"Santé, travail, droit des assurances sociales, logement, homes.Assistance.Protection de la jeunesse, aide à la jeunesse",1
BS,1985,"Santé, travail, droit des assurances sociales, logement, homes",1
BS,1986,"Etat.Autorités.Ombudsman, médiateur",1
BS,1987,"Santé, travail, droit des assurances sociales, logement, homes.Droit des assurances sociales.Prestations complémentaires",1
BS,1988,Etat,1
BS,1988,Droit civil.Dispositions d'introduction du code civil.Droits réels.Acquisitions des terrains par des personnes domiciliées à l'étranger,1
BS,1988,"Aménagement du territoire et constructions, expropriation, travaux publics, énergie, transports, environnement.Energie.Approvisionnement en énergie",1
BS,1989,"Santé, travail, droit des assurances sociales, logement, homes",1
BS,1989,"Santé, travail, droit des assurances sociales, logement, homes.Droit du travail.Marché du travail.Lutte contre les crises, réserves de crise bénéficiant d'allégements fiscaux",1
BS,1990,"Aménagement du territoire et constructions, expropriation, travaux publics, énergie, transports, environnement.Aménagement du territoire et constructions.Places de parking",1
BS,1990,"Santé, travail, droit des assurances sociales, logement, homes.Santé.Etique",1
BS,1990,"Santé, travail, droit des assurances sociales, logement, homes.Santé.Prévention des accidents",1
BS,1990,"Santé, travail, droit des assurances sociales, logement, homes.Logement.Mesures d'encouragement à la construction de logements",1
BS,1990,"Santé, travail, droit des assurances sociales, logement, homes.Assistance.Politique familiale, promotion de la famille",1
BS,1991,Etat,1
BS,1991,"Aménagement du territoire et constructions, expropriation, travaux publics, énergie, transports, environnement",1
BS,1991,"Santé, travail, droit des assurances sociales, logement, homes.Santé.Soins à domicile",1
BS,1991,"Santé, travail, droit des assurances sociales, logement, homes.Droit des assurances sociales.AVS/AI",1
BS,1992,Etat.Dispositions générales.Information du public,1
BS,1992,"Etat.Autorités.Gouvernement et administration.Droit du personnel.Pensions, prestations d'assurance",1
BS,1992,Etat.Autorités.Gouvernement et administration.Emoluments administratifs,1
BS,1993,Droit pénal.Procédure pénale.Aide aux victimes d'infractions,1
BS,1993,"Santé, travail, droit des assurances sociales, logement, homes",1
BS,1994,"Etat.Dispositions générales.Droits fondamentaux, droits politiques.droits politiques.Elections et votations",1
BS,1994,Droit civil.Dispositions générales d'introduction du code des obligations.Des divers contrats.Bail à loyer et à ferme.Bail à ferme agricole,1
BS,1994,"Finances, Impôts, monopoles, entreprises d'état.Entreprises d'Etat.Banques cantonales",1
BS,1994,"Santé, travail, droit des assurances sociales, logement, homes.Droit des assurances sociales.AVS/AI",1
BS,1995,"Etat.Autorités.Gouvernement et administration.Droit du personnel.Traitements, indemnités",2
BS,1995,"Etat.Autorités.Organisation judiciaire.Autorités judiciaires.Prud'hommes, Tribunaux des baux à loyer",1
BS,1995,"Aménagement du territoire et constructions, expropriation, travaux publics, énergie, transports, environnement.Protection de la nature et du paysage.Protection du paysage",1
BS,1995,"Santé, travail, droit des assurances sociales, logement, homes",1
BS,1995,"Santé, travail, droit des assurances sociales, logement, homes.Droit des assurances sociales.Assurance-chômage",1
BS,1996,Etat.Dispositions générales.Etablissement et séjour.Etablissement et séjour des étrangers.mesures de contrainte,1
BS,1996,"Etat.Dispositions générales.Droits fondamentaux, droits politiques.égalité entre hommes et femmes",1
BS,1996,"Enseignement, sciences, documentation et culture.Documentation.Archives",1
BS,1996,"Défense nationale, protection de la population, police.Sécurité intérieure.Police.Police cantonale",1
BS,1996,"Finances, Impôts, monopoles, entreprises d'état.Impôts.Droits de mutation",1
BS,1996,"Santé, travail, droit des assurances sociales, logement, homes.Santé.Services psychiatriques",1
BS,1996,Economie.Arts et métiers.Services.Taxis,1
BS,1997,Etat.Autorités.Gouvernement et administration.New Public Management,1
BS,1997,Droit pénal.Procédure pénale.Codes de procédure pénale,1
BS,1997,"Finances, Impôts, monopoles, entreprises d'état.Finances.Budget, comptes",1
BS,1998,Etat,1
BS,1998,"Aménagement du territoire et constructions, expropriation, travaux publics, énergie, transports, environnement",1
BS,1999,Etat,1
BS,1999,Etat.Autorités.Responsabilité de l'état,1
BS,1999,Droit pénal.Droit pénal des mineurs et procédure pénale des mineurs,1
BS,1999,"Enseignement, sciences, documentation et culture.Documentation.Musées",1
BS,1999,"Aménagement du territoire et constructions, expropriation, travaux publics, énergie, transports, environnement",1
BS,1999,"Aménagement du territoire et constructions, expropriation, travaux publics, énergie, transports, environnement.Travaux publics.Marchés publics",1
BS,1999,"Santé, travail, droit des assurances sociales, logement, homes",1
BS,2000,Etat,1
BS,2000,"Aménagement du territoire et constructions, expropriation, travaux publics, énergie, transports, environnement",1
BS,2000,"Aménagement du territoire et constructions, expropriation, travaux publics, énergie, transports, environnement.Aménagement du territoire et constructions.Procédure",1
BS,2000,"Santé, travail, droit des assurances sociales, logement, homes.Assistance.Aide sociale",1
BS,2001,"Etat.Autorités.Organisation judiciaire.Autorités judiciaires.Tribunaux administratifs, des assurances et des assurances sociales",1
BS,2002,"Santé, travail, droit des assurances sociales, logement, homes",1
BS,2003,"Enseignement, sciences, documentation et culture.Degré prescolaire, école primaire, degré secondaire I.Crèches",1
BS,2003,"Finances, Impôts, monopoles, entreprises d'état.Finances.Contrôle des finances",1
BS,2004,"Finances, Impôts, monopoles, entreprises d'état.Monopoles, régales, entreprises d'état.Alcool",1
BS,2004,"Aménagement du territoire et constructions, expropriation, travaux publics, énergie, transports, environnement",1
BS,2004,"Santé, travail, droit des assurances sociales, logement, homes.Droit des assurances sociales.Assurance-chômage",1
BS,2005,"Santé, travail, droit des assurances sociales, logement, homes.Droit du travail.Employés.Dimanches et jours fériés",1
BS,2006,"Santé, travail, droit des assurances sociales, logement, homes",1
BS,2006,Economie.Promotion de l'économie,1
BS,2007,Etat,1
BS,2007,Etat.Dispositions générales.Etablissement et séjour.Etablissement et séjour des étrangers.intégration,1
BS,2007,"Santé, travail, droit des assurances sociales, logement, homes",1
BS,2007,"Santé, travail, droit des assurances sociales, logement, homes.Droit des assurances sociales.AVS/AI",1
BS,2008,"Santé, travail, droit des assurances sociales, logement, homes.Droit des assurances sociales.LAMAL.Réduction des primes",1
BS,2009,"Enseignement, sciences, documentation et culture.Art, culture, sport.Encouragement à la culture",1
BS,2009,"Santé, travail, droit des assurances sociales, logement, homes",1
BS,2010,Etat.Dispositions générales.Etablissement et séjour.Etablissement et séjour des étrangers.mesures de contrainte,1
BS,2010,Droit pénal.Droit pénal des mineurs et procédure pénale des mineurs,1
BS,2010,"Finances, Impôts, monopoles, entreprises d'état.Finances.Contributions étatiques, subventions",1
BS,2011,"Enseignement, sciences, documentation et culture.Art, culture, sport.Sport",1
BS,2011,"Santé, travail, droit des assurances sociales, logement, homes",1
BS,2012,"Economie.Commerce.Foires, marchés",1
BS,2014,"Enseignement, sciences, documentation et culture.Documentation.Statistique",1
BS,2014,"Santé, travail, droit des assurances sociales, logement, homes.Santé.Professions médicales.Dentistes",1
BS,2016,Etat.Dispositions générales.Publications officielles.Recueils de législation,1
BS,2016,"Santé, travail, droit des assurances sociales, logement, homes",1
BS,2017,Etat.Dispositions générales.Droit de cité,1
BS,2017,Etat.Autorités.Informatique.E-Government,1
BS,2019,Etat,1
BS,2021,"Santé, travail, droit des assurances sociales, logement, homes",1
BS,2021,"Santé, travail, droit des assurances sociales, logement, homes.Logement.Mesures d'encouragement à la construction de logements",1
BS,2022,"Aménagement du territoire et constructions, expropriation, travaux publics, énergie, transports, environnement.Travaux publics.Marchés publics",1
BS,2025,Economie.Commerce.Développement et coopération,1
FR,1848,"Etat.Autorités.Organisation judiciaire.Autorités judiciaires.Tribunaux de district / d'arrondissement, juges de paix",1
FR,1850,"Finances, Impôts, monopoles, entreprises d'état.Monopoles, régales, entreprises d'état.Mines",1
FR,1852,"Défense nationale, protection de la population, police.Sécurité intérieure.Police.Personnel",1
FR,1859,"Santé, travail, droit des assurances sociales, logement, homes.Droit du travail.Employés.Dimanches et jours fériés",1
FR,1868,"Santé, travail, droit des assurances sociales, logement, homes.Droit du travail.Employés.Dimanches et jours fériés",1
FR,1873,"Etat.Autorités.Organisation judiciaire.Autorités judiciaires.Juges d'instruction, Ministère public.Ministère public",1
FR,1873,Etat.Autorités.Organisation judiciaire.Personnel des tribunaux,1
FR,1875,Etat.Autorités.Gouvernement et administration.Droit du personnel.Serment,1
FR,1891,Droit civil,1
FR,1893,Droit civil,1
FR,1911,Droit civil,1
FR,1913,"Défense nationale, protection de la population, police.Sécurité intérieure.Armes et munitions",1
FR,1921,Economie.Agriculture.Production animale.Bovins et petit bétail,1
FR,1924,Etat.Autorités.Gouvernement et administration.Gouvernement.Chancellerie de l'Etat,1
FR,1933,Etat,1
FR,1934,Etat.Autorités.Gouvernement et administration.Emoluments administratifs,1
FR,1937,Droit pénal,1
FR,1937,Droit pénal.Amendes d'ordre,1
FR,1942,Droit civil,1
FR,1949,Etat,1
FR,1949,Droit civil.Dispositions d'introduction du code civil.Droit de la famille.Tutelle,1
FR,1951,"Enseignement, sciences, documentation et culture.Assurance de la qualité, surveillance, direction.Bâtiments scolaires",1
FR,1953,Etat.Autorités.Gouvernement et administration.Organisation.Délégation,1
FR,1953,Droit civil,1
FR,1957,"Finances, Impôts, monopoles, entreprises d'état.Impôts.Exonération et allégements fiscaux",1
FR,1960,"Finances, Impôts, monopoles, entreprises d'état.Monopoles, régales, entreprises d'état.Pétrole",1
FR,1961,"Aménagement du territoire et constructions, expropriation, travaux publics, énergie, transports, environnement.Travaux publics.Routes.Routes nationales",1
FR,1961,Economie,1
FR,1962,Economie.Agriculture.Crédit agricole,1
FR,1963,"Finances, Impôts, monopoles, entreprises d'état.Impôts.Impôts sur le revenu et la fortune / impôts sur les bénéfices et les capitaux.Impôt communal",1
FR,1964,"Défense nationale, protection de la population, police.Protection de la population.Protection contre les incendies / éléments naturels.Protection contre le feu, pompiers",1
FR,1965,Etat.Autorités.Délais,1
FR,1965,"Défense nationale, protection de la population, police.Protection de la population.Protection contre les incendies / éléments naturels.Protection contre les incendies",1
FR,1965,"Santé, travail, droit des assurances sociales, logement, homes.Santé.Etablissements hospitaliers, cliniques.Cliniques psychiatriques",1
FR,1965,"Santé, travail, droit des assurances sociales, logement, homes.Santé.Prévention des dépendances.Alcoolisme",1
FR,1965,"Santé, travail, droit des assurances sociales, logement, homes.Droit des assurances sociales.Prestations complémentaires",1
FR,1966,"Défense nationale, protection de la population, police.Protection de la population.Protection contre les incendies / éléments naturels.Protection contre les incendies",1
FR,1966,"Santé, travail, droit des assurances sociales, logement, homes",1
FR,1967,Droit civil,1
FR,1967,Droit pénal.Amendes d'ordre,1
FR,1967,"Aménagement du territoire et constructions, expropriation, travaux publics, énergie, transports, environnement",1
FR,1967,"Aménagement du territoire et constructions, expropriation, travaux publics, énergie, transports, environnement.Transports.Circulation routière.Impôts et taxes de la circulation",1
FR,1969,"Santé, travail, droit des assurances sociales, logement, homes.Santé.Services psychiatriques",1
FR,1971,Droit civil.Arbitrage,1
FR,1971,"Enseignement, sciences, documentation et culture.Assurance de la qualité, surveillance, direction.Assurance scolaire",1
FR,1972,"Etat.Autorités.Organisation judiciaire.Autorités judiciaires.Prud'hommes, Tribunaux des baux à loyer",1
FR,1972,"Aménagement du territoire et constructions, expropriation, travaux publics, énergie, transports, environnement.Travaux publics.Bâtiments et terrains publics",1
FR,1973,Droit pénal.Droit pénal des mineurs et procédure pénale des mineurs,1
FR,1974,"Aménagement du territoire et constructions, expropriation, travaux publics, énergie, transports, environnement.Transports.Navigation.Impôts et taxes sur les bateaux",1
FR,1975,Etat.Autorités.Gouvernement et administration.Gouvernement.Préfets,1
FR,1975,"Aménagement du territoire et constructions, expropriation, travaux publics, énergie, transports, environnement",1
FR,1976,"Enseignement, sciences, documentation et culture.Assurance de la qualité, surveillance, direction.Bâtiments scolaires",1
FR,1977,"Enseignement, sciences, documentation et culture.Art, culture, sport.Art.Cinéma, théâtre, divertissement",1
FR,1979,Etat,1
FR,1979,"Santé, travail, droit des assurances sociales, logement, homes.Santé.Hygiène.Alimentation en eau",1
FR,1979,Economie,1
FR,1980,Etat,1
FR,1981,"Aménagement du territoire et constructions, expropriation, travaux publics, énergie, transports, environnement",1
FR,1982,Etat,1
FR,1982,"Finances, Impôts, monopoles, entreprises d'état.Impôts.Impôts sur les chiens",1
FR,1983,Droit pénal.Procédure pénale.Entraide judiciaire,1
FR,1983,"Défense nationale, protection de la population, police.Défense.Taxe d'exemption",1
FR,1983,"Aménagement du territoire et constructions, expropriation, travaux publics, énergie, transports, environnement",1
FR,1983,"Santé, travail, droit des assurances sociales, logement, homes.Droit des assurances sociales.LAA",1
FR,1984,"Aménagement du territoire et constructions, expropriation, travaux publics, énergie, transports, environnement.Expropriation",1
FR,1984,"Santé, travail, droit des assurances sociales, logement, homes",1
FR,1985,"Enseignement, sciences, documentation et culture",1
FR,1985,"Enseignement, sciences, documentation et culture.Degré prescolaire, école primaire, degré secondaire I.Ecole enfantine",1
FR,1985,"Enseignement, sciences, documentation et culture.Degré secondaire II: Formation professionnelle initiale.Orientation professionnelle",1
FR,1985,"Santé, travail, droit des assurances sociales, logement, homes.Logement.Mesures d'encouragement à la construction de logements",1
FR,1986,Etat.Dispositions générales.Etablissement et séjour.Etablissement et séjour Suisses.contrôle des habitants,1
FR,1986,Etat.Dispositions générales.Information du public,1
FR,1986,Etat.Autorités.Responsabilité de l'état,1
FR,1986,"Droit civil.Dispositions d'introduction du code civil.Droits réels.Registre foncier, mensurations cadastrales",1
FR,1986,"Aménagement du territoire et constructions, expropriation, travaux publics, énergie, transports, environnement.Aménagement du territoire et constructions.Affichage et publicité",1
FR,1986,"Aménagement du territoire et constructions, expropriation, travaux publics, énergie, transports, environnement.Protection de la nature et du paysage.Protection des animaux",1
FR,1986,"Aménagement du territoire et constructions, expropriation, travaux publics, énergie, transports, environnement.Protection de la nature et du paysage.Protection des plantes",1
FR,1986,"Santé, travail, droit des assurances sociales, logement, homes",1
FR,1987,Etat,1
FR,1987,Droit civil.Dispositions d'introduction du code civil.Droits réels.Acquisitions des terrains par des personnes domiciliées à l'étranger,1
FR,1987,Droit civil.Dispositions générales d'introduction du code des obligations.Des divers contrats.Bail à loyer et à ferme.Bail à ferme agricole,1
FR,1988,"Etat.Dispositions générales.Territoire.Délimitations territoriales, districts",1
FR,1988,"Finances, Impôts, monopoles, entreprises d'état.Entreprises d'Etat.Banques cantonales",1
FR,1988,"Santé, travail, droit des assurances sociales, logement, homes.Droit du travail.Marché du travail.Lutte contre les crises, réserves de crise bénéficiant d'allégements fiscaux",1
FR,1988,"Santé, travail, droit des assurances sociales, logement, homes.Droit du travail.Offices de conciliation",1
FR,1989,"Etat.Autorités.Organisation judiciaire.Autorités judiciaires.Prud'hommes, Tribunaux des baux à loyer",1
FR,1989,Etat.Communes.Finances communales,1
FR,1989,Droit civil.Concurrence déloyale / cartels,1
FR,1990,Etat,1
FR,1990,"Etat.Autorités.Organisation judiciaire.Autorités judiciaires.Tribunaux administratifs, des assurances et des assurances sociales",1
FR,1990,Etat.Eglise et Etat.Autres religions,1
FR,1990,"Enseignement, sciences, documentation et culture.Contributions à la formation.Bourses d'études",1
FR,1990,"Enseignement, sciences, documentation et culture.Assurance de la qualité, surveillance, direction.Médecine scolaire, services psychologiques scolaires",1
FR,1990,"Défense nationale, protection de la population, police.Sécurité intérieure.Police.Police cantonale",1
FR,1990,"Santé, travail, droit des assurances sociales, logement, homes",2
FR,1990,Economie.Agriculture.Améliorations foncières,1
FR,1991,Etat.Autorités.Gouvernement et administration.Procédure administrative,1
FR,1991,"Enseignement, sciences, documentation et culture.Degré secondaire II.Ecole moyenne",1
FR,1991,"Enseignement, sciences, documentation et culture.Art, culture, sport.Encouragement à la culture",2
FR,1991,"Finances, Impôts, monopoles, entreprises d'état.Monopoles, régales, entreprises d'état.Alcool",1
FR,1991,"Aménagement du territoire et constructions, expropriation, travaux publics, énergie, transports, environnement",1
FR,1991,"Aménagement du territoire et constructions, expropriation, travaux publics, énergie, transports, environnement.Protection de l'environnement.Protection des eaux",1
FR,1991,"Aménagement du territoire et constructions, expropriation, travaux publics, énergie, transports, environnement.Protection de la nature et du paysage.Protection des monuments et des biens culturels",1
FR,1991,"Santé, travail, droit des assurances sociales, logement, homes.Droit des assurances sociales.Assurance maternité, contributions financières aux mères",1
FR,1991,"Santé, travail, droit des assurances sociales, logement, homes.Assistance.Aide sociale",1
FR,1992,Droit pénal.Procédure pénale.Aide aux victimes d'infractions,2
FR,1992,Economie,1
FR,1992,Economie.Agriculture.Mesures d'encouragement,1
FR,1992,Economie.Agriculture.Formation agricole.Ecole agricole,1
FR,1993,"Etat.Autorités.Gouvernement et administration.Droit du personnel.Pensions, prestations d'assurance",1
FR,1993,"Enseignement, sciences, documentation et culture.Assurance de la qualité, surveillance, direction.Assurance scolaire",1
FR,1993,"Finances, Impôts, monopoles, entreprises d'état",1
FR,1993,Economie.Agriculture.Droit foncier rural,1
FR,1994,Etat.Autorités.Protection des données,1
FR,1994,"Enseignement, sciences, documentation et culture.Pédagogie spécialisée.Ecoles spécialisées",1
FR,1994,"Finances, Impôts, monopoles, entreprises d'état.Finances.Budget, comptes",1
FR,1994,"Aménagement du territoire et constructions, expropriation, travaux publics, énergie, transports, environnement",1
FR,1994,"Santé, travail, droit des assurances sociales, logement, homes.Santé.Professions médicales.Personnel soignant",1
FR,1994,"Santé, travail, droit des assurances sociales, logement, homes.Droit des assurances sociales.AVS/AI",1
FR,1995,Etat,1
FR,1995,"Enseignement, sciences, documentation et culture.Degré prescolaire, école primaire, degré secondaire I.Crèches",1
FR,1995,"Santé, travail, droit des assurances sociales, logement, homes",2
FR,1996,Etat.Dispositions générales.Droit de cité,1
FR,1996,Etat.Autorités.Gouvernement et administration.Administration.Directions et offices,1
FR,1996,Droit civil,1
FR,1996,Droit pénal,1
FR,1996,Droit pénal.Procédure pénale.Codes de procédure pénale,1
FR,1996,"Finances, Impôts, monopoles, entreprises d'état.Impôts.Droits de mutation",1
FR,1996,"Aménagement du territoire et constructions, expropriation, travaux publics, énergie, transports, environnement.Protection de l'environnement.Déchets",1
FR,1996,"Aménagement du territoire et constructions, expropriation, travaux publics, énergie, transports, environnement.Protection de la nature et du paysage.Protection des animaux",1
FR,1996,"Santé, travail, droit des assurances sociales, logement, homes",1
FR,1996,"Santé, travail, droit des assurances sociales, logement, homes.Droit des assurances sociales.Assurance-chômage",1
FR,1996,Economie,1
FR,1996,Economie.Promotion de l'économie,1
FR,1997,Droit pénal,1
FR,1997,"Enseignement, sciences, documentation et culture",2
FR,1997,"Enseignement, sciences, documentation et culture.Formation continue (Degré quaternaire).Formation des adultes",1
FR,1997,"Santé, travail, droit des assurances sociales, logement, homes.Santé.Hygiène.Enfouissement des déchets carnés",1
FR,1997,Economie,1
FR,1997,Economie.Agriculture.Mesures d'encouragement,1
FR,1998,Droit civil.Dispositions d'introduction du code civil.Droit de la famille.Privation de liberté à des fins d'assistance,1
FR,1998,"Aménagement du territoire et constructions, expropriation, travaux publics, énergie, transports, environnement.Travaux publics.Marchés publics",1
FR,1998,"Santé, travail, droit des assurances sociales, logement, homes.Santé.Urgences, ambulances",1
FR,1998,Economie.Développement économiques dans les régions de montagne,1
FR,1999,Etat.Communes.Fusions communales,1
FR,1999,Etat.Professions juridiques.Avocats.Assistance judiciaire,1
FR,1999,"Enseignement, sciences, documentation et culture.Degré tertiaire: Hautes écoles.Pédagogie",2
FR,1999,"Finances, Impôts, monopoles, entreprises d'état.Finances.Contributions étatiques, subventions",1
FR,1999,"Santé, travail, droit des assurances sociales, logement, homes",1
FR,1999,"Santé, travail, droit des assurances sociales, logement, homes.Santé.Etablissements hospitaliers, cliniques.Hôpitaux cantonaux",1
FR,1999,Economie,1
FR,2000,"Finances, Impôts, monopoles, entreprises d'état.Impôts.Impôts sur le revenu et la fortune / impôts sur les bénéfices et les capitaux.Impôt cantonal",1
FR,2000,"Aménagement du territoire et constructions, expropriation, travaux publics, énergie, transports, environnement",1
FR,2000,"Aménagement du territoire et constructions, expropriation, travaux publics, énergie, transports, environnement.Energie.Electricité",1
FR,2000,"Santé, travail, droit des assurances sociales, logement, homes.Assistance.Homes.Etablissements pour personnes âgées",1
FR,2000,Economie,1
FR,2001,Etat,3
FR,2001,"Etat.Dispositions générales.Droits fondamentaux, droits politiques.droits politiques.Elections et votations",1
FR,2001,Droit civil.Dispositions générales d'introduction du code des obligations.Droit commercial.Registre du commerce,1
FR,2001,"Enseignement, sciences, documentation et culture",1
FR,2001,"Enseignement, sciences, documentation et culture.Degré tertiaire: Hautes écoles.Economie",1
FR,2001,Economie.Arts et métiers.Services.Jeux de hasard et loteries.Maisons de jeu,1
FR,2002,Etat,2
FR,2003,Etat.Dispositions générales.Etablissement et séjour.Etablissement et séjour des étrangers.asile,1
FR,2003,"Etat.Dispositions générales.Droits fondamentaux, droits politiques.égalité entre hommes et femmes",2
FR,2003,"Droit civil.Dispositions d'introduction du code civil.Droits réels.Registre foncier, mensurations cadastrales",1
FR,2003,"Enseignement, sciences, documentation et culture.Degré prescolaire, école primaire, degré secondaire I.Ecole enfantine",1
FR,2003,"Aménagement du territoire et constructions, expropriation, travaux publics, énergie, transports, environnement.Energie.Electricité",1
FR,2003,Economie.Agriculture.Assurances des animaux,1
FR,2004,Etat,1
FR,2004,Etat.Autorités.Gouvernement et administration.Gouvernement.Pensions,1
FR,2004,Etat.Autorités.Protection des données,1
FR,2004,Droit civil,1
FR,2004,"Défense nationale, protection de la population, police",1
FR,2005,Etat.Autorités.Parlement.Election du parlement,1
FR,2005,Etat.Professions juridiques.Notaires.Légalisation,1
FR,2005,"Enseignement, sciences, documentation et culture.Degré tertiaire: Hautes écoles.Etudes sociales",1
FR,2005,"Finances, Impôts, monopoles, entreprises d'état.Impôts.Impôts sur le revenu et la fortune / impôts sur les bénéfices et les capitaux.Impôt cantonal",1
FR,2005,"Santé, travail, droit des assurances sociales, logement, homes.Santé.Soins à domicile",1
FR,2005,Economie.Arts et métiers.Services.Tourisme,1
FR,2006,Etat,1
FR,2006,"Droit civil.Dispositions d'introduction du code civil.Droit des personnes, état civil.Partenariat enregistré",1
FR,2006,"Enseignement, sciences, documentation et culture.Documentation.Statistique",1
FR,2006,"Défense nationale, protection de la population, police.Sécurité intérieure.Maintien de la tranquillité et de l'ordre public.Chiens, animaux dangereux",1
FR,2006,"Santé, travail, droit des assurances sociales, logement, homes.Assistance.Protection de la jeunesse, aide à la jeunesse",1
FR,2006,Economie,1
FR,2007,"Etat.Autorités.Organisation judiciaire.Autorités judiciaires.Cours supérieures, tribunaux fédéraux",1
FR,2007,Etat.Autorités.Organisation judiciaire.Personnel des tribunaux,1
FR,2007,"Enseignement, sciences, documentation et culture.Assurance de la qualité, surveillance, direction.Matériel scolaire",1
FR,2007,"Défense nationale, protection de la population, police",1
FR,2007,"Finances, Impôts, monopoles, entreprises d'état",1
FR,2008,"Enseignement, sciences, documentation et culture.Pédagogie spécialisée.Logopédie",1
FR,2008,Economie.Agriculture.Droit foncier rural,1
FR,2009,Etat.Dispositions générales.Collaboration intercantonale,1
FR,2009,Etat.Dispositions générales.Information du public,1
FR,2009,"Enseignement, sciences, documentation et culture.Art, culture, sport.Sport",1
FR,2010,Etat.Communes.Fusions communales,1
FR,2010,"Enseignement, sciences, documentation et culture.Sport scolaire",1
FR,2010,"Santé, travail, droit des assurances sociales, logement, homes",1
FR,2010,Economie.Arts et métiers.Services.Prostitution,1
FR,2011,Etat.Dispositions générales.Etablissement et séjour.Etablissement et séjour des étrangers.intégration,1
FR,2011,"Aménagement du territoire et constructions, expropriation, travaux publics, énergie, transports, environnement",1
FR,2011,"Santé, travail, droit des assurances sociales, logement, homes",2
FR,2011,Economie.Commerce.Commerce extérieur,1
FR,2012,"Droit civil.Dispositions d'introduction du code civil.Droits réels.Registre foncier, mensurations cadastrales",1
FR,2012,"Défense nationale, protection de la population, police.Protection de la population.Approvisionnement du pays",1
FR,2012,"Aménagement du territoire et constructions, expropriation, travaux publics, énergie, transports, environnement.Protection de la nature et du paysage.Protection du paysage",1
FR,2014,"Enseignement, sciences, documentation et culture",2
FR,2015,"Etat.Autorités.Ombudsman, médiateur",1
FR,2015,"Enseignement, sciences, documentation et culture.Documentation.Archives",1
FR,2015,"Enseignement, sciences, documentation et culture.Art, culture, sport.Encouragement à la culture",1
FR,2016,Etat,1
FR,2016,Etat.Autorités.Informatique.E-Government,2
FR,2016,Droit pénal,1
FR,2016,"Santé, travail, droit des assurances sociales, logement, homes.Santé.Soins à domicile",2
FR,2017,Etat,1
FR,2018,Etat.Dispositions générales.Territoire.Frontières,1
FR,2018,Etat.Communes.Finances communales,1
FR,2018,"Finances, Impôts, monopoles, entreprises d'état",1
FR,2019,Economie.Promotion de l'économie,1
FR,2020,"Etat.Dispositions générales.Droits fondamentaux, droits politiques.droits politiques.Financement de la politique, transparence",1
FR,2020,"Santé, travail, droit des assurances sociales, logement, homes.Santé.Lutte contre les maladies.Epidémies, pandémies",3
FR,2021,Droit civil.Procédure civile.Exécution,1
FR,2021,"Défense nationale, protection de la population, police.Protection de la population.Protection contre les incendies / éléments naturels.Protection contre les incendies",1
FR,2022,"Finances, Impôts, monopoles, entreprises d'état.Impôts.Impôts sur le revenu et la fortune / impôts sur les bénéfices et les capitaux.Coefficient d'impôt",1
FR,2022,"Santé, travail, droit des assurances sociales, logement, homes.Santé.Lutte contre les maladies.Epidémies, pandémies",1
FR,2023,"Santé, travail, droit des assurances sociales, logement, homes",1
FR,2024,"Santé, travail, droit des assurances sociales, logement, homes",1
FR,2025,"Santé, travail, droit des assurances sociales, logement, homes.Santé.Professions médicales.Personnel soignant",1
GE,1803,Etat,1
GE,1815,Etat.Dispositions générales.Armoiries,1
GE,1817,"Finances, Impôts, monopoles, entreprises d'état",1
GE,1841,"Finances, Impôts, monopoles, entreprises d'état.Impôts.Droits de mutation",1
GE,1849,Droit civil.Dispositions d'introduction du code civil.Droits réels.Acquisitions des terrains par des personnes domiciliées à l'étranger,1
GE,1856,"Economie.Arts et métiers.Services.Institutions de crédit / assurances.Banques, bourses",1
GE,1861,Droit pénal,1
GE,1872,"Enseignement, sciences, documentation et culture",1
GE,1875,"Enseignement, sciences, documentation et culture",1
GE,1876,"Santé, travail, droit des assurances sociales, logement, homes.Santé.Hygiène.Inhumations, cimetières",1
GE,1878,"Santé, travail, droit des assurances sociales, logement, homes.Santé.Prévention des accidents",1
GE,1881,Etat.Dispositions générales.Etablissement et séjour.Etablissement et séjour Suisses.contrôle des habitants,1
GE,1886,"Enseignement, sciences, documentation et culture.Sciences, recherche",1
GE,1887,"Finances, Impôts, monopoles, entreprises d'état",1
GE,1899,"Défense nationale, protection de la population, police.Protection de la population.Protection contre les incendies / éléments naturels.Protection contre le feu, pompiers",1
GE,1899,"Aménagement du territoire et constructions, expropriation, travaux publics, énergie, transports, environnement.Protection de l'environnement.Substances dangereuses pour l'environnement",1
GE,1902,"Droit civil.Procédure civile.Emoluments, frais",1
GE,1907,"Santé, travail, droit des assurances sociales, logement, homes.Droit du travail.Employés.Sécurité",1
GE,1908,"Défense nationale, protection de la population, police.Sécurité intérieure.Police.Transports de police",1
GE,1912,Droit pénal,1
GE,1919,Etat.Autorités.Organisation judiciaire.Rémunération et indemnités des juges,1
GE,1923,Economie.Arts et métiers.Services.Professions soumises à autorisation,1
GE,1927,Etat.Professions juridiques.Notaires.Agents d'affaires,1
GE,1927,"Enseignement, sciences, documentation et culture.Degré tertiaire: universités.Faculté de théologie",1
GE,1929,"Finances, Impôts, monopoles, entreprises d'état",1
GE,1929,"Aménagement du territoire et constructions, expropriation, travaux publics, énergie, transports, environnement",1
GE,1930,"Santé, travail, droit des assurances sociales, logement, homes",1
GE,1933,"Aménagement du territoire et constructions, expropriation, travaux publics, énergie, transports, environnement.Expropriation",1
GE,1934,"Défense nationale, protection de la population, police",1
GE,1938,Economie.Agriculture.Epizooties,1
GE,1941,Droit pénal,2
GE,1941,Droit pénal.Exécution des peines et des mesures.Patronage,1
GE,1943,Etat.Dispositions générales.Publications officielles.feuilles officielles,1
GE,1945,"Finances, Impôts, monopoles, entreprises d'état.Impôts.Impôts sur le revenu et la fortune / impôts sur les bénéfices et les capitaux.Impôt ecclésiastique",1
GE,1946,Economie,1
GE,1950,Economie,1
GE,1951,"Santé, travail, droit des assurances sociales, logement, homes.Droit du travail.Employés.Dimanches et jours fériés",1
GE,1952,"Santé, travail, droit des assurances sociales, logement, homes.Droit du travail.Marché du travail.Lutte contre les crises, réserves de crise bénéficiant d'allégements fiscaux",1
GE,1953,Droit pénal,1
GE,1956,Etat,1
GE,1957,"Défense nationale, protection de la population, police",1
GE,1957,"Aménagement du territoire et constructions, expropriation, travaux publics, énergie, transports, environnement.Aménagement du territoire et constructions.Zones",1
GE,1957,Economie.Commerce.Surveillance des prix,1
GE,1958,Etat,1
GE,1958,"Enseignement, sciences, documentation et culture.Sciences, recherche",1
GE,1958,"Santé, travail, droit des assurances sociales, logement, homes.Assistance.Protection de la jeunesse, aide à la jeunesse",2
GE,1958,Economie.Agriculture.Production animale.Commerce du bétail,1
GE,1959,"Finances, Impôts, monopoles, entreprises d'état.Impôts.Interdiction des arrangements fiscaux",1
GE,1960,"Enseignement, sciences, documentation et culture",1
GE,1960,"Finances, Impôts, monopoles, entreprises d'état.Impôts.Impôts sur les successions et les donations",1
GE,1961,Etat,1
GE,1961,Etat.Autorités.Gouvernement et administration.Administration.Commissions,1
GE,1961,"Défense nationale, protection de la population, police.Défense.Taxe d'exemption",1
GE,1961,"Aménagement du territoire et constructions, expropriation, travaux publics, énergie, transports, environnement.Travaux publics.Bâtiments et terrains publics",1
GE,1961,"Santé, travail, droit des assurances sociales, logement, homes.Logement.Mesures d'encouragement à la construction de logements",1
GE,1962,"Santé, travail, droit des assurances sociales, logement, homes.Droit des assurances sociales.Allocations familiales.Travailleurs agricoles",1
GE,1963,"Etat.Dispositions générales.Droits fondamentaux, droits politiques.droits politiques.Récusation, incompatibilité",1
GE,1963,Etat.Autorités.Délais,1
GE,1964,"Aménagement du territoire et constructions, expropriation, travaux publics, énergie, transports, environnement.Transports.Circulation routière.Police de la circulation",1
GE,1965,Etat.Autorités.Gouvernement et administration.Administration.Commissions,1
GE,1965,Etat.Autorités.Gouvernement et administration.Droit du personnel.Serment,1
GE,1965,"Aménagement du territoire et constructions, expropriation, travaux publics, énergie, transports, environnement.Aménagement du territoire et constructions.Remembrements",1
GE,1965,"Santé, travail, droit des assurances sociales, logement, homes.Droit des assurances sociales.Prestations complémentaires",2
GE,1965,"Santé, travail, droit des assurances sociales, logement, homes.Assistance.Conseil aux femmes enceintes",1
GE,1965,Economie.Agriculture.Formation agricole.Ecole agricole,1
GE,1967,"Aménagement du territoire et constructions, expropriation, travaux publics, énergie, transports, environnement",1
GE,1967,"Santé, travail, droit des assurances sociales, logement, homes.Logement.Mesures d'encouragement à la construction de logements",1
GE,1967,Economie,1
GE,1968,"Etat.Autorités.Organisation judiciaire.Autorités judiciaires.Tribunaux de district / d'arrondissement, juges de paix",1
GE,1968,"Finances, Impôts, monopoles, entreprises d'état.Monopoles, régales, entreprises d'état.Régale des sels",1
GE,1968,"Santé, travail, droit des assurances sociales, logement, homes.Droit des assurances sociales.Prestations complémentaires",2
GE,1968,Economie.Commerce.Horaires de fermeture des magasins,1
GE,1969,"Finances, Impôts, monopoles, entreprises d'état",1
GE,1969,"Santé, travail, droit des assurances sociales, logement, homes.Logement.Mesures d'encouragement à la construction de logements",1
GE,1970,Droit civil.Arbitrage,1
GE,1971,"Enseignement, sciences, documentation et culture.Assurance de la qualité, surveillance, direction.Coordination",1
GE,1971,"Finances, Impôts, monopoles, entreprises d'état.Finances.Contributions étatiques, subventions",1
GE,1973,"Etat.Autorités.Gouvernement et administration.Droit du personnel.Traitements, indemnités",1
GE,1973,Droit pénal.Droit pénal des mineurs et procédure pénale des mineurs,1
GE,1973,"Enseignement, sciences, documentation et culture",1
GE,1973,"Finances, Impôts, monopoles, entreprises d'état",1
GE,1973,"Aménagement du territoire et constructions, expropriation, travaux publics, énergie, transports, environnement",1
GE,1974,"Finances, Impôts, monopoles, entreprises d'état.Monopoles, régales, entreprises d'état.Régale des sels",1
GE,1975,Droit civil.Procédure civile.Entraide judiciaire,1
GE,1975,Droit pénal.Droit pénal des mineurs et procédure pénale des mineurs,1
GE,1975,"Aménagement du territoire et constructions, expropriation, travaux publics, énergie, transports, environnement",1
GE,1975,Economie,1
GE,1976,Etat.Autorités.Gouvernement et administration.Gouvernement.Indemnités,1
GE,1976,"Aménagement du territoire et constructions, expropriation, travaux publics, énergie, transports, environnement.Protection de la nature et du paysage.Protection des monuments et des biens culturels",1
GE,1977,"Etat.Autorités.Organisation judiciaire.Autorités judiciaires.Prud'hommes, Tribunaux des baux à loyer",1
GE,1977,Droit pénal.Procédure pénale.Codes de procédure pénale,1
GE,1977,Droit pénal.Casier judiciaire.Certificats de bonne conduite,1
GE,1977,"Finances, Impôts, monopoles, entreprises d'état",1
GE,1977,"Aménagement du territoire et constructions, expropriation, travaux publics, énergie, transports, environnement.Travaux publics.Routes.Routes nationales",1
GE,1977,"Aménagement du territoire et constructions, expropriation, travaux publics, énergie, transports, environnement.Protection de la nature et du paysage.Protection du paysage",1
GE,1977,"Santé, travail, droit des assurances sociales, logement, homes.Assistance.Avances sur les pensions alimentaires",1
GE,1977,Economie,1
GE,1978,"Aménagement du territoire et constructions, expropriation, travaux publics, énergie, transports, environnement",1
GE,1978,"Santé, travail, droit des assurances sociales, logement, homes.Santé.Lutte contre les maladies.Epidémies, pandémies",1
GE,1979,"Etat.Autorités.Gouvernement et administration.Droit du personnel.Pensions, prestations d'assurance",1
GE,1979,"Droit civil.Dispositions d'introduction du code civil.Droits réels.Registre foncier, mensurations cadastrales",1
GE,1979,"Santé, travail, droit des assurances sociales, logement, homes.Santé.Etablissements hospitaliers, cliniques.Cliniques psychiatriques",1
GE,1979,Non classé,1
GE,1980,"Défense nationale, protection de la population, police",1
GE,1980,"Santé, travail, droit des assurances sociales, logement, homes",1
GE,1980,"Santé, travail, droit des assurances sociales, logement, homes.Assistance.Aide sociale",1
GE,1981,Etat.Autorités.Protection des données,1
GE,1981,Droit civil.Procédure civile.Exécution,1
GE,1981,"Défense nationale, protection de la population, police.Protection de la population.Protection contre les incendies / éléments naturels.Ramoneurs",1
GE,1982,Economie.Arts et métiers.Services.Professions soumises à autorisation,1
GE,1982,Non classé,1
GE,1983,Droit civil.Dispositions générales d'introduction du code des obligations.Des divers contrats.Enchères,1
GE,1983,"Défense nationale, protection de la population, police",1
GE,1983,"Santé, travail, droit des assurances sociales, logement, homes.Droit des assurances sociales.LAA",1
GE,1983,"Santé, travail, droit des assurances sociales, logement, homes.Droit des assurances sociales.Assurance-chômage",1
GE,1984,Etat,1
GE,1984,Droit pénal.Exécution des peines et des mesures.Etablissements.Personnel,1
GE,1984,"Enseignement, sciences, documentation et culture.Art, culture, sport.Sport",1
GE,1984,"Finances, Impôts, monopoles, entreprises d'état.Impôts.Impôts sur les successions et les donations",1
GE,1984,"Aménagement du territoire et constructions, expropriation, travaux publics, énergie, transports, environnement.Aménagement du territoire et constructions.Zones",1
GE,1984,"Aménagement du territoire et constructions, expropriation, travaux publics, énergie, transports, environnement.Travaux publics.Aménagement des eaux.Corrections des eaux / Protection contre les crues",1
GE,1984,"Santé, travail, droit des assurances sociales, logement, homes.Assistance.Personnes handicapés.Ateliers protégés",1
GE,1984,Economie.Arts et métiers.Services.Professions soumises à autorisation,1
GE,1985,Etat,1
GE,1985,Etat.Autorités.Gouvernement et administration.Procédure administrative,1
GE,1985,"Enseignement, sciences, documentation et culture",1
GE,1985,"Santé, travail, droit des assurances sociales, logement, homes.Assistance.Personnes handicapés.Ateliers protégés",1
GE,1986,Droit civil.Dispositions d'introduction du code civil.Droits réels.Acquisitions des terrains par des personnes domiciliées à l'étranger,1
GE,1986,Droit pénal,1
GE,1986,"Aménagement du territoire et constructions, expropriation, travaux publics, énergie, transports, environnement",1
GE,1987,Etat.Dispositions générales.Etablissement et séjour.Etablissement et séjour des étrangers.asile,1
GE,1987,Droit pénal,1
GE,1987,"Aménagement du territoire et constructions, expropriation, travaux publics, énergie, transports, environnement",3
GE,1987,"Santé, travail, droit des assurances sociales, logement, homes.Santé.Etablissements hospitaliers, cliniques.Droits des patients",1
GE,1987,Economie,1
GE,1987,Economie.Agriculture.Améliorations foncières,1
GE,1988,Etat.Dispositions générales.Etablissement et séjour.Etablissement et séjour des étrangers.mesures de contrainte,1
GE,1988,Droit civil.Dispositions générales d'introduction du code des obligations.Des divers contrats.Bail à loyer et à ferme.Bail à ferme agricole,1
GE,1988,Droit pénal,1
GE,1988,Droit pénal.Procédure pénale.Médecine légale,1
GE,1988,"Défense nationale, protection de la population, police",2
GE,1988,"Aménagement du territoire et constructions, expropriation, travaux publics, énergie, transports, environnement",1
GE,1988,"Santé, travail, droit des assurances sociales, logement, homes.Droit du travail.Marché du travail.Lutte contre les crises, réserves de crise bénéficiant d'allégements fiscaux",1
GE,1988,Economie,1
GE,1989,Etat.Autorités.Responsabilité de l'état,1
GE,1989,"Droit civil.Dispositions d'introduction du code civil.Droit de la famille.Accueil familial, adoption",1
GE,1989,"Enseignement, sciences, documentation et culture.Contributions à la formation.Bourses d'études",1
GE,1989,"Aménagement du territoire et constructions, expropriation, travaux publics, énergie, transports, environnement.Protection de la nature et du paysage.Protection des rives",1
GE,1990,"Défense nationale, protection de la population, police.Protection de la population.Protection contre les incendies / éléments naturels.Protection contre le feu, pompiers",1
GE,1991,Droit civil.Concurrence déloyale / cartels,1
GE,1991,Economie,1
GE,1992,Etat.Dispositions générales.Droit de cité,1
GE,1992,"Enseignement, sciences, documentation et culture",1
GE,1992,"Enseignement, sciences, documentation et culture.Degré tertiaire: universités.Faculté de médecine humaine et vétérinaire",1
GE,1992,"Enseignement, sciences, documentation et culture.Art, culture, sport.Art.Cinéma, théâtre, divertissement",1
GE,1992,"Aménagement du territoire et constructions, expropriation, travaux publics, énergie, transports, environnement.Travaux publics.Bâtiments et terrains publics",1
GE,1992,"Aménagement du territoire et constructions, expropriation, travaux publics, énergie, transports, environnement.Protection de la nature et du paysage.Protection des rives",1
GE,1992,"Santé, travail, droit des assurances sociales, logement, homes.Santé.Soins à domicile",1
GE,1992,"Santé, travail, droit des assurances sociales, logement, homes.Droit du travail.Marché du travail.Service de l'emploi et location de services",1
GE,1992,"Santé, travail, droit des assurances sociales, logement, homes.Droit des assurances sociales.AVS/AI",1
GE,1993,Etat,1
GE,1993,Droit pénal.Procédure pénale.Entraide judiciaire,1
GE,1993,"Enseignement, sciences, documentation et culture.Documentation.Statistique",1
GE,1993,"Défense nationale, protection de la population, police.Sécurité intérieure.Police.Coopération en matière de police",1
GE,1993,"Finances, Impôts, monopoles, entreprises d'état",2
GE,1993,"Finances, Impôts, monopoles, entreprises d'état.Entreprises d'Etat.Banques cantonales",1
GE,1993,"Aménagement du territoire et constructions, expropriation, travaux publics, énergie, transports, environnement.Transports.Navigation aérienne.Aéroports",1
GE,1993,"Aménagement du territoire et constructions, expropriation, travaux publics, énergie, transports, environnement.Protection de la nature et du paysage.Protection des animaux",1
GE,1993,"Santé, travail, droit des assurances sociales, logement, homes.Assistance.Homes.Etablissements pour personnes âgées",1
GE,1993,Economie.Agriculture.Droit foncier rural,1
GE,1993,Economie.Arts et métiers.Services.Tourisme,1
GE,1994,"Etat.Autorités.Gouvernement et administration.Droit du personnel.Pensions, prestations d'assurance",1
GE,1994,Droit pénal,1
GE,1994,"Enseignement, sciences, documentation et culture",1
GE,1994,"Enseignement, sciences, documentation et culture.Formation continue (Degré quaternaire).Formation des adultes",1
GE,1994,"Enseignement, sciences, documentation et culture.Pédagogie spécialisée.Ecoles spécialisées",1
GE,1994,"Finances, Impôts, monopoles, entreprises d'état",1
GE,1994,"Finances, Impôts, monopoles, entreprises d'état.Impôts.Impôts sur le revenu et la fortune / impôts sur les bénéfices et les capitaux.Impôt à la source",1
GE,1994,"Santé, travail, droit des assurances sociales, logement, homes.Droit des assurances sociales.Assurance-chômage",1
GE,1995,Etat.Dispositions générales.Procédure législative,1
GE,1995,"Etat.Autorités.Gouvernement et administration.Droit du personnel.Pensions, prestations d'assurance",1
GE,1995,"Finances, Impôts, monopoles, entreprises d'état",1
GE,1995,"Finances, Impôts, monopoles, entreprises d'état.Impôts.Impôts sur les successions et les donations",1
GE,1995,"Aménagement du territoire et constructions, expropriation, travaux publics, énergie, transports, environnement.Protection de la nature et du paysage.Protection de la nature",1
GE,1995,"Aménagement du territoire et constructions, expropriation, travaux publics, énergie, transports, environnement.Protection de la nature et du paysage.Protection des rives",1
GE,1995,"Santé, travail, droit des assurances sociales, logement, homes",1
GE,1995,Non classé,1
GE,1996,"Enseignement, sciences, documentation et culture.Art, culture, sport.Encouragement à la culture",1
GE,1996,"Défense nationale, protection de la population, police",2
GE,1996,"Santé, travail, droit des assurances sociales, logement, homes",1
GE,1996,"Santé, travail, droit des assurances sociales, logement, homes.Santé.Etique",1
GE,1997,Etat,1
GE,1997,Droit pénal,1
GE,1997,"Aménagement du territoire et constructions, expropriation, travaux publics, énergie, transports, environnement.Travaux publics.Marchés publics",1
GE,1997,"Santé, travail, droit des assurances sociales, logement, homes",2
GE,1997,"Santé, travail, droit des assurances sociales, logement, homes.Logement.Mesures d'encouragement à la construction de logements",1
GE,1997,"Santé, travail, droit des assurances sociales, logement, homes.Assistance.Homes.Etablissements pour personnes âgées",1
GE,1997,Economie,1
GE,1997,Economie.Promotion de l'économie,1
GE,1998,"Etat.Dispositions générales.Droits fondamentaux, droits politiques.égalité entre hommes et femmes",1
GE,1998,"Enseignement, sciences, documentation et culture",3
GE,1998,"Aménagement du territoire et constructions, expropriation, travaux publics, énergie, transports, environnement",1
GE,1998,"Aménagement du territoire et constructions, expropriation, travaux publics, énergie, transports, environnement.Travaux publics.Routes.Chemins pédestres et de randonnée",1
GE,1998,"Santé, travail, droit des assurances sociales, logement, homes.Assistance.Protection de la jeunesse, aide à la jeunesse",1
GE,1999,"Etat.Autorités.Organisation judiciaire.Autorités judiciaires.Prud'hommes, Tribunaux des baux à loyer",1
GE,1999,"Enseignement, sciences, documentation et culture",2
GE,1999,"Enseignement, sciences, documentation et culture.Assurance de la qualité, surveillance, direction.Coordination",1
GE,1999,"Défense nationale, protection de la population, police.Sécurité intérieure.Entreprises de sécurité",1
GE,1999,"Finances, Impôts, monopoles, entreprises d'état",1
GE,1999,"Finances, Impôts, monopoles, entreprises d'état.Finances.Contributions étatiques, subventions",1
GE,1999,"Finances, Impôts, monopoles, entreprises d'état.Monopoles, régales, entreprises d'état.Mines",1
GE,1999,"Aménagement du territoire et constructions, expropriation, travaux publics, énergie, transports, environnement.Protection de l'environnement.Déchets",1
GE,1999,"Aménagement du territoire et constructions, expropriation, travaux publics, énergie, transports, environnement.Protection de la nature et du paysage.Protection de la nature",1
GE,1999,"Santé, travail, droit des assurances sociales, logement, homes",1
GE,1999,"Santé, travail, droit des assurances sociales, logement, homes.Santé.Urgences, ambulances",1
GE,1999,"Santé, travail, droit des assurances sociales, logement, homes.Droit du travail.Offices de conciliation",1
GE,1999,Economie,1
GE,2000,Etat,1
GE,2000,"Enseignement, sciences, documentation et culture.Formation continue (Degré quaternaire).Formation des adultes",1
GE,2000,"Enseignement, sciences, documentation et culture.Documentation.Archives",1
GE,2000,"Finances, Impôts, monopoles, entreprises d'état",5
GE,2000,"Aménagement du territoire et constructions, expropriation, travaux publics, énergie, transports, environnement.Aménagement du territoire et constructions.Affichage et publicité",1
GE,2000,Economie.Promotion de l'économie,1
GE,2000,Economie.Agriculture.Culture des plantes.Vignoble,1
GE,2001,Etat,1
GE,2001,Etat.Dispositions générales.Collaboration intercantonale,1
GE,2001,Etat.Dispositions générales.Etablissement et séjour.Etablissement et séjour des étrangers.intégration,1
GE,2001,Etat.Dispositions générales.Information du public,1
GE,2001,"Droit civil.Dispositions d'introduction du code civil.Droit des personnes, état civil.Partenariat enregistré",1
GE,2001,"Enseignement, sciences, documentation et culture.Degré tertiaire: Hautes écoles.Etudes sociales",1
GE,2001,"Finances, Impôts, monopoles, entreprises d'état",2
GE,2001,"Finances, Impôts, monopoles, entreprises d'état.Monopoles, régales, entreprises d'état.Pêche.Zones de pêche",1
GE,2001,"Aménagement du territoire et constructions, expropriation, travaux publics, énergie, transports, environnement.Aménagement du territoire et constructions.Places de parking",1
GE,2001,"Santé, travail, droit des assurances sociales, logement, homes",1
GE,2001,"Santé, travail, droit des assurances sociales, logement, homes.Santé.Soins à domicile",1
GE,2001,"Economie.Commerce.Marché intérieur, entraves techniques au commerce",1
GE,2002,Etat.Autorités.Organisation judiciaire.Personnel des tribunaux,1
GE,2002,Droit pénal,1
GE,2002,"Défense nationale, protection de la population, police",1
GE,2002,"Santé, travail, droit des assurances sociales, logement, homes",2
GE,2002,Economie.Agriculture.Crédit agricole,1
GE,2003,Droit civil.Dispositions générales d'introduction du code des obligations.Des divers contrats.Prêt,1
GE,2003,"Enseignement, sciences, documentation et culture.Degré prescolaire, école primaire, degré secondaire I.Crèches",1
GE,2003,"Enseignement, sciences, documentation et culture.Assurance de la qualité, surveillance, direction.Surveillance scolaire",1
GE,2003,"Enseignement, sciences, documentation et culture.Art, culture, sport.Art.Cinéma, théâtre, divertissement",1
GE,2003,"Défense nationale, protection de la population, police.Sécurité intérieure.Maintien de la tranquillité et de l'ordre public.Chiens, animaux dangereux",1
GE,2003,"Aménagement du territoire et constructions, expropriation, travaux publics, énergie, transports, environnement.Protection de la nature et du paysage.Protection des rives",1
GE,2003,"Santé, travail, droit des assurances sociales, logement, homes",2
GE,2004,Etat,1
GE,2004,"Etat.Autorités.Gouvernement et administration.Droit du personnel.Traitements, indemnités",1
GE,2004,Droit civil.Dispositions d'introduction du code civil.Droits réels.Estimation officielle des immeubles,1
GE,2004,"Enseignement, sciences, documentation et culture",2
GE,2004,"Finances, Impôts, monopoles, entreprises d'état",1
GE,2004,"Finances, Impôts, monopoles, entreprises d'état.Finances.Budget, comptes",1
GE,2004,"Finances, Impôts, monopoles, entreprises d'état.Monopoles, régales, entreprises d'état.Alcool",1
GE,2004,"Santé, travail, droit des assurances sociales, logement, homes",1
GE,2004,Economie.Arts et métiers.Services.Jeux de hasard et loteries.Maisons de jeu,1
GE,2004,Non classé,1
GE,2005,"Défense nationale, protection de la population, police",1
GE,2005,"Finances, Impôts, monopoles, entreprises d'état.Finances.Contributions étatiques, subventions",1
GE,2005,"Finances, Impôts, monopoles, entreprises d'état.Finances.Contrôle des finances",1
GE,2005,"Santé, travail, droit des assurances sociales, logement, homes.Droit des assurances sociales.Assurance maternité, contributions financières aux mères",1
GE,2005,"Santé, travail, droit des assurances sociales, logement, homes.Assistance.Aide sociale",1
GE,2005,Economie,2
GE,2005,Economie.Arts et métiers.Services.Taxis,1
GE,2006,Droit civil.Dispositions d'introduction du code civil.Droit de la famille.Privation de liberté à des fins d'assistance,1
GE,2006,Droit pénal.Droit pénal des mineurs et procédure pénale des mineurs,1
GE,2006,"Finances, Impôts, monopoles, entreprises d'état.Finances.Contributions étatiques, subventions",1
GE,2006,"Aménagement du territoire et constructions, expropriation, travaux publics, énergie, transports, environnement.Transports.Transports publics.Transports régionaux",1
GE,2006,"Santé, travail, droit des assurances sociales, logement, homes",1
GE,2006,"Santé, travail, droit des assurances sociales, logement, homes.Santé.Etablissements hospitaliers, cliniques.Droits des patients",1
GE,2006,"Santé, travail, droit des assurances sociales, logement, homes.Assistance.Aide sociale",1
GE,2007,Etat.Autorités.Organisation judiciaire.Rémunération et indemnités des juges,1
GE,2007,"Enseignement, sciences, documentation et culture",1
GE,2007,"Enseignement, sciences, documentation et culture.Degré secondaire II: Formation professionnelle initiale.Orientation professionnelle",1
GE,2007,"Enseignement, sciences, documentation et culture.Pédagogie spécialisée.Ecoles spécialisées",1
GE,2007,"Finances, Impôts, monopoles, entreprises d'état.Finances.Péréquation financière.Coopération intercantonale avec compensation des charges",1
GE,2007,"Santé, travail, droit des assurances sociales, logement, homes",1
GE,2007,"Santé, travail, droit des assurances sociales, logement, homes.Logement.Mesures d'encouragement à la construction de logements",1
GE,2007,"Santé, travail, droit des assurances sociales, logement, homes.Assistance.Aide sociale",1
GE,2007,Non classé,1
GE,2008,"Droit civil.Dispositions d'introduction du code civil.Droit des personnes, état civil.Partenariat enregistré",1
GE,2008,"Enseignement, sciences, documentation et culture",2
GE,2008,"Enseignement, sciences, documentation et culture.Degré prescolaire, école primaire, degré secondaire I.Ecole primaire, degré secondaire I",2
GE,2008,"Enseignement, sciences, documentation et culture.Art, culture, sport.Sport",1
GE,2008,"Défense nationale, protection de la population, police",2
GE,2008,"Défense nationale, protection de la population, police.Sécurité intérieure.Maintien de la tranquillité et de l'ordre public.Domaine public",1
GE,2008,"Finances, Impôts, monopoles, entreprises d'état",1
GE,2008,"Aménagement du territoire et constructions, expropriation, travaux publics, énergie, transports, environnement",1
GE,2008,"Santé, travail, droit des assurances sociales, logement, homes",2
GE,2008,"Santé, travail, droit des assurances sociales, logement, homes.Santé.Soins à domicile",1
GE,2009,Etat.Dispositions générales.Etablissement et séjour.Etablissement et séjour Suisses.contrôle des habitants,1
GE,2009,"Etat.Autorités.Gouvernement et administration.Droit du personnel.Traitements, indemnités",1
GE,2009,Etat.Communes.Finances communales,1
GE,2009,"Enseignement, sciences, documentation et culture.Corps enseignant.Formation",1
GE,2009,"Défense nationale, protection de la population, police.Sécurité intérieure.Police.Personnel",1
GE,2009,"Santé, travail, droit des assurances sociales, logement, homes.Santé.Prévention des dépendances.Interdictions de fumer",1
GE,2009,Non classé,1
GE,2010,Etat.Dispositions générales.Collaboration intercantonale,1
GE,2010,Droit pénal,1
GE,2010,"Enseignement, sciences, documentation et culture",1
GE,2010,"Finances, Impôts, monopoles, entreprises d'état",1
GE,2010,Economie.Promotion de l'économie,1
GE,2010,Economie.Arts et métiers.Services.Prostitution,1
GE,2011,Etat,1
GE,2011,Etat.Dispositions générales.Collaboration intercantonale,1
GE,2011,"Droit civil.Dispositions d'introduction du code civil.Droit des personnes, état civil.Fondations, surveillance.Fondations LPP",1
GE,2011,Droit pénal.Procédure pénale.Aide aux victimes d'infractions,1
GE,2011,"Défense nationale, protection de la population, police.Sécurité intérieure.Police.Personnel",1
GE,2011,"Défense nationale, protection de la population, police.Sécurité intérieure.Police.Coopération en matière de police",1
GE,2011,"Aménagement du territoire et constructions, expropriation, travaux publics, énergie, transports, environnement",1
GE,2011,"Aménagement du territoire et constructions, expropriation, travaux publics, énergie, transports, environnement.Travaux publics.Routes.Chemins pédestres et de randonnée",1
GE,2011,"Aménagement du territoire et constructions, expropriation, travaux publics, énergie, transports, environnement.Transports.Transports publics.Transports ferroviaires",1
GE,2011,"Santé, travail, droit des assurances sociales, logement, homes.Santé.Substances thérapeutiques, stupéfiants",1
GE,2011,"Santé, travail, droit des assurances sociales, logement, homes.Santé.Urgences, ambulances",1
GE,2012,Etat,1
GE,2012,"Etat.Dispositions générales.Droits fondamentaux, droits politiques.égalité entre hommes et femmes",1
GE,2012,"Enseignement, sciences, documentation et culture",1
GE,2012,"Enseignement, sciences, documentation et culture.Contributions à la formation.Bourses d'études",1
GE,2012,"Finances, Impôts, monopoles, entreprises d'état.Finances.Budget, comptes",1
GE,2013,Etat.Dispositions générales.Information du public,1
GE,2013,"Etat.Autorités.Gouvernement et administration.Droit du personnel.Pensions, prestations d'assurance",2
GE,2013,"Enseignement, sciences, documentation et culture.Degré tertiaire: Ecoles supérieures",1
GE,2014,"Enseignement, sciences, documentation et culture",1
GE,2014,"Enseignement, sciences, documentation et culture.Degré tertiaire: Hautes écoles.Pédagogie",1
GE,2014,"Enseignement, sciences, documentation et culture.Art, culture, sport.Sport",1
GE,2014,"Défense nationale, protection de la population, police.Sécurité intérieure.Police.Personnel",1
GE,2014,"Finances, Impôts, monopoles, entreprises d'état.Finances.Contrôle des finances",1
GE,2015,"Etat.Autorités.Ombudsman, médiateur",1
GE,2015,Etat.Communes.Répartition des tâches entre canton et communes,1
GE,2015,"Enseignement, sciences, documentation et culture.Degré prescolaire, école primaire, degré secondaire I.Ecole enfantine",1
GE,2015,"Economie.Arts et métiers.Services.Cinéma, théâtre, divertissement",1
GE,2016,Etat.Autorités.Informatique.E-Government,1
GE,2016,Etat.Communes.Répartition des tâches entre canton et communes,1
GE,2016,Etat.Communes.Fusions communales,1
GE,2016,"Aménagement du territoire et constructions, expropriation, travaux publics, énergie, transports, environnement",1
GE,2016,Economie.Agriculture.Production animale.Commerce du bétail,1
GE,2016,Economie.Arts et métiers.Services.Taxis,1
GE,2017,Etat,1
GE,2017,Etat.Communes.Répartition des tâches entre canton et communes,2
GE,2017,"Enseignement, sciences, documentation et culture",2
GE,2017,"Finances, Impôts, monopoles, entreprises d'état.Monopoles, régales, entreprises d'état.Mines",1
GE,2018,Etat,1
GE,2018,"Santé, travail, droit des assurances sociales, logement, homes.Assistance.Protection de la jeunesse, aide à la jeunesse",1
GE,2019,Etat.Communes.Finances communales,1
GE,2019,Droit pénal.Procédure pénale.Aide aux victimes d'infractions,1
GE,2019,"Enseignement, sciences, documentation et culture.Degré prescolaire, école primaire, degré secondaire I.Crèches",1
GE,2019,"Enseignement, sciences, documentation et culture.Degré prescolaire, école primaire, degré secondaire I.Ecole enfantine",1
GE,2019,"Défense nationale, protection de la population, police",1
GE,2019,"Finances, Impôts, monopoles, entreprises d'état",1
GE,2019,"Aménagement du territoire et constructions, expropriation, travaux publics, énergie, transports, environnement.Travaux publics.Routes.Routes nationales",1
GE,2019,Economie.Arts et métiers.Services.Jeux de hasard et loteries.Maisons de jeu,1
GE,2020,"Finances, Impôts, monopoles, entreprises d'état.Monopoles, régales, entreprises d'état.Alcool",1
GE,2020,Economie,3
GE,2021,Etat,1
GE,2021,"Santé, travail, droit des assurances sociales, logement, homes.Santé.Soins à domicile",1
GE,2021,"Santé, travail, droit des assurances sociales, logement, homes.Assistance.Aide sociale",1
GE,2023,Etat,2
GE,2023,"Etat.Autorités.Ombudsman, médiateur",1
GE,2023,Droit pénal.Procédure pénale.Aide aux victimes d'infractions,1
GE,2023,"Défense nationale, protection de la population, police",1
GE,2023,"Aménagement du territoire et constructions, expropriation, travaux publics, énergie, transports, environnement",1
GE,2023,"Santé, travail, droit des assurances sociales, logement, homes",1
GE,2023,"Santé, travail, droit des assurances sociales, logement, homes.Assistance.Aide sociale",1
GE,2024,"Droit civil.Dispositions d'introduction du code civil.Droits réels.Registre foncier, mensurations cadastrales",1
GE,2024,"Aménagement du territoire et constructions, expropriation, travaux publics, énergie, transports, environnement",1
GE,2025,"Finances, Impôts, monopoles, entreprises d'état.Finances.Contributions étatiques, subventions",1
GE,2025,"Aménagement du territoire et constructions, expropriation, travaux publics, énergie, transports, environnement.Energie.Forces hydrauliques",1
GE,2026,"Enseignement, sciences, documentation et culture.Art, culture, sport.Art.Cinéma, théâtre, divertissement",1
GE,2026,"Défense nationale, protection de la population, police",1
GE,2026,"Aménagement du territoire et constructions, expropriation, travaux publics, énergie, transports, environnement",1
GE,2026,"Santé, travail, droit des assurances sociales, logement, homes.Santé.Hygiène.Piscines",1
GL,1835,Etat,1
GL,1877,Etat.Autorités.Gouvernement et administration.Droit du personnel.Serment,1
GL,1879,Droit civil.Dispositions d'introduction du code civil.Droits réels.Estimation officielle des immeubles,1
GL,1893,"Finances, Impôts, monopoles, entreprises d'état.Monopoles, régales, entreprises d'état.Mines",1
GL,1900,"Santé, travail, droit des assurances sociales, logement, homes.Santé.Etablissements hospitaliers, cliniques.Cliniques psychiatriques",1
GL,1911,Droit pénal,1
GL,1922,Economie,1
GL,1923,Droit pénal,1
GL,1946,Etat,1
GL,1948,"Santé, travail, droit des assurances sociales, logement, homes.Droit du travail.Offices de conciliation",1
GL,1948,"Santé, travail, droit des assurances sociales, logement, homes.Droit des assurances sociales.AVS/AI",1
GL,1950,"Santé, travail, droit des assurances sociales, logement, homes.Droit des assurances sociales.Assurance militaire",1
GL,1951,"Santé, travail, droit des assurances sociales, logement, homes.Santé.Substances thérapeutiques, stupéfiants",1
GL,1951,"Santé, travail, droit des assurances sociales, logement, homes.Droit du travail.Marché du travail.Lutte contre les crises, réserves de crise bénéficiant d'allégements fiscaux",1
GL,1963,"Santé, travail, droit des assurances sociales, logement, homes",1
GL,1964,Etat.Autorités.Délais,1
GL,1964,"Défense nationale, protection de la population, police",1
GL,1965,Droit pénal,1
GL,1965,Droit pénal.Droit pénal des mineurs et procédure pénale des mineurs,1
GL,1965,"Santé, travail, droit des assurances sociales, logement, homes.Logement.Mesures d'encouragement à la construction de logements",1
GL,1966,"Santé, travail, droit des assurances sociales, logement, homes.Droit des assurances sociales.Prestations complémentaires",1
GL,1971,Droit pénal,1
GL,1971,"Enseignement, sciences, documentation et culture",1
GL,1971,"Aménagement du territoire et constructions, expropriation, travaux publics, énergie, transports, environnement",1
GL,1971,Economie,1
GL,1972,"Enseignement, sciences, documentation et culture.Art, culture, sport.Encouragement à la culture",1
GL,1972,"Défense nationale, protection de la population, police.Protection de la population.Approvisionnement du pays",1
GL,1973,Etat,1
GL,1973,"Enseignement, sciences, documentation et culture.Degré prescolaire, école primaire, degré secondaire I.Ecole primaire, degré secondaire I",1
GL,1973,"Enseignement, sciences, documentation et culture.Sport scolaire",1
GL,1973,"Santé, travail, droit des assurances sociales, logement, homes.Droit du travail.Employés.Dimanches et jours fériés",1
GL,1974,"Aménagement du territoire et constructions, expropriation, travaux publics, énergie, transports, environnement",1
GL,1974,"Santé, travail, droit des assurances sociales, logement, homes.Droit des assurances sociales.Allocations familiales.Travailleurs agricoles",1
GL,1977,"Aménagement du territoire et constructions, expropriation, travaux publics, énergie, transports, environnement.Transports.Navigation.Impôts et taxes sur les bateaux",1
GL,1977,Economie.Agriculture.Apiculture,1
GL,1978,Economie.Promotion de l'économie,1
GL,1979,"Enseignement, sciences, documentation et culture.Art, culture, sport.Art.Cinéma, théâtre, divertissement",1
GL,1979,"Aménagement du territoire et constructions, expropriation, travaux publics, énergie, transports, environnement.Transports.Funiculaires, téléphériques, téléskis",1
GL,1979,"Aménagement du territoire et constructions, expropriation, travaux publics, énergie, transports, environnement.Protection de la nature et du paysage.Protection des animaux",1
GL,1980,"Aménagement du territoire et constructions, expropriation, travaux publics, énergie, transports, environnement",1
GL,1981,"Enseignement, sciences, documentation et culture",1
GL,1983,Etat.Dispositions générales.Etablissement et séjour.Etablissement et séjour Suisses.contrôle des habitants,1
GL,1983,"Aménagement du territoire et constructions, expropriation, travaux publics, énergie, transports, environnement",1
GL,1984,"Santé, travail, droit des assurances sociales, logement, homes.Droit des assurances sociales.Assurance-chômage",1
GL,1985,"Aménagement du territoire et constructions, expropriation, travaux publics, énergie, transports, environnement",2
GL,1985,"Aménagement du territoire et constructions, expropriation, travaux publics, énergie, transports, environnement.Protection de la nature et du paysage.Protection des animaux",2
GL,1986,Etat.Autorités.Gouvernement et administration.Procédure administrative,1
GL,1986,Droit civil.Dispositions d'introduction du code civil.Droits réels.Acquisitions des terrains par des personnes domiciliées à l'étranger,1
GL,1987,Droit civil.Dispositions générales d'introduction du code des obligations.Des divers contrats.Bail à loyer et à ferme.Bail à ferme agricole,1
GL,1988,"Aménagement du territoire et constructions, expropriation, travaux publics, énergie, transports, environnement",1
GL,1988,"Santé, travail, droit des assurances sociales, logement, homes.Droit du travail.Marché du travail.Lutte contre les crises, réserves de crise bénéficiant d'allégements fiscaux",1
GL,1989,"Etat.Dispositions générales.Droits fondamentaux, droits politiques.droits politiques.Elections et votations",1
GL,1989,"Santé, travail, droit des assurances sociales, logement, homes",1
GL,1990,Droit pénal,1
GL,1991,Etat.Autorités.Responsabilité de l'état,1
GL,1991,Droit pénal,1
GL,1991,"Santé, travail, droit des assurances sociales, logement, homes.Droit des assurances sociales.Assurance-chômage",1
GL,1991,Economie.Arts et métiers.Services.Tourisme,1
GL,1992,Etat,1
GL,1992,"Santé, travail, droit des assurances sociales, logement, homes.Santé.Prévention des accidents",1
GL,1993,Etat.Dispositions générales.Droit de cité,1
GL,1993,Etat.Communes.Finances communales,2
GL,1993,"Défense nationale, protection de la population, police.Protection de la population.Protection contre les incendies / éléments naturels.Assurances des bâtiments.Assurance contre les dommages causés par les éléments naturels",1
GL,1993,"Santé, travail, droit des assurances sociales, logement, homes.Droit des assurances sociales.AVS/AI",1
GL,1994,Economie.Agriculture.Droit foncier rural,1
GL,1995,Etat.Dispositions générales.Etablissement et séjour.Etablissement et séjour des étrangers.asile,1
GL,1995,"Défense nationale, protection de la population, police.Protection de la population.Protection contre les incendies / éléments naturels.Protection contre le feu, pompiers",1
GL,1995,"Aménagement du territoire et constructions, expropriation, travaux publics, énergie, transports, environnement.Protection de l'environnement.Protection des eaux",1
GL,1995,"Santé, travail, droit des assurances sociales, logement, homes.Droit du travail.Marché du travail.Service de l'emploi et location de services",1
GL,1995,"Santé, travail, droit des assurances sociales, logement, homes.Assistance.Aide sociale",1
GL,1995,Economie,1
GL,1996,"Etat.Dispositions générales.Droits fondamentaux, droits politiques.égalité entre hommes et femmes",1
GL,1996,"Aménagement du territoire et constructions, expropriation, travaux publics, énergie, transports, environnement",1
GL,1996,"Santé, travail, droit des assurances sociales, logement, homes",1
GL,1996,"Santé, travail, droit des assurances sociales, logement, homes.Droit des assurances sociales.LAA",1
GL,1997,Droit pénal,1
GL,1997,"Finances, Impôts, monopoles, entreprises d'état",1
GL,1997,"Aménagement du territoire et constructions, expropriation, travaux publics, énergie, transports, environnement.Travaux publics.Marchés publics",1
GL,1997,"Santé, travail, droit des assurances sociales, logement, homes.Droit des assurances sociales.AVS/AI",1
GL,1998,"Finances, Impôts, monopoles, entreprises d'état.Monopoles, régales, entreprises d'état.Alcool",1
GL,1998,Economie.Développement économiques dans les régions de montagne,1
GL,2000,"Finances, Impôts, monopoles, entreprises d'état",1
GL,2000,"Aménagement du territoire et constructions, expropriation, travaux publics, énergie, transports, environnement",1
GL,2000,Economie,1
GL,2001,Droit pénal,1
GL,2002,Etat,1
GL,2002,Etat.Autorités.Protection des données,1
GL,2002,Droit pénal,1
GL,2003,"Enseignement, sciences, documentation et culture.Documentation.Archives",1
GL,2003,"Finances, Impôts, monopoles, entreprises d'état.Entreprises d'Etat.Banques cantonales",1
GL,2004,Etat,1
GL,2004,"Défense nationale, protection de la population, police",1
GL,2006,"Aménagement du territoire et constructions, expropriation, travaux publics, énergie, transports, environnement",1
GL,2010,"Droit civil.Dispositions d'introduction du code civil.Droits réels.Registre foncier, mensurations cadastrales",1
GL,2010,"Défense nationale, protection de la population, police.Protection de la population.Protection contre les incendies / éléments naturels.Assurances des bâtiments.Assurance contre les dommages causés par les éléments naturels",1
GL,2012,"Défense nationale, protection de la population, police",1
GL,2012,"Défense nationale, protection de la population, police.Protection de la population.Approvisionnement du pays",1
GL,2021,"Santé, travail, droit des assurances sociales, logement, homes.Santé.Soins à domicile",1
GL,2022,Etat.Autorités.Informatique.E-Government,1
GL,2022,"Enseignement, sciences, documentation et culture.Degré prescolaire, école primaire, degré secondaire I.Crèches",1
GL,2026,Etat.Communes.Finances communales,1
GL,2026,"Enseignement, sciences, documentation et culture.Degré prescolaire, école primaire, degré secondaire I.Ecole enfantine",1
GL,2026,"Enseignement, sciences, documentation et culture.Contributions à la formation.Bourses d'études",1
GR,1870,"Aménagement du territoire et constructions, expropriation, travaux publics, énergie, transports, environnement.Travaux publics.Aménagement des eaux.Corrections des eaux / Protection contre les crues",1
GR,1944,Etat.Autorités.Responsabilité de l'état,1
GR,1953,"Aménagement du territoire et constructions, expropriation, travaux publics, énergie, transports, environnement.Transports.Funiculaires, téléphériques, téléskis",1
GR,1956,Droit pénal.Procédure pénale.Codes de procédure pénale,1
GR,1957,"Santé, travail, droit des assurances sociales, logement, homes.Santé.Lutte contre les maladies.Epidémies, pandémies",1
GR,1957,"Santé, travail, droit des assurances sociales, logement, homes.Droit du travail.Offices de conciliation",1
GR,1958,"Finances, Impôts, monopoles, entreprises d'état.Impôts.Impôts sur le revenu et la fortune / impôts sur les bénéfices et les capitaux.Impôt ecclésiastique",1
GR,1958,"Aménagement du territoire et constructions, expropriation, travaux publics, énergie, transports, environnement.Expropriation",1
GR,1959,"Enseignement, sciences, documentation et culture",1
GR,1961,"Finances, Impôts, monopoles, entreprises d'état.Monopoles, régales, entreprises d'état.Régale des sels",1
GR,1962,"Enseignement, sciences, documentation et culture.Degré secondaire II.Ecole moyenne",1
GR,1963,Economie.Agriculture.Formation agricole.Ecole agricole,1
GR,1965,Etat.Autorités.Gouvernement et administration.Gouvernement.Indemnités,1
GR,1965,"Enseignement, sciences, documentation et culture",1
GR,1967,"Etat.Dispositions générales.Droits fondamentaux, droits politiques.droits politiques.Récusation, incompatibilité",1
GR,1970,"Santé, travail, droit des assurances sociales, logement, homes",1
GR,1971,"Santé, travail, droit des assurances sociales, logement, homes.Droit des assurances sociales.Prestations complémentaires",1
GR,1974,Etat,1
GR,1974,"Aménagement du territoire et constructions, expropriation, travaux publics, énergie, transports, environnement.Protection de la nature et du paysage.Protection des plantes",1
GR,1975,Etat.Dispositions générales.Publications officielles.Recueils de législation,1
GR,1976,"Enseignement, sciences, documentation et culture.Formation continue (Degré quaternaire).Formation des adultes",1
GR,1977,"Santé, travail, droit des assurances sociales, logement, homes",1
GR,1978,"Santé, travail, droit des assurances sociales, logement, homes",1
GR,1978,"Santé, travail, droit des assurances sociales, logement, homes.Assistance.Aide sociale",1
GR,1979,"Santé, travail, droit des assurances sociales, logement, homes",1
GR,1979,"Santé, travail, droit des assurances sociales, logement, homes.Assistance.Protection de la jeunesse, aide à la jeunesse",1
GR,1980,"Aménagement du territoire et constructions, expropriation, travaux publics, énergie, transports, environnement.Aménagement du territoire et constructions.Equipement",1
GR,1981,Economie.Agriculture.Améliorations foncières,1
GR,1982,"Enseignement, sciences, documentation et culture",1
GR,1983,Etat,1
GR,1984,"Défense nationale, protection de la population, police.Protection de la population.Protection contre les incendies / éléments naturels.Assurances des bâtiments.Assurance contre les dommages causés par les éléments naturels",1
GR,1984,"Santé, travail, droit des assurances sociales, logement, homes",2
GR,1985,"Santé, travail, droit des assurances sociales, logement, homes.Droit du travail.Employés.Dimanches et jours fériés",1
GR,1985,"Santé, travail, droit des assurances sociales, logement, homes.Logement.Mesures d'encouragement à la construction de logements",1
GR,1986,"Finances, Impôts, monopoles, entreprises d'état",1
GR,1986,"Santé, travail, droit des assurances sociales, logement, homes.Assistance.Aide sociale",1
GR,1987,Droit civil.Dispositions d'introduction du code civil.Droits réels.Acquisitions des terrains par des personnes domiciliées à l'étranger,1
GR,1989,"Etat.Autorités.Organisation judiciaire.Autorités judiciaires.Cours supérieures, tribunaux fédéraux",1
GR,1989,"Défense nationale, protection de la population, police",1
GR,1989,Economie,1
GR,1991,"Enseignement, sciences, documentation et culture.Degré prescolaire, école primaire, degré secondaire I.Ecole enfantine",1
GR,1991,"Santé, travail, droit des assurances sociales, logement, homes.Droit des assurances sociales.Assurance-chômage",1
GR,1991,"Santé, travail, droit des assurances sociales, logement, homes.Droit des assurances sociales.Assurance maternité, contributions financières aux mères",1
GR,1993,Etat.Communes.Finances communales,1
GR,1993,"Finances, Impôts, monopoles, entreprises d'état",1
GR,1993,"Santé, travail, droit des assurances sociales, logement, homes",2
GR,1993,"Santé, travail, droit des assurances sociales, logement, homes.Droit des assurances sociales.AVS/AI",1
GR,1994,Droit civil,1
GR,1994,"Santé, travail, droit des assurances sociales, logement, homes",1
GR,1994,Economie.Agriculture.Mesures d'encouragement,1
GR,1994,Economie.Agriculture.Epizooties,1
GR,1995,"Aménagement du territoire et constructions, expropriation, travaux publics, énergie, transports, environnement.Travaux publics.Aménagement des eaux.Utilisation des eaux",1
GR,1995,"Santé, travail, droit des assurances sociales, logement, homes.Droit des assurances sociales.LAMAL.Réduction des primes",1
GR,1995,Economie,1
GR,1996,Etat.Dispositions générales.Etablissement et séjour.Etablissement et séjour des étrangers.asile,1
GR,1997,"Enseignement, sciences, documentation et culture.Art, culture, sport.Encouragement à la culture",1
GR,1997,"Aménagement du territoire et constructions, expropriation, travaux publics, énergie, transports, environnement.Protection de l'environnement.Protection des eaux",1
GR,1997,"Santé, travail, droit des assurances sociales, logement, homes",1
GR,1998,"Finances, Impôts, monopoles, entreprises d'état.Monopoles, régales, entreprises d'état.Alcool",1
GR,1998,"Finances, Impôts, monopoles, entreprises d'état.Entreprises d'Etat.Banques cantonales",1
GR,1999,Droit civil.Dispositions d'introduction du code civil.Droits réels.Estimation officielle des immeubles,1
GR,2000,"Etat.Dispositions générales.Territoire.Délimitations territoriales, districts",1
GR,2000,"Enseignement, sciences, documentation et culture.Degré prescolaire, école primaire, degré secondaire I.Ecole primaire, degré secondaire I",1
GR,2000,"Santé, travail, droit des assurances sociales, logement, homes",1
GR,2000,Economie,1
GR,2000,Economie.Arts et métiers.Services.Tourisme,1
GR,2000,Economie.Arts et métiers.Services.Jeux de hasard et loteries.Maisons de jeu,1
GR,2001,Etat.Autorités.Protection des données,1
GR,2001,"Santé, travail, droit des assurances sociales, logement, homes",1
GR,2001,"Santé, travail, droit des assurances sociales, logement, homes.Santé.Services psychiatriques",1
GR,2002,"Enseignement, sciences, documentation et culture",1
GR,2003,"Enseignement, sciences, documentation et culture.Degré prescolaire, école primaire, degré secondaire I.Crèches",1
GR,2004,Droit civil,2
GR,2004,"Enseignement, sciences, documentation et culture",1
GR,2004,"Enseignement, sciences, documentation et culture.Degré tertiaire: Hautes écoles.Economie",1
GR,2004,"Défense nationale, protection de la population, police",1
GR,2004,"Aménagement du territoire et constructions, expropriation, travaux publics, énergie, transports, environnement.Travaux publics.Marchés publics",1
GR,2004,"Santé, travail, droit des assurances sociales, logement, homes",2
GR,2004,"Santé, travail, droit des assurances sociales, logement, homes.Droit des assurances sociales.LPP",1
GR,2005,Etat,2
GR,2005,Etat.Dispositions générales.Droit de cité,1
GR,2005,"Etat.Autorités.Gouvernement et administration.Droit du personnel.Pensions, prestations d'assurance",1
GR,2005,"Défense nationale, protection de la population, police.Protection de la population.Approvisionnement du pays",1
GR,2005,"Santé, travail, droit des assurances sociales, logement, homes",1
GR,2005,"Santé, travail, droit des assurances sociales, logement, homes.Droit des assurances sociales.LAA",1
GR,2006,Etat,2
GR,2006,Etat.Autorités.Gouvernement et administration.Procédure administrative,2
GR,2006,Etat.Autorités.Organisation judiciaire.Rémunération et indemnités des juges,1
GR,2006,"Enseignement, sciences, documentation et culture.Art, culture, sport.Encouragement à la culture",1
GR,2006,"Finances, Impôts, monopoles, entreprises d'état.Impôts.Impôts sur le revenu et la fortune / impôts sur les bénéfices et les capitaux.Impôt communal",1
GR,2006,"Santé, travail, droit des assurances sociales, logement, homes",1
GR,2006,Economie,1
GR,2007,"Droit civil.Dispositions d'introduction du code civil.Droit de la famille.Accueil familial, adoption",1
GR,2009,"Aménagement du territoire et constructions, expropriation, travaux publics, énergie, transports, environnement.Energie.Approvisionnement en énergie",1
GR,2009,"Santé, travail, droit des assurances sociales, logement, homes",1
GR,2010,Etat.Dispositions générales.Etablissement et séjour.Etablissement et séjour Suisses.contrôle des habitants,1
GR,2010,"Défense nationale, protection de la population, police.Protection de la population.Protection contre les incendies / éléments naturels.Protection contre les incendies",1
GR,2010,"Santé, travail, droit des assurances sociales, logement, homes.Santé.Substances thérapeutiques, stupéfiants",1
GR,2011,"Droit civil.Dispositions d'introduction du code civil.Droits réels.Registre foncier, mensurations cadastrales",1
GR,2011,"Enseignement, sciences, documentation et culture",1
GR,2011,"Finances, Impôts, monopoles, entreprises d'état.Finances.Budget, comptes",1
GR,2011,"Finances, Impôts, monopoles, entreprises d'état.Finances.Contrôle des finances",1
GR,2014,Droit civil,1
GR,2014,"Enseignement, sciences, documentation et culture.Art, culture, sport.Sport",1
GR,2015,"Enseignement, sciences, documentation et culture.Documentation.Archives",1
GR,2015,"Défense nationale, protection de la population, police",2
GR,2015,Economie.Promotion de l'économie,1
GR,2016,Etat.Dispositions générales.Information du public,1
GR,2016,"Défense nationale, protection de la population, police.Défense.Taxe d'exemption",1
GR,2020,Economie,1
GR,2020,Economie.Promotion de l'économie,1
GR,2021,Etat.Autorités.Parlement.Election du parlement,1
GR,2021,"Aménagement du territoire et constructions, expropriation, travaux publics, énergie, transports, environnement.Travaux publics.Marchés publics",1
GR,2022,"Enseignement, sciences, documentation et culture.Art, culture, sport.Encouragement à la culture",1
GR,2022,"Santé, travail, droit des assurances sociales, logement, homes.Santé.Lutte contre les maladies.Epidémies, pandémies",1
GR,2023,Etat.Autorités.Informatique.E-Government,1
GR,2025,Economie.Promotion de l'économie,1
JU,1946,"Santé, travail, droit des assurances sociales, logement, homes.Droit des assurances sociales.AVS/AI",1
JU,1959,"Santé, travail, droit des assurances sociales, logement, homes.Droit des assurances sociales.AVS/AI",1
JU,1964,"Santé, travail, droit des assurances sociales, logement, homes",1
JU,1978,Etat,6
JU,1978,Etat.Dispositions générales.Droit de cité,2
JU,1978,Etat.Dispositions générales.Etablissement et séjour.Etablissement et séjour Suisses.contrôle des habitants,1
JU,1978,Etat.Autorités.Gouvernement et administration.Procédure administrative,1
JU,1978,Etat.Autorités.Gouvernement et administration.Emoluments administratifs,1
JU,1978,Etat.Autorités.Organisation judiciaire.Personnel des tribunaux,1
JU,1978,Droit civil,4
JU,1978,"Droit civil.Dispositions d'introduction du code civil.Droits réels.Registre foncier, mensurations cadastrales",1
JU,1978,Droit pénal.Droit pénal des mineurs et procédure pénale des mineurs,1
JU,1978,Droit pénal.Amendes d'ordre,1
JU,1978,"Enseignement, sciences, documentation et culture",1
JU,1978,"Enseignement, sciences, documentation et culture.Formation continue (Degré quaternaire).Formation des adultes",1
JU,1978,"Enseignement, sciences, documentation et culture.Corps enseignant.Traitement, indemnités",1
JU,1978,"Enseignement, sciences, documentation et culture.Art, culture, sport.Encouragement à la culture",1
JU,1978,"Défense nationale, protection de la population, police",1
JU,1978,"Défense nationale, protection de la population, police.Protection de la population.Protection contre les incendies / éléments naturels.Protection contre le feu, pompiers",1
JU,1978,"Finances, Impôts, monopoles, entreprises d'état.Impôts.Droits de mutation",1
JU,1978,"Finances, Impôts, monopoles, entreprises d'état.Impôts.Impôts sur les successions et les donations",1
JU,1978,"Finances, Impôts, monopoles, entreprises d'état.Monopoles, régales, entreprises d'état.Mines",1
JU,1978,"Finances, Impôts, monopoles, entreprises d'état.Monopoles, régales, entreprises d'état.Régale des sels",1
JU,1978,"Finances, Impôts, monopoles, entreprises d'état.Entreprises d'Etat.Banques cantonales",1
JU,1978,"Aménagement du territoire et constructions, expropriation, travaux publics, énergie, transports, environnement",2
JU,1978,"Aménagement du territoire et constructions, expropriation, travaux publics, énergie, transports, environnement.Expropriation",1
JU,1978,"Aménagement du territoire et constructions, expropriation, travaux publics, énergie, transports, environnement.Travaux publics.Aménagement des eaux.Corrections des eaux / Protection contre les crues",1
JU,1978,"Aménagement du territoire et constructions, expropriation, travaux publics, énergie, transports, environnement.Travaux publics.Aménagement des eaux.Utilisation des eaux",1
JU,1978,"Aménagement du territoire et constructions, expropriation, travaux publics, énergie, transports, environnement.Transports.Circulation routière.Impôts et taxes de la circulation",1
JU,1978,"Aménagement du territoire et constructions, expropriation, travaux publics, énergie, transports, environnement.Protection de la nature et du paysage.Protection des monuments et des biens culturels",2
JU,1978,"Santé, travail, droit des assurances sociales, logement, homes",1
JU,1978,"Santé, travail, droit des assurances sociales, logement, homes.Droit du travail.Employés.Dimanches et jours fériés",1
JU,1978,"Santé, travail, droit des assurances sociales, logement, homes.Droit du travail.Marché du travail.Lutte contre les crises, réserves de crise bénéficiant d'allégements fiscaux",1
JU,1978,"Santé, travail, droit des assurances sociales, logement, homes.Droit du travail.Offices de conciliation",1
JU,1978,"Santé, travail, droit des assurances sociales, logement, homes.Droit des assurances sociales.Allocations familiales.Travailleurs agricoles",1
JU,1978,Economie,4
JU,1978,Economie.Promotion de l'économie,1
JU,1978,Economie.Agriculture.Assurances des animaux,1
JU,1979,Etat.Dispositions générales.Collaboration intercantonale,1
JU,1979,Etat.Autorités.Gouvernement et administration.Gouvernement.Pensions,1
JU,1980,"Enseignement, sciences, documentation et culture",1
JU,1981,Etat,1
JU,1981,"Etat.Autorités.Gouvernement et administration.Droit du personnel.Pensions, prestations d'assurance",1
JU,1981,"Aménagement du territoire et constructions, expropriation, travaux publics, énergie, transports, environnement.Travaux publics.Routes.Routes nationales",1
JU,1981,"Santé, travail, droit des assurances sociales, logement, homes.Droit des assurances sociales.LAA",1
JU,1982,"Etat.Dispositions générales.Droits fondamentaux, droits politiques.droits politiques.Récusation, incompatibilité",1
JU,1982,Etat.Autorités.Gouvernement et administration.Administration.Directions et offices,2
JU,1982,"Finances, Impôts, monopoles, entreprises d'état.Impôts.Exonération et allégements fiscaux",1
JU,1983,"Etat.Autorités.Organisation judiciaire.Autorités judiciaires.Prud'hommes, Tribunaux des baux à loyer",2
JU,1983,Droit civil.Dispositions d'introduction du code civil.Droits réels.Acquisitions des terrains par des personnes domiciliées à l'étranger,1
JU,1983,"Aménagement du territoire et constructions, expropriation, travaux publics, énergie, transports, environnement.Energie.Energie atomique",1
JU,1984,"Enseignement, sciences, documentation et culture.Degré prescolaire, école primaire, degré secondaire I.Ecole primaire, degré secondaire I",1
JU,1984,"Enseignement, sciences, documentation et culture.Documentation.Archives",1
JU,1985,Droit civil.Dispositions d'introduction du code civil.Droit de la famille.Privation de liberté à des fins d'assistance,1
JU,1985,Droit civil.Dispositions générales d'introduction du code des obligations.Des divers contrats.Bail à loyer et à ferme.Bail à ferme agricole,1
JU,1985,"Enseignement, sciences, documentation et culture.Contributions à la formation.Bourses d'études",1
JU,1985,"Aménagement du territoire et constructions, expropriation, travaux publics, énergie, transports, environnement.Travaux publics.Routes.Chemins pédestres et de randonnée",1
JU,1985,"Santé, travail, droit des assurances sociales, logement, homes.Assistance.Homes.Etablissements pour personnes âgées",1
JU,1987,"Enseignement, sciences, documentation et culture.Art, culture, sport.Sport",1
JU,1988,"Finances, Impôts, monopoles, entreprises d'état",1
JU,1988,"Aménagement du territoire et constructions, expropriation, travaux publics, énergie, transports, environnement",1
JU,1988,"Santé, travail, droit des assurances sociales, logement, homes.Droit du travail.Marché du travail.Lutte contre les crises, réserves de crise bénéficiant d'allégements fiscaux",1
JU,1988,"Santé, travail, droit des assurances sociales, logement, homes.Logement.Mesures d'encouragement à la construction de logements",1
JU,1988,"Santé, travail, droit des assurances sociales, logement, homes.Assistance.Politique familiale, promotion de la famille",1
JU,1989,"Santé, travail, droit des assurances sociales, logement, homes.Droit des assurances sociales.Allocations familiales.Salariés et indépendants",1
JU,1990,Etat,1
JU,1990,Etat.Dispositions générales.Collaboration intercantonale,1
JU,1990,Droit pénal.Procédure pénale.Codes de procédure pénale,1
JU,1990,"Enseignement, sciences, documentation et culture",1
JU,1990,"Enseignement, sciences, documentation et culture.Degré prescolaire, école primaire, degré secondaire I.Ecole enfantine",2
JU,1990,"Aménagement du territoire et constructions, expropriation, travaux publics, énergie, transports, environnement.Transports.Transports publics.Transports ferroviaires",1
JU,1990,"Santé, travail, droit des assurances sociales, logement, homes",1
JU,1990,"Santé, travail, droit des assurances sociales, logement, homes.Santé.Substances thérapeutiques, stupéfiants",1
JU,1990,"Santé, travail, droit des assurances sociales, logement, homes.Droit des assurances sociales.Assurance-chômage",1
JU,1990,Economie.Arts et métiers.Services.Tourisme,1
JU,1994,"Aménagement du territoire et constructions, expropriation, travaux publics, énergie, transports, environnement",1
JU,1994,"Santé, travail, droit des assurances sociales, logement, homes",1
JU,1995,Etat.Dispositions générales.Territoire.Frontières,1
JU,1996,"Etat.Dispositions générales.Territoire.Délimitations territoriales, districts",1
JU,1996,Droit civil,1
JU,1996,"Santé, travail, droit des assurances sociales, logement, homes",1
JU,1998,Etat,1
JU,1998,Etat.Dispositions générales.Etablissement et séjour.Etablissement et séjour des étrangers.mesures de contrainte,1
JU,1998,"Enseignement, sciences, documentation et culture.Art, culture, sport.Art.Cinéma, théâtre, divertissement",1
JU,1998,"Finances, Impôts, monopoles, entreprises d'état.Monopoles, régales, entreprises d'état.Alcool",1
JU,1998,"Aménagement du territoire et constructions, expropriation, travaux publics, énergie, transports, environnement.Travaux publics.Marchés publics",1
JU,1998,"Santé, travail, droit des assurances sociales, logement, homes.Droit des assurances sociales.Prestations complémentaires",1
JU,1998,Economie,1
JU,1999,"Aménagement du territoire et constructions, expropriation, travaux publics, énergie, transports, environnement.Protection de l'environnement.Déchets",1
JU,1999,"Santé, travail, droit des assurances sociales, logement, homes",1
JU,1999,Economie.Développement économiques dans les régions de montagne,1
JU,2000,Etat,1
JU,2000,"Etat.Dispositions générales.Droits fondamentaux, droits politiques.égalité entre hommes et femmes",1
JU,2000,"Enseignement, sciences, documentation et culture.Degré tertiaire: Hautes écoles.Pédagogie",1
JU,2000,"Défense nationale, protection de la population, police.Protection de la population.Protection contre les incendies / éléments naturels.Protection contre le feu, pompiers",1
JU,2000,"Finances, Impôts, monopoles, entreprises d'état",1
JU,2000,"Santé, travail, droit des assurances sociales, logement, homes.Droit des assurances sociales.Assurance-chômage",2
JU,2000,"Santé, travail, droit des assurances sociales, logement, homes.Assistance.Aide sociale",1
JU,2000,"Santé, travail, droit des assurances sociales, logement, homes.Assistance.Avances sur les pensions alimentaires",1
JU,2001,Droit pénal.Procédure pénale.Aide aux victimes d'infractions,1
JU,2001,"Finances, Impôts, monopoles, entreprises d'état.Impôts.Impôts sur les chiens",1
JU,2001,Economie,1
JU,2001,Economie.Agriculture.Mesures d'encouragement,1
JU,2001,Economie.Agriculture.Droit foncier rural,1
JU,2002,Etat.Dispositions générales.Information du public,1
JU,2002,"Défense nationale, protection de la population, police.Sécurité intérieure.Police.Police cantonale",1
JU,2002,"Aménagement du territoire et constructions, expropriation, travaux publics, énergie, transports, environnement.Protection de la nature et du paysage.Protection des animaux",1
JU,2002,Economie.Arts et métiers.Services.Jeux de hasard et loteries.Maisons de jeu,1
JU,2003,Etat,1
JU,2004,"Enseignement, sciences, documentation et culture.Degré secondaire II: Formation professionnelle initiale.Ecoles professionnelles.Enseignement ménager",1
JU,2004,"Finances, Impôts, monopoles, entreprises d'état",1
JU,2004,"Santé, travail, droit des assurances sociales, logement, homes",1
JU,2006,Etat,1
JU,2006,"Droit civil.Dispositions d'introduction du code civil.Droit des personnes, état civil.Partenariat enregistré",1
JU,2006,"Enseignement, sciences, documentation et culture",1
JU,2006,"Enseignement, sciences, documentation et culture.Degré tertiaire: Ecoles supérieures",1
JU,2006,"Santé, travail, droit des assurances sociales, logement, homes.Santé.Etablissements hospitaliers, cliniques.Droits des patients",1
JU,2006,"Santé, travail, droit des assurances sociales, logement, homes.Assistance.Protection de la jeunesse, aide à la jeunesse",1
JU,2007,"Défense nationale, protection de la population, police.Protection de la population.Protection contre les incendies / éléments naturels.Protection contre les incendies",1
JU,2008,"Finances, Impôts, monopoles, entreprises d'état.Finances.Contributions étatiques, subventions",1
JU,2008,Economie.Développement économiques dans les régions de montagne,1
JU,2010,Etat,1
JU,2010,"Enseignement, sciences, documentation et culture.Sport scolaire",1
JU,2010,"Aménagement du territoire et constructions, expropriation, travaux publics, énergie, transports, environnement.Protection de la nature et du paysage.Protection de la nature",1
JU,2010,"Santé, travail, droit des assurances sociales, logement, homes",1
JU,2010,Economie.Arts et métiers.Services.Prostitution,1
JU,2011,Etat.Autorités.Informatique.E-Government,1
JU,2012,Droit civil.Dispositions d'introduction du code civil.Droit de la famille.Tutelle,1
JU,2012,Economie.Promotion de l'économie,1
JU,2013,Droit pénal,2
JU,2014,"Etat.Autorités.Gouvernement et administration.Droit du personnel.Traitements, indemnités",1
JU,2014,Etat.Communes.Finances communales,1
JU,2015,"Santé, travail, droit des assurances sociales, logement, homes",1
JU,2017,Etat,1
JU,2017,"Santé, travail, droit des assurances sociales, logement, homes",1
JU,2018,"Santé, travail, droit des assurances sociales, logement, homes.Santé.Hygiène.Inhumations, cimetières",1
JU,2022,"Aménagement du territoire et constructions, expropriation, travaux publics, énergie, transports, environnement.Energie.Approvisionnement en énergie",1
JU,2023,"Finances, Impôts, monopoles, entreprises d'état",1
JU,2024,"Santé, travail, droit des assurances sociales, logement, homes.Santé.Professions médicales.Personnel soignant",1
JU,2025,"Finances, Impôts, monopoles, entreprises d'état.Finances.Contrôle des finances",1
JU,2025,"Aménagement du territoire et constructions, expropriation, travaux publics, énergie, transports, environnement",1
JU,2025,Economie.Commerce.Développement et coopération,1
LU,1842,Etat,1
LU,1859,"Finances, Impôts, monopoles, entreprises d'état.Entreprises d'Etat.Banques cantonales",1
LU,1861,Non classé,1
LU,1871,"Finances, Impôts, monopoles, entreprises d'état.Entreprises d'Etat.Banques cantonales",1
LU,1872,Etat,1
LU,1902,"Aménagement du territoire et constructions, expropriation, travaux publics, énergie, transports, environnement.Energie.Approvisionnement en énergie",1
LU,1908,"Finances, Impôts, monopoles, entreprises d'état.Impôts.Impôts sur les successions et les donations",1
LU,1913,Etat.Autorités.Gouvernement et administration.Procédure administrative,1
LU,1913,"Aménagement du territoire et constructions, expropriation, travaux publics, énergie, transports, environnement",1
LU,1918,"Finances, Impôts, monopoles, entreprises d'état.Monopoles, régales, entreprises d'état.Mines",1
LU,1919,"Finances, Impôts, monopoles, entreprises d'état.Impôts.Impôts sur le revenu et la fortune / impôts sur les bénéfices et les capitaux.Impôt communal",1
LU,1926,"Santé, travail, droit des assurances sociales, logement, homes.Droit du travail.Offices de conciliation",1
LU,1930,"Droit civil.Dispositions d'introduction du code civil.Droits réels.Registre foncier, mensurations cadastrales",1
LU,1942,"Enseignement, sciences, documentation et culture.Documentation.Bibliothèques",1
LU,1946,Economie.Agriculture.Assurances des animaux,1
LU,1948,Etat.Dispositions générales.Etablissement et séjour.Etablissement et séjour des étrangers.mesures de contrainte,1
LU,1953,Non classé,1
LU,1957,Droit pénal.Procédure pénale.Codes de procédure pénale,1
LU,1957,"Défense nationale, protection de la population, police.Protection de la population.Protection contre les incendies / éléments naturels.Protection contre le feu, pompiers",1
LU,1960,"Aménagement du territoire et constructions, expropriation, travaux publics, énergie, transports, environnement.Protection de la nature et du paysage.Protection des monuments et des biens culturels",1
LU,1961,Droit civil.Dispositions d'introduction du code civil.Droits réels.Estimation officielle des immeubles,1
LU,1961,"Finances, Impôts, monopoles, entreprises d'état.Impôts.Taxe foncière",1
LU,1962,Etat,1
LU,1964,Etat,1
LU,1966,"Etat.Autorités.Organisation judiciaire.Emoluments judiciaires, frais de justice",1
LU,1967,Droit civil.Dispositions d'introduction du code civil.Droits réels.Estimation officielle des immeubles,1
LU,1968,Economie.Agriculture.Epizooties,1
LU,1970,Etat,1
LU,1970,Etat.Communes.Fusions communales,1
LU,1970,"Aménagement du territoire et constructions, expropriation, travaux publics, énergie, transports, environnement.Expropriation",1
LU,1972,Etat.Autorités.Gouvernement et administration.Procédure administrative,1
LU,1973,Etat.Professions juridiques.Notaires.Légalisation,1
LU,1973,"Défense nationale, protection de la population, police.Sécurité intérieure.Maintien de la tranquillité et de l'ordre public.Chiens, animaux dangereux",1
LU,1973,"Aménagement du territoire et constructions, expropriation, travaux publics, énergie, transports, environnement",1
LU,1974,"Finances, Impôts, monopoles, entreprises d'état.Monopoles, régales, entreprises d'état.Régale des sels",1
LU,1976,Etat,3
LU,1976,Droit pénal.Amendes d'ordre,1
LU,1976,"Santé, travail, droit des assurances sociales, logement, homes",1
LU,1977,"Finances, Impôts, monopoles, entreprises d'état.Finances.Budget, comptes",1
LU,1979,"Aménagement du territoire et constructions, expropriation, travaux publics, énergie, transports, environnement",1
LU,1980,Etat.Communes.Fusions communales,1
LU,1981,Droit civil.Dispositions d'introduction du code civil.Droit de la famille.Tutelle,1
LU,1981,"Santé, travail, droit des assurances sociales, logement, homes",1
LU,1981,"Santé, travail, droit des assurances sociales, logement, homes.Droit des assurances sociales.Allocations familiales.Travailleurs agricoles",1
LU,1983,"Finances, Impôts, monopoles, entreprises d'état.Impôts.Droits de mutation",1
LU,1983,"Santé, travail, droit des assurances sociales, logement, homes.Logement.Mesures d'encouragement à la construction de logements",1
LU,1984,Non classé,1
LU,1986,"Enseignement, sciences, documentation et culture.Documentation.Statistique",1
LU,1986,"Santé, travail, droit des assurances sociales, logement, homes",1
LU,1986,Non classé,1
LU,1987,Droit civil,1
LU,1987,Droit civil.Dispositions d'introduction du code civil.Droits réels.Acquisitions des terrains par des personnes domiciliées à l'étranger,1
LU,1987,"Santé, travail, droit des assurances sociales, logement, homes.Droit du travail.Employés.Dimanches et jours fériés",1
LU,1987,"Santé, travail, droit des assurances sociales, logement, homes.Droit des assurances sociales.Prestations complémentaires",1
LU,1988,"Etat.Dispositions générales.Droits fondamentaux, droits politiques.droits politiques.Elections et votations",1
LU,1988,Etat.Autorités.Responsabilité de l'état,1
LU,1988,"Santé, travail, droit des assurances sociales, logement, homes.Droit du travail.Marché du travail.Lutte contre les crises, réserves de crise bénéficiant d'allégements fiscaux",1
LU,1989,"Défense nationale, protection de la population, police",1
LU,1989,"Aménagement du territoire et constructions, expropriation, travaux publics, énergie, transports, environnement",1
LU,1989,"Aménagement du territoire et constructions, expropriation, travaux publics, énergie, transports, environnement.Protection de la nature et du paysage.Protection des animaux",1
LU,1989,"Santé, travail, droit des assurances sociales, logement, homes.Assistance.Aide sociale",1
LU,1989,"Santé, travail, droit des assurances sociales, logement, homes.Assistance.Homes.Etablissements pour personnes âgées",1
LU,1990,Etat.Autorités.Protection des données,1
LU,1990,"Aménagement du territoire et constructions, expropriation, travaux publics, énergie, transports, environnement.Travaux publics.Routes.Chemins pédestres et de randonnée",1
LU,1990,"Aménagement du territoire et constructions, expropriation, travaux publics, énergie, transports, environnement.Protection de la nature et du paysage.Protection du paysage",1
LU,1990,Non classé,1
LU,1992,"Santé, travail, droit des assurances sociales, logement, homes.Droit des assurances sociales.AVS/AI",2
LU,1993,Etat.Autorités.Gouvernement et administration.Emoluments administratifs,1
LU,1993,Etat.Communes.Fusions communales,1
LU,1993,Droit pénal.Procédure pénale.Aide aux victimes d'infractions,1
LU,1994,Etat,1
LU,1994,Etat.Dispositions générales.Droit de cité,1
LU,1994,"Etat.Dispositions générales.Droits fondamentaux, droits politiques.égalité entre hommes et femmes",1
LU,1994,"Enseignement, sciences, documentation et culture.Art, culture, sport.Encouragement à la culture",1
LU,1994,"Aménagement du territoire et constructions, expropriation, travaux publics, énergie, transports, environnement.Transports.Circulation routière.Impôts et taxes de la circulation",1
LU,1995,Etat,1
LU,1995,"Aménagement du territoire et constructions, expropriation, travaux publics, énergie, transports, environnement",1
LU,1995,"Santé, travail, droit des assurances sociales, logement, homes.Droit des assurances sociales.LAMAL.Réduction des primes",1
LU,1995,Economie.Promotion de l'économie,1
LU,1995,"Economie.Commerce.Foires, marchés",1
LU,1996,"Enseignement, sciences, documentation et culture",1
LU,1996,"Finances, Impôts, monopoles, entreprises d'état.Finances.Contributions étatiques, subventions",1
LU,1996,"Aménagement du territoire et constructions, expropriation, travaux publics, énergie, transports, environnement.Transports.Transports publics.Transports ferroviaires",1
LU,1996,"Santé, travail, droit des assurances sociales, logement, homes.Droit des assurances sociales.Allocations familiales.Travailleurs agricoles",1
LU,1996,Economie.Arts et métiers.Services.Tourisme,1
LU,1997,"Finances, Impôts, monopoles, entreprises d'état.Monopoles, régales, entreprises d'état.Alcool",1
LU,1997,"Aménagement du territoire et constructions, expropriation, travaux publics, énergie, transports, environnement.Transports.Navigation.Impôts et taxes sur les bateaux",1
LU,1997,"Aménagement du territoire et constructions, expropriation, travaux publics, énergie, transports, environnement.Protection de l'environnement.Protection des eaux",1
LU,1997,Economie,1
LU,1998,"Etat.Dispositions générales.Droits fondamentaux, droits politiques.égalité entre hommes et femmes",1
LU,1998,"Défense nationale, protection de la population, police.Sécurité intérieure.Police.Police cantonale",1
LU,1998,"Aménagement du territoire et constructions, expropriation, travaux publics, énergie, transports, environnement",1
LU,1998,"Aménagement du territoire et constructions, expropriation, travaux publics, énergie, transports, environnement.Travaux publics.Marchés publics",1
LU,1998,"Santé, travail, droit des assurances sociales, logement, homes",1
LU,1999,"Enseignement, sciences, documentation et culture.Degré prescolaire, école primaire, degré secondaire I.Ecole primaire, degré secondaire I",1
LU,1999,"Finances, Impôts, monopoles, entreprises d'état",1
LU,1999,"Aménagement du territoire et constructions, expropriation, travaux publics, énergie, transports, environnement",1
LU,2000,Etat.Dispositions générales.Etablissement et séjour.Etablissement et séjour des étrangers.asile,1
LU,2000,Droit civil,1
LU,2000,"Enseignement, sciences, documentation et culture",1
LU,2000,"Enseignement, sciences, documentation et culture.Degré tertiaire: Hautes écoles.Pédagogie",1
LU,2000,"Finances, Impôts, monopoles, entreprises d'état.Entreprises d'Etat.Banques cantonales",1
LU,2000,"Santé, travail, droit des assurances sociales, logement, homes.Droit des assurances sociales.Assurance-chômage",1
LU,2001,Etat,1
LU,2001,"Enseignement, sciences, documentation et culture.Degré secondaire II.Ecole moyenne",1
LU,2001,"Enseignement, sciences, documentation et culture.Degré tertiaire: Hautes écoles.Pédagogie",1
LU,2001,Economie.Développement économiques dans les régions de montagne,1
LU,2001,Non classé,1
LU,2002,"Enseignement, sciences, documentation et culture",1
LU,2002,"Enseignement, sciences, documentation et culture.Corps enseignant.Formation",1
LU,2002,"Finances, Impôts, monopoles, entreprises d'état",1
LU,2002,Non classé,1
LU,2003,Etat.Communes.Fusions communales,1
LU,2003,"Droit civil.Dispositions d'introduction du code civil.Droits réels.Registre foncier, mensurations cadastrales",1
LU,2003,"Enseignement, sciences, documentation et culture.Documentation.Archives",1
LU,2003,"Aménagement du territoire et constructions, expropriation, travaux publics, énergie, transports, environnement.Travaux publics.Aménagement des eaux.Utilisation des eaux",1
LU,2004,Etat,1
LU,2004,Etat.Communes.Fusions communales,2
LU,2004,"Finances, Impôts, monopoles, entreprises d'état.Finances.Contrôle des finances",1
LU,2005,Etat,3
LU,2005,Etat.Communes.Fusions communales,4
LU,2005,"Enseignement, sciences, documentation et culture",1
LU,2005,"Défense nationale, protection de la population, police.Protection de la population.Approvisionnement du pays",1
LU,2005,"Santé, travail, droit des assurances sociales, logement, homes",1
LU,2005,Non classé,1
LU,2006,Etat.Communes.Fusions communales,1
LU,2006,"Enseignement, sciences, documentation et culture.Documentation.Statistique",1
LU,2006,"Santé, travail, droit des assurances sociales, logement, homes",1
LU,2007,Etat,1
LU,2007,Etat.Communes.Fusions communales,1
LU,2007,"Enseignement, sciences, documentation et culture.Documentation.Bibliothèques",1
LU,2009,Etat,1
LU,2009,Etat.Dispositions générales.Etablissement et séjour.Etablissement et séjour Suisses.contrôle des habitants,1
LU,2010,"Santé, travail, droit des assurances sociales, logement, homes",1
LU,2011,Etat.Autorités.Protection des données,1
LU,2011,"Enseignement, sciences, documentation et culture",1
LU,2012,Etat,1
LU,2013,Etat.Communes.Fusions communales,1
LU,2013,"Enseignement, sciences, documentation et culture.Art, culture, sport.Sport",1
LU,2016,"Finances, Impôts, monopoles, entreprises d'état.Finances.Budget, comptes",1
LU,2019,Etat.Communes.Finances communales,1
LU,2022,"Aménagement du territoire et constructions, expropriation, travaux publics, énergie, transports, environnement.Travaux publics.Marchés publics",1
LU,2024,"Enseignement, sciences, documentation et culture.Structures d'accueil complémentaires",1
LU,2025,"Droit civil.Dispositions d'introduction du code civil.Droits réels.Registre foncier, mensurations cadastrales",1
NE,1849,"Aménagement du territoire et constructions, expropriation, travaux publics, énergie, transports, environnement",1
NE,1871,"Défense nationale, protection de la population, police.Protection de la population.Protection contre les incendies / éléments naturels.Protection contre le feu, pompiers",1
NE,1873,"Défense nationale, protection de la population, police",1
NE,1894,"Santé, travail, droit des assurances sociales, logement, homes.Santé.Hygiène.Inhumations, cimetières",1
NE,1902,Economie,1
NE,1905,"Défense nationale, protection de la population, police",1
NE,1908,Etat.Autorités.Gouvernement et administration.Emoluments administratifs,1
NE,1910,Droit civil,1
NE,1923,Economie,1
NE,1926,"Etat.Autorités.Organisation judiciaire.Emoluments judiciaires, frais de justice",1
NE,1933,Economie.Commerce.Poids et mesures. moyens de paiement,1
NE,1937,Droit civil,1
NE,1942,Economie,1
NE,1945,Droit pénal.Procédure pénale.Codes de procédure pénale,1
NE,1946,Economie.Agriculture.Apiculture,1
NE,1949,Economie,1
NE,1951,"Etat.Autorités.Organisation judiciaire.Autorités judiciaires.Prud'hommes, Tribunaux des baux à loyer",2
NE,1953,"Aménagement du territoire et constructions, expropriation, travaux publics, énergie, transports, environnement",1
NE,1955,Etat.Dispositions générales.Droit de cité,1
NE,1956,"Santé, travail, droit des assurances sociales, logement, homes.Assistance.Avances sur les pensions alimentaires",1
NE,1963,Etat.Autorités.Délais,1
NE,1964,Etat,1
NE,1964,"Santé, travail, droit des assurances sociales, logement, homes",1
NE,1967,"Santé, travail, droit des assurances sociales, logement, homes.Assistance.Homes.Foyers pour enfants et adolescents",1
NE,1968,"Enseignement, sciences, documentation et culture",1
NE,1968,"Aménagement du territoire et constructions, expropriation, travaux publics, énergie, transports, environnement.Travaux publics.Routes.Routes nationales",1
NE,1970,Droit civil.Arbitrage,1
NE,1970,"Enseignement, sciences, documentation et culture.Assurance de la qualité, surveillance, direction.Coordination",1
NE,1971,"Aménagement du territoire et constructions, expropriation, travaux publics, énergie, transports, environnement.Protection de l'environnement.Déchets",1
NE,1972,Etat,1
NE,1972,"Santé, travail, droit des assurances sociales, logement, homes",1
NE,1972,"Santé, travail, droit des assurances sociales, logement, homes.Assistance.Homes.Etablissements pour personnes âgées",1
NE,1973,"Enseignement, sciences, documentation et culture.Sport scolaire",1
NE,1974,Droit pénal.Droit pénal des mineurs et procédure pénale des mineurs,1
NE,1978,"Santé, travail, droit des assurances sociales, logement, homes.Santé.Etablissements hospitaliers, cliniques.Cliniques psychiatriques",1
NE,1978,"Santé, travail, droit des assurances sociales, logement, homes.Assistance.Avances sur les pensions alimentaires",1
NE,1978,Economie.Promotion de l'économie,1
NE,1979,Etat,1
NE,1979,Etat.Autorités.Gouvernement et administration.Procédure administrative,1
NE,1979,"Aménagement du territoire et constructions, expropriation, travaux publics, énergie, transports, environnement",1
NE,1980,Etat.Communes.Finances communales,1
NE,1980,Droit civil.Procédure civile.Exécution,1
NE,1981,Droit civil.Dispositions d'introduction du code civil.Droit de la famille.Tutelle,1
NE,1981,"Enseignement, sciences, documentation et culture.Degré secondaire II: Formation professionnelle initiale.Orientation professionnelle",1
NE,1983,"Enseignement, sciences, documentation et culture.Degré prescolaire, école primaire, degré secondaire I.Ecole enfantine",1
NE,1984,"Aménagement du territoire et constructions, expropriation, travaux publics, énergie, transports, environnement.Protection de l'environnement.Protection des eaux",1
NE,1984,"Aménagement du territoire et constructions, expropriation, travaux publics, énergie, transports, environnement.Protection de la nature et du paysage.Protection des animaux",1
NE,1985,"Enseignement, sciences, documentation et culture.Sport scolaire",1
NE,1986,"Aménagement du territoire et constructions, expropriation, travaux publics, énergie, transports, environnement.Protection de l'environnement.Déchets",1
NE,1986,Economie.Arts et métiers.Services.Tourisme,1
NE,1987,Etat.Autorités.Gouvernement et administration.Gouvernement.Pensions,1
NE,1987,"Santé, travail, droit des assurances sociales, logement, homes.Droit du travail.Marché du travail.Lutte contre les crises, réserves de crise bénéficiant d'allégements fiscaux",1
NE,1987,"Santé, travail, droit des assurances sociales, logement, homes.Assistance.Donations et collectes publiques",1
NE,1988,"Défense nationale, protection de la population, police.Sécurité intérieure.Police.Police communale",1
NE,1989,"Etat.Dispositions générales.Droits fondamentaux, droits politiques.égalité entre hommes et femmes",1
NE,1989,Etat.Autorités.Responsabilité de l'état,1
NE,1989,"Enseignement, sciences, documentation et culture.Documentation.Archives",1
NE,1989,"Santé, travail, droit des assurances sociales, logement, homes",1
NE,1990,"Etat.Autorités.Gouvernement et administration.Droit du personnel.Pensions, prestations d'assurance",1
NE,1990,Etat.Autorités.Organisation judiciaire.Pensions et prestations d'assurance des juges,1
NE,1991,Droit civil,1
NE,1991,"Enseignement, sciences, documentation et culture.Art, culture, sport.Encouragement à la culture",1
NE,1991,"Finances, Impôts, monopoles, entreprises d'état.Finances.Contributions étatiques, subventions",1
NE,1991,"Aménagement du territoire et constructions, expropriation, travaux publics, énergie, transports, environnement",1
NE,1991,"Santé, travail, droit des assurances sociales, logement, homes",1
NE,1991,Economie,1
NE,1992,"Santé, travail, droit des assurances sociales, logement, homes.Droit du travail.Employés.Dimanches et jours fériés",1
NE,1993,Etat,1
NE,1993,Droit pénal.Procédure pénale.Entraide judiciaire,1
NE,1993,"Finances, Impôts, monopoles, entreprises d'état.Monopoles, régales, entreprises d'état.Alcool",1
NE,1993,"Santé, travail, droit des assurances sociales, logement, homes",1
NE,1993,"Santé, travail, droit des assurances sociales, logement, homes.Santé.Hygiène.Enfouissement des déchets carnés",1
NE,1994,"Enseignement, sciences, documentation et culture.Contributions à la formation.Bourses d'études",1
NE,1994,"Santé, travail, droit des assurances sociales, logement, homes",2
NE,1995,"Enseignement, sciences, documentation et culture.Pédagogie spécialisée.Ecoles d'art et de sport",1
NE,1995,"Aménagement du territoire et constructions, expropriation, travaux publics, énergie, transports, environnement.Protection de la nature et du paysage.Protection des monuments et des biens culturels",1
NE,1995,"Santé, travail, droit des assurances sociales, logement, homes",3
NE,1996,Etat,1
NE,1996,Etat.Dispositions générales.Etablissement et séjour.Etablissement et séjour des étrangers.mesures de contrainte,1
NE,1996,"Droit civil.Dispositions d'introduction du code civil.Droits réels.Registre foncier, mensurations cadastrales",1
NE,1996,"Défense nationale, protection de la population, police.Protection de la population.Protection contre les incendies / éléments naturels.Protection contre le feu, pompiers",1
NE,1996,"Santé, travail, droit des assurances sociales, logement, homes",1
NE,1997,Etat.Dispositions générales.Etablissement et séjour.Etablissement et séjour des étrangers.intégration,1
NE,1997,"Défense nationale, protection de la population, police.Sécurité intérieure.Maintien de la tranquillité et de l'ordre public.Domaine public",1
NE,1997,"Finances, Impôts, monopoles, entreprises d'état.Impôts.Impôts sur les chiens",1
NE,1997,"Finances, Impôts, monopoles, entreprises d'état.Monopoles, régales, entreprises d'état.Mines",1
NE,1997,"Aménagement du territoire et constructions, expropriation, travaux publics, énergie, transports, environnement.Expropriation",1
NE,1997,"Aménagement du territoire et constructions, expropriation, travaux publics, énergie, transports, environnement.Travaux publics.Routes.Chemins pédestres et de randonnée",1
NE,1997,"Santé, travail, droit des assurances sociales, logement, homes.Droit des assurances sociales.Allocations familiales.Travailleurs agricoles",1
NE,1997,Economie,2
NE,1997,Economie.Développement économiques dans les régions de montagne,1
NE,1997,Economie.Arts et métiers.Services.Professions soumises à autorisation,1
NE,1998,Etat.Dispositions générales.Etablissement et séjour.Etablissement et séjour Suisses.contrôle des habitants,1
NE,1998,Droit civil.Dispositions d'introduction du code civil.Droits réels.Acquisitions des terrains par des personnes domiciliées à l'étranger,1
NE,1998,Droit civil.Dispositions générales d'introduction du code des obligations.Des divers contrats.Bail à loyer et à ferme.Bail à ferme agricole,1
NE,1998,Droit pénal.Procédure pénale.Aide aux victimes d'infractions,1
NE,1998,"Aménagement du territoire et constructions, expropriation, travaux publics, énergie, transports, environnement.Protection de la nature et du paysage.Protection des animaux",1
NE,1998,"Santé, travail, droit des assurances sociales, logement, homes.Assistance.Aide sociale",1
NE,1998,Economie.Agriculture.Droit foncier rural,1
NE,1999,Etat,1
NE,1999,"Enseignement, sciences, documentation et culture",1
NE,1999,"Finances, Impôts, monopoles, entreprises d'état.Finances.Contributions étatiques, subventions",1
NE,1999,"Finances, Impôts, monopoles, entreprises d'état.Entreprises d'Etat.Banques cantonales",1
NE,1999,"Aménagement du territoire et constructions, expropriation, travaux publics, énergie, transports, environnement.Travaux publics.Marchés publics",1
NE,1999,"Santé, travail, droit des assurances sociales, logement, homes",1
NE,1999,"Santé, travail, droit des assurances sociales, logement, homes.Droit des assurances sociales.Prestations complémentaires",1
NE,2000,Etat,1
NE,2000,Etat.Professions juridiques.Avocats.Assistance judiciaire,1
NE,2000,Droit pénal,1
NE,2000,"Enseignement, sciences, documentation et culture",1
NE,2000,"Défense nationale, protection de la population, police",1
NE,2000,"Aménagement du territoire et constructions, expropriation, travaux publics, énergie, transports, environnement.Protection de la nature et du paysage.Protection de la nature",1
NE,2000,"Santé, travail, droit des assurances sociales, logement, homes",5
NE,2000,"Santé, travail, droit des assurances sociales, logement, homes.Santé.Hygiène.Alimentation en eau",1
NE,2000,Economie.Arts et métiers.Services.Jeux de hasard et loteries.Maisons de jeu,1
NE,2001,"Enseignement, sciences, documentation et culture.Degré prescolaire, école primaire, degré secondaire I.Crèches",1
NE,2001,"Finances, Impôts, monopoles, entreprises d'état.Impôts.Impôts sur le revenu et la fortune / impôts sur les bénéfices et les capitaux.Impôt fédéral",2
NE,2001,"Aménagement du territoire et constructions, expropriation, travaux publics, énergie, transports, environnement",1
NE,2001,"Santé, travail, droit des assurances sociales, logement, homes.Assistance.Aide sociale",1
NE,2002,Etat,1
NE,2002,"Enseignement, sciences, documentation et culture",2
NE,2002,"Finances, Impôts, monopoles, entreprises d'état.Impôts.Impôts sur le revenu et la fortune / impôts sur les bénéfices et les capitaux.Impôt fédéral",1
NE,2003,Etat.Communes.Subventions,1
NE,2003,Droit civil,1
NE,2003,Droit pénal.Droit pénal des mineurs et procédure pénale des mineurs,1
NE,2003,"Santé, travail, droit des assurances sociales, logement, homes.Droit des assurances sociales.AVS/AI",1
NE,2003,"Santé, travail, droit des assurances sociales, logement, homes.Droit des assurances sociales.LAA",1
NE,2003,"Economie.Arts et métiers.Services.Cinéma, théâtre, divertissement",1
NE,2004,Etat,1
NE,2004,"Droit civil.Dispositions d'introduction du code civil.Droit des personnes, état civil.Partenariat enregistré",1
NE,2004,Droit pénal,1
NE,2004,"Défense nationale, protection de la population, police",1
NE,2004,"Finances, Impôts, monopoles, entreprises d'état.Impôts.Droits de mutation",1
NE,2004,"Finances, Impôts, monopoles, entreprises d'état.Impôts.Impôts sur les successions et les donations",1
NE,2004,"Aménagement du territoire et constructions, expropriation, travaux publics, énergie, transports, environnement.Travaux publics.Marchés publics",1
NE,2004,"Aménagement du territoire et constructions, expropriation, travaux publics, énergie, transports, environnement.Energie.Approvisionnement en énergie",1
NE,2004,"Aménagement du territoire et constructions, expropriation, travaux publics, énergie, transports, environnement.Protection de la nature et du paysage.Protection des animaux",1
NE,2004,"Santé, travail, droit des assurances sociales, logement, homes",1
NE,2004,"Santé, travail, droit des assurances sociales, logement, homes.Droit des assurances sociales.Assurance-chômage",1
NE,2004,Economie.Agriculture.Mesures d'encouragement,1
NE,2005,Etat,4
NE,2005,Etat.Autorités.Informatique.E-Government,1
NE,2005,Etat.Communes.Finances communales,1
NE,2005,Droit civil,1
NE,2005,"Droit civil.Dispositions d'introduction du code civil.Droits réels.Registre foncier, mensurations cadastrales",1
NE,2005,"Enseignement, sciences, documentation et culture",1
NE,2005,"Enseignement, sciences, documentation et culture.Degré prescolaire, école primaire, degré secondaire I.Ecole primaire, degré secondaire I",1
NE,2005,"Enseignement, sciences, documentation et culture.Degré secondaire II.Ecole moyenne",1
NE,2005,"Enseignement, sciences, documentation et culture.Degré tertiaire: Hautes écoles.Pédagogie",1
NE,2005,"Enseignement, sciences, documentation et culture.Assurance de la qualité, surveillance, direction.Autorités scolaires",1
NE,2005,"Enseignement, sciences, documentation et culture.Documentation.Bibliothèques",1
NE,2005,"Finances, Impôts, monopoles, entreprises d'état",1
NE,2005,"Finances, Impôts, monopoles, entreprises d'état.Monopoles, régales, entreprises d'état.Mines",1
NE,2005,"Aménagement du territoire et constructions, expropriation, travaux publics, énergie, transports, environnement",2
NE,2005,"Aménagement du territoire et constructions, expropriation, travaux publics, énergie, transports, environnement.Transports.Circulation routière.Impôts et taxes de la circulation",1
NE,2005,"Santé, travail, droit des assurances sociales, logement, homes.Assistance.Aide sociale",1
NE,2005,Economie.Agriculture.Culture des plantes.Vignoble,1
NE,2005,Economie.Arts et métiers.Services.Prostitution,1
NE,2006,Etat,1
NE,2006,Etat.Dispositions générales.Information du public,1
NE,2006,"Etat.Autorités.Gouvernement et administration.Droit du personnel.Traitements, indemnités",1
NE,2006,"Etat.Autorités.Gouvernement et administration.Droit du personnel.Pensions, prestations d'assurance",1
NE,2006,Droit civil,1
NE,2006,"Aménagement du territoire et constructions, expropriation, travaux publics, énergie, transports, environnement",2
NE,2007,"Enseignement, sciences, documentation et culture",1
NE,2007,"Défense nationale, protection de la population, police",1
NE,2007,"Finances, Impôts, monopoles, entreprises d'état.Finances.Contrôle des finances",1
NE,2008,Droit pénal,1
NE,2008,"Aménagement du territoire et constructions, expropriation, travaux publics, énergie, transports, environnement.Travaux publics.Routes.Routes nationales",1
NE,2008,"Aménagement du territoire et constructions, expropriation, travaux publics, énergie, transports, environnement.Transports.Poste, télécommunications",1
NE,2008,Economie.Promotion de l'économie,1
NE,2008,Economie.Développement économiques dans les régions de montagne,1
NE,2008,Economie.Arts et métiers.Services.Professions soumises à autorisation,1
NE,2009,"Etat.Autorités.Gouvernement et administration.Droit du personnel.Pensions, prestations d'assurance",1
NE,2009,"Aménagement du territoire et constructions, expropriation, travaux publics, énergie, transports, environnement.Transports.Circulation routière.Contrôle technique des véhicules",1
NE,2009,"Santé, travail, droit des assurances sociales, logement, homes",1
NE,2010,Etat,1
NE,2010,"Enseignement, sciences, documentation et culture",1
NE,2010,"Finances, Impôts, monopoles, entreprises d'état.Finances.Budget, comptes",1
NE,2011,Etat,1
NE,2011,Droit civil.Dispositions d'introduction du code civil.Droit des successions,1
NE,2011,"Droit civil.Dispositions d'introduction du code civil.Droits réels.Registre foncier, mensurations cadastrales",1
NE,2011,"Santé, travail, droit des assurances sociales, logement, homes.Assistance.Protection de la jeunesse, aide à la jeunesse",1
NE,2012,Etat.Autorités.Protection des données,2
NE,2012,"Défense nationale, protection de la population, police",1
NE,2013,"Défense nationale, protection de la population, police",1
NE,2014,"Défense nationale, protection de la population, police",1
NE,2014,"Finances, Impôts, monopoles, entreprises d'état.Impôts.Impôts sur le revenu et la fortune / impôts sur les bénéfices et les capitaux.Impôt communal",1
NE,2014,Economie.Commerce.Horaires de fermeture des magasins,1
NE,2017,"Enseignement, sciences, documentation et culture",1
NE,2018,"Aménagement du territoire et constructions, expropriation, travaux publics, énergie, transports, environnement",1
NE,2018,"Aménagement du territoire et constructions, expropriation, travaux publics, énergie, transports, environnement.Energie.Electricité",1
NE,2019,"Etat.Autorités.Organisation judiciaire.Emoluments judiciaires, frais de justice",1
NE,2021,"Aménagement du territoire et constructions, expropriation, travaux publics, énergie, transports, environnement",1
NE,2022,"Santé, travail, droit des assurances sociales, logement, homes.Santé.Professions médicales.Personnel soignant",1
NE,2025,Etat.Autorités.Protection des données,1
NW,1900,"Santé, travail, droit des assurances sociales, logement, homes",1
NW,1911,"Santé, travail, droit des assurances sociales, logement, homes",1
NW,1960,"Finances, Impôts, monopoles, entreprises d'état.Impôts.Interdiction des arrangements fiscaux",1
NW,1964,"Droit civil.Dispositions d'introduction du code civil.Droits réels.Registre foncier, mensurations cadastrales",1
NW,1965,Etat.Eglise et Etat.Eglise catholique romaine,1
NW,1965,"Santé, travail, droit des assurances sociales, logement, homes.Logement.Mesures d'encouragement à la construction de logements",1
NW,1967,"Aménagement du territoire et constructions, expropriation, travaux publics, énergie, transports, environnement",1
NW,1967,"Aménagement du territoire et constructions, expropriation, travaux publics, énergie, transports, environnement.Protection de l'environnement.Protection des eaux",1
NW,1968,Economie,1
NW,1969,Etat.Dispositions générales.Droit de cité,1
NW,1969,Etat.Professions juridiques.Notaires.Légalisation,1
NW,1969,"Santé, travail, droit des assurances sociales, logement, homes.Santé.Professions médicales.Vétérinaires",1
NW,1971,Etat,1
NW,1971,Etat.Autorités.Responsabilité de l'état,1
NW,1971,Economie.Arts et métiers.Services.Tourisme,1
NW,1972,"Aménagement du territoire et constructions, expropriation, travaux publics, énergie, transports, environnement.Protection de la nature et du paysage.Protection des animaux",1
NW,1972,"Santé, travail, droit des assurances sociales, logement, homes.Logement.Logement dans les zones de montagne",1
NW,1973,"Défense nationale, protection de la population, police.Protection de la population.Protection contre les incendies / éléments naturels.Protection contre le feu, pompiers",1
NW,1973,"Aménagement du territoire et constructions, expropriation, travaux publics, énergie, transports, environnement.Protection de l'environnement.Protection des eaux",1
NW,1974,Etat,3
NW,1974,"Finances, Impôts, monopoles, entreprises d'état.Monopoles, régales, entreprises d'état.Régale des sels",1
NW,1974,Economie.Agriculture.Assurances des animaux,1
NW,1975,"Aménagement du territoire et constructions, expropriation, travaux publics, énergie, transports, environnement.Expropriation",1
NW,1976,"Santé, travail, droit des assurances sociales, logement, homes",1
NW,1977,"Défense nationale, protection de la population, police.Protection de la population.Protection contre les incendies / éléments naturels.Assurances des bâtiments.Assurance contre les dommages causés par les éléments naturels",1
NW,1978,"Santé, travail, droit des assurances sociales, logement, homes",1
NW,1979,Etat,1
NW,1979,"Défense nationale, protection de la population, police.Protection de la population.Protection civile.Protection des biens culturels en temps de guerre",1
NW,1979,"Finances, Impôts, monopoles, entreprises d'état.Finances.Budget, comptes",1
NW,1979,"Finances, Impôts, monopoles, entreprises d'état.Monopoles, régales, entreprises d'état.Mines",1
NW,1980,Etat,1
NW,1981,Etat.Autorités.Parlement.Election du parlement,1
NW,1982,"Finances, Impôts, monopoles, entreprises d'état.Entreprises d'Etat.Banques cantonales",1
NW,1983,Etat.Autorités.Gouvernement et administration.Procédure administrative,1
NW,1984,"Finances, Impôts, monopoles, entreprises d'état.Finances.Contributions étatiques, subventions",1
NW,1985,Etat.Autorités.Gouvernement et administration.Procédure administrative,1
NW,1986,"Défense nationale, protection de la population, police.Protection de la population.Protection contre les incendies / éléments naturels.Assurances des bâtiments.Assurance contre les dommages causés par les éléments naturels",2
NW,1986,"Santé, travail, droit des assurances sociales, logement, homes",1
NW,1987,"Enseignement, sciences, documentation et culture.Degré secondaire II.Ecole moyenne",1
NW,1987,"Défense nationale, protection de la population, police",2
NW,1988,"Etat.Autorités.Gouvernement et administration.Droit du personnel.Pensions, prestations d'assurance",1
NW,1988,"Aménagement du territoire et constructions, expropriation, travaux publics, énergie, transports, environnement",1
NW,1988,"Santé, travail, droit des assurances sociales, logement, homes",1
NW,1989,"Santé, travail, droit des assurances sociales, logement, homes",1
NW,1990,"Aménagement du territoire et constructions, expropriation, travaux publics, énergie, transports, environnement.Travaux publics.Routes.Chemins pédestres et de randonnée",1
NW,1992,Etat.Dispositions générales.Droit de cité,1
NW,1992,Droit civil.Procédure civile.Exécution,1
NW,1993,"Santé, travail, droit des assurances sociales, logement, homes.Droit des assurances sociales.AVS/AI",1
NW,1994,"Santé, travail, droit des assurances sociales, logement, homes.Logement.Mesures d'encouragement à la construction de logements",1
NW,1994,Economie.Agriculture.Droit foncier rural,1
NW,1995,"Enseignement, sciences, documentation et culture",1
NW,1996,Etat.Dispositions générales.Etablissement et séjour.Etablissement et séjour des étrangers.asile,1
NW,1996,"Droit civil.Dispositions d'introduction du code civil.Droits réels.Registre foncier, mensurations cadastrales",1
NW,1996,"Finances, Impôts, monopoles, entreprises d'état.Monopoles, régales, entreprises d'état.Alcool",1
NW,1996,"Aménagement du territoire et constructions, expropriation, travaux publics, énergie, transports, environnement",1
NW,1996,"Santé, travail, droit des assurances sociales, logement, homes",1
NW,1996,Economie.Agriculture.Epizooties,1
NW,1997,Etat,1
NW,1997,"Etat.Dispositions générales.Droits fondamentaux, droits politiques.égalité entre hommes et femmes",1
NW,1997,"Défense nationale, protection de la population, police",1
NW,1997,"Aménagement du territoire et constructions, expropriation, travaux publics, énergie, transports, environnement",1
NW,1997,"Santé, travail, droit des assurances sociales, logement, homes.Assistance.Aide sociale",1
NW,1998,Etat,3
NW,1998,"Santé, travail, droit des assurances sociales, logement, homes.Droit des assurances sociales.Prestations complémentaires",1
NW,1998,Economie,1
NW,1999,Etat.Autorités.Parlement.Indemnisation des parlementaires,1
NW,1999,Droit civil.Dispositions d'introduction du code civil.Droits réels.Acquisitions des terrains par des personnes domiciliées à l'étranger,1
NW,1999,"Santé, travail, droit des assurances sociales, logement, homes",1
NW,1999,Economie.Promotion de l'économie,1
NW,2000,Etat,1
NW,2000,"Finances, Impôts, monopoles, entreprises d'état.Impôts.Impôts sur le revenu et la fortune / impôts sur les bénéfices et les capitaux.Impôt fédéral",1
NW,2000,"Finances, Impôts, monopoles, entreprises d'état.Impôts.Impôts sur le revenu et la fortune / impôts sur les bénéfices et les capitaux.Impôt cantonal",2
NW,2000,"Aménagement du territoire et constructions, expropriation, travaux publics, énergie, transports, environnement",1
NW,2000,"Santé, travail, droit des assurances sociales, logement, homes.Santé.Etablissements hospitaliers, cliniques.Hôpitaux cantonaux",1
NW,2000,"Santé, travail, droit des assurances sociales, logement, homes.Droit du travail.Marché du travail.Lutte contre les crises, réserves de crise bénéficiant d'allégements fiscaux",1
NW,2000,"Santé, travail, droit des assurances sociales, logement, homes.Assistance.Personnes handicapés.Ateliers protégés",1
NW,2001,Etat.Autorités.Gouvernement et administration.Emoluments administratifs,1
NW,2001,"Aménagement du territoire et constructions, expropriation, travaux publics, énergie, transports, environnement.Travaux publics.Marchés publics",1
NW,2001,"Santé, travail, droit des assurances sociales, logement, homes.Droit du travail.Marché du travail.Service de l'emploi et location de services",1
NW,2001,Economie,1
NW,2001,Economie.Arts et métiers.Services.Jeux de hasard et loteries.Maisons de jeu,1
NW,2002,"Enseignement, sciences, documentation et culture.Degré prescolaire, école primaire, degré secondaire I.Ecole primaire, degré secondaire I",1
NW,2002,"Enseignement, sciences, documentation et culture.Formation continue (Degré quaternaire).Formation des adultes",1
NW,2002,"Finances, Impôts, monopoles, entreprises d'état",2
NW,2002,"Finances, Impôts, monopoles, entreprises d'état.Impôts.Double imposition",1
NW,2002,"Santé, travail, droit des assurances sociales, logement, homes",1
NW,2003,"Défense nationale, protection de la population, police",1
NW,2004,"Enseignement, sciences, documentation et culture.Art, culture, sport.Encouragement à la culture",1
NW,2004,"Enseignement, sciences, documentation et culture.Art, culture, sport.Sport",1
NW,2004,"Défense nationale, protection de la population, police.Protection de la population.Approvisionnement du pays",1
NW,2004,"Défense nationale, protection de la population, police.Sécurité intérieure.Maintien de la tranquillité et de l'ordre public.Chiens, animaux dangereux",1
NW,2004,"Aménagement du territoire et constructions, expropriation, travaux publics, énergie, transports, environnement.Protection de la nature et du paysage.Protection du paysage",1
NW,2004,"Aménagement du territoire et constructions, expropriation, travaux publics, énergie, transports, environnement.Protection de la nature et du paysage.Protection des monuments et des biens culturels",1
NW,2004,"Santé, travail, droit des assurances sociales, logement, homes",1
NW,2005,"Santé, travail, droit des assurances sociales, logement, homes",1
NW,2005,"Santé, travail, droit des assurances sociales, logement, homes.Droit du travail.Employés.Dimanches et jours fériés",1
NW,2005,Economie.Commerce.Commerce itinérant,1
NW,2006,"Défense nationale, protection de la population, police",1
NW,2006,"Santé, travail, droit des assurances sociales, logement, homes",1
NW,2007,"Santé, travail, droit des assurances sociales, logement, homes",1
NW,2008,"Etat.Autorités.Gouvernement et administration.Droit du personnel.Pensions, prestations d'assurance",3
NW,2008,Etat.Autorités.Protection des données,1
NW,2008,"Enseignement, sciences, documentation et culture.Documentation.Archives",1
NW,2008,"Aménagement du territoire et constructions, expropriation, travaux publics, énergie, transports, environnement.Transports.Circulation routière.Impôts et taxes de la circulation",2
NW,2008,"Santé, travail, droit des assurances sociales, logement, homes",1
NW,2009,Etat.Dispositions générales.Etablissement et séjour.Etablissement et séjour Suisses.contrôle des habitants,1
NW,2009,Etat.Communes.Finances communales,1
NW,2009,"Finances, Impôts, monopoles, entreprises d'état.Finances.Contrôle des finances",1
NW,2010,"Etat.Autorités.Organisation judiciaire.Autorités judiciaires.Juges d'instruction, Ministère public.Ministère public",1
NW,2011,"Etat.Autorités.Organisation judiciaire.Emoluments judiciaires, frais de justice",1
NW,2012,"Enseignement, sciences, documentation et culture.Structures d'accueil complémentaires",1
NW,2012,"Aménagement du territoire et constructions, expropriation, travaux publics, énergie, transports, environnement.Aménagement du territoire et constructions.Remembrements",1
NW,2013,"Aménagement du territoire et constructions, expropriation, travaux publics, énergie, transports, environnement.Energie.Electricité",1
NW,2014,"Aménagement du territoire et constructions, expropriation, travaux publics, énergie, transports, environnement",1
NW,2014,"Santé, travail, droit des assurances sociales, logement, homes.Assistance.Homes.Etablissements pour personnes âgées",1
NW,2017,"Aménagement du territoire et constructions, expropriation, travaux publics, énergie, transports, environnement.Aménagement du territoire et constructions.Procédure",1
NW,2017,"Santé, travail, droit des assurances sociales, logement, homes.Logement.Mesures d'encouragement à la construction de logements",1
NW,2018,Droit pénal.Procédure pénale.Aide aux victimes d'infractions,1
NW,2020,"Aménagement du territoire et constructions, expropriation, travaux publics, énergie, transports, environnement.Protection de l'environnement.Protection des eaux",1
NW,2020,"Santé, travail, droit des assurances sociales, logement, homes.Santé.Lutte contre les maladies.Epidémies, pandémies",1
NW,2024,"Santé, travail, droit des assurances sociales, logement, homes.Santé.Professions médicales.Personnel soignant",1
NW,2025,Etat.Dispositions générales.Information du public,1
NW,2025,Droit pénal.Amendes d'ordre,1
NW,2025,"Aménagement du territoire et constructions, expropriation, travaux publics, énergie, transports, environnement",1
OW,1877,"Aménagement du territoire et constructions, expropriation, travaux publics, énergie, transports, environnement.Expropriation",1
OW,1911,Droit civil,1
OW,1914,Droit civil,1
OW,1954,"Santé, travail, droit des assurances sociales, logement, homes.Droit des assurances sociales.Allocations familiales.Travailleurs agricoles",1
OW,1958,"Aménagement du territoire et constructions, expropriation, travaux publics, énergie, transports, environnement",1
OW,1961,"Santé, travail, droit des assurances sociales, logement, homes.Droit des assurances sociales.AVS/AI",1
OW,1972,"Etat.Dispositions générales.Droits fondamentaux, droits politiques.égalité entre hommes et femmes",2
OW,1972,"Défense nationale, protection de la population, police.Sécurité intérieure.Police.Police cantonale",1
OW,1973,"Finances, Impôts, monopoles, entreprises d'état.Entreprises d'Etat.Banques cantonales",1
OW,1973,"Aménagement du territoire et constructions, expropriation, travaux publics, énergie, transports, environnement.Protection de la nature et du paysage.Protection des animaux",1
OW,1973,"Santé, travail, droit des assurances sociales, logement, homes.Assistance.Protection de la jeunesse, aide à la jeunesse",1
OW,1974,Etat,1
OW,1975,"Santé, travail, droit des assurances sociales, logement, homes.Droit du travail.Employés.Dimanches et jours fériés",1
OW,1979,"Finances, Impôts, monopoles, entreprises d'état.Impôts.Impôts sur les chiens",1
OW,1980,Etat.Professions juridiques.Notaires.Légalisation,1
OW,1980,"Défense nationale, protection de la population, police.Protection de la population.Protection contre les incendies / éléments naturels.Protection contre le feu, pompiers",1
OW,1981,Droit pénal,1
OW,1983,"Santé, travail, droit des assurances sociales, logement, homes.Assistance.Aide sociale",1
OW,1984,Etat.Autorités.Parlement.Election du parlement,1
OW,1986,Droit civil.Dispositions d'introduction du code civil.Droits réels.Estimation officielle des immeubles,1
OW,1989,Etat.Autorités.Responsabilité de l'état,1
OW,1991,"Santé, travail, droit des assurances sociales, logement, homes",1
OW,1992,Etat.Dispositions générales.Droit de cité,1
OW,1992,"Santé, travail, droit des assurances sociales, logement, homes.Logement.Mesures d'encouragement à la construction de logements",1
OW,1993,Etat,1
OW,1993,"Santé, travail, droit des assurances sociales, logement, homes.Droit du travail.Marché du travail.Lutte contre les crises, réserves de crise bénéficiant d'allégements fiscaux",1
OW,1994,Etat,1
OW,1994,"Aménagement du territoire et constructions, expropriation, travaux publics, énergie, transports, environnement",1
OW,1995,"Aménagement du territoire et constructions, expropriation, travaux publics, énergie, transports, environnement.Transports.Transports publics.Transports ferroviaires",1
OW,1996,Etat,1
OW,1996,"Santé, travail, droit des assurances sociales, logement, homes.Droit des assurances sociales.Prestations complémentaires",1
OW,1997,Etat,2
OW,1997,"Finances, Impôts, monopoles, entreprises d'état.Monopoles, régales, entreprises d'état.Alcool",1
OW,1997,Economie.Arts et métiers.Services.Tourisme,1
OW,1999,Etat.Autorités.Gouvernement et administration.Gouvernement.Indemnités,1
OW,1999,"Santé, travail, droit des assurances sociales, logement, homes",1
OW,1999,Economie.Promotion de l'économie,1
OW,1999,Economie.Agriculture.Epizooties,1
OW,2000,Etat.Dispositions générales.Publications officielles.Recueils de législation,1
OW,2001,Droit civil.Dispositions générales d'introduction du code des obligations.Des divers contrats.Bail à loyer et à ferme.Bail à ferme agricole,1
OW,2001,"Aménagement du territoire et constructions, expropriation, travaux publics, énergie, transports, environnement.Travaux publics.Aménagement des eaux.Utilisation des eaux",1
OW,2001,"Aménagement du territoire et constructions, expropriation, travaux publics, énergie, transports, environnement.Transports.Navigation.Impôts et taxes sur les bateaux",1
OW,2002,Etat,2
OW,2002,"Aménagement du territoire et constructions, expropriation, travaux publics, énergie, transports, environnement",1
OW,2002,"Santé, travail, droit des assurances sociales, logement, homes.Droit des assurances sociales.AVS/AI",1
OW,2003,"Aménagement du territoire et constructions, expropriation, travaux publics, énergie, transports, environnement.Travaux publics.Marchés publics",1
OW,2004,"Défense nationale, protection de la population, police",2
OW,2004,"Aménagement du territoire et constructions, expropriation, travaux publics, énergie, transports, environnement.Energie.Electricité",1
OW,2005,Etat,1
OW,2005,Etat.Autorités.Gouvernement et administration.Emoluments administratifs,1
OW,2005,Economie.Commerce.Commerce itinérant,1
OW,2006,"Enseignement, sciences, documentation et culture.Pédagogie spécialisée.Ecoles spécialisées",1
OW,2007,"Droit civil.Dispositions d'introduction du code civil.Droit des personnes, état civil.Partenariat enregistré",1
OW,2007,"Enseignement, sciences, documentation et culture.Degré prescolaire, école primaire, degré secondaire I.Crèches",1
OW,2007,"Aménagement du territoire et constructions, expropriation, travaux publics, énergie, transports, environnement.Travaux publics.Aménagement des eaux.Corrections des eaux / Protection contre les crues",1
OW,2008,Etat.Dispositions générales.Etablissement et séjour.Etablissement et séjour Suisses.contrôle des habitants,1
OW,2008,Etat.Autorités.Protection des données,1
OW,2008,"Aménagement du territoire et constructions, expropriation, travaux publics, énergie, transports, environnement",1
OW,2010,Etat.Communes.Finances communales,1
OW,2010,Droit pénal.Procédure pénale.Aide aux victimes d'infractions,1
OW,2011,Etat.Autorités.Protection des données,1
OW,2011,"Enseignement, sciences, documentation et culture.Sport scolaire",1
OW,2014,"Economie.Arts et métiers.Services.Restauration, Etablissements publics.Camping",1
OW,2015,"Aménagement du territoire et constructions, expropriation, travaux publics, énergie, transports, environnement.Travaux publics.Aménagement des eaux.Corrections des eaux / Protection contre les crues",1
OW,2016,"Enseignement, sciences, documentation et culture.Art, culture, sport.Encouragement à la culture",1
OW,2016,Economie,1
OW,2020,Economie,1
OW,2024,"Santé, travail, droit des assurances sociales, logement, homes.Santé.Professions médicales.Personnel soignant",1
OW,2025,"Santé, travail, droit des assurances sociales, logement, homes.Santé.Etablissements hospitaliers, cliniques.Hôpitaux cantonaux",1
SG,1890,Droit civil.Dispositions générales d'introduction du code des obligations.Droit commercial.Registre du commerce,1
SG,1911,"Santé, travail, droit des assurances sociales, logement, homes",1
SG,1912,Economie,1
SG,1914,"Défense nationale, protection de la population, police.Protection de la population.Protection contre les incendies / éléments naturels.Protection contre le feu, pompiers",1
SG,1919,"Finances, Impôts, monopoles, entreprises d'état.Monopoles, régales, entreprises d'état.Mines",1
SG,1923,Etat.Eglise et Etat.Eglise catholique romaine,1
SG,1923,"Santé, travail, droit des assurances sociales, logement, homes.Droit du travail.Offices de conciliation",1
SG,1927,Etat,1
SG,1937,Non classé,1
SG,1940,"Etat.Dispositions générales.Droits fondamentaux, droits politiques.droits politiques.Récusation, incompatibilité",1
SG,1941,"Défense nationale, protection de la population, police",1
SG,1941,Economie.Agriculture.Améliorations foncières,1
SG,1952,"Santé, travail, droit des assurances sociales, logement, homes.Droit du travail.Marché du travail.Lutte contre les crises, réserves de crise bénéficiant d'allégements fiscaux",1
SG,1953,Etat.Dispositions générales.Publications officielles.Recueils de législation,1
SG,1955,Etat.Dispositions générales.Droit de cité,1
SG,1959,Etat.Autorités.Responsabilité de l'état,1
SG,1959,Economie.Commerce.Automates à marchandise,1
SG,1960,Etat,1
SG,1960,"Aménagement du territoire et constructions, expropriation, travaux publics, énergie, transports, environnement.Travaux publics.Aménagement des eaux.Utilisation des eaux",1
SG,1964,"Santé, travail, droit des assurances sociales, logement, homes.Santé.Hygiène.Inhumations, cimetières",1
SG,1965,Etat.Autorités.Gouvernement et administration.Procédure administrative,1
SG,1965,"Aménagement du territoire et constructions, expropriation, travaux publics, énergie, transports, environnement",1
SG,1966,Economie,1
SG,1967,Etat,1
SG,1967,Etat.Autorités.Gouvernement et administration.Organisation.Délégation,1
SG,1967,"Finances, Impôts, monopoles, entreprises d'état.Finances.Contributions étatiques, subventions",1
SG,1968,"Enseignement, sciences, documentation et culture.Contributions à la formation.Bourses d'études",1
SG,1968,"Défense nationale, protection de la population, police.Protection de la population.Protection contre les incendies / éléments naturels.Protection contre le feu, pompiers",1
SG,1970,"Enseignement, sciences, documentation et culture.Assurance de la qualité, surveillance, direction.Arrondissements scolaires",1
SG,1971,"Etat.Dispositions générales.Droits fondamentaux, droits politiques.droits politiques.Elections et votations",1
SG,1971,"Enseignement, sciences, documentation et culture.Corps enseignant.Traitement, indemnités",1
SG,1971,"Finances, Impôts, monopoles, entreprises d'état.Finances.Contributions étatiques, subventions",1
SG,1971,"Aménagement du territoire et constructions, expropriation, travaux publics, énergie, transports, environnement.Transports.Transports publics.Transports ferroviaires",1
SG,1971,"Santé, travail, droit des assurances sociales, logement, homes.Santé.Professions médicales.Vétérinaires",1
SG,1973,"Aménagement du territoire et constructions, expropriation, travaux publics, énergie, transports, environnement.Protection de l'environnement.Protection des eaux",1
SG,1974,Etat.Autorités.Responsabilité de l'état,1
SG,1974,"Enseignement, sciences, documentation et culture.Degré prescolaire, école primaire, degré secondaire I.Ecole enfantine",1
SG,1974,"Enseignement, sciences, documentation et culture.Art, culture, sport.Sport",1
SG,1974,"Finances, Impôts, monopoles, entreprises d'état.Monopoles, régales, entreprises d'état.Régale des sels",1
SG,1974,"Aménagement du territoire et constructions, expropriation, travaux publics, énergie, transports, environnement.Transports.Navigation.Impôts et taxes sur les bateaux",1
SG,1976,"Enseignement, sciences, documentation et culture.Art, culture, sport.Art.Cinéma, théâtre, divertissement",1
SG,1976,"Finances, Impôts, monopoles, entreprises d'état.Finances.Contributions étatiques, subventions",1
SG,1977,"Enseignement, sciences, documentation et culture.Pédagogie spécialisée.Ecoles spécialisées",1
SG,1977,Economie.Agriculture.Améliorations foncières,1
SG,1978,"Aménagement du territoire et constructions, expropriation, travaux publics, énergie, transports, environnement.Transports.Circulation routière.Impôts et taxes de la circulation",1
SG,1979,Etat,1
SG,1979,"Santé, travail, droit des assurances sociales, logement, homes",1
SG,1979,"Santé, travail, droit des assurances sociales, logement, homes.Assistance.Avances sur les pensions alimentaires",1
SG,1979,Non classé,1
SG,1980,"Enseignement, sciences, documentation et culture.Degré secondaire II.Ecole moyenne",1
SG,1980,"Enseignement, sciences, documentation et culture.Degré tertiaire: Hautes écoles.Pédagogie",1
SG,1980,"Défense nationale, protection de la population, police",1
SG,1980,"Santé, travail, droit des assurances sociales, logement, homes",1
SG,1982,"Santé, travail, droit des assurances sociales, logement, homes.Logement.Mesures d'encouragement à la construction de logements",1
SG,1982,Economie,1
SG,1983,"Enseignement, sciences, documentation et culture",1
SG,1983,"Enseignement, sciences, documentation et culture.Degré prescolaire, école primaire, degré secondaire I.Ecole primaire, degré secondaire I",1
SG,1984,"Aménagement du territoire et constructions, expropriation, travaux publics, énergie, transports, environnement.Expropriation",1
SG,1984,"Santé, travail, droit des assurances sociales, logement, homes",1
SG,1985,Etat,1
SG,1985,"Enseignement, sciences, documentation et culture.Art, culture, sport.Art.Cinéma, théâtre, divertissement",1
SG,1985,"Défense nationale, protection de la population, police.Sécurité intérieure.Maintien de la tranquillité et de l'ordre public.Chiens, animaux dangereux",1
SG,1985,"Santé, travail, droit des assurances sociales, logement, homes.Droit des assurances sociales.Assurance maternité, contributions financières aux mères",1
SG,1985,Economie.Commerce.Commerce itinérant,1
SG,1987,"Aménagement du territoire et constructions, expropriation, travaux publics, énergie, transports, environnement",1
SG,1987,"Santé, travail, droit des assurances sociales, logement, homes",1
SG,1988,Droit civil.Dispositions d'introduction du code civil.Droits réels.Acquisitions des terrains par des personnes domiciliées à l'étranger,1
SG,1988,"Enseignement, sciences, documentation et culture",1
SG,1988,"Aménagement du territoire et constructions, expropriation, travaux publics, énergie, transports, environnement",2
SG,1988,"Santé, travail, droit des assurances sociales, logement, homes.Droit du travail.Marché du travail.Lutte contre les crises, réserves de crise bénéficiant d'allégements fiscaux",1
SG,1990,"Santé, travail, droit des assurances sociales, logement, homes",1
SG,1991,"Aménagement du territoire et constructions, expropriation, travaux publics, énergie, transports, environnement",1
SG,1991,"Santé, travail, droit des assurances sociales, logement, homes.Droit des assurances sociales.Prestations complémentaires",1
SG,1992,"Santé, travail, droit des assurances sociales, logement, homes.Logement.Mesures d'encouragement à la construction de logements",1
SG,1993,"Santé, travail, droit des assurances sociales, logement, homes",1
SG,1993,"Santé, travail, droit des assurances sociales, logement, homes.Droit des assurances sociales.Assurance-chômage",1
SG,1994,Etat,1
SG,1994,"Enseignement, sciences, documentation et culture.Reconnaissance des diplômes",1
SG,1994,"Aménagement du territoire et constructions, expropriation, travaux publics, énergie, transports, environnement.Protection de la nature et du paysage.Protection des animaux",1
SG,1994,"Santé, travail, droit des assurances sociales, logement, homes.Droit des assurances sociales.AVS/AI",1
SG,1995,"Droit civil.Dispositions d'introduction du code civil.Droits réels.Registre foncier, mensurations cadastrales",1
SG,1995,"Enseignement, sciences, documentation et culture.Art, culture, sport.Encouragement à la culture",1
SG,1995,"Finances, Impôts, monopoles, entreprises d'état.Monopoles, régales, entreprises d'état.Alcool",1
SG,1995,"Aménagement du territoire et constructions, expropriation, travaux publics, énergie, transports, environnement.Protection de l'environnement.Etude d'impact sur l'environnement",1
SG,1995,"Santé, travail, droit des assurances sociales, logement, homes",1
SG,1995,Economie.Arts et métiers.Services.Tourisme,1
SG,1996,"Défense nationale, protection de la population, police",1
SG,1996,"Finances, Impôts, monopoles, entreprises d'état.Entreprises d'Etat.Banques cantonales",1
SG,1996,"Aménagement du territoire et constructions, expropriation, travaux publics, énergie, transports, environnement.Protection de l'environnement.Protection des eaux",1
SG,1996,"Santé, travail, droit des assurances sociales, logement, homes",2
SG,1997,Etat,1
SG,1998,Etat,1
SG,1998,"Aménagement du territoire et constructions, expropriation, travaux publics, énergie, transports, environnement",1
SG,1998,"Aménagement du territoire et constructions, expropriation, travaux publics, énergie, transports, environnement.Aménagement du territoire et constructions.Procédure",1
SG,1998,"Aménagement du territoire et constructions, expropriation, travaux publics, énergie, transports, environnement.Travaux publics.Marchés publics",1
SG,1998,"Santé, travail, droit des assurances sociales, logement, homes.Assistance.Aide sociale",1
SG,1999,Droit pénal.Droit pénal des mineurs et procédure pénale des mineurs,1
SG,1999,"Enseignement, sciences, documentation et culture.Degré tertiaire: Hautes écoles.Pédagogie",1
SG,1999,"Santé, travail, droit des assurances sociales, logement, homes",1
SG,2000,Droit civil.Dispositions d'introduction du code civil.Droits réels.Estimation officielle des immeubles,1
SG,2000,"Aménagement du territoire et constructions, expropriation, travaux publics, énergie, transports, environnement",1
SG,2000,"Economie.Commerce.Marché intérieur, entraves techniques au commerce",1
SG,2001,"Finances, Impôts, monopoles, entreprises d'état.Impôts.Taxes sur les spectacles",1
SG,2002,"Aménagement du territoire et constructions, expropriation, travaux publics, énergie, transports, environnement",2
SG,2002,"Santé, travail, droit des assurances sociales, logement, homes",1
SG,2004,Etat,1
SG,2004,Etat.Communes.Fusions communales,1
SG,2004,"Défense nationale, protection de la population, police",1
SG,2004,"Santé, travail, droit des assurances sociales, logement, homes.Droit du travail.Employés.Dimanches et jours fériés",1
SG,2006,Etat.Communes.Fusions communales,1
SG,2006,"Enseignement, sciences, documentation et culture.Degré tertiaire: Hautes écoles.Pédagogie",1
SG,2006,Economie.Promotion de l'économie,1
SG,2007,Etat,1
SG,2007,Etat.Communes.Fusions communales,1
SG,2007,"Aménagement du territoire et constructions, expropriation, travaux publics, énergie, transports, environnement.Protection de l'environnement.Produits toxiques et chimiques",1
SG,2009,Etat.Autorités.Protection des données,1
SG,2009,"Enseignement, sciences, documentation et culture.Art, culture, sport.Encouragement à la culture",1
SG,2009,"Aménagement du territoire et constructions, expropriation, travaux publics, énergie, transports, environnement",1
SG,2010,"Enseignement, sciences, documentation et culture.Documentation.Statistique",1
SG,2010,"Défense nationale, protection de la population, police.Protection de la population.Approvisionnement du pays",1
SG,2010,"Aménagement du territoire et constructions, expropriation, travaux publics, énergie, transports, environnement.Energie.Approvisionnement en énergie",1
SG,2010,"Santé, travail, droit des assurances sociales, logement, homes.Santé.Laboratoires médicaux",1
SG,2011,Etat.Autorités.Gouvernement et administration.Gouvernement.Indemnités,1
SG,2011,"Enseignement, sciences, documentation et culture.Documentation.Archives",1
SG,2011,"Santé, travail, droit des assurances sociales, logement, homes.Santé.Etablissements hospitaliers, cliniques.Cliniques psychiatriques",1
SG,2011,"Santé, travail, droit des assurances sociales, logement, homes.Assistance.Homes.Etablissements pour personnes âgées",1
SG,2012,Droit civil.Dispositions d'introduction du code civil.Droit de la famille.Tutelle,1
SG,2012,"Finances, Impôts, monopoles, entreprises d'état.Finances.Contributions étatiques, subventions",1
SG,2012,"Santé, travail, droit des assurances sociales, logement, homes",1
SG,2012,"Santé, travail, droit des assurances sociales, logement, homes.Droit des assurances sociales.LAMAL.Listes des hôpitaux",1
SG,2013,"Enseignement, sciences, documentation et culture.Documentation.Bibliothèques",1
SG,2013,"Santé, travail, droit des assurances sociales, logement, homes.Droit des assurances sociales.LPP",1
SG,2014,Etat.Dispositions générales.Information du public,1
SG,2015,"Aménagement du territoire et constructions, expropriation, travaux publics, énergie, transports, environnement",1
SG,2017,"Enseignement, sciences, documentation et culture.Art, culture, sport.Encouragement à la culture",1
SG,2018,Etat.Dispositions générales.Publications officielles.Recueils de législation,1
SG,2018,Etat.Autorités.Informatique.E-Government,1
SG,2018,Etat.Eglise et Etat.Eglise catholique romaine,1
SG,2018,"Droit civil.Dispositions d'introduction du code civil.Droits réels.Registre foncier, mensurations cadastrales",1
SG,2020,"Enseignement, sciences, documentation et culture.Degré prescolaire, école primaire, degré secondaire I.Crèches",1
SG,2020,"Santé, travail, droit des assurances sociales, logement, homes.Santé.Lutte contre les maladies.Epidémies, pandémies",1
SG,2021,"Enseignement, sciences, documentation et culture.Art, culture, sport.Encouragement à la culture",1
SG,2021,"Santé, travail, droit des assurances sociales, logement, homes.Santé.Lutte contre les maladies.Epidémies, pandémies",1
SG,2023,"Enseignement, sciences, documentation et culture",1
SG,2023,"Enseignement, sciences, documentation et culture.Degré tertiaire: Ecoles supérieures",1
SG,2024,"Santé, travail, droit des assurances sociales, logement, homes.Santé.Professions médicales.Personnel soignant",1
SG,2025,"Aménagement du territoire et constructions, expropriation, travaux publics, énergie, transports, environnement.Travaux publics.Aménagement des eaux.Corrections des eaux / Protection contre les crues",1
SH,1860,Economie,1
SH,1904,"Etat.Dispositions générales.Droits fondamentaux, droits politiques.droits politiques.Elections et votations",1
SH,1911,"Santé, travail, droit des assurances sociales, logement, homes",1
SH,1922,Economie.Agriculture.Production animale.Commerce du bétail,1
SH,1941,"Santé, travail, droit des assurances sociales, logement, homes",1
SH,1951,"Santé, travail, droit des assurances sociales, logement, homes",1
SH,1956,"Etat.Dispositions générales.Droits fondamentaux, droits politiques.droits politiques.Elections et votations",1
SH,1964,"Aménagement du territoire et constructions, expropriation, travaux publics, énergie, transports, environnement.Expropriation",1
SH,1965,Etat.Autorités.Délais,1
SH,1967,Etat,1
SH,1968,"Enseignement, sciences, documentation et culture",1
SH,1968,"Aménagement du territoire et constructions, expropriation, travaux publics, énergie, transports, environnement.Transports.Circulation routière.Impôts et taxes de la circulation",1
SH,1970,"Santé, travail, droit des assurances sociales, logement, homes.Santé.Substances thérapeutiques, stupéfiants",1
SH,1971,Etat.Autorités.Gouvernement et administration.Procédure administrative,1
SH,1971,"Enseignement, sciences, documentation et culture.Assurance de la qualité, surveillance, direction.Bâtiments scolaires",1
SH,1974,Droit pénal.Droit pénal des mineurs et procédure pénale des mineurs,1
SH,1974,"Finances, Impôts, monopoles, entreprises d'état.Monopoles, régales, entreprises d'état.Régale des sels",1
SH,1976,"Finances, Impôts, monopoles, entreprises d'état.Impôts.Impôts sur les successions et les donations",1
SH,1976,"Santé, travail, droit des assurances sociales, logement, homes",1
SH,1977,"Santé, travail, droit des assurances sociales, logement, homes.Droit du travail.Employés.Dimanches et jours fériés",1
SH,1978,"Aménagement du territoire et constructions, expropriation, travaux publics, énergie, transports, environnement",1
SH,1980,"Aménagement du territoire et constructions, expropriation, travaux publics, énergie, transports, environnement",1
SH,1981,"Enseignement, sciences, documentation et culture.Degré prescolaire, école primaire, degré secondaire I.Ecole enfantine",1
SH,1982,Etat.Eglise et Etat.Eglise catholique romaine,1
SH,1983,"Enseignement, sciences, documentation et culture",1
SH,1983,"Défense nationale, protection de la population, police.Sécurité intérieure.Maintien de la tranquillité et de l'ordre public.Chiens, animaux dangereux",1
SH,1983,"Finances, Impôts, monopoles, entreprises d'état.Entreprises d'Etat.Banques cantonales",1
SH,1983,"Aménagement du territoire et constructions, expropriation, travaux publics, énergie, transports, environnement.Energie.Energie atomique",1
SH,1985,Etat,1
SH,1985,Etat.Autorités.Responsabilité de l'état,1
SH,1985,"Aménagement du territoire et constructions, expropriation, travaux publics, énergie, transports, environnement.Transports.Navigation.Impôts et taxes sur les bateaux",1
SH,1986,Droit pénal.Procédure pénale.Codes de procédure pénale,1
SH,1986,"Enseignement, sciences, documentation et culture.Pédagogie spécialisée.Ecoles d'art et de sport",2
SH,1987,Droit civil.Dispositions d'introduction du code civil.Droits réels.Acquisitions des terrains par des personnes domiciliées à l'étranger,1
SH,1988,"Santé, travail, droit des assurances sociales, logement, homes.Droit du travail.Marché du travail.Lutte contre les crises, réserves de crise bénéficiant d'allégements fiscaux",1
SH,1989,Etat.Communes.Finances communales,1
SH,1989,"Finances, Impôts, monopoles, entreprises d'état.Finances.Budget, comptes",1
SH,1991,Etat.Dispositions générales.Droit de cité,1
SH,1992,"Enseignement, sciences, documentation et culture",1
SH,1992,"Aménagement du territoire et constructions, expropriation, travaux publics, énergie, transports, environnement.Protection de la nature et du paysage.Protection des animaux",1
SH,1994,Etat.Autorités.Protection des données,1
SH,1994,"Santé, travail, droit des assurances sociales, logement, homes",1
SH,1994,"Santé, travail, droit des assurances sociales, logement, homes.Assistance.Aide sociale",1
SH,1995,"Défense nationale, protection de la population, police",1
SH,1995,"Santé, travail, droit des assurances sociales, logement, homes.Assistance.Homes.Etablissements pour personnes âgées",1
SH,1996,Etat,1
SH,1996,Etat.Dispositions générales.Etablissement et séjour.Etablissement et séjour des étrangers.mesures de contrainte,1
SH,1997,"Aménagement du territoire et constructions, expropriation, travaux publics, énergie, transports, environnement",1
SH,1997,"Santé, travail, droit des assurances sociales, logement, homes.Droit des assurances sociales.Assurance-chômage",1
SH,1997,Economie,1
SH,1998,Etat,1
SH,1998,"Aménagement du territoire et constructions, expropriation, travaux publics, énergie, transports, environnement",1
SH,1998,"Santé, travail, droit des assurances sociales, logement, homes.Droit des assurances sociales.Prestations complémentaires",1
SH,1998,Economie.Promotion de l'économie,1
SH,1998,"Economie.Commerce.Marché intérieur, entraves techniques au commerce",1
SH,1999,"Santé, travail, droit des assurances sociales, logement, homes.Assistance.Aide sociale",1
SH,1999,Economie,1
SH,2000,"Finances, Impôts, monopoles, entreprises d'état",1
SH,2000,"Aménagement du territoire et constructions, expropriation, travaux publics, énergie, transports, environnement.Energie.Electricité",1
SH,2000,"Aménagement du territoire et constructions, expropriation, travaux publics, énergie, transports, environnement.Transports.Transports publics.Transports régionaux",1
SH,2000,"Santé, travail, droit des assurances sociales, logement, homes",1
SH,2001,"Aménagement du territoire et constructions, expropriation, travaux publics, énergie, transports, environnement.Protection de l'environnement.Protection des eaux",1
SH,2002,Economie.Arts et métiers.Services.Jeux de hasard et loteries.Maisons de jeu,1
SH,2003,"Défense nationale, protection de la population, police.Protection de la population.Protection contre les incendies / éléments naturels.Protection contre le feu, pompiers",1
SH,2003,"Finances, Impôts, monopoles, entreprises d'état",1
SH,2003,Economie,1
SH,2004,Etat,2
SH,2004,"Finances, Impôts, monopoles, entreprises d'état.Monopoles, régales, entreprises d'état.Alcool",1
SH,2004,"Aménagement du territoire et constructions, expropriation, travaux publics, énergie, transports, environnement",1
SH,2004,"Santé, travail, droit des assurances sociales, logement, homes",1
SH,2004,Economie.Commerce.Commerce itinérant,1
SH,2005,"Aménagement du territoire et constructions, expropriation, travaux publics, énergie, transports, environnement",1
SH,2006,Etat.Communes.Finances communales,1
SH,2006,"Enseignement, sciences, documentation et culture.Art, culture, sport.Encouragement à la culture",1
SH,2007,"Finances, Impôts, monopoles, entreprises d'état",1
SH,2007,"Santé, travail, droit des assurances sociales, logement, homes",2
SH,2008,"Défense nationale, protection de la population, police.Sécurité intérieure.Maintien de la tranquillité et de l'ordre public.Chiens, animaux dangereux",1
SH,2008,"Finances, Impôts, monopoles, entreprises d'état.Entreprises d'Etat.Banques cantonales",1
SH,2008,Economie.Promotion de l'économie,1
SH,2009,"Etat.Autorités.Organisation judiciaire.Autorités judiciaires.Juges d'instruction, Ministère public.Ministère public",1
SH,2011,"Aménagement du territoire et constructions, expropriation, travaux publics, énergie, transports, environnement.Transports.Transports publics.Transports ferroviaires",1
SH,2012,"Droit civil.Dispositions d'introduction du code civil.Droits réels.Registre foncier, mensurations cadastrales",1
SH,2013,"Santé, travail, droit des assurances sociales, logement, homes.Droit des assurances sociales.LPP",1
SH,2016,"Défense nationale, protection de la population, police",1
SH,2017,Economie.Arts et métiers.Services.Tourisme,1
SH,2018,"Aménagement du territoire et constructions, expropriation, travaux publics, énergie, transports, environnement",1
SH,2019,"Enseignement, sciences, documentation et culture",1
SH,2019,"Aménagement du territoire et constructions, expropriation, travaux publics, énergie, transports, environnement.Protection de la nature et du paysage.Protection du paysage",1
SH,2020,"Enseignement, sciences, documentation et culture.Degré prescolaire, école primaire, degré secondaire I.Crèches",1
SH,2021,"Santé, travail, droit des assurances sociales, logement, homes.Santé.Lutte contre les maladies.Epidémies, pandémies",1
SH,2022,Etat,1
SH,2024,"Etat.Autorités.Ombudsman, médiateur",1
SH,2024,"Aménagement du territoire et constructions, expropriation, travaux publics, énergie, transports, environnement",1
SH,2024,"Santé, travail, droit des assurances sociales, logement, homes.Santé.Professions médicales.Personnel soignant",1
SH,2025,Droit pénal.Procédure pénale.Aide aux victimes d'infractions,1
SH,2025,"Santé, travail, droit des assurances sociales, logement, homes.Droit des assurances sociales.AVS/AI",1
SO,1873,"Santé, travail, droit des assurances sociales, logement, homes.Droit du travail.Employés.Dimanches et jours fériés",1
SO,1901,"Droit civil.Procédure civile.Emoluments, frais",1
SO,1909,"Enseignement, sciences, documentation et culture",1
SO,1911,Droit civil,1
SO,1918,Etat.Eglise et Etat.Eglise catholique romaine,1
SO,1925,"Aménagement du territoire et constructions, expropriation, travaux publics, énergie, transports, environnement.Travaux publics.Aménagement des eaux.Utilisation des eaux",1
SO,1926,Etat.Eglise et Etat.Eglise catholique romaine,1
SO,1941,Droit pénal,1
SO,1943,"Santé, travail, droit des assurances sociales, logement, homes.Logement.Mesures d'encouragement à la construction de logements",1
SO,1944,"Enseignement, sciences, documentation et culture.Assurance de la qualité, surveillance, direction.Médecine scolaire, services psychologiques scolaires",1
SO,1946,Etat.Eglise et Etat.Eglise catholique romaine,1
SO,1946,"Santé, travail, droit des assurances sociales, logement, homes.Droit du travail.Employés.Temps de travail",1
SO,1954,Droit civil,1
SO,1961,"Aménagement du territoire et constructions, expropriation, travaux publics, énergie, transports, environnement.Travaux publics.Routes.Routes nationales",1
SO,1961,"Aménagement du territoire et constructions, expropriation, travaux publics, énergie, transports, environnement.Transports.Circulation routière.Impôts et taxes de la circulation",1
SO,1963,Etat.Autorités.Délais,1
SO,1963,"Enseignement, sciences, documentation et culture.Corps enseignant.Traitement, indemnités",1
SO,1964,"Santé, travail, droit des assurances sociales, logement, homes.Droit du travail.Employés.Dimanches et jours fériés",1
SO,1966,Etat.Autorités.Responsabilité de l'état,1
SO,1966,Droit civil,1
SO,1966,"Santé, travail, droit des assurances sociales, logement, homes.Logement.Mesures d'encouragement à la construction de logements",1
SO,1967,"Enseignement, sciences, documentation et culture.Art, culture, sport.Encouragement à la culture",1
SO,1968,Etat.Dispositions générales.Publications officielles.Recueils de législation,1
SO,1968,"Aménagement du territoire et constructions, expropriation, travaux publics, énergie, transports, environnement.Protection de l'environnement.Protection des eaux",1
SO,1970,Etat.Autorités.Gouvernement et administration.Procédure administrative,1
SO,1970,Droit pénal.Procédure pénale.Codes de procédure pénale,1
SO,1972,Etat,1
SO,1972,"Défense nationale, protection de la population, police.Protection de la population.Protection contre les incendies / éléments naturels.Protection contre le feu, pompiers",1
SO,1972,"Défense nationale, protection de la population, police.Sécurité intérieure.Maintien de la tranquillité et de l'ordre public.Chiens, animaux dangereux",1
SO,1973,"Etat.Autorités.Organisation judiciaire.Autorités judiciaires.Prud'hommes, Tribunaux des baux à loyer",1
SO,1974,"Finances, Impôts, monopoles, entreprises d'état.Monopoles, régales, entreprises d'état.Régale des sels",1
SO,1976,Etat,1
SO,1977,Etat,1
SO,1979,"Santé, travail, droit des assurances sociales, logement, homes",1
SO,1980,"Enseignement, sciences, documentation et culture",1
SO,1980,"Aménagement du territoire et constructions, expropriation, travaux publics, énergie, transports, environnement.Transports.Navigation.Impôts et taxes sur les bateaux",1
SO,1980,"Santé, travail, droit des assurances sociales, logement, homes.Assistance.Avances sur les pensions alimentaires",1
SO,1981,Etat.Autorités.Gouvernement et administration.Organisation.Délégation,1
SO,1982,"Finances, Impôts, monopoles, entreprises d'état.Impôts.Taxes sur les spectacles",1
SO,1984,Etat.Communes.Finances communales,1
SO,1984,"Santé, travail, droit des assurances sociales, logement, homes.Assistance.Conseil aux femmes enceintes",1
SO,1985,"Enseignement, sciences, documentation et culture",3
SO,1985,"Finances, Impôts, monopoles, entreprises d'état",1
SO,1985,Economie.Promotion de l'économie,1
SO,1986,"Finances, Impôts, monopoles, entreprises d'état",1
SO,1987,Droit civil.Dispositions d'introduction du code civil.Droits réels.Acquisitions des terrains par des personnes domiciliées à l'étranger,1
SO,1988,Etat.Eglise et Etat.Eglise catholique romaine,1
SO,1988,"Aménagement du territoire et constructions, expropriation, travaux publics, énergie, transports, environnement.Protection de la nature et du paysage.Protection des animaux",1
SO,1989,"Enseignement, sciences, documentation et culture",1
SO,1989,"Santé, travail, droit des assurances sociales, logement, homes.Droit du travail.Marché du travail.Lutte contre les crises, réserves de crise bénéficiant d'allégements fiscaux",1
SO,1989,"Santé, travail, droit des assurances sociales, logement, homes.Assistance.Aide sociale",1
SO,1990,"Défense nationale, protection de la population, police.Sécurité intérieure.Police.Police cantonale",1
SO,1990,"Santé, travail, droit des assurances sociales, logement, homes.Assistance.Homes.Etablissements pour personnes âgées",1
SO,1991,Droit pénal,1
SO,1992,Etat,1
SO,1992,"Aménagement du territoire et constructions, expropriation, travaux publics, énergie, transports, environnement",1
SO,1993,Etat.Dispositions générales.Droit de cité,1
SO,1993,"Santé, travail, droit des assurances sociales, logement, homes",1
SO,1994,"Finances, Impôts, monopoles, entreprises d'état.Entreprises d'Etat.Banques cantonales",1
SO,1994,"Santé, travail, droit des assurances sociales, logement, homes.Droit des assurances sociales.Assurance-chômage",1
SO,1994,Economie,1
SO,1996,Etat,1
SO,1996,"Enseignement, sciences, documentation et culture",1
SO,1996,"Finances, Impôts, monopoles, entreprises d'état.Monopoles, régales, entreprises d'état.Alcool",1
SO,1996,"Aménagement du territoire et constructions, expropriation, travaux publics, énergie, transports, environnement.Travaux publics.Marchés publics",1
SO,1997,"Enseignement, sciences, documentation et culture",1
SO,1997,"Santé, travail, droit des assurances sociales, logement, homes.Logement.Mesures d'encouragement à la construction de logements",1
SO,1999,Etat,1
SO,1999,"Santé, travail, droit des assurances sociales, logement, homes",1
SO,2000,Etat,1
SO,2000,"Aménagement du territoire et constructions, expropriation, travaux publics, énergie, transports, environnement",1
SO,2001,Etat.Dispositions générales.Information du public,1
SO,2001,"Enseignement, sciences, documentation et culture.Degré tertiaire: Hautes écoles.Pédagogie",1
SO,2003,Etat.Autorités.Gouvernement et administration.New Public Management,1
SO,2003,"Santé, travail, droit des assurances sociales, logement, homes.Santé.Substances thérapeutiques, stupéfiants",1
SO,2004,"Santé, travail, droit des assurances sociales, logement, homes",1
SO,2005,"Défense nationale, protection de la population, police",1
SO,2006,"Enseignement, sciences, documentation et culture.Documentation.Archives",1
SO,2006,"Défense nationale, protection de la population, police.Protection de la population.Approvisionnement du pays",1
SO,2007,"Santé, travail, droit des assurances sociales, logement, homes.Droit du travail.Marché du travail.Travail au noir",1
SO,2009,"Aménagement du territoire et constructions, expropriation, travaux publics, énergie, transports, environnement",1
SO,2010,Droit civil,1
SO,2010,Droit pénal.Droit pénal des mineurs et procédure pénale des mineurs,1
SO,2010,"Santé, travail, droit des assurances sociales, logement, homes",1
SO,2010,Economie,1
SO,2011,"Droit civil.Dispositions d'introduction du code civil.Droit des personnes, état civil.Fondations, surveillance.Fondations LPP",1
SO,2013,"Droit civil.Dispositions d'introduction du code civil.Droits réels.Registre foncier, mensurations cadastrales",1
SO,2014,"Etat.Dispositions générales.Droits fondamentaux, droits politiques.droits politiques.Elections et votations",1
SO,2014,"Etat.Autorités.Gouvernement et administration.Droit du personnel.Pensions, prestations d'assurance",1
SO,2014,Etat.Communes.Finances communales,1
SO,2015,Etat.Autorités.Gouvernement et administration.Gouvernement.Pensions,1
SO,2015,Droit pénal.Procédure pénale.Aide aux victimes d'infractions,1
SO,2018,Etat.Dispositions générales.Publications officielles.Recueils de législation,1
SO,2018,"Aménagement du territoire et constructions, expropriation, travaux publics, énergie, transports, environnement",1
SO,2019,Etat.Communes.Finances communales,1
SO,2020,Etat.Autorités.Informatique.E-Government,1
SO,2020,Economie.Arts et métiers.Services.Jeux de hasard et loteries.Fonds de loterie,1
SO,2022,Economie,2
SO,2024,"Santé, travail, droit des assurances sociales, logement, homes.Santé.Professions médicales.Personnel soignant",1
SO,2025,Etat,1
SZ,1870,"Aménagement du territoire et constructions, expropriation, travaux publics, énergie, transports, environnement.Expropriation",1
SZ,1906,Etat.Autorités.Parlement.Election du parlement,1
SZ,1927,"Aménagement du territoire et constructions, expropriation, travaux publics, énergie, transports, environnement.Protection de la nature et du paysage.Protection des monuments et des biens culturels",1
SZ,1929,"Finances, Impôts, monopoles, entreprises d'état",1
SZ,1943,"Santé, travail, droit des assurances sociales, logement, homes",1
SZ,1946,"Santé, travail, droit des assurances sociales, logement, homes.Assistance.Donations et collectes publiques",1
SZ,1953,"Santé, travail, droit des assurances sociales, logement, homes.Droit des assurances sociales.Allocation perte de gain",1
SZ,1953,"Santé, travail, droit des assurances sociales, logement, homes.Droit des assurances sociales.Allocations familiales.Travailleurs agricoles",1
SZ,1955,"Droit civil.Dispositions d'introduction du code civil.Droits réels.Registre foncier, mensurations cadastrales",1
SZ,1958,Etat.Autorités.Gouvernement et administration.Gouvernement.Pensions,1
SZ,1958,"Droit civil.Dispositions d'introduction du code civil.Droits réels.Registre foncier, mensurations cadastrales",1
SZ,1958,"Aménagement du territoire et constructions, expropriation, travaux publics, énergie, transports, environnement",1
SZ,1958,"Aménagement du territoire et constructions, expropriation, travaux publics, énergie, transports, environnement.Transports.Circulation routière.Impôts et taxes de la circulation",1
SZ,1958,"Santé, travail, droit des assurances sociales, logement, homes",1
SZ,1959,"Economie.Arts et métiers.Services.Restauration, Etablissements publics.Camping",1
SZ,1961,"Aménagement du territoire et constructions, expropriation, travaux publics, énergie, transports, environnement.Travaux publics.Routes.Routes nationales",1
SZ,1965,"Droit civil.Dispositions d'introduction du code civil.Droits réels.Registre foncier, mensurations cadastrales",1
SZ,1965,"Aménagement du territoire et constructions, expropriation, travaux publics, énergie, transports, environnement",1
SZ,1965,"Santé, travail, droit des assurances sociales, logement, homes.Droit des assurances sociales.Prestations complémentaires",1
SZ,1967,"Aménagement du territoire et constructions, expropriation, travaux publics, énergie, transports, environnement",1
SZ,1967,"Santé, travail, droit des assurances sociales, logement, homes",1
SZ,1968,Etat.Autorités.Parlement.Indemnisation des parlementaires,1
SZ,1969,"Etat.Dispositions générales.Territoire.Délimitations territoriales, districts",1
SZ,1970,Etat.Dispositions générales.Droit de cité,1
SZ,1970,"Etat.Dispositions générales.Droits fondamentaux, droits politiques.droits politiques.Elections et votations",1
SZ,1970,Etat.Autorités.Responsabilité de l'état,1
SZ,1970,"Finances, Impôts, monopoles, entreprises d'état.Impôts.Taxe de séjour, taxes d'hébergement",2
SZ,1972,"Enseignement, sciences, documentation et culture.Degré secondaire II.Ecole moyenne",1
SZ,1972,"Finances, Impôts, monopoles, entreprises d'état.Finances.Contributions étatiques, subventions",1
SZ,1972,"Aménagement du territoire et constructions, expropriation, travaux publics, énergie, transports, environnement",1
SZ,1972,"Santé, travail, droit des assurances sociales, logement, homes",1
SZ,1973,"Enseignement, sciences, documentation et culture.Degré prescolaire, école primaire, degré secondaire I.Ecole primaire, degré secondaire I",1
SZ,1973,"Enseignement, sciences, documentation et culture.Degré secondaire II.Ecole moyenne",1
SZ,1973,"Aménagement du territoire et constructions, expropriation, travaux publics, énergie, transports, environnement.Travaux publics.Aménagement des eaux.Utilisation des eaux",1
SZ,1974,Etat.Autorités.Gouvernement et administration.Procédure administrative,1
SZ,1974,"Santé, travail, droit des assurances sociales, logement, homes",3
SZ,1976,"Aménagement du territoire et constructions, expropriation, travaux publics, énergie, transports, environnement",2
SZ,1977,"Finances, Impôts, monopoles, entreprises d'état.Impôts.Droits de mutation",1
SZ,1978,"Santé, travail, droit des assurances sociales, logement, homes",1
SZ,1979,"Aménagement du territoire et constructions, expropriation, travaux publics, énergie, transports, environnement",1
SZ,1979,Economie.Agriculture.Améliorations foncières,2
SZ,1979,Economie.Commerce.Commerce itinérant,1
SZ,1980,"Finances, Impôts, monopoles, entreprises d'état.Entreprises d'Etat.Banques cantonales",1
SZ,1980,"Santé, travail, droit des assurances sociales, logement, homes",1
SZ,1980,"Santé, travail, droit des assurances sociales, logement, homes.Assistance.Personnes handicapés.Ateliers protégés",1
SZ,1981,"Défense nationale, protection de la population, police.Protection de la population.Protection contre les incendies / éléments naturels.Assurances des bâtiments.Assurance contre les dommages causés par les éléments naturels",1
SZ,1981,"Santé, travail, droit des assurances sociales, logement, homes.Logement.Logement dans les zones de montagne",1
SZ,1983,"Enseignement, sciences, documentation et culture.Degré secondaire II: Formation professionnelle initiale.Orientation professionnelle",1
SZ,1983,"Enseignement, sciences, documentation et culture.Documentation.Bibliothèques",1
SZ,1983,"Défense nationale, protection de la population, police.Sécurité intérieure.Maintien de la tranquillité et de l'ordre public.Chiens, animaux dangereux",1
SZ,1983,"Santé, travail, droit des assurances sociales, logement, homes.Assistance.Aide sociale",1
SZ,1985,Droit civil.Procédure civile.Exécution,1
SZ,1986,"Enseignement, sciences, documentation et culture.Assurance de la qualité, surveillance, direction.Bâtiments scolaires",1
SZ,1986,"Finances, Impôts, monopoles, entreprises d'état",1
SZ,1986,"Finances, Impôts, monopoles, entreprises d'état.Finances.Budget, comptes",1
SZ,1986,Economie.Promotion de l'économie,1
SZ,1987,Etat.Dispositions générales.Etablissement et séjour.Etablissement et séjour Suisses.contrôle des habitants,1
SZ,1987,Droit civil.Dispositions d'introduction du code civil.Droits réels.Acquisitions des terrains par des personnes domiciliées à l'étranger,1
SZ,1987,"Finances, Impôts, monopoles, entreprises d'état",1
SZ,1987,"Aménagement du territoire et constructions, expropriation, travaux publics, énergie, transports, environnement",2
SZ,1988,"Santé, travail, droit des assurances sociales, logement, homes.Droit du travail.Marché du travail.Lutte contre les crises, réserves de crise bénéficiant d'allégements fiscaux",1
SZ,1989,"Aménagement du territoire et constructions, expropriation, travaux publics, énergie, transports, environnement.Aménagement du territoire et constructions.Remembrements",1
SZ,1989,"Aménagement du territoire et constructions, expropriation, travaux publics, énergie, transports, environnement.Protection de la nature et du paysage.Protection des animaux",1
SZ,1990,"Aménagement du territoire et constructions, expropriation, travaux publics, énergie, transports, environnement.Aménagement du territoire et constructions.Equipement",1
SZ,1991,"Etat.Autorités.Gouvernement et administration.Droit du personnel.Traitements, indemnités",1
SZ,1991,"Aménagement du territoire et constructions, expropriation, travaux publics, énergie, transports, environnement.Transports.Navigation.Impôts et taxes sur les bateaux",1
SZ,1991,"Santé, travail, droit des assurances sociales, logement, homes.Droit des assurances sociales.Assurance-chômage",1
SZ,1991,"Santé, travail, droit des assurances sociales, logement, homes.Logement.Mesures d'encouragement à la construction de logements",1
SZ,1991,Economie.Agriculture.Epizooties,1
SZ,1992,Etat.Dispositions générales.Information du public,1
SZ,1992,"Enseignement, sciences, documentation et culture.Formation continue (Degré quaternaire).Formation des adultes",1
SZ,1992,"Aménagement du territoire et constructions, expropriation, travaux publics, énergie, transports, environnement.Protection de la nature et du paysage.Protection des animaux",1
SZ,1994,Etat.Communes.Finances communales,1
SZ,1994,"Défense nationale, protection de la population, police.Protection de la population.Protection contre les incendies / éléments naturels.Protection contre le feu, pompiers",1
SZ,1994,"Santé, travail, droit des assurances sociales, logement, homes.Droit des assurances sociales.AVS/AI",1
SZ,1995,"Santé, travail, droit des assurances sociales, logement, homes.Droit des assurances sociales.LAMAL.Réduction des primes",1
SZ,1996,"Etat.Dispositions générales.Droits fondamentaux, droits politiques.égalité entre hommes et femmes",1
SZ,1996,"Droit civil.Dispositions d'introduction du code civil.Droits réels.Registre foncier, mensurations cadastrales",1
SZ,1997,Etat.Autorités.Organisation judiciaire.Rémunération et indemnités des juges,1
SZ,1997,"Finances, Impôts, monopoles, entreprises d'état.Monopoles, régales, entreprises d'état.Alcool",1
SZ,1998,"Santé, travail, droit des assurances sociales, logement, homes",1
SZ,1999,Etat.Autorités.Gouvernement et administration.New Public Management,1
SZ,1999,"Finances, Impôts, monopoles, entreprises d'état.Monopoles, régales, entreprises d'état.Mines",1
SZ,1999,"Aménagement du territoire et constructions, expropriation, travaux publics, énergie, transports, environnement",1
SZ,1999,"Santé, travail, droit des assurances sociales, logement, homes",2
SZ,2000,Etat.Professions juridiques.Notaires.Légalisation,1
SZ,2000,"Défense nationale, protection de la population, police.Défense.Taxe d'exemption",1
SZ,2000,"Défense nationale, protection de la population, police.Sécurité intérieure.Police.Police cantonale",1
SZ,2000,"Finances, Impôts, monopoles, entreprises d'état",1
SZ,2000,"Aménagement du territoire et constructions, expropriation, travaux publics, énergie, transports, environnement",1
SZ,2000,"Aménagement du territoire et constructions, expropriation, travaux publics, énergie, transports, environnement.Protection de l'environnement.Protection des eaux",1
SZ,2001,"Finances, Impôts, monopoles, entreprises d'état",1
SZ,2001,"Santé, travail, droit des assurances sociales, logement, homes.Droit du travail.Employés.Dimanches et jours fériés",1
SZ,2002,"Enseignement, sciences, documentation et culture",1
SZ,2002,"Enseignement, sciences, documentation et culture.Corps enseignant.Traitement, indemnités",1
SZ,2002,"Santé, travail, droit des assurances sociales, logement, homes",2
SZ,2002,"Santé, travail, droit des assurances sociales, logement, homes.Droit des assurances sociales.Allocations familiales.Salariés et indépendants",1
SZ,2003,"Santé, travail, droit des assurances sociales, logement, homes",2
SZ,2004,"Etat.Autorités.Gouvernement et administration.Droit du personnel.Pensions, prestations d'assurance",1
SZ,2004,Droit civil.Dispositions d'introduction du code civil.Droits réels.Estimation officielle des immeubles,3
SZ,2004,"Aménagement du territoire et constructions, expropriation, travaux publics, énergie, transports, environnement.Travaux publics.Routes.Chemins pédestres et de randonnée",1
SZ,2005,"Santé, travail, droit des assurances sociales, logement, homes",1
SZ,2007,"Santé, travail, droit des assurances sociales, logement, homes.Assistance.Homes.Etablissements pour personnes âgées",1
SZ,2008,Etat.Dispositions générales.Etablissement et séjour.Etablissement et séjour des étrangers.asile,2
SZ,2008,"Aménagement du territoire et constructions, expropriation, travaux publics, énergie, transports, environnement.Transports.Conduites",1
SZ,2009,Etat.Autorités.Informatique.E-Government,1
SZ,2009,Droit pénal.Amendes d'ordre,1
SZ,2009,"Aménagement du territoire et constructions, expropriation, travaux publics, énergie, transports, environnement",1
SZ,2011,"Aménagement du territoire et constructions, expropriation, travaux publics, énergie, transports, environnement.Energie.Approvisionnement en énergie",1
SZ,2011,"Aménagement du territoire et constructions, expropriation, travaux publics, énergie, transports, environnement.Transports.Circulation routière.Impôts et taxes de la circulation",1
SZ,2012,"Enseignement, sciences, documentation et culture.Degré tertiaire: Hautes écoles.Pédagogie",1
SZ,2012,"Finances, Impôts, monopoles, entreprises d'état.Finances.Contrôle des finances",1
SZ,2015,"Enseignement, sciences, documentation et culture.Documentation.Archives",1
SZ,2019,"Etat.Dispositions générales.Droits fondamentaux, droits politiques.droits politiques.Elections et votations",1
SZ,2019,"Aménagement du territoire et constructions, expropriation, travaux publics, énergie, transports, environnement.Protection de la nature et du paysage.Protection des monuments et des biens culturels",1
SZ,2019,"Santé, travail, droit des assurances sociales, logement, homes",1
SZ,2022,Etat.Autorités.Organisation judiciaire.Personnel des tribunaux,1
SZ,2022,"Enseignement, sciences, documentation et culture.Degré prescolaire, école primaire, degré secondaire I.Crèches",1
SZ,2023,"Aménagement du territoire et constructions, expropriation, travaux publics, énergie, transports, environnement",1
SZ,2024,"Enseignement, sciences, documentation et culture.Pédagogie spécialisée.Ecoles d'art et de sport",1
SZ,2024,"Santé, travail, droit des assurances sociales, logement, homes.Santé.Professions médicales.Personnel soignant",1
TG,1935,Economie.Agriculture.Production animale.Commerce du bétail,1
TG,1938,Economie,1
TG,1947,"Santé, travail, droit des assurances sociales, logement, homes.Droit des assurances sociales.AVS/AI",1
TG,1966,"Santé, travail, droit des assurances sociales, logement, homes.Logement.Mesures d'encouragement à la construction de logements",1
TG,1970,Etat.Eglise et Etat.Eglise catholique romaine,1
TG,1970,Droit pénal.Procédure pénale.Codes de procédure pénale,1
TG,1971,"Santé, travail, droit des assurances sociales, logement, homes.Droit des assurances sociales.Prestations complémentaires",1
TG,1974,"Finances, Impôts, monopoles, entreprises d'état.Monopoles, régales, entreprises d'état.Régale des sels",1
TG,1975,"Aménagement du territoire et constructions, expropriation, travaux publics, énergie, transports, environnement.Transports.Navigation.Impôts et taxes sur les bateaux",1
TG,1976,Economie,2
TG,1978,Etat,1
TG,1978,"Enseignement, sciences, documentation et culture.Degré prescolaire, école primaire, degré secondaire I.Ecole primaire, degré secondaire I",1
TG,1979,Etat.Autorités.Responsabilité de l'état,1
TG,1980,"Défense nationale, protection de la population, police.Sécurité intérieure.Police.Police cantonale",1
TG,1981,Etat.Autorités.Gouvernement et administration.Procédure administrative,1
TG,1982,"Enseignement, sciences, documentation et culture",1
TG,1983,"Défense nationale, protection de la population, police.Sécurité intérieure.Maintien de la tranquillité et de l'ordre public.Chiens, animaux dangereux",1
TG,1983,"Aménagement du territoire et constructions, expropriation, travaux publics, énergie, transports, environnement",1
TG,1983,"Aménagement du territoire et constructions, expropriation, travaux publics, énergie, transports, environnement.Travaux publics.Aménagement des eaux.Utilisation des eaux",1
TG,1984,Etat.Dispositions générales.Etablissement et séjour.Etablissement et séjour Suisses.contrôle des habitants,1
TG,1984,"Aménagement du territoire et constructions, expropriation, travaux publics, énergie, transports, environnement.Expropriation",1
TG,1984,"Santé, travail, droit des assurances sociales, logement, homes.Assistance.Aide sociale",1
TG,1984,Economie.Agriculture.Epizooties,1
TG,1985,"Enseignement, sciences, documentation et culture",1
TG,1985,"Santé, travail, droit des assurances sociales, logement, homes",1
TG,1986,"Aménagement du territoire et constructions, expropriation, travaux publics, énergie, transports, environnement",1
TG,1986,"Santé, travail, droit des assurances sociales, logement, homes.Droit des assurances sociales.Allocations familiales.Travailleurs agricoles",1
TG,1987,Etat.Autorités.Protection des données,1
TG,1987,Droit civil.Dispositions d'introduction du code civil.Droits réels.Acquisitions des terrains par des personnes domiciliées à l'étranger,1
TG,1988,Etat,1
TG,1988,"Finances, Impôts, monopoles, entreprises d'état.Entreprises d'Etat.Banques cantonales",1
TG,1988,"Aménagement du territoire et constructions, expropriation, travaux publics, énergie, transports, environnement",1
TG,1988,"Santé, travail, droit des assurances sociales, logement, homes",2
TG,1988,Economie.Agriculture.Améliorations foncières,1
TG,1989,Etat,1
TG,1989,"Finances, Impôts, monopoles, entreprises d'état.Impôts.Impôts sur les successions et les donations",1
TG,1989,"Santé, travail, droit des assurances sociales, logement, homes.Droit du travail.Employés.Dimanches et jours fériés",1
TG,1990,"Enseignement, sciences, documentation et culture",1
TG,1991,Etat.Dispositions générales.Droit de cité,1
TG,1992,"Enseignement, sciences, documentation et culture",1
TG,1992,"Finances, Impôts, monopoles, entreprises d'état.Impôts.Impôts sur le revenu et la fortune / impôts sur les bénéfices et les capitaux.Impôt cantonal",1
TG,1992,"Aménagement du territoire et constructions, expropriation, travaux publics, énergie, transports, environnement",1
TG,1992,"Aménagement du territoire et constructions, expropriation, travaux publics, énergie, transports, environnement.Protection de la nature et du paysage.Protection des animaux",1
TG,1993,"Enseignement, sciences, documentation et culture.Art, culture, sport.Encouragement à la culture",1
TG,1993,"Aménagement du territoire et constructions, expropriation, travaux publics, énergie, transports, environnement.Protection de l'environnement.Déchets",1
TG,1993,"Santé, travail, droit des assurances sociales, logement, homes.Santé.Etique",1
TG,1994,"Défense nationale, protection de la population, police.Protection de la population.Protection contre les incendies / éléments naturels.Protection contre le feu, pompiers",1
TG,1994,"Finances, Impôts, monopoles, entreprises d'état.Finances.Budget, comptes",1
TG,1994,"Aménagement du territoire et constructions, expropriation, travaux publics, énergie, transports, environnement.Travaux publics.Marchés publics",1
TG,1994,Economie,1
TG,1995,"Etat.Dispositions générales.Droits fondamentaux, droits politiques.droits politiques.Elections et votations",1
TG,1995,"Droit civil.Dispositions d'introduction du code civil.Droits réels.Registre foncier, mensurations cadastrales",1
TG,1995,"Enseignement, sciences, documentation et culture.Degré prescolaire, école primaire, degré secondaire I.Ecole primaire, degré secondaire I",1
TG,1995,"Santé, travail, droit des assurances sociales, logement, homes",1
TG,1996,"Droit civil.Dispositions d'introduction du code civil.Droits réels.Registre foncier, mensurations cadastrales",1
TG,1996,"Finances, Impôts, monopoles, entreprises d'état.Monopoles, régales, entreprises d'état.Alcool",1
TG,1996,"Aménagement du territoire et constructions, expropriation, travaux publics, énergie, transports, environnement.Travaux publics.Marchés publics",1
TG,1996,Economie,1
TG,1997,"Aménagement du territoire et constructions, expropriation, travaux publics, énergie, transports, environnement.Protection de l'environnement.Protection des eaux",1
TG,1998,"Défense nationale, protection de la population, police",1
TG,1998,Economie.Arts et métiers.Services.Jeux de hasard et loteries.Maisons de jeu,1
TG,1999,Etat,1
TG,1999,"Aménagement du territoire et constructions, expropriation, travaux publics, énergie, transports, environnement.Travaux publics.Aménagement des eaux.Utilisation des eaux",1
TG,1999,"Santé, travail, droit des assurances sociales, logement, homes",1
TG,2000,Etat,1
TG,2000,"Enseignement, sciences, documentation et culture",1
TG,2000,"Aménagement du territoire et constructions, expropriation, travaux publics, énergie, transports, environnement.Energie.Electricité",1
TG,2000,Economie,1
TG,2001,Etat,1
TG,2001,"Enseignement, sciences, documentation et culture.Degré tertiaire: Ecoles supérieures",1
TG,2002,Etat.Communes.Finances communales,1
TG,2002,Economie.Commerce.Horaires de fermeture des magasins,1
TG,2004,"Enseignement, sciences, documentation et culture.Degré prescolaire, école primaire, degré secondaire I.Crèches",1
TG,2004,"Défense nationale, protection de la population, police",1
TG,2004,"Aménagement du territoire et constructions, expropriation, travaux publics, énergie, transports, environnement",1
TG,2006,"Aménagement du territoire et constructions, expropriation, travaux publics, énergie, transports, environnement.Transports.Circulation routière.Impôts et taxes de la circulation",1
TG,2006,"Santé, travail, droit des assurances sociales, logement, homes.Santé.Prévention des dépendances.Alcoolisme",1
TG,2007,Droit civil.Procédure civile.Exécution,1
TG,2009,Droit pénal.Procédure pénale.Codes de procédure pénale,1
TG,2010,"Aménagement du territoire et constructions, expropriation, travaux publics, énergie, transports, environnement.Energie.Approvisionnement en énergie",1
TG,2011,"Enseignement, sciences, documentation et culture.Art, culture, sport.Sport",1
TG,2015,"Finances, Impôts, monopoles, entreprises d'état.Monopoles, régales, entreprises d'état.Mines",1
TG,2020,Etat.Eglise et Etat.Eglise catholique romaine,1
TG,2020,"Enseignement, sciences, documentation et culture.Documentation.Archives",1
TG,2020,Economie,1
TG,2021,"Enseignement, sciences, documentation et culture.Documentation.Statistique",1
TG,2021,"Aménagement du territoire et constructions, expropriation, travaux publics, énergie, transports, environnement.Protection de la nature et du paysage.Protection des animaux",1
TG,2022,Etat.Dispositions générales.Information du public,1
TG,2022,"Aménagement du territoire et constructions, expropriation, travaux publics, énergie, transports, environnement",1
TG,2023,"Aménagement du territoire et constructions, expropriation, travaux publics, énergie, transports, environnement",1
TG,2024,Droit pénal.Procédure pénale.Aide aux victimes d'infractions,1
TG,2024,"Santé, travail, droit des assurances sociales, logement, homes",1
TG,2025,"Santé, travail, droit des assurances sociales, logement, homes.Droit des assurances sociales.AVS/AI",1
TI,1803,Etat.Dispositions générales.Armoiries,1
TI,1803,"Etat.Dispositions générales.Territoire.Délimitations territoriales, districts",1
TI,1907,Etat,1
TI,1911,Droit civil,1
TI,1912,"Aménagement du territoire et constructions, expropriation, travaux publics, énergie, transports, environnement.Transports.Funiculaires, téléphériques, téléskis",1
TI,1913,"Aménagement du territoire et constructions, expropriation, travaux publics, énergie, transports, environnement.Travaux publics.Aménagement des eaux.Corrections des eaux / Protection contre les crues",1
TI,1914,Etat.Professions juridiques.Notaires.Légalisation,1
TI,1928,Etat.Autorités.Gouvernement et administration.Administration.Départements,1
TI,1928,"Aménagement du territoire et constructions, expropriation, travaux publics, énergie, transports, environnement",1
TI,1931,Economie,1
TI,1934,"Santé, travail, droit des assurances sociales, logement, homes.Droit du travail.Employés.Dimanches et jours fériés",1
TI,1941,Non classé,1
TI,1944,"Aménagement du territoire et constructions, expropriation, travaux publics, énergie, transports, environnement.Protection de la nature et du paysage.Protection des monuments et des biens culturels",1
TI,1945,Etat.Communes.Fusions communales,1
TI,1945,Droit pénal,1
TI,1951,"Aménagement du territoire et constructions, expropriation, travaux publics, énergie, transports, environnement.Transports.Funiculaires, téléphériques, téléskis",1
TI,1954,"Etat.Autorités.Gouvernement et administration.Droit du personnel.Traitements, indemnités",1
TI,1956,Etat.Dispositions générales.Publications officielles.Recueils de législation,1
TI,1957,Non classé,1
TI,1958,"Aménagement du territoire et constructions, expropriation, travaux publics, énergie, transports, environnement.Energie.Electricité",1
TI,1960,"Aménagement du territoire et constructions, expropriation, travaux publics, énergie, transports, environnement.Travaux publics.Routes.Routes nationales",1
TI,1961,"Etat.Autorités.Organisation judiciaire.Autorités judiciaires.Tribunaux administratifs, des assurances et des assurances sociales",1
TI,1961,"Aménagement du territoire et constructions, expropriation, travaux publics, énergie, transports, environnement.Protection de la nature et du paysage.Protection des rives",1
TI,1963,Etat.Autorités.Gouvernement et administration.Gouvernement.Indemnités,1
TI,1964,Etat.Autorités.Délais,1
TI,1964,"Santé, travail, droit des assurances sociales, logement, homes",1
TI,1965,"Etat.Autorités.Organisation judiciaire.Emoluments judiciaires, frais de justice",1
TI,1965,"Etat.Communes.Bourgeoisies, allmends",1
TI,1966,Etat.Autorités.Gouvernement et administration.Procédure administrative,1
TI,1966,"Droit civil.Dispositions d'introduction du code civil.Droits réels.Registre foncier, mensurations cadastrales",1
TI,1968,"Santé, travail, droit des assurances sociales, logement, homes",1
TI,1969,Economie.Agriculture.Epizooties,1
TI,1970,"Aménagement du territoire et constructions, expropriation, travaux publics, énergie, transports, environnement.Aménagement du territoire et constructions.Remembrements",1
TI,1971,Droit civil,1
TI,1971,"Aménagement du territoire et constructions, expropriation, travaux publics, énergie, transports, environnement.Expropriation",1
TI,1972,"Santé, travail, droit des assurances sociales, logement, homes.Logement.Logement dans les zones de montagne",1
TI,1973,Etat.Autorités.Organisation judiciaire.Rémunération et indemnités des juges,1
TI,1973,"Enseignement, sciences, documentation et culture.Degré prescolaire, école primaire, degré secondaire I.Ecole primaire, degré secondaire I",2
TI,1973,"Santé, travail, droit des assurances sociales, logement, homes",1
TI,1974,Etat,1
TI,1974,Droit pénal,1
TI,1974,"Enseignement, sciences, documentation et culture.Degré secondaire II.Ecole moyenne",1
TI,1975,"Aménagement du territoire et constructions, expropriation, travaux publics, énergie, transports, environnement.Protection de l'environnement.Protection des eaux",1
TI,1976,"Etat.Autorités.Gouvernement et administration.Droit du personnel.Pensions, prestations d'assurance",1
TI,1976,"Enseignement, sciences, documentation et culture.Art, culture, sport.Sport",1
TI,1976,"Défense nationale, protection de la population, police.Sécurité intérieure.Entreprises de sécurité",1
TI,1977,Droit pénal.Droit pénal des mineurs et procédure pénale des mineurs,1
TI,1977,"Aménagement du territoire et constructions, expropriation, travaux publics, énergie, transports, environnement.Transports.Circulation routière.Impôts et taxes de la circulation",1
TI,1977,Economie.Développement économiques dans les régions de montagne,1
TI,1978,"Aménagement du territoire et constructions, expropriation, travaux publics, énergie, transports, environnement.Protection de l'environnement.Protection des eaux",1
TI,1978,"Santé, travail, droit des assurances sociales, logement, homes",1
TI,1978,"Santé, travail, droit des assurances sociales, logement, homes.Santé.Substances thérapeutiques, stupéfiants",1
TI,1979,"Santé, travail, droit des assurances sociales, logement, homes.Droit des assurances sociales.AVS/AI",1
TI,1980,Etat,1
TI,1980,"Finances, Impôts, monopoles, entreprises d'état.Impôts.Impôts sur les chiens",1
TI,1981,"Défense nationale, protection de la population, police.Sécurité intérieure.Explosifs",1
TI,1981,"Santé, travail, droit des assurances sociales, logement, homes.Droit du travail.Travail à domicile",1
TI,1982,"Enseignement, sciences, documentation et culture.Degré secondaire II.Ecole moyenne",1
TI,1982,"Aménagement du territoire et constructions, expropriation, travaux publics, énergie, transports, environnement",1
TI,1982,"Aménagement du territoire et constructions, expropriation, travaux publics, énergie, transports, environnement.Protection de l'environnement.Protection des eaux",1
TI,1983,"Etat.Professions juridiques.Notaires.Taxes, tarifs",1
TI,1983,"Aménagement du territoire et constructions, expropriation, travaux publics, énergie, transports, environnement",1
TI,1983,Economie,1
TI,1984,Etat,1
TI,1984,"Santé, travail, droit des assurances sociales, logement, homes.Droit des assurances sociales.LAA",1
TI,1984,Economie.Arts et métiers.Services.Professions soumises à autorisation,1
TI,1985,"Etat.Autorités.Gouvernement et administration.Droit du personnel.Traitements, indemnités",1
TI,1985,"Aménagement du territoire et constructions, expropriation, travaux publics, énergie, transports, environnement.Transports.Circulation routière.Impôts et taxes de la circulation",1
TI,1985,"Santé, travail, droit des assurances sociales, logement, homes",1
TI,1986,Etat,1
TI,1986,"Défense nationale, protection de la population, police.Sécurité intérieure.Maintien de la tranquillité et de l'ordre public.Domaine public",1
TI,1986,"Finances, Impôts, monopoles, entreprises d'état.Finances.Contrôle des finances",1
TI,1986,"Finances, Impôts, monopoles, entreprises d'état.Impôts.Taxes sur les spectacles",1
TI,1987,Etat,1
TI,1987,Etat.Autorités.Protection des données,1
TI,1987,"Aménagement du territoire et constructions, expropriation, travaux publics, énergie, transports, environnement.Protection de la nature et du paysage.Protection des animaux",1
TI,1987,"Santé, travail, droit des assurances sociales, logement, homes.Assistance.Conseil aux femmes enceintes",1
TI,1988,Etat,1
TI,1988,Etat.Autorités.Responsabilité de l'état,1
TI,1988,Droit civil,1
TI,1988,Droit civil.Dispositions d'introduction du code civil.Droits réels.Acquisitions des terrains par des personnes domiciliées à l'étranger,1
TI,1988,Droit civil.Dispositions générales d'introduction du code des obligations.Des divers contrats.Bail à loyer et à ferme.Bail à ferme agricole,1
TI,1988,Droit pénal.Procédure pénale.Entraide judiciaire,1
TI,1988,"Finances, Impôts, monopoles, entreprises d'état.Entreprises d'Etat.Banques cantonales",1
TI,1988,"Aménagement du territoire et constructions, expropriation, travaux publics, énergie, transports, environnement.Protection de l'environnement.Déchets",1
TI,1988,"Santé, travail, droit des assurances sociales, logement, homes.Droit du travail.Marché du travail.Lutte contre les crises, réserves de crise bénéficiant d'allégements fiscaux",1
TI,1989,"Santé, travail, droit des assurances sociales, logement, homes",1
TI,1989,"Santé, travail, droit des assurances sociales, logement, homes.Assistance.Consultation familiale et matrimoniale",1
TI,1989,Economie,1
TI,1989,Non classé,1
TI,1990,"Enseignement, sciences, documentation et culture.Degré prescolaire, école primaire, degré secondaire I.Ecole enfantine",1
TI,1990,"Enseignement, sciences, documentation et culture.Formation continue (Degré quaternaire).Formation continue des enseignants",1
TI,1990,"Enseignement, sciences, documentation et culture.Documentation.Musées",1
TI,1990,"Aménagement du territoire et constructions, expropriation, travaux publics, énergie, transports, environnement",2
TI,1990,"Aménagement du territoire et constructions, expropriation, travaux publics, énergie, transports, environnement.Aménagement du territoire et constructions.Remembrements",1
TI,1990,"Aménagement du territoire et constructions, expropriation, travaux publics, énergie, transports, environnement.Protection de la nature et du paysage.Protection des animaux",1
TI,1990,"Santé, travail, droit des assurances sociales, logement, homes.Droit des assurances sociales.Caisses de compensation",1
TI,1991,Droit pénal.Procédure pénale.Aide aux victimes d'infractions,1
TI,1991,"Enseignement, sciences, documentation et culture.Documentation.Bibliothèques",1
TI,1991,"Aménagement du territoire et constructions, expropriation, travaux publics, énergie, transports, environnement",1
TI,1992,"Etat.Communes.Bourgeoisies, allmends",1
TI,1992,Droit civil,2
TI,1993,"Santé, travail, droit des assurances sociales, logement, homes.Droit des assurances sociales.AVS/AI",1
TI,1994,Etat.Dispositions générales.Droit de cité,1
TI,1994,Droit pénal.Procédure pénale.Codes de procédure pénale,1
TI,1994,Droit pénal.Amendes d'ordre,1
TI,1994,"Finances, Impôts, monopoles, entreprises d'état",1
TI,1994,"Finances, Impôts, monopoles, entreprises d'état.Finances.Contributions étatiques, subventions",1
TI,1994,"Finances, Impôts, monopoles, entreprises d'état.Monopoles, régales, entreprises d'état.Alcool",1
TI,1994,"Aménagement du territoire et constructions, expropriation, travaux publics, énergie, transports, environnement",2
TI,1994,"Aménagement du territoire et constructions, expropriation, travaux publics, énergie, transports, environnement.Travaux publics.Routes.Chemins pédestres et de randonnée",1
TI,1994,"Santé, travail, droit des assurances sociales, logement, homes",1
TI,1994,"Santé, travail, droit des assurances sociales, logement, homes.Santé.Hygiène.Alimentation en eau",1
TI,1995,Etat.Autorités.Gouvernement et administration.Droit du personnel.Engagement,1
TI,1995,"Enseignement, sciences, documentation et culture",1
TI,1995,"Enseignement, sciences, documentation et culture.Contributions à la formation.Bourses d'études",1
TI,1995,"Santé, travail, droit des assurances sociales, logement, homes.Santé.Hygiène.Enfouissement des déchets carnés",1
TI,1995,Non classé,1
TI,1996,Etat,1
TI,1996,"Etat.Dispositions générales.Droits fondamentaux, droits politiques.égalité entre hommes et femmes",1
TI,1996,Droit civil.Dispositions d'introduction du code civil.Droits réels.Estimation officielle des immeubles,1
TI,1996,"Enseignement, sciences, documentation et culture",1
TI,1996,"Enseignement, sciences, documentation et culture.Degré prescolaire, école primaire, degré secondaire I.Ecole enfantine",1
TI,1996,"Enseignement, sciences, documentation et culture.Assurance de la qualité, surveillance, direction.Assurance scolaire",1
TI,1996,"Défense nationale, protection de la population, police.Protection de la population.Protection contre les incendies / éléments naturels.Protection contre le feu, pompiers",1
TI,1996,"Aménagement du territoire et constructions, expropriation, travaux publics, énergie, transports, environnement.Protection de la nature et du paysage.Protection des animaux",2
TI,1996,"Santé, travail, droit des assurances sociales, logement, homes",2
TI,1996,"Santé, travail, droit des assurances sociales, logement, homes.Assistance.Protection de la jeunesse, aide à la jeunesse",1
TI,1996,Economie.Agriculture.Droit foncier rural,1
TI,1997,Etat.Dispositions générales.Etablissement et séjour.Etablissement et séjour des étrangers.mesures de contrainte,1
TI,1997,Etat.Eglise et Etat.Eglise évangélique réformée,1
TI,1997,Droit civil,1
TI,1997,Droit civil.Dispositions générales d'introduction du code des obligations.Droit commercial.Registre du commerce,1
TI,1997,"Aménagement du territoire et constructions, expropriation, travaux publics, énergie, transports, environnement",1
TI,1997,"Aménagement du territoire et constructions, expropriation, travaux publics, énergie, transports, environnement.Protection de l'environnement.Produits toxiques et chimiques",1
TI,1997,"Aménagement du territoire et constructions, expropriation, travaux publics, énergie, transports, environnement.Protection de la nature et du paysage.Protection des monuments et des biens culturels",1
TI,1997,"Santé, travail, droit des assurances sociales, logement, homes",2
TI,1997,"Santé, travail, droit des assurances sociales, logement, homes.Santé.Soins à domicile",1
TI,1997,"Santé, travail, droit des assurances sociales, logement, homes.Droit des assurances sociales.Prestations complémentaires",1
TI,1997,"Santé, travail, droit des assurances sociales, logement, homes.Droit des assurances sociales.Assurance-chômage",2
TI,1997,Economie.Promotion de l'économie,1
TI,1997,Economie.Arts et métiers.Services.Professions soumises à autorisation,1
TI,1997,Economie.Commerce.Poids et mesures. moyens de paiement,1
TI,1998,Etat,2
TI,1998,"Droit civil.Dispositions d'introduction du code civil.Droits réels.Registre foncier, mensurations cadastrales",1
TI,1998,"Enseignement, sciences, documentation et culture.Degré secondaire II: Formation professionnelle initiale.Orientation professionnelle",1
TI,1998,"Santé, travail, droit des assurances sociales, logement, homes.Droit du travail.Travail à domicile",1
TI,1998,Economie,1
TI,1998,Economie.Arts et métiers.Services.Tourisme,1
TI,1999,Etat.Autorités.Protection des données,1
TI,1999,"Droit civil.Dispositions d'introduction du code civil.Droit des personnes, état civil.Fondations, surveillance.Fondations LPP",1
TI,1999,Droit civil.Dispositions d'introduction du code civil.Droit de la famille.Tutelle,1
TI,1999,Droit pénal.Droit pénal des mineurs et procédure pénale des mineurs,1
TI,1999,"Santé, travail, droit des assurances sociales, logement, homes.Santé.Services psychiatriques",1
TI,2000,"Enseignement, sciences, documentation et culture.Pédagogie spécialisée.Ecoles spécialisées",1
TI,2000,"Enseignement, sciences, documentation et culture.Documentation.Statistique",1
TI,2000,"Défense nationale, protection de la population, police.Sécurité intérieure.Armes et munitions",1
TI,2000,"Aménagement du territoire et constructions, expropriation, travaux publics, énergie, transports, environnement.Aménagement du territoire et constructions.Affichage et publicité",1
TI,2000,"Santé, travail, droit des assurances sociales, logement, homes",1
TI,2000,"Santé, travail, droit des assurances sociales, logement, homes.Santé.Etablissements hospitaliers, cliniques.Hôpitaux cantonaux",1
TI,2000,"Santé, travail, droit des assurances sociales, logement, homes.Assistance.Aide sociale",1
TI,2001,"Aménagement du territoire et constructions, expropriation, travaux publics, énergie, transports, environnement.Travaux publics.Marchés publics",1
TI,2001,"Aménagement du territoire et constructions, expropriation, travaux publics, énergie, transports, environnement.Protection de la nature et du paysage.Protection de la nature",2
TI,2001,"Santé, travail, droit des assurances sociales, logement, homes",1
TI,2001,"Santé, travail, droit des assurances sociales, logement, homes.Santé.Urgences, ambulances",1
TI,2001,Economie.Arts et métiers.Services.Prostitution,1
TI,2002,Etat,1
TI,2002,Etat.Dispositions générales.Documents d'identité,1
TI,2002,Etat.Communes.Finances communales,1
TI,2002,Etat.Eglise et Etat.Eglise catholique romaine,1
TI,2002,Etat.Professions juridiques.Avocats.Assistance judiciaire,1
TI,2002,"Aménagement du territoire et constructions, expropriation, travaux publics, énergie, transports, environnement.Travaux publics.Aménagement des eaux.Utilisation des eaux",1
TI,2002,"Santé, travail, droit des assurances sociales, logement, homes.Santé.Substances thérapeutiques, stupéfiants",1
TI,2002,Economie,2
TI,2003,Etat,1
TI,2003,"Santé, travail, droit des assurances sociales, logement, homes.Assistance.Avances sur les pensions alimentaires",1
TI,2003,Economie.Arts et métiers.Services.Crédit à la consommation,1
TI,2003,Economie.Commerce.Surveillance des prix,1
TI,2003,Economie.Commerce.Commerce itinérant,1
TI,2004,"Aménagement du territoire et constructions, expropriation, travaux publics, énergie, transports, environnement.Protection de l'environnement.Déchets",1
TI,2004,"Santé, travail, droit des assurances sociales, logement, homes",1
TI,2004,Economie.Arts et métiers.Services.Professions soumises à autorisation,1
TI,2004,"Economie.Arts et métiers.Services.Restauration, Etablissements publics.Camping",1
TI,2005,Etat.Autorités.Gouvernement et administration.Droit du personnel.Places de stationnement,1
TI,2005,Etat.Autorités.Gouvernement et administration.New Public Management,1
TI,2005,"Droit civil.Dispositions d'introduction du code civil.Droits réels.Registre foncier, mensurations cadastrales",1
TI,2005,"Enseignement, sciences, documentation et culture.Art, culture, sport.Art.Cinéma, théâtre, divertissement",1
TI,2005,"Aménagement du territoire et constructions, expropriation, travaux publics, énergie, transports, environnement.Aménagement du territoire et constructions.Procédure",1
TI,2005,"Aménagement du territoire et constructions, expropriation, travaux publics, énergie, transports, environnement.Travaux publics.Aménagement des eaux.Corrections des eaux / Protection contre les crues",1
TI,2005,"Aménagement du territoire et constructions, expropriation, travaux publics, énergie, transports, environnement.Protection de la nature et du paysage.Champignons",2
TI,2005,"Santé, travail, droit des assurances sociales, logement, homes.Droit du travail.Marché du travail.Envoi de travailleurs à l'étranger",1
TI,2006,Etat,1
TI,2006,"Droit civil.Dispositions d'introduction du code civil.Droits réels.Registre foncier, mensurations cadastrales",1
TI,2007,Etat,1
TI,2007,"Défense nationale, protection de la population, police.Protection de la population.Protection civile.Constructions de protection civile",1
TI,2008,Droit civil.Dispositions générales d'introduction du code des obligations.Des divers contrats.Contrat de travail.Conventions collectives.Déclaration de force obligatoire générale,1
TI,2008,"Défense nationale, protection de la population, police.Sécurité intérieure.Maintien de la tranquillité et de l'ordre public.Chiens, animaux dangereux",1
TI,2008,"Aménagement du territoire et constructions, expropriation, travaux publics, énergie, transports, environnement.Transports.Funiculaires, téléphériques, téléskis",1
TI,2009,"Enseignement, sciences, documentation et culture.Documentation.Statistique",1
TI,2009,"Aménagement du territoire et constructions, expropriation, travaux publics, énergie, transports, environnement.Energie.Electricité",1
TI,2011,Etat.Dispositions générales.Information du public,1
TI,2011,"Enseignement, sciences, documentation et culture.Documentation.Archives",1
TI,2011,"Défense nationale, protection de la population, police.Sécurité intérieure.Police.Coopération en matière de police",1
TI,2013,"Droit civil.Dispositions d'introduction du code civil.Droits réels.Registre foncier, mensurations cadastrales",1
TI,2013,"Enseignement, sciences, documentation et culture.Art, culture, sport.Encouragement à la culture",1
TI,2014,"Enseignement, sciences, documentation et culture.Art, culture, sport.Sport",1
TI,2015,"Santé, travail, droit des assurances sociales, logement, homes.Droit des assurances sociales.Assurance maternité, contributions financières aux mères",1
TI,2015,Economie.Arts et métiers.Services.Professions soumises à autorisation,1
TI,2015,Economie.Commerce.Horaires de fermeture des magasins,1
TI,2015,Non classé,1
TI,2016,Economie.Promotion de l'économie,1
TI,2019,"Santé, travail, droit des assurances sociales, logement, homes",1
TI,2020,"Défense nationale, protection de la population, police.Défense.Administration militaire",1
TI,2021,Droit pénal,1
TI,2021,"Santé, travail, droit des assurances sociales, logement, homes.Santé.Lutte contre les maladies.Epidémies, pandémies",1
TI,2022,"Défense nationale, protection de la population, police.Protection de la population.Protection contre les incendies / éléments naturels.Protection contre les incendies",1
TI,2023,Economie.Commerce.Commerce itinérant,1
TI,2025,Etat.Autorités.Protection des données,1
UR,1859,"Etat.Dispositions générales.Droits fondamentaux, droits politiques.droits politiques.Elections et votations",1
UR,1890,"Etat.Dispositions générales.Droits fondamentaux, droits politiques.droits politiques.Elections et votations",1
UR,1935,Etat.Dispositions générales.Droit de cité,1
UR,1952,"Aménagement du territoire et constructions, expropriation, travaux publics, énergie, transports, environnement.Expropriation",1
UR,1964,"Finances, Impôts, monopoles, entreprises d'état.Finances.Contributions étatiques, subventions",1
UR,1966,"Enseignement, sciences, documentation et culture.Art, culture, sport.Art.Cinéma, théâtre, divertissement",2
UR,1966,"Santé, travail, droit des assurances sociales, logement, homes.Droit des assurances sociales.Prestations complémentaires",1
UR,1970,"Défense nationale, protection de la population, police",1
UR,1970,"Santé, travail, droit des assurances sociales, logement, homes",1
UR,1971,"Aménagement du territoire et constructions, expropriation, travaux publics, énergie, transports, environnement",1
UR,1971,Economie.Agriculture.Assurances des animaux,1
UR,1977,"Etat.Dispositions générales.Droits fondamentaux, droits politiques.droits politiques.Récusation, incompatibilité",1
UR,1979,"Etat.Dispositions générales.Droits fondamentaux, droits politiques.droits politiques.Elections et votations",1
UR,1980,Droit pénal.Procédure pénale.Codes de procédure pénale,1
UR,1980,"Santé, travail, droit des assurances sociales, logement, homes",1
UR,1980,Economie,1
UR,1981,"Finances, Impôts, monopoles, entreprises d'état",1
UR,1981,"Aménagement du territoire et constructions, expropriation, travaux publics, énergie, transports, environnement.Protection de l'environnement.Protection des eaux",1
UR,1985,"Santé, travail, droit des assurances sociales, logement, homes",1
UR,1986,Etat,1
UR,1987,"Enseignement, sciences, documentation et culture",1
UR,1987,"Santé, travail, droit des assurances sociales, logement, homes.Assistance.Avances sur les pensions alimentaires",1
UR,1988,Droit pénal,1
UR,1989,Droit civil,1
UR,1989,"Santé, travail, droit des assurances sociales, logement, homes",1
UR,1991,Etat.Autorités.Parlement.Election du parlement,1
UR,1991,"Finances, Impôts, monopoles, entreprises d'état.Impôts.Impôts sur les successions et les donations",1
UR,1992,Etat,1
UR,1992,"Finances, Impôts, monopoles, entreprises d'état",1
UR,1992,"Aménagement du territoire et constructions, expropriation, travaux publics, énergie, transports, environnement.Travaux publics.Aménagement des eaux.Utilisation des eaux",1
UR,1993,"Santé, travail, droit des assurances sociales, logement, homes",1
UR,1994,Etat.Autorités.Protection des données,1
UR,1994,Droit civil,1
UR,1994,"Aménagement du territoire et constructions, expropriation, travaux publics, énergie, transports, environnement.Transports.Circulation routière.Impôts et taxes de la circulation",1
UR,1995,"Finances, Impôts, monopoles, entreprises d'état.Monopoles, régales, entreprises d'état.Mines",1
UR,1996,Droit civil,1
UR,1996,"Défense nationale, protection de la population, police.Protection de la population.Protection contre les incendies / éléments naturels.Protection contre le feu, pompiers",1
UR,1996,"Finances, Impôts, monopoles, entreprises d'état.Impôts.Taxe foncière",1
UR,1996,"Aménagement du territoire et constructions, expropriation, travaux publics, énergie, transports, environnement",1
UR,1996,"Santé, travail, droit des assurances sociales, logement, homes.Droit des assurances sociales.LAA",1
UR,1997,"Enseignement, sciences, documentation et culture.Degré prescolaire, école primaire, degré secondaire I.Ecole primaire, degré secondaire I",1
UR,1997,"Santé, travail, droit des assurances sociales, logement, homes.Assistance.Aide sociale",1
UR,1998,"Finances, Impôts, monopoles, entreprises d'état.Monopoles, régales, entreprises d'état.Alcool",1
UR,1998,"Aménagement du territoire et constructions, expropriation, travaux publics, énergie, transports, environnement.Travaux publics.Routes.Chemins pédestres et de randonnée",1
UR,1998,Economie.Promotion de l'économie,1
UR,1999,"Santé, travail, droit des assurances sociales, logement, homes",1
UR,2000,"Santé, travail, droit des assurances sociales, logement, homes.Santé.Etablissements hospitaliers, cliniques.Hôpitaux cantonaux",1
UR,2001,"Finances, Impôts, monopoles, entreprises d'état.Entreprises d'Etat.Banques cantonales",1
UR,2003,"Santé, travail, droit des assurances sociales, logement, homes.Droit du travail.Employés.Dimanches et jours fériés",1
UR,2004,"Droit civil.Dispositions d'introduction du code civil.Droits réels.Registre foncier, mensurations cadastrales",1
UR,2005,"Défense nationale, protection de la population, police",1
UR,2006,Etat.Dispositions générales.Information du public,1
UR,2006,Economie,1
UR,2007,"Aménagement du territoire et constructions, expropriation, travaux publics, énergie, transports, environnement.Protection de l'environnement.Protection des eaux",1
UR,2008,Etat.Dispositions générales.Etablissement et séjour.Etablissement et séjour Suisses.contrôle des habitants,1
UR,2008,"Défense nationale, protection de la population, police.Sécurité intérieure.Police.Police cantonale",1
UR,2010,"Santé, travail, droit des assurances sociales, logement, homes",1
UR,2011,Droit civil.Dispositions d'introduction du code civil.Droit de la famille.Tutelle,1
UR,2012,Economie.Arts et métiers.Services.Tourisme,1
UR,2016,"Finances, Impôts, monopoles, entreprises d'état.Finances.Contributions étatiques, subventions",1
UR,2016,"Santé, travail, droit des assurances sociales, logement, homes.Assistance.Protection de la jeunesse, aide à la jeunesse",1
UR,2017,Etat,1
UR,2018,"Finances, Impôts, monopoles, entreprises d'état.Finances.Budget, comptes",1
UR,2021,Non classé,1
UR,2024,"Santé, travail, droit des assurances sociales, logement, homes.Santé.Professions médicales.Personnel soignant",1
VD,1803,"Etat.Dispositions générales.Territoire.Délimitations territoriales, districts",2
VD,1804,"Droit pénal.Dispositions générales d'introduction du code pénal.Criminalité économique, blanchiment d'argent",1
VD,1831,Etat.Dispositions générales.Procédure législative,1
VD,1882,"Finances, Impôts, monopoles, entreprises d'état",1
VD,1891,"Finances, Impôts, monopoles, entreprises d'état.Monopoles, régales, entreprises d'état.Mines",1
VD,1894,Economie.Commerce.Poids et mesures. moyens de paiement,1
VD,1910,Droit civil,1
VD,1911,Economie.Agriculture.Production animale.Commerce du bétail,1
VD,1920,"Aménagement du territoire et constructions, expropriation, travaux publics, énergie, transports, environnement",1
VD,1922,Etat.Dispositions générales.Procédure législative,1
VD,1923,"Aménagement du territoire et constructions, expropriation, travaux publics, énergie, transports, environnement",1
VD,1923,Economie,1
VD,1926,"Aménagement du territoire et constructions, expropriation, travaux publics, énergie, transports, environnement.Protection de l'environnement.Protection des eaux",1
VD,1933,Etat,1
VD,1934,Etat,1
VD,1934,Etat.Autorités.Gouvernement et administration.Emoluments administratifs,1
VD,1934,"Economie.Arts et métiers.Services.Institutions de crédit / assurances.Banques, bourses",1
VD,1935,Droit civil.Dispositions d'introduction du code civil.Droits réels.Estimation officielle des immeubles,1
VD,1936,Droit civil,1
VD,1937,"Enseignement, sciences, documentation et culture",1
VD,1938,Etat,1
VD,1940,Etat,1
VD,1940,Droit pénal,1
VD,1941,Droit civil,1
VD,1944,"Aménagement du territoire et constructions, expropriation, travaux publics, énergie, transports, environnement.Travaux publics.Aménagement des eaux.Utilisation des eaux",1
VD,1944,Economie.Promotion de l'économie,1
VD,1947,Etat,1
VD,1947,Droit civil,1
VD,1947,"Finances, Impôts, monopoles, entreprises d'état",1
VD,1948,"Défense nationale, protection de la population, police.Sécurité intérieure.Maintien de la tranquillité et de l'ordre public.Domaine public",1
VD,1952,"Défense nationale, protection de la population, police.Protection de la population.Protection contre les incendies / éléments naturels.Assurances des bâtiments.Assurance contre les dommages causés par les éléments naturels",1
VD,1952,"Santé, travail, droit des assurances sociales, logement, homes.Droit du travail.Marché du travail.Lutte contre les crises, réserves de crise bénéficiant d'allégements fiscaux",1
VD,1954,"Etat.Autorités.Organisation judiciaire.Autorités judiciaires.Juges d'instruction, Ministère public.Ministère public",1
VD,1954,"Santé, travail, droit des assurances sociales, logement, homes.Droit des assurances sociales.Allocations familiales.Travailleurs agricoles",1
VD,1955,Droit civil,2
VD,1956,Etat,1
VD,1956,"Finances, Impôts, monopoles, entreprises d'état.Impôts.Impôts sur le revenu et la fortune / impôts sur les bénéfices et les capitaux.Impôt communal",1
VD,1957,Etat.Professions juridiques.Notaires.Agents d'affaires,1
VD,1957,"Défense nationale, protection de la population, police.Sécurité intérieure.Maintien de la tranquillité et de l'ordre public.Domaine public",1
VD,1957,"Finances, Impôts, monopoles, entreprises d'état.Monopoles, régales, entreprises d'état.Pétrole",1
VD,1957,Economie,1
VD,1959,"Etat.Dispositions générales.Droits fondamentaux, droits politiques.droits politiques.Récusation, incompatibilité",1
VD,1959,"Etat.Autorités.Organisation judiciaire.Autorités judiciaires.Tribunaux administratifs, des assurances et des assurances sociales",1
VD,1961,Etat.Autorités.Responsabilité de l'état,1
VD,1961,Economie.Agriculture.Améliorations foncières,1
VD,1962,"Aménagement du territoire et constructions, expropriation, travaux publics, énergie, transports, environnement",1
VD,1962,Economie.Agriculture.Crédit agricole,1
VD,1963,"Enseignement, sciences, documentation et culture.Art, culture, sport.Art.Cinéma, théâtre, divertissement",1
VD,1963,"Finances, Impôts, monopoles, entreprises d'état.Impôts.Droits de mutation",1
VD,1964,"Santé, travail, droit des assurances sociales, logement, homes.Santé.Hygiène.Alimentation en eau",1
VD,1964,Economie,1
VD,1965,"Santé, travail, droit des assurances sociales, logement, homes.Droit des assurances sociales.Caisses de compensation",1
VD,1965,"Santé, travail, droit des assurances sociales, logement, homes.Droit des assurances sociales.Prestations complémentaires",1
VD,1965,"Santé, travail, droit des assurances sociales, logement, homes.Droit des assurances sociales.Allocations familiales.Travailleurs agricoles",1
VD,1966,Etat.Autorités.Délais,1
VD,1966,Droit civil,1
VD,1966,"Défense nationale, protection de la population, police.Protection de la population.Protection civile.Protection des biens culturels en temps de guerre",1
VD,1966,Economie.Arts et métiers.Services.Professions soumises à autorisation,1
VD,1967,Etat.Autorités.Gouvernement et administration.Gouvernement.Indemnités,1
VD,1967,"Etat.Autorités.Organisation judiciaire.Autorités judiciaires.Cours supérieures, tribunaux fédéraux",1
VD,1967,Droit pénal.Procédure pénale.Codes de procédure pénale,1
VD,1967,"Santé, travail, droit des assurances sociales, logement, homes.Santé.Soins à domicile",1
VD,1968,"Economie.Arts et métiers.Services.Institutions de crédit / assurances.Banques, bourses",1
VD,1969,Droit pénal.Amendes d'ordre,2
VD,1969,"Aménagement du territoire et constructions, expropriation, travaux publics, énergie, transports, environnement.Protection de la nature et du paysage.Protection des monuments et des biens culturels",1
VD,1970,Etat,1
VD,1970,Etat.Eglise et Etat.Eglise catholique romaine,1
VD,1970,"Défense nationale, protection de la population, police.Protection de la population.Protection contre les incendies / éléments naturels.Protection contre le feu, pompiers",1
VD,1970,Economie.Agriculture.Epizooties,1
VD,1970,Economie.Arts et métiers.Services.Tourisme,1
VD,1971,Droit civil,1
VD,1972,"Droit civil.Dispositions d'introduction du code civil.Droits réels.Registre foncier, mensurations cadastrales",1
VD,1972,Droit pénal.Procédure pénale.Médecine légale,1
VD,1973,Etat.Autorités.Gouvernement et administration.Gouvernement.Préfets,1
VD,1973,Droit pénal,3
VD,1973,Droit pénal.Droit pénal des mineurs et procédure pénale des mineurs,1
VD,1973,"Enseignement, sciences, documentation et culture.Contributions à la formation.Bourses d'études",1
VD,1973,"Finances, Impôts, monopoles, entreprises d'état.Impôts.Droit de timbre",1
VD,1973,"Santé, travail, droit des assurances sociales, logement, homes.Santé.Hygiène.Enfouissement des déchets carnés",1
VD,1973,Economie.Agriculture.Culture des plantes.Vignoble,1
VD,1974,"Aménagement du territoire et constructions, expropriation, travaux publics, énergie, transports, environnement",2
VD,1974,"Aménagement du territoire et constructions, expropriation, travaux publics, énergie, transports, environnement.Expropriation",1
VD,1974,"Aménagement du territoire et constructions, expropriation, travaux publics, énergie, transports, environnement.Protection de l'environnement.Protection des eaux",1
VD,1975,"Enseignement, sciences, documentation et culture.Art, culture, sport.Sport",1
VD,1975,"Défense nationale, protection de la population, police.Sécurité intérieure.Police.Police cantonale",1
VD,1975,"Santé, travail, droit des assurances sociales, logement, homes",1
VD,1976,"Aménagement du territoire et constructions, expropriation, travaux publics, énergie, transports, environnement.Aménagement du territoire et constructions.Zones",1
VD,1977,Etat.Dispositions générales.Publications officielles.Recueils de législation,1
VD,1977,"Enseignement, sciences, documentation et culture.Pédagogie spécialisée.Ecoles spécialisées",1
VD,1978,"Enseignement, sciences, documentation et culture",1
VD,1978,"Santé, travail, droit des assurances sociales, logement, homes",1
VD,1978,Economie,1
VD,1978,"Economie.Arts et métiers.Services.Restauration, Etablissements publics.Camping",1
VD,1979,Etat,1
VD,1979,"Aménagement du territoire et constructions, expropriation, travaux publics, énergie, transports, environnement.Aménagement du territoire et constructions.Plans",1
VD,1980,Etat,1
VD,1980,"Enseignement, sciences, documentation et culture.Degré secondaire II: Formation professionnelle initiale.Orientation professionnelle",1
VD,1981,Etat.Autorités.Protection des données,1
VD,1981,"Etat.Autorités.Organisation judiciaire.Autorités judiciaires.Prud'hommes, Tribunaux des baux à loyer",1
VD,1981,Etat.Professions juridiques.Avocats.Assistance judiciaire,1
VD,1982,"Etat.Autorités.Organisation judiciaire.Autorités judiciaires.Prud'hommes, Tribunaux des baux à loyer",1
VD,1983,Etat.Dispositions générales.Etablissement et séjour.Etablissement et séjour Suisses.contrôle des habitants,1
VD,1983,Droit civil.Dispositions d'introduction du code civil.Droits réels.Acquisitions des terrains par des personnes domiciliées à l'étranger,1
VD,1983,"Aménagement du territoire et constructions, expropriation, travaux publics, énergie, transports, environnement.Energie.Energie atomique",1
VD,1984,"Etat.Autorités.Gouvernement et administration.Droit du personnel.Pensions, prestations d'assurance",2
VD,1984,"Enseignement, sciences, documentation et culture.Degré prescolaire, école primaire, degré secondaire I.Ecole enfantine",1
VD,1984,"Enseignement, sciences, documentation et culture.Degré prescolaire, école primaire, degré secondaire I.Ecole primaire, degré secondaire I",1
VD,1985,Droit civil.Dispositions générales d'introduction du code des obligations.Des divers contrats.Bail à loyer et à ferme.Bail à ferme agricole,1
VD,1985,"Enseignement, sciences, documentation et culture",1
VD,1985,"Aménagement du territoire et constructions, expropriation, travaux publics, énergie, transports, environnement",1
VD,1985,"Santé, travail, droit des assurances sociales, logement, homes",2
VD,1985,Economie.Promotion de l'économie,1
VD,1987,Droit civil,1
VD,1987,Economie,1
VD,1987,Economie.Agriculture.Droit foncier rural,1
VD,1988,Droit civil.Concurrence déloyale / cartels,1
VD,1988,"Finances, Impôts, monopoles, entreprises d'état.Monopoles, régales, entreprises d'état.Mines",1
VD,1988,"Aménagement du territoire et constructions, expropriation, travaux publics, énergie, transports, environnement.Aménagement du territoire et constructions.Affichage et publicité",1
VD,1988,"Santé, travail, droit des assurances sociales, logement, homes.Droit du travail.Marché du travail.Lutte contre les crises, réserves de crise bénéficiant d'allégements fiscaux",1
VD,1989,Etat,1
VD,1989,Etat.Autorités.Gouvernement et administration.Procédure administrative,1
VD,1989,"Aménagement du territoire et constructions, expropriation, travaux publics, énergie, transports, environnement.Protection de l'environnement.Déchets",1
VD,1989,"Aménagement du territoire et constructions, expropriation, travaux publics, énergie, transports, environnement.Protection de la nature et du paysage.Protection des animaux",1
VD,1989,"Santé, travail, droit des assurances sociales, logement, homes",2
VD,1990,"Enseignement, sciences, documentation et culture",1
VD,1990,"Aménagement du territoire et constructions, expropriation, travaux publics, énergie, transports, environnement",1
VD,1991,"Aménagement du territoire et constructions, expropriation, travaux publics, énergie, transports, environnement",1
VD,1991,Economie.Agriculture.Droit foncier rural,2
VD,1992,Droit pénal.Procédure pénale.Aide aux victimes d'infractions,1
VD,1992,"Santé, travail, droit des assurances sociales, logement, homes",1
VD,1993,Droit civil,1
VD,1993,"Défense nationale, protection de la population, police.Protection de la population.Protection contre les incendies / éléments naturels.Protection contre le feu, pompiers",1
VD,1993,"Aménagement du territoire et constructions, expropriation, travaux publics, énergie, transports, environnement.Protection de la nature et du paysage.Protection du paysage",1
VD,1993,"Santé, travail, droit des assurances sociales, logement, homes",1
VD,1993,"Santé, travail, droit des assurances sociales, logement, homes.Droit des assurances sociales.AVS/AI",1
VD,1995,"Etat.Dispositions générales.Droits fondamentaux, droits politiques.égalité entre hommes et femmes",1
VD,1995,Droit civil,1
VD,1995,"Défense nationale, protection de la population, police",1
VD,1995,"Finances, Impôts, monopoles, entreprises d'état.Entreprises d'Etat.Banques cantonales",1
VD,1995,Economie.Agriculture.Mesures d'encouragement,1
VD,1996,"Santé, travail, droit des assurances sociales, logement, homes",1
VD,1996,Economie,1
VD,1997,Economie.Développement économiques dans les régions de montagne,1
VD,1998,Etat,1
VD,1998,"Défense nationale, protection de la population, police.Défense.Taxe d'exemption",1
VD,1998,"Défense nationale, protection de la population, police.Sécurité intérieure.Entreprises de sécurité",1
VD,1998,Economie.Arts et métiers.Services.Jeux de hasard et loteries.Maisons de jeu,1
VD,1999,"Etat.Autorités.Organisation judiciaire.Autorités judiciaires.Prud'hommes, Tribunaux des baux à loyer",1
VD,1999,Etat.Eglise et Etat.Eglise évangélique réformée,1
VD,1999,Droit civil.Dispositions générales d'introduction du code des obligations.Droit commercial.Registre du commerce,1
VD,1999,"Enseignement, sciences, documentation et culture.Documentation.Statistique",1
VD,1999,Economie.Promotion de l'économie,1
VD,2000,Etat,1
VD,2000,"Défense nationale, protection de la population, police.Sécurité intérieure.Armes et munitions",1
VD,2000,"Finances, Impôts, monopoles, entreprises d'état.Impôts.Impôts sur le revenu et la fortune / impôts sur les bénéfices et les capitaux.Impôt cantonal",1
VD,2001,Etat,1
VD,2002,Etat,1
VD,2002,Etat.Dispositions générales.Information du public,1
VD,2002,"Finances, Impôts, monopoles, entreprises d'état.Monopoles, régales, entreprises d'état.Alcool",1
VD,2003,"Etat.Dispositions générales.Droits fondamentaux, droits politiques.droits politiques.Elections et votations",1
VD,2003,"Enseignement, sciences, documentation et culture",1
VD,2003,"Finances, Impôts, monopoles, entreprises d'état.Finances.Budget, comptes",1
VD,2003,"Santé, travail, droit des assurances sociales, logement, homes.Droit du travail.Offices de conciliation",1
VD,2003,"Santé, travail, droit des assurances sociales, logement, homes.Assistance.Aide sociale",2
VD,2004,Etat,1
VD,2004,Etat.Dispositions générales.Droit de cité,1
VD,2004,"Etat.Autorités.Organisation judiciaire.Autorités judiciaires.Cours supérieures, tribunaux fédéraux",1
VD,2004,Etat.Communes.Fusions communales,1
VD,2004,Droit civil,1
VD,2004,"Enseignement, sciences, documentation et culture",2
VD,2004,"Santé, travail, droit des assurances sociales, logement, homes",1
VD,2004,"Santé, travail, droit des assurances sociales, logement, homes.Assistance.Protection de la jeunesse, aide à la jeunesse",1
VD,2004,"Santé, travail, droit des assurances sociales, logement, homes.Assistance.Avances sur les pensions alimentaires",1
VD,2004,Economie.Arts et métiers.Services.Prostitution,1
VD,2005,Etat,2
VD,2005,Etat.Communes.Finances communales,1
VD,2005,"Finances, Impôts, monopoles, entreprises d'état.Finances.Contributions étatiques, subventions",1
VD,2005,"Finances, Impôts, monopoles, entreprises d'état.Impôts.Impôts sur les successions et les donations",1
VD,2005,"Aménagement du territoire et constructions, expropriation, travaux publics, énergie, transports, environnement.Transports.Circulation routière.Impôts et taxes de la circulation",1
VD,2005,"Santé, travail, droit des assurances sociales, logement, homes",1
VD,2005,Economie.Arts et métiers.Services.Professions soumises à autorisation,1
VD,2006,"Etat.Dispositions générales.Territoire.Délimitations territoriales, districts",1
VD,2006,Etat.Dispositions générales.Etablissement et séjour.Etablissement et séjour Suisses.contrôle des habitants,1
VD,2006,Etat.Dispositions générales.Etablissement et séjour.Etablissement et séjour des étrangers.asile,1
VD,2006,"Droit civil.Dispositions d'introduction du code civil.Droit des personnes, état civil.Partenariat enregistré",1
VD,2006,Droit pénal,1
VD,2006,"Enseignement, sciences, documentation et culture.Degré prescolaire, école primaire, degré secondaire I.Crèches",1
VD,2006,"Défense nationale, protection de la population, police.Sécurité intérieure.Maintien de la tranquillité et de l'ordre public.Chiens, animaux dangereux",1
VD,2006,"Finances, Impôts, monopoles, entreprises d'état.Finances.Contrôle des finances",1
VD,2006,"Aménagement du territoire et constructions, expropriation, travaux publics, énergie, transports, environnement",1
VD,2006,"Santé, travail, droit des assurances sociales, logement, homes",1
VD,2006,"Santé, travail, droit des assurances sociales, logement, homes.Assistance.Aide sociale",1
VD,2007,Etat,2
VD,2007,Etat.Dispositions générales.Etablissement et séjour.Etablissement et séjour des étrangers.intégration,1
VD,2007,Etat.Eglise et Etat.Autres religions,1
VD,2007,"Droit civil.Dispositions d'introduction du code civil.Droits réels.Registre foncier, mensurations cadastrales",1
VD,2007,"Enseignement, sciences, documentation et culture.Degré tertiaire: Hautes écoles.Pédagogie",1
VD,2007,"Enseignement, sciences, documentation et culture.Art, culture, sport.Sport",1
VD,2007,"Santé, travail, droit des assurances sociales, logement, homes",1
VD,2008,"Aménagement du territoire et constructions, expropriation, travaux publics, énergie, transports, environnement.Protection de la nature et du paysage.Protection du paysage",1
VD,2009,"Etat.Autorités.Ombudsman, médiateur",1
VD,2009,"Aménagement du territoire et constructions, expropriation, travaux publics, énergie, transports, environnement.Energie.Electricité",1
VD,2009,"Santé, travail, droit des assurances sociales, logement, homes.Santé.Prévention des dépendances.Interdictions de fumer",1
VD,2010,Droit civil,1
VD,2010,"Santé, travail, droit des assurances sociales, logement, homes.Droit des assurances sociales.Prestations complémentaires",1
VD,2010,"Santé, travail, droit des assurances sociales, logement, homes.Droit des assurances sociales.LAMAL.Réduction des primes",1
VD,2010,"Santé, travail, droit des assurances sociales, logement, homes.Assistance.Protection de la jeunesse, aide à la jeunesse",1
VD,2010,Economie,2
VD,2010,Economie.Agriculture.Production animale.Bovins et petit bétail,1
VD,2011,"Etat.Autorités.Organisation judiciaire.Autorités judiciaires.Cours supérieures, tribunaux fédéraux",1
VD,2011,"Enseignement, sciences, documentation et culture.Degré prescolaire, école primaire, degré secondaire I.Ecole primaire, degré secondaire I",1
VD,2011,"Enseignement, sciences, documentation et culture.Pédagogie spécialisée.Ecoles d'art et de sport",1
VD,2011,"Enseignement, sciences, documentation et culture.Documentation.Archives",1
VD,2011,"Défense nationale, protection de la population, police.Sécurité intérieure.Police.Police cantonale",1
VD,2012,Droit civil.Dispositions d'introduction du code civil.Droit de la famille.Tutelle,1
VD,2012,"Droit civil.Dispositions d'introduction du code civil.Droits réels.Registre foncier, mensurations cadastrales",1
VD,2012,"Santé, travail, droit des assurances sociales, logement, homes",1
VD,2012,Economie.Agriculture.Apiculture,1
VD,2013,"Enseignement, sciences, documentation et culture",1
VD,2013,"Finances, Impôts, monopoles, entreprises d'état.Finances.Contrôle des finances",1
VD,2013,"Aménagement du territoire et constructions, expropriation, travaux publics, énergie, transports, environnement.Travaux publics.Bâtiments et terrains publics",1
VD,2014,"Enseignement, sciences, documentation et culture.Documentation.Musées",1
VD,2014,"Enseignement, sciences, documentation et culture.Art, culture, sport.Encouragement à la culture",1
VD,2015,"Aménagement du territoire et constructions, expropriation, travaux publics, énergie, transports, environnement.Protection de la nature et du paysage.Protection des animaux",1
VD,2017,Droit pénal.Procédure pénale.Aide aux victimes d'infractions,1
VD,2017,Economie,1
VD,2018,Etat.Autorités.Informatique.E-Government,1
VD,2018,"Finances, Impôts, monopoles, entreprises d'état.Impôts.Impôts sur le revenu et la fortune / impôts sur les bénéfices et les capitaux.Coefficient d'impôt",1
VD,2018,"Finances, Impôts, monopoles, entreprises d'état.Monopoles, régales, entreprises d'état.Mines",1
VD,2019,"Enseignement, sciences, documentation et culture.Documentation.Musées",1
VD,2021,"Défense nationale, protection de la population, police.Sécurité intérieure.Entreprises de sécurité",1
VD,2022,Etat,1
VD,2023,Etat.Autorités.Protection des données,1
VD,2023,"Finances, Impôts, monopoles, entreprises d'état",1
VD,2023,"Finances, Impôts, monopoles, entreprises d'état.Impôts.Impôts sur le revenu et la fortune / impôts sur les bénéfices et les capitaux.Coefficient d'impôt",1
VD,2023,"Aménagement du territoire et constructions, expropriation, travaux publics, énergie, transports, environnement.Protection de la nature et du paysage.Protection des animaux",1
VD,2024,"Finances, Impôts, monopoles, entreprises d'état",1
VD,2024,"Finances, Impôts, monopoles, entreprises d'état.Impôts.Impôts sur le revenu et la fortune / impôts sur les bénéfices et les capitaux.Coefficient d'impôt",1
VD,2026,Etat.Eglise et Etat.Eglise catholique chrétienne,1
VS,1802,Etat.Dispositions générales.Armoiries,1
VS,1850,Etat.Autorités.Gouvernement et administration.Gouvernement.Préfets,1
VS,1855,Etat,1
VS,1856,"Finances, Impôts, monopoles, entreprises d'état.Monopoles, régales, entreprises d'état.Mines",1
VS,1864,Etat,1
VS,1877,Etat,1
VS,1882,Etat,1
VS,1887,"Aménagement du territoire et constructions, expropriation, travaux publics, énergie, transports, environnement.Expropriation",1
VS,1900,"Aménagement du territoire et constructions, expropriation, travaux publics, énergie, transports, environnement.Expropriation",1
VS,1924,"Aménagement du territoire et constructions, expropriation, travaux publics, énergie, transports, environnement",1
VS,1924,Economie.Agriculture.Production animale.Commerce du bétail,1
VS,1926,Economie,1
VS,1932,"Aménagement du territoire et constructions, expropriation, travaux publics, énergie, transports, environnement",1
VS,1936,"Santé, travail, droit des assurances sociales, logement, homes.Droit du travail.Employés.Dimanches et jours fériés",1
VS,1949,"Santé, travail, droit des assurances sociales, logement, homes.Droit des assurances sociales.Allocations familiales.Salariés et indépendants",1
VS,1950,"Santé, travail, droit des assurances sociales, logement, homes.Santé.Lutte contre les maladies.Tuberculose",1
VS,1953,"Défense nationale, protection de la population, police.Sécurité intérieure.Police.Police cantonale",1
VS,1953,"Finances, Impôts, monopoles, entreprises d'état.Impôts.Droits de mutation",1
VS,1958,"Santé, travail, droit des assurances sociales, logement, homes.Droit des assurances sociales.Allocations familiales.Travailleurs agricoles",1
VS,1959,"Défense nationale, protection de la population, police.Défense.Taxe d'exemption",1
VS,1962,Droit pénal.Procédure pénale.Codes de procédure pénale,1
VS,1962,"Enseignement, sciences, documentation et culture.Degré prescolaire, école primaire, degré secondaire I.Ecole primaire, degré secondaire I",1
VS,1963,"Enseignement, sciences, documentation et culture.Art, culture, sport.Art.Cinéma, théâtre, divertissement",1
VS,1965,Etat.Communes.Contributions financières des communes,1
VS,1965,"Aménagement du territoire et constructions, expropriation, travaux publics, énergie, transports, environnement",1
VS,1966,"Santé, travail, droit des assurances sociales, logement, homes",1
VS,1967,Etat,1
VS,1969,Economie,1
VS,1972,"Aménagement du territoire et constructions, expropriation, travaux publics, énergie, transports, environnement.Protection de l'environnement.Produits toxiques et chimiques",1
VS,1974,"Enseignement, sciences, documentation et culture.Corps enseignant.Traitement, indemnités",1
VS,1974,"Enseignement, sciences, documentation et culture.Assurance de la qualité, surveillance, direction.Bâtiments scolaires",1
VS,1974,"Enseignement, sciences, documentation et culture.Art, culture, sport.Sport",1
VS,1976,Etat.Autorités.Gouvernement et administration.Procédure administrative,1
VS,1976,"Finances, Impôts, monopoles, entreprises d'état",1
VS,1977,"Défense nationale, protection de la population, police.Protection de la population.Protection contre les incendies / éléments naturels.Protection contre le feu, pompiers",1
VS,1978,Etat.Autorités.Responsabilité de l'état,1
VS,1978,"Aménagement du territoire et constructions, expropriation, travaux publics, énergie, transports, environnement.Protection de l'environnement.Protection des eaux",1
VS,1980,"Etat.Autorités.Organisation judiciaire.Autorités judiciaires.Juges d'instruction, Ministère public.Ministère public",1
VS,1980,Droit civil.Procédure civile.Exécution,1
VS,1980,"Finances, Impôts, monopoles, entreprises d'état.Finances.Budget, comptes",1
VS,1981,Etat.Autorités.Gouvernement et administration.Gouvernement.Indemnités,1
VS,1982,"Etat.Autorités.Gouvernement et administration.Droit du personnel.Traitements, indemnités",1
VS,1982,"Enseignement, sciences, documentation et culture.Corps enseignant.Traitement, indemnités",1
VS,1982,"Aménagement du territoire et constructions, expropriation, travaux publics, énergie, transports, environnement",1
VS,1982,Economie.Arts et métiers.Services.Tourisme,1
VS,1983,Etat.Autorités.Gouvernement et administration.Droit du personnel.Engagement,1
VS,1984,Etat.Autorités.Protection des données,1
VS,1984,"Enseignement, sciences, documentation et culture",1
VS,1984,"Aménagement du territoire et constructions, expropriation, travaux publics, énergie, transports, environnement.Protection de la nature et du paysage.Protection des animaux",1
VS,1984,"Santé, travail, droit des assurances sociales, logement, homes",1
VS,1985,"Santé, travail, droit des assurances sociales, logement, homes.Droit du travail.Travail à domicile",1
VS,1985,Economie,1
VS,1986,"Enseignement, sciences, documentation et culture.Pédagogie spécialisée.Ecoles spécialisées",1
VS,1986,"Enseignement, sciences, documentation et culture.Contributions à la formation.Bourses d'études",1
VS,1986,"Santé, travail, droit des assurances sociales, logement, homes.Assistance.Conseil aux femmes enceintes",1
VS,1987,"Enseignement, sciences, documentation et culture.Degré prescolaire, école primaire, degré secondaire I.Ecole primaire, degré secondaire I",1
VS,1987,"Aménagement du territoire et constructions, expropriation, travaux publics, énergie, transports, environnement",2
VS,1987,"Santé, travail, droit des assurances sociales, logement, homes.Santé.Hygiène.Enfouissement des déchets carnés",1
VS,1988,Etat.Professions juridiques.Avocats.Assistance judiciaire,1
VS,1988,"Enseignement, sciences, documentation et culture.Degré tertiaire: Ecoles supérieures",1
VS,1988,"Enseignement, sciences, documentation et culture.Corps enseignant.Traitement, indemnités",1
VS,1988,"Défense nationale, protection de la population, police.Protection de la population.Protection civile.Protection des biens culturels en temps de guerre",1
VS,1988,"Aménagement du territoire et constructions, expropriation, travaux publics, énergie, transports, environnement.Aménagement du territoire et constructions.Equipement",1
VS,1988,"Aménagement du territoire et constructions, expropriation, travaux publics, énergie, transports, environnement.Travaux publics.Routes.Chemins pédestres et de randonnée",1
VS,1988,"Santé, travail, droit des assurances sociales, logement, homes",1
VS,1988,"Santé, travail, droit des assurances sociales, logement, homes.Droit du travail.Marché du travail.Lutte contre les crises, réserves de crise bénéficiant d'allégements fiscaux",1
VS,1989,"Etat.Communes.Bourgeoisies, allmends",1
VS,1989,"Enseignement, sciences, documentation et culture.Degré tertiaire: Ecoles supérieures",1
VS,1989,"Aménagement du territoire et constructions, expropriation, travaux publics, énergie, transports, environnement.Aménagement du territoire et constructions.Remembrements",1
VS,1990,"Aménagement du territoire et constructions, expropriation, travaux publics, énergie, transports, environnement.Travaux publics.Aménagement des eaux.Utilisation des eaux",1
VS,1990,"Santé, travail, droit des assurances sociales, logement, homes",2
VS,1991,Etat,1
VS,1991,Droit civil.Dispositions d'introduction du code civil.Droits réels.Acquisitions des terrains par des personnes domiciliées à l'étranger,1
VS,1991,Droit civil.Procédure civile.Exécution,1
VS,1991,"Enseignement, sciences, documentation et culture.Assurance de la qualité, surveillance, direction.Coordination",1
VS,1991,"Défense nationale, protection de la population, police",1
VS,1991,"Finances, Impôts, monopoles, entreprises d'état.Entreprises d'Etat.Banques cantonales",1
VS,1991,"Aménagement du territoire et constructions, expropriation, travaux publics, énergie, transports, environnement.Protection de la nature et du paysage.Protection des animaux",1
VS,1991,"Santé, travail, droit des assurances sociales, logement, homes",1
VS,1992,Droit pénal.Procédure pénale.Aide aux victimes d'infractions,1
VS,1993,"Santé, travail, droit des assurances sociales, logement, homes",1
VS,1993,Economie,1
VS,1994,Etat.Dispositions générales.Droit de cité,1
VS,1994,"Droit civil.Dispositions d'introduction du code civil.Droits réels.Registre foncier, mensurations cadastrales",1
VS,1994,"Aménagement du territoire et constructions, expropriation, travaux publics, énergie, transports, environnement.Transports.Navigation.Impôts et taxes sur les bateaux",1
VS,1995,Etat,1
VS,1995,Etat.Autorités.Gouvernement et administration.Procédure administrative,1
VS,1995,"Finances, Impôts, monopoles, entreprises d'état.Finances.Contributions étatiques, subventions",1
VS,1995,"Santé, travail, droit des assurances sociales, logement, homes",1
VS,1995,"Santé, travail, droit des assurances sociales, logement, homes.Droit des assurances sociales.Assurance-chômage",1
VS,1995,Economie.Agriculture.Droit foncier rural,1
VS,1995,Economie.Agriculture.Assurances des animaux,1
VS,1996,Etat,1
VS,1996,Etat.Dispositions générales.Etablissement et séjour.Etablissement et séjour des étrangers.mesures de contrainte,1
VS,1996,"Etat.Dispositions générales.Droits fondamentaux, droits politiques.égalité entre hommes et femmes",1
VS,1996,"Enseignement, sciences, documentation et culture.Degré tertiaire: Hautes écoles.Pédagogie",1
VS,1996,"Enseignement, sciences, documentation et culture.Art, culture, sport.Encouragement à la culture",1
VS,1996,"Aménagement du territoire et constructions, expropriation, travaux publics, énergie, transports, environnement",1
VS,1996,"Santé, travail, droit des assurances sociales, logement, homes",3
VS,1996,"Santé, travail, droit des assurances sociales, logement, homes.Santé.Urgences, ambulances",1
VS,1996,"Santé, travail, droit des assurances sociales, logement, homes.Assistance.Aide sociale",1
VS,1996,Economie,1
VS,1996,Economie.Arts et métiers.Services.Tourisme,1
VS,1997,"Finances, Impôts, monopoles, entreprises d'état.Impôts.Impôts sur le revenu et la fortune / impôts sur les bénéfices et les capitaux.Impôt fédéral",1
VS,1998,"Etat.Dispositions générales.Droits fondamentaux, droits politiques.droits politiques.Récusation, incompatibilité",1
VS,1998,"Etat.Autorités.Organisation judiciaire.Emoluments judiciaires, frais de justice",1
VS,1998,"Enseignement, sciences, documentation et culture",1
VS,1998,"Défense nationale, protection de la population, police.Défense.Administration militaire",1
VS,1998,"Aménagement du territoire et constructions, expropriation, travaux publics, énergie, transports, environnement",1
VS,1998,"Santé, travail, droit des assurances sociales, logement, homes",4
VS,1999,Etat.Communes.Contributions financières des communes,1
VS,1999,"Enseignement, sciences, documentation et culture",1
VS,1999,"Défense nationale, protection de la population, police.Sécurité intérieure.Armes et munitions",1
VS,1999,"Santé, travail, droit des assurances sociales, logement, homes.Droit du travail.Marché du travail.Envoi de travailleurs à l'étranger",1
VS,1999,"Santé, travail, droit des assurances sociales, logement, homes.Droit des assurances sociales.LPP",1
VS,2000,"Etat.Autorités.Organisation judiciaire.Autorités judiciaires.Cours supérieures, tribunaux fédéraux",1
VS,2000,"Enseignement, sciences, documentation et culture.Corps enseignant.Personnel des universités",1
VS,2000,"Santé, travail, droit des assurances sociales, logement, homes.Assistance.Protection de la jeunesse, aide à la jeunesse",1
VS,2000,Economie.Promotion de l'économie,1
VS,2001,Etat,1
VS,2001,"Enseignement, sciences, documentation et culture.Formation continue (Degré quaternaire).Formation des adultes",1
VS,2001,"Enseignement, sciences, documentation et culture.Sciences, recherche",1
VS,2001,Economie.Arts et métiers.Services.Jeux de hasard et loteries.Maisons de jeu,1
VS,2002,"Enseignement, sciences, documentation et culture.Degré tertiaire: Hautes écoles.Etudes sociales",1
VS,2002,Economie.Commerce.Horaires de fermeture des magasins,1
VS,2003,"Enseignement, sciences, documentation et culture.Reconnaissance des diplômes",1
VS,2003,"Aménagement du territoire et constructions, expropriation, travaux publics, énergie, transports, environnement.Travaux publics.Marchés publics",1
VS,2003,"Santé, travail, droit des assurances sociales, logement, homes",1
VS,2003,"Santé, travail, droit des assurances sociales, logement, homes.Droit du travail.Marché du travail.Envoi de travailleurs à l'étranger",1
VS,2004,Etat,3
VS,2004,"Finances, Impôts, monopoles, entreprises d'état",1
VS,2004,"Aménagement du territoire et constructions, expropriation, travaux publics, énergie, transports, environnement",1
VS,2004,"Aménagement du territoire et constructions, expropriation, travaux publics, énergie, transports, environnement.Energie.Electricité",1
VS,2004,"Aménagement du territoire et constructions, expropriation, travaux publics, énergie, transports, environnement.Transports.Circulation routière.Impôts et taxes de la circulation",1
VS,2004,"Santé, travail, droit des assurances sociales, logement, homes.Assistance.Aide sociale",1
VS,2004,Economie,1
VS,2004,Economie.Arts et métiers.Services.Crédit à la consommation,1
VS,2004,Economie.Commerce.Poids et mesures. moyens de paiement,1
VS,2005,"Enseignement, sciences, documentation et culture",1
VS,2005,"Défense nationale, protection de la population, police",1
VS,2006,"Droit civil.Dispositions d'introduction du code civil.Droit des personnes, état civil.Partenariat enregistré",1
VS,2006,"Droit civil.Dispositions d'introduction du code civil.Droit des personnes, état civil.Fondations, surveillance.Fondations LPP",1
VS,2006,Droit pénal.Droit pénal des mineurs et procédure pénale des mineurs,1
VS,2007,"Défense nationale, protection de la population, police",1
VS,2007,Economie.Arts et métiers.Services.Professions soumises à autorisation,1
VS,2008,Etat.Dispositions générales.Etablissement et séjour.Etablissement et séjour Suisses.contrôle des habitants,2
VS,2008,Etat.Dispositions générales.Information du public,1
VS,2008,"Aménagement du territoire et constructions, expropriation, travaux publics, énergie, transports, environnement.Energie.Approvisionnement en énergie",1
VS,2008,Economie.Promotion de l'économie,1
VS,2008,Economie.Agriculture.Epizooties,1
VS,2009,Droit pénal.Droit pénal des mineurs et procédure pénale des mineurs,1
VS,2010,Etat.Communes.Répartition des tâches entre canton et communes,1
VS,2010,"Santé, travail, droit des assurances sociales, logement, homes",1
VS,2011,Etat.Autorités.Gouvernement et administration.New Public Management,1
VS,2011,Etat.Communes.Finances communales,1
VS,2011,Etat.Communes.Répartition des tâches entre canton et communes,1
VS,2011,"Enseignement, sciences, documentation et culture.Corps enseignant.Engagement",1
VS,2011,"Finances, Impôts, monopoles, entreprises d'état.Finances.Budget, comptes",1
VS,2011,Economie.Agriculture.Epizooties,1
VS,2012,Etat.Dispositions générales.Etablissement et séjour.Etablissement et séjour des étrangers.mesures de contrainte,1
VS,2012,"Enseignement, sciences, documentation et culture",1
VS,2013,"Enseignement, sciences, documentation et culture.Degré prescolaire, école primaire, degré secondaire I.Ecole primaire, degré secondaire I",1
VS,2013,"Aménagement du territoire et constructions, expropriation, travaux publics, énergie, transports, environnement.Protection de l'environnement.Protection des eaux",1
VS,2015,Etat.Dispositions générales.Etablissement et séjour.Etablissement et séjour des étrangers.asile,1
VS,2015,Droit pénal.Procédure pénale.Aide aux victimes d'infractions,1
VS,2015,Economie.Arts et métiers.Services.Prostitution,1
VS,2016,Etat.Communes.Fusions communales,1
VS,2016,"Droit civil.Dispositions d'introduction du code civil.Droits réels.Registre foncier, mensurations cadastrales",1
VS,2018,"Etat.Autorités.Gouvernement et administration.Droit du personnel.Pensions, prestations d'assurance",1
VS,2018,"Aménagement du territoire et constructions, expropriation, travaux publics, énergie, transports, environnement.Travaux publics.Bâtiments et terrains publics",1
VS,2018,"Aménagement du territoire et constructions, expropriation, travaux publics, énergie, transports, environnement.Travaux publics.Aménagement des eaux.Corrections des eaux / Protection contre les crues",1
VS,2018,"Aménagement du territoire et constructions, expropriation, travaux publics, énergie, transports, environnement.Transports.Funiculaires, téléphériques, téléskis",2
VS,2018,"Santé, travail, droit des assurances sociales, logement, homes.Assistance.Aide sociale",1
VS,2019,Etat,1
VS,2019,Droit pénal.Amendes d'ordre,1
VS,2019,"Enseignement, sciences, documentation et culture.Documentation.Statistique",1
VS,2020,"Aménagement du territoire et constructions, expropriation, travaux publics, énergie, transports, environnement",1
VS,2020,"Santé, travail, droit des assurances sociales, logement, homes",1
VS,2020,Economie,1
VS,2021,"Aménagement du territoire et constructions, expropriation, travaux publics, énergie, transports, environnement.Protection de l'environnement.Protection contre les radiations",1
VS,2022,"Enseignement, sciences, documentation et culture.Documentation.Statistique",1
VS,2022,"Santé, travail, droit des assurances sociales, logement, homes.Santé.Etique",1
VS,2022,Economie.Promotion de l'économie,1
VS,2023,"Etat.Autorités.Ombudsman, médiateur",1
VS,2024,Etat.Autorités.Informatique.E-Government,1
VS,2025,Etat.Communes.Fusions communales,1
ZG,1900,Droit civil,1
ZG,1911,Droit civil,1
ZG,1940,Etat,1
ZG,1940,Droit civil,1
ZG,1940,Droit pénal.Procédure pénale.Codes de procédure pénale,1
ZG,1946,Etat.Professions juridiques.Notaires.Légalisation,1
ZG,1953,"Santé, travail, droit des assurances sociales, logement, homes.Droit des assurances sociales.Allocations familiales.Travailleurs agricoles",1
ZG,1964,Etat.Autorités.Délais,1
ZG,1965,"Enseignement, sciences, documentation et culture.Art, culture, sport.Encouragement à la culture",1
ZG,1965,"Défense nationale, protection de la population, police.Protection de la population.Protection civile.Constructions de protection civile",1
ZG,1966,"Défense nationale, protection de la population, police",1
ZG,1967,"Santé, travail, droit des assurances sociales, logement, homes.Logement.Mesures d'encouragement à la construction de logements",1
ZG,1969,"Etat.Dispositions générales.Droits fondamentaux, droits politiques.droits politiques.Elections et votations",1
ZG,1970,"Santé, travail, droit des assurances sociales, logement, homes",1
ZG,1971,"Santé, travail, droit des assurances sociales, logement, homes.Logement.Logement dans les zones de montagne",1
ZG,1972,"Enseignement, sciences, documentation et culture.Art, culture, sport.Art.Cinéma, théâtre, divertissement",1
ZG,1973,"Finances, Impôts, monopoles, entreprises d'état.Entreprises d'Etat.Banques cantonales",1
ZG,1975,"Finances, Impôts, monopoles, entreprises d'état.Monopoles, régales, entreprises d'état.Régale des sels",1
ZG,1976,Etat.Autorités.Gouvernement et administration.Procédure administrative,1
ZG,1976,"Enseignement, sciences, documentation et culture.Corps enseignant.Traitement, indemnités",1
ZG,1978,"Aménagement du territoire et constructions, expropriation, travaux publics, énergie, transports, environnement",1
ZG,1979,Etat.Autorités.Responsabilité de l'état,1
ZG,1979,"Aménagement du territoire et constructions, expropriation, travaux publics, énergie, transports, environnement",1
ZG,1979,"Santé, travail, droit des assurances sociales, logement, homes.Santé.Substances thérapeutiques, stupéfiants",1
ZG,1980,Etat,1
ZG,1980,"Droit civil.Dispositions d'introduction du code civil.Droits réels.Registre foncier, mensurations cadastrales",1
ZG,1981,Etat.Dispositions générales.Publications officielles.Recueils de législation,1
ZG,1981,Droit pénal,1
ZG,1982,Droit civil.Dispositions d'introduction du code civil.Droit de la famille.Privation de liberté à des fins d'assistance,1
ZG,1982,"Aménagement du territoire et constructions, expropriation, travaux publics, énergie, transports, environnement",1
ZG,1982,"Santé, travail, droit des assurances sociales, logement, homes.Droit des assurances sociales.Allocations familiales.Travailleurs agricoles",1
ZG,1982,"Santé, travail, droit des assurances sociales, logement, homes.Assistance.Aide sociale",1
ZG,1983,"Défense nationale, protection de la population, police",1
ZG,1984,"Enseignement, sciences, documentation et culture",1
ZG,1985,Droit pénal.Procédure pénale.Entraide judiciaire,1
ZG,1986,"Aménagement du territoire et constructions, expropriation, travaux publics, énergie, transports, environnement.Transports.Circulation routière.Impôts et taxes de la circulation",1
ZG,1987,Droit civil.Dispositions d'introduction du code civil.Droits réels.Acquisitions des terrains par des personnes domiciliées à l'étranger,1
ZG,1987,"Aménagement du territoire et constructions, expropriation, travaux publics, énergie, transports, environnement",1
ZG,1988,Droit pénal.Casier judiciaire.Certificats de bonne conduite,1
ZG,1988,"Aménagement du territoire et constructions, expropriation, travaux publics, énergie, transports, environnement",1
ZG,1988,"Aménagement du territoire et constructions, expropriation, travaux publics, énergie, transports, environnement.Protection de la nature et du paysage.Protection du paysage",1
ZG,1988,"Santé, travail, droit des assurances sociales, logement, homes.Droit du travail.Marché du travail.Lutte contre les crises, réserves de crise bénéficiant d'allégements fiscaux",1
ZG,1988,"Santé, travail, droit des assurances sociales, logement, homes.Droit des assurances sociales.Assurance maternité, contributions financières aux mères",1
ZG,1989,"Finances, Impôts, monopoles, entreprises d'état",1
ZG,1989,"Finances, Impôts, monopoles, entreprises d'état.Finances.Contributions étatiques, subventions",1
ZG,1990,Etat,1
ZG,1990,"Enseignement, sciences, documentation et culture.Degré prescolaire, école primaire, degré secondaire I.Ecole enfantine",1
ZG,1990,"Enseignement, sciences, documentation et culture.Degré secondaire II.Ecole moyenne",1
ZG,1990,"Aménagement du territoire et constructions, expropriation, travaux publics, énergie, transports, environnement.Protection de la nature et du paysage.Protection des animaux",1
ZG,1990,"Aménagement du territoire et constructions, expropriation, travaux publics, énergie, transports, environnement.Protection de la nature et du paysage.Protection des monuments et des biens culturels",1
ZG,1992,Etat.Dispositions générales.Droit de cité,1
ZG,1993,"Aménagement du territoire et constructions, expropriation, travaux publics, énergie, transports, environnement.Protection de la nature et du paysage.Protection du paysage",1
ZG,1993,"Santé, travail, droit des assurances sociales, logement, homes.Droit des assurances sociales.AVS/AI",1
ZG,1993,"Santé, travail, droit des assurances sociales, logement, homes.Assistance.Avances sur les pensions alimentaires",1
ZG,1994,Etat,1
ZG,1994,Etat.Autorités.Gouvernement et administration.Gouvernement.Indemnités,1
ZG,1994,"Etat.Autorités.Gouvernement et administration.Droit du personnel.Pensions, prestations d'assurance",1
ZG,1994,"Défense nationale, protection de la population, police.Protection de la population.Protection contre les incendies / éléments naturels.Protection contre le feu, pompiers",1
ZG,1994,"Santé, travail, droit des assurances sociales, logement, homes.Droit des assurances sociales.LAMAL.Réduction des primes",1
ZG,1995,"Aménagement du territoire et constructions, expropriation, travaux publics, énergie, transports, environnement",1
ZG,1996,Etat,1
ZG,1996,"Aménagement du territoire et constructions, expropriation, travaux publics, énergie, transports, environnement",5
ZG,1996,"Santé, travail, droit des assurances sociales, logement, homes",1
ZG,1996,"Santé, travail, droit des assurances sociales, logement, homes.Droit des assurances sociales.Assurance-chômage",1
ZG,1997,Droit civil,1
ZG,1998,Etat,1
ZG,1998,"Finances, Impôts, monopoles, entreprises d'état.Finances.Contributions étatiques, subventions",1
ZG,1998,"Finances, Impôts, monopoles, entreprises d'état.Impôts.Taxe de séjour, taxes d'hébergement",1
ZG,1998,"Aménagement du territoire et constructions, expropriation, travaux publics, énergie, transports, environnement",2
ZG,1998,"Santé, travail, droit des assurances sociales, logement, homes",2
ZG,1998,"Santé, travail, droit des assurances sociales, logement, homes.Santé.Etablissements hospitaliers, cliniques.Hôpitaux cantonaux",1
ZG,1998,"Santé, travail, droit des assurances sociales, logement, homes.Droit des assurances sociales.Prestations complémentaires",1
ZG,1999,"Aménagement du territoire et constructions, expropriation, travaux publics, énergie, transports, environnement.Travaux publics.Aménagement des eaux.Utilisation des eaux",2
ZG,1999,"Santé, travail, droit des assurances sociales, logement, homes",1
ZG,2000,Etat.Autorités.Protection des données,1
ZG,2000,Droit civil.Dispositions générales d'introduction du code des obligations.Des divers contrats.Bail à loyer et à ferme.Bail à ferme agricole,1
ZG,2000,"Finances, Impôts, monopoles, entreprises d'état",1
ZG,2001,"Etat.Autorités.Organisation judiciaire.Autorités judiciaires.Prud'hommes, Tribunaux des baux à loyer",1
ZG,2001,"Enseignement, sciences, documentation et culture",1
ZG,2002,Etat,1
ZG,2002,"Enseignement, sciences, documentation et culture.Art, culture, sport.Sport",1
ZG,2003,Etat.Eglise et Etat.Eglise catholique romaine,1
ZG,2003,Droit civil,1
ZG,2003,"Santé, travail, droit des assurances sociales, logement, homes",1
ZG,2003,"Santé, travail, droit des assurances sociales, logement, homes.Droit du travail.Employés.Dimanches et jours fériés",1
ZG,2003,"Santé, travail, droit des assurances sociales, logement, homes.Droit du travail.Marché du travail.Envoi de travailleurs à l'étranger",1
ZG,2003,Economie.Arts et métiers.Services.Tourisme,1
ZG,2004,"Enseignement, sciences, documentation et culture.Documentation.Archives",1
ZG,2004,"Aménagement du territoire et constructions, expropriation, travaux publics, énergie, transports, environnement",1
ZG,2004,"Aménagement du territoire et constructions, expropriation, travaux publics, énergie, transports, environnement.Travaux publics.Aménagement des eaux.Utilisation des eaux",1
ZG,2005,"Enseignement, sciences, documentation et culture.Degré prescolaire, école primaire, degré secondaire I.Crèches",1
ZG,2005,"Aménagement du territoire et constructions, expropriation, travaux publics, énergie, transports, environnement.Travaux publics.Marchés publics",1
ZG,2006,"Défense nationale, protection de la population, police",2
ZG,2006,"Finances, Impôts, monopoles, entreprises d'état.Finances.Budget, comptes",1
ZG,2008,Etat.Autorités.Protection des données,1
ZG,2010,"Etat.Autorités.Ombudsman, médiateur",1
ZG,2012,"Droit civil.Dispositions d'introduction du code civil.Droits réels.Registre foncier, mensurations cadastrales",1
ZG,2013,Droit pénal,2
ZG,2013,"Enseignement, sciences, documentation et culture.Degré tertiaire: Hautes écoles.Pédagogie",1
ZG,2013,Economie.Promotion de l'économie,1
ZG,2014,Etat.Dispositions générales.Information du public,1
ZG,2014,Etat.Autorités.Protection des données,1
ZG,2016,"Finances, Impôts, monopoles, entreprises d'état.Monopoles, régales, entreprises d'état.Mines",1
ZG,2023,"Aménagement du territoire et constructions, expropriation, travaux publics, énergie, transports, environnement",1
ZG,2024,"Santé, travail, droit des assurances sociales, logement, homes.Santé.Professions médicales.Personnel soignant",1
ZG,2025,Economie.Promotion de l'économie,1
ZH,1866,Droit pénal.Amendes d'ordre,1
ZH,1879,"Aménagement du territoire et constructions, expropriation, travaux publics, énergie, transports, environnement.Expropriation",1
ZH,1899,Etat.Autorités.Gouvernement et administration.Administration.Directions et offices,1
ZH,1899,"Enseignement, sciences, documentation et culture.Degré prescolaire, école primaire, degré secondaire I.Ecole enfantine",1
ZH,1913,Droit civil,1
ZH,1919,Droit pénal.Procédure pénale.Codes de procédure pénale,1
ZH,1919,"Enseignement, sciences, documentation et culture",1
ZH,1922,Economie.Agriculture.Production animale.Commerce du bétail,1
ZH,1925,"Défense nationale, protection de la population, police.Protection de la population.Protection contre les incendies / éléments naturels.Assurances des bâtiments.Assurance contre les dommages causés par les éléments naturels",1
ZH,1926,Etat,1
ZH,1926,Etat.Dispositions générales.Droit de cité,1
ZH,1929,"Aménagement du territoire et constructions, expropriation, travaux publics, énergie, transports, environnement.Protection de la nature et du paysage.Protection des animaux",1
ZH,1943,Etat.Professions juridiques.Notaires.Agents d'affaires,1
ZH,1943,"Santé, travail, droit des assurances sociales, logement, homes.Droit du travail.Offices de conciliation",1
ZH,1958,"Santé, travail, droit des assurances sociales, logement, homes.Droit des assurances sociales.Allocations familiales.Travailleurs agricoles",1
ZH,1959,Etat.Autorités.Gouvernement et administration.Procédure administrative,1
ZH,1962,"Santé, travail, droit des assurances sociales, logement, homes",1
ZH,1962,"Santé, travail, droit des assurances sociales, logement, homes.Assistance.Homes.Foyers pour enfants et adolescents",1
ZH,1963,Etat.Eglise et Etat.Eglise catholique romaine,1
ZH,1963,Etat.Eglise et Etat.Eglise évangélique réformée,1
ZH,1963,"Aménagement du territoire et constructions, expropriation, travaux publics, énergie, transports, environnement.Travaux publics.Routes.Routes nationales",1
ZH,1966,Etat,1
ZH,1966,"Aménagement du territoire et constructions, expropriation, travaux publics, énergie, transports, environnement",1
ZH,1969,Etat.Autorités.Responsabilité de l'état,1
ZH,1970,"Enseignement, sciences, documentation et culture.Art, culture, sport.Encouragement à la culture",1
ZH,1971,"Enseignement, sciences, documentation et culture",1
ZH,1971,"Défense nationale, protection de la population, police.Sécurité intérieure.Maintien de la tranquillité et de l'ordre public.Chiens, animaux dangereux",1
ZH,1971,"Santé, travail, droit des assurances sociales, logement, homes.Droit des assurances sociales.AVS/AI",1
ZH,1971,"Economie.Arts et métiers.Services.Cinéma, théâtre, divertissement",1
ZH,1973,"Santé, travail, droit des assurances sociales, logement, homes.Assistance.Homes.Etablissements pour personnes âgées",1
ZH,1974,Droit pénal,1
ZH,1974,"Aménagement du territoire et constructions, expropriation, travaux publics, énergie, transports, environnement",1
ZH,1974,"Aménagement du territoire et constructions, expropriation, travaux publics, énergie, transports, environnement.Protection de l'environnement.Protection des eaux",1
ZH,1975,"Défense nationale, protection de la population, police.Défense.Places d'armes, arsenaux",1
ZH,1975,"Aménagement du territoire et constructions, expropriation, travaux publics, énergie, transports, environnement",1
ZH,1975,"Santé, travail, droit des assurances sociales, logement, homes",1
ZH,1976,Droit civil,1
ZH,1976,Droit pénal.Procédure pénale.Codes de procédure pénale,1
ZH,1976,Economie,1
ZH,1978,"Défense nationale, protection de la population, police.Protection de la population.Protection contre les incendies / éléments naturels.Protection contre le feu, pompiers",1
ZH,1979,"Finances, Impôts, monopoles, entreprises d'état.Finances.Budget, comptes",1
ZH,1979,"Aménagement du territoire et constructions, expropriation, travaux publics, énergie, transports, environnement",1
ZH,1979,Economie,1
ZH,1979,Economie.Commerce.Commerce itinérant,1
ZH,1980,"Santé, travail, droit des assurances sociales, logement, homes",1
ZH,1981,Etat,1
ZH,1981,"Aménagement du territoire et constructions, expropriation, travaux publics, énergie, transports, environnement",1
ZH,1981,"Santé, travail, droit des assurances sociales, logement, homes.Assistance.Aide sociale",1
ZH,1981,"Santé, travail, droit des assurances sociales, logement, homes.Assistance.Protection de la jeunesse, aide à la jeunesse",1
ZH,1981,"Economie.Arts et métiers.Services.Cinéma, théâtre, divertissement",1
ZH,1983,"Aménagement du territoire et constructions, expropriation, travaux publics, énergie, transports, environnement.Energie.Electricité",1
ZH,1984,"Enseignement, sciences, documentation et culture",1
ZH,1985,"Etat.Dispositions générales.Territoire.Délimitations territoriales, districts",2
ZH,1985,Droit civil,1
ZH,1986,"Enseignement, sciences, documentation et culture.Degré secondaire II: Formation professionnelle initiale.Ecoles professionnelles.Enseignement ménager",1
ZH,1986,"Défense nationale, protection de la population, police",1
ZH,1986,"Finances, Impôts, monopoles, entreprises d'état.Impôts.Impôts sur les successions et les donations",1
ZH,1987,"Enseignement, sciences, documentation et culture",1
ZH,1988,Droit civil.Dispositions d'introduction du code civil.Droits réels.Acquisitions des terrains par des personnes domiciliées à l'étranger,1
ZH,1988,"Aménagement du territoire et constructions, expropriation, travaux publics, énergie, transports, environnement",1
ZH,1988,"Santé, travail, droit des assurances sociales, logement, homes.Droit du travail.Marché du travail.Lutte contre les crises, réserves de crise bénéficiant d'allégements fiscaux",1
ZH,1990,"Finances, Impôts, monopoles, entreprises d'état.Finances.Contributions étatiques, subventions",1
ZH,1991,"Aménagement du territoire et constructions, expropriation, travaux publics, énergie, transports, environnement",1
ZH,1991,"Aménagement du territoire et constructions, expropriation, travaux publics, énergie, transports, environnement.Protection de la nature et du paysage.Protection des animaux",1
ZH,1993,"Etat.Autorités.Gouvernement et administration.Droit du personnel.Pensions, prestations d'assurance",1
ZH,1993,Etat.Autorités.Protection des données,1
ZH,1993,"Etat.Autorités.Organisation judiciaire.Autorités judiciaires.Tribunaux administratifs, des assurances et des assurances sociales",1
ZH,1994,"Enseignement, sciences, documentation et culture.Art, culture, sport.Encouragement à la culture",1
ZH,1994,"Aménagement du territoire et constructions, expropriation, travaux publics, énergie, transports, environnement.Protection de l'environnement.Déchets",1
ZH,1994,"Santé, travail, droit des assurances sociales, logement, homes.Droit des assurances sociales.AVS/AI",1
ZH,1995,Droit pénal.Procédure pénale.Aide aux victimes d'infractions,1
ZH,1995,"Enseignement, sciences, documentation et culture.Documentation.Archives",2
ZH,1996,"Finances, Impôts, monopoles, entreprises d'état.Monopoles, régales, entreprises d'état.Alcool",1
ZH,1996,"Aménagement du territoire et constructions, expropriation, travaux publics, énergie, transports, environnement.Transports.Navigation.Impôts et taxes sur les bateaux",1
ZH,1997,"Finances, Impôts, monopoles, entreprises d'état.Entreprises d'Etat.Banques cantonales",1
ZH,1998,Etat,1
ZH,1998,Etat.Dispositions générales.Publications officielles.Recueils de législation,1
ZH,1998,Droit civil,1
ZH,1998,"Enseignement, sciences, documentation et culture",1
ZH,1998,"Enseignement, sciences, documentation et culture.Degré prescolaire, école primaire, degré secondaire I.Ecole primaire, degré secondaire I",1
ZH,1998,"Enseignement, sciences, documentation et culture.Degré tertiaire: Ecoles supérieures",1
ZH,1998,Economie,1
ZH,1999,Etat,1
ZH,1999,"Enseignement, sciences, documentation et culture",1
ZH,1999,"Enseignement, sciences, documentation et culture.Degré tertiaire: Hautes écoles.Pédagogie",1
ZH,1999,"Aménagement du territoire et constructions, expropriation, travaux publics, énergie, transports, environnement.Transports.Navigation aérienne.Aéroports",1
ZH,1999,"Santé, travail, droit des assurances sociales, logement, homes",1
ZH,1999,"Santé, travail, droit des assurances sociales, logement, homes.Droit des assurances sociales.Assurance-chômage",1
ZH,1999,Economie.Agriculture.Epizooties,1
ZH,2000,"Finances, Impôts, monopoles, entreprises d'état.Finances.Contrôle des finances",1
ZH,2000,"Santé, travail, droit des assurances sociales, logement, homes.Droit du travail.Employés.Dimanches et jours fériés",1
ZH,2001,"Etat.Dispositions générales.Droits fondamentaux, droits politiques.égalité entre hommes et femmes",1
ZH,2001,"Aménagement du territoire et constructions, expropriation, travaux publics, énergie, transports, environnement.Transports.Navigation aérienne.Aéroports",1
ZH,2002,"Droit civil.Dispositions d'introduction du code civil.Droit des personnes, état civil.Partenariat enregistré",1
ZH,2002,"Enseignement, sciences, documentation et culture.Degré prescolaire, école primaire, degré secondaire I.Ecole primaire, degré secondaire I",1
ZH,2003,Etat,1
ZH,2003,"Etat.Autorités.Gouvernement et administration.Droit du personnel.Pensions, prestations d'assurance",1
ZH,2003,Droit civil,1
ZH,2004,"Défense nationale, protection de la population, police",2
ZH,2004,"Santé, travail, droit des assurances sociales, logement, homes.Santé.Etablissements hospitaliers, cliniques.Droits des patients",1
ZH,2004,"Santé, travail, droit des assurances sociales, logement, homes.Logement.Mesures d'encouragement à la construction de logements",1
ZH,2005,"Enseignement, sciences, documentation et culture.Degré prescolaire, école primaire, degré secondaire I.Ecole primaire, degré secondaire I",1
ZH,2005,"Santé, travail, droit des assurances sociales, logement, homes",1
ZH,2005,"Santé, travail, droit des assurances sociales, logement, homes.Santé.Etablissements hospitaliers, cliniques.Hôpitaux cantonaux",1
ZH,2006,Droit pénal,1
ZH,2006,"Santé, travail, droit des assurances sociales, logement, homes.Santé.Professions médicales.Médecins",1
ZH,2007,Etat.Dispositions générales.Information du public,1
ZH,2007,Etat.Eglise et Etat.Autres religions,1
ZH,2007,"Enseignement, sciences, documentation et culture",1
ZH,2007,"Défense nationale, protection de la population, police.Sécurité intérieure.Police.Police cantonale",1
ZH,2007,"Santé, travail, droit des assurances sociales, logement, homes",1
ZH,2008,"Etat.Autorités.Organisation judiciaire.Autorités judiciaires.Prud'hommes, Tribunaux des baux à loyer",1
ZH,2008,"Enseignement, sciences, documentation et culture.Pédagogie spécialisée.Ecoles spécialisées",1
ZH,2008,"Défense nationale, protection de la population, police",1
ZH,2009,Economie.Promotion de l'économie,1
ZH,2010,Etat,1
ZH,2010,"Etat.Dispositions générales.Droits fondamentaux, droits politiques.égalité entre hommes et femmes",1
ZH,2011,"Droit civil.Dispositions d'introduction du code civil.Droit des personnes, état civil.Fondations, surveillance.Fondations LPP",1
ZH,2011,"Droit civil.Dispositions d'introduction du code civil.Droits réels.Registre foncier, mensurations cadastrales",1
ZH,2011,"Santé, travail, droit des assurances sociales, logement, homes",1
ZH,2012,Droit civil.Dispositions d'introduction du code civil.Droit de la famille.Tutelle,1
ZH,2015,Etat.Dispositions générales.Etablissement et séjour.Etablissement et séjour Suisses.contrôle des habitants,1
ZH,2015,"Enseignement, sciences, documentation et culture.Documentation.Statistique",1
ZH,2015,"Santé, travail, droit des assurances sociales, logement, homes",1
ZH,2016,"Enseignement, sciences, documentation et culture.Assurance de la qualité, surveillance, direction.Matériel scolaire",1
ZH,2017,"Enseignement, sciences, documentation et culture.Degré tertiaire: universités.Faculté de médecine humaine et vétérinaire",1
ZH,2017,"Défense nationale, protection de la population, police",1
ZH,2018,"Enseignement, sciences, documentation et culture.Degré tertiaire: universités.Faculté de médecine humaine et vétérinaire",1
ZH,2019,"Aménagement du territoire et constructions, expropriation, travaux publics, énergie, transports, environnement",1
ZH,2019,Economie.Arts et métiers.Services.Taxis,1
ZH,2020,"Etat.Dispositions générales.Droits fondamentaux, droits politiques.droits politiques.Elections et votations",1
ZH,2020,"Finances, Impôts, monopoles, entreprises d'état.Monopoles, régales, entreprises d'état.Mines",1
ZH,2021,"Enseignement, sciences, documentation et culture.Degré prescolaire, école primaire, degré secondaire I.Crèches",1
ZH,2022,"Aménagement du territoire et constructions, expropriation, travaux publics, énergie, transports, environnement.Protection de l'environnement.Protection des eaux",1
ZH,2022,"Santé, travail, droit des assurances sociales, logement, homes.Santé.Professions médicales.Personnel soignant",1
ZH,2022,"Santé, travail, droit des assurances sociales, logement, homes.Santé.Pharmacies et drogueries",1
ZH,2022,"Santé, travail, droit des assurances sociales, logement, homes.Assistance.Homes.Etablissements pour personnes âgées",1
