# Swiss Law Collection — cantonal acts of type 'Intercantonal agreement' by canton, year and topic (full systematics depth)
# counting_unit: published_copies — one count per canton whose collection publishes the act
# year = enactment year; 'unknown' rows are undated laws
# topic = the LexFind global-systematics path at the depth the source classifies the act, French labels joined by '.' (Etat.Dispositions générales.contrôle des habitants); acts classified only at the top level appear at that depth, unclassified ones as 'Non classé'
# same counts as the canton x year x domain export next to this file, keyed on the full code instead of its first segment: for any (canton, year) the two sum to the same number
# dotted codes and labels in de/fr/it/en: api/v1/categories/global_paths.json
# source: Calculs propres basés sur la base de données de l'Institut pour le fédéralisme (LexFind); https://swiss-law-as-source.github.io
canton,year,topic,number
AG,1632,"Aménagement du territoire et constructions, expropriation, travaux publics, énergie, transports, environnement",2
AG,1632,"Aménagement du territoire et constructions, expropriation, travaux publics, énergie, transports, environnement.Transports.Circulation routière.Contrôle technique des véhicules",1
AG,1889,"Santé, travail, droit des assurances sociales, logement, homes",1
AG,1894,"Finances, Impôts, monopoles, entreprises d'état.Monopoles, régales, entreprises d'état.Pêche.Zones de pêche",2
AG,1901,"Droit civil.Procédure civile.Emoluments, frais",1
AG,1922,"Finances, Impôts, monopoles, entreprises d'état.Impôts.Impôts sur les successions et les donations",2
AG,1928,"Finances, Impôts, monopoles, entreprises d'état.Impôts.Impôts sur les successions et les donations",1
AG,1930,"Finances, Impôts, monopoles, entreprises d'état.Impôts.Impôts sur les successions et les donations",1
AG,1932,"Finances, Impôts, monopoles, entreprises d'état.Impôts.Impôts sur les successions et les donations",1
AG,1937,"Aménagement du territoire et constructions, expropriation, travaux publics, énergie, transports, environnement",1
AG,1943,Economie.Agriculture.Production animale.Commerce du bétail,1
AG,1948,"Finances, Impôts, monopoles, entreprises d'état.Impôts.Interdiction des arrangements fiscaux",1
AG,1949,"Finances, Impôts, monopoles, entreprises d'état.Impôts.Impôts sur les successions et les donations",2
AG,1951,"Aménagement du territoire et constructions, expropriation, travaux publics, énergie, transports, environnement.Transports.Funiculaires, téléphériques, téléskis",1
AG,1955,"Finances, Impôts, monopoles, entreprises d'état.Monopoles, régales, entreprises d'état.Pétrole",1
AG,1956,"Finances, Impôts, monopoles, entreprises d'état.Impôts.Impôts sur les successions et les donations",2
AG,1959,"Santé, travail, droit des assurances sociales, logement, homes",1
AG,1964,Economie.Agriculture.Formation agricole.Ecole agricole,1
AG,1967,"Aménagement du territoire et constructions, expropriation, travaux publics, énergie, transports, environnement.Transports.Circulation routière.Police de la circulation",1
AG,1969,Droit civil.Arbitrage,1
AG,1969,"Finances, Impôts, monopoles, entreprises d'état.Impôts.Impôts sur les successions et les donations",1
AG,1970,"Enseignement, sciences, documentation et culture.Assurance de la qualité, surveillance, direction.Coordination",1
AG,1971,"Finances, Impôts, monopoles, entreprises d'état.Impôts.Impôts sur les successions et les donations",1
AG,1972,"Aménagement du territoire et constructions, expropriation, travaux publics, énergie, transports, environnement.Protection de l'environnement.Protection des eaux",1
AG,1973,"Finances, Impôts, monopoles, entreprises d'état.Impôts.Impôts sur les successions et les donations",1
AG,1973,"Finances, Impôts, monopoles, entreprises d'état.Monopoles, régales, entreprises d'état.Régale des sels",1
AG,1975,Droit civil.Procédure civile.Entraide judiciaire,1
AG,1975,"Finances, Impôts, monopoles, entreprises d'état.Impôts.Impôts sur les successions et les donations",1
AG,1976,"Enseignement, sciences, documentation et culture.Degré secondaire II.Ecole moyenne",1
AG,1976,Economie.Agriculture.Formation agricole.Ecole agricole,1
AG,1978,Etat,1
AG,1978,"Finances, Impôts, monopoles, entreprises d'état.Impôts.Impôts sur les successions et les donations",1
AG,1981,"Finances, Impôts, monopoles, entreprises d'état.Impôts.Exonération et allégements fiscaux",1
AG,1982,"Finances, Impôts, monopoles, entreprises d'état.Impôts.Impôts sur les successions et les donations",1
AG,1985,"Enseignement, sciences, documentation et culture.Degré secondaire II.Ecole moyenne",1
AG,1989,"Finances, Impôts, monopoles, entreprises d'état.Impôts.Exonération et allégements fiscaux",1
AG,1989,"Aménagement du territoire et constructions, expropriation, travaux publics, énergie, transports, environnement",1
AG,1990,"Finances, Impôts, monopoles, entreprises d'état.Impôts.Impôts sur les successions et les donations",1
AG,1991,"Défense nationale, protection de la population, police.Douanes.Protection des frontières",1
AG,1991,"Aménagement du territoire et constructions, expropriation, travaux publics, énergie, transports, environnement",1
AG,1991,"Aménagement du territoire et constructions, expropriation, travaux publics, énergie, transports, environnement.Transports.Transports publics.Transports régionaux",1
AG,1991,Economie.Agriculture.Epizooties,1
AG,1992,Droit pénal.Procédure pénale.Entraide judiciaire,1
AG,1993,"Enseignement, sciences, documentation et culture.Formation continue (Degré quaternaire).Formation des adultes",1
AG,1994,"Finances, Impôts, monopoles, entreprises d'état.Impôts.Impôts sur les successions et les donations",3
AG,1994,"Aménagement du territoire et constructions, expropriation, travaux publics, énergie, transports, environnement",1
AG,1995,"Enseignement, sciences, documentation et culture.Reconnaissance des diplômes",1
AG,1995,"Défense nationale, protection de la population, police.Sécurité intérieure.Police.Coopération en matière de police",1
AG,1997,"Enseignement, sciences, documentation et culture",1
AG,1997,"Enseignement, sciences, documentation et culture.Contributions à la formation.Ecolages",1
AG,1997,"Enseignement, sciences, documentation et culture.Reconnaissance des diplômes",1
AG,1997,"Aménagement du territoire et constructions, expropriation, travaux publics, énergie, transports, environnement.Transports.Circulation routière.Police de la circulation",1
AG,1997,"Aménagement du territoire et constructions, expropriation, travaux publics, énergie, transports, environnement.Transports.Circulation routière.Contrôle technique des véhicules",1
AG,1998,"Enseignement, sciences, documentation et culture",1
AG,1998,"Enseignement, sciences, documentation et culture.Degré secondaire II.Ecole moyenne",1
AG,1998,"Enseignement, sciences, documentation et culture.Degré tertiaire: Ecoles supérieures",1
AG,1998,"Economie.Commerce.Marché intérieur, entraves techniques au commerce",1
AG,1999,"Enseignement, sciences, documentation et culture.Degré tertiaire: Hautes écoles.Pédagogie",1
AG,1999,"Finances, Impôts, monopoles, entreprises d'état.Impôts.Impôts sur les successions et les donations",1
AG,2000,"Enseignement, sciences, documentation et culture.Degré prescolaire, école primaire, degré secondaire I.Ecole enfantine",1
AG,2001,"Enseignement, sciences, documentation et culture.Contributions à la formation.Ecolages",1
AG,2001,"Aménagement du territoire et constructions, expropriation, travaux publics, énergie, transports, environnement.Travaux publics.Marchés publics",1
AG,2002,"Enseignement, sciences, documentation et culture",2
AG,2003,"Enseignement, sciences, documentation et culture",1
AG,2003,"Enseignement, sciences, documentation et culture.Pédagogie spécialisée.Enfants surdoués",1
AG,2003,"Enseignement, sciences, documentation et culture.Art, culture, sport.Encouragement à la culture",1
AG,2003,"Défense nationale, protection de la population, police.Sécurité intérieure.Police.Coopération en matière de police",1
AG,2003,"Santé, travail, droit des assurances sociales, logement, homes.Santé.Substances thérapeutiques, stupéfiants",1
AG,2004,Etat.Dispositions générales.Collaboration intercantonale,1
AG,2004,"Enseignement, sciences, documentation et culture",1
AG,2004,"Santé, travail, droit des assurances sociales, logement, homes",1
AG,2005,Etat.Dispositions générales.Collaboration intercantonale,1
AG,2005,"Défense nationale, protection de la population, police",1
AG,2005,"Aménagement du territoire et constructions, expropriation, travaux publics, énergie, transports, environnement",2
AG,2006,Etat,1
AG,2006,Etat.Dispositions générales.Collaboration intercantonale,1
AG,2006,"Enseignement, sciences, documentation et culture",1
AG,2006,"Défense nationale, protection de la population, police.Sécurité intérieure.Police.Coopération en matière de police",1
AG,2006,"Défense nationale, protection de la population, police.Douanes.Protection des frontières",1
AG,2006,"Santé, travail, droit des assurances sociales, logement, homes",2
AG,2006,"Santé, travail, droit des assurances sociales, logement, homes.Santé.Professions médicales.Chiropraticiens, physiothérapeutes",1
AG,2007,Etat,1
AG,2007,"Enseignement, sciences, documentation et culture.Art, culture, sport.Sport",1
AG,2008,"Santé, travail, droit des assurances sociales, logement, homes",1
AG,2008,"Santé, travail, droit des assurances sociales, logement, homes.Santé.Professions médicales.Chiropraticiens, physiothérapeutes",1
AG,2009,Etat.Autorités.Protection des données,1
AG,2009,"Défense nationale, protection de la population, police.Sécurité intérieure.Police.Coopération en matière de police",1
AG,2009,"Aménagement du territoire et constructions, expropriation, travaux publics, énergie, transports, environnement",1
AG,2011,"Enseignement, sciences, documentation et culture.Contributions à la formation.Bourses d'études",1
AG,2012,"Santé, travail, droit des assurances sociales, logement, homes.Santé.Professions médicales.Chiropraticiens, physiothérapeutes",1
AG,2013,"Enseignement, sciences, documentation et culture",1
AG,2013,"Aménagement du territoire et constructions, expropriation, travaux publics, énergie, transports, environnement.Protection de l'environnement.Déchets",1
AG,2013,"Santé, travail, droit des assurances sociales, logement, homes.Santé.Etique",1
AG,2013,Economie.Arts et métiers.Services.Professions soumises à autorisation,1
AG,2014,"Enseignement, sciences, documentation et culture.Degré tertiaire: Ecoles supérieures",1
AG,2014,"Défense nationale, protection de la population, police.Sécurité intérieure.Police.Personnel",1
AG,2014,"Santé, travail, droit des assurances sociales, logement, homes.Santé.Professions médicales.Médecins",1
AG,2014,"Economie.Commerce.Marché intérieur, entraves techniques au commerce",1
AG,2015,"Aménagement du territoire et constructions, expropriation, travaux publics, énergie, transports, environnement.Transports.Circulation routière.Contrôle technique des véhicules",1
AG,2017,"Droit civil.Dispositions d'introduction du code civil.Droit des personnes, état civil.Fondations, surveillance.Fondations LPP",1
AG,2018,"Enseignement, sciences, documentation et culture.Reconnaissance des diplômes",1
AG,2018,"Aménagement du territoire et constructions, expropriation, travaux publics, énergie, transports, environnement",1
AG,2019,Etat.Autorités.Protection des données,1
AG,2019,"Enseignement, sciences, documentation et culture",1
AG,2019,"Enseignement, sciences, documentation et culture.Documentation.Archives",1
AG,2019,"Défense nationale, protection de la population, police.Sécurité intérieure.Police.Coopération en matière de police",1
AG,2019,"Aménagement du territoire et constructions, expropriation, travaux publics, énergie, transports, environnement",2
AG,2019,"Aménagement du territoire et constructions, expropriation, travaux publics, énergie, transports, environnement.Travaux publics.Marchés publics",1
AG,2020,Etat,1
AG,2021,Etat,1
AG,2021,"Défense nationale, protection de la population, police.Sécurité intérieure.Police.Coopération en matière de police",1
AG,2021,"Aménagement du territoire et constructions, expropriation, travaux publics, énergie, transports, environnement",1
AG,2021,"Santé, travail, droit des assurances sociales, logement, homes",1
AG,2022,Etat,1
AG,2022,"Défense nationale, protection de la population, police.Sécurité intérieure.Police.Coopération en matière de police",1
AG,2023,"Enseignement, sciences, documentation et culture.Degré secondaire II.Ecole moyenne",2
AG,2025,"Enseignement, sciences, documentation et culture",1
AG,2025,"Défense nationale, protection de la population, police",1
AG,2025,"Défense nationale, protection de la population, police.Sécurité intérieure.Police.Coopération en matière de police",1
AI,1848,Etat.Dispositions générales.Territoire.Frontières,1
AI,1889,"Enseignement, sciences, documentation et culture",1
AI,1937,Non classé,1
AI,1940,"Droit civil.Dispositions d'introduction du code civil.Droits réels.Registre foncier, mensurations cadastrales",2
AI,1943,Economie.Agriculture.Production animale.Commerce du bétail,1
AI,1944,Droit pénal,1
AI,1948,"Finances, Impôts, monopoles, entreprises d'état.Impôts.Interdiction des arrangements fiscaux",1
AI,1951,"Aménagement du territoire et constructions, expropriation, travaux publics, énergie, transports, environnement.Energie.Forces hydrauliques",1
AI,1951,"Aménagement du territoire et constructions, expropriation, travaux publics, énergie, transports, environnement.Transports.Funiculaires, téléphériques, téléskis",1
AI,1954,"Finances, Impôts, monopoles, entreprises d'état.Impôts.Impôts sur le revenu et la fortune / impôts sur les bénéfices et les capitaux.Impôt cantonal",1
AI,1955,"Finances, Impôts, monopoles, entreprises d'état.Monopoles, régales, entreprises d'état.Pétrole",1
AI,1955,Economie,1
AI,1967,Etat.Eglise et Etat.Eglise catholique romaine,1
AI,1969,Etat.Eglise et Etat.Eglise évangélique réformée,1
AI,1969,Droit civil.Arbitrage,1
AI,1969,"Finances, Impôts, monopoles, entreprises d'état.Impôts.Impôts sur les successions et les donations",1
AI,1970,"Enseignement, sciences, documentation et culture.Assurance de la qualité, surveillance, direction.Coordination",1
AI,1972,Economie.Forêt.Formation professionnelle,1
AI,1973,"Finances, Impôts, monopoles, entreprises d'état.Monopoles, régales, entreprises d'état.Régale des sels",1
AI,1974,Droit civil.Procédure civile.Entraide judiciaire,1
AI,1976,Droit pénal,1
AI,1976,"Défense nationale, protection de la population, police.Sécurité intérieure.Police.Coopération en matière de police",1
AI,1980,"Finances, Impôts, monopoles, entreprises d'état.Monopoles, régales, entreprises d'état.Pêche.Zones de pêche",1
AI,1981,"Finances, Impôts, monopoles, entreprises d'état.Impôts.Impôts sur les successions et les donations",1
AI,1982,"Finances, Impôts, monopoles, entreprises d'état.Impôts.Impôts sur les successions et les donations",1
AI,1983,"Finances, Impôts, monopoles, entreprises d'état.Impôts.Impôts sur les successions et les donations",1
AI,1983,"Aménagement du territoire et constructions, expropriation, travaux publics, énergie, transports, environnement.Protection de l'environnement.Déchets",1
AI,1990,Economie.Forêt.Formation professionnelle,1
AI,1992,Droit pénal.Procédure pénale.Entraide judiciaire,1
AI,1994,"Finances, Impôts, monopoles, entreprises d'état.Impôts.Impôts sur les successions et les donations",1
AI,1997,"Enseignement, sciences, documentation et culture",1
AI,1998,"Enseignement, sciences, documentation et culture.Degré tertiaire: Ecoles supérieures",1
AI,1998,"Economie.Commerce.Marché intérieur, entraves techniques au commerce",1
AI,1999,"Enseignement, sciences, documentation et culture",1
AI,2001,"Enseignement, sciences, documentation et culture",1
AI,2001,"Aménagement du territoire et constructions, expropriation, travaux publics, énergie, transports, environnement.Travaux publics.Marchés publics",1
AI,2003,"Enseignement, sciences, documentation et culture",1
AI,2003,"Enseignement, sciences, documentation et culture.Pédagogie spécialisée.Enfants surdoués",1
AI,2005,Etat.Dispositions générales.Collaboration intercantonale,1
AI,2005,"Droit civil.Dispositions d'introduction du code civil.Droit des personnes, état civil.Fondations, surveillance.Fondations LPP",2
AI,2005,"Enseignement, sciences, documentation et culture.Reconnaissance des diplômes",1
AI,2005,Non classé,1
AI,2006,"Enseignement, sciences, documentation et culture",1
AI,2006,"Défense nationale, protection de la population, police.Sécurité intérieure.Police.Coopération en matière de police",1
AI,2007,"Enseignement, sciences, documentation et culture.Art, culture, sport.Sport",1
AI,2007,"Finances, Impôts, monopoles, entreprises d'état.Impôts.Impôts sur les successions et les donations",1
AI,2008,"Finances, Impôts, monopoles, entreprises d'état.Impôts.Exonération et allégements fiscaux",1
AI,2009,Etat.Dispositions générales.Etablissement et séjour.Etablissement et séjour des étrangers.asile,1
AI,2009,"Enseignement, sciences, documentation et culture.Art, culture, sport.Encouragement à la culture",1
AI,2010,"Droit civil.Dispositions d'introduction du code civil.Droit des personnes, état civil.Fondations, surveillance.Fondations LPP",2
AI,2010,"Défense nationale, protection de la population, police.Sécurité intérieure.Entreprises de sécurité",1
AI,2012,Etat.Eglise et Etat.Eglise catholique romaine,1
AI,2012,"Enseignement, sciences, documentation et culture.Contributions à la formation.Bourses d'études",1
AI,2013,"Enseignement, sciences, documentation et culture",1
AI,2019,"Enseignement, sciences, documentation et culture",1
AI,2019,Non classé,2
AI,2021,"Aménagement du territoire et constructions, expropriation, travaux publics, énergie, transports, environnement.Travaux publics.Marchés publics",1
AI,2025,Droit civil,1
AR,1896,"Droit civil.Procédure civile.Emoluments, frais",1
AR,1924,"Santé, travail, droit des assurances sociales, logement, homes.Santé.Professions médicales.Sages-femmes",1
AR,1939,Economie,1
AR,1940,"Droit civil.Dispositions d'introduction du code civil.Droits réels.Registre foncier, mensurations cadastrales",2
AR,1943,Economie.Agriculture.Production animale.Commerce du bétail,1
AR,1948,"Finances, Impôts, monopoles, entreprises d'état.Impôts.Interdiction des arrangements fiscaux",1
AR,1951,"Aménagement du territoire et constructions, expropriation, travaux publics, énergie, transports, environnement.Transports.Funiculaires, téléphériques, téléskis",1
AR,1955,Publications sans texte,1
AR,1964,Publications sans texte,1
AR,1967,Etat.Eglise et Etat.Eglise catholique romaine,1
AR,1967,"Finances, Impôts, monopoles, entreprises d'état.Monopoles, régales, entreprises d'état.Pêche.Zones de pêche",1
AR,1967,"Aménagement du territoire et constructions, expropriation, travaux publics, énergie, transports, environnement.Protection de l'environnement.Protection des eaux",1
AR,1969,Etat.Eglise et Etat.Eglise évangélique réformée,1
AR,1969,Droit civil.Arbitrage,1
AR,1969,"Santé, travail, droit des assurances sociales, logement, homes",1
AR,1970,"Enseignement, sciences, documentation et culture.Assurance de la qualité, surveillance, direction.Coordination",1
AR,1971,Droit civil.Arbitrage,1
AR,1971,"Santé, travail, droit des assurances sociales, logement, homes.Santé.Substances thérapeutiques, stupéfiants",1
AR,1971,Economie.Forêt.Formation professionnelle,1
AR,1973,"Enseignement, sciences, documentation et culture.Degré prescolaire, école primaire, degré secondaire I.Ecole primaire, degré secondaire I",1
AR,1973,"Enseignement, sciences, documentation et culture.Degré secondaire II: Formation professionnelle initiale.Ecoles professionnelles.Enseignement ménager",1
AR,1973,"Finances, Impôts, monopoles, entreprises d'état.Monopoles, régales, entreprises d'état.Régale des sels",1
AR,1974,Droit civil.Procédure civile.Entraide judiciaire,1
AR,1974,Publications sans texte,1
AR,1976,"Défense nationale, protection de la population, police.Sécurité intérieure.Police.Coopération en matière de police",1
AR,1976,"Santé, travail, droit des assurances sociales, logement, homes",1
AR,1976,"Santé, travail, droit des assurances sociales, logement, homes.Santé.Etablissements hospitaliers, cliniques.Cliniques psychiatriques",2
AR,1977,"Aménagement du territoire et constructions, expropriation, travaux publics, énergie, transports, environnement.Protection de l'environnement.Protection des eaux",1
AR,1981,"Enseignement, sciences, documentation et culture.Pédagogie spécialisée.Ecoles d'art et de sport",1
AR,1981,"Finances, Impôts, monopoles, entreprises d'état.Monopoles, régales, entreprises d'état.Pêche.Zones de pêche",1
AR,1981,"Santé, travail, droit des assurances sociales, logement, homes",1
AR,1983,"Enseignement, sciences, documentation et culture.Pédagogie spécialisée.Ecoles spécialisées",1
AR,1983,"Aménagement du territoire et constructions, expropriation, travaux publics, énergie, transports, environnement.Protection de l'environnement.Déchets",1
AR,1984,Publications sans texte,1
AR,1987,"Enseignement, sciences, documentation et culture.Degré prescolaire, école primaire, degré secondaire I.Ecole primaire, degré secondaire I",1
AR,1990,"Enseignement, sciences, documentation et culture.Degré prescolaire, école primaire, degré secondaire I.Ecole enfantine",1
AR,1990,"Enseignement, sciences, documentation et culture.Formation continue (Degré quaternaire).Formation des adultes",1
AR,1990,"Aménagement du territoire et constructions, expropriation, travaux publics, énergie, transports, environnement.Protection de l'environnement.Déchets",1
AR,1992,"Enseignement, sciences, documentation et culture.Contributions à la formation.Ecolages",1
AR,1993,"Enseignement, sciences, documentation et culture.Formation continue (Degré quaternaire).Formation des adultes",1
AR,1993,"Enseignement, sciences, documentation et culture.Corps enseignant.Formation",1
AR,1998,"Enseignement, sciences, documentation et culture.Degré tertiaire: Ecoles supérieures",2
AR,2001,"Enseignement, sciences, documentation et culture",1
AR,2002,"Santé, travail, droit des assurances sociales, logement, homes.Assistance.Homes.Etablissements pour personnes âgées",1
AR,2003,"Enseignement, sciences, documentation et culture",1
AR,2003,"Enseignement, sciences, documentation et culture.Pédagogie spécialisée.Enfants surdoués",1
AR,2005,"Finances, Impôts, monopoles, entreprises d'état.Finances.Péréquation financière.Coopération intercantonale avec compensation des charges",1
AR,2005,"Aménagement du territoire et constructions, expropriation, travaux publics, énergie, transports, environnement",1
AR,2006,"Enseignement, sciences, documentation et culture",1
AR,2006,Economie,1
AR,2007,"Enseignement, sciences, documentation et culture",1
AR,2007,"Enseignement, sciences, documentation et culture.Art, culture, sport.Sport",1
AR,2008,"Santé, travail, droit des assurances sociales, logement, homes",1
AR,2009,"Enseignement, sciences, documentation et culture.Contributions à la formation.Bourses d'études",1
AR,2009,"Enseignement, sciences, documentation et culture.Art, culture, sport.Encouragement à la culture",1
AR,2009,"Défense nationale, protection de la population, police.Sécurité intérieure.Police.Coopération en matière de police",1
AR,2012,"Enseignement, sciences, documentation et culture.Degré tertiaire: Ecoles supérieures",1
AR,2012,"Aménagement du territoire et constructions, expropriation, travaux publics, énergie, transports, environnement",1
AR,2016,"Santé, travail, droit des assurances sociales, logement, homes.Santé.Etique",1
AR,2018,Economie,1
AR,2019,"Défense nationale, protection de la population, police.Sécurité intérieure.Police.Coopération en matière de police",1
AR,2025,"Santé, travail, droit des assurances sociales, logement, homes",1
BE,1828,Etat.Eglise et Etat.Eglise catholique romaine,2
BE,1851,Etat.Eglise et Etat.Eglise évangélique réformée,1
BE,1889,Etat.Eglise et Etat.Eglise évangélique réformée,1
BE,1893,Droit pénal.Procédure pénale.Entraide judiciaire,1
BE,1893,"Santé, travail, droit des assurances sociales, logement, homes",1
BE,1937,Economie,1
BE,1943,Economie.Agriculture.Production animale.Commerce du bétail,1
BE,1951,"Aménagement du territoire et constructions, expropriation, travaux publics, énergie, transports, environnement.Transports.Funiculaires, téléphériques, téléskis",1
BE,1957,Droit civil.Dispositions générales d'introduction du code des obligations.Des divers contrats.Prêt,1
BE,1959,Etat.Eglise et Etat.Eglise évangélique réformée,1
BE,1964,Economie.Agriculture.Formation agricole.Ecole agricole,1
BE,1969,Droit civil.Arbitrage,1
BE,1969,"Défense nationale, protection de la population, police.Sécurité intérieure.Armes et munitions",1
BE,1970,"Enseignement, sciences, documentation et culture",1
BE,1971,"Santé, travail, droit des assurances sociales, logement, homes.Santé.Substances thérapeutiques, stupéfiants",1
BE,1972,Etat,1
BE,1972,Etat.Dispositions générales.Collaboration intercantonale,1
BE,1973,"Finances, Impôts, monopoles, entreprises d'état.Monopoles, régales, entreprises d'état.Régale des sels",1
BE,1975,Droit civil.Procédure civile.Entraide judiciaire,1
BE,1976,"Aménagement du territoire et constructions, expropriation, travaux publics, énergie, transports, environnement",1
BE,1978,Etat.Dispositions générales.Collaboration intercantonale,1
BE,1980,Etat.Eglise et Etat.Eglise évangélique réformée,1
BE,1980,"Défense nationale, protection de la population, police",1
BE,1980,Economie.Agriculture.Lait,1
BE,1985,"Finances, Impôts, monopoles, entreprises d'état.Monopoles, régales, entreprises d'état.Pêche.Zones de pêche",1
BE,1986,"Aménagement du territoire et constructions, expropriation, travaux publics, énergie, transports, environnement.Travaux publics.Aménagement des eaux.Corrections des eaux / Protection contre les crues",1
BE,1988,"Enseignement, sciences, documentation et culture",1
BE,1993,Etat.Dispositions générales.Collaboration intercantonale,1
BE,1993,"Enseignement, sciences, documentation et culture",1
BE,1995,"Enseignement, sciences, documentation et culture",1
BE,1995,"Défense nationale, protection de la population, police.Sécurité intérieure.Police.Coopération en matière de police",1
BE,1995,"Finances, Impôts, monopoles, entreprises d'état.Monopoles, régales, entreprises d'état.Pêche.Zones de pêche",2
BE,1998,"Enseignement, sciences, documentation et culture",1
BE,1998,"Economie.Commerce.Marché intérieur, entraves techniques au commerce",1
BE,1999,Etat.Dispositions générales.Collaboration intercantonale,1
BE,1999,"Enseignement, sciences, documentation et culture",1
BE,2000,"Enseignement, sciences, documentation et culture",1
BE,2001,"Enseignement, sciences, documentation et culture",2
BE,2001,"Aménagement du territoire et constructions, expropriation, travaux publics, énergie, transports, environnement.Travaux publics.Marchés publics",1
BE,2002,"Santé, travail, droit des assurances sociales, logement, homes",1
BE,2002,"Santé, travail, droit des assurances sociales, logement, homes.Santé.Substances thérapeutiques, stupéfiants",1
BE,2003,"Enseignement, sciences, documentation et culture",2
BE,2003,"Défense nationale, protection de la population, police.Sécurité intérieure.Police.Personnel",1
BE,2004,Etat.Dispositions générales.Collaboration intercantonale,1
BE,2004,Economie.Agriculture.Culture des plantes.Vignoble,1
BE,2005,Etat.Dispositions générales.Collaboration intercantonale,2
BE,2005,"Aménagement du territoire et constructions, expropriation, travaux publics, énergie, transports, environnement",1
BE,2005,Economie,1
BE,2006,"Enseignement, sciences, documentation et culture",3
BE,2006,"Défense nationale, protection de la population, police.Sécurité intérieure.Police.Coopération en matière de police",1
BE,2006,"Santé, travail, droit des assurances sociales, logement, homes",1
BE,2007,"Enseignement, sciences, documentation et culture",1
BE,2007,"Enseignement, sciences, documentation et culture.Degré prescolaire, école primaire, degré secondaire I.Ecole primaire, degré secondaire I",2
BE,2007,"Enseignement, sciences, documentation et culture.Art, culture, sport.Sport",1
BE,2008,Etat.Autorités.Protection des données,1
BE,2008,"Enseignement, sciences, documentation et culture.Art, culture, sport.Art.Cinéma, théâtre, divertissement",1
BE,2008,"Enseignement, sciences, documentation et culture.Art, culture, sport.Encouragement à la culture",1
BE,2008,"Santé, travail, droit des assurances sociales, logement, homes",1
BE,2009,"Défense nationale, protection de la population, police.Sécurité intérieure.Police.Coopération en matière de police",1
BE,2010,"Enseignement, sciences, documentation et culture.Degré prescolaire, école primaire, degré secondaire I.Ecole primaire, degré secondaire I",1
BE,2011,"Droit civil.Dispositions d'introduction du code civil.Droit des personnes, état civil.Fondations, surveillance.Fondations LPP",1
BE,2011,"Enseignement, sciences, documentation et culture",2
BE,2012,"Enseignement, sciences, documentation et culture",1
BE,2012,"Enseignement, sciences, documentation et culture.Assurance de la qualité, surveillance, direction.Matériel scolaire",1
BE,2013,"Enseignement, sciences, documentation et culture",2
BE,2014,"Enseignement, sciences, documentation et culture",1
BE,2014,"Santé, travail, droit des assurances sociales, logement, homes.Santé.Professions médicales.Médecins",1
BE,2015,"Enseignement, sciences, documentation et culture",1
BE,2019,Etat.Dispositions générales.Territoire.Frontières,1
BE,2019,Etat.Autorités.Protection des données,1
BE,2019,"Défense nationale, protection de la population, police.Sécurité intérieure.Police.Coopération en matière de police",1
BE,2021,Etat.Dispositions générales.Territoire.Frontières,1
BE,2022,"Enseignement, sciences, documentation et culture",1
BE,2023,Etat.Dispositions générales.Territoire.Frontières,1
BE,2023,"Défense nationale, protection de la population, police.Sécurité intérieure.Police.Coopération en matière de police",1
BE,2024,Etat,1
BE,2024,"Etat.Dispositions générales.Territoire.Délimitations territoriales, districts",3
BE,2025,"Etat.Dispositions générales.Territoire.Délimitations territoriales, districts",9
BE,2025,Etat.Dispositions générales.Territoire.Frontières,20
BE,2025,Economie,1
BL,1828,Etat.Eglise et Etat.Eglise catholique romaine,2
BL,1834,Etat,1
BL,1903,"Droit civil.Procédure civile.Emoluments, frais",1
BL,1909,"Défense nationale, protection de la population, police.Sécurité intérieure.Police.Transports de police",1
BL,1936,"Finances, Impôts, monopoles, entreprises d'état.Impôts.Exonération et allégements fiscaux",1
BL,1937,Economie,1
BL,1943,Economie.Agriculture.Production animale.Commerce du bétail,1
BL,1948,"Enseignement, sciences, documentation et culture.Degré tertiaire: universités.Faculté de médecine humaine et vétérinaire",1
BL,1948,"Finances, Impôts, monopoles, entreprises d'état.Impôts.Interdiction des arrangements fiscaux",1
BL,1950,"Aménagement du territoire et constructions, expropriation, travaux publics, énergie, transports, environnement.Energie.Forces hydrauliques",2
BL,1951,"Aménagement du territoire et constructions, expropriation, travaux publics, énergie, transports, environnement.Transports.Funiculaires, téléphériques, téléskis",1
BL,1958,"Aménagement du territoire et constructions, expropriation, travaux publics, énergie, transports, environnement.Transports.Circulation routière.Police de la circulation",1
BL,1959,"Santé, travail, droit des assurances sociales, logement, homes",1
BL,1962,"Finances, Impôts, monopoles, entreprises d'état.Impôts.Exonération et allégements fiscaux",1
BL,1962,"Finances, Impôts, monopoles, entreprises d'état.Monopoles, régales, entreprises d'état.Pêche.Zones de pêche",1
BL,1962,"Aménagement du territoire et constructions, expropriation, travaux publics, énergie, transports, environnement.Travaux publics.Aménagement des eaux.Utilisation des eaux",1
BL,1963,"Enseignement, sciences, documentation et culture.Art, culture, sport.Art.Cinéma, théâtre, divertissement",1
BL,1964,"Enseignement, sciences, documentation et culture.Degré tertiaire: Hautes écoles.Agriculture",1
BL,1964,Economie.Agriculture.Formation agricole.Ecole agricole,1
BL,1969,Droit civil.Arbitrage,1
BL,1970,"Enseignement, sciences, documentation et culture.Assurance de la qualité, surveillance, direction.Coordination",1
BL,1970,"Aménagement du territoire et constructions, expropriation, travaux publics, énergie, transports, environnement.Transports.Circulation routière.Police de la circulation",1
BL,1970,"Santé, travail, droit des assurances sociales, logement, homes.Santé.Hygiène.Enfouissement des déchets carnés",1
BL,1971,"Aménagement du territoire et constructions, expropriation, travaux publics, énergie, transports, environnement.Protection de l'environnement.Protection des eaux",1
BL,1971,"Santé, travail, droit des assurances sociales, logement, homes",1
BL,1973,"Finances, Impôts, monopoles, entreprises d'état.Monopoles, régales, entreprises d'état.Régale des sels",1
BL,1973,"Aménagement du territoire et constructions, expropriation, travaux publics, énergie, transports, environnement.Energie.Forces hydrauliques",1
BL,1974,Droit civil.Procédure civile.Entraide judiciaire,1
BL,1974,"Aménagement du territoire et constructions, expropriation, travaux publics, énergie, transports, environnement.Transports.Circulation routière.Contrôle technique des véhicules",1
BL,1974,"Aménagement du territoire et constructions, expropriation, travaux publics, énergie, transports, environnement.Protection de l'environnement.Protection des eaux",2
BL,1974,"Santé, travail, droit des assurances sociales, logement, homes",1
BL,1974,"Santé, travail, droit des assurances sociales, logement, homes.Santé.Substances thérapeutiques, stupéfiants",1
BL,1974,"Santé, travail, droit des assurances sociales, logement, homes.Santé.Hygiène.Denrées alimentaires, objets d'usage courant.Viandes.Abattoirs",1
BL,1974,Economie.Agriculture.Formation agricole.Ecole agricole,1
BL,1975,"Aménagement du territoire et constructions, expropriation, travaux publics, énergie, transports, environnement",1
BL,1975,"Santé, travail, droit des assurances sociales, logement, homes.Santé.Professions médicales.Psychothérapeutes",1
BL,1975,"Santé, travail, droit des assurances sociales, logement, homes.Santé.Hygiène.Inhumations, cimetières",1
BL,1976,"Enseignement, sciences, documentation et culture",1
BL,1977,Etat.Dispositions générales.Collaboration intercantonale,1
BL,1977,"Aménagement du territoire et constructions, expropriation, travaux publics, énergie, transports, environnement",1
BL,1977,"Aménagement du territoire et constructions, expropriation, travaux publics, énergie, transports, environnement.Protection de l'environnement.Protection des eaux",1
BL,1978,Etat.Dispositions générales.Collaboration intercantonale,1
BL,1978,"Santé, travail, droit des assurances sociales, logement, homes",2
BL,1979,"Défense nationale, protection de la population, police.Sécurité intérieure.Police.Coopération en matière de police",1
BL,1979,"Aménagement du territoire et constructions, expropriation, travaux publics, énergie, transports, environnement.Protection de l'environnement.Protection des eaux",1
BL,1980,"Economie.Arts et métiers.Services.Cinéma, théâtre, divertissement",1
BL,1982,"Enseignement, sciences, documentation et culture",1
BL,1982,"Aménagement du territoire et constructions, expropriation, travaux publics, énergie, transports, environnement.Transports.Transports publics.Transports régionaux",1
BL,1983,Etat,1
BL,1983,"Défense nationale, protection de la population, police.Sécurité intérieure.Police.Coopération en matière de police",1
BL,1984,"Enseignement, sciences, documentation et culture.Corps enseignant.Formation",1
BL,1984,"Enseignement, sciences, documentation et culture.Reconnaissance des diplômes",1
BL,1985,Etat.Autorités.Gouvernement et administration.Administration.Directions et offices,1
BL,1988,"Aménagement du territoire et constructions, expropriation, travaux publics, énergie, transports, environnement.Protection de l'environnement.Protection des eaux",1
BL,1989,Etat,1
BL,1990,"Enseignement, sciences, documentation et culture.Degré secondaire II: Formation professionnelle initiale.Orientation professionnelle",1
BL,1990,"Santé, travail, droit des assurances sociales, logement, homes",1
BL,1991,Etat.Dispositions générales.Collaboration intercantonale,1
BL,1991,"Aménagement du territoire et constructions, expropriation, travaux publics, énergie, transports, environnement.Protection de l'environnement.Protection des eaux",1
BL,1992,Droit pénal.Procédure pénale.Entraide judiciaire,1
BL,1992,"Enseignement, sciences, documentation et culture.Degré tertiaire: Ecoles supérieures",1
BL,1992,"Santé, travail, droit des assurances sociales, logement, homes.Droit des assurances sociales.LAMAL.Tarifs.Conventions",1
BL,1993,Etat.Dispositions générales.Collaboration intercantonale,2
BL,1993,Etat.Autorités.Gouvernement et administration.Administration.Directions et offices,1
BL,1993,Etat.Autorités.Gouvernement et administration.Emoluments administratifs,1
BL,1993,"Enseignement, sciences, documentation et culture",1
BL,1993,"Enseignement, sciences, documentation et culture.Formation continue (Degré quaternaire).Formation des adultes",1
BL,1993,"Santé, travail, droit des assurances sociales, logement, homes",1
BL,1993,Economie.Agriculture.Culture des plantes.Vignoble,1
BL,1994,"Enseignement, sciences, documentation et culture",1
BL,1994,"Enseignement, sciences, documentation et culture.Degré secondaire II.Ecole moyenne",1
BL,1994,"Enseignement, sciences, documentation et culture.Formation continue (Degré quaternaire).Formation continue des enseignants",1
BL,1994,"Enseignement, sciences, documentation et culture.Documentation.Musées",1
BL,1994,Economie,1
BL,1995,"Enseignement, sciences, documentation et culture",1
BL,1995,"Enseignement, sciences, documentation et culture.Reconnaissance des diplômes",1
BL,1995,"Défense nationale, protection de la population, police.Sécurité intérieure.Police.Coopération en matière de police",1
BL,1996,"Enseignement, sciences, documentation et culture.Reconnaissance des diplômes",1
BL,1996,"Défense nationale, protection de la population, police.Protection de la population.Protection contre les incendies / éléments naturels.Protection contre le feu, pompiers",1
BL,1996,"Santé, travail, droit des assurances sociales, logement, homes",1
BL,1997,Etat.Dispositions générales.Collaboration intercantonale,1
BL,1997,"Enseignement, sciences, documentation et culture.Degré secondaire II.Ecole moyenne",1
BL,1997,"Enseignement, sciences, documentation et culture.Degré secondaire II: Formation professionnelle initiale.Ecoles professionnelles.Enseignement ménager",1
BL,1997,"Enseignement, sciences, documentation et culture.Art, culture, sport.Encouragement à la culture",1
BL,1997,"Aménagement du territoire et constructions, expropriation, travaux publics, énergie, transports, environnement.Transports.Circulation routière.Contrôle technique des véhicules",1
BL,1997,"Aménagement du territoire et constructions, expropriation, travaux publics, énergie, transports, environnement.Protection de la nature et du paysage.Protection des animaux",1
BL,1997,"Santé, travail, droit des assurances sociales, logement, homes",1
BL,1998,"Enseignement, sciences, documentation et culture",1
BL,1998,"Enseignement, sciences, documentation et culture.Degré secondaire II.Ecole moyenne",1
BL,1998,"Enseignement, sciences, documentation et culture.Degré tertiaire: Ecoles supérieures",1
BL,1998,"Enseignement, sciences, documentation et culture.Corps enseignant.Formation",1
BL,1998,"Enseignement, sciences, documentation et culture.Reconnaissance des diplômes",2
BL,1998,"Finances, Impôts, monopoles, entreprises d'état",1
BL,1998,"Aménagement du territoire et constructions, expropriation, travaux publics, énergie, transports, environnement",1
BL,1998,"Aménagement du territoire et constructions, expropriation, travaux publics, énergie, transports, environnement.Protection de l'environnement.Déchets",1
BL,1998,"Santé, travail, droit des assurances sociales, logement, homes",1
BL,1998,"Santé, travail, droit des assurances sociales, logement, homes.Santé.Etablissements hospitaliers, cliniques.Hôpitaux cantonaux",1
BL,1998,"Economie.Commerce.Marché intérieur, entraves techniques au commerce",1
BL,1999,Droit pénal.Procédure pénale.Aide aux victimes d'infractions,1
BL,1999,"Enseignement, sciences, documentation et culture.Degré prescolaire, école primaire, degré secondaire I.Ecole enfantine",1
BL,1999,"Enseignement, sciences, documentation et culture.Degré secondaire II: Formation professionnelle initiale.Solutions transitoires",1
BL,1999,"Enseignement, sciences, documentation et culture.Reconnaissance des diplômes",1
BL,2000,"Enseignement, sciences, documentation et culture",1
BL,2000,"Enseignement, sciences, documentation et culture.Degré prescolaire, école primaire, degré secondaire I.Ecole enfantine",1
BL,2000,"Enseignement, sciences, documentation et culture.Degré secondaire II.Ecole moyenne",1
BL,2000,"Enseignement, sciences, documentation et culture.Degré secondaire II: Formation professionnelle initiale.Solutions transitoires",1
BL,2000,"Enseignement, sciences, documentation et culture.Reconnaissance des diplômes",1
BL,2000,"Santé, travail, droit des assurances sociales, logement, homes.Santé.Etique",1
BL,2000,Economie,1
BL,2001,"Enseignement, sciences, documentation et culture.Degré secondaire II.Ecole moyenne",1
BL,2001,"Enseignement, sciences, documentation et culture.Reconnaissance des diplômes",1
BL,2001,"Aménagement du territoire et constructions, expropriation, travaux publics, énergie, transports, environnement.Travaux publics.Marchés publics",1
BL,2001,"Aménagement du territoire et constructions, expropriation, travaux publics, énergie, transports, environnement.Protection de l'environnement.Protection contre le bruit",1
BL,2001,"Santé, travail, droit des assurances sociales, logement, homes.Santé.Urgences, ambulances",1
BL,2002,Etat.Eglise et Etat.Eglise évangélique réformée,1
BL,2002,"Enseignement, sciences, documentation et culture",1
BL,2002,"Enseignement, sciences, documentation et culture.Degré secondaire II.Ecole moyenne",1
BL,2002,"Enseignement, sciences, documentation et culture.Formation continue (Degré quaternaire).Formation des adultes",1
BL,2002,"Enseignement, sciences, documentation et culture.Pédagogie spécialisée.Ecoles spécialisées",1
BL,2002,"Santé, travail, droit des assurances sociales, logement, homes",1
BL,2003,"Enseignement, sciences, documentation et culture",1
BL,2003,"Défense nationale, protection de la population, police.Sécurité intérieure.Police.Personnel",1
BL,2003,"Santé, travail, droit des assurances sociales, logement, homes.Santé.Substances thérapeutiques, stupéfiants",1
BL,2003,"Santé, travail, droit des assurances sociales, logement, homes.Droit des assurances sociales.Assurance-chômage",1
BL,2003,Economie.Promotion de l'économie,1
BL,2003,Economie.Agriculture.Lait,1
BL,2004,Etat.Dispositions générales.Collaboration intercantonale,1
BL,2004,"Enseignement, sciences, documentation et culture",1
BL,2004,"Enseignement, sciences, documentation et culture.Pédagogie spécialisée.Ecoles spécialisées",1
BL,2004,"Santé, travail, droit des assurances sociales, logement, homes",1
BL,2004,"Santé, travail, droit des assurances sociales, logement, homes.Santé.Professions médicales.Personnel soignant",1
BL,2005,Etat,1
BL,2005,Etat.Dispositions générales.Collaboration intercantonale,1
BL,2005,Economie,1
BL,2006,"Enseignement, sciences, documentation et culture",1
BL,2006,"Enseignement, sciences, documentation et culture.Contributions à la formation.Emoluments scolaires",1
BL,2006,"Enseignement, sciences, documentation et culture.Assurance de la qualité, surveillance, direction.Bâtiments scolaires",1
BL,2006,"Enseignement, sciences, documentation et culture.Reconnaissance des diplômes",1
BL,2006,"Aménagement du territoire et constructions, expropriation, travaux publics, énergie, transports, environnement",1
BL,2007,"Enseignement, sciences, documentation et culture",1
BL,2007,"Enseignement, sciences, documentation et culture.Degré prescolaire, école primaire, degré secondaire I.Ecole primaire, degré secondaire I",1
BL,2007,"Enseignement, sciences, documentation et culture.Reconnaissance des diplômes",1
BL,2007,"Enseignement, sciences, documentation et culture.Art, culture, sport.Sport",1
BL,2007,"Aménagement du territoire et constructions, expropriation, travaux publics, énergie, transports, environnement",1
BL,2008,Etat,1
BL,2008,"Enseignement, sciences, documentation et culture.Art, culture, sport.Encouragement à la culture",1
BL,2009,"Enseignement, sciences, documentation et culture.Degré tertiaire: Hautes écoles.Pédagogie",2
BL,2009,"Défense nationale, protection de la population, police.Sécurité intérieure.Police.Coopération en matière de police",2
BL,2010,"Enseignement, sciences, documentation et culture.Formation continue (Degré quaternaire).Formation des adultes",1
BL,2011,Etat.Dispositions générales.Collaboration intercantonale,1
BL,2011,"Droit civil.Dispositions d'introduction du code civil.Droit des personnes, état civil.Fondations, surveillance.Fondations LPP",1
BL,2011,"Enseignement, sciences, documentation et culture.Contributions à la formation.Bourses d'études",1
BL,2011,"Défense nationale, protection de la population, police.Sécurité intérieure.Police.Coopération en matière de police",1
BL,2013,"Enseignement, sciences, documentation et culture",1
BL,2013,"Santé, travail, droit des assurances sociales, logement, homes.Santé.Etique",1
BL,2013,Economie.Agriculture.Epizooties,2
BL,2013,Economie.Arts et métiers.Services.Professions soumises à autorisation,1
BL,2014,"Finances, Impôts, monopoles, entreprises d'état.Finances.Contributions étatiques, subventions",1
BL,2014,"Aménagement du territoire et constructions, expropriation, travaux publics, énergie, transports, environnement",2
BL,2014,Economie.Agriculture.Production animale.Commerce du bétail,1
BL,2015,"Droit civil.Dispositions d'introduction du code civil.Droits réels.Registre foncier, mensurations cadastrales",1
BL,2015,Economie,1
BL,2016,"Enseignement, sciences, documentation et culture.Degré prescolaire, école primaire, degré secondaire I.Ecole primaire, degré secondaire I",1
BL,2016,"Enseignement, sciences, documentation et culture.Sciences, recherche",1
BL,2016,"Santé, travail, droit des assurances sociales, logement, homes",2
BL,2017,"Enseignement, sciences, documentation et culture.Degré secondaire II.Ecole moyenne",1
BL,2018,"Santé, travail, droit des assurances sociales, logement, homes",1
BL,2018,Economie,1
BL,2019,Etat.Autorités.Protection des données,1
BL,2019,"Défense nationale, protection de la population, police.Sécurité intérieure.Police.Coopération en matière de police",1
BL,2019,"Aménagement du territoire et constructions, expropriation, travaux publics, énergie, transports, environnement.Travaux publics.Marchés publics",1
BL,2020,Etat.Dispositions générales.Documents d'identité,1
BL,2022,Etat.Dispositions générales.Collaboration intercantonale,1
BL,2025,Droit pénal.Procédure pénale.Entraide judiciaire,1
BS,1828,Etat.Eglise et Etat.Eglise catholique romaine,1
BS,1863,Etat.Dispositions générales.Territoire.Frontières,1
BS,1902,"Droit civil.Procédure civile.Emoluments, frais",1
BS,1906,Etat.Dispositions générales.Territoire.Frontières,1
BS,1909,"Défense nationale, protection de la population, police.Sécurité intérieure.Police.Transports de police",1
BS,1919,"Aménagement du territoire et constructions, expropriation, travaux publics, énergie, transports, environnement",1
BS,1937,"Défense nationale, protection de la population, police",1
BS,1938,Etat.Dispositions générales.Territoire.Frontières,1
BS,1940,Etat.Dispositions générales.Territoire.Frontières,1
BS,1948,Etat.Dispositions générales.Territoire.Frontières,1
BS,1948,"Finances, Impôts, monopoles, entreprises d'état.Impôts.Interdiction des arrangements fiscaux",1
BS,1949,Etat.Dispositions générales.Territoire.Frontières,1
BS,1954,Etat.Dispositions générales.Territoire.Frontières,1
BS,1959,"Santé, travail, droit des assurances sociales, logement, homes",1
BS,1961,Etat.Dispositions générales.Territoire.Frontières,1
BS,1963,"Santé, travail, droit des assurances sociales, logement, homes",1
BS,1964,"Aménagement du territoire et constructions, expropriation, travaux publics, énergie, transports, environnement.Transports.Circulation routière.Contrôle technique des véhicules",1
BS,1964,Economie.Agriculture.Formation agricole.Ecole agricole,2
BS,1967,Etat.Dispositions générales.Territoire.Frontières,1
BS,1970,Droit civil.Arbitrage,1
BS,1970,"Enseignement, sciences, documentation et culture.Assurance de la qualité, surveillance, direction.Coordination",1
BS,1971,"Santé, travail, droit des assurances sociales, logement, homes.Santé.Substances thérapeutiques, stupéfiants",1
BS,1971,"Santé, travail, droit des assurances sociales, logement, homes.Santé.Hygiène.Enfouissement des déchets carnés",1
BS,1972,"Santé, travail, droit des assurances sociales, logement, homes",1
BS,1973,"Finances, Impôts, monopoles, entreprises d'état.Monopoles, régales, entreprises d'état.Régale des sels",1
BS,1974,Etat.Dispositions générales.Territoire.Frontières,1
BS,1974,"Aménagement du territoire et constructions, expropriation, travaux publics, énergie, transports, environnement.Transports.Circulation routière.Contrôle technique des véhicules",1
BS,1974,"Aménagement du territoire et constructions, expropriation, travaux publics, énergie, transports, environnement.Protection de l'environnement.Protection des eaux",2
BS,1974,"Santé, travail, droit des assurances sociales, logement, homes",1
BS,1974,"Santé, travail, droit des assurances sociales, logement, homes.Santé.Substances thérapeutiques, stupéfiants",1
BS,1975,"Aménagement du territoire et constructions, expropriation, travaux publics, énergie, transports, environnement.Protection de la nature et du paysage.Protection des monuments et des biens culturels",2
BS,1975,"Santé, travail, droit des assurances sociales, logement, homes.Santé.Hygiène.Inhumations, cimetières",2
BS,1976,Droit civil.Procédure civile.Entraide judiciaire,1
BS,1976,"Santé, travail, droit des assurances sociales, logement, homes",1
BS,1977,Etat.Dispositions générales.Collaboration intercantonale,1
BS,1977,"Aménagement du territoire et constructions, expropriation, travaux publics, énergie, transports, environnement",1
BS,1978,Etat.Dispositions générales.Collaboration intercantonale,1
BS,1979,"Aménagement du territoire et constructions, expropriation, travaux publics, énergie, transports, environnement.Protection de l'environnement.Protection des eaux",1
BS,1979,"Santé, travail, droit des assurances sociales, logement, homes.Santé.Urgences, ambulances",1
BS,1980,Economie.Agriculture.Lait,1
BS,1982,"Aménagement du territoire et constructions, expropriation, travaux publics, énergie, transports, environnement.Transports.Transports publics.Transports régionaux",1
BS,1983,"Défense nationale, protection de la population, police.Sécurité intérieure.Police.Coopération en matière de police",1
BS,1984,"Santé, travail, droit des assurances sociales, logement, homes",1
BS,1985,"Enseignement, sciences, documentation et culture.Degré tertiaire: universités.Faculté de médecine humaine et vétérinaire",1
BS,1985,"Aménagement du territoire et constructions, expropriation, travaux publics, énergie, transports, environnement",1
BS,1987,"Santé, travail, droit des assurances sociales, logement, homes",2
BS,1988,"Aménagement du territoire et constructions, expropriation, travaux publics, énergie, transports, environnement.Protection de la nature et du paysage.Protection des animaux",1
BS,1989,Droit civil.Procédure civile.Exécution,1
BS,1989,"Aménagement du territoire et constructions, expropriation, travaux publics, énergie, transports, environnement.Transports.Transports publics.Transports régionaux",1
BS,1990,"Aménagement du territoire et constructions, expropriation, travaux publics, énergie, transports, environnement",1
BS,1992,"Aménagement du territoire et constructions, expropriation, travaux publics, énergie, transports, environnement.Protection de l'environnement.Déchets",1
BS,1993,Etat.Dispositions générales.Collaboration intercantonale,2
BS,1993,Etat.Autorités.Gouvernement et administration.Emoluments administratifs,1
BS,1993,Droit pénal.Procédure pénale.Entraide judiciaire,1
BS,1993,"Enseignement, sciences, documentation et culture.Formation continue (Degré quaternaire).Formation des adultes",1
BS,1993,"Santé, travail, droit des assurances sociales, logement, homes",1
BS,1994,"Aménagement du territoire et constructions, expropriation, travaux publics, énergie, transports, environnement",1
BS,1995,"Enseignement, sciences, documentation et culture.Reconnaissance des diplômes",1
BS,1995,"Défense nationale, protection de la population, police.Sécurité intérieure.Police.Coopération en matière de police",1
BS,1995,"Santé, travail, droit des assurances sociales, logement, homes",1
BS,1996,"Enseignement, sciences, documentation et culture.Reconnaissance des diplômes",1
BS,1996,"Aménagement du territoire et constructions, expropriation, travaux publics, énergie, transports, environnement.Travaux publics.Marchés publics",1
BS,1997,"Enseignement, sciences, documentation et culture.Degré secondaire II: Formation professionnelle initiale.Ecoles professionnelles.Enseignement ménager",1
BS,1997,"Enseignement, sciences, documentation et culture.Reconnaissance des diplômes",4
BS,1997,"Finances, Impôts, monopoles, entreprises d'état.Finances.Contributions étatiques, subventions",1
BS,1997,"Aménagement du territoire et constructions, expropriation, travaux publics, énergie, transports, environnement",1
BS,1997,"Aménagement du territoire et constructions, expropriation, travaux publics, énergie, transports, environnement.Transports.Circulation routière.Contrôle technique des véhicules",1
BS,1997,"Aménagement du territoire et constructions, expropriation, travaux publics, énergie, transports, environnement.Protection de la nature et du paysage.Protection des animaux",1
BS,1997,"Santé, travail, droit des assurances sociales, logement, homes",1
BS,1998,Etat.Dispositions générales.Collaboration intercantonale,1
BS,1998,"Enseignement, sciences, documentation et culture.Degré tertiaire: Ecoles supérieures",1
BS,1998,"Enseignement, sciences, documentation et culture.Corps enseignant.Formation",2
BS,1998,"Enseignement, sciences, documentation et culture.Reconnaissance des diplômes",1
BS,1998,"Aménagement du territoire et constructions, expropriation, travaux publics, énergie, transports, environnement",1
BS,1998,"Aménagement du territoire et constructions, expropriation, travaux publics, énergie, transports, environnement.Protection de l'environnement.Déchets",1
BS,1998,"Santé, travail, droit des assurances sociales, logement, homes",2
BS,1998,"Economie.Commerce.Marché intérieur, entraves techniques au commerce",1
BS,1999,Droit pénal.Procédure pénale.Aide aux victimes d'infractions,1
BS,1999,"Enseignement, sciences, documentation et culture.Assurance de la qualité, surveillance, direction.Coordination",1
BS,1999,"Enseignement, sciences, documentation et culture.Reconnaissance des diplômes",1
BS,1999,"Santé, travail, droit des assurances sociales, logement, homes",1
BS,2000,Etat.Dispositions générales.Collaboration intercantonale,1
BS,2000,"Enseignement, sciences, documentation et culture.Degré prescolaire, école primaire, degré secondaire I.Ecole enfantine",1
BS,2000,"Aménagement du territoire et constructions, expropriation, travaux publics, énergie, transports, environnement",1
BS,2000,"Santé, travail, droit des assurances sociales, logement, homes",1
BS,2000,"Santé, travail, droit des assurances sociales, logement, homes.Santé.Etique",1
BS,2001,"Aménagement du territoire et constructions, expropriation, travaux publics, énergie, transports, environnement.Protection de l'environnement.Protection contre le bruit",1
BS,2001,"Santé, travail, droit des assurances sociales, logement, homes.Santé.Urgences, ambulances",1
BS,2002,"Enseignement, sciences, documentation et culture.Pédagogie spécialisée.Ecoles spécialisées",1
BS,2002,"Aménagement du territoire et constructions, expropriation, travaux publics, énergie, transports, environnement.Travaux publics.Marchés publics",1
BS,2003,"Enseignement, sciences, documentation et culture.Degré tertiaire: Hautes écoles.Pédagogie",1
BS,2003,"Enseignement, sciences, documentation et culture.Sciences, recherche",1
BS,2003,"Défense nationale, protection de la population, police.Sécurité intérieure.Police.Coopération en matière de police",1
BS,2004,Etat.Dispositions générales.Collaboration intercantonale,1
BS,2004,"Enseignement, sciences, documentation et culture.Pédagogie spécialisée.Ecoles spécialisées",1
BS,2005,"Droit civil.Dispositions d'introduction du code civil.Droit des personnes, état civil.Fondations, surveillance.Fondations LPP",1
BS,2005,"Défense nationale, protection de la population, police",2
BS,2005,"Finances, Impôts, monopoles, entreprises d'état.Finances.Péréquation financière.Coopération intercantonale avec compensation des charges",1
BS,2005,"Santé, travail, droit des assurances sociales, logement, homes",1
BS,2006,"Enseignement, sciences, documentation et culture.Degré prescolaire, école primaire, degré secondaire I.Ecole primaire, degré secondaire I",1
BS,2006,"Santé, travail, droit des assurances sociales, logement, homes",3
BS,2007,"Enseignement, sciences, documentation et culture.Degré prescolaire, école primaire, degré secondaire I.Ecole primaire, degré secondaire I",1
BS,2007,"Enseignement, sciences, documentation et culture.Art, culture, sport.Sport",1
BS,2007,"Santé, travail, droit des assurances sociales, logement, homes",1
BS,2008,"Santé, travail, droit des assurances sociales, logement, homes",2
BS,2010,Etat,1
BS,2010,"Défense nationale, protection de la population, police.Sécurité intérieure.Police.Coopération en matière de police",1
BS,2010,"Santé, travail, droit des assurances sociales, logement, homes",1
BS,2011,Economie.Agriculture.Epizooties,1
BS,2012,"Enseignement, sciences, documentation et culture.Art, culture, sport.Art.Cinéma, théâtre, divertissement",1
BS,2013,"Santé, travail, droit des assurances sociales, logement, homes",1
BS,2014,"Enseignement, sciences, documentation et culture.Degré tertiaire: Ecoles supérieures",1
BS,2014,"Aménagement du territoire et constructions, expropriation, travaux publics, énergie, transports, environnement",1
BS,2014,"Santé, travail, droit des assurances sociales, logement, homes.Santé.Professions médicales.Médecins",1
BS,2015,"Enseignement, sciences, documentation et culture.Sciences, recherche",1
BS,2016,"Santé, travail, droit des assurances sociales, logement, homes",1
BS,2018,"Défense nationale, protection de la population, police",1
BS,2018,"Santé, travail, droit des assurances sociales, logement, homes",1
BS,2019,"Défense nationale, protection de la population, police.Sécurité intérieure.Police.Coopération en matière de police",1
BS,2019,"Aménagement du territoire et constructions, expropriation, travaux publics, énergie, transports, environnement.Travaux publics.Marchés publics",1
BS,2019,"Aménagement du territoire et constructions, expropriation, travaux publics, énergie, transports, environnement.Protection de l'environnement.Déchets",1
BS,2019,"Santé, travail, droit des assurances sociales, logement, homes",1
BS,2020,Etat.Dispositions générales.Documents d'identité,1
BS,2021,"Enseignement, sciences, documentation et culture.Assurance de la qualité, surveillance, direction.Bâtiments scolaires",1
BS,2022,Etat.Dispositions générales.Collaboration intercantonale,1
BS,2023,"Enseignement, sciences, documentation et culture.Degré secondaire II.Ecole moyenne",1
FR,1632,"Finances, Impôts, monopoles, entreprises d'état.Impôts.Exonération et allégements fiscaux",1
FR,1889,Etat,1
FR,1909,"Défense nationale, protection de la population, police.Sécurité intérieure.Police.Transports de police",1
FR,1928,"Finances, Impôts, monopoles, entreprises d'état.Impôts.Exonération et allégements fiscaux",1
FR,1931,"Finances, Impôts, monopoles, entreprises d'état.Impôts.Impôts sur les successions et les donations",1
FR,1936,"Finances, Impôts, monopoles, entreprises d'état.Impôts.Impôts sur les successions et les donations",1
FR,1937,"Aménagement du territoire et constructions, expropriation, travaux publics, énergie, transports, environnement.Travaux publics.Aménagement des eaux.Corrections des eaux / Protection contre les crues",1
FR,1938,"Aménagement du territoire et constructions, expropriation, travaux publics, énergie, transports, environnement.Travaux publics.Aménagement des eaux.Corrections des eaux / Protection contre les crues",1
FR,1943,Economie.Agriculture.Production animale.Commerce du bétail,1
FR,1944,"Finances, Impôts, monopoles, entreprises d'état.Impôts.Impôts sur les successions et les donations",1
FR,1948,"Finances, Impôts, monopoles, entreprises d'état.Impôts.Interdiction des arrangements fiscaux",1
FR,1950,"Aménagement du territoire et constructions, expropriation, travaux publics, énergie, transports, environnement.Transports.Funiculaires, téléphériques, téléskis",1
FR,1955,"Finances, Impôts, monopoles, entreprises d'état.Impôts.Impôts sur les successions et les donations",1
FR,1964,Economie.Agriculture.Formation agricole.Ecole agricole,1
FR,1968,Economie,1
FR,1968,Economie.Forêt.Formation professionnelle,1
FR,1969,Droit civil.Arbitrage,1
FR,1969,"Finances, Impôts, monopoles, entreprises d'état.Impôts.Impôts sur les successions et les donations",1
FR,1970,"Enseignement, sciences, documentation et culture.Assurance de la qualité, surveillance, direction.Coordination",1
FR,1971,Droit civil,1
FR,1971,"Santé, travail, droit des assurances sociales, logement, homes.Santé.Substances thérapeutiques, stupéfiants",1
FR,1973,"Finances, Impôts, monopoles, entreprises d'état.Impôts.Impôts sur les successions et les donations",2
FR,1973,"Finances, Impôts, monopoles, entreprises d'état.Monopoles, régales, entreprises d'état.Régale des sels",1
FR,1974,Droit civil.Procédure civile.Entraide judiciaire,1
FR,1974,Economie.Agriculture.Formation agricole.Ecole agricole,1
FR,1975,"Aménagement du territoire et constructions, expropriation, travaux publics, énergie, transports, environnement.Transports.Navigation.Police de la navigation",1
FR,1975,"Santé, travail, droit des assurances sociales, logement, homes.Assistance.Homes.Foyers pour enfants et adolescents",1
FR,1976,"Santé, travail, droit des assurances sociales, logement, homes.Santé.Professions médicales.Personnel soignant",1
FR,1977,Droit civil.Procédure civile.Exécution,1
FR,1978,Droit pénal,1
FR,1978,"Finances, Impôts, monopoles, entreprises d'état.Impôts.Impôts sur les successions et les donations",1
FR,1978,Economie,1
FR,1979,"Défense nationale, protection de la population, police.Sécurité intérieure.Police.Coopération en matière de police",1
FR,1980,"Finances, Impôts, monopoles, entreprises d'état.Finances.Contributions étatiques, subventions",1
FR,1984,Droit pénal,1
FR,1984,"Santé, travail, droit des assurances sociales, logement, homes.Assistance.Homes.Foyers pour enfants et adolescents",1
FR,1985,"Finances, Impôts, monopoles, entreprises d'état.Monopoles, régales, entreprises d'état.Pêche.Zones de pêche",1
FR,1987,Droit pénal,1
FR,1987,Economie.Agriculture.Formation agricole.Ecole agricole,1
FR,1988,Droit pénal,1
FR,1988,"Défense nationale, protection de la population, police.Sécurité intérieure.Police.Coopération en matière de police",1
FR,1989,Droit pénal,1
FR,1991,"Finances, Impôts, monopoles, entreprises d'état.Impôts.Impôts sur les successions et les donations",1
FR,1991,"Finances, Impôts, monopoles, entreprises d'état.Monopoles, régales, entreprises d'état.Pêche.Zones de pêche",3
FR,1992,Droit pénal.Procédure pénale.Entraide judiciaire,1
FR,1993,"Enseignement, sciences, documentation et culture.Formation continue (Degré quaternaire).Formation des adultes",1
FR,1994,"Enseignement, sciences, documentation et culture.Assurance de la qualité, surveillance, direction.Coordination",1
FR,1994,"Aménagement du territoire et constructions, expropriation, travaux publics, énergie, transports, environnement.Travaux publics.Marchés publics",1
FR,1995,"Enseignement, sciences, documentation et culture",1
FR,1995,"Enseignement, sciences, documentation et culture.Reconnaissance des diplômes",1
FR,1995,Economie.Arts et métiers.Services.Professions soumises à autorisation,1
FR,1996,"Enseignement, sciences, documentation et culture.Contributions à la formation.Ecolages",1
FR,1996,"Défense nationale, protection de la population, police.Sécurité intérieure.Entreprises de sécurité",1
FR,1997,"Enseignement, sciences, documentation et culture",3
FR,1997,"Enseignement, sciences, documentation et culture.Degré tertiaire: Hautes écoles.Autres filières d'études",1
FR,1998,"Enseignement, sciences, documentation et culture.Degré tertiaire: Ecoles supérieures",1
FR,1998,"Enseignement, sciences, documentation et culture.Assurance de la qualité, surveillance, direction.Coordination",1
FR,1998,"Santé, travail, droit des assurances sociales, logement, homes.Santé.Etablissements hospitaliers, cliniques.Hôpitaux cantonaux",1
FR,1998,Economie,2
FR,1998,"Economie.Commerce.Marché intérieur, entraves techniques au commerce",1
FR,1999,"Enseignement, sciences, documentation et culture.Degré prescolaire, école primaire, degré secondaire I.Ecole enfantine",1
FR,1999,"Enseignement, sciences, documentation et culture.Assurance de la qualité, surveillance, direction.Coordination",1
FR,2001,Etat,1
FR,2001,"Enseignement, sciences, documentation et culture",1
FR,2001,"Enseignement, sciences, documentation et culture.Degré tertiaire: Hautes écoles.Etudes sociales",1
FR,2001,"Enseignement, sciences, documentation et culture.Degré tertiaire: Hautes écoles.Autres filières d'études",1
FR,2001,"Enseignement, sciences, documentation et culture.Assurance de la qualité, surveillance, direction.Surveillance scolaire",1
FR,2002,"Enseignement, sciences, documentation et culture.Degré secondaire II.Ecole moyenne",1
FR,2002,"Enseignement, sciences, documentation et culture.Degré tertiaire: Ecoles supérieures",1
FR,2002,"Enseignement, sciences, documentation et culture.Assurance de la qualité, surveillance, direction.Surveillance scolaire",1
FR,2002,"Aménagement du territoire et constructions, expropriation, travaux publics, énergie, transports, environnement.Protection de la nature et du paysage.Protection de la nature",1
FR,2002,"Santé, travail, droit des assurances sociales, logement, homes",1
FR,2003,Droit pénal,2
FR,2003,Droit pénal.Droit pénal des mineurs et procédure pénale des mineurs,1
FR,2003,"Enseignement, sciences, documentation et culture",2
FR,2003,"Finances, Impôts, monopoles, entreprises d'état.Monopoles, régales, entreprises d'état.Pêche.Zones de pêche",2
FR,2004,"Enseignement, sciences, documentation et culture.Degré secondaire II.Ecole moyenne",1
FR,2005,"Enseignement, sciences, documentation et culture.Degré prescolaire, école primaire, degré secondaire I.Ecole enfantine",1
FR,2005,"Enseignement, sciences, documentation et culture.Degré secondaire II.Ecole moyenne",2
FR,2005,"Enseignement, sciences, documentation et culture.Corps enseignant.Prévoyance professionnelle, caisses de pensions",1
FR,2005,"Finances, Impôts, monopoles, entreprises d'état.Finances.Péréquation financière.Coopération intercantonale avec compensation des charges",1
FR,2005,"Aménagement du territoire et constructions, expropriation, travaux publics, énergie, transports, environnement",1
FR,2005,Economie,1
FR,2006,Droit pénal,3
FR,2006,"Défense nationale, protection de la population, police",1
FR,2007,"Enseignement, sciences, documentation et culture",1
FR,2007,"Enseignement, sciences, documentation et culture.Degré prescolaire, école primaire, degré secondaire I.Ecole primaire, degré secondaire I",2
FR,2007,"Enseignement, sciences, documentation et culture.Art, culture, sport.Sport",1
FR,2008,Droit pénal,2
FR,2008,"Santé, travail, droit des assurances sociales, logement, homes",1
FR,2009,"Enseignement, sciences, documentation et culture",1
FR,2009,"Défense nationale, protection de la population, police.Sécurité intérieure.Police.Coopération en matière de police",1
FR,2010,Droit pénal,1
FR,2010,"Santé, travail, droit des assurances sociales, logement, homes.Santé.Substances thérapeutiques, stupéfiants",1
FR,2013,Droit pénal.Droit pénal des mineurs et procédure pénale des mineurs,3
FR,2013,"Enseignement, sciences, documentation et culture",1
FR,2013,"Santé, travail, droit des assurances sociales, logement, homes.Santé.Etablissements hospitaliers, cliniques.Hôpitaux cantonaux",1
FR,2014,"Santé, travail, droit des assurances sociales, logement, homes.Santé.Professions médicales.Médecins",1
FR,2015,"Santé, travail, droit des assurances sociales, logement, homes",1
FR,2017,Economie,1
FR,2018,"Aménagement du territoire et constructions, expropriation, travaux publics, énergie, transports, environnement.Travaux publics.Routes.Routes nationales",1
FR,2019,Etat,1
FR,2019,"Défense nationale, protection de la population, police.Sécurité intérieure.Police.Coopération en matière de police",1
FR,2019,"Aménagement du territoire et constructions, expropriation, travaux publics, énergie, transports, environnement.Travaux publics.Marchés publics",1
FR,2020,Publications sans texte,1
FR,2021,Etat.Dispositions générales.Territoire.Frontières,1
FR,2022,"Enseignement, sciences, documentation et culture.Reconnaissance des diplômes",1
FR,2022,Publications sans texte,1
FR,2025,"Enseignement, sciences, documentation et culture",1
GE,1564,Etat.Dispositions générales.Territoire.Frontières,1
GE,1726,"Etat.Dispositions générales.Territoire.Délimitations territoriales, districts",1
GE,1901,"Droit civil.Procédure civile.Emoluments, frais",1
GE,1909,"Défense nationale, protection de la population, police.Sécurité intérieure.Police.Transports de police",1
GE,1943,Economie.Agriculture.Production animale.Commerce du bétail,1
GE,1948,"Finances, Impôts, monopoles, entreprises d'état.Impôts.Interdiction des arrangements fiscaux",1
GE,1960,"Aménagement du territoire et constructions, expropriation, travaux publics, énergie, transports, environnement.Transports.Navigation.Police de la navigation",1
GE,1964,"Aménagement du territoire et constructions, expropriation, travaux publics, énergie, transports, environnement.Travaux publics.Routes.Routes nationales",1
GE,1964,Economie.Agriculture.Formation agricole.Ecole agricole,1
GE,1968,"Santé, travail, droit des assurances sociales, logement, homes",1
GE,1969,Droit civil.Arbitrage,1
GE,1969,"Enseignement, sciences, documentation et culture.Contributions à la formation.Bourses d'études",1
GE,1970,"Enseignement, sciences, documentation et culture.Assurance de la qualité, surveillance, direction.Coordination",1
GE,1971,"Finances, Impôts, monopoles, entreprises d'état",1
GE,1973,"Finances, Impôts, monopoles, entreprises d'état.Monopoles, régales, entreprises d'état.Régale des sels",1
GE,1974,Droit civil.Procédure civile.Entraide judiciaire,1
GE,1977,Droit civil.Procédure civile.Exécution,1
GE,1979,"Défense nationale, protection de la population, police",1
GE,1979,Economie,1
GE,1984,Droit pénal,1
GE,1984,"Aménagement du territoire et constructions, expropriation, travaux publics, énergie, transports, environnement.Travaux publics.Aménagement des eaux.Corrections des eaux / Protection contre les crues",1
GE,1988,Droit pénal,1
GE,1988,"Défense nationale, protection de la population, police.Sécurité intérieure.Police.Coopération en matière de police",1
GE,1990,"Enseignement, sciences, documentation et culture",1
GE,1991,"Enseignement, sciences, documentation et culture.Reconnaissance des diplômes",1
GE,1992,Droit pénal.Procédure pénale.Entraide judiciaire,1
GE,1993,"Enseignement, sciences, documentation et culture.Formation continue (Degré quaternaire).Formation des adultes",1
GE,1993,"Enseignement, sciences, documentation et culture.Art, culture, sport.Art.Cinéma, théâtre, divertissement",1
GE,1994,"Aménagement du territoire et constructions, expropriation, travaux publics, énergie, transports, environnement.Travaux publics.Marchés publics",1
GE,1996,Etat.Dispositions générales.Etablissement et séjour.Etablissement et séjour des étrangers.mesures de contrainte,1
GE,1996,"Enseignement, sciences, documentation et culture.Reconnaissance des diplômes",1
GE,1996,"Défense nationale, protection de la population, police.Sécurité intérieure.Entreprises de sécurité",1
GE,1997,"Enseignement, sciences, documentation et culture",2
GE,1997,"Enseignement, sciences, documentation et culture.Reconnaissance des diplômes",2
GE,1998,"Enseignement, sciences, documentation et culture.Corps enseignant.Formation",1
GE,1998,"Economie.Commerce.Marché intérieur, entraves techniques au commerce",1
GE,1999,"Enseignement, sciences, documentation et culture",1
GE,1999,"Enseignement, sciences, documentation et culture.Assurance de la qualité, surveillance, direction.Coordination",1
GE,1999,"Finances, Impôts, monopoles, entreprises d'état.Monopoles, régales, entreprises d'état.Pêche.Zones de pêche",1
GE,2000,Etat.Dispositions générales.Etablissement et séjour.Etablissement et séjour des étrangers.mesures de contrainte,1
GE,2000,"Finances, Impôts, monopoles, entreprises d'état.Monopoles, régales, entreprises d'état.Pêche.Zones de pêche",1
GE,2001,Etat.Dispositions générales.Collaboration intercantonale,2
GE,2001,"Enseignement, sciences, documentation et culture.Degré tertiaire: Hautes écoles.Etudes sociales",1
GE,2002,"Enseignement, sciences, documentation et culture.Degré tertiaire: Ecoles supérieures",1
GE,2002,"Enseignement, sciences, documentation et culture.Pédagogie spécialisée.Ecoles spécialisées",1
GE,2002,"Enseignement, sciences, documentation et culture.Assurance de la qualité, surveillance, direction.Surveillance scolaire",1
GE,2003,Droit pénal,1
GE,2003,Droit pénal.Droit pénal des mineurs et procédure pénale des mineurs,2
GE,2003,"Enseignement, sciences, documentation et culture",1
GE,2004,Etat.Dispositions générales.Etablissement et séjour.Etablissement et séjour des étrangers.mesures de contrainte,1
GE,2005,"Enseignement, sciences, documentation et culture.Degré prescolaire, école primaire, degré secondaire I.Ecole primaire, degré secondaire I",1
GE,2005,"Finances, Impôts, monopoles, entreprises d'état.Finances.Péréquation financière.Coopération intercantonale avec compensation des charges",1
GE,2005,Economie,1
GE,2007,Droit pénal.Droit pénal des mineurs et procédure pénale des mineurs,1
GE,2007,"Enseignement, sciences, documentation et culture",2
GE,2007,"Enseignement, sciences, documentation et culture.Art, culture, sport.Sport",1
GE,2009,"Enseignement, sciences, documentation et culture.Degré prescolaire, école primaire, degré secondaire I.Ecole primaire, degré secondaire I",1
GE,2009,"Défense nationale, protection de la population, police.Sécurité intérieure.Police.Coopération en matière de police",1
GE,2010,Droit pénal,1
GE,2013,Droit pénal.Droit pénal des mineurs et procédure pénale des mineurs,1
GE,2013,"Enseignement, sciences, documentation et culture.Degré tertiaire: Ecoles supérieures",1
GE,2014,Droit pénal,1
GE,2014,"Santé, travail, droit des assurances sociales, logement, homes.Santé.Professions médicales.Médecins",1
GE,2017,Droit pénal,3
GE,2018,"Aménagement du territoire et constructions, expropriation, travaux publics, énergie, transports, environnement.Travaux publics.Routes.Routes nationales",1
GE,2019,Economie,2
GE,2023,Droit pénal,1
GL,1889,Droit pénal,1
GL,1901,"Droit civil.Procédure civile.Emoluments, frais",1
GL,1915,"Aménagement du territoire et constructions, expropriation, travaux publics, énergie, transports, environnement.Energie.Electricité",1
GL,1931,"Finances, Impôts, monopoles, entreprises d'état.Impôts.Impôts sur les successions et les donations",1
GL,1943,Economie.Agriculture.Production animale.Commerce du bétail,1
GL,1948,"Finances, Impôts, monopoles, entreprises d'état.Impôts.Interdiction des arrangements fiscaux",1
GL,1951,"Aménagement du territoire et constructions, expropriation, travaux publics, énergie, transports, environnement.Transports.Funiculaires, téléphériques, téléskis",1
GL,1969,Droit civil.Arbitrage,1
GL,1971,"Santé, travail, droit des assurances sociales, logement, homes.Santé.Substances thérapeutiques, stupéfiants",1
GL,1973,"Finances, Impôts, monopoles, entreprises d'état.Monopoles, régales, entreprises d'état.Régale des sels",1
GL,1976,"Défense nationale, protection de la population, police.Sécurité intérieure.Police.Coopération en matière de police",2
GL,1976,"Finances, Impôts, monopoles, entreprises d'état.Impôts.Impôts sur les successions et les donations",1
GL,1977,"Finances, Impôts, monopoles, entreprises d'état.Monopoles, régales, entreprises d'état.Pêche.Zones de pêche",1
GL,1977,"Aménagement du territoire et constructions, expropriation, travaux publics, énergie, transports, environnement.Protection de l'environnement.Protection des eaux",1
GL,1978,"Finances, Impôts, monopoles, entreprises d'état.Impôts.Impôts sur les successions et les donations",1
GL,1979,"Aménagement du territoire et constructions, expropriation, travaux publics, énergie, transports, environnement",1
GL,1980,"Enseignement, sciences, documentation et culture",1
GL,1980,"Aménagement du territoire et constructions, expropriation, travaux publics, énergie, transports, environnement.Protection de l'environnement.Protection des eaux",1
GL,1981,"Finances, Impôts, monopoles, entreprises d'état.Monopoles, régales, entreprises d'état.Pêche.Zones de pêche",1
GL,1981,"Santé, travail, droit des assurances sociales, logement, homes",1
GL,1984,"Santé, travail, droit des assurances sociales, logement, homes.Assistance.Homes.Foyers pour enfants et adolescents",1
GL,1986,"Santé, travail, droit des assurances sociales, logement, homes",1
GL,1992,Droit pénal.Procédure pénale.Entraide judiciaire,1
GL,1993,"Enseignement, sciences, documentation et culture.Formation continue (Degré quaternaire).Formation des adultes",1
GL,1993,"Finances, Impôts, monopoles, entreprises d'état",1
GL,1993,"Aménagement du territoire et constructions, expropriation, travaux publics, énergie, transports, environnement.Protection de l'environnement.Protection des eaux",1
GL,1994,"Finances, Impôts, monopoles, entreprises d'état.Monopoles, régales, entreprises d'état.Pêche.Zones de pêche",2
GL,1994,"Aménagement du territoire et constructions, expropriation, travaux publics, énergie, transports, environnement.Travaux publics.Marchés publics",1
GL,1994,"Aménagement du territoire et constructions, expropriation, travaux publics, énergie, transports, environnement.Protection de l'environnement.Déchets",2
GL,1995,"Enseignement, sciences, documentation et culture.Reconnaissance des diplômes",1
GL,1998,"Enseignement, sciences, documentation et culture",1
GL,1998,"Economie.Commerce.Marché intérieur, entraves techniques au commerce",1
GL,2000,"Aménagement du territoire et constructions, expropriation, travaux publics, énergie, transports, environnement",1
GL,2001,"Enseignement, sciences, documentation et culture",1
GL,2002,"Droit civil.Dispositions d'introduction du code civil.Droit des personnes, état civil.Fondations, surveillance.Fondations LPP",1
GL,2003,"Aménagement du territoire et constructions, expropriation, travaux publics, énergie, transports, environnement",3
GL,2003,"Aménagement du territoire et constructions, expropriation, travaux publics, énergie, transports, environnement.Travaux publics.Aménagement des eaux.Corrections des eaux / Protection contre les crues",1
GL,2003,"Aménagement du territoire et constructions, expropriation, travaux publics, énergie, transports, environnement.Protection de l'environnement.Protection des eaux",1
GL,2004,Droit pénal,1
GL,2005,Etat.Dispositions générales.Collaboration intercantonale,1
GL,2005,"Aménagement du territoire et constructions, expropriation, travaux publics, énergie, transports, environnement",2
GL,2005,Economie,1
GL,2006,Economie,1
GL,2007,"Droit civil.Dispositions d'introduction du code civil.Droit des personnes, état civil.Fondations, surveillance.Fondations LPP",2
GL,2007,"Enseignement, sciences, documentation et culture",2
GL,2008,"Enseignement, sciences, documentation et culture.Degré prescolaire, école primaire, degré secondaire I.Ecole primaire, degré secondaire I",1
GL,2008,"Santé, travail, droit des assurances sociales, logement, homes",1
GL,2009,"Enseignement, sciences, documentation et culture.Art, culture, sport.Sport",1
GL,2009,"Défense nationale, protection de la population, police.Sécurité intérieure.Police.Coopération en matière de police",1
GL,2011,"Enseignement, sciences, documentation et culture.Contributions à la formation.Bourses d'études",1
GL,2011,"Santé, travail, droit des assurances sociales, logement, homes",1
GL,2012,"Aménagement du territoire et constructions, expropriation, travaux publics, énergie, transports, environnement",1
GL,2013,"Enseignement, sciences, documentation et culture",1
GL,2014,"Santé, travail, droit des assurances sociales, logement, homes",1
GL,2014,Economie.Agriculture.Production animale.Commerce du bétail,1
GL,2015,"Enseignement, sciences, documentation et culture",1
GL,2018,"Santé, travail, droit des assurances sociales, logement, homes",1
GL,2018,Economie,1
GL,2019,"Aménagement du territoire et constructions, expropriation, travaux publics, énergie, transports, environnement.Travaux publics.Marchés publics",1
GL,2020,"Santé, travail, droit des assurances sociales, logement, homes",1
GL,2023,"Aménagement du territoire et constructions, expropriation, travaux publics, énergie, transports, environnement.Travaux publics.Marchés publics",1
GR,1901,"Droit civil.Procédure civile.Emoluments, frais",1
GR,1923,Economie,1
GR,1936,"Finances, Impôts, monopoles, entreprises d'état.Monopoles, régales, entreprises d'état.Pêche.Zones de pêche",1
GR,1937,Economie,1
GR,1943,"Finances, Impôts, monopoles, entreprises d'état.Monopoles, régales, entreprises d'état.Pêche.Zones de pêche",1
GR,1943,Economie.Agriculture.Production animale.Commerce du bétail,1
GR,1948,"Finances, Impôts, monopoles, entreprises d'état.Impôts.Interdiction des arrangements fiscaux",1
GR,1951,"Aménagement du territoire et constructions, expropriation, travaux publics, énergie, transports, environnement.Transports.Funiculaires, téléphériques, téléskis",1
GR,1955,"Finances, Impôts, monopoles, entreprises d'état.Impôts.Impôts sur les successions et les donations",1
GR,1958,"Finances, Impôts, monopoles, entreprises d'état.Impôts.Impôts sur les successions et les donations",1
GR,1968,"Enseignement, sciences, documentation et culture",1
GR,1968,"Enseignement, sciences, documentation et culture.Assurance de la qualité, surveillance, direction.Bâtiments scolaires",1
GR,1969,Droit civil.Arbitrage,1
GR,1970,"Enseignement, sciences, documentation et culture.Assurance de la qualité, surveillance, direction.Coordination",1
GR,1971,Droit civil,1
GR,1971,Economie.Forêt.Formation professionnelle,1
GR,1972,Economie.Forêt.Formation professionnelle,1
GR,1973,"Finances, Impôts, monopoles, entreprises d'état.Monopoles, régales, entreprises d'état.Régale des sels",1
GR,1974,Droit civil.Procédure civile.Entraide judiciaire,1
GR,1974,Economie.Agriculture.Formation agricole.Ecole agricole,1
GR,1975,"Enseignement, sciences, documentation et culture.Corps enseignant.Formation",1
GR,1976,"Finances, Impôts, monopoles, entreprises d'état.Impôts.Impôts sur les successions et les donations",1
GR,1976,"Santé, travail, droit des assurances sociales, logement, homes",2
GR,1977,Droit civil.Procédure civile.Exécution,1
GR,1977,"Défense nationale, protection de la population, police.Sécurité intérieure.Police.Coopération en matière de police",1
GR,1978,"Finances, Impôts, monopoles, entreprises d'état.Impôts.Impôts sur les successions et les donations",1
GR,1979,"Finances, Impôts, monopoles, entreprises d'état.Impôts.Impôts sur les successions et les donations",1
GR,1985,"Enseignement, sciences, documentation et culture.Contributions à la formation.Ecolages",1
GR,1985,"Aménagement du territoire et constructions, expropriation, travaux publics, énergie, transports, environnement.Protection de l'environnement.Protection des eaux",1
GR,1988,"Aménagement du territoire et constructions, expropriation, travaux publics, énergie, transports, environnement.Protection de l'environnement.Protection des eaux",1
GR,1989,"Santé, travail, droit des assurances sociales, logement, homes",1
GR,1991,Economie.Forêt.Formation professionnelle,1
GR,1992,Droit pénal.Procédure pénale.Entraide judiciaire,1
GR,1993,"Enseignement, sciences, documentation et culture.Formation continue (Degré quaternaire).Formation des adultes",1
GR,1994,"Finances, Impôts, monopoles, entreprises d'état.Impôts.Impôts sur les successions et les donations",1
GR,1994,"Aménagement du territoire et constructions, expropriation, travaux publics, énergie, transports, environnement.Travaux publics.Marchés publics",2
GR,1997,"Enseignement, sciences, documentation et culture",1
GR,1998,"Finances, Impôts, monopoles, entreprises d'état.Impôts.Impôts sur les successions et les donations",1
GR,1999,"Finances, Impôts, monopoles, entreprises d'état.Impôts.Impôts sur les successions et les donations",1
GR,2002,"Santé, travail, droit des assurances sociales, logement, homes.Assistance.Homes.Etablissements pour personnes âgées",1
GR,2005,"Droit civil.Dispositions d'introduction du code civil.Droit des personnes, état civil.Fondations, surveillance.Fondations LPP",1
GR,2005,"Finances, Impôts, monopoles, entreprises d'état.Finances.Péréquation financière.Coopération intercantonale avec compensation des charges",1
GR,2007,"Enseignement, sciences, documentation et culture.Art, culture, sport.Sport",1
GR,2008,"Santé, travail, droit des assurances sociales, logement, homes",1
GR,2009,"Enseignement, sciences, documentation et culture.Contributions à la formation.Bourses d'études",1
GR,2013,"Enseignement, sciences, documentation et culture.Degré tertiaire: Ecoles supérieures",1
GR,2019,"Aménagement du territoire et constructions, expropriation, travaux publics, énergie, transports, environnement.Travaux publics.Marchés publics",1
GR,2019,Economie,2
GR,2024,Droit civil,1
JU,1889,Etat.Dispositions générales.Territoire.Frontières,1
JU,1909,"Défense nationale, protection de la population, police.Sécurité intérieure.Police.Transports de police",1
JU,1943,Economie.Agriculture.Production animale.Commerce du bétail,1
JU,1948,"Finances, Impôts, monopoles, entreprises d'état.Impôts.Interdiction des arrangements fiscaux",1
JU,1951,"Aménagement du territoire et constructions, expropriation, travaux publics, énergie, transports, environnement.Transports.Funiculaires, téléphériques, téléskis",1
JU,1953,Etat.Dispositions générales.Territoire.Frontières,1
JU,1957,Droit civil.Dispositions générales d'introduction du code des obligations.Des divers contrats.Prêt,1
JU,1964,Economie.Agriculture.Formation agricole.Ecole agricole,1
JU,1968,Economie.Forêt.Formation professionnelle,1
JU,1969,Droit civil.Arbitrage,1
JU,1970,"Enseignement, sciences, documentation et culture.Assurance de la qualité, surveillance, direction.Coordination",1
JU,1971,Droit civil,1
JU,1971,"Santé, travail, droit des assurances sociales, logement, homes.Santé.Substances thérapeutiques, stupéfiants",1
JU,1972,"Enseignement, sciences, documentation et culture.Pédagogie spécialisée.Enfants surdoués",1
JU,1972,Economie,1
JU,1974,Economie.Agriculture.Lait,1
JU,1976,Etat.Dispositions générales.Territoire.Frontières,1
JU,1977,Droit civil.Procédure civile.Exécution,1
JU,1978,"Droit civil.Procédure civile.Emoluments, frais",1
JU,1978,Droit civil.Procédure civile.Entraide judiciaire,1
JU,1978,Droit pénal,4
JU,1978,Droit pénal.Droit pénal des mineurs et procédure pénale des mineurs,2
JU,1978,"Enseignement, sciences, documentation et culture.Degré prescolaire, école primaire, degré secondaire I.Ecole primaire, degré secondaire I",1
JU,1978,"Enseignement, sciences, documentation et culture.Formation continue (Degré quaternaire).Formation des adultes",1
JU,1978,"Enseignement, sciences, documentation et culture.Contributions à la formation.Bourses d'études",1
JU,1978,"Enseignement, sciences, documentation et culture.Contributions à la formation.Ecolages",1
JU,1978,"Enseignement, sciences, documentation et culture.Assurance de la qualité, surveillance, direction.Coordination",1
JU,1978,"Santé, travail, droit des assurances sociales, logement, homes.Santé.Substances thérapeutiques, stupéfiants",1
JU,1978,Economie,1
JU,1979,"Enseignement, sciences, documentation et culture.Degré prescolaire, école primaire, degré secondaire I.Ecole primaire, degré secondaire I",1
JU,1979,"Santé, travail, droit des assurances sociales, logement, homes.Santé.Hygiène.Enfouissement des déchets carnés",1
JU,1979,"Santé, travail, droit des assurances sociales, logement, homes.Assistance.Homes.Foyers pour enfants et adolescents",1
JU,1980,Etat.Eglise et Etat.Eglise catholique romaine,1
JU,1980,"Défense nationale, protection de la population, police",1
JU,1980,Economie.Agriculture.Lait,1
JU,1981,Etat,1
JU,1986,Etat.Dispositions générales.Information du public,1
JU,1986,Droit pénal,1
JU,1986,"Santé, travail, droit des assurances sociales, logement, homes",1
JU,1989,"Santé, travail, droit des assurances sociales, logement, homes",1
JU,1989,"Santé, travail, droit des assurances sociales, logement, homes.Santé.Hygiène.Enfouissement des déchets carnés",1
JU,1990,Etat,1
JU,1990,Etat.Dispositions générales.Collaboration intercantonale,1
JU,1992,"Santé, travail, droit des assurances sociales, logement, homes.Santé.Hygiène.Enfouissement des déchets carnés",1
JU,1993,Etat.Autorités.Protection des données,1
JU,1993,"Enseignement, sciences, documentation et culture.Documentation.Bibliothèques",1
JU,1994,Etat,1
JU,1995,Droit pénal.Procédure pénale.Entraide judiciaire,1
JU,1995,"Enseignement, sciences, documentation et culture.Degré prescolaire, école primaire, degré secondaire I.Ecole primaire, degré secondaire I",1
JU,1995,"Enseignement, sciences, documentation et culture.Reconnaissance des diplômes",1
JU,1995,"Aménagement du territoire et constructions, expropriation, travaux publics, énergie, transports, environnement.Travaux publics.Marchés publics",1
JU,1995,"Santé, travail, droit des assurances sociales, logement, homes.Santé.Hygiène.Enfouissement des déchets carnés",1
JU,1996,"Santé, travail, droit des assurances sociales, logement, homes",2
JU,1996,Economie,1
JU,1998,Etat.Dispositions générales.Territoire.Frontières,1
JU,1998,"Enseignement, sciences, documentation et culture",2
JU,1998,"Défense nationale, protection de la population, police.Sécurité intérieure.Entreprises de sécurité",1
JU,1998,"Aménagement du territoire et constructions, expropriation, travaux publics, énergie, transports, environnement.Travaux publics.Marchés publics",1
JU,1999,"Enseignement, sciences, documentation et culture",1
JU,1999,Economie.Arts et métiers.Services.Professions soumises à autorisation,1
JU,2000,"Enseignement, sciences, documentation et culture.Degré tertiaire: Hautes écoles.Pédagogie",1
JU,2000,"Défense nationale, protection de la population, police.Sécurité intérieure.Police.Coopération en matière de police",1
JU,2001,Etat.Dispositions générales.Collaboration intercantonale,1
JU,2001,"Enseignement, sciences, documentation et culture",1
JU,2001,"Enseignement, sciences, documentation et culture.Degré tertiaire: Hautes écoles.Etudes sociales",1
JU,2002,"Enseignement, sciences, documentation et culture",1
JU,2002,"Enseignement, sciences, documentation et culture.Art, culture, sport.Art.Cinéma, théâtre, divertissement",1
JU,2002,Economie,1
JU,2003,"Enseignement, sciences, documentation et culture.Degré tertiaire: Ecoles supérieures",1
JU,2004,"Enseignement, sciences, documentation et culture",2
JU,2004,"Enseignement, sciences, documentation et culture.Assurance de la qualité, surveillance, direction.Surveillance scolaire",1
JU,2004,Economie,2
JU,2005,"Enseignement, sciences, documentation et culture",1
JU,2005,"Santé, travail, droit des assurances sociales, logement, homes",1
JU,2005,Economie,1
JU,2006,Etat.Dispositions générales.Collaboration intercantonale,1
JU,2006,Droit pénal,1
JU,2007,Etat,1
JU,2007,Etat.Dispositions générales.Territoire.Frontières,1
JU,2007,Etat.Autorités.Protection des données,1
JU,2008,Droit pénal,2
JU,2008,"Enseignement, sciences, documentation et culture.Degré prescolaire, école primaire, degré secondaire I.Ecole primaire, degré secondaire I",2
JU,2008,"Santé, travail, droit des assurances sociales, logement, homes",1
JU,2010,"Enseignement, sciences, documentation et culture.Art, culture, sport.Sport",1
JU,2011,"Droit civil.Dispositions d'introduction du code civil.Droit des personnes, état civil.Fondations, surveillance.Fondations LPP",1
JU,2012,"Défense nationale, protection de la population, police.Sécurité intérieure.Police.Coopération en matière de police",1
JU,2013,Etat.Dispositions générales.Territoire.Frontières,1
JU,2013,"Enseignement, sciences, documentation et culture",1
JU,2014,"Enseignement, sciences, documentation et culture",1
JU,2016,"Enseignement, sciences, documentation et culture.Art, culture, sport.Encouragement à la culture",1
JU,2017,"Enseignement, sciences, documentation et culture.Degré secondaire II.Ecole moyenne",1
JU,2018,"Droit civil.Dispositions d'introduction du code civil.Droits réels.Registre foncier, mensurations cadastrales",1
JU,2019,"Aménagement du territoire et constructions, expropriation, travaux publics, énergie, transports, environnement",1
JU,2020,Economie,2
JU,2022,Etat.Dispositions générales.Collaboration intercantonale,1
JU,2024,Etat,1
JU,2024,Etat.Eglise et Etat.Eglise catholique romaine,1
JU,2024,Etat.Eglise et Etat.Eglise évangélique réformée,1
JU,2025,"Etat.Dispositions générales.Territoire.Délimitations territoriales, districts",9
JU,2025,Etat.Dispositions générales.Territoire.Frontières,14
JU,2025,"Défense nationale, protection de la population, police.Sécurité intérieure.Police.Coopération en matière de police",1
LU,1894,"Finances, Impôts, monopoles, entreprises d'état.Monopoles, régales, entreprises d'état.Pêche.Zones de pêche",1
LU,1896,"Droit civil.Procédure civile.Emoluments, frais",1
LU,1901,Economie.Agriculture.Formation agricole.Ecole agricole,1
LU,1905,Non classé,1
LU,1922,"Aménagement du territoire et constructions, expropriation, travaux publics, énergie, transports, environnement.Transports.Transports publics.Transports ferroviaires",1
LU,1937,Non classé,1
LU,1943,Economie.Agriculture.Production animale.Commerce du bétail,1
LU,1948,"Finances, Impôts, monopoles, entreprises d'état.Impôts.Interdiction des arrangements fiscaux",1
LU,1950,Non classé,1
LU,1951,"Aménagement du territoire et constructions, expropriation, travaux publics, énergie, transports, environnement.Transports.Funiculaires, téléphériques, téléskis",1
LU,1959,Droit pénal,1
LU,1964,"Enseignement, sciences, documentation et culture.Degré tertiaire: Hautes écoles.Agriculture",1
LU,1967,"Finances, Impôts, monopoles, entreprises d'état.Monopoles, régales, entreprises d'état.Pêche.Zones de pêche",1
LU,1969,Droit civil.Arbitrage,1
LU,1969,"Défense nationale, protection de la population, police.Sécurité intérieure.Armes et munitions",1
LU,1969,"Santé, travail, droit des assurances sociales, logement, homes.Santé.Professions médicales.Personnel soignant",1
LU,1970,"Enseignement, sciences, documentation et culture.Assurance de la qualité, surveillance, direction.Coordination",1
LU,1970,"Finances, Impôts, monopoles, entreprises d'état.Monopoles, régales, entreprises d'état.Pêche.Zones de pêche",1
LU,1971,"Santé, travail, droit des assurances sociales, logement, homes.Santé.Substances thérapeutiques, stupéfiants",1
LU,1973,"Finances, Impôts, monopoles, entreprises d'état.Monopoles, régales, entreprises d'état.Régale des sels",1
LU,1974,Droit civil.Procédure civile.Entraide judiciaire,1
LU,1977,Droit civil.Procédure civile.Exécution,1
LU,1978,"Défense nationale, protection de la population, police.Sécurité intérieure.Police.Coopération en matière de police",1
LU,1978,"Finances, Impôts, monopoles, entreprises d'état.Monopoles, régales, entreprises d'état.Pêche.Zones de pêche",1
LU,1982,"Enseignement, sciences, documentation et culture.Degré secondaire II.Ecole moyenne",1
LU,1982,"Santé, travail, droit des assurances sociales, logement, homes.Santé.Professions médicales.Personnel soignant",1
LU,1984,"Santé, travail, droit des assurances sociales, logement, homes",1
LU,1985,"Aménagement du territoire et constructions, expropriation, travaux publics, énergie, transports, environnement.Protection de l'environnement.Protection des eaux",1
LU,1989,"Aménagement du territoire et constructions, expropriation, travaux publics, énergie, transports, environnement.Transports.Navigation.Police de la navigation",1
LU,1992,Droit pénal.Procédure pénale.Entraide judiciaire,1
LU,1993,"Enseignement, sciences, documentation et culture.Formation continue (Degré quaternaire).Formation des adultes",2
LU,1996,Economie,1
LU,1997,Non classé,1
LU,1998,"Enseignement, sciences, documentation et culture",1
LU,1998,"Economie.Commerce.Marché intérieur, entraves techniques au commerce",1
LU,1999,"Enseignement, sciences, documentation et culture",1
LU,1999,"Enseignement, sciences, documentation et culture.Assurance de la qualité, surveillance, direction.Coordination",1
LU,2001,"Enseignement, sciences, documentation et culture.Degré tertiaire: Hautes écoles.Etudes sociales",1
LU,2001,"Enseignement, sciences, documentation et culture.Degré tertiaire: Hautes écoles.Economie",1
LU,2001,"Enseignement, sciences, documentation et culture.Degré tertiaire: Hautes écoles.Autres filières d'études",1
LU,2001,"Aménagement du territoire et constructions, expropriation, travaux publics, énergie, transports, environnement.Travaux publics.Marchés publics",1
LU,2002,"Enseignement, sciences, documentation et culture.Degré tertiaire: Hautes écoles.Pédagogie",1
LU,2002,"Enseignement, sciences, documentation et culture.Degré tertiaire: Hautes écoles.Autres filières d'études",1
LU,2002,"Santé, travail, droit des assurances sociales, logement, homes",1
LU,2003,"Enseignement, sciences, documentation et culture",1
LU,2003,"Enseignement, sciences, documentation et culture.Degré tertiaire: Hautes écoles.Autres filières d'études",1
LU,2003,"Enseignement, sciences, documentation et culture.Contributions à la formation.Emoluments scolaires",1
LU,2003,"Enseignement, sciences, documentation et culture.Art, culture, sport.Encouragement à la culture",1
LU,2003,"Défense nationale, protection de la population, police.Sécurité intérieure.Police.Personnel",1
LU,2003,"Aménagement du territoire et constructions, expropriation, travaux publics, énergie, transports, environnement",1
LU,2003,"Santé, travail, droit des assurances sociales, logement, homes.Santé.Substances thérapeutiques, stupéfiants",1
LU,2004,"Droit civil.Dispositions d'introduction du code civil.Droit des personnes, état civil.Fondations, surveillance.Fondations LPP",1
LU,2004,"Enseignement, sciences, documentation et culture.Degré tertiaire: Hautes écoles.Pédagogie",2
LU,2005,Etat.Dispositions générales.Collaboration intercantonale,1
LU,2005,"Droit civil.Dispositions d'introduction du code civil.Droit des personnes, état civil.Fondations, surveillance.Fondations LPP",2
LU,2005,"Enseignement, sciences, documentation et culture.Degré tertiaire: Hautes écoles.Pédagogie",2
LU,2005,"Aménagement du territoire et constructions, expropriation, travaux publics, énergie, transports, environnement",1
LU,2005,Non classé,1
LU,2006,"Enseignement, sciences, documentation et culture",1
LU,2006,"Enseignement, sciences, documentation et culture.Degré tertiaire: Hautes écoles.Pédagogie",1
LU,2006,"Aménagement du territoire et constructions, expropriation, travaux publics, énergie, transports, environnement.Travaux publics.Aménagement des eaux.Corrections des eaux / Protection contre les crues",1
LU,2007,Non classé,1
LU,2008,"Santé, travail, droit des assurances sociales, logement, homes",1
LU,2008,Economie,1
LU,2009,"Enseignement, sciences, documentation et culture.Contributions à la formation.Bourses d'études",1
LU,2009,"Défense nationale, protection de la population, police.Sécurité intérieure.Police.Coopération en matière de police",2
LU,2010,"Défense nationale, protection de la population, police",1
LU,2012,"Enseignement, sciences, documentation et culture",1
LU,2012,"Enseignement, sciences, documentation et culture.Degré tertiaire: Hautes écoles.Pédagogie",1
LU,2012,"Enseignement, sciences, documentation et culture.Contributions à la formation.Ecolages",1
LU,2012,"Aménagement du territoire et constructions, expropriation, travaux publics, énergie, transports, environnement",1
LU,2013,"Défense nationale, protection de la population, police.Sécurité intérieure.Police.Coopération en matière de police",1
LU,2014,"Enseignement, sciences, documentation et culture",1
LU,2014,"Santé, travail, droit des assurances sociales, logement, homes.Santé.Professions médicales.Médecins",1
LU,2019,"Aménagement du territoire et constructions, expropriation, travaux publics, énergie, transports, environnement.Travaux publics.Marchés publics",1
LU,2021,Economie,1
NE,1889,Droit civil,1
NE,1895,Etat.Dispositions générales.Territoire.Frontières,1
NE,1896,"Droit civil.Procédure civile.Emoluments, frais",1
NE,1907,"Enseignement, sciences, documentation et culture.Degré prescolaire, école primaire, degré secondaire I.Ecole primaire, degré secondaire I",2
NE,1910,"Aménagement du territoire et constructions, expropriation, travaux publics, énergie, transports, environnement.Transports.Navigation.Police de la navigation",1
NE,1912,"Finances, Impôts, monopoles, entreprises d'état.Impôts.Impôts sur les successions et les donations",2
NE,1943,"Enseignement, sciences, documentation et culture",1
NE,1943,Economie.Agriculture.Production animale.Commerce du bétail,2
NE,1951,"Aménagement du territoire et constructions, expropriation, travaux publics, énergie, transports, environnement.Transports.Funiculaires, téléphériques, téléskis",1
NE,1960,"Finances, Impôts, monopoles, entreprises d'état.Impôts.Impôts sur les successions et les donations",1
NE,1960,"Aménagement du territoire et constructions, expropriation, travaux publics, énergie, transports, environnement.Transports.Navigation.Police de la navigation",1
NE,1969,Droit civil.Arbitrage,1
NE,1969,"Finances, Impôts, monopoles, entreprises d'état.Impôts.Impôts sur les successions et les donations",3
NE,1970,"Enseignement, sciences, documentation et culture.Assurance de la qualité, surveillance, direction.Coordination",1
NE,1971,"Finances, Impôts, monopoles, entreprises d'état.Impôts.Impôts sur les successions et les donations",2
NE,1972,"Finances, Impôts, monopoles, entreprises d'état.Impôts.Impôts sur les successions et les donations",3
NE,1973,"Enseignement, sciences, documentation et culture",1
NE,1973,"Finances, Impôts, monopoles, entreprises d'état.Impôts.Impôts sur les successions et les donations",1
NE,1973,"Finances, Impôts, monopoles, entreprises d'état.Monopoles, régales, entreprises d'état.Régale des sels",1
NE,1973,"Aménagement du territoire et constructions, expropriation, travaux publics, énergie, transports, environnement",1
NE,1974,Droit civil.Procédure civile.Entraide judiciaire,1
NE,1974,"Enseignement, sciences, documentation et culture.Assurance de la qualité, surveillance, direction.Coordination",1
NE,1975,Droit pénal,1
NE,1977,Etat.Dispositions générales.Information du public,1
NE,1977,Droit civil.Procédure civile.Exécution,1
NE,1978,"Finances, Impôts, monopoles, entreprises d'état.Impôts.Impôts sur les successions et les donations",1
NE,1980,"Enseignement, sciences, documentation et culture.Assurance de la qualité, surveillance, direction.Coordination",1
NE,1984,Droit pénal,2
NE,1985,"Santé, travail, droit des assurances sociales, logement, homes",1
NE,1987,"Droit civil.Dispositions d'introduction du code civil.Droit des personnes, état civil.Fondations, surveillance.Fondations LPP",1
NE,1989,Droit pénal,1
NE,1991,"Finances, Impôts, monopoles, entreprises d'état.Monopoles, régales, entreprises d'état.Pêche.Zones de pêche",3
NE,1991,Economie,1
NE,1992,Droit pénal.Procédure pénale.Entraide judiciaire,1
NE,1993,"Enseignement, sciences, documentation et culture.Reconnaissance des diplômes",3
NE,1994,"Aménagement du territoire et constructions, expropriation, travaux publics, énergie, transports, environnement.Travaux publics.Marchés publics",2
NE,1995,"Enseignement, sciences, documentation et culture",1
NE,1995,"Enseignement, sciences, documentation et culture.Degré tertiaire: Hautes écoles.Pédagogie",1
NE,1995,"Enseignement, sciences, documentation et culture.Degré tertiaire: Hautes écoles.Etudes sociales",1
NE,1995,"Enseignement, sciences, documentation et culture.Reconnaissance des diplômes",1
NE,1996,Etat,1
NE,1996,"Défense nationale, protection de la population, police.Sécurité intérieure.Entreprises de sécurité",1
NE,1996,Economie.Agriculture.Lait,1
NE,1998,"Enseignement, sciences, documentation et culture",1
NE,1998,"Enseignement, sciences, documentation et culture.Corps enseignant.Formation",1
NE,1998,Economie,2
NE,1999,"Enseignement, sciences, documentation et culture",2
NE,1999,"Enseignement, sciences, documentation et culture.Pédagogie spécialisée.Ecoles spécialisées",1
NE,1999,"Enseignement, sciences, documentation et culture.Reconnaissance des diplômes",1
NE,1999,"Défense nationale, protection de la population, police",1
NE,2000,Etat.Eglise et Etat.Eglise catholique romaine,1
NE,2000,"Enseignement, sciences, documentation et culture.Degré tertiaire: Hautes écoles.Pédagogie",1
NE,2001,"Enseignement, sciences, documentation et culture",2
NE,2001,"Enseignement, sciences, documentation et culture.Assurance de la qualité, surveillance, direction.Surveillance scolaire",1
NE,2001,"Enseignement, sciences, documentation et culture.Art, culture, sport.Art.Cinéma, théâtre, divertissement",1
NE,2002,Etat.Dispositions générales.Collaboration intercantonale,1
NE,2002,"Enseignement, sciences, documentation et culture.Degré tertiaire: Ecoles supérieures",1
NE,2002,"Finances, Impôts, monopoles, entreprises d'état.Impôts.Impôts sur les successions et les donations",1
NE,2002,"Santé, travail, droit des assurances sociales, logement, homes",1
NE,2003,Droit pénal.Droit pénal des mineurs et procédure pénale des mineurs,1
NE,2003,"Enseignement, sciences, documentation et culture.Degré secondaire II: Formation professionnelle initiale.Passerelle",2
NE,2004,"Finances, Impôts, monopoles, entreprises d'état.Monopoles, régales, entreprises d'état.Pêche.Zones de pêche",1
NE,2005,"Enseignement, sciences, documentation et culture.Degré prescolaire, école primaire, degré secondaire I.Ecole enfantine",1
NE,2005,"Aménagement du territoire et constructions, expropriation, travaux publics, énergie, transports, environnement",1
NE,2006,Economie,1
NE,2007,"Enseignement, sciences, documentation et culture",1
NE,2007,"Enseignement, sciences, documentation et culture.Degré secondaire II.Ecoles moyennes supérieures, écoles des culture générale, écoles de degré diplôme",1
NE,2007,"Défense nationale, protection de la population, police",1
NE,2010,"Santé, travail, droit des assurances sociales, logement, homes.Santé.Substances thérapeutiques, stupéfiants",1
NE,2013,Droit pénal.Droit pénal des mineurs et procédure pénale des mineurs,1
NE,2014,"Défense nationale, protection de la population, police",1
NE,2014,"Aménagement du territoire et constructions, expropriation, travaux publics, énergie, transports, environnement.Transports.Navigation.Police de la navigation",1
NE,2018,Droit pénal,2
NE,2019,Economie,1
NE,2022,"Enseignement, sciences, documentation et culture.Art, culture, sport.Encouragement à la culture",1
NW,1632,"Finances, Impôts, monopoles, entreprises d'état.Monopoles, régales, entreprises d'état.Pêche.Zones de pêche",1
NW,1850,Publications sans texte,1
NW,1890,"Droit civil.Dispositions d'introduction du code civil.Droits réels.Registre foncier, mensurations cadastrales",1
NW,1900,"Enseignement, sciences, documentation et culture.Reconnaissance des diplômes",1
NW,1909,"Défense nationale, protection de la population, police.Sécurité intérieure.Police.Transports de police",1
NW,1943,Economie.Agriculture.Production animale.Commerce du bétail,1
NW,1948,"Finances, Impôts, monopoles, entreprises d'état.Impôts.Interdiction des arrangements fiscaux",1
NW,1948,"Finances, Impôts, monopoles, entreprises d'état.Impôts.Double imposition",1
NW,1951,"Aménagement du territoire et constructions, expropriation, travaux publics, énergie, transports, environnement.Transports.Funiculaires, téléphériques, téléskis",2
NW,1954,"Aménagement du territoire et constructions, expropriation, travaux publics, énergie, transports, environnement.Transports.Funiculaires, téléphériques, téléskis",1
NW,1959,"Aménagement du territoire et constructions, expropriation, travaux publics, énergie, transports, environnement.Travaux publics.Aménagement des eaux.Utilisation des eaux",1
NW,1959,"Aménagement du territoire et constructions, expropriation, travaux publics, énergie, transports, environnement.Energie.Forces hydrauliques",3
NW,1959,"Santé, travail, droit des assurances sociales, logement, homes",1
NW,1966,Economie,1
NW,1967,Etat.Dispositions générales.Territoire.Frontières,1
NW,1968,Economie,1
NW,1969,Droit civil.Arbitrage,2
NW,1970,"Enseignement, sciences, documentation et culture.Assurance de la qualité, surveillance, direction.Coordination",2
NW,1971,"Santé, travail, droit des assurances sociales, logement, homes",1
NW,1973,"Finances, Impôts, monopoles, entreprises d'état.Monopoles, régales, entreprises d'état.Régale des sels",1
NW,1974,Droit civil.Procédure civile.Entraide judiciaire,2
NW,1974,"Santé, travail, droit des assurances sociales, logement, homes.Santé.Professions médicales.Chiropraticiens, physiothérapeutes",1
NW,1974,Economie.Agriculture.Lait,1
NW,1976,"Défense nationale, protection de la population, police",1
NW,1977,Droit civil.Procédure civile.Exécution,2
NW,1978,"Défense nationale, protection de la population, police.Sécurité intérieure.Police.Coopération en matière de police",1
NW,1978,"Finances, Impôts, monopoles, entreprises d'état.Monopoles, régales, entreprises d'état.Pêche.Zones de pêche",1
NW,1978,Economie,1
NW,1979,"Défense nationale, protection de la population, police.Sécurité intérieure.Police.Coopération en matière de police",1
NW,1980,"Santé, travail, droit des assurances sociales, logement, homes.Santé.Professions médicales.Chiropraticiens, physiothérapeutes",1
NW,1983,"Aménagement du territoire et constructions, expropriation, travaux publics, énergie, transports, environnement.Protection de l'environnement.Protection contre les radiations",1
NW,1985,"Aménagement du territoire et constructions, expropriation, travaux publics, énergie, transports, environnement.Protection de l'environnement.Protection des eaux",1
NW,1986,"Santé, travail, droit des assurances sociales, logement, homes",1
NW,1992,Droit pénal.Procédure pénale.Entraide judiciaire,1
NW,1992,"Santé, travail, droit des assurances sociales, logement, homes.Santé.Etablissements hospitaliers, cliniques.Cliniques psychiatriques",1
NW,1993,"Enseignement, sciences, documentation et culture.Degré tertiaire: Hautes écoles.Pédagogie",1
NW,1993,"Enseignement, sciences, documentation et culture.Formation continue (Degré quaternaire).Formation des adultes",2
NW,1994,"Finances, Impôts, monopoles, entreprises d'état.Monopoles, régales, entreprises d'état.Pêche.Zones de pêche",2
NW,1994,"Aménagement du territoire et constructions, expropriation, travaux publics, énergie, transports, environnement.Travaux publics.Marchés publics",1
NW,1995,"Enseignement, sciences, documentation et culture.Reconnaissance des diplômes",1
NW,1996,"Santé, travail, droit des assurances sociales, logement, homes.Santé.Etablissements hospitaliers, cliniques.Hôpitaux cantonaux",2
NW,1996,"Santé, travail, droit des assurances sociales, logement, homes.Droit des assurances sociales.Assurance-chômage",1
NW,1997,"Enseignement, sciences, documentation et culture",1
NW,1997,"Aménagement du territoire et constructions, expropriation, travaux publics, énergie, transports, environnement",1
NW,1997,"Santé, travail, droit des assurances sociales, logement, homes.Santé.Etablissements hospitaliers, cliniques.Hôpitaux cantonaux",1
NW,1998,"Economie.Commerce.Marché intérieur, entraves techniques au commerce",1
NW,1999,"Enseignement, sciences, documentation et culture",1
NW,1999,"Enseignement, sciences, documentation et culture.Corps enseignant.Formation",2
NW,1999,"Santé, travail, droit des assurances sociales, logement, homes.Santé.Hygiène.Denrées alimentaires, objets d'usage courant.Surveillance des aliments",1
NW,1999,"Santé, travail, droit des assurances sociales, logement, homes.Droit des assurances sociales.Assurance-chômage",1
NW,2000,"Enseignement, sciences, documentation et culture.Degré tertiaire: Hautes écoles.Pédagogie",1
NW,2000,"Enseignement, sciences, documentation et culture.Assurance de la qualité, surveillance, direction.Autorités scolaires",1
NW,2001,Etat,1
NW,2001,"Aménagement du territoire et constructions, expropriation, travaux publics, énergie, transports, environnement.Travaux publics.Marchés publics",2
NW,2001,"Santé, travail, droit des assurances sociales, logement, homes",1
NW,2001,Economie.Agriculture.Formation agricole.Ecole agricole,1
NW,2002,"Enseignement, sciences, documentation et culture.Degré tertiaire: Hautes écoles.Pédagogie",2
NW,2002,"Enseignement, sciences, documentation et culture.Corps enseignant.Formation",1
NW,2002,"Aménagement du territoire et constructions, expropriation, travaux publics, énergie, transports, environnement",2
NW,2002,"Santé, travail, droit des assurances sociales, logement, homes",5
NW,2003,"Enseignement, sciences, documentation et culture",1
NW,2003,"Enseignement, sciences, documentation et culture.Degré tertiaire: Hautes écoles.Pédagogie",1
NW,2003,"Enseignement, sciences, documentation et culture.Pédagogie spécialisée.Enfants surdoués",1
NW,2003,"Défense nationale, protection de la population, police.Sécurité intérieure.Police.Personnel",2
NW,2003,"Santé, travail, droit des assurances sociales, logement, homes",1
NW,2003,"Santé, travail, droit des assurances sociales, logement, homes.Droit du travail.Marché du travail.Envoi de travailleurs à l'étranger",1
NW,2004,"Droit civil.Dispositions d'introduction du code civil.Droit des personnes, état civil.Fondations, surveillance.Fondations LPP",1
NW,2004,"Enseignement, sciences, documentation et culture.Degré tertiaire: Hautes écoles.Pédagogie",4
NW,2005,Etat.Dispositions générales.Collaboration intercantonale,1
NW,2005,"Droit civil.Dispositions d'introduction du code civil.Droit des personnes, état civil.Fondations, surveillance.Fondations LPP",2
NW,2005,"Enseignement, sciences, documentation et culture.Degré tertiaire: Hautes écoles.Pédagogie",2
NW,2005,"Défense nationale, protection de la population, police",1
NW,2005,"Aménagement du territoire et constructions, expropriation, travaux publics, énergie, transports, environnement",3
NW,2006,Etat.Dispositions générales.Collaboration intercantonale,1
NW,2006,"Enseignement, sciences, documentation et culture",1
NW,2006,"Enseignement, sciences, documentation et culture.Reconnaissance des diplômes",1
NW,2006,"Aménagement du territoire et constructions, expropriation, travaux publics, énergie, transports, environnement.Travaux publics.Aménagement des eaux.Corrections des eaux / Protection contre les crues",1
NW,2006,"Santé, travail, droit des assurances sociales, logement, homes",1
NW,2006,"Santé, travail, droit des assurances sociales, logement, homes.Santé.Etablissements hospitaliers, cliniques.Cliniques psychiatriques",1
NW,2007,"Enseignement, sciences, documentation et culture.Art, culture, sport.Sport",1
NW,2007,"Santé, travail, droit des assurances sociales, logement, homes.Santé.Professions médicales.Vétérinaires",2
NW,2008,Etat.Autorités.Protection des données,1
NW,2008,"Santé, travail, droit des assurances sociales, logement, homes",1
NW,2009,"Défense nationale, protection de la population, police.Sécurité intérieure.Police.Coopération en matière de police",1
NW,2009,"Aménagement du territoire et constructions, expropriation, travaux publics, énergie, transports, environnement.Transports.Circulation routière.Police de la circulation",1
NW,2009,"Santé, travail, droit des assurances sociales, logement, homes.Santé.Hygiène.Denrées alimentaires, objets d'usage courant.Surveillance des aliments",1
NW,2010,"Défense nationale, protection de la population, police.Sécurité intérieure.Entreprises de sécurité",1
NW,2010,"Santé, travail, droit des assurances sociales, logement, homes.Santé.Hygiène.Denrées alimentaires, objets d'usage courant.Surveillance des aliments",1
NW,2011,"Enseignement, sciences, documentation et culture",1
NW,2011,"Enseignement, sciences, documentation et culture.Degré tertiaire: Hautes écoles.Pédagogie",2
NW,2012,"Enseignement, sciences, documentation et culture",3
NW,2013,"Enseignement, sciences, documentation et culture",1
NW,2013,"Défense nationale, protection de la population, police.Sécurité intérieure.Police.Transports de police",2
NW,2014,"Santé, travail, droit des assurances sociales, logement, homes.Santé.Professions médicales.Médecins",1
NW,2015,"Enseignement, sciences, documentation et culture",2
NW,2018,"Défense nationale, protection de la population, police",1
NW,2019,"Défense nationale, protection de la population, police.Sécurité intérieure.Police.Coopération en matière de police",1
NW,2020,"Droit pénal.Dispositions générales d'introduction du code pénal.Criminalité économique, blanchiment d'argent",1
NW,2022,Etat,1
NW,2023,"Enseignement, sciences, documentation et culture.Degré secondaire II.Ecole moyenne",1
NW,2023,"Défense nationale, protection de la population, police.Sécurité intérieure.Police.Coopération en matière de police",1
OW,1874,"Aménagement du territoire et constructions, expropriation, travaux publics, énergie, transports, environnement.Travaux publics.Aménagement des eaux.Utilisation des eaux",1
OW,1937,Economie,1
OW,1943,Economie.Agriculture.Production animale.Commerce du bétail,1
OW,1948,"Finances, Impôts, monopoles, entreprises d'état.Impôts.Interdiction des arrangements fiscaux",1
OW,1951,"Aménagement du territoire et constructions, expropriation, travaux publics, énergie, transports, environnement.Transports.Funiculaires, téléphériques, téléskis",1
OW,1959,Droit pénal,1
OW,1964,Economie.Agriculture.Formation agricole.Ecole agricole,1
OW,1969,Droit civil.Arbitrage,1
OW,1970,"Enseignement, sciences, documentation et culture",1
OW,1970,"Enseignement, sciences, documentation et culture.Assurance de la qualité, surveillance, direction.Coordination",1
OW,1971,Droit civil,1
OW,1971,"Santé, travail, droit des assurances sociales, logement, homes.Santé.Substances thérapeutiques, stupéfiants",1
OW,1972,"Santé, travail, droit des assurances sociales, logement, homes.Santé.Substances thérapeutiques, stupéfiants",1
OW,1973,"Finances, Impôts, monopoles, entreprises d'état.Monopoles, régales, entreprises d'état.Régale des sels",1
OW,1974,Droit civil.Procédure civile.Entraide judiciaire,1
OW,1976,"Enseignement, sciences, documentation et culture.Corps enseignant.Formation",1
OW,1977,Droit civil.Procédure civile.Exécution,1
OW,1978,"Défense nationale, protection de la population, police.Sécurité intérieure.Police.Coopération en matière de police",2
OW,1978,"Finances, Impôts, monopoles, entreprises d'état.Monopoles, régales, entreprises d'état.Pêche.Zones de pêche",1
OW,1982,"Santé, travail, droit des assurances sociales, logement, homes.Santé.Professions médicales.Personnel soignant",1
OW,1984,"Aménagement du territoire et constructions, expropriation, travaux publics, énergie, transports, environnement.Protection de l'environnement.Protection des eaux",1
OW,1985,"Finances, Impôts, monopoles, entreprises d'état.Impôts.Impôts sur les successions et les donations",1
OW,1987,"Finances, Impôts, monopoles, entreprises d'état.Impôts.Impôts sur les successions et les donations",1
OW,1990,Economie.Forêt.Formation professionnelle,1
OW,1992,"Santé, travail, droit des assurances sociales, logement, homes.Santé.Etablissements hospitaliers, cliniques.Cliniques psychiatriques",1
OW,1993,Etat.Dispositions générales.Collaboration intercantonale,1
OW,1993,"Enseignement, sciences, documentation et culture.Degré tertiaire: Hautes écoles.Pédagogie",1
OW,1993,"Enseignement, sciences, documentation et culture.Formation continue (Degré quaternaire).Formation des adultes",1
OW,1993,"Finances, Impôts, monopoles, entreprises d'état.Impôts.Impôts sur les successions et les donations",1
OW,1993,"Santé, travail, droit des assurances sociales, logement, homes.Santé.Etablissements hospitaliers, cliniques.Cliniques psychiatriques",1
OW,1994,"Enseignement, sciences, documentation et culture.Pédagogie spécialisée.Education précoce spécialisée",1
OW,1994,"Finances, Impôts, monopoles, entreprises d'état.Monopoles, régales, entreprises d'état.Pêche.Zones de pêche",2
OW,1994,"Aménagement du territoire et constructions, expropriation, travaux publics, énergie, transports, environnement.Transports.Funiculaires, téléphériques, téléskis",2
OW,1995,"Droit pénal.Dispositions générales d'introduction du code pénal.Criminalité économique, blanchiment d'argent",1
OW,1995,"Enseignement, sciences, documentation et culture.Reconnaissance des diplômes",1
OW,1996,"Santé, travail, droit des assurances sociales, logement, homes.Droit du travail.Marché du travail.Service de l'emploi et location de services",1
OW,1997,"Enseignement, sciences, documentation et culture",2
OW,1997,"Défense nationale, protection de la population, police",1
OW,1997,"Aménagement du territoire et constructions, expropriation, travaux publics, énergie, transports, environnement",1
OW,1997,"Santé, travail, droit des assurances sociales, logement, homes",2
OW,1997,"Santé, travail, droit des assurances sociales, logement, homes.Santé.Hygiène.Denrées alimentaires, objets d'usage courant.Surveillance des aliments",1
OW,1997,Economie.Développement économiques dans les régions de montagne,1
OW,1998,"Enseignement, sciences, documentation et culture",1
OW,1998,"Enseignement, sciences, documentation et culture.Degré tertiaire: Ecoles supérieures",1
OW,1998,"Santé, travail, droit des assurances sociales, logement, homes.Santé.Etablissements hospitaliers, cliniques.Hôpitaux cantonaux",1
OW,1998,"Santé, travail, droit des assurances sociales, logement, homes.Santé.Professions médicales.Sages-femmes",1
OW,1998,"Economie.Commerce.Marché intérieur, entraves techniques au commerce",1
OW,1999,"Enseignement, sciences, documentation et culture",2
OW,1999,"Enseignement, sciences, documentation et culture.Degré tertiaire: Hautes écoles.Pédagogie",1
OW,1999,"Santé, travail, droit des assurances sociales, logement, homes.Santé.Hygiène.Denrées alimentaires, objets d'usage courant.Surveillance des aliments",1
OW,1999,"Santé, travail, droit des assurances sociales, logement, homes.Droit des assurances sociales.Assurance-chômage",1
OW,2000,"Enseignement, sciences, documentation et culture.Degré tertiaire: Hautes écoles.Pédagogie",1
OW,2000,"Enseignement, sciences, documentation et culture.Assurance de la qualité, surveillance, direction.Autorités scolaires",1
OW,2001,Etat,1
OW,2001,"Enseignement, sciences, documentation et culture",1
OW,2001,"Aménagement du territoire et constructions, expropriation, travaux publics, énergie, transports, environnement",1
OW,2001,"Aménagement du territoire et constructions, expropriation, travaux publics, énergie, transports, environnement.Travaux publics.Marchés publics",1
OW,2001,"Aménagement du territoire et constructions, expropriation, travaux publics, énergie, transports, environnement.Transports.Navigation.Police de la navigation",3
OW,2001,"Santé, travail, droit des assurances sociales, logement, homes",1
OW,2001,Economie.Arts et métiers.Services.Jeux de hasard et loteries.Maisons de jeu,1
OW,2002,"Etat.Dispositions générales.Droits fondamentaux, droits politiques.égalité entre hommes et femmes",1
OW,2002,"Enseignement, sciences, documentation et culture.Degré prescolaire, école primaire, degré secondaire I.Ecole enfantine",1
OW,2002,"Enseignement, sciences, documentation et culture.Degré tertiaire: Hautes écoles.Pédagogie",2
OW,2002,"Aménagement du territoire et constructions, expropriation, travaux publics, énergie, transports, environnement",2
OW,2002,"Aménagement du territoire et constructions, expropriation, travaux publics, énergie, transports, environnement.Transports.Circulation routière.Contrôle technique des véhicules",2
OW,2002,"Santé, travail, droit des assurances sociales, logement, homes",1
OW,2003,Etat,1
OW,2003,"Enseignement, sciences, documentation et culture.Pédagogie spécialisée.Enfants surdoués",1
OW,2003,"Enseignement, sciences, documentation et culture.Documentation.Archives",1
OW,2003,"Défense nationale, protection de la population, police.Sécurité intérieure.Police.Personnel",1
OW,2003,"Aménagement du territoire et constructions, expropriation, travaux publics, énergie, transports, environnement",1
OW,2003,"Santé, travail, droit des assurances sociales, logement, homes.Droit du travail.Marché du travail.Envoi de travailleurs à l'étranger",1
OW,2004,"Droit civil.Dispositions d'introduction du code civil.Droit des personnes, état civil.Fondations, surveillance.Fondations LPP",1
OW,2004,"Enseignement, sciences, documentation et culture",1
OW,2004,"Enseignement, sciences, documentation et culture.Degré tertiaire: Hautes écoles.Pédagogie",3
OW,2004,"Défense nationale, protection de la population, police",1
OW,2004,"Aménagement du territoire et constructions, expropriation, travaux publics, énergie, transports, environnement.Protection de l'environnement.Substances dangereuses pour l'environnement",1
OW,2005,Etat.Dispositions générales.Collaboration intercantonale,1
OW,2005,"Etat.Autorités.Gouvernement et administration.Droit du personnel.Formation, formation continue, perfectionnement",1
OW,2005,Droit civil,1
OW,2005,"Droit civil.Dispositions d'introduction du code civil.Droit des personnes, état civil.Fondations, surveillance.Fondations LPP",1
OW,2005,"Enseignement, sciences, documentation et culture.Degré secondaire II: Formation professionnelle initiale.Orientation professionnelle",1
OW,2005,"Enseignement, sciences, documentation et culture.Degré tertiaire: Hautes écoles.Pédagogie",2
OW,2005,"Défense nationale, protection de la population, police",1
OW,2005,"Aménagement du territoire et constructions, expropriation, travaux publics, énergie, transports, environnement",1
OW,2005,Economie,1
OW,2006,"Enseignement, sciences, documentation et culture.Reconnaissance des diplômes",2
OW,2006,"Défense nationale, protection de la population, police",1
OW,2006,"Défense nationale, protection de la population, police.Sécurité intérieure.Police.Coopération en matière de police",1
OW,2006,"Aménagement du territoire et constructions, expropriation, travaux publics, énergie, transports, environnement.Travaux publics.Aménagement des eaux.Corrections des eaux / Protection contre les crues",1
OW,2007,"Enseignement, sciences, documentation et culture",1
OW,2007,"Enseignement, sciences, documentation et culture.Art, culture, sport.Sport",2
OW,2008,Etat.Autorités.Protection des données,1
OW,2008,"Enseignement, sciences, documentation et culture.Assurance de la qualité, surveillance, direction.Surveillance scolaire",1
OW,2008,"Santé, travail, droit des assurances sociales, logement, homes",1
OW,2009,"Enseignement, sciences, documentation et culture.Contributions à la formation.Bourses d'études",1
OW,2009,"Défense nationale, protection de la population, police.Sécurité intérieure.Police.Coopération en matière de police",2
OW,2009,"Santé, travail, droit des assurances sociales, logement, homes.Santé.Hygiène.Denrées alimentaires, objets d'usage courant.Surveillance des aliments",1
OW,2010,"Défense nationale, protection de la population, police.Sécurité intérieure.Police.Coopération en matière de police",1
OW,2011,"Enseignement, sciences, documentation et culture.Degré tertiaire: Hautes écoles.Pédagogie",2
OW,2012,"Enseignement, sciences, documentation et culture",3
OW,2012,"Enseignement, sciences, documentation et culture.Degré tertiaire: Ecoles supérieures",1
OW,2013,"Défense nationale, protection de la population, police.Sécurité intérieure.Police.Coopération en matière de police",1
OW,2013,"Santé, travail, droit des assurances sociales, logement, homes.Santé.Etique",1
OW,2014,"Santé, travail, droit des assurances sociales, logement, homes.Santé.Professions médicales.Médecins",1
OW,2016,"Santé, travail, droit des assurances sociales, logement, homes.Santé.Etablissements hospitaliers, cliniques.Cliniques psychiatriques",1
OW,2020,"Aménagement du territoire et constructions, expropriation, travaux publics, énergie, transports, environnement.Protection de l'environnement.Lutte contre les dommages",1
OW,2022,Etat,1
SG,1632,"Santé, travail, droit des assurances sociales, logement, homes",7
SG,1870,Etat.Dispositions générales.Territoire.Frontières,3
SG,1903,"Droit civil.Procédure civile.Emoluments, frais",1
SG,1914,"Aménagement du territoire et constructions, expropriation, travaux publics, énergie, transports, environnement.Energie.Electricité",1
SG,1937,"Finances, Impôts, monopoles, entreprises d'état.Monopoles, régales, entreprises d'état.Pêche.Zones de pêche",1
SG,1937,Non classé,1
SG,1938,Etat.Professions juridiques.Notaires.Légalisation,1
SG,1940,Etat.Professions juridiques.Notaires.Légalisation,1
SG,1943,Economie.Agriculture.Production animale.Commerce du bétail,1
SG,1945,"Finances, Impôts, monopoles, entreprises d'état.Monopoles, régales, entreprises d'état.Pêche.Zones de pêche",1
SG,1946,"Finances, Impôts, monopoles, entreprises d'état.Monopoles, régales, entreprises d'état.Pêche.Zones de pêche",1
SG,1948,"Finances, Impôts, monopoles, entreprises d'état.Impôts.Interdiction des arrangements fiscaux",1
SG,1951,"Aménagement du territoire et constructions, expropriation, travaux publics, énergie, transports, environnement.Energie.Electricité",1
SG,1951,"Aménagement du territoire et constructions, expropriation, travaux publics, énergie, transports, environnement.Transports.Funiculaires, téléphériques, téléskis",1
SG,1954,"Aménagement du territoire et constructions, expropriation, travaux publics, énergie, transports, environnement.Transports.Funiculaires, téléphériques, téléskis",1
SG,1955,"Finances, Impôts, monopoles, entreprises d'état.Monopoles, régales, entreprises d'état.Pétrole",1
SG,1958,"Finances, Impôts, monopoles, entreprises d'état.Impôts.Exonération et allégements fiscaux",1
SG,1958,"Aménagement du territoire et constructions, expropriation, travaux publics, énergie, transports, environnement.Transports.Circulation routière.Police de la circulation",2
SG,1960,"Finances, Impôts, monopoles, entreprises d'état.Impôts.Impôts sur les successions et les donations",1
SG,1961,"Aménagement du territoire et constructions, expropriation, travaux publics, énergie, transports, environnement.Protection de l'environnement.Déchets",1
SG,1964,"Finances, Impôts, monopoles, entreprises d'état.Impôts.Exonération et allégements fiscaux",1
SG,1964,"Santé, travail, droit des assurances sociales, logement, homes",1
SG,1965,Etat.Eglise et Etat.Eglise catholique romaine,1
SG,1965,"Finances, Impôts, monopoles, entreprises d'état.Impôts.Exonération et allégements fiscaux",2
SG,1965,Economie.Agriculture.Formation agricole.Ecole agricole,1
SG,1966,"Finances, Impôts, monopoles, entreprises d'état.Impôts.Impôts sur les successions et les donations",1
SG,1967,"Finances, Impôts, monopoles, entreprises d'état.Impôts.Impôts sur les successions et les donations",1
SG,1967,"Aménagement du territoire et constructions, expropriation, travaux publics, énergie, transports, environnement.Protection de l'environnement.Déchets",1
SG,1967,"Aménagement du territoire et constructions, expropriation, travaux publics, énergie, transports, environnement.Protection de l'environnement.Protection des eaux",2
SG,1968,"Enseignement, sciences, documentation et culture",1
SG,1968,"Santé, travail, droit des assurances sociales, logement, homes",1
SG,1969,Droit civil.Arbitrage,1
SG,1969,"Finances, Impôts, monopoles, entreprises d'état.Impôts.Impôts sur les successions et les donations",1
SG,1969,"Aménagement du territoire et constructions, expropriation, travaux publics, énergie, transports, environnement.Travaux publics.Routes.Routes nationales",1
SG,1969,"Santé, travail, droit des assurances sociales, logement, homes",1
SG,1970,"Enseignement, sciences, documentation et culture",1
SG,1970,"Enseignement, sciences, documentation et culture.Assurance de la qualité, surveillance, direction.Coordination",1
SG,1970,"Finances, Impôts, monopoles, entreprises d'état.Monopoles, régales, entreprises d'état.Chasse.Chasseurs",1
SG,1970,"Aménagement du territoire et constructions, expropriation, travaux publics, énergie, transports, environnement.Protection de l'environnement.Protection des eaux",2
SG,1971,"Enseignement, sciences, documentation et culture",1
SG,1971,"Aménagement du territoire et constructions, expropriation, travaux publics, énergie, transports, environnement.Protection de l'environnement.Protection des eaux",1
SG,1971,"Santé, travail, droit des assurances sociales, logement, homes",1
SG,1971,"Santé, travail, droit des assurances sociales, logement, homes.Santé.Substances thérapeutiques, stupéfiants",1
SG,1972,"Santé, travail, droit des assurances sociales, logement, homes.Santé.Substances thérapeutiques, stupéfiants",1
SG,1973,"Enseignement, sciences, documentation et culture.Degré prescolaire, école primaire, degré secondaire I.Ecole primaire, degré secondaire I",1
SG,1973,"Enseignement, sciences, documentation et culture.Degré secondaire II: Formation professionnelle initiale.Ecoles professionnelles.Enseignement ménager",1
SG,1973,"Finances, Impôts, monopoles, entreprises d'état.Impôts.Impôts sur les successions et les donations",1
SG,1973,"Finances, Impôts, monopoles, entreprises d'état.Monopoles, régales, entreprises d'état.Régale des sels",1
SG,1973,"Aménagement du territoire et constructions, expropriation, travaux publics, énergie, transports, environnement.Transports.Circulation routière.Police de la circulation",1
SG,1974,"Aménagement du territoire et constructions, expropriation, travaux publics, énergie, transports, environnement",1
SG,1974,"Aménagement du territoire et constructions, expropriation, travaux publics, énergie, transports, environnement.Travaux publics.Aménagement des eaux.Utilisation des eaux",1
SG,1974,"Aménagement du territoire et constructions, expropriation, travaux publics, énergie, transports, environnement.Travaux publics.Routes.Routes nationales",2
SG,1975,Etat.Autorités.Gouvernement et administration.Droit du personnel.Engagement,1
SG,1975,"Enseignement, sciences, documentation et culture",1
SG,1975,"Enseignement, sciences, documentation et culture.Corps enseignant.Formation",1
SG,1975,"Finances, Impôts, monopoles, entreprises d'état.Impôts.Impôts sur les successions et les donations",1
SG,1975,"Finances, Impôts, monopoles, entreprises d'état.Impôts.Exonération et allégements fiscaux",1
SG,1975,"Aménagement du territoire et constructions, expropriation, travaux publics, énergie, transports, environnement.Travaux publics.Aménagement des eaux.Utilisation des eaux",1
SG,1976,Droit civil.Procédure civile.Entraide judiciaire,1
SG,1976,"Défense nationale, protection de la population, police.Sécurité intérieure.Police.Coopération en matière de police",1
SG,1976,"Finances, Impôts, monopoles, entreprises d'état.Impôts.Exonération et allégements fiscaux",1
SG,1976,"Santé, travail, droit des assurances sociales, logement, homes",2
SG,1977,"Enseignement, sciences, documentation et culture.Degré prescolaire, école primaire, degré secondaire I.Ecole primaire, degré secondaire I",1
SG,1977,"Aménagement du territoire et constructions, expropriation, travaux publics, énergie, transports, environnement.Protection de l'environnement.Protection des eaux",3
SG,1977,"Santé, travail, droit des assurances sociales, logement, homes.Santé.Substances thérapeutiques, stupéfiants",1
SG,1977,Economie.Développement économiques dans les régions de montagne,1
SG,1977,Economie.Arts et métiers.Services.Professions soumises à autorisation,1
SG,1978,Etat,1
SG,1978,"Finances, Impôts, monopoles, entreprises d'état.Impôts.Impôts sur les successions et les donations",1
SG,1978,Economie.Développement économiques dans les régions de montagne,1
SG,1979,"Aménagement du territoire et constructions, expropriation, travaux publics, énergie, transports, environnement",1
SG,1979,"Aménagement du territoire et constructions, expropriation, travaux publics, énergie, transports, environnement.Travaux publics.Aménagement des eaux.Utilisation des eaux",1
SG,1979,"Aménagement du territoire et constructions, expropriation, travaux publics, énergie, transports, environnement.Protection de l'environnement.Protection des eaux",1
SG,1980,"Enseignement, sciences, documentation et culture",1
SG,1980,"Enseignement, sciences, documentation et culture.Degré prescolaire, école primaire, degré secondaire I.Ecole primaire, degré secondaire I",1
SG,1980,"Aménagement du territoire et constructions, expropriation, travaux publics, énergie, transports, environnement.Protection de l'environnement.Protection des eaux",1
SG,1981,"Enseignement, sciences, documentation et culture.Degré prescolaire, école primaire, degré secondaire I.Ecole primaire, degré secondaire I",1
SG,1981,"Enseignement, sciences, documentation et culture.Pédagogie spécialisée.Ecoles d'art et de sport",1
SG,1981,"Finances, Impôts, monopoles, entreprises d'état.Impôts.Exonération et allégements fiscaux",1
SG,1981,"Finances, Impôts, monopoles, entreprises d'état.Monopoles, régales, entreprises d'état.Pêche.Zones de pêche",2
SG,1981,"Santé, travail, droit des assurances sociales, logement, homes",1
SG,1981,Economie.Arts et métiers.Services.Professions soumises à autorisation,1
SG,1982,"Enseignement, sciences, documentation et culture.Pédagogie spécialisée.Classes spéciales",1
SG,1982,"Aménagement du territoire et constructions, expropriation, travaux publics, énergie, transports, environnement",1
SG,1982,"Aménagement du territoire et constructions, expropriation, travaux publics, énergie, transports, environnement.Protection de l'environnement.Protection des eaux",1
SG,1982,"Santé, travail, droit des assurances sociales, logement, homes.Santé.Substances thérapeutiques, stupéfiants",1
SG,1983,"Finances, Impôts, monopoles, entreprises d'état.Impôts.Impôts sur les successions et les donations",1
SG,1983,"Santé, travail, droit des assurances sociales, logement, homes",1
SG,1984,"Finances, Impôts, monopoles, entreprises d'état.Monopoles, régales, entreprises d'état.Pêche.Zones de pêche",1
SG,1984,"Santé, travail, droit des assurances sociales, logement, homes",1
SG,1985,"Enseignement, sciences, documentation et culture.Degré secondaire II: Formation professionnelle initiale.Ecoles professionnelles.Enseignement ménager",1
SG,1985,"Enseignement, sciences, documentation et culture.Degré tertiaire: Hautes écoles.Pédagogie",1
SG,1985,"Aménagement du territoire et constructions, expropriation, travaux publics, énergie, transports, environnement.Transports.Poste, télécommunications",1
SG,1985,"Aménagement du territoire et constructions, expropriation, travaux publics, énergie, transports, environnement.Protection de l'environnement.Protection des eaux",1
SG,1986,"Aménagement du territoire et constructions, expropriation, travaux publics, énergie, transports, environnement.Protection de l'environnement.Protection des eaux",1
SG,1987,"Enseignement, sciences, documentation et culture.Degré prescolaire, école primaire, degré secondaire I.Ecole primaire, degré secondaire I",1
SG,1987,"Enseignement, sciences, documentation et culture.Assurance de la qualité, surveillance, direction.Arrondissements scolaires",1
SG,1988,Economie.Agriculture.Améliorations foncières,1
SG,1989,"Enseignement, sciences, documentation et culture.Degré secondaire II.Ecole moyenne",1
SG,1989,"Santé, travail, droit des assurances sociales, logement, homes",1
SG,1990,"Enseignement, sciences, documentation et culture.Degré prescolaire, école primaire, degré secondaire I.Ecole enfantine",1
SG,1990,"Santé, travail, droit des assurances sociales, logement, homes.Santé.Hygiène.Alimentation en eau",1
SG,1990,Economie.Forêt.Formation professionnelle,1
SG,1991,"Enseignement, sciences, documentation et culture.Corps enseignant.Formation",1
SG,1991,"Finances, Impôts, monopoles, entreprises d'état.Impôts.Impôts sur les successions et les donations",1
SG,1991,"Aménagement du territoire et constructions, expropriation, travaux publics, énergie, transports, environnement",1
SG,1992,Etat,1
SG,1992,Droit pénal.Procédure pénale.Entraide judiciaire,1
SG,1992,"Enseignement, sciences, documentation et culture",1
SG,1992,"Finances, Impôts, monopoles, entreprises d'état.Impôts.Exonération et allégements fiscaux",1
SG,1993,"Enseignement, sciences, documentation et culture.Formation continue (Degré quaternaire).Formation des adultes",2
SG,1993,"Finances, Impôts, monopoles, entreprises d'état.Monopoles, régales, entreprises d'état.Pêche.Zones de pêche",1
SG,1993,"Aménagement du territoire et constructions, expropriation, travaux publics, énergie, transports, environnement",1
SG,1994,"Enseignement, sciences, documentation et culture.Degré secondaire II: Formation professionnelle initiale.Orientation professionnelle",1
SG,1994,"Finances, Impôts, monopoles, entreprises d'état.Impôts.Impôts sur les successions et les donations",1
SG,1994,"Finances, Impôts, monopoles, entreprises d'état.Monopoles, régales, entreprises d'état.Pêche.Zones de pêche",3
SG,1994,"Aménagement du territoire et constructions, expropriation, travaux publics, énergie, transports, environnement.Travaux publics.Marchés publics",7
SG,1994,"Aménagement du territoire et constructions, expropriation, travaux publics, énergie, transports, environnement.Protection de l'environnement.Déchets",2
SG,1995,"Enseignement, sciences, documentation et culture",1
SG,1995,"Enseignement, sciences, documentation et culture.Reconnaissance des diplômes",1
SG,1995,"Aménagement du territoire et constructions, expropriation, travaux publics, énergie, transports, environnement.Travaux publics.Marchés publics",2
SG,1996,"Finances, Impôts, monopoles, entreprises d'état.Monopoles, régales, entreprises d'état.Chasse.Chasseurs",2
SG,1996,"Aménagement du territoire et constructions, expropriation, travaux publics, énergie, transports, environnement.Energie.Electricité",2
SG,1996,"Santé, travail, droit des assurances sociales, logement, homes.Santé.Professions médicales.Personnel soignant",1
SG,1996,Economie.Agriculture.Améliorations foncières,1
SG,1997,Etat,2
SG,1997,"Enseignement, sciences, documentation et culture",1
SG,1997,"Enseignement, sciences, documentation et culture.Degré prescolaire, école primaire, degré secondaire I.Ecole primaire, degré secondaire I",1
SG,1997,"Finances, Impôts, monopoles, entreprises d'état.Monopoles, régales, entreprises d'état.Chasse.Chasseurs",1
SG,1997,"Aménagement du territoire et constructions, expropriation, travaux publics, énergie, transports, environnement.Energie.Electricité",1
SG,1997,"Santé, travail, droit des assurances sociales, logement, homes.Santé.Hygiène.Alimentation en eau",1
SG,1998,"Enseignement, sciences, documentation et culture.Degré tertiaire: Ecoles supérieures",1
SG,1998,"Enseignement, sciences, documentation et culture.Corps enseignant.Formation",1
SG,1998,"Finances, Impôts, monopoles, entreprises d'état.Monopoles, régales, entreprises d'état.Chasse.Chasseurs",1
SG,1998,"Economie.Commerce.Marché intérieur, entraves techniques au commerce",1
SG,1999,"Enseignement, sciences, documentation et culture",2
SG,1999,"Enseignement, sciences, documentation et culture.Degré tertiaire: Hautes écoles.Pédagogie",1
SG,1999,"Enseignement, sciences, documentation et culture.Corps enseignant.Formation",2
SG,1999,"Enseignement, sciences, documentation et culture.Assurance de la qualité, surveillance, direction.Coordination",1
SG,1999,"Finances, Impôts, monopoles, entreprises d'état.Monopoles, régales, entreprises d'état.Chasse.Chasseurs",1
SG,1999,"Santé, travail, droit des assurances sociales, logement, homes",1
SG,1999,"Santé, travail, droit des assurances sociales, logement, homes.Santé.Hygiène.Alimentation en eau",1
SG,2000,"Enseignement, sciences, documentation et culture",1
SG,2000,"Enseignement, sciences, documentation et culture.Corps enseignant.Formation",1
SG,2000,"Aménagement du territoire et constructions, expropriation, travaux publics, énergie, transports, environnement",1
SG,2000,"Aménagement du territoire et constructions, expropriation, travaux publics, énergie, transports, environnement.Energie.Electricité",1
SG,2001,"Etat.Communes.Bourgeoisies, allmends",1
SG,2001,"Enseignement, sciences, documentation et culture",1
SG,2001,"Aménagement du territoire et constructions, expropriation, travaux publics, énergie, transports, environnement.Travaux publics.Routes.Routes nationales",1
SG,2001,"Aménagement du territoire et constructions, expropriation, travaux publics, énergie, transports, environnement.Travaux publics.Marchés publics",1
SG,2001,Economie.Agriculture.Formation agricole.Ecole agricole,1
SG,2002,Etat.Eglise et Etat.Eglise évangélique réformée,1
SG,2002,"Santé, travail, droit des assurances sociales, logement, homes",1
SG,2003,"Enseignement, sciences, documentation et culture",2
SG,2003,"Enseignement, sciences, documentation et culture.Pédagogie spécialisée.Enfants surdoués",1
SG,2003,"Enseignement, sciences, documentation et culture.Assurance de la qualité, surveillance, direction.Arrondissements scolaires",1
SG,2003,"Enseignement, sciences, documentation et culture.Reconnaissance des diplômes",1
SG,2003,"Aménagement du territoire et constructions, expropriation, travaux publics, énergie, transports, environnement.Protection de l'environnement.Protection des eaux",1
SG,2004,"Enseignement, sciences, documentation et culture.Degré secondaire II: Formation professionnelle initiale.Passerelle",1
SG,2004,"Enseignement, sciences, documentation et culture.Corps enseignant.Formation",1
SG,2004,"Défense nationale, protection de la population, police",1
SG,2004,"Défense nationale, protection de la population, police.Protection de la population.Protection contre les incendies / éléments naturels.Protection contre les incendies",1
SG,2004,"Finances, Impôts, monopoles, entreprises d'état.Monopoles, régales, entreprises d'état.Pêche.Zones de pêche",1
SG,2005,Etat.Dispositions générales.Collaboration intercantonale,1
SG,2005,"Droit civil.Dispositions d'introduction du code civil.Droit des personnes, état civil.Fondations, surveillance.Fondations LPP",1
SG,2005,"Enseignement, sciences, documentation et culture.Corps enseignant.Formation",2
SG,2005,"Aménagement du territoire et constructions, expropriation, travaux publics, énergie, transports, environnement",1
SG,2005,Non classé,1
SG,2006,"Etat.Communes.Bourgeoisies, allmends",1
SG,2006,"Enseignement, sciences, documentation et culture.Corps enseignant.Formation",1
SG,2006,"Défense nationale, protection de la population, police.Sécurité intérieure.Police.Coopération en matière de police",1
SG,2006,"Santé, travail, droit des assurances sociales, logement, homes",1
SG,2006,"Santé, travail, droit des assurances sociales, logement, homes.Santé.Professions médicales.Chiropraticiens, physiothérapeutes",1
SG,2007,"Droit civil.Dispositions d'introduction du code civil.Droit des personnes, état civil.Fondations, surveillance.Fondations LPP",2
SG,2007,"Enseignement, sciences, documentation et culture.Degré prescolaire, école primaire, degré secondaire I.Ecole primaire, degré secondaire I",1
SG,2007,"Enseignement, sciences, documentation et culture.Art, culture, sport.Sport",1
SG,2008,"Enseignement, sciences, documentation et culture.Corps enseignant.Formation",1
SG,2008,"Santé, travail, droit des assurances sociales, logement, homes",1
SG,2009,"Défense nationale, protection de la population, police.Sécurité intérieure.Police.Coopération en matière de police",1
SG,2010,"Enseignement, sciences, documentation et culture.Degré secondaire II.Ecole moyenne",1
SG,2011,"Enseignement, sciences, documentation et culture",1
SG,2011,"Enseignement, sciences, documentation et culture.Contributions à la formation.Bourses d'études",1
SG,2011,"Aménagement du territoire et constructions, expropriation, travaux publics, énergie, transports, environnement.Travaux publics.Aménagement des eaux.Corrections des eaux / Protection contre les crues",1
SG,2012,Etat.Eglise et Etat.Eglise catholique romaine,1
SG,2012,"Aménagement du territoire et constructions, expropriation, travaux publics, énergie, transports, environnement",1
SG,2013,"Enseignement, sciences, documentation et culture",1
SG,2014,"Enseignement, sciences, documentation et culture.Degré tertiaire: Ecoles supérieures",1
SG,2015,"Etat.Communes.Bourgeoisies, allmends",1
SG,2015,"Santé, travail, droit des assurances sociales, logement, homes",1
SG,2016,"Santé, travail, droit des assurances sociales, logement, homes.Santé.Etique",1
SG,2018,Economie.Agriculture.Améliorations foncières,1
SG,2019,"Etat.Communes.Bourgeoisies, allmends",1
SG,2019,"Enseignement, sciences, documentation et culture",2
SG,2019,"Aménagement du territoire et constructions, expropriation, travaux publics, énergie, transports, environnement.Travaux publics.Marchés publics",1
SG,2019,Non classé,2
SG,2020,"Aménagement du territoire et constructions, expropriation, travaux publics, énergie, transports, environnement.Protection de l'environnement.Protection contre le bruit",1
SG,2021,"Enseignement, sciences, documentation et culture",2
SG,2024,"Santé, travail, droit des assurances sociales, logement, homes",1
SG,2025,"Santé, travail, droit des assurances sociales, logement, homes",1
SH,1901,Etat.Dispositions générales.Territoire.Frontières,1
SH,1901,"Droit civil.Procédure civile.Emoluments, frais",1
SH,1914,"Aménagement du territoire et constructions, expropriation, travaux publics, énergie, transports, environnement.Energie.Electricité",1
SH,1918,Etat.Eglise et Etat.Eglise évangélique réformée,1
SH,1928,"Finances, Impôts, monopoles, entreprises d'état.Impôts.Impôts sur les successions et les donations",1
SH,1937,"Aménagement du territoire et constructions, expropriation, travaux publics, énergie, transports, environnement.Travaux publics.Marchés publics",1
SH,1943,Economie.Agriculture.Production animale.Commerce du bétail,2
SH,1948,"Finances, Impôts, monopoles, entreprises d'état.Impôts.Interdiction des arrangements fiscaux",1
SH,1955,"Finances, Impôts, monopoles, entreprises d'état.Monopoles, régales, entreprises d'état.Pétrole",1
SH,1957,Droit civil.Dispositions générales d'introduction du code des obligations.Des divers contrats.Prêt,1
SH,1957,"Aménagement du territoire et constructions, expropriation, travaux publics, énergie, transports, environnement.Protection de l'environnement.Protection des eaux",1
SH,1964,"Enseignement, sciences, documentation et culture.Degré tertiaire: Hautes écoles.Agriculture",1
SH,1969,Droit civil.Arbitrage,1
SH,1969,"Aménagement du territoire et constructions, expropriation, travaux publics, énergie, transports, environnement.Protection de l'environnement.Protection des eaux",1
SH,1970,"Enseignement, sciences, documentation et culture.Assurance de la qualité, surveillance, direction.Coordination",1
SH,1971,"Santé, travail, droit des assurances sociales, logement, homes",1
SH,1973,"Finances, Impôts, monopoles, entreprises d'état.Monopoles, régales, entreprises d'état.Régale des sels",1
SH,1974,Droit civil.Procédure civile.Entraide judiciaire,1
SH,1974,Economie.Agriculture.Formation agricole.Ecole agricole,1
SH,1976,"Défense nationale, protection de la population, police.Sécurité intérieure.Police.Coopération en matière de police",1
SH,1976,"Santé, travail, droit des assurances sociales, logement, homes",1
SH,1977,Droit civil.Procédure civile.Exécution,1
SH,1981,"Santé, travail, droit des assurances sociales, logement, homes.Santé.Substances thérapeutiques, stupéfiants",1
SH,1983,"Enseignement, sciences, documentation et culture.Pédagogie spécialisée.Ecoles spécialisées",1
SH,1984,"Finances, Impôts, monopoles, entreprises d'état.Impôts.Impôts sur le revenu et la fortune / impôts sur les bénéfices et les capitaux.Impôt cantonal",1
SH,1990,Economie.Forêt.Formation professionnelle,1
SH,1992,Droit pénal.Procédure pénale.Entraide judiciaire,1
SH,1993,Etat.Dispositions générales.Collaboration intercantonale,1
SH,1993,"Enseignement, sciences, documentation et culture.Formation continue (Degré quaternaire).Formation des adultes",2
SH,1995,"Aménagement du territoire et constructions, expropriation, travaux publics, énergie, transports, environnement.Transports.Circulation routière.Police de la circulation",1
SH,1996,"Enseignement, sciences, documentation et culture",1
SH,1997,"Enseignement, sciences, documentation et culture",2
SH,1998,"Enseignement, sciences, documentation et culture.Degré tertiaire: Ecoles supérieures",1
SH,1998,"Finances, Impôts, monopoles, entreprises d'état.Monopoles, régales, entreprises d'état.Pêche.Zones de pêche",1
SH,1999,"Enseignement, sciences, documentation et culture.Degré tertiaire: Hautes écoles.Pédagogie",1
SH,1999,"Santé, travail, droit des assurances sociales, logement, homes.Santé.Hygiène.Denrées alimentaires, objets d'usage courant.Surveillance des aliments",1
SH,1999,"Santé, travail, droit des assurances sociales, logement, homes.Droit des assurances sociales.LAMAL.Tarifs.Conventions",1
SH,2001,"Enseignement, sciences, documentation et culture",2
SH,2001,"Défense nationale, protection de la population, police.Sécurité intérieure.Police.Coopération en matière de police",1
SH,2001,"Aménagement du territoire et constructions, expropriation, travaux publics, énergie, transports, environnement.Travaux publics.Aménagement des eaux.Utilisation des eaux",1
SH,2001,Economie.Agriculture.Formation agricole.Ecole agricole,1
SH,2002,"Santé, travail, droit des assurances sociales, logement, homes",1
SH,2002,"Santé, travail, droit des assurances sociales, logement, homes.Santé.Etique",1
SH,2002,"Santé, travail, droit des assurances sociales, logement, homes.Assistance.Personnes handicapés.Ateliers protégés",2
SH,2002,Economie.Arts et métiers.Services.Jeux de hasard et loteries.Maisons de jeu,1
SH,2003,"Enseignement, sciences, documentation et culture",1
SH,2003,"Enseignement, sciences, documentation et culture.Degré tertiaire: Hautes écoles.Pédagogie",1
SH,2003,"Enseignement, sciences, documentation et culture.Pédagogie spécialisée.Enfants surdoués",1
SH,2005,Etat.Dispositions générales.Collaboration intercantonale,1
SH,2005,"Défense nationale, protection de la population, police.Sécurité intérieure.Police.Personnel",1
SH,2005,"Aménagement du territoire et constructions, expropriation, travaux publics, énergie, transports, environnement",1
SH,2006,"Droit civil.Dispositions d'introduction du code civil.Droit des personnes, état civil.Fondations, surveillance.Fondations LPP",1
SH,2006,"Défense nationale, protection de la population, police.Sécurité intérieure.Police.Coopération en matière de police",1
SH,2007,"Enseignement, sciences, documentation et culture",1
SH,2007,"Enseignement, sciences, documentation et culture.Degré prescolaire, école primaire, degré secondaire I.Ecole primaire, degré secondaire I",1
SH,2007,"Enseignement, sciences, documentation et culture.Art, culture, sport.Sport",1
SH,2008,"Santé, travail, droit des assurances sociales, logement, homes",1
SH,2009,"Enseignement, sciences, documentation et culture.Formation continue (Degré quaternaire).Formation des adultes",1
SH,2009,"Défense nationale, protection de la population, police.Sécurité intérieure.Police.Coopération en matière de police",1
SH,2011,"Santé, travail, droit des assurances sociales, logement, homes",1
SH,2012,"Enseignement, sciences, documentation et culture.Degré tertiaire: Ecoles supérieures",1
SH,2013,"Enseignement, sciences, documentation et culture",1
SH,2014,"Santé, travail, droit des assurances sociales, logement, homes.Santé.Professions médicales.Médecins",1
SH,2015,"Enseignement, sciences, documentation et culture",1
SH,2019,"Aménagement du territoire et constructions, expropriation, travaux publics, énergie, transports, environnement.Travaux publics.Marchés publics",1
SH,2019,Economie,2
SH,2022,"Enseignement, sciences, documentation et culture.Degré prescolaire, école primaire, degré secondaire I.Ecole primaire, degré secondaire I",1
SH,2022,"Aménagement du territoire et constructions, expropriation, travaux publics, énergie, transports, environnement.Travaux publics.Marchés publics",1
SO,1780,"Aménagement du territoire et constructions, expropriation, travaux publics, énergie, transports, environnement",1
SO,1828,Etat.Eglise et Etat.Eglise catholique romaine,2
SO,1830,Etat.Eglise et Etat.Eglise catholique romaine,1
SO,1851,Etat.Eglise et Etat.Eglise évangélique réformée,1
SO,1888,"Finances, Impôts, monopoles, entreprises d'état.Monopoles, régales, entreprises d'état.Pêche.Zones de pêche",1
SO,1889,Droit civil.Procédure civile.Entraide judiciaire,1
SO,1899,"Finances, Impôts, monopoles, entreprises d'état.Impôts.Impôts sur les successions et les donations",1
SO,1901,"Droit civil.Procédure civile.Emoluments, frais",1
SO,1909,"Défense nationale, protection de la population, police.Sécurité intérieure.Police.Transports de police",1
SO,1910,"Finances, Impôts, monopoles, entreprises d'état.Impôts.Impôts sur les successions et les donations",1
SO,1912,"Finances, Impôts, monopoles, entreprises d'état.Impôts.Impôts sur les successions et les donations",1
SO,1912,"Aménagement du territoire et constructions, expropriation, travaux publics, énergie, transports, environnement.Transports.Transports publics.Transports ferroviaires",2
SO,1926,"Finances, Impôts, monopoles, entreprises d'état.Impôts.Impôts sur les successions et les donations",1
SO,1930,"Finances, Impôts, monopoles, entreprises d'état.Impôts.Impôts sur les successions et les donations",1
SO,1931,Etat.Eglise et Etat.Eglise catholique romaine,1
SO,1931,"Finances, Impôts, monopoles, entreprises d'état.Impôts.Impôts sur les successions et les donations",1
SO,1937,"Défense nationale, protection de la population, police",1
SO,1939,Droit pénal.Procédure pénale.Médecine légale,1
SO,1941,Droit pénal,1
SO,1943,Economie.Agriculture.Production animale.Commerce du bétail,1
SO,1944,"Finances, Impôts, monopoles, entreprises d'état.Impôts.Impôts sur les successions et les donations",1
SO,1948,"Finances, Impôts, monopoles, entreprises d'état.Impôts.Interdiction des arrangements fiscaux",1
SO,1950,"Aménagement du territoire et constructions, expropriation, travaux publics, énergie, transports, environnement.Protection de la nature et du paysage.Protection des monuments et des biens culturels",1
SO,1951,"Aménagement du territoire et constructions, expropriation, travaux publics, énergie, transports, environnement.Transports.Funiculaires, téléphériques, téléskis",1
SO,1953,Etat.Dispositions générales.Territoire.Frontières,1
SO,1958,Etat.Eglise et Etat.Eglise évangélique réformée,1
SO,1958,"Aménagement du territoire et constructions, expropriation, travaux publics, énergie, transports, environnement.Transports.Circulation routière.Police de la circulation",1
SO,1959,Droit pénal,1
SO,1960,"Aménagement du territoire et constructions, expropriation, travaux publics, énergie, transports, environnement.Travaux publics.Aménagement des eaux.Corrections des eaux / Protection contre les crues",1
SO,1962,"Santé, travail, droit des assurances sociales, logement, homes.Assistance.Protection de la jeunesse, aide à la jeunesse",1
SO,1964,Economie.Agriculture.Formation agricole.Ecole agricole,1
SO,1965,"Finances, Impôts, monopoles, entreprises d'état.Impôts.Impôts sur les successions et les donations",1
SO,1966,"Aménagement du territoire et constructions, expropriation, travaux publics, énergie, transports, environnement.Transports.Circulation routière.Police de la circulation",1
SO,1967,"Aménagement du territoire et constructions, expropriation, travaux publics, énergie, transports, environnement.Transports.Circulation routière.Police de la circulation",1
SO,1968,"Défense nationale, protection de la population, police.Sécurité intérieure.Police.Coopération en matière de police",1
SO,1969,Droit pénal,1
SO,1969,Economie.Forêt.Formation professionnelle,1
SO,1970,"Enseignement, sciences, documentation et culture.Assurance de la qualité, surveillance, direction.Coordination",1
SO,1970,"Défense nationale, protection de la population, police.Défense.Places d'armes, arsenaux",2
SO,1970,"Finances, Impôts, monopoles, entreprises d'état.Impôts.Impôts sur les successions et les donations",1
SO,1971,"Enseignement, sciences, documentation et culture.Contributions à la formation.Ecolages",1
SO,1973,"Finances, Impôts, monopoles, entreprises d'état.Monopoles, régales, entreprises d'état.Régale des sels",1
SO,1973,"Finances, Impôts, monopoles, entreprises d'état.Monopoles, régales, entreprises d'état.Pêche.Zones de pêche",1
SO,1974,Droit pénal,1
SO,1974,Economie.Agriculture.Formation agricole.Ecole agricole,1
SO,1975,"Aménagement du territoire et constructions, expropriation, travaux publics, énergie, transports, environnement.Transports.Circulation routière.Contrôle technique des véhicules",1
SO,1976,"Santé, travail, droit des assurances sociales, logement, homes",2
SO,1977,"Enseignement, sciences, documentation et culture.Degré tertiaire: Ecoles supérieures",1
SO,1977,"Santé, travail, droit des assurances sociales, logement, homes",1
SO,1978,"Finances, Impôts, monopoles, entreprises d'état.Impôts.Impôts sur les successions et les donations",1
SO,1978,"Aménagement du territoire et constructions, expropriation, travaux publics, énergie, transports, environnement.Transports.Transports publics.Transports ferroviaires",1
SO,1978,"Santé, travail, droit des assurances sociales, logement, homes",1
SO,1979,Etat.Dispositions générales.Territoire.Frontières,1
SO,1979,Etat.Eglise et Etat.Eglise évangélique réformée,1
SO,1979,"Défense nationale, protection de la population, police.Sécurité intérieure.Police.Coopération en matière de police",1
SO,1979,"Finances, Impôts, monopoles, entreprises d'état.Impôts.Impôts sur les successions et les donations",1
SO,1979,"Santé, travail, droit des assurances sociales, logement, homes.Assistance.Homes.Foyers pour enfants et adolescents",1
SO,1980,Droit pénal.Procédure pénale.Médecine légale,1
SO,1981,"Défense nationale, protection de la population, police.Sécurité intérieure.Police.Coopération en matière de police",1
SO,1981,"Finances, Impôts, monopoles, entreprises d'état.Monopoles, régales, entreprises d'état.Chasse.Chasseurs",1
SO,1982,Etat.Eglise et Etat.Eglise catholique romaine,1
SO,1983,"Finances, Impôts, monopoles, entreprises d'état.Monopoles, régales, entreprises d'état.Pêche.Zones de pêche",2
SO,1986,"Enseignement, sciences, documentation et culture.Degré prescolaire, école primaire, degré secondaire I.Ecole primaire, degré secondaire I",1
SO,1990,"Enseignement, sciences, documentation et culture.Corps enseignant.Formation",1
SO,1990,"Finances, Impôts, monopoles, entreprises d'état.Impôts.Impôts sur les successions et les donations",3
SO,1991,"Finances, Impôts, monopoles, entreprises d'état.Impôts.Impôts sur les successions et les donations",1
SO,1992,Droit pénal.Procédure pénale.Entraide judiciaire,1
SO,1993,"Enseignement, sciences, documentation et culture.Formation continue (Degré quaternaire).Formation des adultes",1
SO,1993,Economie.Agriculture.Culture des plantes.Vignoble,1
SO,1994,"Aménagement du territoire et constructions, expropriation, travaux publics, énergie, transports, environnement.Travaux publics.Marchés publics",2
SO,1995,Etat.Eglise et Etat.Eglise catholique romaine,2
SO,1995,"Enseignement, sciences, documentation et culture.Assurance de la qualité, surveillance, direction.Matériel scolaire",1
SO,1995,"Enseignement, sciences, documentation et culture.Reconnaissance des diplômes",1
SO,1995,"Défense nationale, protection de la population, police.Sécurité intérieure.Police.Coopération en matière de police",1
SO,1995,"Finances, Impôts, monopoles, entreprises d'état.Monopoles, régales, entreprises d'état.Pêche.Zones de pêche",1
SO,1996,"Enseignement, sciences, documentation et culture.Corps enseignant.Formation",1
SO,1997,"Enseignement, sciences, documentation et culture.Reconnaissance des diplômes",1
SO,1997,"Santé, travail, droit des assurances sociales, logement, homes",1
SO,1998,"Enseignement, sciences, documentation et culture",1
SO,1998,"Enseignement, sciences, documentation et culture.Degré tertiaire: Ecoles supérieures",1
SO,1998,"Enseignement, sciences, documentation et culture.Corps enseignant.Formation",1
SO,1998,"Economie.Commerce.Marché intérieur, entraves techniques au commerce",1
SO,1999,"Enseignement, sciences, documentation et culture.Degré prescolaire, école primaire, degré secondaire I.Ecole enfantine",1
SO,1999,"Enseignement, sciences, documentation et culture.Degré tertiaire: Hautes écoles.Pédagogie",1
SO,1999,"Enseignement, sciences, documentation et culture.Reconnaissance des diplômes",1
SO,1999,Economie.Arts et métiers.Services.Professions soumises à autorisation,1
SO,2001,"Enseignement, sciences, documentation et culture.Reconnaissance des diplômes",1
SO,2001,"Défense nationale, protection de la population, police.Sécurité intérieure.Police.Coopération en matière de police",1
SO,2001,"Aménagement du territoire et constructions, expropriation, travaux publics, énergie, transports, environnement.Travaux publics.Marchés publics",1
SO,2002,Etat.Eglise et Etat.Eglise évangélique réformée,1
SO,2002,"Santé, travail, droit des assurances sociales, logement, homes",1
SO,2003,"Enseignement, sciences, documentation et culture",1
SO,2003,"Défense nationale, protection de la population, police.Sécurité intérieure.Police.Personnel",1
SO,2003,"Santé, travail, droit des assurances sociales, logement, homes.Santé.Substances thérapeutiques, stupéfiants",1
SO,2004,Etat.Dispositions générales.Collaboration intercantonale,1
SO,2004,"Enseignement, sciences, documentation et culture",1
SO,2005,"Défense nationale, protection de la population, police",1
SO,2005,"Aménagement du territoire et constructions, expropriation, travaux publics, énergie, transports, environnement",1
SO,2005,"Aménagement du territoire et constructions, expropriation, travaux publics, énergie, transports, environnement.Transports.Circulation routière.Police de la circulation",1
SO,2006,"Enseignement, sciences, documentation et culture.Degré prescolaire, école primaire, degré secondaire I.Ecole primaire, degré secondaire I",1
SO,2007,"Enseignement, sciences, documentation et culture.Degré prescolaire, école primaire, degré secondaire I.Ecole primaire, degré secondaire I",1
SO,2007,"Enseignement, sciences, documentation et culture.Art, culture, sport.Sport",1
SO,2009,"Défense nationale, protection de la population, police.Sécurité intérieure.Police.Coopération en matière de police",1
SO,2010,"Enseignement, sciences, documentation et culture.Degré prescolaire, école primaire, degré secondaire I.Ecole primaire, degré secondaire I",1
SO,2013,"Enseignement, sciences, documentation et culture",1
SO,2013,"Santé, travail, droit des assurances sociales, logement, homes.Santé.Etique",1
SO,2014,"Enseignement, sciences, documentation et culture.Degré tertiaire: Ecoles supérieures",1
SO,2015,"Enseignement, sciences, documentation et culture",2
SO,2017,"Droit civil.Dispositions d'introduction du code civil.Droit des personnes, état civil.Fondations, surveillance.Fondations LPP",1
SO,2019,"Défense nationale, protection de la population, police",1
SO,2019,"Défense nationale, protection de la population, police.Sécurité intérieure.Police.Coopération en matière de police",1
SO,2019,"Aménagement du territoire et constructions, expropriation, travaux publics, énergie, transports, environnement.Travaux publics.Marchés publics",1
SO,2022,"Enseignement, sciences, documentation et culture",1
SZ,1824,Etat.Eglise et Etat.Eglise catholique romaine,1
SZ,1840,"Santé, travail, droit des assurances sociales, logement, homes",1
SZ,1841,"Finances, Impôts, monopoles, entreprises d'état.Monopoles, régales, entreprises d'état.Pêche.Zones de pêche",1
SZ,1841,"Aménagement du territoire et constructions, expropriation, travaux publics, énergie, transports, environnement.Travaux publics.Aménagement des eaux.Corrections des eaux / Protection contre les crues",1
SZ,1858,"Aménagement du territoire et constructions, expropriation, travaux publics, énergie, transports, environnement.Travaux publics.Aménagement des eaux.Corrections des eaux / Protection contre les crues",1
SZ,1896,"Droit civil.Procédure civile.Emoluments, frais",1
SZ,1916,"Aménagement du territoire et constructions, expropriation, travaux publics, énergie, transports, environnement.Travaux publics.Aménagement des eaux.Utilisation des eaux",1
SZ,1927,"Aménagement du territoire et constructions, expropriation, travaux publics, énergie, transports, environnement.Travaux publics.Aménagement des eaux.Corrections des eaux / Protection contre les crues",1
SZ,1929,"Aménagement du territoire et constructions, expropriation, travaux publics, énergie, transports, environnement.Travaux publics.Aménagement des eaux.Utilisation des eaux",2
SZ,1930,"Aménagement du territoire et constructions, expropriation, travaux publics, énergie, transports, environnement.Travaux publics.Aménagement des eaux.Utilisation des eaux",1
SZ,1933,"Aménagement du territoire et constructions, expropriation, travaux publics, énergie, transports, environnement",1
SZ,1938,"Aménagement du territoire et constructions, expropriation, travaux publics, énergie, transports, environnement",1
SZ,1938,"Aménagement du territoire et constructions, expropriation, travaux publics, énergie, transports, environnement.Transports.Transports publics.Transports ferroviaires",3
SZ,1939,"Finances, Impôts, monopoles, entreprises d'état.Finances.Contributions étatiques, subventions",1
SZ,1939,"Aménagement du territoire et constructions, expropriation, travaux publics, énergie, transports, environnement.Transports.Transports publics.Transports ferroviaires",1
SZ,1943,"Finances, Impôts, monopoles, entreprises d'état.Finances.Contributions étatiques, subventions",1
SZ,1943,Economie.Agriculture.Production animale.Commerce du bétail,1
SZ,1944,"Finances, Impôts, monopoles, entreprises d'état.Monopoles, régales, entreprises d'état.Pêche.Zones de pêche",1
SZ,1948,"Finances, Impôts, monopoles, entreprises d'état.Impôts.Interdiction des arrangements fiscaux",1
SZ,1951,"Aménagement du territoire et constructions, expropriation, travaux publics, énergie, transports, environnement.Transports.Funiculaires, téléphériques, téléskis",1
SZ,1954,"Aménagement du territoire et constructions, expropriation, travaux publics, énergie, transports, environnement.Travaux publics.Aménagement des eaux.Utilisation des eaux",1
SZ,1955,"Finances, Impôts, monopoles, entreprises d'état.Monopoles, régales, entreprises d'état.Pétrole",1
SZ,1959,"Santé, travail, droit des assurances sociales, logement, homes",1
SZ,1963,"Finances, Impôts, monopoles, entreprises d'état.Monopoles, régales, entreprises d'état.Pétrole",1
SZ,1964,"Enseignement, sciences, documentation et culture.Degré tertiaire: Hautes écoles.Agriculture",1
SZ,1968,"Aménagement du territoire et constructions, expropriation, travaux publics, énergie, transports, environnement.Transports.Circulation routière.Police de la circulation",1
SZ,1969,Droit civil.Arbitrage,1
SZ,1970,"Enseignement, sciences, documentation et culture.Assurance de la qualité, surveillance, direction.Coordination",1
SZ,1970,"Finances, Impôts, monopoles, entreprises d'état.Monopoles, régales, entreprises d'état.Pêche.Zones de pêche",1
SZ,1971,"Enseignement, sciences, documentation et culture.Corps enseignant.Traitement, indemnités",1
SZ,1971,"Santé, travail, droit des assurances sociales, logement, homes",1
SZ,1971,"Santé, travail, droit des assurances sociales, logement, homes.Santé.Substances thérapeutiques, stupéfiants",1
SZ,1973,"Finances, Impôts, monopoles, entreprises d'état.Monopoles, régales, entreprises d'état.Régale des sels",1
SZ,1974,Economie.Agriculture.Formation agricole.Ecole agricole,1
SZ,1975,Droit civil.Procédure civile.Entraide judiciaire,1
SZ,1976,"Enseignement, sciences, documentation et culture.Corps enseignant.Formation",1
SZ,1977,Droit civil.Procédure civile.Exécution,1
SZ,1978,"Défense nationale, protection de la population, police.Sécurité intérieure.Police.Coopération en matière de police",1
SZ,1978,"Finances, Impôts, monopoles, entreprises d'état.Monopoles, régales, entreprises d'état.Pêche.Zones de pêche",1
SZ,1979,"Aménagement du territoire et constructions, expropriation, travaux publics, énergie, transports, environnement",1
SZ,1980,"Enseignement, sciences, documentation et culture",1
SZ,1982,"Santé, travail, droit des assurances sociales, logement, homes.Santé.Etablissements hospitaliers, cliniques.Cliniques psychiatriques",1
SZ,1982,"Santé, travail, droit des assurances sociales, logement, homes.Santé.Professions médicales.Personnel soignant",1
SZ,1990,Economie.Forêt.Formation professionnelle,1
SZ,1991,"Enseignement, sciences, documentation et culture",1
SZ,1991,"Aménagement du territoire et constructions, expropriation, travaux publics, énergie, transports, environnement.Travaux publics.Aménagement des eaux.Corrections des eaux / Protection contre les crues",1
SZ,1992,Droit pénal.Procédure pénale.Entraide judiciaire,1
SZ,1993,"Enseignement, sciences, documentation et culture",1
SZ,1993,"Enseignement, sciences, documentation et culture.Formation continue (Degré quaternaire).Formation des adultes",1
SZ,1993,"Finances, Impôts, monopoles, entreprises d'état.Monopoles, régales, entreprises d'état.Pêche.Zones de pêche",1
SZ,1994,"Finances, Impôts, monopoles, entreprises d'état.Monopoles, régales, entreprises d'état.Pêche.Zones de pêche",3
SZ,1994,"Aménagement du territoire et constructions, expropriation, travaux publics, énergie, transports, environnement.Travaux publics.Marchés publics",1
SZ,1995,Economie.Agriculture.Améliorations foncières,1
SZ,1996,"Finances, Impôts, monopoles, entreprises d'état.Monopoles, régales, entreprises d'état.Pêche.Zones de pêche",1
SZ,1997,"Enseignement, sciences, documentation et culture",1
SZ,1997,"Aménagement du territoire et constructions, expropriation, travaux publics, énergie, transports, environnement",1
SZ,1998,"Enseignement, sciences, documentation et culture.Degré tertiaire: Ecoles supérieures",1
SZ,1998,"Economie.Commerce.Marché intérieur, entraves techniques au commerce",1
SZ,1999,"Enseignement, sciences, documentation et culture",1
SZ,1999,"Enseignement, sciences, documentation et culture.Degré tertiaire: Hautes écoles.Pédagogie",1
SZ,1999,"Santé, travail, droit des assurances sociales, logement, homes.Santé.Hygiène.Denrées alimentaires, objets d'usage courant.Surveillance des aliments",1
SZ,2000,"Enseignement, sciences, documentation et culture",2
SZ,2000,"Aménagement du territoire et constructions, expropriation, travaux publics, énergie, transports, environnement",1
SZ,2002,"Enseignement, sciences, documentation et culture.Degré tertiaire: Hautes écoles.Pédagogie",2
SZ,2002,"Santé, travail, droit des assurances sociales, logement, homes",1
SZ,2003,"Enseignement, sciences, documentation et culture",1
SZ,2003,"Enseignement, sciences, documentation et culture.Contributions à la formation.Emoluments scolaires",1
SZ,2003,"Enseignement, sciences, documentation et culture.Art, culture, sport.Encouragement à la culture",1
SZ,2003,"Défense nationale, protection de la population, police.Sécurité intérieure.Police.Personnel",1
SZ,2003,"Aménagement du territoire et constructions, expropriation, travaux publics, énergie, transports, environnement",1
SZ,2004,"Droit civil.Dispositions d'introduction du code civil.Droit des personnes, état civil.Fondations, surveillance.Fondations LPP",1
SZ,2004,"Enseignement, sciences, documentation et culture.Degré tertiaire: Hautes écoles.Pédagogie",3
SZ,2005,Etat.Dispositions générales.Collaboration intercantonale,1
SZ,2005,"Droit civil.Dispositions d'introduction du code civil.Droit des personnes, état civil.Fondations, surveillance.Fondations LPP",1
SZ,2005,"Enseignement, sciences, documentation et culture.Degré tertiaire: Hautes écoles.Pédagogie",1
SZ,2005,"Enseignement, sciences, documentation et culture.Formation continue (Degré quaternaire).Formation continue des enseignants",1
SZ,2005,"Santé, travail, droit des assurances sociales, logement, homes",2
SZ,2006,"Aménagement du territoire et constructions, expropriation, travaux publics, énergie, transports, environnement.Travaux publics.Aménagement des eaux.Corrections des eaux / Protection contre les crues",1
SZ,2007,"Enseignement, sciences, documentation et culture.Art, culture, sport.Sport",1
SZ,2008,"Santé, travail, droit des assurances sociales, logement, homes",1
SZ,2009,"Défense nationale, protection de la population, police.Sécurité intérieure.Police.Coopération en matière de police",2
SZ,2014,"Santé, travail, droit des assurances sociales, logement, homes.Santé.Professions médicales.Médecins",1
SZ,2015,"Enseignement, sciences, documentation et culture",1
SZ,2019,"Santé, travail, droit des assurances sociales, logement, homes",1
SZ,2023,"Aménagement du territoire et constructions, expropriation, travaux publics, énergie, transports, environnement.Energie.Forces hydrauliques",1
TG,1828,Etat.Eglise et Etat.Eglise catholique romaine,1
TG,1846,Etat.Eglise et Etat.Eglise évangélique réformée,1
TG,1869,Etat.Eglise et Etat.Eglise catholique romaine,1
TG,1870,Etat.Eglise et Etat.Eglise évangélique réformée,1
TG,1886,"Etat.Dispositions générales.Territoire.Délimitations territoriales, districts",1
TG,1886,Etat.Eglise et Etat.Eglise évangélique réformée,1
TG,1889,Etat.Eglise et Etat.Eglise évangélique réformée,1
TG,1890,Etat.Eglise et Etat.Eglise évangélique réformée,1
TG,1891,Etat.Eglise et Etat.Eglise catholique romaine,1
TG,1891,"Aménagement du territoire et constructions, expropriation, travaux publics, énergie, transports, environnement.Travaux publics.Aménagement des eaux.Corrections des eaux / Protection contre les crues",1
TG,1896,"Droit civil.Procédure civile.Emoluments, frais",1
TG,1906,"Finances, Impôts, monopoles, entreprises d'état.Impôts.Exonération et allégements fiscaux",1
TG,1907,Etat.Professions juridiques.Notaires.Légalisation,1
TG,1909,"Défense nationale, protection de la population, police.Sécurité intérieure.Police.Transports de police",1
TG,1914,"Aménagement du territoire et constructions, expropriation, travaux publics, énergie, transports, environnement.Energie.Forces hydrauliques",1
TG,1918,Etat.Eglise et Etat.Eglise évangélique réformée,2
TG,1926,Etat.Eglise et Etat.Eglise évangélique réformée,1
TG,1926,Etat.Professions juridiques.Notaires.Légalisation,1
TG,1926,"Finances, Impôts, monopoles, entreprises d'état.Impôts.Impôts sur les successions et les donations",1
TG,1931,"Finances, Impôts, monopoles, entreprises d'état.Impôts.Impôts sur les successions et les donations",1
TG,1933,"Finances, Impôts, monopoles, entreprises d'état.Impôts.Impôts sur les successions et les donations",1
TG,1934,"Finances, Impôts, monopoles, entreprises d'état.Impôts.Impôts sur les successions et les donations",1
TG,1937,Economie,1
TG,1938,Etat.Professions juridiques.Notaires.Légalisation,1
TG,1943,Economie.Agriculture.Production animale.Commerce du bétail,1
TG,1948,"Finances, Impôts, monopoles, entreprises d'état.Impôts.Interdiction des arrangements fiscaux",1
TG,1955,"Finances, Impôts, monopoles, entreprises d'état.Monopoles, régales, entreprises d'état.Pétrole",1
TG,1958,"Finances, Impôts, monopoles, entreprises d'état.Impôts.Impôts sur les successions et les donations",1
TG,1964,"Santé, travail, droit des assurances sociales, logement, homes",1
TG,1967,"Aménagement du territoire et constructions, expropriation, travaux publics, énergie, transports, environnement.Protection de l'environnement.Déchets",1
TG,1967,"Aménagement du territoire et constructions, expropriation, travaux publics, énergie, transports, environnement.Protection de l'environnement.Protection des eaux",1
TG,1968,"Finances, Impôts, monopoles, entreprises d'état.Impôts.Impôts sur les successions et les donations",1
TG,1969,Droit civil.Arbitrage,1
TG,1969,"Finances, Impôts, monopoles, entreprises d'état.Impôts.Impôts sur les successions et les donations",1
TG,1969,"Aménagement du territoire et constructions, expropriation, travaux publics, énergie, transports, environnement.Travaux publics.Routes.Routes nationales",1
TG,1969,"Aménagement du territoire et constructions, expropriation, travaux publics, énergie, transports, environnement.Protection de l'environnement.Protection des eaux",1
TG,1970,"Enseignement, sciences, documentation et culture.Degré prescolaire, école primaire, degré secondaire I.Ecole primaire, degré secondaire I",1
TG,1970,"Aménagement du territoire et constructions, expropriation, travaux publics, énergie, transports, environnement.Travaux publics.Routes.Routes nationales",2
TG,1970,"Aménagement du territoire et constructions, expropriation, travaux publics, énergie, transports, environnement.Protection de l'environnement.Protection des eaux",3
TG,1971,Droit civil.Procédure civile.Entraide judiciaire,1
TG,1971,"Finances, Impôts, monopoles, entreprises d'état.Impôts.Impôts sur les successions et les donations",1
TG,1971,"Santé, travail, droit des assurances sociales, logement, homes",1
TG,1972,"Aménagement du territoire et constructions, expropriation, travaux publics, énergie, transports, environnement.Protection de l'environnement.Protection des eaux",1
TG,1973,"Finances, Impôts, monopoles, entreprises d'état.Monopoles, régales, entreprises d'état.Régale des sels",1
TG,1974,Etat.Eglise et Etat.Eglise évangélique réformée,1
TG,1974,"Aménagement du territoire et constructions, expropriation, travaux publics, énergie, transports, environnement.Protection de l'environnement.Protection des eaux",1
TG,1974,"Santé, travail, droit des assurances sociales, logement, homes.Santé.Laboratoires médicaux",1
TG,1974,"Santé, travail, droit des assurances sociales, logement, homes.Santé.Hygiène.Alimentation en eau",1
TG,1974,Economie.Agriculture.Formation agricole.Ecole agricole,1
TG,1975,"Santé, travail, droit des assurances sociales, logement, homes.Santé.Hygiène.Alimentation en eau",1
TG,1976,"Défense nationale, protection de la population, police.Sécurité intérieure.Police.Coopération en matière de police",1
TG,1976,"Aménagement du territoire et constructions, expropriation, travaux publics, énergie, transports, environnement.Transports.Circulation routière.Police de la circulation",1
TG,1976,"Santé, travail, droit des assurances sociales, logement, homes",2
TG,1976,Economie,1
TG,1977,Droit civil.Procédure civile.Exécution,1
TG,1977,"Aménagement du territoire et constructions, expropriation, travaux publics, énergie, transports, environnement.Protection de l'environnement.Protection des eaux",1
TG,1977,Economie,1
TG,1977,Economie.Développement économiques dans les régions de montagne,1
TG,1978,"Enseignement, sciences, documentation et culture.Degré prescolaire, école primaire, degré secondaire I.Ecole enfantine",1
TG,1978,"Finances, Impôts, monopoles, entreprises d'état.Impôts.Impôts sur les successions et les donations",1
TG,1978,"Aménagement du territoire et constructions, expropriation, travaux publics, énergie, transports, environnement.Protection de l'environnement.Protection des eaux",1
TG,1979,"Défense nationale, protection de la population, police.Sécurité intérieure.Police.Coopération en matière de police",1
TG,1981,"Santé, travail, droit des assurances sociales, logement, homes",1
TG,1983,Etat.Eglise et Etat.Eglise catholique romaine,2
TG,1983,"Enseignement, sciences, documentation et culture.Pédagogie spécialisée.Ecoles spécialisées",1
TG,1984,"Finances, Impôts, monopoles, entreprises d'état.Monopoles, régales, entreprises d'état.Pêche.Zones de pêche",1
TG,1984,"Santé, travail, droit des assurances sociales, logement, homes.Assistance.Personnes handicapés.Ateliers protégés",1
TG,1985,"Enseignement, sciences, documentation et culture.Degré secondaire II: Formation professionnelle initiale.Ecoles professionnelles.Enseignement ménager",1
TG,1985,"Enseignement, sciences, documentation et culture.Degré tertiaire: Hautes écoles.Pédagogie",1
TG,1987,"Enseignement, sciences, documentation et culture.Degré prescolaire, école primaire, degré secondaire I.Ecole primaire, degré secondaire I",1
TG,1990,"Finances, Impôts, monopoles, entreprises d'état.Impôts.Impôts sur le revenu et la fortune / impôts sur les bénéfices et les capitaux.Impôt cantonal",1
TG,1990,"Finances, Impôts, monopoles, entreprises d'état.Impôts.Impôts sur les successions et les donations",1
TG,1990,Economie.Forêt.Formation professionnelle,1
TG,1992,Droit pénal.Procédure pénale.Entraide judiciaire,1
TG,1993,"Enseignement, sciences, documentation et culture",1
TG,1993,"Enseignement, sciences, documentation et culture.Formation continue (Degré quaternaire).Formation des adultes",2
TG,1993,"Aménagement du territoire et constructions, expropriation, travaux publics, énergie, transports, environnement.Protection de l'environnement.Protection des eaux",1
TG,1994,"Enseignement, sciences, documentation et culture.Pédagogie spécialisée.Classes spéciales",1
TG,1994,"Finances, Impôts, monopoles, entreprises d'état.Impôts.Impôts sur les successions et les donations",1
TG,1994,"Aménagement du territoire et constructions, expropriation, travaux publics, énergie, transports, environnement.Travaux publics.Marchés publics",2
TG,1995,"Enseignement, sciences, documentation et culture.Degré secondaire II.Ecole moyenne",1
TG,1995,"Enseignement, sciences, documentation et culture.Formation continue (Degré quaternaire).Formation des adultes",1
TG,1995,"Santé, travail, droit des assurances sociales, logement, homes",1
TG,1996,"Enseignement, sciences, documentation et culture.Contributions à la formation.Ecolages",1
TG,1996,"Santé, travail, droit des assurances sociales, logement, homes.Santé.Professions médicales.Personnel soignant",1
TG,1997,Etat.Eglise et Etat.Eglise évangélique réformée,1
TG,1997,"Enseignement, sciences, documentation et culture.Degré prescolaire, école primaire, degré secondaire I.Ecole primaire, degré secondaire I",1
TG,1998,"Enseignement, sciences, documentation et culture",1
TG,1998,"Enseignement, sciences, documentation et culture.Degré tertiaire: Ecoles supérieures",1
TG,1998,"Aménagement du territoire et constructions, expropriation, travaux publics, énergie, transports, environnement.Protection de l'environnement.Protection des eaux",1
TG,1998,"Economie.Commerce.Marché intérieur, entraves techniques au commerce",1
TG,1999,"Enseignement, sciences, documentation et culture",3
TG,1999,"Enseignement, sciences, documentation et culture.Degré tertiaire: Hautes écoles.Pédagogie",1
TG,2001,"Enseignement, sciences, documentation et culture",2
TG,2002,Etat.Eglise et Etat.Eglise évangélique réformée,1
TG,2002,Economie.Arts et métiers.Services.Jeux de hasard et loteries.Maisons de jeu,1
TG,2003,"Enseignement, sciences, documentation et culture",1
TG,2003,"Enseignement, sciences, documentation et culture.Pédagogie spécialisée.Enfants surdoués",1
TG,2003,"Enseignement, sciences, documentation et culture.Reconnaissance des diplômes",2
TG,2004,"Santé, travail, droit des assurances sociales, logement, homes",1
TG,2005,Etat.Dispositions générales.Collaboration intercantonale,1
TG,2005,"Droit civil.Dispositions d'introduction du code civil.Droit des personnes, état civil.Fondations, surveillance.Fondations LPP",1
TG,2005,"Défense nationale, protection de la population, police.Sécurité intérieure.Police.Personnel",1
TG,2005,"Aménagement du territoire et constructions, expropriation, travaux publics, énergie, transports, environnement",1
TG,2005,Economie,1
TG,2006,"Enseignement, sciences, documentation et culture",1
TG,2007,"Enseignement, sciences, documentation et culture.Art, culture, sport.Sport",1
TG,2008,"Santé, travail, droit des assurances sociales, logement, homes",1
TG,2009,"Enseignement, sciences, documentation et culture.Art, culture, sport.Encouragement à la culture",1
TG,2009,"Défense nationale, protection de la population, police.Sécurité intérieure.Police.Coopération en matière de police",1
TG,2009,"Santé, travail, droit des assurances sociales, logement, homes",1
TG,2010,"Droit civil.Dispositions d'introduction du code civil.Droit des personnes, état civil.Fondations, surveillance.Fondations LPP",2
TG,2011,"Enseignement, sciences, documentation et culture.Contributions à la formation.Bourses d'études",1
TG,2013,"Enseignement, sciences, documentation et culture.Degré tertiaire: Ecoles supérieures",1
TG,2013,"Défense nationale, protection de la population, police.Protection de la population.Protection contre les incendies / éléments naturels.Protection contre le feu, pompiers",1
TG,2014,"Santé, travail, droit des assurances sociales, logement, homes.Santé.Professions médicales.Médecins",1
TG,2016,"Santé, travail, droit des assurances sociales, logement, homes.Santé.Etique",1
TG,2018,"Santé, travail, droit des assurances sociales, logement, homes",1
TG,2018,Economie,1
TG,2019,"Enseignement, sciences, documentation et culture",1
TG,2019,"Aménagement du territoire et constructions, expropriation, travaux publics, énergie, transports, environnement.Travaux publics.Marchés publics",1
TG,2019,"Santé, travail, droit des assurances sociales, logement, homes",1
TG,2019,Economie,1
TG,2022,"Enseignement, sciences, documentation et culture.Degré prescolaire, école primaire, degré secondaire I.Ecole primaire, degré secondaire I",1
TG,2023,"Défense nationale, protection de la population, police.Sécurité intérieure.Police.Coopération en matière de police",1
TG,2024,"Aménagement du territoire et constructions, expropriation, travaux publics, énergie, transports, environnement.Protection de l'environnement.Produits toxiques et chimiques",1
TI,1896,"Droit civil.Procédure civile.Emoluments, frais",1
TI,1909,"Enseignement, sciences, documentation et culture",1
TI,1909,"Défense nationale, protection de la population, police.Sécurité intérieure.Police.Coopération en matière de police",1
TI,1909,"Défense nationale, protection de la population, police.Sécurité intérieure.Police.Transports de police",1
TI,1937,Droit pénal,1
TI,1943,Economie.Agriculture.Production animale.Commerce du bétail,1
TI,1947,"Santé, travail, droit des assurances sociales, logement, homes.Santé.Professions médicales.Personnel soignant",1
TI,1948,"Finances, Impôts, monopoles, entreprises d'état.Impôts.Interdiction des arrangements fiscaux",1
TI,1951,"Aménagement du territoire et constructions, expropriation, travaux publics, énergie, transports, environnement.Transports.Funiculaires, téléphériques, téléskis",2
TI,1964,Economie.Agriculture.Formation agricole.Ecole agricole,1
TI,1965,"Finances, Impôts, monopoles, entreprises d'état.Impôts.Impôts sur les successions et les donations",3
TI,1969,Droit civil.Arbitrage,1
TI,1971,Droit pénal,1
TI,1972,"Enseignement, sciences, documentation et culture.Degré tertiaire: Hautes écoles.Pédagogie",2
TI,1973,"Finances, Impôts, monopoles, entreprises d'état.Monopoles, régales, entreprises d'état.Régale des sels",1
TI,1974,Droit civil.Procédure civile.Entraide judiciaire,1
TI,1977,Droit civil.Procédure civile.Exécution,1
TI,1984,Droit pénal,1
TI,1986,Non classé,1
TI,1992,Droit pénal.Procédure pénale.Entraide judiciaire,1
TI,1993,Etat.Dispositions générales.Collaboration intercantonale,1
TI,1993,"Enseignement, sciences, documentation et culture.Formation continue (Degré quaternaire).Formation des adultes",2
TI,1994,"Aménagement du territoire et constructions, expropriation, travaux publics, énergie, transports, environnement.Travaux publics.Marchés publics",1
TI,1995,"Enseignement, sciences, documentation et culture.Reconnaissance des diplômes",2
TI,1997,"Enseignement, sciences, documentation et culture",1
TI,1998,"Enseignement, sciences, documentation et culture",2
TI,1998,"Enseignement, sciences, documentation et culture.Degré tertiaire: Ecoles supérieures",1
TI,1998,"Enseignement, sciences, documentation et culture.Corps enseignant.Formation",5
TI,1998,"Economie.Commerce.Marché intérieur, entraves techniques au commerce",1
TI,1999,"Enseignement, sciences, documentation et culture.Corps enseignant.Formation",3
TI,1999,"Enseignement, sciences, documentation et culture.Reconnaissance des diplômes",1
TI,2000,"Enseignement, sciences, documentation et culture.Reconnaissance des diplômes",1
TI,2001,"Enseignement, sciences, documentation et culture",1
TI,2002,"Enseignement, sciences, documentation et culture.Degré secondaire II.Ecole moyenne",1
TI,2003,"Enseignement, sciences, documentation et culture.Pédagogie spécialisée.Enfants surdoués",1
TI,2005,Etat.Dispositions générales.Collaboration intercantonale,1
TI,2005,Droit pénal,1
TI,2005,"Finances, Impôts, monopoles, entreprises d'état.Finances.Péréquation financière.Coopération intercantonale avec compensation des charges",1
TI,2005,Economie.Arts et métiers.Services.Jeux de hasard et loteries.Fonds de loterie,1
TI,2006,"Enseignement, sciences, documentation et culture",2
TI,2006,"Enseignement, sciences, documentation et culture.Corps enseignant.Formation",2
TI,2006,Non classé,1
TI,2007,"Enseignement, sciences, documentation et culture",1
TI,2007,"Enseignement, sciences, documentation et culture.Degré prescolaire, école primaire, degré secondaire I.Ecole primaire, degré secondaire I",1
TI,2007,"Enseignement, sciences, documentation et culture.Reconnaissance des diplômes",1
TI,2007,"Enseignement, sciences, documentation et culture.Art, culture, sport.Sport",1
TI,2008,Droit pénal,2
TI,2008,"Enseignement, sciences, documentation et culture.Corps enseignant.Formation",1
TI,2008,"Santé, travail, droit des assurances sociales, logement, homes",1
TI,2009,"Enseignement, sciences, documentation et culture.Contributions à la formation.Bourses d'études",3
TI,2009,"Défense nationale, protection de la population, police.Sécurité intérieure.Police.Coopération en matière de police",1
TI,2010,"Droit civil.Dispositions d'introduction du code civil.Droit des personnes, état civil.Fondations, surveillance.Fondations LPP",2
TI,2011,"Droit civil.Dispositions d'introduction du code civil.Droit des personnes, état civil.Fondations, surveillance.Fondations LPP",1
TI,2011,"Finances, Impôts, monopoles, entreprises d'état.Impôts.Impôts sur les successions et les donations",1
TI,2012,"Enseignement, sciences, documentation et culture.Degré tertiaire: Ecoles supérieures",1
TI,2012,"Santé, travail, droit des assurances sociales, logement, homes.Santé.Substances thérapeutiques, stupéfiants",1
TI,2013,Droit pénal.Droit pénal des mineurs et procédure pénale des mineurs,3
TI,2013,"Enseignement, sciences, documentation et culture",1
TI,2017,Droit pénal,3
UR,1889,Droit civil,1
UR,1894,"Défense nationale, protection de la population, police.Sécurité intérieure.Police.Transports de police",1
UR,1901,Droit pénal.Procédure pénale.Entraide judiciaire,1
UR,1937,"Santé, travail, droit des assurances sociales, logement, homes.Santé.Professions médicales.Médecins",1
UR,1943,Economie.Agriculture.Production animale.Commerce du bétail,1
UR,1944,Droit pénal,1
UR,1948,"Finances, Impôts, monopoles, entreprises d'état.Impôts.Interdiction des arrangements fiscaux",1
UR,1951,"Aménagement du territoire et constructions, expropriation, travaux publics, énergie, transports, environnement.Transports.Funiculaires, téléphériques, téléskis",1
UR,1959,Droit pénal,1
UR,1964,Economie.Agriculture.Formation agricole.Ecole agricole,1
UR,1969,Droit civil.Arbitrage,1
UR,1970,"Enseignement, sciences, documentation et culture.Assurance de la qualité, surveillance, direction.Coordination",1
UR,1971,"Santé, travail, droit des assurances sociales, logement, homes.Santé.Substances thérapeutiques, stupéfiants",1
UR,1972,"Enseignement, sciences, documentation et culture.Contributions à la formation.Ecolages",1
UR,1972,"Aménagement du territoire et constructions, expropriation, travaux publics, énergie, transports, environnement.Protection de l'environnement.Protection des eaux",1
UR,1973,"Finances, Impôts, monopoles, entreprises d'état.Monopoles, régales, entreprises d'état.Régale des sels",1
UR,1974,Droit civil.Procédure civile.Entraide judiciaire,1
UR,1974,"Enseignement, sciences, documentation et culture.Degré tertiaire: Hautes écoles.Agriculture",1
UR,1977,Droit civil.Procédure civile.Exécution,1
UR,1977,"Enseignement, sciences, documentation et culture.Corps enseignant.Formation",1
UR,1977,"Finances, Impôts, monopoles, entreprises d'état.Monopoles, régales, entreprises d'état.Pêche.Zones de pêche",1
UR,1978,"Défense nationale, protection de la population, police.Sécurité intérieure.Police.Coopération en matière de police",1
UR,1978,"Finances, Impôts, monopoles, entreprises d'état.Monopoles, régales, entreprises d'état.Pêche.Zones de pêche",1
UR,1982,"Enseignement, sciences, documentation et culture.Corps enseignant.Formation",1
UR,1982,"Santé, travail, droit des assurances sociales, logement, homes.Santé.Etablissements hospitaliers, cliniques.Cliniques psychiatriques",1
UR,1984,"Santé, travail, droit des assurances sociales, logement, homes",1
UR,1986,Droit pénal,1
UR,1989,"Enseignement, sciences, documentation et culture.Degré secondaire II: Formation professionnelle initiale.Ecoles professionnelles.Enseignement ménager",1
UR,1990,Publications sans texte,1
UR,1993,"Enseignement, sciences, documentation et culture.Formation continue (Degré quaternaire).Formation des adultes",1
UR,1994,"Aménagement du territoire et constructions, expropriation, travaux publics, énergie, transports, environnement.Travaux publics.Marchés publics",1
UR,1997,"Aménagement du territoire et constructions, expropriation, travaux publics, énergie, transports, environnement",1
UR,1998,"Economie.Commerce.Marché intérieur, entraves techniques au commerce",1
UR,1999,"Enseignement, sciences, documentation et culture",1
UR,1999,"Santé, travail, droit des assurances sociales, logement, homes.Santé.Hygiène.Denrées alimentaires, objets d'usage courant.Surveillance des aliments",1
UR,2000,"Enseignement, sciences, documentation et culture.Degré tertiaire: Hautes écoles.Pédagogie",1
UR,2002,"Enseignement, sciences, documentation et culture.Degré tertiaire: Hautes écoles.Pédagogie",2
UR,2002,"Enseignement, sciences, documentation et culture.Corps enseignant.Formation",2
UR,2003,"Enseignement, sciences, documentation et culture.Contributions à la formation.Emoluments scolaires",1
UR,2003,"Défense nationale, protection de la population, police.Sécurité intérieure.Police.Personnel",1
UR,2003,"Santé, travail, droit des assurances sociales, logement, homes",1
UR,2003,"Santé, travail, droit des assurances sociales, logement, homes.Droit du travail.Marché du travail.Envoi de travailleurs à l'étranger",1
UR,2004,"Droit civil.Dispositions d'introduction du code civil.Droit des personnes, état civil.Fondations, surveillance.Fondations LPP",1
UR,2004,"Enseignement, sciences, documentation et culture.Degré tertiaire: Hautes écoles.Pédagogie",2
UR,2005,Etat.Dispositions générales.Collaboration intercantonale,1
UR,2005,"Enseignement, sciences, documentation et culture.Formation continue (Degré quaternaire).Formation continue des enseignants",1
UR,2005,"Santé, travail, droit des assurances sociales, logement, homes",1
UR,2006,"Aménagement du territoire et constructions, expropriation, travaux publics, énergie, transports, environnement.Travaux publics.Aménagement des eaux.Corrections des eaux / Protection contre les crues",1
UR,2007,"Enseignement, sciences, documentation et culture",1
UR,2007,"Enseignement, sciences, documentation et culture.Art, culture, sport.Sport",1
UR,2009,"Santé, travail, droit des assurances sociales, logement, homes.Santé.Hygiène.Denrées alimentaires, objets d'usage courant.Surveillance des aliments",1
UR,2013,"Enseignement, sciences, documentation et culture",1
UR,2015,Publications sans texte,1
UR,2019,Economie,1
VD,1903,"Droit civil.Procédure civile.Emoluments, frais",1
VD,1907,"Enseignement, sciences, documentation et culture.Degré prescolaire, école primaire, degré secondaire I.Ecole primaire, degré secondaire I",1
VD,1909,"Défense nationale, protection de la population, police.Sécurité intérieure.Police.Transports de police",1
VD,1911,"Aménagement du territoire et constructions, expropriation, travaux publics, énergie, transports, environnement.Transports.Navigation.Police de la navigation",1
VD,1938,"Aménagement du territoire et constructions, expropriation, travaux publics, énergie, transports, environnement.Travaux publics.Aménagement des eaux.Corrections des eaux / Protection contre les crues",1
VD,1943,Economie.Agriculture.Production animale.Commerce du bétail,1
VD,1944,Droit pénal,1
VD,1948,"Finances, Impôts, monopoles, entreprises d'état.Impôts.Interdiction des arrangements fiscaux",1
VD,1951,"Aménagement du territoire et constructions, expropriation, travaux publics, énergie, transports, environnement.Transports.Funiculaires, téléphériques, téléskis",1
VD,1957,Droit civil.Dispositions générales d'introduction du code des obligations.Des divers contrats.Prêt,1
VD,1958,"Aménagement du territoire et constructions, expropriation, travaux publics, énergie, transports, environnement",2
VD,1959,"Finances, Impôts, monopoles, entreprises d'état.Impôts.Exonération et allégements fiscaux",1
VD,1960,"Finances, Impôts, monopoles, entreprises d'état.Impôts.Exonération et allégements fiscaux",1
VD,1964,Economie.Agriculture.Formation agricole.Ecole agricole,1
VD,1968,"Enseignement, sciences, documentation et culture.Degré tertiaire: universités.Faculté de sciences naturelles",1
VD,1968,Economie,1
VD,1969,Droit civil.Arbitrage,1
VD,1970,"Enseignement, sciences, documentation et culture.Assurance de la qualité, surveillance, direction.Coordination",1
VD,1971,Droit civil,1
VD,1973,"Finances, Impôts, monopoles, entreprises d'état.Monopoles, régales, entreprises d'état.Régale des sels",1
VD,1975,Droit civil.Procédure civile.Entraide judiciaire,1
VD,1975,Economie.Agriculture.Lait,1
VD,1977,Droit civil.Procédure civile.Exécution,1
VD,1978,Economie,1
VD,1980,"Santé, travail, droit des assurances sociales, logement, homes",1
VD,1981,"Santé, travail, droit des assurances sociales, logement, homes",1
VD,1982,"Enseignement, sciences, documentation et culture.Degré prescolaire, école primaire, degré secondaire I.Ecole primaire, degré secondaire I",1
VD,1982,"Aménagement du territoire et constructions, expropriation, travaux publics, énergie, transports, environnement.Protection de l'environnement.Protection des eaux",1
VD,1984,Droit pénal,1
VD,1984,"Finances, Impôts, monopoles, entreprises d'état.Impôts.Impôts sur les successions et les donations",1
VD,1984,"Aménagement du territoire et constructions, expropriation, travaux publics, énergie, transports, environnement.Travaux publics.Aménagement des eaux.Corrections des eaux / Protection contre les crues",1
VD,1986,"Enseignement, sciences, documentation et culture.Degré prescolaire, école primaire, degré secondaire I.Ecole primaire, degré secondaire I",1
VD,1987,Droit pénal,1
VD,1988,"Défense nationale, protection de la population, police.Sécurité intérieure.Police.Coopération en matière de police",1
VD,1992,Droit pénal.Procédure pénale.Entraide judiciaire,1
VD,1993,"Enseignement, sciences, documentation et culture.Reconnaissance des diplômes",1
VD,1994,"Aménagement du territoire et constructions, expropriation, travaux publics, énergie, transports, environnement.Travaux publics.Marchés publics",1
VD,1996,Etat.Dispositions générales.Etablissement et séjour.Etablissement et séjour des étrangers.mesures de contrainte,1
VD,1996,"Enseignement, sciences, documentation et culture",1
VD,1996,"Défense nationale, protection de la population, police.Sécurité intérieure.Entreprises de sécurité",1
VD,1997,"Enseignement, sciences, documentation et culture",2
VD,1998,Economie,2
VD,1998,"Economie.Commerce.Marché intérieur, entraves techniques au commerce",1
VD,1999,"Enseignement, sciences, documentation et culture.Degré tertiaire: Ecoles supérieures",1
VD,1999,"Finances, Impôts, monopoles, entreprises d'état.Monopoles, régales, entreprises d'état.Pêche.Zones de pêche",1
VD,2000,"Enseignement, sciences, documentation et culture.Assurance de la qualité, surveillance, direction.Bâtiments scolaires",1
VD,2001,Etat.Dispositions générales.Collaboration intercantonale,1
VD,2001,"Enseignement, sciences, documentation et culture.Degré tertiaire: Hautes écoles.Etudes sociales",1
VD,2001,"Enseignement, sciences, documentation et culture.Art, culture, sport.Art.Cinéma, théâtre, divertissement",1
VD,2002,"Enseignement, sciences, documentation et culture.Degré secondaire II.Ecole moyenne",1
VD,2002,"Enseignement, sciences, documentation et culture.Assurance de la qualité, surveillance, direction.Surveillance scolaire",1
VD,2002,"Santé, travail, droit des assurances sociales, logement, homes.Assistance.Aide sociale",1
VD,2003,"Enseignement, sciences, documentation et culture",1
VD,2003,"Finances, Impôts, monopoles, entreprises d'état.Monopoles, régales, entreprises d'état.Pêche.Zones de pêche",3
VD,2003,Economie,1
VD,2005,Etat.Dispositions générales.Collaboration intercantonale,1
VD,2005,Droit pénal.Droit pénal des mineurs et procédure pénale des mineurs,1
VD,2005,"Enseignement, sciences, documentation et culture.Degré prescolaire, école primaire, degré secondaire I.Ecole enfantine",1
VD,2005,"Finances, Impôts, monopoles, entreprises d'état.Finances.Péréquation financière.Coopération intercantonale avec compensation des charges",2
VD,2005,Economie,2
VD,2006,"Enseignement, sciences, documentation et culture",1
VD,2006,"Enseignement, sciences, documentation et culture.Assurance de la qualité, surveillance, direction.Autorités scolaires",1
VD,2007,Etat.Dispositions générales.Collaboration intercantonale,1
VD,2007,"Enseignement, sciences, documentation et culture",1
VD,2007,"Enseignement, sciences, documentation et culture.Degré prescolaire, école primaire, degré secondaire I.Ecole primaire, degré secondaire I",2
VD,2007,"Enseignement, sciences, documentation et culture.Art, culture, sport.Sport",1
VD,2008,"Santé, travail, droit des assurances sociales, logement, homes",2
VD,2009,"Enseignement, sciences, documentation et culture.Contributions à la formation.Bourses d'études",1
VD,2010,"Santé, travail, droit des assurances sociales, logement, homes.Santé.Substances thérapeutiques, stupéfiants",1
VD,2011,"Droit civil.Dispositions d'introduction du code civil.Droit des personnes, état civil.Fondations, surveillance.Fondations LPP",1
VD,2012,"Enseignement, sciences, documentation et culture",1
VD,2012,"Finances, Impôts, monopoles, entreprises d'état.Impôts.Impôts sur les successions et les donations",1
VD,2013,Droit pénal,1
VD,2013,Droit pénal.Droit pénal des mineurs et procédure pénale des mineurs,2
VD,2013,"Santé, travail, droit des assurances sociales, logement, homes.Santé.Etablissements hospitaliers, cliniques.Hôpitaux cantonaux",2
VD,2017,Droit pénal,3
VD,2018,"Aménagement du territoire et constructions, expropriation, travaux publics, énergie, transports, environnement.Travaux publics.Routes.Routes nationales",1
VD,2018,"Santé, travail, droit des assurances sociales, logement, homes.Assistance.Aide sociale",1
VD,2019,"Enseignement, sciences, documentation et culture.Degré tertiaire: Ecoles supérieures",1
VD,2019,"Aménagement du territoire et constructions, expropriation, travaux publics, énergie, transports, environnement.Travaux publics.Marchés publics",1
VD,2019,Economie,2
VD,2021,"Enseignement, sciences, documentation et culture",1
VD,2022,"Enseignement, sciences, documentation et culture",1
VD,2022,"Aménagement du territoire et constructions, expropriation, travaux publics, énergie, transports, environnement.Transports.Funiculaires, téléphériques, téléskis",1
VD,2023,"Santé, travail, droit des assurances sociales, logement, homes",1
VD,2024,"Défense nationale, protection de la population, police.Sécurité intérieure.Police.Coopération en matière de police",1
VS,1948,"Finances, Impôts, monopoles, entreprises d'état.Impôts.Interdiction des arrangements fiscaux",1
VS,1951,"Aménagement du territoire et constructions, expropriation, travaux publics, énergie, transports, environnement.Transports.Funiculaires, téléphériques, téléskis",1
VS,1957,Droit civil.Dispositions générales d'introduction du code des obligations.Des divers contrats.Prêt,1
VS,1970,"Enseignement, sciences, documentation et culture.Assurance de la qualité, surveillance, direction.Coordination",1
VS,1971,Droit civil.Procédure civile.Exécution,1
VS,1971,Droit civil.Arbitrage,1
VS,1971,"Santé, travail, droit des assurances sociales, logement, homes",1
VS,1973,"Finances, Impôts, monopoles, entreprises d'état.Monopoles, régales, entreprises d'état.Régale des sels",1
VS,1976,Droit civil.Procédure civile.Entraide judiciaire,1
VS,1986,"Santé, travail, droit des assurances sociales, logement, homes",1
VS,1987,"Santé, travail, droit des assurances sociales, logement, homes",1
VS,1989,"Santé, travail, droit des assurances sociales, logement, homes",1
VS,1990,"Défense nationale, protection de la population, police.Sécurité intérieure.Police.Coopération en matière de police",1
VS,1993,Droit pénal.Procédure pénale.Entraide judiciaire,1
VS,1993,"Enseignement, sciences, documentation et culture.Formation continue (Degré quaternaire).Formation des adultes",1
VS,1994,"Aménagement du territoire et constructions, expropriation, travaux publics, énergie, transports, environnement.Travaux publics.Marchés publics",1
VS,1996,"Défense nationale, protection de la population, police.Sécurité intérieure.Entreprises de sécurité",1
VS,1997,"Enseignement, sciences, documentation et culture",1
VS,1998,"Enseignement, sciences, documentation et culture",1
VS,1998,"Enseignement, sciences, documentation et culture.Degré tertiaire: Ecoles supérieures",1
VS,1998,"Economie.Commerce.Marché intérieur, entraves techniques au commerce",1
VS,1999,"Finances, Impôts, monopoles, entreprises d'état.Monopoles, régales, entreprises d'état.Pêche.Zones de pêche",1
VS,2001,Etat,1
VS,2001,"Enseignement, sciences, documentation et culture.Degré tertiaire: Hautes écoles.Etudes sociales",1
VS,2002,"Enseignement, sciences, documentation et culture.Pédagogie spécialisée.Ecoles spécialisées",1
VS,2002,"Enseignement, sciences, documentation et culture.Assurance de la qualité, surveillance, direction.Surveillance scolaire",1
VS,2003,"Enseignement, sciences, documentation et culture",1
VS,2003,"Enseignement, sciences, documentation et culture.Art, culture, sport.Art.Cinéma, théâtre, divertissement",1
VS,2003,"Santé, travail, droit des assurances sociales, logement, homes",2
VS,2005,Etat.Dispositions générales.Collaboration intercantonale,1
VS,2005,Droit pénal.Droit pénal des mineurs et procédure pénale des mineurs,1
VS,2005,Economie,1
VS,2006,Etat.Dispositions générales.Etablissement et séjour.Etablissement et séjour des étrangers.asile,1
VS,2006,"Enseignement, sciences, documentation et culture",1
VS,2006,"Défense nationale, protection de la population, police.Sécurité intérieure.Police.Coopération en matière de police",1
VS,2007,"Enseignement, sciences, documentation et culture",1
VS,2007,"Enseignement, sciences, documentation et culture.Degré prescolaire, école primaire, degré secondaire I.Ecole primaire, degré secondaire I",2
VS,2008,Droit pénal.Droit pénal des mineurs et procédure pénale des mineurs,1
VS,2008,"Santé, travail, droit des assurances sociales, logement, homes",3
VS,2008,"Santé, travail, droit des assurances sociales, logement, homes.Santé.Professions médicales.Chiropraticiens, physiothérapeutes",1
VS,2009,"Défense nationale, protection de la population, police.Sécurité intérieure.Police.Coopération en matière de police",1
VS,2011,"Enseignement, sciences, documentation et culture",1
VS,2011,"Enseignement, sciences, documentation et culture.Contributions à la formation.Bourses d'études",1
VS,2011,"Santé, travail, droit des assurances sociales, logement, homes",1
VS,2013,Droit pénal.Droit pénal des mineurs et procédure pénale des mineurs,2
VS,2013,"Enseignement, sciences, documentation et culture",1
VS,2014,"Enseignement, sciences, documentation et culture.Degré tertiaire: Ecoles supérieures",1
VS,2014,"Santé, travail, droit des assurances sociales, logement, homes.Santé.Professions médicales.Médecins",1
VS,2017,Etat.Autorités.Protection des données,1
VS,2017,"Santé, travail, droit des assurances sociales, logement, homes",2
VS,2018,Economie,2
VS,2019,"Enseignement, sciences, documentation et culture",1
VS,2019,Economie,2
VS,2023,"Santé, travail, droit des assurances sociales, logement, homes",1
ZG,1828,Etat.Eglise et Etat.Eglise catholique romaine,1
ZG,1896,"Droit civil.Procédure civile.Emoluments, frais",1
ZG,1909,"Défense nationale, protection de la population, police.Sécurité intérieure.Police.Transports de police",1
ZG,1919,"Aménagement du territoire et constructions, expropriation, travaux publics, énergie, transports, environnement.Travaux publics.Aménagement des eaux.Utilisation des eaux",1
ZG,1937,"Aménagement du territoire et constructions, expropriation, travaux publics, énergie, transports, environnement",1
ZG,1943,Economie.Agriculture.Production animale.Commerce du bétail,1
ZG,1947,"Finances, Impôts, monopoles, entreprises d'état.Monopoles, régales, entreprises d'état.Pêche.Zones de pêche",1
ZG,1948,"Finances, Impôts, monopoles, entreprises d'état.Impôts.Interdiction des arrangements fiscaux",1
ZG,1954,"Finances, Impôts, monopoles, entreprises d'état.Monopoles, régales, entreprises d'état.Pêche.Zones de pêche",1
ZG,1955,"Finances, Impôts, monopoles, entreprises d'état.Monopoles, régales, entreprises d'état.Pétrole",1
ZG,1957,Droit civil.Dispositions générales d'introduction du code des obligations.Des divers contrats.Prêt,1
ZG,1958,"Finances, Impôts, monopoles, entreprises d'état.Monopoles, régales, entreprises d'état.Pêche.Zones de pêche",1
ZG,1959,Droit pénal,1
ZG,1964,Economie.Agriculture.Formation agricole.Ecole agricole,1
ZG,1966,"Aménagement du territoire et constructions, expropriation, travaux publics, énergie, transports, environnement.Transports.Funiculaires, téléphériques, téléskis",1
ZG,1969,"Finances, Impôts, monopoles, entreprises d'état.Monopoles, régales, entreprises d'état.Pêche.Zones de pêche",1
ZG,1970,"Enseignement, sciences, documentation et culture.Assurance de la qualité, surveillance, direction.Coordination",1
ZG,1971,"Santé, travail, droit des assurances sociales, logement, homes.Santé.Substances thérapeutiques, stupéfiants",1
ZG,1972,Droit pénal,1
ZG,1973,Droit civil,1
ZG,1973,"Finances, Impôts, monopoles, entreprises d'état.Monopoles, régales, entreprises d'état.Régale des sels",1
ZG,1979,"Défense nationale, protection de la population, police.Sécurité intérieure.Police.Coopération en matière de police",1
ZG,1980,Droit civil.Procédure civile.Entraide judiciaire,1
ZG,1980,Droit civil.Procédure civile.Exécution,1
ZG,1981,Droit civil.Arbitrage,1
ZG,1982,"Santé, travail, droit des assurances sociales, logement, homes.Santé.Etablissements hospitaliers, cliniques.Cliniques psychiatriques",1
ZG,1984,"Santé, travail, droit des assurances sociales, logement, homes.Assistance.Aide sociale",1
ZG,1992,Economie.Forêt.Formation professionnelle,2
ZG,1993,Droit pénal.Procédure pénale.Entraide judiciaire,1
ZG,1993,"Enseignement, sciences, documentation et culture.Formation continue (Degré quaternaire).Formation des adultes",2
ZG,1995,"Enseignement, sciences, documentation et culture.Reconnaissance des diplômes",1
ZG,1996,"Finances, Impôts, monopoles, entreprises d'état.Monopoles, régales, entreprises d'état.Pêche.Zones de pêche",1
ZG,1997,"Enseignement, sciences, documentation et culture",1
ZG,1998,"Enseignement, sciences, documentation et culture.Corps enseignant.Formation",2
ZG,1998,"Santé, travail, droit des assurances sociales, logement, homes",2
ZG,1998,"Economie.Commerce.Marché intérieur, entraves techniques au commerce",1
ZG,1999,"Enseignement, sciences, documentation et culture",1
ZG,1999,"Enseignement, sciences, documentation et culture.Degré tertiaire: Hautes écoles.Pédagogie",1
ZG,1999,"Enseignement, sciences, documentation et culture.Corps enseignant.Formation",3
ZG,1999,"Enseignement, sciences, documentation et culture.Reconnaissance des diplômes",1
ZG,1999,"Enseignement, sciences, documentation et culture.Art, culture, sport.Encouragement à la culture",1
ZG,1999,"Aménagement du territoire et constructions, expropriation, travaux publics, énergie, transports, environnement",1
ZG,1999,"Santé, travail, droit des assurances sociales, logement, homes",1
ZG,2000,Droit pénal.Exécution des peines et des mesures.Etablissements.Personnel,1
ZG,2000,"Enseignement, sciences, documentation et culture.Degré tertiaire: Hautes écoles.Pédagogie",1
ZG,2001,"Aménagement du territoire et constructions, expropriation, travaux publics, énergie, transports, environnement.Travaux publics.Marchés publics",3
ZG,2002,"Enseignement, sciences, documentation et culture.Degré tertiaire: Hautes écoles.Pédagogie",2
ZG,2002,"Défense nationale, protection de la population, police",1
ZG,2002,"Santé, travail, droit des assurances sociales, logement, homes",4
ZG,2002,Economie.Agriculture.Agriculture biologique,2
ZG,2003,"Enseignement, sciences, documentation et culture",1
ZG,2003,"Enseignement, sciences, documentation et culture.Contributions à la formation.Emoluments scolaires",1
ZG,2003,"Enseignement, sciences, documentation et culture.Art, culture, sport.Encouragement à la culture",2
ZG,2003,"Défense nationale, protection de la population, police",1
ZG,2003,"Défense nationale, protection de la population, police.Sécurité intérieure.Police.Coopération en matière de police",2
ZG,2003,"Santé, travail, droit des assurances sociales, logement, homes",1
ZG,2004,"Droit civil.Dispositions d'introduction du code civil.Droit des personnes, état civil.Fondations, surveillance.Fondations LPP",1
ZG,2004,"Enseignement, sciences, documentation et culture.Degré tertiaire: Hautes écoles.Pédagogie",5
ZG,2004,"Défense nationale, protection de la population, police",1
ZG,2005,Etat.Dispositions générales.Collaboration intercantonale,1
ZG,2005,"Droit civil.Dispositions d'introduction du code civil.Droit des personnes, état civil.Fondations, surveillance.Fondations LPP",2
ZG,2005,"Enseignement, sciences, documentation et culture.Degré tertiaire: Hautes écoles.Pédagogie",1
ZG,2005,"Enseignement, sciences, documentation et culture.Formation continue (Degré quaternaire).Formation continue des enseignants",1
ZG,2005,"Défense nationale, protection de la population, police",1
ZG,2005,"Aménagement du territoire et constructions, expropriation, travaux publics, énergie, transports, environnement",5
ZG,2006,"Enseignement, sciences, documentation et culture",1
ZG,2006,"Défense nationale, protection de la population, police.Sécurité intérieure.Police.Coopération en matière de police",1
ZG,2006,"Santé, travail, droit des assurances sociales, logement, homes",1
ZG,2006,Economie.Commerce.Poids et mesures. moyens de paiement,1
ZG,2007,"Enseignement, sciences, documentation et culture.Art, culture, sport.Sport",2
ZG,2008,"Enseignement, sciences, documentation et culture.Degré tertiaire: Hautes écoles.Pédagogie",1
ZG,2009,"Défense nationale, protection de la population, police.Sécurité intérieure.Police.Coopération en matière de police",1
ZG,2009,"Aménagement du territoire et constructions, expropriation, travaux publics, énergie, transports, environnement.Transports.Circulation routière.Police de la circulation",3
ZG,2010,"Défense nationale, protection de la population, police.Sécurité intérieure.Police.Coopération en matière de police",2
ZG,2011,Droit pénal,1
ZG,2011,"Enseignement, sciences, documentation et culture.Degré prescolaire, école primaire, degré secondaire I.Ecole primaire, degré secondaire I",1
ZG,2011,"Enseignement, sciences, documentation et culture.Contributions à la formation.Bourses d'études",1
ZG,2011,"Défense nationale, protection de la population, police.Sécurité intérieure.Police.Coopération en matière de police",1
ZG,2012,"Enseignement, sciences, documentation et culture",1
ZG,2013,"Enseignement, sciences, documentation et culture",2
ZG,2013,"Santé, travail, droit des assurances sociales, logement, homes",1
ZG,2014,"Enseignement, sciences, documentation et culture.Degré tertiaire: Ecoles supérieures",1
ZG,2014,"Santé, travail, droit des assurances sociales, logement, homes.Santé.Professions médicales.Médecins",1
ZG,2015,"Aménagement du territoire et constructions, expropriation, travaux publics, énergie, transports, environnement.Transports.Circulation routière.Contrôle technique des véhicules",1
ZG,2015,"Santé, travail, droit des assurances sociales, logement, homes",1
ZG,2018,Economie.Forêt.Formation professionnelle,1
ZG,2019,"Enseignement, sciences, documentation et culture",2
ZG,2019,"Aménagement du territoire et constructions, expropriation, travaux publics, énergie, transports, environnement",1
ZG,2021,Droit pénal,1
ZG,2022,"Aménagement du territoire et constructions, expropriation, travaux publics, énergie, transports, environnement.Transports.Navigation.Police de la navigation",1
ZG,2023,"Enseignement, sciences, documentation et culture.Degré tertiaire: Hautes écoles.Pédagogie",1
ZG,2024,"Enseignement, sciences, documentation et culture",1
ZH,1632,"Finances, Impôts, monopoles, entreprises d'état.Impôts.Impôts sur le revenu et la fortune / impôts sur les bénéfices et les capitaux.Impôt cantonal",1
ZH,1841,Etat.Dispositions générales.Territoire.Frontières,1
ZH,1841,"Aménagement du territoire et constructions, expropriation, travaux publics, énergie, transports, environnement",1
ZH,1841,"Aménagement du territoire et constructions, expropriation, travaux publics, énergie, transports, environnement.Protection de l'environnement.Déchets",1
ZH,1846,Etat.Eglise et Etat.Eglise évangélique réformée,1
ZH,1870,Etat.Dispositions générales.Territoire.Frontières,3
ZH,1886,Etat.Eglise et Etat.Eglise évangélique réformée,1
ZH,1887,"Finances, Impôts, monopoles, entreprises d'état.Monopoles, régales, entreprises d'état.Pêche.Zones de pêche",1
ZH,1894,"Droit civil.Dispositions d'introduction du code civil.Droits réels.Registre foncier, mensurations cadastrales",1
ZH,1894,"Finances, Impôts, monopoles, entreprises d'état.Monopoles, régales, entreprises d'état.Pêche.Zones de pêche",1
ZH,1901,Etat.Dispositions générales.Territoire.Frontières,1
ZH,1901,"Droit civil.Procédure civile.Emoluments, frais",1
ZH,1902,Etat.Dispositions générales.Territoire.Frontières,1
ZH,1908,"Aménagement du territoire et constructions, expropriation, travaux publics, énergie, transports, environnement",1
ZH,1914,"Aménagement du territoire et constructions, expropriation, travaux publics, énergie, transports, environnement.Energie.Electricité",1
ZH,1919,"Aménagement du territoire et constructions, expropriation, travaux publics, énergie, transports, environnement.Travaux publics.Aménagement des eaux.Utilisation des eaux",1
ZH,1922,"Défense nationale, protection de la population, police.Défense.Places d'armes, arsenaux",2
ZH,1926,Etat.Eglise et Etat.Eglise évangélique réformée,1
ZH,1926,"Droit civil.Dispositions d'introduction du code civil.Droits réels.Registre foncier, mensurations cadastrales",1
ZH,1926,"Finances, Impôts, monopoles, entreprises d'état.Impôts.Impôts sur les successions et les donations",4
ZH,1928,"Finances, Impôts, monopoles, entreprises d'état.Impôts.Impôts sur les successions et les donations",1
ZH,1929,"Enseignement, sciences, documentation et culture.Degré prescolaire, école primaire, degré secondaire I.Ecole primaire, degré secondaire I",1
ZH,1929,"Finances, Impôts, monopoles, entreprises d'état.Impôts.Impôts sur les successions et les donations",1
ZH,1929,"Aménagement du territoire et constructions, expropriation, travaux publics, énergie, transports, environnement",1
ZH,1931,"Finances, Impôts, monopoles, entreprises d'état.Impôts.Impôts sur les successions et les donations",2
ZH,1931,"Aménagement du territoire et constructions, expropriation, travaux publics, énergie, transports, environnement.Travaux publics.Aménagement des eaux.Utilisation des eaux",1
ZH,1936,"Aménagement du territoire et constructions, expropriation, travaux publics, énergie, transports, environnement.Travaux publics.Aménagement des eaux.Utilisation des eaux",1
ZH,1937,"Défense nationale, protection de la population, police",1
ZH,1938,"Aménagement du territoire et constructions, expropriation, travaux publics, énergie, transports, environnement",1
ZH,1943,Economie.Agriculture.Production animale.Commerce du bétail,1
ZH,1944,"Finances, Impôts, monopoles, entreprises d'état.Impôts.Impôts sur les successions et les donations",1
ZH,1947,"Finances, Impôts, monopoles, entreprises d'état.Impôts.Interdiction des arrangements fiscaux",1
ZH,1947,"Finances, Impôts, monopoles, entreprises d'état.Monopoles, régales, entreprises d'état.Pêche.Zones de pêche",1
ZH,1948,"Finances, Impôts, monopoles, entreprises d'état.Impôts.Interdiction des arrangements fiscaux",1
ZH,1949,"Finances, Impôts, monopoles, entreprises d'état.Impôts.Impôts sur le revenu et la fortune / impôts sur les bénéfices et les capitaux.Impôt cantonal",1
ZH,1949,"Finances, Impôts, monopoles, entreprises d'état.Impôts.Impôts sur les successions et les donations",1
ZH,1951,"Droit civil.Dispositions d'introduction du code civil.Droit des personnes, état civil.Fondations, surveillance.Fondations LPP",1
ZH,1951,"Aménagement du territoire et constructions, expropriation, travaux publics, énergie, transports, environnement.Transports.Funiculaires, téléphériques, téléskis",1
ZH,1952,"Finances, Impôts, monopoles, entreprises d'état.Impôts.Impôts sur les successions et les donations",1
ZH,1955,"Finances, Impôts, monopoles, entreprises d'état.Impôts.Impôts sur les successions et les donations",1
ZH,1955,"Finances, Impôts, monopoles, entreprises d'état.Monopoles, régales, entreprises d'état.Pétrole",1
ZH,1955,"Aménagement du territoire et constructions, expropriation, travaux publics, énergie, transports, environnement.Protection de l'environnement.Protection des eaux",2
ZH,1956,"Finances, Impôts, monopoles, entreprises d'état.Impôts.Impôts sur les successions et les donations",1
ZH,1958,"Aménagement du territoire et constructions, expropriation, travaux publics, énergie, transports, environnement.Transports.Circulation routière.Police de la circulation",2
ZH,1960,"Finances, Impôts, monopoles, entreprises d'état.Impôts.Impôts sur les successions et les donations",1
ZH,1964,"Finances, Impôts, monopoles, entreprises d'état.Impôts.Exonération et allégements fiscaux",1
ZH,1967,"Aménagement du territoire et constructions, expropriation, travaux publics, énergie, transports, environnement.Transports.Circulation routière.Police de la circulation",1
ZH,1969,Droit civil.Arbitrage,1
ZH,1971,"Enseignement, sciences, documentation et culture.Assurance de la qualité, surveillance, direction.Coordination",1
ZH,1971,"Défense nationale, protection de la population, police.Défense.Places d'armes, arsenaux",1
ZH,1971,"Aménagement du territoire et constructions, expropriation, travaux publics, énergie, transports, environnement.Protection de l'environnement.Protection des eaux",3
ZH,1972,"Enseignement, sciences, documentation et culture.Degré prescolaire, école primaire, degré secondaire I.Ecole primaire, degré secondaire I",1
ZH,1973,Droit civil,1
ZH,1974,Etat.Eglise et Etat.Eglise évangélique réformée,1
ZH,1974,"Finances, Impôts, monopoles, entreprises d'état.Monopoles, régales, entreprises d'état.Régale des sels",1
ZH,1974,"Santé, travail, droit des assurances sociales, logement, homes.Santé.Professions médicales.Chiropraticiens, physiothérapeutes",1
ZH,1975,"Aménagement du territoire et constructions, expropriation, travaux publics, énergie, transports, environnement.Transports.Circulation routière.Police de la circulation",1
ZH,1976,Droit pénal,2
ZH,1976,"Aménagement du territoire et constructions, expropriation, travaux publics, énergie, transports, environnement.Transports.Circulation routière.Police de la circulation",1
ZH,1977,Droit civil.Procédure civile.Entraide judiciaire,1
ZH,1977,"Finances, Impôts, monopoles, entreprises d'état.Monopoles, régales, entreprises d'état.Pêche.Zones de pêche",1
ZH,1978,"Finances, Impôts, monopoles, entreprises d'état.Impôts.Impôts sur les successions et les donations",1
ZH,1979,"Finances, Impôts, monopoles, entreprises d'état.Impôts.Impôts sur les successions et les donations",1
ZH,1979,"Aménagement du territoire et constructions, expropriation, travaux publics, énergie, transports, environnement",1
ZH,1980,"Finances, Impôts, monopoles, entreprises d'état.Impôts.Impôts sur les successions et les donations",1
ZH,1980,"Santé, travail, droit des assurances sociales, logement, homes.Santé.Professions médicales.Chiropraticiens, physiothérapeutes",1
ZH,1981,"Finances, Impôts, monopoles, entreprises d'état.Impôts.Impôts sur les successions et les donations",1
ZH,1982,"Finances, Impôts, monopoles, entreprises d'état.Impôts.Impôts sur les successions et les donations",1
ZH,1984,"Finances, Impôts, monopoles, entreprises d'état.Impôts.Exonération et allégements fiscaux",1
ZH,1987,"Finances, Impôts, monopoles, entreprises d'état.Impôts.Impôts sur les successions et les donations",1
ZH,1990,"Finances, Impôts, monopoles, entreprises d'état.Impôts.Impôts sur le revenu et la fortune / impôts sur les bénéfices et les capitaux.Impôt cantonal",1
ZH,1993,"Finances, Impôts, monopoles, entreprises d'état.Monopoles, régales, entreprises d'état.Pêche.Zones de pêche",1
ZH,1994,Droit pénal.Procédure pénale.Entraide judiciaire,1
ZH,1994,"Finances, Impôts, monopoles, entreprises d'état.Monopoles, régales, entreprises d'état.Pêche.Zones de pêche",1
ZH,1995,"Enseignement, sciences, documentation et culture.Reconnaissance des diplômes",1
ZH,1996,"Enseignement, sciences, documentation et culture.Corps enseignant.Formation",1
ZH,1996,"Enseignement, sciences, documentation et culture.Reconnaissance des diplômes",1
ZH,1997,Etat.Eglise et Etat.Eglise évangélique réformée,1
ZH,1997,"Enseignement, sciences, documentation et culture.Degré secondaire II: Formation professionnelle initiale.Ecoles professionnelles.Enseignement ménager",1
ZH,1997,"Enseignement, sciences, documentation et culture.Reconnaissance des diplômes",4
ZH,1998,"Enseignement, sciences, documentation et culture",1
ZH,1998,"Enseignement, sciences, documentation et culture.Corps enseignant.Formation",2
ZH,1998,"Enseignement, sciences, documentation et culture.Reconnaissance des diplômes",2
ZH,1998,"Finances, Impôts, monopoles, entreprises d'état.Monopoles, régales, entreprises d'état.Pêche.Zones de pêche",1
ZH,1998,"Aménagement du territoire et constructions, expropriation, travaux publics, énergie, transports, environnement.Protection de l'environnement.Protection des eaux",1
ZH,1999,"Enseignement, sciences, documentation et culture.Degré tertiaire: Ecoles supérieures",1
ZH,1999,"Enseignement, sciences, documentation et culture.Reconnaissance des diplômes",1
ZH,2000,"Enseignement, sciences, documentation et culture.Degré prescolaire, école primaire, degré secondaire I.Ecole enfantine",2
ZH,2000,"Enseignement, sciences, documentation et culture.Degré tertiaire: Hautes écoles.Pédagogie",1
ZH,2000,"Enseignement, sciences, documentation et culture.Assurance de la qualité, surveillance, direction.Coordination",1
ZH,2001,"Enseignement, sciences, documentation et culture",1
ZH,2001,"Enseignement, sciences, documentation et culture.Reconnaissance des diplômes",1
ZH,2001,"Santé, travail, droit des assurances sociales, logement, homes.Santé.Hygiène.Alimentation en eau",1
ZH,2002,Etat.Eglise et Etat.Eglise évangélique réformée,1
ZH,2002,"Enseignement, sciences, documentation et culture.Degré tertiaire: universités.Faculté de médecine humaine et vétérinaire",2
ZH,2002,"Aménagement du territoire et constructions, expropriation, travaux publics, énergie, transports, environnement",1
ZH,2002,Economie.Agriculture.Formation agricole.Ecole agricole,1
ZH,2003,"Enseignement, sciences, documentation et culture",1
ZH,2003,"Enseignement, sciences, documentation et culture.Pédagogie spécialisée.Enfants surdoués",1
ZH,2003,"Aménagement du territoire et constructions, expropriation, travaux publics, énergie, transports, environnement.Travaux publics.Marchés publics",1
ZH,2004,Droit civil,1
ZH,2005,"Enseignement, sciences, documentation et culture.Degré tertiaire: universités.Faculté de médecine humaine et vétérinaire",1
ZH,2005,"Enseignement, sciences, documentation et culture.Art, culture, sport.Encouragement à la culture",1
ZH,2005,"Défense nationale, protection de la population, police",2
ZH,2006,"Droit civil.Dispositions d'introduction du code civil.Droit des personnes, état civil.Fondations, surveillance.Fondations LPP",1
ZH,2006,"Enseignement, sciences, documentation et culture.Reconnaissance des diplômes",1
ZH,2006,"Défense nationale, protection de la population, police.Sécurité intérieure.Police.Coopération en matière de police",1
ZH,2006,"Santé, travail, droit des assurances sociales, logement, homes.Santé.Professions médicales.Naturopathes",2
ZH,2007,Etat,1
ZH,2007,Etat.Dispositions générales.Collaboration intercantonale,1
ZH,2007,"Enseignement, sciences, documentation et culture.Art, culture, sport.Sport",1
ZH,2007,"Santé, travail, droit des assurances sociales, logement, homes.Assistance.Homes.Foyers pour enfants et adolescents",1
ZH,2008,"Enseignement, sciences, documentation et culture.Degré prescolaire, école primaire, degré secondaire I.Ecole primaire, degré secondaire I",1
ZH,2008,"Enseignement, sciences, documentation et culture.Contributions à la formation.Ecolages",1
ZH,2008,"Enseignement, sciences, documentation et culture.Reconnaissance des diplômes",1
ZH,2008,"Santé, travail, droit des assurances sociales, logement, homes",1
ZH,2010,"Défense nationale, protection de la population, police.Sécurité intérieure.Police.Coopération en matière de police",1
ZH,2011,"Enseignement, sciences, documentation et culture.Art, culture, sport.Art.Cinéma, théâtre, divertissement",1
ZH,2012,"Enseignement, sciences, documentation et culture.Reconnaissance des diplômes",1
ZH,2013,"Enseignement, sciences, documentation et culture.Degré tertiaire: Ecoles supérieures",1
ZH,2013,"Défense nationale, protection de la population, police.Protection de la population.Protection contre les incendies / éléments naturels.Protection contre le feu, pompiers",1
ZH,2013,"Aménagement du territoire et constructions, expropriation, travaux publics, énergie, transports, environnement.Protection de l'environnement.Déchets",1
ZH,2014,"Enseignement, sciences, documentation et culture",1
ZH,2015,"Enseignement, sciences, documentation et culture.Contributions à la formation.Bourses d'études",1
ZH,2016,"Santé, travail, droit des assurances sociales, logement, homes.Santé.Professions médicales.Médecins",1
ZH,2020,Etat,1
ZH,2022,Economie,1
ZH,2024,"Enseignement, sciences, documentation et culture.Degré prescolaire, école primaire, degré secondaire I.Ecole primaire, degré secondaire I",1
ZH,2024,"Aménagement du territoire et constructions, expropriation, travaux publics, énergie, transports, environnement.Protection de l'environnement.Produits toxiques et chimiques",1
ZH,2024,Economie.Arts et métiers.Services.Tourisme,1
