# Swiss Law Collection — cantonal acts of type 'Regulation' by canton, year and topic (full systematics depth)
# counting_unit: published_copies — one count per canton whose collection publishes the act
# year = enactment year; 'unknown' rows are undated laws
# topic = the LexFind global-systematics path at the depth the source classifies the act, French labels joined by '.' (Etat.Dispositions générales.contrôle des habitants); acts classified only at the top level appear at that depth, unclassified ones as 'Non classé'
# same counts as the canton x year x domain export next to this file, keyed on the full code instead of its first segment: for any (canton, year) the two sum to the same number
# dotted codes and labels in de/fr/it/en: api/v1/categories/global_paths.json
# source: Calculs propres basés sur la base de données de l'Institut pour le fédéralisme (LexFind); https://swiss-law-as-source.github.io
canton,year,topic,number
AG,1954,"Aménagement du territoire et constructions, expropriation, travaux publics, énergie, transports, environnement.Transports.Funiculaires, téléphériques, téléskis",1
AG,1961,Economie.Agriculture.Améliorations foncières,1
AG,1970,"Santé, travail, droit des assurances sociales, logement, homes",1
AG,1987,"Santé, travail, droit des assurances sociales, logement, homes",1
AG,1994,"Aménagement du territoire et constructions, expropriation, travaux publics, énergie, transports, environnement.Aménagement du territoire et constructions.Places de parking",1
AG,1994,"Aménagement du territoire et constructions, expropriation, travaux publics, énergie, transports, environnement.Energie.Electricité",3
AG,1995,"Aménagement du territoire et constructions, expropriation, travaux publics, énergie, transports, environnement.Energie.Electricité",1
AG,1996,"Finances, Impôts, monopoles, entreprises d'état",2
AG,1997,"Enseignement, sciences, documentation et culture.Contributions à la formation.Bourses d'études",3
AG,1997,"Enseignement, sciences, documentation et culture.Art, culture, sport.Encouragement à la culture",1
AG,1997,"Santé, travail, droit des assurances sociales, logement, homes.Assistance.Donations et collectes publiques",1
AG,1998,Etat.Autorités.Gouvernement et administration.Droit du personnel.Engagement,1
AG,1999,"Santé, travail, droit des assurances sociales, logement, homes.Assistance.Donations et collectes publiques",2
AG,2000,"Finances, Impôts, monopoles, entreprises d'état.Entreprises d'Etat.Banques cantonales",1
AG,2002,"Finances, Impôts, monopoles, entreprises d'état",1
AG,2002,"Santé, travail, droit des assurances sociales, logement, homes.Assistance.Donations et collectes publiques",2
AG,2004,"Enseignement, sciences, documentation et culture",1
AG,2005,"Finances, Impôts, monopoles, entreprises d'état",1
AG,2007,"Finances, Impôts, monopoles, entreprises d'état",1
AG,2007,"Finances, Impôts, monopoles, entreprises d'état.Entreprises d'Etat.Banques cantonales",1
AG,2007,"Santé, travail, droit des assurances sociales, logement, homes.Droit des assurances sociales.LPP",1
AG,2008,"Finances, Impôts, monopoles, entreprises d'état",1
AG,2008,"Finances, Impôts, monopoles, entreprises d'état.Entreprises d'Etat.Banques cantonales",1
AG,2009,"Enseignement, sciences, documentation et culture.Documentation.Bibliothèques",1
AG,2009,"Enseignement, sciences, documentation et culture.Documentation.Musées",5
AG,2009,"Enseignement, sciences, documentation et culture.Art, culture, sport.Encouragement à la culture",1
AG,2009,"Aménagement du territoire et constructions, expropriation, travaux publics, énergie, transports, environnement.Protection de la nature et du paysage.Protection des monuments et des biens culturels",5
AG,2009,"Santé, travail, droit des assurances sociales, logement, homes.Droit des assurances sociales.AVS/AI",1
AG,2011,"Droit civil.Dispositions d'introduction du code civil.Droit des personnes, état civil.Fondations, surveillance.Fondations LPP",2
AG,2012,Etat,1
AG,2012,"Etat.Dispositions générales.Droits fondamentaux, droits politiques.égalité entre hommes et femmes",1
AG,2012,"Etat.Autorités.Organisation judiciaire.Autorités judiciaires.Prud'hommes, Tribunaux des baux à loyer",1
AG,2012,Etat.Professions juridiques.Avocats.Formation,1
AG,2012,"Enseignement, sciences, documentation et culture.Documentation.Archives",1
AG,2012,"Défense nationale, protection de la population, police.Protection de la population.Protection contre les incendies / éléments naturels.Assurances des bâtiments.Assurance contre les dommages causés par les éléments naturels",2
AG,2013,Etat,1
AG,2013,"Droit civil.Dispositions d'introduction du code civil.Droit des personnes, état civil.Fondations, surveillance.Fondations LPP",1
AG,2013,"Santé, travail, droit des assurances sociales, logement, homes.Droit des assurances sociales.AVS/AI",1
AG,2014,Etat,1
AG,2014,Etat.Autorités.Gouvernement et administration.Droit du personnel.Engagement,1
AG,2015,"Finances, Impôts, monopoles, entreprises d'état.Entreprises d'Etat.Banques cantonales",1
AG,2016,Etat.Dispositions générales.Information du public,1
AG,2016,"Enseignement, sciences, documentation et culture.Documentation.Bibliothèques",1
AG,2017,Etat.Dispositions générales.Information du public,1
AG,2017,"Finances, Impôts, monopoles, entreprises d'état",1
AG,2017,"Santé, travail, droit des assurances sociales, logement, homes.Droit des assurances sociales.AVS/AI",1
AG,2021,"Finances, Impôts, monopoles, entreprises d'état.Entreprises d'Etat.Banques cantonales",1
AG,2023,"Enseignement, sciences, documentation et culture.Documentation.Bibliothèques",1
AI,1994,Non classé,1
AI,2002,Etat.Professions juridiques.Avocats.Formation,1
AI,2003,Non classé,1
AI,2006,Etat.Dispositions générales.Information du public,1
AI,2010,"Santé, travail, droit des assurances sociales, logement, homes.Santé.Etablissements hospitaliers, cliniques.Hôpitaux cantonaux",1
AI,2017,"Etat.Autorités.Gouvernement et administration.Droit du personnel.Traitements, indemnités",1
AI,2017,"Etat.Autorités.Gouvernement et administration.Droit du personnel.Formation, formation continue, perfectionnement",1
AI,2021,"Santé, travail, droit des assurances sociales, logement, homes.Santé.Etablissements hospitaliers, cliniques.Hôpitaux cantonaux",1
AI,2021,Non classé,1
AR,1987,"Santé, travail, droit des assurances sociales, logement, homes.Santé.Professions médicales.Naturopathes",1
AR,1993,"Santé, travail, droit des assurances sociales, logement, homes.Santé.Professions médicales.Dentistes",1
AR,2000,Economie.Agriculture.Mesures d'encouragement,1
AR,2007,"Etat.Autorités.Gouvernement et administration.Droit du personnel.Traitements, indemnités",1
AR,2007,"Etat.Autorités.Gouvernement et administration.Droit du personnel.Pensions, prestations d'assurance",1
AR,2010,"Enseignement, sciences, documentation et culture.Documentation.Archives",1
BE,1562,"Enseignement, sciences, documentation et culture.Contributions à la formation.Bourses d'études",1
BE,1899,Etat.Autorités.Gouvernement et administration.Gouvernement.Préfets,1
BE,1917,"Enseignement, sciences, documentation et culture.Contributions à la formation.Bourses d'études",1
BE,1931,"Enseignement, sciences, documentation et culture.Contributions à la formation.Bourses d'études",1
BE,1939,"Enseignement, sciences, documentation et culture.Sciences, recherche",1
BE,1942,"Enseignement, sciences, documentation et culture.Contributions à la formation.Bourses d'études",1
BE,1959,Etat.Eglise et Etat.Eglise évangélique réformée,1
BE,1959,"Santé, travail, droit des assurances sociales, logement, homes.Droit des assurances sociales.AVS/AI",1
BE,1966,Economie.Agriculture.Epizooties,1
BE,1972,"Aménagement du territoire et constructions, expropriation, travaux publics, énergie, transports, environnement.Protection de l'environnement.Protection des eaux",1
BE,1988,"Défense nationale, protection de la population, police",1
BE,1993,"Etat.Autorités.Gouvernement et administration.Droit du personnel.Pensions, prestations d'assurance",2
BE,1994,"Etat.Autorités.Gouvernement et administration.Droit du personnel.Pensions, prestations d'assurance",1
BE,1995,"Etat.Autorités.Gouvernement et administration.Droit du personnel.Pensions, prestations d'assurance",1
BE,1995,"Etat.Autorités.Organisation judiciaire.Autorités judiciaires.Tribunaux de district / d'arrondissement, juges de paix",8
BE,1995,Etat.Autorités.Organisation judiciaire.Personnel des tribunaux,1
BE,1995,"Droit pénal.Dispositions générales d'introduction du code pénal.Criminalité économique, blanchiment d'argent",1
BE,1995,"Santé, travail, droit des assurances sociales, logement, homes.Assistance.Politique familiale, promotion de la famille",1
BE,1996,Etat.Dispositions générales.Information du public,1
BE,1996,"Etat.Autorités.Gouvernement et administration.Droit du personnel.Pensions, prestations d'assurance",2
BE,1996,"Etat.Autorités.Organisation judiciaire.Autorités judiciaires.Juges d'instruction, Ministère public.Juges d'instruction",4
BE,1996,"Etat.Autorités.Organisation judiciaire.Autorités judiciaires.Cours supérieures, tribunaux fédéraux",1
BE,1996,"Enseignement, sciences, documentation et culture.Degré tertiaire: universités.Faculté de sciences naturelles",1
BE,1996,Economie.Agriculture.Culture des plantes.Vignoble,1
BE,1999,"Enseignement, sciences, documentation et culture.Degré tertiaire: universités.Faculté de théologie",1
BE,1999,"Enseignement, sciences, documentation et culture.Degré tertiaire: universités.Faculté de philosophie",1
BE,2001,"Enseignement, sciences, documentation et culture.Degré tertiaire: universités.Faculté de droit",1
BE,2001,"Enseignement, sciences, documentation et culture.Degré tertiaire: universités.Faculté de théologie",2
BE,2001,"Enseignement, sciences, documentation et culture.Degré tertiaire: universités.Faculté de sciences économiques",1
BE,2001,"Enseignement, sciences, documentation et culture.Degré tertiaire: universités.Faculté de philosophie",1
BE,2003,"Etat.Autorités.Organisation judiciaire.Autorités judiciaires.Tribunaux administratifs, des assurances et des assurances sociales",1
BE,2004,"Etat.Dispositions générales.Territoire.Délimitations territoriales, districts",2
BE,2005,"Enseignement, sciences, documentation et culture",1
BE,2005,"Enseignement, sciences, documentation et culture.Degré prescolaire, école primaire, degré secondaire I.Ecole primaire, degré secondaire I",2
BE,2005,"Enseignement, sciences, documentation et culture.Degré tertiaire: Hautes écoles.Pédagogie",5
BE,2005,"Enseignement, sciences, documentation et culture.Corps enseignant.Prévoyance professionnelle, caisses de pensions",2
BE,2006,"Enseignement, sciences, documentation et culture",1
BE,2006,"Enseignement, sciences, documentation et culture.Corps enseignant.Prévoyance professionnelle, caisses de pensions",1
BE,2007,"Etat.Dispositions générales.Territoire.Délimitations territoriales, districts",1
BE,2007,"Enseignement, sciences, documentation et culture.Corps enseignant.Formation",1
BE,2007,Economie.Agriculture.Culture des plantes.Vignoble,1
BE,2008,"Enseignement, sciences, documentation et culture",1
BE,2009,"Etat.Autorités.Organisation judiciaire.Autorités judiciaires.Tribunaux administratifs, des assurances et des assurances sociales",1
BE,2010,Etat,4
BE,2010,Etat.Dispositions générales.Information du public,1
BE,2010,"Etat.Autorités.Organisation judiciaire.Autorités judiciaires.Juges d'instruction, Ministère public.Ministère public",3
BE,2010,"Etat.Autorités.Organisation judiciaire.Autorités judiciaires.Cours supérieures, tribunaux fédéraux",5
BE,2010,"Etat.Autorités.Organisation judiciaire.Autorités judiciaires.Tribunaux administratifs, des assurances et des assurances sociales",4
BE,2010,Etat.Autorités.Organisation judiciaire.Autorités judiciaires.Commissions de recours,4
BE,2010,Etat.Autorités.Organisation judiciaire.Personnel des tribunaux,2
BE,2010,"Enseignement, sciences, documentation et culture.Corps enseignant.Prévoyance professionnelle, caisses de pensions",1
BE,2010,"Enseignement, sciences, documentation et culture.Documentation.Archives",2
BE,2010,Economie.Agriculture.Culture des plantes.Vignoble,1
BE,2011,Etat.Autorités.Organisation judiciaire.Personnel des tribunaux,1
BE,2011,"Droit civil.Dispositions d'introduction du code civil.Droit des personnes, état civil.Fondations, surveillance.Fondations LPP",1
BE,2011,"Enseignement, sciences, documentation et culture.Degré prescolaire, école primaire, degré secondaire I.Ecole primaire, degré secondaire I",1
BE,2012,"Enseignement, sciences, documentation et culture.Corps enseignant.Prévoyance professionnelle, caisses de pensions",1
BE,2014,"Etat.Autorités.Gouvernement et administration.Droit du personnel.Pensions, prestations d'assurance",2
BE,2014,"Enseignement, sciences, documentation et culture.Formation continue (Degré quaternaire).Formation continue des enseignants",1
BE,2015,Etat.Autorités.Organisation judiciaire.Personnel des tribunaux,1
BE,2015,"Enseignement, sciences, documentation et culture",1
BE,2015,"Enseignement, sciences, documentation et culture.Degré tertiaire: Hautes écoles.Pédagogie",1
BE,2015,Publications sans texte,1
BE,2018,"Enseignement, sciences, documentation et culture",1
BE,2022,Etat,1
BE,2022,Etat.Autorités.Gouvernement et administration.Administration.Départements,1
BE,2024,"Etat.Autorités.Organisation judiciaire.Autorités judiciaires.Cours supérieures, tribunaux fédéraux",1
BL,1934,Droit pénal.Procédure pénale.Emoluments,1
BL,1954,"Etat.Autorités.Gouvernement et administration.Droit du personnel.Pensions, prestations d'assurance",1
BL,1976,Economie.Arts et métiers.Services.Taxis,1
BL,1978,"Enseignement, sciences, documentation et culture.Contributions à la formation.Bourses d'études",1
BL,1978,"Santé, travail, droit des assurances sociales, logement, homes.Assistance.Donations et collectes publiques",1
BL,1984,"Enseignement, sciences, documentation et culture.Reconnaissance des diplômes",1
BL,1985,"Santé, travail, droit des assurances sociales, logement, homes.Santé.Lutte contre les maladies.Epidémies, pandémies",1
BL,1988,"Défense nationale, protection de la population, police.Protection de la population.Protection contre les incendies / éléments naturels.Assurances des bâtiments.Assurance contre les dommages causés par les éléments naturels",1
BL,1988,"Finances, Impôts, monopoles, entreprises d'état",1
BL,1990,"Finances, Impôts, monopoles, entreprises d'état",1
BL,1990,"Santé, travail, droit des assurances sociales, logement, homes.Santé.Hygiène.Piscines",1
BL,1992,Etat,1
BL,1995,"Santé, travail, droit des assurances sociales, logement, homes.Santé.Substances thérapeutiques, stupéfiants",1
BL,1997,"Défense nationale, protection de la population, police.Protection de la population.Protection contre les incendies / éléments naturels.Protection contre les incendies",1
BL,1998,"Enseignement, sciences, documentation et culture",1
BL,1999,"Finances, Impôts, monopoles, entreprises d'état",1
BL,2002,Etat,1
BL,2002,Etat.Professions juridiques.Avocats.Formation,1
BL,2002,"Enseignement, sciences, documentation et culture.Degré secondaire II.Ecoles moyennes supérieures, écoles des culture générale, écoles de degré diplôme",1
BL,2002,"Enseignement, sciences, documentation et culture.Degré tertiaire: Ecoles supérieures",1
BL,2003,"Enseignement, sciences, documentation et culture.Degré secondaire II.Ecoles supérieures de commerce, ecoles supérieures d'informatique",1
BL,2004,Etat,1
BL,2005,"Enseignement, sciences, documentation et culture.Degré secondaire II.Ecole moyenne",4
BL,2006,"Enseignement, sciences, documentation et culture",1
BL,2007,Etat,1
BL,2007,"Enseignement, sciences, documentation et culture",2
BL,2007,"Enseignement, sciences, documentation et culture.Degré secondaire II.Ecoles moyennes supérieures, écoles des culture générale, écoles de degré diplôme",1
BL,2010,"Enseignement, sciences, documentation et culture",1
BL,2013,"Enseignement, sciences, documentation et culture.Degré secondaire II.Ecole moyenne",1
BL,2014,Etat,1
BL,2018,Etat,1
BL,2018,Etat.Autorités.Gouvernement et administration.Gouvernement.Chancellerie de l'Etat,1
BL,2018,Etat.Autorités.Gouvernement et administration.Administration.Directions et offices,5
BL,2019,Etat,1
BL,2019,Etat.Autorités.Gouvernement et administration.Administration.Directions et offices,1
BL,2019,Etat.Eglise et Etat.Eglise évangélique réformée,1
BL,2020,"Aménagement du territoire et constructions, expropriation, travaux publics, énergie, transports, environnement",1
BL,2021,Etat.Autorités.Gouvernement et administration.Administration.Départements,1
BL,2021,"Enseignement, sciences, documentation et culture.Degré secondaire II.Ecole moyenne",1
BL,2022,Etat.Autorités.Gouvernement et administration.Administration.Départements,1
BL,2022,"Enseignement, sciences, documentation et culture.Degré prescolaire, école primaire, degré secondaire I.Ecole primaire, degré secondaire I",1
BL,2022,"Finances, Impôts, monopoles, entreprises d'état",1
BS,1913,Etat.Professions juridiques.Notaires.Formation,1
BS,1946,"Enseignement, sciences, documentation et culture.Corps enseignant.Formation",1
BS,1955,Etat,1
BS,1956,Etat,1
BS,1956,"Santé, travail, droit des assurances sociales, logement, homes",1
BS,1961,"Enseignement, sciences, documentation et culture.Contributions à la formation.Bourses d'études",1
BS,1967,"Enseignement, sciences, documentation et culture.Corps enseignant.Formation",1
BS,1968,"Santé, travail, droit des assurances sociales, logement, homes.Santé.Professions médicales.Médecins",1
BS,1969,"Etat.Autorités.Organisation judiciaire.Autorités judiciaires.Juges d'instruction, Ministère public.Ministère public",1
BS,1970,"Enseignement, sciences, documentation et culture.Corps enseignant.Formation",1
BS,1971,"Enseignement, sciences, documentation et culture.Art, culture, sport.Art.Cinéma, théâtre, divertissement",1
BS,1972,"Santé, travail, droit des assurances sociales, logement, homes.Santé.Substances thérapeutiques, stupéfiants",1
BS,1973,Etat.Autorités.Organisation judiciaire.Rémunération et indemnités des juges,1
BS,1975,"Etat.Autorités.Organisation judiciaire.Emoluments judiciaires, frais de justice",1
BS,1976,"Finances, Impôts, monopoles, entreprises d'état.Finances.Contributions étatiques, subventions",1
BS,1978,"Défense nationale, protection de la population, police.Sécurité intérieure.Maintien de la tranquillité et de l'ordre public.Chiens, animaux dangereux",1
BS,1980,Etat,2
BS,1983,Etat,1
BS,1984,"Santé, travail, droit des assurances sociales, logement, homes",1
BS,1984,"Santé, travail, droit des assurances sociales, logement, homes.Droit des assurances sociales.Assurance-chômage",1
BS,1985,"Enseignement, sciences, documentation et culture.Assurance de la qualité, surveillance, direction.Surveillance scolaire",1
BS,1988,"Enseignement, sciences, documentation et culture.Degré tertiaire: Ecoles supérieures",1
BS,1989,Etat.Autorités.Protection des données,1
BS,1989,"Enseignement, sciences, documentation et culture.Corps enseignant.Formation",1
BS,1990,"Enseignement, sciences, documentation et culture.Corps enseignant.Formation",1
BS,1991,"Enseignement, sciences, documentation et culture.Degré tertiaire: universités.Faculté de sciences naturelles",1
BS,1991,"Enseignement, sciences, documentation et culture.Corps enseignant.Formation",1
BS,1992,"Enseignement, sciences, documentation et culture.Corps enseignant.Formation",1
BS,1993,Etat.Dispositions générales.Information du public,1
BS,1993,"Enseignement, sciences, documentation et culture.Corps enseignant.Formation",1
BS,1993,"Défense nationale, protection de la population, police.Sécurité intérieure.Maintien de la tranquillité et de l'ordre public.Chiens, animaux dangereux",1
BS,1993,"Santé, travail, droit des assurances sociales, logement, homes",1
BS,1994,"Santé, travail, droit des assurances sociales, logement, homes",1
BS,1995,Etat.Autorités.Gouvernement et administration.Droit du personnel.Places de stationnement,1
BS,1995,"Santé, travail, droit des assurances sociales, logement, homes",1
BS,1996,"Enseignement, sciences, documentation et culture.Corps enseignant.Formation",2
BS,1996,"Aménagement du territoire et constructions, expropriation, travaux publics, énergie, transports, environnement.Transports.Transports publics.Transports régionaux",1
BS,1997,Economie.Arts et métiers.Services.Taxis,1
BS,1999,"Santé, travail, droit des assurances sociales, logement, homes.Santé.Hygiène.Enfouissement des déchets carnés",1
BS,2000,"Santé, travail, droit des assurances sociales, logement, homes",2
BS,2001,"Enseignement, sciences, documentation et culture.Degré secondaire II.Ecole moyenne",1
BS,2002,"Enseignement, sciences, documentation et culture.Degré tertiaire: Hautes écoles.Pédagogie",1
BS,2002,"Enseignement, sciences, documentation et culture.Corps enseignant.Formation",1
BS,2002,"Défense nationale, protection de la population, police.Protection de la population.Protection contre les incendies / éléments naturels.Protection contre les incendies",1
BS,2003,Etat,1
BS,2003,"Etat.Autorités.Gouvernement et administration.Droit du personnel.Pensions, prestations d'assurance",1
BS,2003,Etat.Professions juridiques.Avocats.Formation,1
BS,2004,Etat.Professions juridiques.Avocats.Honoraires,1
BS,2004,"Enseignement, sciences, documentation et culture.Corps enseignant.Formation",1
BS,2005,"Défense nationale, protection de la population, police",1
BS,2007,Etat.Autorités.Protection des données,1
BS,2007,"Aménagement du territoire et constructions, expropriation, travaux publics, énergie, transports, environnement.Transports.Circulation routière.Contrôle technique des véhicules",1
BS,2007,"Economie.Commerce.Foires, marchés",1
BS,2010,"Aménagement du territoire et constructions, expropriation, travaux publics, énergie, transports, environnement",1
BS,2011,Etat.Dispositions générales.Information du public,1
BS,2016,Etat,3
BS,2016,"Etat.Autorités.Organisation judiciaire.Autorités judiciaires.Cours supérieures, tribunaux fédéraux",1
BS,2016,"Etat.Autorités.Organisation judiciaire.Autorités judiciaires.Tribunaux administratifs, des assurances et des assurances sociales",1
BS,2016,Etat.Autorités.Organisation judiciaire.Personnel des tribunaux,1
BS,2017,Etat,2
BS,2017,Etat.Autorités.Organisation judiciaire.Personnel des tribunaux,1
BS,2017,Etat.Professions juridiques.Avocats.Honoraires,1
BS,2018,Etat,2
BS,2019,"Etat.Autorités.Organisation judiciaire.Emoluments judiciaires, frais de justice",1
BS,2020,Etat,1
BS,2021,Etat.Autorités.Protection des données,1
BS,2021,"Enseignement, sciences, documentation et culture.Documentation.Archives",1
BS,2021,Economie.Promotion de l'économie,1
BS,2022,Economie.Commerce.Développement et coopération,1
BS,2023,"Aménagement du territoire et constructions, expropriation, travaux publics, énergie, transports, environnement.Protection de la nature et du paysage.Protection des monuments et des biens culturels",1
BS,2023,"Santé, travail, droit des assurances sociales, logement, homes.Santé.Hygiène.Inhumations, cimetières",1
BS,2024,Etat,1
BS,2025,Etat,1
BS,2025,"Santé, travail, droit des assurances sociales, logement, homes",1
FR,1959,"Santé, travail, droit des assurances sociales, logement, homes.Droit du travail.Employés.Sécurité",1
FR,1964,"Santé, travail, droit des assurances sociales, logement, homes.Logement.Mesures d'encouragement à la construction de logements",1
FR,1965,"Défense nationale, protection de la population, police.Protection de la population.Protection contre les incendies / éléments naturels.Protection contre le feu, pompiers",1
FR,1965,"Santé, travail, droit des assurances sociales, logement, homes.Santé.Etablissements hospitaliers, cliniques.Cliniques psychiatriques",1
FR,1966,"Défense nationale, protection de la population, police.Protection de la population.Protection contre les incendies / éléments naturels.Protection contre les incendies",1
FR,1967,Etat,1
FR,1967,"Défense nationale, protection de la population, police.Protection de la population.Protection contre les incendies / éléments naturels.Protection contre le feu, pompiers",1
FR,1967,"Défense nationale, protection de la population, police.Protection de la population.Protection contre les incendies / éléments naturels.Protection contre les incendies",1
FR,1973,"Enseignement, sciences, documentation et culture.Assurance de la qualité, surveillance, direction.Assurance scolaire",1
FR,1974,"Enseignement, sciences, documentation et culture.Sport scolaire",1
FR,1976,Economie.Agriculture.Formation agricole.Ecole agricole,1
FR,1977,Etat.Professions juridiques.Avocats.Formation,1
FR,1978,Etat,1
FR,1978,"Enseignement, sciences, documentation et culture.Art, culture, sport.Art.Cinéma, théâtre, divertissement",1
FR,1979,"Enseignement, sciences, documentation et culture.Degré secondaire II: Formation professionnelle initiale.Ecoles professionnelles.Enseignement ménager",1
FR,1981,Etat,1
FR,1981,"Santé, travail, droit des assurances sociales, logement, homes.Santé.Hygiène.Alimentation en eau",1
FR,1982,"Etat.Autorités.Organisation judiciaire.Autorités judiciaires.Cours supérieures, tribunaux fédéraux",1
FR,1982,"Aménagement du territoire et constructions, expropriation, travaux publics, énergie, transports, environnement",1
FR,1983,"Défense nationale, protection de la population, police.Sécurité intérieure.Police.Personnel",1
FR,1983,"Aménagement du territoire et constructions, expropriation, travaux publics, énergie, transports, environnement.Protection de la nature et du paysage.Protection de la nature",2
FR,1984,Droit civil.Dispositions d'introduction du code civil.Droits réels.Estimation officielle des immeubles,1
FR,1984,"Aménagement du territoire et constructions, expropriation, travaux publics, énergie, transports, environnement",1
FR,1985,"Santé, travail, droit des assurances sociales, logement, homes",1
FR,1985,Economie.Agriculture.Production animale.Bovins et petit bétail,1
FR,1986,"Etat.Autorités.Gouvernement et administration.Droit du personnel.Durée du travail, vacances, congés",1
FR,1986,Droit civil,2
FR,1986,"Droit civil.Dispositions d'introduction du code civil.Droits réels.Registre foncier, mensurations cadastrales",1
FR,1986,"Enseignement, sciences, documentation et culture",1
FR,1986,"Enseignement, sciences, documentation et culture.Degré prescolaire, école primaire, degré secondaire I.Ecole enfantine",1
FR,1986,"Aménagement du territoire et constructions, expropriation, travaux publics, énergie, transports, environnement.Aménagement du territoire et constructions.Affichage et publicité",1
FR,1986,Economie,1
FR,1987,"Droit civil.Dispositions d'introduction du code civil.Droit de la famille.Accueil familial, adoption",1
FR,1987,"Enseignement, sciences, documentation et culture.Degré secondaire II.Ecole moyenne",1
FR,1987,"Aménagement du territoire et constructions, expropriation, travaux publics, énergie, transports, environnement.Protection de la nature et du paysage.Protection de la nature",1
FR,1988,Etat,2
FR,1988,"Enseignement, sciences, documentation et culture",1
FR,1989,"Enseignement, sciences, documentation et culture.Degré secondaire II.Ecoles moyennes supérieures, écoles des culture générale, écoles de degré diplôme",2
FR,1990,Etat,1
FR,1990,"Enseignement, sciences, documentation et culture.Degré secondaire II: Formation professionnelle initiale.Orientation professionnelle",1
FR,1990,"Défense nationale, protection de la population, police.Protection de la population.Protection contre les incendies / éléments naturels.Protection contre les incendies",1
FR,1990,"Santé, travail, droit des assurances sociales, logement, homes.Droit du travail.Offices de conciliation",1
FR,1991,Etat.Autorités.Gouvernement et administration.Droit du personnel.Engagement,1
FR,1991,"Etat.Autorités.Gouvernement et administration.Droit du personnel.Traitements, indemnités",1
FR,1991,"Enseignement, sciences, documentation et culture",2
FR,1991,"Enseignement, sciences, documentation et culture.Assurance de la qualité, surveillance, direction.Médecine scolaire, services psychologiques scolaires",1
FR,1991,"Défense nationale, protection de la population, police.Sécurité intérieure.Police.Personnel",1
FR,1991,"Finances, Impôts, monopoles, entreprises d'état.Monopoles, régales, entreprises d'état.Pêche.Zones de pêche",1
FR,1991,"Santé, travail, droit des assurances sociales, logement, homes",1
FR,1992,"Etat.Autorités.Organisation judiciaire.Autorités judiciaires.Cours supérieures, tribunaux fédéraux",1
FR,1992,"Etat.Autorités.Organisation judiciaire.Autorités judiciaires.Tribunaux administratifs, des assurances et des assurances sociales",1
FR,1992,"Enseignement, sciences, documentation et culture.Degré secondaire II.Ecoles supérieures de commerce, ecoles supérieures d'informatique",1
FR,1992,"Enseignement, sciences, documentation et culture.Art, culture, sport.Encouragement à la culture",1
FR,1992,"Finances, Impôts, monopoles, entreprises d'état.Monopoles, régales, entreprises d'état.Alcool",1
FR,1992,"Aménagement du territoire et constructions, expropriation, travaux publics, énergie, transports, environnement",1
FR,1992,"Aménagement du territoire et constructions, expropriation, travaux publics, énergie, transports, environnement.Protection de l'environnement.Protection des eaux",1
FR,1992,"Santé, travail, droit des assurances sociales, logement, homes.Droit des assurances sociales.Assurance maternité, contributions financières aux mères",1
FR,1992,Economie.Agriculture.Améliorations foncières,1
FR,1993,Droit pénal,1
FR,1993,"Enseignement, sciences, documentation et culture.Corps enseignant.Traitement, indemnités",1
FR,1993,"Enseignement, sciences, documentation et culture.Documentation.Archives",1
FR,1993,"Enseignement, sciences, documentation et culture.Documentation.Bibliothèques",1
FR,1993,"Enseignement, sciences, documentation et culture.Documentation.Musées",2
FR,1993,"Aménagement du territoire et constructions, expropriation, travaux publics, énergie, transports, environnement.Protection de la nature et du paysage.Protection des monuments et des biens culturels",1
FR,1993,Economie,1
FR,1994,"Enseignement, sciences, documentation et culture.Degré tertiaire: Hautes écoles.Economie",1
FR,1994,"Enseignement, sciences, documentation et culture.Assurance de la qualité, surveillance, direction.Matériel scolaire",1
FR,1994,"Finances, Impôts, monopoles, entreprises d'état.Finances.Budget, comptes",1
FR,1994,"Aménagement du territoire et constructions, expropriation, travaux publics, énergie, transports, environnement",1
FR,1995,Droit pénal,1
FR,1995,"Enseignement, sciences, documentation et culture.Degré secondaire II.Ecole moyenne",1
FR,1995,"Enseignement, sciences, documentation et culture.Degré secondaire II: Formation professionnelle initiale.Ecoles préparant à la maturité professionnelle",1
FR,1995,"Enseignement, sciences, documentation et culture.Degré tertiaire: Hautes écoles.Economie",1
FR,1995,"Santé, travail, droit des assurances sociales, logement, homes.Santé.Etablissements hospitaliers, cliniques.Hôpitaux cantonaux",2
FR,1996,"Enseignement, sciences, documentation et culture.Degré prescolaire, école primaire, degré secondaire I.Crèches",1
FR,1996,"Enseignement, sciences, documentation et culture.Degré secondaire II: Formation professionnelle initiale.Ecoles préparant à la maturité professionnelle",1
FR,1996,"Finances, Impôts, monopoles, entreprises d'état",1
FR,1996,"Aménagement du territoire et constructions, expropriation, travaux publics, énergie, transports, environnement",1
FR,1996,Economie.Agriculture.Formation agricole.Ecole agricole,1
FR,1997,Etat.Dispositions générales.Droit de cité,1
FR,1997,Etat.Dispositions générales.Etablissement et séjour.Etablissement et séjour des étrangers.mesures de contrainte,1
FR,1997,"Enseignement, sciences, documentation et culture.Degré tertiaire: Hautes écoles.Economie",1
FR,1997,"Enseignement, sciences, documentation et culture.Pédagogie spécialisée.Ecoles spécialisées",1
FR,1997,"Enseignement, sciences, documentation et culture.Assurance de la qualité, surveillance, direction.Bâtiments scolaires",1
FR,1997,Economie,1
FR,1997,Economie.Agriculture.Culture des plantes.Vignoble,1
FR,1998,Droit pénal,1
FR,1998,"Enseignement, sciences, documentation et culture.Degré secondaire II.Ecole moyenne",1
FR,1998,"Enseignement, sciences, documentation et culture.Degré tertiaire: Hautes écoles.Economie",1
FR,1998,"Aménagement du territoire et constructions, expropriation, travaux publics, énergie, transports, environnement.Protection de l'environnement.Déchets",1
FR,1998,"Santé, travail, droit des assurances sociales, logement, homes.Droit des assurances sociales.AVS/AI",1
FR,1998,"Santé, travail, droit des assurances sociales, logement, homes.Assistance.Protection de la jeunesse, aide à la jeunesse",1
FR,1998,Economie,1
FR,1999,Etat.Autorités.Protection des données,1
FR,1999,"Etat.Autorités.Organisation judiciaire.Autorités judiciaires.Juges d'instruction, Ministère public.Juges d'instruction",1
FR,1999,Droit pénal,1
FR,1999,"Enseignement, sciences, documentation et culture.Formation continue (Degré quaternaire).Formation des adultes",1
FR,1999,"Finances, Impôts, monopoles, entreprises d'état.Monopoles, régales, entreprises d'état.Chasse.Chasseurs",1
FR,1999,"Aménagement du territoire et constructions, expropriation, travaux publics, énergie, transports, environnement.Transports.Circulation routière.Transport des personnes",1
FR,1999,"Santé, travail, droit des assurances sociales, logement, homes.Santé.Professions médicales.Médecins",1
FR,1999,"Santé, travail, droit des assurances sociales, logement, homes.Droit des assurances sociales.Assurance-chômage",1
FR,1999,"Santé, travail, droit des assurances sociales, logement, homes.Assistance.Aide sociale",1
FR,1999,Economie.Promotion de l'économie,1
FR,2000,"Enseignement, sciences, documentation et culture",1
FR,2000,"Finances, Impôts, monopoles, entreprises d'état.Finances.Contributions étatiques, subventions",1
FR,2000,"Santé, travail, droit des assurances sociales, logement, homes.Santé.Urgences, ambulances",1
FR,2000,Economie.Développement économiques dans les régions de montagne,1
FR,2001,Etat,2
FR,2001,Etat.Dispositions générales.Information du public,2
FR,2001,"Enseignement, sciences, documentation et culture",2
FR,2001,"Enseignement, sciences, documentation et culture.Degré secondaire II.Ecole moyenne",1
FR,2001,"Aménagement du territoire et constructions, expropriation, travaux publics, énergie, transports, environnement",1
FR,2001,"Santé, travail, droit des assurances sociales, logement, homes.Assistance.Homes.Etablissements pour personnes âgées",1
FR,2001,Economie,1
FR,2001,Economie.Agriculture.Formation agricole.Ecole agricole,1
FR,2002,Etat,1
FR,2002,"Enseignement, sciences, documentation et culture.Degré secondaire II: Formation professionnelle initiale.Ecoles professionnelles.Enseignement ménager",1
FR,2002,Economie.Agriculture.Lait,1
FR,2003,"Enseignement, sciences, documentation et culture.Degré secondaire II: Formation professionnelle initiale.Ecoles professionnelles.Enseignement ménager",1
FR,2003,"Enseignement, sciences, documentation et culture.Degré tertiaire: Hautes écoles.Economie",2
FR,2003,Economie,1
FR,2004,"Enseignement, sciences, documentation et culture",3
FR,2004,"Défense nationale, protection de la population, police",1
FR,2004,"Santé, travail, droit des assurances sociales, logement, homes",1
FR,2004,"Santé, travail, droit des assurances sociales, logement, homes.Santé.Professions médicales.Personnel soignant",1
FR,2004,Economie,1
FR,2005,Etat.Dispositions générales.Procédure législative,1
FR,2005,Etat.Autorités.Gouvernement et administration.Administration.Commissions,1
FR,2005,"Droit civil.Dispositions d'introduction du code civil.Droits réels.Registre foncier, mensurations cadastrales",1
FR,2005,"Enseignement, sciences, documentation et culture.Degré tertiaire: Hautes écoles.Pédagogie",1
FR,2006,"Enseignement, sciences, documentation et culture",1
FR,2006,"Enseignement, sciences, documentation et culture.Degré prescolaire, école primaire, degré secondaire I.Ecole enfantine",1
FR,2006,"Santé, travail, droit des assurances sociales, logement, homes.Santé.Soins à domicile",1
FR,2006,Economie.Arts et métiers.Services.Tourisme,1
FR,2007,"Enseignement, sciences, documentation et culture.Degré tertiaire: Hautes écoles.Etudes sociales",2
FR,2007,"Défense nationale, protection de la population, police.Sécurité intérieure.Maintien de la tranquillité et de l'ordre public.Chiens, animaux dangereux",1
FR,2007,Economie,2
FR,2008,Etat,2
FR,2008,"Enseignement, sciences, documentation et culture.Degré secondaire II.Ecoles moyennes supérieures, écoles des culture générale, écoles de degré diplôme",1
FR,2008,"Enseignement, sciences, documentation et culture.Contributions à la formation.Bourses d'études",1
FR,2008,Economie.Promotion de l'économie,1
FR,2009,"Enseignement, sciences, documentation et culture.Formation continue (Degré quaternaire).Formation des adultes",1
FR,2009,"Santé, travail, droit des assurances sociales, logement, homes.Droit des assurances sociales.Assurance-chômage",1
FR,2009,"Santé, travail, droit des assurances sociales, logement, homes.Assistance.Protection de la jeunesse, aide à la jeunesse",1
FR,2009,Economie.Promotion de l'économie,1
FR,2010,"Enseignement, sciences, documentation et culture.Sciences, recherche",1
FR,2010,"Santé, travail, droit des assurances sociales, logement, homes.Droit des assurances sociales.Caisses de compensation",1
FR,2010,Economie.Promotion de l'économie,1
FR,2011,Etat.Dispositions générales.Information du public,1
FR,2011,"Etat.Autorités.Organisation judiciaire.Autorités judiciaires.Juges d'instruction, Ministère public.Ministère public",1
FR,2011,"Enseignement, sciences, documentation et culture",1
FR,2011,"Enseignement, sciences, documentation et culture.Degré secondaire II: Formation professionnelle initiale.Orientation professionnelle",1
FR,2011,"Enseignement, sciences, documentation et culture.Degré secondaire II: Formation professionnelle initiale.Passerelle",1
FR,2011,"Enseignement, sciences, documentation et culture.Sport scolaire",1
FR,2011,"Santé, travail, droit des assurances sociales, logement, homes.Droit des assurances sociales.Assurance-chômage",1
FR,2012,"Aménagement du territoire et constructions, expropriation, travaux publics, énergie, transports, environnement.Protection de la nature et du paysage.Protection des animaux",1
FR,2013,"Aménagement du territoire et constructions, expropriation, travaux publics, énergie, transports, environnement.Protection de l'environnement.Déchets",1
FR,2014,"Aménagement du territoire et constructions, expropriation, travaux publics, énergie, transports, environnement.Energie.Electricité",1
FR,2014,"Santé, travail, droit des assurances sociales, logement, homes.Santé.Hygiène.Denrées alimentaires, objets d'usage courant.Surveillance des aliments",1
FR,2015,"Enseignement, sciences, documentation et culture",2
FR,2016,"Enseignement, sciences, documentation et culture",1
FR,2017,Etat.Autorités.Informatique.E-Government,1
FR,2017,"Enseignement, sciences, documentation et culture",1
FR,2018,Etat.Dispositions générales.Collaboration avec l'étranger.Relations diplomatiques et consulaires,1
FR,2018,"Santé, travail, droit des assurances sociales, logement, homes.Santé.Soins à domicile",1
FR,2019,Etat.Autorités.Gouvernement et administration.Gouvernement.Préfets,1
FR,2019,"Enseignement, sciences, documentation et culture.Degré tertiaire: Hautes écoles.Pédagogie",1
FR,2019,"Enseignement, sciences, documentation et culture.Documentation.Archives",1
FR,2019,"Aménagement du territoire et constructions, expropriation, travaux publics, énergie, transports, environnement.Travaux publics.Marchés publics",2
FR,2020,"Enseignement, sciences, documentation et culture.Degré tertiaire: Hautes écoles.Pédagogie",1
FR,2020,"Enseignement, sciences, documentation et culture.Sciences, recherche",1
FR,2020,"Santé, travail, droit des assurances sociales, logement, homes.Santé.Lutte contre les maladies.Epidémies, pandémies",1
FR,2021,"Défense nationale, protection de la population, police.Protection de la population.Protection contre les incendies / éléments naturels.Protection contre les incendies",1
FR,2022,"Enseignement, sciences, documentation et culture",1
FR,2022,"Santé, travail, droit des assurances sociales, logement, homes.Assistance.Protection de la jeunesse, aide à la jeunesse",1
FR,2025,"Santé, travail, droit des assurances sociales, logement, homes",1
FR,2026,"Santé, travail, droit des assurances sociales, logement, homes",1
GE,1858,Droit pénal,1
GE,1889,Droit civil.Procédure civile.Exécution,1
GE,1892,Economie,1
GE,1893,"Finances, Impôts, monopoles, entreprises d'état",1
GE,1895,Economie,1
GE,1901,"Enseignement, sciences, documentation et culture.Degré prescolaire, école primaire, degré secondaire I.Ecole primaire, degré secondaire I",1
GE,1903,"Aménagement du territoire et constructions, expropriation, travaux publics, énergie, transports, environnement.Protection de l'environnement.Substances dangereuses pour l'environnement",1
GE,1907,Droit civil.Dispositions d'introduction du code civil.Droit de la famille.Tutelle,1
GE,1918,"Santé, travail, droit des assurances sociales, logement, homes.Droit des assurances sociales.LAA",1
GE,1925,"Défense nationale, protection de la population, police.Sécurité intérieure.Police.Personnel",1
GE,1925,"Santé, travail, droit des assurances sociales, logement, homes.Droit du travail.Employés.Sécurité",1
GE,1928,Etat.Professions juridiques.Notaires.Agents d'affaires,1
GE,1928,"Finances, Impôts, monopoles, entreprises d'état.Monopoles, régales, entreprises d'état.Alcool",1
GE,1929,Etat.Dispositions générales.Droit de cité,1
GE,1929,"Défense nationale, protection de la population, police",1
GE,1930,"Aménagement du territoire et constructions, expropriation, travaux publics, énergie, transports, environnement",1
GE,1930,Economie.Agriculture.Mesures d'encouragement,1
GE,1931,Etat.Professions juridiques.Notaires.Agents d'affaires,1
GE,1934,Etat,1
GE,1934,"Santé, travail, droit des assurances sociales, logement, homes.Droit du travail.Employés.Sécurité",1
GE,1934,"Economie.Commerce.Foires, marchés",1
GE,1934,Non classé,1
GE,1935,"Aménagement du territoire et constructions, expropriation, travaux publics, énergie, transports, environnement",1
GE,1937,"Finances, Impôts, monopoles, entreprises d'état",1
GE,1940,"Finances, Impôts, monopoles, entreprises d'état.Monopoles, régales, entreprises d'état.Mines",1
GE,1940,"Santé, travail, droit des assurances sociales, logement, homes.Assistance.Donations et collectes publiques",1
GE,1941,Droit pénal,1
GE,1942,Droit pénal,1
GE,1942,Droit pénal.Exécution des peines et des mesures.Patronage,1
GE,1942,Economie,1
GE,1942,"Economie.Arts et métiers.Services.Restauration, Etablissements publics.Camping",1
GE,1943,"Droit civil.Dispositions d'introduction du code civil.Droits réels.Registre foncier, mensurations cadastrales",1
GE,1943,Economie.Agriculture.Production animale.Commerce du bétail,1
GE,1944,Etat.Eglise et Etat.Eglise catholique romaine,1
GE,1945,"Défense nationale, protection de la population, police.Protection de la population.Protection contre les incendies / éléments naturels.Protection contre les incendies",1
GE,1945,"Santé, travail, droit des assurances sociales, logement, homes.Assistance.Protection de la jeunesse, aide à la jeunesse",1
GE,1946,Etat,1
GE,1946,"Défense nationale, protection de la population, police",1
GE,1946,Economie,1
GE,1947,"Finances, Impôts, monopoles, entreprises d'état.Impôts.Exonération et allégements fiscaux",1
GE,1948,"Aménagement du territoire et constructions, expropriation, travaux publics, énergie, transports, environnement",1
GE,1950,Economie,1
GE,1951,Droit pénal.Amendes d'ordre,1
GE,1951,"Aménagement du territoire et constructions, expropriation, travaux publics, énergie, transports, environnement",1
GE,1952,Etat,1
GE,1952,"Enseignement, sciences, documentation et culture.Sciences, recherche",1
GE,1952,"Santé, travail, droit des assurances sociales, logement, homes.Droit du travail.Marché du travail.Lutte contre les crises, réserves de crise bénéficiant d'allégements fiscaux",1
GE,1952,Economie,1
GE,1952,Economie.Commerce.Automates à marchandise,1
GE,1952,Non classé,1
GE,1953,Etat.Dispositions générales.Documents d'identité,2
GE,1953,"Défense nationale, protection de la population, police.Sécurité intérieure.Maintien de la tranquillité et de l'ordre public.Chiens, animaux dangereux",1
GE,1953,"Aménagement du territoire et constructions, expropriation, travaux publics, énergie, transports, environnement.Transports.Circulation routière.Transport des personnes",1
GE,1954,"Enseignement, sciences, documentation et culture.Sciences, recherche",1
GE,1955,Etat,1
GE,1955,"Enseignement, sciences, documentation et culture",1
GE,1955,"Enseignement, sciences, documentation et culture.Assurance de la qualité, surveillance, direction.Surveillance scolaire",1
GE,1955,"Défense nationale, protection de la population, police",1
GE,1955,"Santé, travail, droit des assurances sociales, logement, homes.Santé.Pharmacies et drogueries",1
GE,1956,Etat.Autorités.Gouvernement et administration.Procédure administrative,1
GE,1956,"Enseignement, sciences, documentation et culture.Sciences, recherche",1
GE,1956,"Défense nationale, protection de la population, police",2
GE,1956,"Santé, travail, droit des assurances sociales, logement, homes.Santé.Hygiène.Inhumations, cimetières",1
GE,1956,Economie.Agriculture.Epizooties,1
GE,1957,Etat,1
GE,1958,"Enseignement, sciences, documentation et culture",1
GE,1958,"Défense nationale, protection de la population, police",2
GE,1958,"Finances, Impôts, monopoles, entreprises d'état",1
GE,1958,"Finances, Impôts, monopoles, entreprises d'état.Impôts.Impôts sur le revenu et la fortune / impôts sur les bénéfices et les capitaux.Impôt fédéral",1
GE,1958,"Finances, Impôts, monopoles, entreprises d'état.Impôts.Impôts sur le revenu et la fortune / impôts sur les bénéfices et les capitaux.Impôt ecclésiastique",1
GE,1959,"Etat.Dispositions générales.Droits fondamentaux, droits politiques.droits politiques.Elections et votations",1
GE,1959,Droit civil.Concurrence déloyale / cartels,1
GE,1960,Droit civil.Dispositions d'introduction du code civil.Droit des successions,1
GE,1961,Etat,1
GE,1961,Etat.Autorités.Gouvernement et administration.Administration.Commissions,1
GE,1961,"Aménagement du territoire et constructions, expropriation, travaux publics, énergie, transports, environnement",1
GE,1961,"Santé, travail, droit des assurances sociales, logement, homes.Logement.Mesures d'encouragement à la construction de logements",1
GE,1962,Etat,1
GE,1962,Etat.Dispositions générales.Publications officielles.feuilles officielles,1
GE,1964,Droit pénal,1
GE,1964,Droit pénal.Exécution des peines et des mesures.Patronage,1
GE,1964,"Enseignement, sciences, documentation et culture",1
GE,1964,"Aménagement du territoire et constructions, expropriation, travaux publics, énergie, transports, environnement.Expropriation",1
GE,1964,"Aménagement du territoire et constructions, expropriation, travaux publics, énergie, transports, environnement.Travaux publics.Aménagement des eaux.Utilisation des eaux",1
GE,1964,"Economie.Commerce.Foires, marchés",1
GE,1965,"Santé, travail, droit des assurances sociales, logement, homes",1
GE,1965,"Santé, travail, droit des assurances sociales, logement, homes.Assistance.Conseil aux femmes enceintes",1
GE,1965,Economie.Agriculture.Apiculture,1
GE,1966,Etat.Autorités.Gouvernement et administration.Administration.Départements,1
GE,1966,"Etat.Autorités.Gouvernement et administration.Droit du personnel.Traitements, indemnités",1
GE,1966,"Aménagement du territoire et constructions, expropriation, travaux publics, énergie, transports, environnement.Protection de l'environnement.Protection des eaux",1
GE,1967,"Enseignement, sciences, documentation et culture.Contributions à la formation.Emoluments scolaires",1
GE,1968,"Finances, Impôts, monopoles, entreprises d'état.Monopoles, régales, entreprises d'état.Régale des sels",1
GE,1968,"Aménagement du territoire et constructions, expropriation, travaux publics, énergie, transports, environnement.Protection de la nature et du paysage.Protection du paysage",1
GE,1969,"Enseignement, sciences, documentation et culture.Assurance de la qualité, surveillance, direction.Assurance scolaire",1
GE,1969,"Aménagement du territoire et constructions, expropriation, travaux publics, énergie, transports, environnement.Protection de l'environnement.Produits toxiques et chimiques",1
GE,1969,Economie,1
GE,1969,Economie.Agriculture.Epizooties,1
GE,1969,Economie.Commerce.Horaires de fermeture des magasins,1
GE,1970,Etat,1
GE,1970,"Aménagement du territoire et constructions, expropriation, travaux publics, énergie, transports, environnement.Protection de la nature et du paysage.Protection du paysage",1
GE,1970,"Santé, travail, droit des assurances sociales, logement, homes.Logement.Mesures d'encouragement à la construction de logements",1
GE,1970,Economie,2
GE,1970,"Economie.Commerce.Foires, marchés",1
GE,1971,"Enseignement, sciences, documentation et culture",1
GE,1971,"Enseignement, sciences, documentation et culture.Degré prescolaire, école primaire, degré secondaire I.Ecole primaire, degré secondaire I",1
GE,1971,"Santé, travail, droit des assurances sociales, logement, homes",1
GE,1973,"Finances, Impôts, monopoles, entreprises d'état.Finances.Contributions étatiques, subventions",1
GE,1973,"Aménagement du territoire et constructions, expropriation, travaux publics, énergie, transports, environnement",2
GE,1973,"Aménagement du territoire et constructions, expropriation, travaux publics, énergie, transports, environnement.Protection de l'environnement.Protection des eaux",2
GE,1973,"Aménagement du territoire et constructions, expropriation, travaux publics, énergie, transports, environnement.Protection de l'environnement.Produits toxiques et chimiques",1
GE,1973,"Economie.Commerce.Foires, marchés",1
GE,1974,Etat.Dispositions générales.Etablissement et séjour.Etablissement et séjour Suisses.contrôle des habitants,1
GE,1974,Etat.Autorités.Gouvernement et administration.Administration.Commissions,1
GE,1974,Etat.Communes.Finances communales,1
GE,1974,"Enseignement, sciences, documentation et culture.Degré prescolaire, école primaire, degré secondaire I.Ecole primaire, degré secondaire I",1
GE,1974,Economie.Agriculture.Alpage,1
GE,1975,Etat,1
GE,1975,Etat.Autorités.Gouvernement et administration.Emoluments administratifs,1
GE,1975,"Aménagement du territoire et constructions, expropriation, travaux publics, énergie, transports, environnement.Protection de l'environnement.Protection des eaux",1
GE,1975,Economie,1
GE,1975,Non classé,1
GE,1976,Etat,2
GE,1976,"Défense nationale, protection de la population, police.Protection de la population.Protection civile.Protection des biens culturels en temps de guerre",1
GE,1976,"Aménagement du territoire et constructions, expropriation, travaux publics, énergie, transports, environnement.Protection de l'environnement.Produits toxiques et chimiques",1
GE,1976,"Aménagement du territoire et constructions, expropriation, travaux publics, énergie, transports, environnement.Protection de la nature et du paysage.Protection des monuments et des biens culturels",1
GE,1976,"Santé, travail, droit des assurances sociales, logement, homes.Droit du travail.Employés.Sécurité",1
GE,1977,Droit pénal.Casier judiciaire.Certificats de bonne conduite,1
GE,1977,"Enseignement, sciences, documentation et culture.Degré tertiaire: Ecoles supérieures",1
GE,1977,"Défense nationale, protection de la population, police.Sécurité intérieure.Armes et munitions",1
GE,1977,"Aménagement du territoire et constructions, expropriation, travaux publics, énergie, transports, environnement.Protection de la nature et du paysage.Protection du paysage",1
GE,1977,"Santé, travail, droit des assurances sociales, logement, homes.Santé.Professions médicales.Chiropraticiens, physiothérapeutes",1
GE,1978,"Etat.Autorités.Organisation judiciaire.Autorités judiciaires.Prud'hommes, Tribunaux des baux à loyer",1
GE,1978,Droit pénal.Procédure pénale.Emoluments,1
GE,1978,"Défense nationale, protection de la population, police",1
GE,1978,"Aménagement du territoire et constructions, expropriation, travaux publics, énergie, transports, environnement.Aménagement du territoire et constructions.Zones",2
GE,1978,"Santé, travail, droit des assurances sociales, logement, homes.Santé.Substances thérapeutiques, stupéfiants",1
GE,1978,Economie,1
GE,1979,"Etat.Autorités.Gouvernement et administration.Droit du personnel.Traitements, indemnités",1
GE,1979,Etat.Professions juridiques.Notaires.Légalisation,1
GE,1979,"Santé, travail, droit des assurances sociales, logement, homes",4
GE,1979,"Santé, travail, droit des assurances sociales, logement, homes.Santé.Lutte contre les maladies.Epidémies, pandémies",1
GE,1979,"Santé, travail, droit des assurances sociales, logement, homes.Droit des assurances sociales.LAA",1
GE,1979,Non classé,1
GE,1980,Economie.Agriculture.Culture des plantes.Vignoble,1
GE,1981,Etat,1
GE,1981,"Enseignement, sciences, documentation et culture.Contributions à la formation.Ecolages",1
GE,1981,"Défense nationale, protection de la population, police.Protection de la population.Protection contre les incendies / éléments naturels.Protection contre le feu, pompiers",1
GE,1981,"Santé, travail, droit des assurances sociales, logement, homes",1
GE,1981,Economie.Agriculture.Alpage,1
GE,1982,"Etat.Autorités.Gouvernement et administration.Droit du personnel.Traitements, indemnités",1
GE,1982,Etat.Autorités.Protection des données,1
GE,1982,"Défense nationale, protection de la population, police.Protection de la population.Protection contre les incendies / éléments naturels.Ramoneurs",1
GE,1982,"Défense nationale, protection de la population, police.Sécurité intérieure.Police.Personnel",1
GE,1982,"Défense nationale, protection de la population, police.Sécurité intérieure.Police.Taxes",1
GE,1982,"Aménagement du territoire et constructions, expropriation, travaux publics, énergie, transports, environnement",1
GE,1982,"Aménagement du territoire et constructions, expropriation, travaux publics, énergie, transports, environnement.Protection de la nature et du paysage.Protection des animaux",1
GE,1982,Economie,1
GE,1982,Economie.Agriculture.Culture des plantes.Vignoble,1
GE,1983,"Etat.Autorités.Gouvernement et administration.Droit du personnel.Pensions, prestations d'assurance",1
GE,1983,Droit civil.Dispositions générales d'introduction du code des obligations.Des divers contrats.Enchères,1
GE,1983,"Enseignement, sciences, documentation et culture",1
GE,1983,"Enseignement, sciences, documentation et culture.Corps enseignant.Formation",1
GE,1983,"Défense nationale, protection de la population, police",1
GE,1983,"Aménagement du territoire et constructions, expropriation, travaux publics, énergie, transports, environnement.Aménagement du territoire et constructions.Places de parking",1
GE,1983,"Santé, travail, droit des assurances sociales, logement, homes",4
GE,1983,"Santé, travail, droit des assurances sociales, logement, homes.Santé.Professions médicales.Sages-femmes",1
GE,1983,Economie.Arts et métiers.Services.Professions soumises à autorisation,1
GE,1984,Etat,1
GE,1984,Droit pénal,1
GE,1984,Droit pénal.Procédure pénale.Médecine légale,1
GE,1984,"Enseignement, sciences, documentation et culture",1
GE,1984,"Enseignement, sciences, documentation et culture.Documentation.Statistique",1
GE,1984,"Aménagement du territoire et constructions, expropriation, travaux publics, énergie, transports, environnement.Aménagement du territoire et constructions.Zones",1
GE,1984,"Santé, travail, droit des assurances sociales, logement, homes",2
GE,1984,"Santé, travail, droit des assurances sociales, logement, homes.Santé.Professions médicales.Vétérinaires",1
GE,1984,"Santé, travail, droit des assurances sociales, logement, homes.Droit des assurances sociales.LAA",1
GE,1984,"Santé, travail, droit des assurances sociales, logement, homes.Droit des assurances sociales.Assurance-chômage",1
GE,1985,"Etat.Professions juridiques.Notaires.Taxes, tarifs",1
GE,1985,Droit pénal.Exécution des peines et des mesures.Etablissements.Personnel,1
GE,1985,"Enseignement, sciences, documentation et culture.Art, culture, sport.Sport",1
GE,1985,"Défense nationale, protection de la population, police",1
GE,1985,"Défense nationale, protection de la population, police.Sécurité intérieure.Police.Personnel",1
GE,1985,"Finances, Impôts, monopoles, entreprises d'état.Finances.Contributions étatiques, subventions",2
GE,1985,"Santé, travail, droit des assurances sociales, logement, homes",1
GE,1986,Etat.Autorités.Gouvernement et administration.Procédure administrative,1
GE,1986,"Enseignement, sciences, documentation et culture",1
GE,1986,"Enseignement, sciences, documentation et culture.Corps enseignant.Traitement, indemnités",1
GE,1986,"Défense nationale, protection de la population, police",2
GE,1986,"Défense nationale, protection de la population, police.Sécurité intérieure.Police.Personnel",1
GE,1986,"Défense nationale, protection de la population, police.Sécurité intérieure.Maintien de la tranquillité et de l'ordre public.Chiens, animaux dangereux",1
GE,1986,"Aménagement du territoire et constructions, expropriation, travaux publics, énergie, transports, environnement",2
GE,1986,"Aménagement du territoire et constructions, expropriation, travaux publics, énergie, transports, environnement.Travaux publics.Bâtiments et terrains publics",1
GE,1986,"Aménagement du territoire et constructions, expropriation, travaux publics, énergie, transports, environnement.Energie.Approvisionnement en énergie",1
GE,1986,"Santé, travail, droit des assurances sociales, logement, homes.Santé.Laboratoires médicaux",1
GE,1986,"Santé, travail, droit des assurances sociales, logement, homes.Assistance.Avances sur les pensions alimentaires",1
GE,1986,Economie,1
GE,1986,Economie.Commerce.Surveillance des prix,1
GE,1987,"Enseignement, sciences, documentation et culture.Degré secondaire II: Formation professionnelle initiale.Orientation professionnelle",1
GE,1987,"Défense nationale, protection de la population, police",1
GE,1987,"Défense nationale, protection de la population, police.Sécurité intérieure.Explosifs",1
GE,1987,"Aménagement du territoire et constructions, expropriation, travaux publics, énergie, transports, environnement.Aménagement du territoire et constructions.Plans",1
GE,1987,"Santé, travail, droit des assurances sociales, logement, homes",3
GE,1988,"Etat.Dispositions générales.Droits fondamentaux, droits politiques.égalité entre hommes et femmes",1
GE,1988,"Etat.Autorités.Gouvernement et administration.Droit du personnel.Durée du travail, vacances, congés",1
GE,1988,"Droit civil.Dispositions d'introduction du code civil.Droits réels.Registre foncier, mensurations cadastrales",2
GE,1988,"Enseignement, sciences, documentation et culture",1
GE,1988,"Défense nationale, protection de la population, police",2
GE,1988,"Défense nationale, protection de la population, police.Protection de la population.Protection contre les incendies / éléments naturels.Protection contre le feu, pompiers",1
GE,1988,"Aménagement du territoire et constructions, expropriation, travaux publics, énergie, transports, environnement",1
GE,1988,"Aménagement du territoire et constructions, expropriation, travaux publics, énergie, transports, environnement.Travaux publics.Bâtiments et terrains publics",2
GE,1988,"Santé, travail, droit des assurances sociales, logement, homes.Santé.Etablissements hospitaliers, cliniques.Cliniques psychiatriques",1
GE,1988,"Santé, travail, droit des assurances sociales, logement, homes.Santé.Professions médicales.Pharmaciens",1
GE,1988,Economie,2
GE,1989,Etat.Autorités.Gouvernement et administration.Administration.Commissions,1
GE,1989,Droit pénal,2
GE,1989,"Enseignement, sciences, documentation et culture.Degré tertiaire: Ecoles supérieures",1
GE,1989,"Enseignement, sciences, documentation et culture.Assurance de la qualité, surveillance, direction.Bâtiments scolaires",1
GE,1989,"Défense nationale, protection de la population, police",1
GE,1989,"Aménagement du territoire et constructions, expropriation, travaux publics, énergie, transports, environnement",2
GE,1989,"Aménagement du territoire et constructions, expropriation, travaux publics, énergie, transports, environnement.Protection de l'environnement.Hygiène de l'air.Poussières fines/smog",1
GE,1989,"Santé, travail, droit des assurances sociales, logement, homes.Santé.Substances thérapeutiques, stupéfiants",1
GE,1989,Economie.Agriculture.Améliorations foncières,1
GE,1990,Droit pénal.Procédure pénale.Emoluments,1
GE,1990,"Enseignement, sciences, documentation et culture",1
GE,1990,"Défense nationale, protection de la population, police.Protection de la population.Protection contre les incendies / éléments naturels.Protection contre le feu, pompiers",1
GE,1990,"Finances, Impôts, monopoles, entreprises d'état.Impôts.Impôts sur le revenu et la fortune / impôts sur les bénéfices et les capitaux.Impôt cantonal",1
GE,1990,"Aménagement du territoire et constructions, expropriation, travaux publics, énergie, transports, environnement.Protection de la nature et du paysage.Protection des animaux",1
GE,1990,"Santé, travail, droit des assurances sociales, logement, homes.Santé.Hygiène.Piscines",1
GE,1990,Economie,2
GE,1990,Economie.Agriculture.Epizooties,1
GE,1990,Economie.Arts et métiers.Services.Professions soumises à autorisation,1
GE,1991,Etat.Autorités.Gouvernement et administration.Administration.Commissions,1
GE,1991,"Etat.Autorités.Gouvernement et administration.Droit du personnel.Traitements, indemnités",1
GE,1991,Etat.Autorités.Gouvernement et administration.Emoluments administratifs,1
GE,1991,Etat.Autorités.Responsabilité de l'état,1
GE,1991,Droit pénal,1
GE,1991,"Enseignement, sciences, documentation et culture.Contributions à la formation.Bourses d'études",1
GE,1991,"Enseignement, sciences, documentation et culture.Documentation.Statistique",1
GE,1991,"Défense nationale, protection de la population, police.Protection de la population.Protection contre les incendies / éléments naturels.Protection contre le feu, pompiers",1
GE,1991,"Défense nationale, protection de la population, police.Protection de la population.Protection contre les incendies / éléments naturels.Assurances des bâtiments.Assurance contre les dommages causés par les éléments naturels",1
GE,1992,Etat,1
GE,1992,Etat.Dispositions générales.Droit de cité,1
GE,1992,Etat.Autorités.Gouvernement et administration.Emoluments administratifs,1
GE,1992,"Enseignement, sciences, documentation et culture",2
GE,1992,"Défense nationale, protection de la population, police",1
GE,1992,"Finances, Impôts, monopoles, entreprises d'état.Finances.Contributions étatiques, subventions",1
GE,1992,"Aménagement du territoire et constructions, expropriation, travaux publics, énergie, transports, environnement",1
GE,1992,"Santé, travail, droit des assurances sociales, logement, homes.Droit du travail.Marché du travail.Service de l'emploi et location de services",1
GE,1992,Economie,1
GE,1993,Etat.Autorités.Gouvernement et administration.Administration.Commissions,1
GE,1993,Droit pénal.Procédure pénale.Aide aux victimes d'infractions,1
GE,1993,"Enseignement, sciences, documentation et culture.Degré prescolaire, école primaire, degré secondaire I.Ecole enfantine",1
GE,1993,"Enseignement, sciences, documentation et culture.Degré prescolaire, école primaire, degré secondaire I.Ecole primaire, degré secondaire I",1
GE,1993,"Enseignement, sciences, documentation et culture.Documentation.Statistique",2
GE,1993,"Enseignement, sciences, documentation et culture.Art, culture, sport.Art.Cinéma, théâtre, divertissement",2
GE,1993,"Défense nationale, protection de la population, police.Sécurité intérieure.Police.Personnel",2
GE,1993,"Finances, Impôts, monopoles, entreprises d'état",1
GE,1993,"Finances, Impôts, monopoles, entreprises d'état.Entreprises d'Etat.Banques cantonales",1
GE,1993,"Aménagement du territoire et constructions, expropriation, travaux publics, énergie, transports, environnement",1
GE,1993,"Aménagement du territoire et constructions, expropriation, travaux publics, énergie, transports, environnement.Transports.Navigation aérienne.Aéroports",1
GE,1993,"Aménagement du territoire et constructions, expropriation, travaux publics, énergie, transports, environnement.Protection de l'environnement.Protection des eaux",1
GE,1993,"Santé, travail, droit des assurances sociales, logement, homes.Droit des assurances sociales.AVS/AI",1
GE,1993,Economie,2
GE,1993,Economie.Arts et métiers.Services.Tourisme,1
GE,1994,"Enseignement, sciences, documentation et culture.Pédagogie spécialisée.Ecoles spécialisées",1
GE,1994,"Finances, Impôts, monopoles, entreprises d'état.Impôts.Impôts sur le revenu et la fortune / impôts sur les bénéfices et les capitaux.Impôt à la source",1
GE,1994,"Aménagement du territoire et constructions, expropriation, travaux publics, énergie, transports, environnement.Transports.Navigation aérienne.Aéroports",1
GE,1994,"Aménagement du territoire et constructions, expropriation, travaux publics, énergie, transports, environnement.Protection de l'environnement.Substances dangereuses pour l'environnement",1
GE,1994,"Aménagement du territoire et constructions, expropriation, travaux publics, énergie, transports, environnement.Protection de la nature et du paysage.Protection des animaux",1
GE,1994,"Santé, travail, droit des assurances sociales, logement, homes",2
GE,1994,"Santé, travail, droit des assurances sociales, logement, homes.Santé.Professions médicales.Psychothérapeutes",1
GE,1994,Economie.Agriculture.Mesures d'encouragement,1
GE,1994,Economie.Agriculture.Droit foncier rural,1
GE,1994,Economie.Arts et métiers.Services.Prostitution,1
GE,1994,Economie.Commerce.Automates à marchandise,1
GE,1994,Non classé,1
GE,1995,"Enseignement, sciences, documentation et culture.Degré secondaire II: Formation professionnelle initiale.Ecoles préparant à la maturité professionnelle",1
GE,1995,"Aménagement du territoire et constructions, expropriation, travaux publics, énergie, transports, environnement.Travaux publics.Routes.Chemins pédestres et de randonnée",1
GE,1995,"Aménagement du territoire et constructions, expropriation, travaux publics, énergie, transports, environnement.Protection de l'environnement.Protection des eaux",1
GE,1995,"Santé, travail, droit des assurances sociales, logement, homes.Santé.Professions médicales.Personnel soignant",1
GE,1995,Economie.Arts et métiers.Services.Jeux de hasard et loteries.Sport-Toto,1
GE,1996,Etat,1
GE,1996,Etat.Professions juridiques.Avocats.Assistance judiciaire,1
GE,1996,"Enseignement, sciences, documentation et culture.Formation continue (Degré quaternaire).Formation des adultes",1
GE,1996,"Défense nationale, protection de la population, police",2
GE,1996,"Défense nationale, protection de la population, police.Défense.Taxe d'exemption",1
GE,1996,"Finances, Impôts, monopoles, entreprises d'état.Impôts.Impôts sur les successions et les donations",1
GE,1996,"Finances, Impôts, monopoles, entreprises d'état.Impôts.Exonération et allégements fiscaux",1
GE,1996,"Santé, travail, droit des assurances sociales, logement, homes.Santé.Substances thérapeutiques, stupéfiants",1
GE,1996,"Santé, travail, droit des assurances sociales, logement, homes.Santé.Hygiène.Denrées alimentaires, objets d'usage courant.Surveillance des aliments",1
GE,1996,Economie,1
GE,1997,"Droit civil.Dispositions d'introduction du code civil.Droits réels.Registre foncier, mensurations cadastrales",4
GE,1997,Droit pénal,1
GE,1997,"Enseignement, sciences, documentation et culture",2
GE,1997,"Enseignement, sciences, documentation et culture.Degré tertiaire: Hautes écoles.Autres filières d'études",1
GE,1997,"Défense nationale, protection de la population, police",1
GE,1997,"Défense nationale, protection de la population, police.Sécurité intérieure.Police.Personnel",1
GE,1997,"Défense nationale, protection de la population, police.Sécurité intérieure.Stands de tir",1
GE,1997,"Aménagement du territoire et constructions, expropriation, travaux publics, énergie, transports, environnement.Travaux publics.Aménagement des eaux.Corrections des eaux / Protection contre les crues",1
GE,1997,"Aménagement du territoire et constructions, expropriation, travaux publics, énergie, transports, environnement.Travaux publics.Marchés publics",1
GE,1997,"Santé, travail, droit des assurances sociales, logement, homes",1
GE,1997,"Santé, travail, droit des assurances sociales, logement, homes.Santé.Professions médicales.Sages-femmes",1
GE,1997,"Santé, travail, droit des assurances sociales, logement, homes.Santé.Professions médicales.Pharmaciens",1
GE,1997,"Santé, travail, droit des assurances sociales, logement, homes.Logement.Mesures d'encouragement à la construction de logements",1
GE,1997,"Santé, travail, droit des assurances sociales, logement, homes.Assistance.Homes.Etablissements pour personnes âgées",1
GE,1997,Economie,1
GE,1998,Etat,1
GE,1998,Droit pénal,1
GE,1998,"Enseignement, sciences, documentation et culture.Degré prescolaire, école primaire, degré secondaire I.Ecole primaire, degré secondaire I",1
GE,1998,"Enseignement, sciences, documentation et culture.Degré secondaire II.Ecole moyenne",1
GE,1998,"Enseignement, sciences, documentation et culture.Degré tertiaire: Hautes écoles.Agriculture",1
GE,1998,"Enseignement, sciences, documentation et culture.Pédagogie spécialisée.Ecoles d'art et de sport",1
GE,1998,"Enseignement, sciences, documentation et culture.Pédagogie spécialisée.Logopédie",1
GE,1998,"Défense nationale, protection de la population, police.Sécurité intérieure.Armes et munitions",1
GE,1998,"Aménagement du territoire et constructions, expropriation, travaux publics, énergie, transports, environnement",1
GE,1998,"Santé, travail, droit des assurances sociales, logement, homes",1
GE,1998,"Santé, travail, droit des assurances sociales, logement, homes.Santé.Etique",1
GE,1998,"Santé, travail, droit des assurances sociales, logement, homes.Santé.Professions médicales.Personnel soignant",1
GE,1998,"Santé, travail, droit des assurances sociales, logement, homes.Santé.Professions médicales.Chiropraticiens, physiothérapeutes",1
GE,1998,"Santé, travail, droit des assurances sociales, logement, homes.Droit des assurances sociales.Prestations complémentaires",2
GE,1999,Etat,2
GE,1999,"Etat.Autorités.Organisation judiciaire.Autorités judiciaires.Prud'hommes, Tribunaux des baux à loyer",1
GE,1999,"Droit civil.Dispositions d'introduction du code civil.Droit de la famille.Accueil familial, adoption",1
GE,1999,Droit civil.Dispositions générales d'introduction du code des obligations.Des divers contrats.Courtage matrimonial ou en partenariat,1
GE,1999,Droit pénal,2
GE,1999,"Enseignement, sciences, documentation et culture",1
GE,1999,"Défense nationale, protection de la population, police.Sécurité intérieure.Police.Police communale",1
GE,1999,"Finances, Impôts, monopoles, entreprises d'état",1
GE,1999,"Aménagement du territoire et constructions, expropriation, travaux publics, énergie, transports, environnement",1
GE,1999,"Aménagement du territoire et constructions, expropriation, travaux publics, énergie, transports, environnement.Travaux publics.Marchés publics",1
GE,1999,"Aménagement du territoire et constructions, expropriation, travaux publics, énergie, transports, environnement.Protection de l'environnement.Déchets",1
GE,1999,"Aménagement du territoire et constructions, expropriation, travaux publics, énergie, transports, environnement.Protection de l'environnement.Protection contre les radiations",1
GE,1999,"Aménagement du territoire et constructions, expropriation, travaux publics, énergie, transports, environnement.Protection de la nature et du paysage.Protection des plantes",1
GE,1999,"Santé, travail, droit des assurances sociales, logement, homes",1
GE,1999,"Santé, travail, droit des assurances sociales, logement, homes.Droit du travail.Offices de conciliation",1
GE,1999,"Santé, travail, droit des assurances sociales, logement, homes.Droit des assurances sociales.Prestations complémentaires",2
GE,1999,Non classé,1
GE,2000,Etat,1
GE,2000,Etat.Autorités.Organisation judiciaire.Rémunération et indemnités des juges,1
GE,2000,"Enseignement, sciences, documentation et culture",1
GE,2000,"Enseignement, sciences, documentation et culture.Degré secondaire II: Formation professionnelle initiale.Ecoles préparant à la maturité professionnelle",1
GE,2000,"Enseignement, sciences, documentation et culture.Formation continue (Degré quaternaire).Formation des adultes",1
GE,2000,"Enseignement, sciences, documentation et culture.Corps enseignant.Formation",1
GE,2000,"Défense nationale, protection de la population, police.Sécurité intérieure.Entreprises de sécurité",1
GE,2000,"Finances, Impôts, monopoles, entreprises d'état",1
GE,2000,"Finances, Impôts, monopoles, entreprises d'état.Monopoles, régales, entreprises d'état.Mines",1
GE,2000,"Aménagement du territoire et constructions, expropriation, travaux publics, énergie, transports, environnement.Aménagement du territoire et constructions.Affichage et publicité",2
GE,2000,"Santé, travail, droit des assurances sociales, logement, homes",2
GE,2000,"Santé, travail, droit des assurances sociales, logement, homes.Assistance.Politique familiale, promotion de la famille",1
GE,2000,Economie.Agriculture.Culture des plantes.Vignoble,1
GE,2001,Etat,2
GE,2001,Etat.Dispositions générales.Etablissement et séjour.Etablissement et séjour des étrangers.intégration,1
GE,2001,"Etat.Autorités.Gouvernement et administration.Droit du personnel.Traitements, indemnités",1
GE,2001,Etat.Autorités.Gouvernement et administration.Emoluments administratifs,1
GE,2001,"Etat.Autorités.Organisation judiciaire.Autorités judiciaires.Prud'hommes, Tribunaux des baux à loyer",1
GE,2001,Etat.Autorités.Organisation judiciaire.Rémunération et indemnités des juges,1
GE,2001,"Droit civil.Dispositions d'introduction du code civil.Droit des personnes, état civil.Partenariat enregistré",1
GE,2001,"Enseignement, sciences, documentation et culture.Degré prescolaire, école primaire, degré secondaire I.Ecole primaire, degré secondaire I",1
GE,2001,"Enseignement, sciences, documentation et culture.Documentation.Archives",2
GE,2001,"Finances, Impôts, monopoles, entreprises d'état",6
GE,2001,"Aménagement du territoire et constructions, expropriation, travaux publics, énergie, transports, environnement.Travaux publics.Aménagement des eaux.Corrections des eaux / Protection contre les crues",1
GE,2001,"Aménagement du territoire et constructions, expropriation, travaux publics, énergie, transports, environnement.Transports.Circulation routière.Transport des personnes",1
GE,2001,"Aménagement du territoire et constructions, expropriation, travaux publics, énergie, transports, environnement.Protection de l'environnement.Etude d'impact sur l'environnement",1
GE,2001,"Aménagement du territoire et constructions, expropriation, travaux publics, énergie, transports, environnement.Protection de l'environnement.Lutte contre les dommages",1
GE,2001,"Santé, travail, droit des assurances sociales, logement, homes",5
GE,2001,"Santé, travail, droit des assurances sociales, logement, homes.Santé.Professions médicales.Chiropraticiens, physiothérapeutes",1
GE,2001,"Santé, travail, droit des assurances sociales, logement, homes.Santé.Urgences, ambulances",1
GE,2001,"Santé, travail, droit des assurances sociales, logement, homes.Droit des assurances sociales.Assurance maternité, contributions financières aux mères",1
GE,2001,Economie.Agriculture.Culture des plantes.Vignoble,1
GE,2002,Etat,1
GE,2002,Droit pénal,1
GE,2002,"Enseignement, sciences, documentation et culture",2
GE,2002,"Enseignement, sciences, documentation et culture.Formation continue (Degré quaternaire).Formation des adultes",1
GE,2002,"Défense nationale, protection de la population, police.Protection de la population.Protection contre les incendies / éléments naturels.Protection contre le feu, pompiers",1
GE,2002,"Finances, Impôts, monopoles, entreprises d'état",1
GE,2002,"Finances, Impôts, monopoles, entreprises d'état.Impôts.Exonération et allégements fiscaux",1
GE,2002,"Aménagement du territoire et constructions, expropriation, travaux publics, énergie, transports, environnement",1
GE,2002,"Aménagement du territoire et constructions, expropriation, travaux publics, énergie, transports, environnement.Protection de l'environnement.Protection contre les radiations",1
GE,2002,"Aménagement du territoire et constructions, expropriation, travaux publics, énergie, transports, environnement.Protection de la nature et du paysage.Protection de la nature",1
GE,2002,"Santé, travail, droit des assurances sociales, logement, homes",1
GE,2002,"Santé, travail, droit des assurances sociales, logement, homes.Santé.Professions médicales.Vétérinaires",1
GE,2002,"Santé, travail, droit des assurances sociales, logement, homes.Santé.Substances thérapeutiques, stupéfiants",1
GE,2002,"Santé, travail, droit des assurances sociales, logement, homes.Droit des assurances sociales.Assurance-chômage",1
GE,2002,Economie.Agriculture.Crédit agricole,1
GE,2002,Economie.Agriculture.Culture des plantes.Lutte contre les parasites,1
GE,2002,Economie.Commerce.Commerce itinérant,1
GE,2003,Etat.Dispositions générales.Documents d'identité,1
GE,2003,"Droit civil.Dispositions d'introduction du code civil.Droit des personnes, état civil.Fondations, surveillance.Fondations LPP",1
GE,2003,Droit civil.Dispositions générales d'introduction du code des obligations.Des divers contrats.Prêt,1
GE,2003,Droit pénal.Dispositions générales d'introduction du code pénal.Interruption de grossesse,1
GE,2003,"Enseignement, sciences, documentation et culture",1
GE,2003,"Enseignement, sciences, documentation et culture.Corps enseignant.Traitement, indemnités",1
GE,2003,"Défense nationale, protection de la population, police",2
GE,2003,"Aménagement du territoire et constructions, expropriation, travaux publics, énergie, transports, environnement.Travaux publics.Aménagement des eaux.Utilisation des eaux",1
GE,2003,"Aménagement du territoire et constructions, expropriation, travaux publics, énergie, transports, environnement.Protection de l'environnement.Protection contre le bruit",1
GE,2003,"Aménagement du territoire et constructions, expropriation, travaux publics, énergie, transports, environnement.Protection de l'environnement.Produits toxiques et chimiques",1
GE,2003,"Aménagement du territoire et constructions, expropriation, travaux publics, énergie, transports, environnement.Protection de la nature et du paysage.Protection du paysage",1
GE,2003,"Santé, travail, droit des assurances sociales, logement, homes",2
GE,2003,Economie.Promotion de l'économie,1
GE,2004,Etat,1
GE,2004,"Etat.Dispositions générales.Droits fondamentaux, droits politiques.égalité entre hommes et femmes",1
GE,2004,Etat.Dispositions générales.Information du public,1
GE,2004,Droit pénal,2
GE,2004,"Enseignement, sciences, documentation et culture",1
GE,2004,"Enseignement, sciences, documentation et culture.Contributions à la formation.Ecolages",1
GE,2004,"Défense nationale, protection de la population, police",1
GE,2004,"Défense nationale, protection de la population, police.Protection de la population.Approvisionnement du pays",1
GE,2004,"Défense nationale, protection de la population, police.Sécurité intérieure.Maintien de la tranquillité et de l'ordre public.Chiens, animaux dangereux",1
GE,2004,"Finances, Impôts, monopoles, entreprises d'état",2
GE,2004,"Finances, Impôts, monopoles, entreprises d'état.Finances.Contributions étatiques, subventions",1
GE,2004,"Aménagement du territoire et constructions, expropriation, travaux publics, énergie, transports, environnement",1
GE,2004,"Santé, travail, droit des assurances sociales, logement, homes",2
GE,2004,"Santé, travail, droit des assurances sociales, logement, homes.Droit du travail.Marché du travail.Libre circulation",1
GE,2004,Economie,1
GE,2005,Etat,2
GE,2005,Etat.Autorités.Gouvernement et administration.Emoluments administratifs,1
GE,2005,"Etat.Autorités.Organisation judiciaire.Autorités judiciaires.Tribunaux administratifs, des assurances et des assurances sociales",1
GE,2005,Droit pénal,1
GE,2005,"Enseignement, sciences, documentation et culture",2
GE,2005,"Enseignement, sciences, documentation et culture.Degré prescolaire, école primaire, degré secondaire I.Crèches",1
GE,2005,"Enseignement, sciences, documentation et culture.Corps enseignant.Traitement, indemnités",2
GE,2005,"Défense nationale, protection de la population, police",1
GE,2005,"Défense nationale, protection de la population, police.Sécurité intérieure.Police.Personnel",2
GE,2005,"Finances, Impôts, monopoles, entreprises d'état",3
GE,2005,"Finances, Impôts, monopoles, entreprises d'état.Monopoles, régales, entreprises d'état.Alcool",1
GE,2005,"Santé, travail, droit des assurances sociales, logement, homes",3
GE,2005,"Santé, travail, droit des assurances sociales, logement, homes.Santé.Etique",1
GE,2005,"Santé, travail, droit des assurances sociales, logement, homes.Santé.Soins à domicile",1
GE,2005,"Santé, travail, droit des assurances sociales, logement, homes.Droit des assurances sociales.Assurance maternité, contributions financières aux mères",1
GE,2005,Economie.Arts et métiers.Services.Taxis,1
GE,2006,Etat.Autorités.Gouvernement et administration.Administration.Départements,1
GE,2006,"Droit civil.Dispositions d'introduction du code civil.Droit des personnes, état civil.Partenariat enregistré",1
GE,2006,"Enseignement, sciences, documentation et culture.Art, culture, sport.Sport",1
GE,2006,"Défense nationale, protection de la population, police.Sécurité intérieure.Maintien de la tranquillité et de l'ordre public.Chiens, animaux dangereux",2
GE,2006,"Finances, Impôts, monopoles, entreprises d'état",2
GE,2006,"Finances, Impôts, monopoles, entreprises d'état.Finances.Contributions étatiques, subventions",1
GE,2006,"Aménagement du territoire et constructions, expropriation, travaux publics, énergie, transports, environnement.Expropriation",1
GE,2006,"Aménagement du territoire et constructions, expropriation, travaux publics, énergie, transports, environnement.Travaux publics.Bâtiments et terrains publics",1
GE,2006,"Santé, travail, droit des assurances sociales, logement, homes",2
GE,2006,"Santé, travail, droit des assurances sociales, logement, homes.Santé.Etique",1
GE,2006,"Santé, travail, droit des assurances sociales, logement, homes.Santé.Etablissements hospitaliers, cliniques.Droits des patients",1
GE,2006,"Santé, travail, droit des assurances sociales, logement, homes.Santé.Substances thérapeutiques, stupéfiants",1
GE,2006,"Santé, travail, droit des assurances sociales, logement, homes.Santé.Urgences, ambulances",1
GE,2006,"Santé, travail, droit des assurances sociales, logement, homes.Santé.Hygiène.Inhumations, cimetières",1
GE,2006,"Santé, travail, droit des assurances sociales, logement, homes.Droit du travail.Marché du travail.Libre circulation",1
GE,2006,"Santé, travail, droit des assurances sociales, logement, homes.Assistance.Aide sociale",1
GE,2007,Etat.Dispositions générales.Etablissement et séjour.Etablissement et séjour des étrangers.asile,1
GE,2007,Etat.Autorités.Gouvernement et administration.Emoluments administratifs,1
GE,2007,"Droit civil.Dispositions d'introduction du code civil.Droit de la famille.Accueil familial, adoption",1
GE,2007,"Enseignement, sciences, documentation et culture.Assurance de la qualité, surveillance, direction.Autorités scolaires",1
GE,2007,"Défense nationale, protection de la population, police",1
GE,2007,"Aménagement du territoire et constructions, expropriation, travaux publics, énergie, transports, environnement.Protection de l'environnement.Protection contre le bruit",1
GE,2007,"Aménagement du territoire et constructions, expropriation, travaux publics, énergie, transports, environnement.Protection de l'environnement.Produits toxiques et chimiques",1
GE,2007,"Aménagement du territoire et constructions, expropriation, travaux publics, énergie, transports, environnement.Protection de la nature et du paysage.Protection du paysage",1
GE,2007,"Santé, travail, droit des assurances sociales, logement, homes",3
GE,2007,"Santé, travail, droit des assurances sociales, logement, homes.Droit du travail.Marché du travail.Travail au noir",1
GE,2007,"Santé, travail, droit des assurances sociales, logement, homes.Droit des assurances sociales.AVS/AI",1
GE,2007,"Santé, travail, droit des assurances sociales, logement, homes.Assistance.Aide sociale",1
GE,2007,"Santé, travail, droit des assurances sociales, logement, homes.Assistance.Protection de la jeunesse, aide à la jeunesse",1
GE,2008,Droit civil.Dispositions d'introduction du code civil.Droit de la famille.Tutelle,1
GE,2008,"Droit civil.Dispositions d'introduction du code civil.Droits réels.Registre foncier, mensurations cadastrales",1
GE,2008,"Enseignement, sciences, documentation et culture.Degré secondaire II: Formation professionnelle initiale.Orientation professionnelle",1
GE,2008,"Enseignement, sciences, documentation et culture.Pédagogie spécialisée.Ecoles spécialisées",1
GE,2008,"Défense nationale, protection de la population, police",2
GE,2008,"Défense nationale, protection de la population, police.Sécurité intérieure.Maintien de la tranquillité et de l'ordre public.Chiens, animaux dangereux",1
GE,2008,"Défense nationale, protection de la population, police.Sécurité intérieure.Maintien de la tranquillité et de l'ordre public.Domaine public",1
GE,2008,"Finances, Impôts, monopoles, entreprises d'état",1
GE,2008,"Finances, Impôts, monopoles, entreprises d'état.Impôts.Impôts sur le revenu et la fortune / impôts sur les bénéfices et les capitaux.Impôt à la source",1
GE,2008,"Aménagement du territoire et constructions, expropriation, travaux publics, énergie, transports, environnement.Aménagement du territoire et constructions.Places de parking",1
GE,2008,"Santé, travail, droit des assurances sociales, logement, homes",1
GE,2008,"Santé, travail, droit des assurances sociales, logement, homes.Santé.Prévention des dépendances.Interdictions de fumer",1
GE,2008,"Santé, travail, droit des assurances sociales, logement, homes.Droit du travail.Employés.Mobbing, harcèlement sexuel",1
GE,2009,Etat.Dispositions générales.Constitution,1
GE,2009,Etat.Autorités.Gouvernement et administration.Emoluments administratifs,1
GE,2009,Etat.Communes.Finances communales,1
GE,2009,"Enseignement, sciences, documentation et culture.Pédagogie spécialisée.Ecoles d'art et de sport",1
GE,2009,"Enseignement, sciences, documentation et culture.Assurance de la qualité, surveillance, direction.Direction",1
GE,2009,"Défense nationale, protection de la population, police",1
GE,2009,"Défense nationale, protection de la population, police.Sécurité intérieure.Police.Personnel",1
GE,2009,"Finances, Impôts, monopoles, entreprises d'état",3
GE,2009,"Finances, Impôts, monopoles, entreprises d'état.Finances.Contributions étatiques, subventions",1
GE,2009,"Aménagement du territoire et constructions, expropriation, travaux publics, énergie, transports, environnement.Energie.Electricité",1
GE,2009,"Santé, travail, droit des assurances sociales, logement, homes",1
GE,2009,"Santé, travail, droit des assurances sociales, logement, homes.Santé.Professions médicales.Médecins",1
GE,2009,"Santé, travail, droit des assurances sociales, logement, homes.Santé.Soins à domicile",1
GE,2009,"Santé, travail, droit des assurances sociales, logement, homes.Logement.Mesures d'encouragement à la construction de logements",1
GE,2009,Economie,1
GE,2009,Economie.Agriculture.Culture des plantes.Vignoble,1
GE,2010,Etat.Dispositions générales.Etablissement et séjour.Etablissement et séjour des étrangers.asile,1
GE,2010,Etat.Autorités.Gouvernement et administration.Administration.Directions et offices,1
GE,2010,Etat.Autorités.Gouvernement et administration.Administration.Commissions,1
GE,2010,"Etat.Autorités.Gouvernement et administration.Droit du personnel.Durée du travail, vacances, congés",1
GE,2010,"Etat.Autorités.Gouvernement et administration.Droit du personnel.Traitements, indemnités",1
GE,2010,Etat.Autorités.Informatique.E-Government,1
GE,2010,"Enseignement, sciences, documentation et culture",1
GE,2010,"Enseignement, sciences, documentation et culture.Degré prescolaire, école primaire, degré secondaire I.Ecole primaire, degré secondaire I",1
GE,2010,"Défense nationale, protection de la population, police.Sécurité intérieure.Police.Personnel",1
GE,2010,"Finances, Impôts, monopoles, entreprises d'état",2
GE,2010,"Finances, Impôts, monopoles, entreprises d'état.Finances.Budget, comptes",1
GE,2010,"Finances, Impôts, monopoles, entreprises d'état.Finances.Contrôle des finances",1
GE,2010,"Finances, Impôts, monopoles, entreprises d'état.Impôts.Impôts sur le revenu et la fortune / impôts sur les bénéfices et les capitaux.Impôt cantonal",1
GE,2010,"Finances, Impôts, monopoles, entreprises d'état.Impôts.Taxe foncière",1
GE,2010,"Santé, travail, droit des assurances sociales, logement, homes",1
GE,2010,"Santé, travail, droit des assurances sociales, logement, homes.Droit des assurances sociales.Prestations complémentaires",1
GE,2010,"Santé, travail, droit des assurances sociales, logement, homes.Droit des assurances sociales.LAMAL.Limitation de l'admission des fournisseurs de prestations",2
GE,2010,Economie.Arts et métiers.Services.Prostitution,1
GE,2011,Etat,2
GE,2011,Etat.Dispositions générales.Information du public,1
GE,2011,"Droit civil.Dispositions d'introduction du code civil.Droits réels.Registre foncier, mensurations cadastrales",1
GE,2011,"Droit civil.Procédure civile.Emoluments, frais",1
GE,2011,Droit pénal,1
GE,2011,Droit pénal.Procédure pénale.Emoluments,1
GE,2011,Droit pénal.Procédure pénale.Aide aux victimes d'infractions,1
GE,2011,"Enseignement, sciences, documentation et culture",1
GE,2012,Droit pénal.Exécution des peines et des mesures.Etablissements.Personnel,1
GE,2012,"Finances, Impôts, monopoles, entreprises d'état.Impôts.Impôts sur le revenu et la fortune / impôts sur les bénéfices et les capitaux.Impôt cantonal",1
GE,2012,"Santé, travail, droit des assurances sociales, logement, homes",4
GE,2012,"Santé, travail, droit des assurances sociales, logement, homes.Santé.Substances thérapeutiques, stupéfiants",1
GE,2012,"Santé, travail, droit des assurances sociales, logement, homes.Droit des assurances sociales.AVS/AI",1
GE,2012,"Santé, travail, droit des assurances sociales, logement, homes.Droit des assurances sociales.Prestations complémentaires",1
GE,2012,"Santé, travail, droit des assurances sociales, logement, homes.Droit des assurances sociales.Assurance-chômage",1
GE,2013,Etat,1
GE,2013,"Etat.Autorités.Gouvernement et administration.Droit du personnel.Pensions, prestations d'assurance",3
GE,2013,Etat.Autorités.Organisation judiciaire.Personnel des tribunaux,1
GE,2013,"Enseignement, sciences, documentation et culture",1
GE,2013,"Défense nationale, protection de la population, police.Sécurité intérieure.Police.Personnel",1
GE,2013,"Finances, Impôts, monopoles, entreprises d'état",3
GE,2013,"Aménagement du territoire et constructions, expropriation, travaux publics, énergie, transports, environnement.Aménagement du territoire et constructions.Zones",1
GE,2013,"Aménagement du territoire et constructions, expropriation, travaux publics, énergie, transports, environnement.Travaux publics.Routes.Chemins pédestres et de randonnée",1
GE,2013,"Santé, travail, droit des assurances sociales, logement, homes",2
GE,2013,Economie,1
GE,2014,"Etat.Autorités.Gouvernement et administration.Droit du personnel.Pensions, prestations d'assurance",1
GE,2014,"Etat.Autorités.Organisation judiciaire.Autorités judiciaires.Juges d'instruction, Ministère public.Ministère public",1
GE,2014,"Etat.Autorités.Organisation judiciaire.Autorités judiciaires.Cours supérieures, tribunaux fédéraux",6
GE,2014,"Etat.Autorités.Organisation judiciaire.Autorités judiciaires.Tribunaux administratifs, des assurances et des assurances sociales",1
GE,2014,"Etat.Autorités.Organisation judiciaire.Autorités judiciaires.Prud'hommes, Tribunaux des baux à loyer",1
GE,2014,Droit pénal,2
GE,2014,Droit pénal.Droit pénal des mineurs et procédure pénale des mineurs,1
GE,2014,"Enseignement, sciences, documentation et culture.Assurance de la qualité, surveillance, direction.Direction",1
GE,2014,"Défense nationale, protection de la population, police",1
GE,2014,"Finances, Impôts, monopoles, entreprises d'état.Finances.Budget, comptes",2
GE,2014,"Santé, travail, droit des assurances sociales, logement, homes",2
GE,2014,"Santé, travail, droit des assurances sociales, logement, homes.Santé.Etique",1
GE,2014,"Santé, travail, droit des assurances sociales, logement, homes.Santé.Urgences, ambulances",2
GE,2014,"Santé, travail, droit des assurances sociales, logement, homes.Droit des assurances sociales.LAMAL.Tarifs.Conventions",1
GE,2015,Etat.Autorités.Organisation judiciaire.Personnel des tribunaux,1
GE,2015,"Enseignement, sciences, documentation et culture.Art, culture, sport.Encouragement à la culture",1
GE,2015,"Enseignement, sciences, documentation et culture.Art, culture, sport.Sport",1
GE,2015,"Finances, Impôts, monopoles, entreprises d'état",1
GE,2015,"Santé, travail, droit des assurances sociales, logement, homes",1
GE,2015,Economie.Commerce.Surveillance des prix,1
GE,2016,Etat.Dispositions générales.Etablissement et séjour.Etablissement et séjour des étrangers.asile,1
GE,2016,Etat.Communes.Répartition des tâches entre canton et communes,1
GE,2016,Droit pénal.Droit pénal des mineurs et procédure pénale des mineurs,1
GE,2016,"Enseignement, sciences, documentation et culture",5
GE,2016,"Enseignement, sciences, documentation et culture.Degré prescolaire, école primaire, degré secondaire I.Crèches",1
GE,2016,"Enseignement, sciences, documentation et culture.Degré secondaire II: Formation professionnelle initiale.Passerelle",1
GE,2016,"Enseignement, sciences, documentation et culture.Degré tertiaire: Ecoles supérieures",1
GE,2016,"Enseignement, sciences, documentation et culture.Formation continue (Degré quaternaire).Formation des adultes",1
GE,2016,"Défense nationale, protection de la population, police",1
GE,2016,"Défense nationale, protection de la population, police.Sécurité intérieure.Police.Police cantonale",1
GE,2016,"Défense nationale, protection de la population, police.Sécurité intérieure.Police.Personnel",1
GE,2016,"Economie.Arts et métiers.Services.Cinéma, théâtre, divertissement",1
GE,2017,Etat.Dispositions générales.Etablissement et séjour.Etablissement et séjour des étrangers.mesures de contrainte,1
GE,2017,"Etat.Dispositions générales.Droits fondamentaux, droits politiques.égalité entre hommes et femmes",1
GE,2017,Etat.Dispositions générales.Publications officielles.feuilles officielles,1
GE,2017,Etat.Dispositions générales.Information du public,1
GE,2017,Droit pénal,2
GE,2017,"Enseignement, sciences, documentation et culture",2
GE,2017,"Enseignement, sciences, documentation et culture.Degré tertiaire: Ecoles supérieures",1
GE,2017,"Défense nationale, protection de la population, police",2
GE,2017,"Défense nationale, protection de la population, police.Sécurité intérieure.Police.Personnel",1
GE,2017,"Finances, Impôts, monopoles, entreprises d'état",1
GE,2017,"Finances, Impôts, monopoles, entreprises d'état.Finances.Contrôle des finances",1
GE,2017,Economie.Arts et métiers.Services.Taxis,1
GE,2018,Etat,1
GE,2018,Etat.Dispositions générales.Information du public,1
GE,2018,Etat.Autorités.Organisation judiciaire.Personnel des tribunaux,1
GE,2018,"Enseignement, sciences, documentation et culture",1
GE,2018,"Défense nationale, protection de la population, police",1
GE,2018,"Finances, Impôts, monopoles, entreprises d'état",2
GE,2018,"Finances, Impôts, monopoles, entreprises d'état.Impôts.Impôts sur le revenu et la fortune / impôts sur les bénéfices et les capitaux.Impôt cantonal",1
GE,2018,"Aménagement du territoire et constructions, expropriation, travaux publics, énergie, transports, environnement.Protection de la nature et du paysage.Protection des plantes",1
GE,2018,"Santé, travail, droit des assurances sociales, logement, homes",1
GE,2018,Economie.Agriculture.Mesures d'encouragement,1
GE,2019,Etat,1
GE,2019,Etat.Autorités.Informatique.E-Government,1
GE,2019,"Défense nationale, protection de la population, police",1
GE,2019,"Santé, travail, droit des assurances sociales, logement, homes",2
GE,2020,Etat.Autorités.Organisation judiciaire.Personnel des tribunaux,1
GE,2020,"Enseignement, sciences, documentation et culture.Structures d'accueil complémentaires",1
GE,2020,"Enseignement, sciences, documentation et culture.Documentation.Statistique",1
GE,2020,"Enseignement, sciences, documentation et culture.Art, culture, sport.Encouragement à la culture",1
GE,2020,"Finances, Impôts, monopoles, entreprises d'état.Impôts.Impôts sur le revenu et la fortune / impôts sur les bénéfices et les capitaux.Impôt à la source",1
GE,2020,"Santé, travail, droit des assurances sociales, logement, homes",1
GE,2020,"Santé, travail, droit des assurances sociales, logement, homes.Santé.Lutte contre les maladies.Epidémies, pandémies",5
GE,2020,Economie,1
GE,2021,Droit pénal,1
GE,2021,"Enseignement, sciences, documentation et culture",2
GE,2021,"Finances, Impôts, monopoles, entreprises d'état.Monopoles, régales, entreprises d'état.Alcool",1
GE,2021,"Aménagement du territoire et constructions, expropriation, travaux publics, énergie, transports, environnement",1
GE,2021,"Santé, travail, droit des assurances sociales, logement, homes.Santé.Soins à domicile",1
GE,2021,"Santé, travail, droit des assurances sociales, logement, homes.Santé.Lutte contre les maladies.Epidémies, pandémies",2
GE,2021,"Santé, travail, droit des assurances sociales, logement, homes.Droit des assurances sociales.Assurance-chômage",1
GE,2021,"Santé, travail, droit des assurances sociales, logement, homes.Assistance.Protection de la jeunesse, aide à la jeunesse",1
GE,2021,Economie.Arts et métiers.Services.Jeux de hasard et loteries.Fonds de loterie,1
GE,2022,Etat,1
GE,2022,"Enseignement, sciences, documentation et culture.Degré prescolaire, école primaire, degré secondaire I.Crèches",1
GE,2022,"Santé, travail, droit des assurances sociales, logement, homes",2
GE,2022,"Santé, travail, droit des assurances sociales, logement, homes.Assistance.Aide sociale",1
GE,2023,Etat.Autorités.Gouvernement et administration.Gouvernement.Indemnités,1
GE,2023,Droit pénal,1
GE,2023,"Santé, travail, droit des assurances sociales, logement, homes",1
GE,2023,"Santé, travail, droit des assurances sociales, logement, homes.Droit du travail.Offices de conciliation",1
GE,2023,Economie,1
GE,2024,"Etat.Autorités.Ombudsman, médiateur",1
GE,2024,Droit pénal,1
GE,2024,"Finances, Impôts, monopoles, entreprises d'état",1
GE,2024,"Finances, Impôts, monopoles, entreprises d'état.Finances.Contributions étatiques, subventions",1
GE,2024,"Aménagement du territoire et constructions, expropriation, travaux publics, énergie, transports, environnement",1
GE,2024,"Aménagement du territoire et constructions, expropriation, travaux publics, énergie, transports, environnement.Transports.Transports publics.Transports régionaux",1
GE,2024,"Santé, travail, droit des assurances sociales, logement, homes.Assistance.Aide sociale",1
GE,2025,Droit civil.Dispositions d'introduction du code civil.Droits réels.Estimation officielle des immeubles,1
GE,2025,"Droit civil.Dispositions d'introduction du code civil.Droits réels.Registre foncier, mensurations cadastrales",1
GE,2025,"Défense nationale, protection de la population, police",1
GE,2025,"Finances, Impôts, monopoles, entreprises d'état.Finances.Contributions étatiques, subventions",1
GE,2025,"Santé, travail, droit des assurances sociales, logement, homes",1
GE,2025,"Santé, travail, droit des assurances sociales, logement, homes.Santé.Urgences, ambulances",1
GE,2025,"Santé, travail, droit des assurances sociales, logement, homes.Droit des assurances sociales.Allocation perte de gain",1
GE,2025,Economie,1
GE,2026,Etat.Autorités.Gouvernement et administration.Gouvernement.Chancellerie de l'Etat,1
GE,2026,"Enseignement, sciences, documentation et culture",1
GE,2026,"Enseignement, sciences, documentation et culture.Degré prescolaire, école primaire, degré secondaire I.Ecole primaire, degré secondaire I",1
GE,2026,"Aménagement du territoire et constructions, expropriation, travaux publics, énergie, transports, environnement.Protection de la nature et du paysage.Protection de la nature",1
GL,1948,"Santé, travail, droit des assurances sociales, logement, homes.Droit des assurances sociales.AVS/AI",1
GL,1964,"Santé, travail, droit des assurances sociales, logement, homes.Santé.Etablissements hospitaliers, cliniques.Hôpitaux cantonaux",1
GL,1968,Droit pénal,1
GL,1970,"Santé, travail, droit des assurances sociales, logement, homes.Santé.Professions médicales.Personnel soignant",1
GL,1972,"Enseignement, sciences, documentation et culture.Documentation.Archives",1
GL,1973,"Enseignement, sciences, documentation et culture.Degré prescolaire, école primaire, degré secondaire I.Ecole primaire, degré secondaire I",1
GL,1976,Droit pénal,1
GL,1978,"Droit civil.Dispositions d'introduction du code civil.Droits réels.Registre foncier, mensurations cadastrales",1
GL,1978,"Défense nationale, protection de la population, police.Protection de la population.Protection civile.Financement",2
GL,1981,"Enseignement, sciences, documentation et culture",2
GL,1983,"Enseignement, sciences, documentation et culture.Corps enseignant.Formation",1
GL,1986,"Défense nationale, protection de la population, police.Protection de la population.Protection contre les incendies / éléments naturels.Assurances des bâtiments.Assurance contre les dommages causés par les éléments naturels",1
GL,1988,"Enseignement, sciences, documentation et culture.Sport scolaire",1
GL,1989,Etat,1
GL,1989,Etat.Autorités.Gouvernement et administration.Droit du personnel.Engagement,1
GL,1989,"Etat.Autorités.Gouvernement et administration.Droit du personnel.Traitements, indemnités",1
GL,1990,Etat,1
GL,1991,Etat.Professions juridiques.Avocats.Formation,1
GL,1991,Droit pénal,1
GL,1994,"Défense nationale, protection de la population, police.Protection de la population.Protection contre les incendies / éléments naturels.Assurances des bâtiments.Assurance contre les dommages causés par les éléments naturels",1
GL,1995,Etat.Eglise et Etat.Eglise évangélique réformée,1
GL,1995,"Défense nationale, protection de la population, police.Protection de la population.Protection contre les incendies / éléments naturels.Assurances des bâtiments.Assurance contre les dommages causés par les éléments naturels",1
GL,1996,"Enseignement, sciences, documentation et culture.Degré secondaire II.Ecole moyenne",1
GL,1997,"Défense nationale, protection de la population, police.Protection de la population.Protection civile.Constructions de protection civile",1
GL,1997,"Défense nationale, protection de la population, police.Sécurité intérieure.Police.Personnel",1
GL,1999,"Finances, Impôts, monopoles, entreprises d'état.Entreprises d'Etat.Banques cantonales",1
GL,1999,"Santé, travail, droit des assurances sociales, logement, homes.Santé.Etablissements hospitaliers, cliniques.Cliniques psychiatriques",1
GL,2000,"Enseignement, sciences, documentation et culture.Degré secondaire II: Formation professionnelle initiale.Ecoles préparant à la maturité professionnelle",1
GL,2001,"Enseignement, sciences, documentation et culture.Contributions à la formation.Bourses d'études",1
GL,2001,"Enseignement, sciences, documentation et culture.Assurance de la qualité, surveillance, direction.Arrondissements scolaires",1
GL,2001,"Santé, travail, droit des assurances sociales, logement, homes.Santé.Etablissements hospitaliers, cliniques.Hôpitaux cantonaux",2
GL,2002,"Enseignement, sciences, documentation et culture",1
GL,2003,Droit pénal,1
GL,2003,"Enseignement, sciences, documentation et culture.Degré secondaire II.Ecoles moyennes supérieures, écoles des culture générale, écoles de degré diplôme",1
GL,2003,"Enseignement, sciences, documentation et culture.Formation continue (Degré quaternaire).Formation continue des enseignants",1
GL,2003,"Défense nationale, protection de la population, police.Protection de la population.Protection contre les incendies / éléments naturels.Protection contre le feu, pompiers",1
GL,2006,"Santé, travail, droit des assurances sociales, logement, homes",1
GL,2008,"Etat.Autorités.Gouvernement et administration.Droit du personnel.Traitements, indemnités",1
GL,2008,Etat.Professions juridiques.Notaires.Formation,1
GL,2008,"Santé, travail, droit des assurances sociales, logement, homes",1
GL,2011,"Défense nationale, protection de la population, police",1
GL,2011,"Défense nationale, protection de la population, police.Protection de la population.Protection contre les incendies / éléments naturels.Protection contre le feu, pompiers",1
GL,2013,"Défense nationale, protection de la population, police.Protection de la population.Protection contre les incendies / éléments naturels.Protection contre le feu, pompiers",1
GL,2013,"Défense nationale, protection de la population, police.Protection de la population.Protection contre les incendies / éléments naturels.Ramoneurs",1
GL,2016,"Défense nationale, protection de la population, police.Protection de la population.Protection contre les incendies / éléments naturels.Assurances des bâtiments.Assurance contre les dommages causés par les éléments naturels",1
GL,2022,"Etat.Autorités.Organisation judiciaire.Autorités judiciaires.Cours supérieures, tribunaux fédéraux",1
GL,2022,"Etat.Autorités.Organisation judiciaire.Autorités judiciaires.Tribunaux administratifs, des assurances et des assurances sociales",1
GL,2022,Droit pénal,1
GL,2024,"Finances, Impôts, monopoles, entreprises d'état",1
GL,2026,"Enseignement, sciences, documentation et culture.Degré secondaire II.Ecole moyenne",2
GL,2026,"Enseignement, sciences, documentation et culture.Degré secondaire II.Ecoles moyennes supérieures, écoles des culture générale, écoles de degré diplôme",1
GL,2026,"Enseignement, sciences, documentation et culture.Sport scolaire",1
GR,1908,"Enseignement, sciences, documentation et culture.Documentation.Bibliothèques",1
GR,1963,Etat.Autorités.Responsabilité de l'état,1
GR,1965,"Finances, Impôts, monopoles, entreprises d'état.Finances.Contributions étatiques, subventions",1
GR,1974,"Enseignement, sciences, documentation et culture.Degré secondaire II.Ecole moyenne",1
GR,1974,"Enseignement, sciences, documentation et culture.Contributions à la formation.Bourses d'études",1
GR,1975,"Aménagement du territoire et constructions, expropriation, travaux publics, énergie, transports, environnement.Protection de la nature et du paysage.Protection des plantes",1
GR,1978,"Enseignement, sciences, documentation et culture.Contributions à la formation.Bourses d'études",1
GR,1979,"Santé, travail, droit des assurances sociales, logement, homes.Santé.Soins à domicile",1
GR,1982,"Enseignement, sciences, documentation et culture",1
GR,1983,"Santé, travail, droit des assurances sociales, logement, homes.Droit des assurances sociales.Assurance-chômage",1
GR,1989,"Enseignement, sciences, documentation et culture",1
GR,1991,"Santé, travail, droit des assurances sociales, logement, homes.Santé.Soins à domicile",1
GR,1993,"Santé, travail, droit des assurances sociales, logement, homes",1
GR,1994,"Santé, travail, droit des assurances sociales, logement, homes",2
GR,1994,"Santé, travail, droit des assurances sociales, logement, homes.Santé.Hygiène.Enfouissement des déchets carnés",1
GR,1995,"Aménagement du territoire et constructions, expropriation, travaux publics, énergie, transports, environnement.Travaux publics.Aménagement des eaux.Utilisation des eaux",1
GR,1996,"Santé, travail, droit des assurances sociales, logement, homes.Santé.Services psychiatriques",1
GR,1997,Etat.Autorités.Gouvernement et administration.Administration.Commissions,1
GR,1998,"Enseignement, sciences, documentation et culture.Assurance de la qualité, surveillance, direction.Matériel scolaire",1
GR,1998,"Santé, travail, droit des assurances sociales, logement, homes.Santé.Soins à domicile",1
GR,1998,"Santé, travail, droit des assurances sociales, logement, homes.Droit des assurances sociales.Assurance-chômage",1
GR,1998,Economie.Arts et métiers.Services.Jeux de hasard et loteries.Fonds de loterie,1
GR,2000,Economie,1
GR,2001,Droit civil.Dispositions d'introduction du code civil.Droits réels.Estimation officielle des immeubles,1
GR,2003,"Enseignement, sciences, documentation et culture.Contributions à la formation.Ecolages",1
GR,2003,Economie.Agriculture.Formation agricole.Ecole agricole,1
GR,2003,Economie.Agriculture.Lait,1
GR,2005,Etat,1
GR,2005,Economie,1
GR,2009,Economie,1
GR,2013,"Etat.Autorités.Gouvernement et administration.Droit du personnel.Pensions, prestations d'assurance",1
GR,2013,"Finances, Impôts, monopoles, entreprises d'état.Finances.Budget, comptes",1
GR,2024,"Etat.Autorités.Organisation judiciaire.Autorités judiciaires.Cours supérieures, tribunaux fédéraux",1
GR,2024,"Etat.Autorités.Organisation judiciaire.Autorités judiciaires.Tribunaux de district / d'arrondissement, juges de paix",1
GR,2025,"Etat.Autorités.Organisation judiciaire.Autorités judiciaires.Tribunaux de district / d'arrondissement, juges de paix",11
JU,1978,"Etat.Autorités.Gouvernement et administration.Droit du personnel.Traitements, indemnités",1
JU,1978,"Enseignement, sciences, documentation et culture.Degré secondaire II.Ecole moyenne",1
JU,1978,"Enseignement, sciences, documentation et culture.Corps enseignant.Formation",1
JU,1978,"Enseignement, sciences, documentation et culture.Assurance de la qualité, surveillance, direction.Surveillance scolaire",1
JU,1978,"Enseignement, sciences, documentation et culture.Assurance de la qualité, surveillance, direction.Autorités scolaires",1
JU,1978,"Enseignement, sciences, documentation et culture.Sciences, recherche",1
JU,1978,"Aménagement du territoire et constructions, expropriation, travaux publics, énergie, transports, environnement.Protection de la nature et du paysage.Protection des monuments et des biens culturels",1
JU,1978,"Santé, travail, droit des assurances sociales, logement, homes",1
JU,1978,"Santé, travail, droit des assurances sociales, logement, homes.Santé.Lutte contre les maladies.Tuberculose",1
JU,1978,Publications sans texte,1
JU,1979,Etat.Autorités.Organisation judiciaire.Personnel des tribunaux,1
JU,1980,Droit civil,1
JU,1980,Economie.Promotion de l'économie,1
JU,1981,Etat,1
JU,1985,Etat.Autorités.Gouvernement et administration.Administration.Commissions,1
JU,1985,"Etat.Autorités.Gouvernement et administration.Droit du personnel.Traitements, indemnités",1
JU,1985,"Enseignement, sciences, documentation et culture",1
JU,1986,Etat.Autorités.Gouvernement et administration.Gouvernement.Indemnités,1
JU,1986,Economie.Arts et métiers.Services.Jeux de hasard et loteries.Fonds de loterie,1
JU,1988,Economie,1
JU,1989,Etat.Dispositions générales.Droit de cité,1
JU,1990,"Etat.Autorités.Gouvernement et administration.Droit du personnel.Commissions du personnel, commissions paritaires",1
JU,1990,"Enseignement, sciences, documentation et culture",1
JU,1994,Etat,1
JU,1994,"Enseignement, sciences, documentation et culture",1
JU,1994,"Enseignement, sciences, documentation et culture.Degré secondaire II: Formation professionnelle initiale.Ecoles préparant à la maturité professionnelle",1
JU,1994,"Santé, travail, droit des assurances sociales, logement, homes.Droit des assurances sociales.AVS/AI",1
JU,1996,"Enseignement, sciences, documentation et culture.Degré secondaire II: Formation professionnelle initiale.Ecoles préparant à la maturité professionnelle",2
JU,1996,"Santé, travail, droit des assurances sociales, logement, homes.Droit des assurances sociales.Assurance-chômage",1
JU,1999,"Enseignement, sciences, documentation et culture.Degré secondaire II: Formation professionnelle initiale.Orientation professionnelle",2
JU,2000,"Etat.Autorités.Organisation judiciaire.Autorités judiciaires.Cours supérieures, tribunaux fédéraux",1
JU,2000,"Etat.Autorités.Organisation judiciaire.Autorités judiciaires.Tribunaux de district / d'arrondissement, juges de paix",1
JU,2000,"Enseignement, sciences, documentation et culture",1
JU,2000,"Enseignement, sciences, documentation et culture.Degré secondaire II.Ecole moyenne",1
JU,2000,Economie.Forêt.Personnel forestier,1
JU,2001,"Etat.Dispositions générales.Droits fondamentaux, droits politiques.égalité entre hommes et femmes",1
JU,2003,Droit civil,1
JU,2003,"Enseignement, sciences, documentation et culture",1
JU,2003,"Enseignement, sciences, documentation et culture.Degré secondaire II.Ecoles supérieures de commerce, ecoles supérieures d'informatique",1
JU,2004,Etat.Dispositions générales.Information du public,1
JU,2004,Etat.Autorités.Gouvernement et administration.Droit du personnel.Engagement,1
JU,2004,Etat.Professions juridiques.Avocats.Formation,1
JU,2004,Droit pénal,1
JU,2004,"Enseignement, sciences, documentation et culture",1
JU,2004,"Enseignement, sciences, documentation et culture.Degré secondaire II.Ecoles supérieures de commerce, ecoles supérieures d'informatique",1
JU,2005,"Enseignement, sciences, documentation et culture.Degré secondaire II: Formation professionnelle initiale.Ecoles préparant à la maturité professionnelle",1
JU,2005,"Enseignement, sciences, documentation et culture.Degré secondaire II: Formation professionnelle initiale.Solutions transitoires",1
JU,2006,"Etat.Autorités.Organisation judiciaire.Autorités judiciaires.Cours supérieures, tribunaux fédéraux",1
JU,2007,Etat,1
JU,2009,Economie.Promotion de l'économie,1
JU,2011,"Etat.Autorités.Organisation judiciaire.Autorités judiciaires.Juges d'instruction, Ministère public.Ministère public",1
JU,2017,"Enseignement, sciences, documentation et culture.Degré secondaire II.Ecole moyenne",1
JU,2021,Economie,1
JU,2021,Economie.Arts et métiers.Services.Jeux de hasard et loteries.Fonds de loterie,1
JU,2022,Etat,1
JU,2026,"Enseignement, sciences, documentation et culture",1
JU,2026,Publications sans texte,1
LU,1867,"Aménagement du territoire et constructions, expropriation, travaux publics, énergie, transports, environnement.Travaux publics.Aménagement des eaux.Corrections des eaux / Protection contre les crues",1
LU,1935,"Droit civil.Dispositions d'introduction du code civil.Droits réels.Registre foncier, mensurations cadastrales",1
LU,1940,"Enseignement, sciences, documentation et culture.Assurance de la qualité, surveillance, direction.Matériel scolaire",1
LU,1968,Droit pénal,1
LU,1969,"Santé, travail, droit des assurances sociales, logement, homes.Santé.Etablissements hospitaliers, cliniques.Hôpitaux cantonaux",2
LU,1969,"Santé, travail, droit des assurances sociales, logement, homes.Santé.Etablissements hospitaliers, cliniques.Cliniques psychiatriques",1
LU,1974,"Aménagement du territoire et constructions, expropriation, travaux publics, énergie, transports, environnement.Protection de la nature et du paysage.Protection des monuments et des biens culturels",2
LU,1975,"Santé, travail, droit des assurances sociales, logement, homes.Santé.Etablissements hospitaliers, cliniques.Cliniques psychiatriques",1
LU,1979,"Enseignement, sciences, documentation et culture.Documentation.Musées",1
LU,1982,"Etat.Autorités.Gouvernement et administration.Droit du personnel.Pensions, prestations d'assurance",1
LU,1982,"Enseignement, sciences, documentation et culture.Pédagogie spécialisée.Ecoles d'art et de sport",2
LU,1984,"Enseignement, sciences, documentation et culture.Corps enseignant.Formation",1
LU,1986,Non classé,1
LU,1987,"Enseignement, sciences, documentation et culture.Documentation.Musées",1
LU,1989,"Enseignement, sciences, documentation et culture.Corps enseignant.Formation",1
LU,1992,"Enseignement, sciences, documentation et culture.Pédagogie spécialisée.Ecoles d'art et de sport",1
LU,1993,"Enseignement, sciences, documentation et culture.Formation continue (Degré quaternaire).Formation des adultes",1
LU,1993,"Enseignement, sciences, documentation et culture.Corps enseignant.Formation",1
LU,1993,"Finances, Impôts, monopoles, entreprises d'état.Monopoles, régales, entreprises d'état.Chasse.Chasseurs",2
LU,1995,"Etat.Autorités.Organisation judiciaire.Autorités judiciaires.Juges d'instruction, Ministère public.Juges d'instruction",2
LU,1995,Droit pénal,2
LU,1995,Non classé,1
LU,1996,"Etat.Autorités.Organisation judiciaire.Autorités judiciaires.Cours supérieures, tribunaux fédéraux",1
LU,1996,"Santé, travail, droit des assurances sociales, logement, homes.Assistance.Aide sociale",1
LU,1997,Etat.Dispositions générales.Information du public,1
LU,1997,"Etat.Autorités.Organisation judiciaire.Autorités judiciaires.Tribunaux administratifs, des assurances et des assurances sociales",1
LU,1997,"Enseignement, sciences, documentation et culture.Degré secondaire II.Ecoles supérieures de commerce, ecoles supérieures d'informatique",1
LU,1998,"Enseignement, sciences, documentation et culture.Degré tertiaire: Ecoles supérieures",1
LU,1998,"Santé, travail, droit des assurances sociales, logement, homes.Santé.Etablissements hospitaliers, cliniques.Hôpitaux cantonaux",1
LU,1999,"Etat.Autorités.Organisation judiciaire.Autorités judiciaires.Juges d'instruction, Ministère public.Juges d'instruction",2
LU,1999,Droit pénal,1
LU,1999,"Enseignement, sciences, documentation et culture",1
LU,1999,"Enseignement, sciences, documentation et culture.Degré secondaire II.Ecoles supérieures de commerce, ecoles supérieures d'informatique",1
LU,1999,"Enseignement, sciences, documentation et culture.Corps enseignant.Formation",1
LU,1999,"Santé, travail, droit des assurances sociales, logement, homes.Santé.Etablissements hospitaliers, cliniques.Hôpitaux cantonaux",1
LU,2000,"Enseignement, sciences, documentation et culture.Degré tertiaire: universités.Faculté de théologie",1
LU,2000,"Enseignement, sciences, documentation et culture.Degré tertiaire: Hautes écoles.Pédagogie",1
LU,2000,"Santé, travail, droit des assurances sociales, logement, homes.Santé.Professions médicales.Personnel soignant",1
LU,2001,"Enseignement, sciences, documentation et culture.Degré secondaire II.Ecole moyenne",2
LU,2001,"Enseignement, sciences, documentation et culture.Degré tertiaire: universités.Faculté de droit",1
LU,2001,"Enseignement, sciences, documentation et culture.Degré tertiaire: Ecoles supérieures",1
LU,2001,"Défense nationale, protection de la population, police.Sécurité intérieure.Police.Personnel",1
LU,2002,"Enseignement, sciences, documentation et culture",1
LU,2002,"Enseignement, sciences, documentation et culture.Degré tertiaire: universités.Faculté de théologie",1
LU,2002,"Enseignement, sciences, documentation et culture.Degré tertiaire: universités.Faculté de philosophie",1
LU,2002,"Santé, travail, droit des assurances sociales, logement, homes.Santé.Professions médicales.Personnel soignant",1
LU,2002,"Santé, travail, droit des assurances sociales, logement, homes.Droit des assurances sociales.Assurance-chômage",1
LU,2003,"Enseignement, sciences, documentation et culture",3
LU,2003,"Santé, travail, droit des assurances sociales, logement, homes.Santé.Professions médicales.Psychothérapeutes",1
LU,2004,Etat.Dispositions générales.Information du public,1
LU,2004,"Enseignement, sciences, documentation et culture",1
LU,2004,Non classé,1
LU,2005,"Droit civil.Dispositions d'introduction du code civil.Droits réels.Registre foncier, mensurations cadastrales",1
LU,2005,"Enseignement, sciences, documentation et culture",3
LU,2005,"Enseignement, sciences, documentation et culture.Degré secondaire II.Ecoles moyennes supérieures, écoles des culture générale, écoles de degré diplôme",1
LU,2005,"Enseignement, sciences, documentation et culture.Degré secondaire II: Formation professionnelle initiale.Ecoles préparant à la maturité professionnelle",1
LU,2005,"Enseignement, sciences, documentation et culture.Degré secondaire II: Formation professionnelle initiale.Passerelle",1
LU,2005,"Enseignement, sciences, documentation et culture.Corps enseignant.Engagement",1
LU,2005,"Enseignement, sciences, documentation et culture.Corps enseignant.Personnel des universités",1
LU,2005,"Santé, travail, droit des assurances sociales, logement, homes.Santé.Professions médicales.Personnel soignant",2
LU,2005,"Santé, travail, droit des assurances sociales, logement, homes.Santé.Laboratoires médicaux",1
LU,2006,"Enseignement, sciences, documentation et culture",1
LU,2007,"Enseignement, sciences, documentation et culture",1
LU,2007,"Enseignement, sciences, documentation et culture.Degré secondaire II.Ecoles supérieures de commerce, ecoles supérieures d'informatique",1
LU,2007,"Santé, travail, droit des assurances sociales, logement, homes.Santé.Etablissements hospitaliers, cliniques.Cliniques psychiatriques",2
LU,2008,"Enseignement, sciences, documentation et culture.Degré tertiaire: universités.Faculté de droit",2
LU,2008,"Santé, travail, droit des assurances sociales, logement, homes.Santé.Etablissements hospitaliers, cliniques.Hôpitaux cantonaux",2
LU,2008,"Santé, travail, droit des assurances sociales, logement, homes.Santé.Etablissements hospitaliers, cliniques.Cliniques psychiatriques",3
LU,2010,"Etat.Autorités.Organisation judiciaire.Autorités judiciaires.Cours supérieures, tribunaux fédéraux",1
LU,2010,"Enseignement, sciences, documentation et culture.Degré tertiaire: universités.Faculté de droit",1
LU,2010,"Enseignement, sciences, documentation et culture.Degré tertiaire: universités.Faculté de philosophie",1
LU,2011,"Enseignement, sciences, documentation et culture.Degré tertiaire: universités.Faculté de droit",1
LU,2012,"Enseignement, sciences, documentation et culture.Degré tertiaire: universités.Faculté de droit",2
LU,2012,"Enseignement, sciences, documentation et culture.Degré tertiaire: Hautes écoles.Pédagogie",1
LU,2012,"Aménagement du territoire et constructions, expropriation, travaux publics, énergie, transports, environnement.Energie.Approvisionnement en énergie",1
LU,2013,"Enseignement, sciences, documentation et culture.Degré tertiaire: universités.Faculté de droit",3
LU,2013,"Enseignement, sciences, documentation et culture.Degré tertiaire: universités.Faculté de philosophie",1
LU,2013,"Enseignement, sciences, documentation et culture.Degré tertiaire: Hautes écoles.Pédagogie",1
LU,2014,"Enseignement, sciences, documentation et culture.Degré tertiaire: universités.Faculté de droit",1
LU,2014,"Enseignement, sciences, documentation et culture.Degré tertiaire: Hautes écoles.Pédagogie",2
LU,2014,"Enseignement, sciences, documentation et culture.Sciences, recherche",1
LU,2015,Etat.Autorités.Gouvernement et administration.Administration.Départements,1
LU,2015,"Enseignement, sciences, documentation et culture.Sciences, recherche",1
LU,2016,"Enseignement, sciences, documentation et culture.Degré tertiaire: universités.Faculté de droit",1
LU,2016,"Enseignement, sciences, documentation et culture.Degré tertiaire: universités.Faculté de théologie",3
LU,2016,"Enseignement, sciences, documentation et culture.Degré tertiaire: universités.Faculté de sciences économiques",1
LU,2017,"Enseignement, sciences, documentation et culture.Formation continue (Degré quaternaire).Formation des adultes",1
LU,2018,"Enseignement, sciences, documentation et culture.Degré tertiaire: universités.Faculté de médecine humaine et vétérinaire",1
LU,2018,"Santé, travail, droit des assurances sociales, logement, homes.Droit des assurances sociales.Caisses de compensation",3
LU,2018,"Santé, travail, droit des assurances sociales, logement, homes.Droit des assurances sociales.Assurance-chômage",1
LU,2019,"Enseignement, sciences, documentation et culture.Degré tertiaire: universités.Faculté de médecine humaine et vétérinaire",1
LU,2019,"Santé, travail, droit des assurances sociales, logement, homes.Droit des assurances sociales.Caisses de compensation",3
LU,2020,"Enseignement, sciences, documentation et culture.Degré tertiaire: universités.Faculté de sciences économiques",2
LU,2021,"Enseignement, sciences, documentation et culture",1
LU,2021,"Enseignement, sciences, documentation et culture.Degré tertiaire: universités.Faculté de droit",2
LU,2021,"Enseignement, sciences, documentation et culture.Degré tertiaire: universités.Faculté de théologie",1
LU,2021,"Enseignement, sciences, documentation et culture.Degré tertiaire: universités.Faculté de sciences économiques",3
LU,2022,"Enseignement, sciences, documentation et culture",1
LU,2022,"Enseignement, sciences, documentation et culture.Degré tertiaire: universités.Faculté de sciences économiques",2
LU,2022,"Santé, travail, droit des assurances sociales, logement, homes.Droit du travail.Employés.Mobbing, harcèlement sexuel",1
LU,2023,"Enseignement, sciences, documentation et culture",2
LU,2023,"Enseignement, sciences, documentation et culture.Degré tertiaire: universités.Faculté de théologie",3
LU,2023,"Enseignement, sciences, documentation et culture.Degré tertiaire: universités.Faculté de médecine humaine et vétérinaire",1
LU,2023,"Enseignement, sciences, documentation et culture.Degré tertiaire: universités.Autres filières d'études",2
LU,2023,"Enseignement, sciences, documentation et culture.Formation continue (Degré quaternaire).Formation des adultes",1
LU,2023,"Santé, travail, droit des assurances sociales, logement, homes.Santé.Etique",1
LU,2024,"Enseignement, sciences, documentation et culture",1
LU,2024,"Enseignement, sciences, documentation et culture.Degré tertiaire: universités.Faculté de théologie",3
LU,2024,"Enseignement, sciences, documentation et culture.Degré tertiaire: universités.Faculté de sciences économiques",1
LU,2024,"Enseignement, sciences, documentation et culture.Degré tertiaire: universités.Faculté de philosophie",3
LU,2024,"Enseignement, sciences, documentation et culture.Degré tertiaire: universités.Faculté de médecine humaine et vétérinaire",1
LU,2025,"Enseignement, sciences, documentation et culture.Degré tertiaire: universités.Faculté de théologie",3
LU,2025,"Enseignement, sciences, documentation et culture.Degré tertiaire: Hautes écoles.Pédagogie",1
LU,2026,"Enseignement, sciences, documentation et culture.Degré tertiaire: universités.Faculté de philosophie",1
NE,1908,"Enseignement, sciences, documentation et culture.Degré prescolaire, école primaire, degré secondaire I.Ecole primaire, degré secondaire I",1
NE,1909,Economie.Commerce.Poids et mesures. moyens de paiement,1
NE,1923,Economie,1
NE,1925,"Santé, travail, droit des assurances sociales, logement, homes.Droit du travail.Employés.Sécurité",1
NE,1927,Etat,1
NE,1935,"Finances, Impôts, monopoles, entreprises d'état.Monopoles, régales, entreprises d'état.Mines",1
NE,1936,Economie.Commerce.Poids et mesures. moyens de paiement,1
NE,1937,Droit pénal,1
NE,1943,Economie.Agriculture.Production animale.Commerce du bétail,1
NE,1945,Droit pénal,1
NE,1945,"Enseignement, sciences, documentation et culture.Art, culture, sport.Encouragement à la culture",1
NE,1945,"Santé, travail, droit des assurances sociales, logement, homes",1
NE,1946,"Santé, travail, droit des assurances sociales, logement, homes.Droit des assurances sociales.Caisses de compensation",1
NE,1946,"Santé, travail, droit des assurances sociales, logement, homes.Logement.Mesures d'encouragement à la construction de logements",1
NE,1948,"Enseignement, sciences, documentation et culture.Corps enseignant.Formation",1
NE,1948,"Santé, travail, droit des assurances sociales, logement, homes.Logement.Mesures d'encouragement à la construction de logements",1
NE,1949,Economie,1
NE,1959,"Santé, travail, droit des assurances sociales, logement, homes.Santé.Pharmacies et drogueries",1
NE,1959,Economie,1
NE,1961,"Enseignement, sciences, documentation et culture.Degré tertiaire: universités.Faculté de sciences naturelles",1
NE,1962,"Santé, travail, droit des assurances sociales, logement, homes.Logement.Mesures d'encouragement à la construction de logements",1
NE,1963,"Enseignement, sciences, documentation et culture.Corps enseignant.Personnel des universités",2
NE,1964,Etat.Communes.Finances communales,1
NE,1966,"Enseignement, sciences, documentation et culture",1
NE,1968,"Enseignement, sciences, documentation et culture",1
NE,1969,"Enseignement, sciences, documentation et culture.Sciences, recherche",1
NE,1970,Economie.Agriculture.Apiculture,1
NE,1973,"Enseignement, sciences, documentation et culture.Art, culture, sport.Sport",2
NE,1973,"Santé, travail, droit des assurances sociales, logement, homes.Assistance.Homes.Etablissements pour personnes âgées",1
NE,1976,"Enseignement, sciences, documentation et culture",1
NE,1977,"Droit civil.Dispositions d'introduction du code civil.Droit de la famille.Accueil familial, adoption",1
NE,1978,"Enseignement, sciences, documentation et culture",9
NE,1978,"Enseignement, sciences, documentation et culture.Degré secondaire II: Formation professionnelle initiale.Ecoles préparant à la maturité professionnelle",1
NE,1978,"Enseignement, sciences, documentation et culture.Degré tertiaire: Ecoles supérieures",2
NE,1978,"Santé, travail, droit des assurances sociales, logement, homes.Santé.Etablissements hospitaliers, cliniques.Cliniques psychiatriques",1
NE,1978,"Santé, travail, droit des assurances sociales, logement, homes.Santé.Professions médicales.Personnel soignant",2
NE,1978,"Santé, travail, droit des assurances sociales, logement, homes.Logement.Mesures d'encouragement à la construction de logements",1
NE,1978,Economie,1
NE,1978,Economie.Arts et métiers.Services.Professions soumises à autorisation,1
NE,1979,"Etat.Autorités.Organisation judiciaire.Autorités judiciaires.Cours supérieures, tribunaux fédéraux",1
NE,1979,"Etat.Autorités.Organisation judiciaire.Autorités judiciaires.Tribunaux administratifs, des assurances et des assurances sociales",1
NE,1980,"Enseignement, sciences, documentation et culture",1
NE,1980,"Finances, Impôts, monopoles, entreprises d'état.Finances.Budget, comptes",1
NE,1980,"Aménagement du territoire et constructions, expropriation, travaux publics, énergie, transports, environnement.Protection de l'environnement.Déchets",1
NE,1980,"Santé, travail, droit des assurances sociales, logement, homes",1
NE,1980,"Santé, travail, droit des assurances sociales, logement, homes.Droit des assurances sociales.AVS/AI",1
NE,1981,Etat,2
NE,1981,"Enseignement, sciences, documentation et culture.Degré secondaire II: Formation professionnelle initiale.Orientation professionnelle",1
NE,1982,Etat.Autorités.Protection des données,1
NE,1982,"Enseignement, sciences, documentation et culture",1
NE,1982,"Défense nationale, protection de la population, police.Défense.Administration militaire",1
NE,1983,Etat,1
NE,1983,Etat.Dispositions générales.Information du public,2
NE,1983,"Enseignement, sciences, documentation et culture.Documentation.Bibliothèques",1
NE,1983,"Santé, travail, droit des assurances sociales, logement, homes.Droit du travail.Travail à domicile",1
NE,1983,Economie.Promotion de l'économie,1
NE,1984,"Enseignement, sciences, documentation et culture.Degré prescolaire, école primaire, degré secondaire I.Ecole enfantine",1
NE,1984,"Enseignement, sciences, documentation et culture.Degré secondaire II.Ecole moyenne",2
NE,1984,"Enseignement, sciences, documentation et culture.Corps enseignant.Formation",1
NE,1984,"Aménagement du territoire et constructions, expropriation, travaux publics, énergie, transports, environnement.Protection de la nature et du paysage.Protection des animaux",1
NE,1984,"Santé, travail, droit des assurances sociales, logement, homes.Santé.Pharmacies et drogueries",1
NE,1985,"Enseignement, sciences, documentation et culture",1
NE,1985,Economie.Agriculture.Agriculture biologique,1
NE,1986,"Aménagement du territoire et constructions, expropriation, travaux publics, énergie, transports, environnement.Travaux publics.Routes.Routes nationales",1
NE,1986,"Santé, travail, droit des assurances sociales, logement, homes.Assistance.Conseil aux femmes enceintes",1
NE,1987,"Enseignement, sciences, documentation et culture",1
NE,1987,"Aménagement du territoire et constructions, expropriation, travaux publics, énergie, transports, environnement.Protection de l'environnement.Protection des eaux",1
NE,1988,"Enseignement, sciences, documentation et culture.Sport scolaire",1
NE,1988,"Défense nationale, protection de la population, police",1
NE,1988,"Santé, travail, droit des assurances sociales, logement, homes",1
NE,1989,"Enseignement, sciences, documentation et culture.Corps enseignant.Formation",1
NE,1989,"Aménagement du territoire et constructions, expropriation, travaux publics, énergie, transports, environnement.Travaux publics.Routes.Chemins pédestres et de randonnée",1
NE,1989,"Santé, travail, droit des assurances sociales, logement, homes.Droit des assurances sociales.AVS/AI",1
NE,1990,"Santé, travail, droit des assurances sociales, logement, homes",1
NE,1990,"Santé, travail, droit des assurances sociales, logement, homes.Droit du travail.Offices de conciliation",1
NE,1991,"Enseignement, sciences, documentation et culture.Art, culture, sport.Encouragement à la culture",1
NE,1991,"Finances, Impôts, monopoles, entreprises d'état.Monopoles, régales, entreprises d'état.Mines",1
NE,1991,Economie.Commerce.Automates à marchandise,1
NE,1992,Economie,1
NE,1993,"Droit civil.Dispositions d'introduction du code civil.Droits réels.Registre foncier, mensurations cadastrales",1
NE,1993,"Finances, Impôts, monopoles, entreprises d'état.Finances.Contrôle des finances",1
NE,1993,"Finances, Impôts, monopoles, entreprises d'état.Monopoles, régales, entreprises d'état.Alcool",1
NE,1993,Non classé,1
NE,1994,"Enseignement, sciences, documentation et culture",1
NE,1994,"Santé, travail, droit des assurances sociales, logement, homes",2
NE,1995,"Etat.Dispositions générales.Droits fondamentaux, droits politiques.égalité entre hommes et femmes",1
NE,1995,Etat.Autorités.Gouvernement et administration.Administration.Départements,1
NE,1995,"Etat.Autorités.Gouvernement et administration.Droit du personnel.Traitements, indemnités",1
NE,1995,"Enseignement, sciences, documentation et culture.Degré tertiaire: Hautes écoles.Economie",1
NE,1995,"Enseignement, sciences, documentation et culture.Degré tertiaire: Hautes écoles.Autres filières d'études",2
NE,1995,"Enseignement, sciences, documentation et culture.Degré tertiaire: Ecoles supérieures",1
NE,1995,"Enseignement, sciences, documentation et culture.Pédagogie spécialisée.Ecoles d'art et de sport",2
NE,1995,"Enseignement, sciences, documentation et culture.Contributions à la formation.Ecolages",1
NE,1995,"Enseignement, sciences, documentation et culture.Assurance de la qualité, surveillance, direction.Direction",1
NE,1995,"Défense nationale, protection de la population, police.Sécurité intérieure.Police.Personnel",1
NE,1995,"Aménagement du territoire et constructions, expropriation, travaux publics, énergie, transports, environnement.Protection de la nature et du paysage.Protection des monuments et des biens culturels",1
NE,1995,"Santé, travail, droit des assurances sociales, logement, homes",3
NE,1995,"Santé, travail, droit des assurances sociales, logement, homes.Santé.Lutte contre les maladies.Tuberculose",1
NE,1995,"Santé, travail, droit des assurances sociales, logement, homes.Assistance.Homes.Etablissements pour personnes âgées",1
NE,1995,Economie.Arts et métiers.Services.Tourisme,1
NE,1996,"Droit civil.Dispositions d'introduction du code civil.Droits réels.Registre foncier, mensurations cadastrales",1
NE,1996,"Enseignement, sciences, documentation et culture",1
NE,1996,"Enseignement, sciences, documentation et culture.Corps enseignant.Personnel des universités",3
NE,1996,"Défense nationale, protection de la population, police.Protection de la population.Protection contre les incendies / éléments naturels.Protection contre le feu, pompiers",1
NE,1996,"Défense nationale, protection de la population, police.Protection de la population.Protection contre les incendies / éléments naturels.Ramoneurs",1
NE,1996,"Finances, Impôts, monopoles, entreprises d'état.Monopoles, régales, entreprises d'état.Mines",1
NE,1996,"Aménagement du territoire et constructions, expropriation, travaux publics, énergie, transports, environnement",1
NE,1996,"Santé, travail, droit des assurances sociales, logement, homes",1
NE,1996,"Santé, travail, droit des assurances sociales, logement, homes.Santé.Hygiène.Denrées alimentaires, objets d'usage courant.Viandes.Abattoirs",1
NE,1996,Economie.Agriculture.Epizooties,1
NE,1997,Etat,1
NE,1997,"Enseignement, sciences, documentation et culture.Degré secondaire II.Ecole moyenne",2
NE,1997,"Finances, Impôts, monopoles, entreprises d'état.Impôts.Impôts sur les chiens",1
NE,1997,"Aménagement du territoire et constructions, expropriation, travaux publics, énergie, transports, environnement.Protection de la nature et du paysage.Protection de la nature",1
NE,1997,"Santé, travail, droit des assurances sociales, logement, homes.Droit des assurances sociales.Allocations familiales.Travailleurs agricoles",2
NE,1997,"Santé, travail, droit des assurances sociales, logement, homes.Droit des assurances sociales.Assurance-chômage",1
NE,1997,"Santé, travail, droit des assurances sociales, logement, homes.Assistance.Aide sociale",1
NE,1997,Economie,3
NE,1997,Economie.Commerce.Poids et mesures. moyens de paiement,1
NE,1998,Etat,2
NE,1998,Etat.Dispositions générales.Etablissement et séjour.Etablissement et séjour Suisses.contrôle des habitants,1
NE,1998,Etat.Dispositions générales.Etablissement et séjour.Etablissement et séjour des étrangers.intégration,1
NE,1998,"Santé, travail, droit des assurances sociales, logement, homes",1
NE,1998,Economie,1
NE,1998,Economie.Agriculture.Culture des plantes.Lutte contre les parasites,1
NE,1999,Etat,1
NE,1999,Etat.Dispositions générales.Droit de cité,1
NE,1999,Etat.Professions juridiques.Avocats.Assistance judiciaire,1
NE,1999,"Droit civil.Dispositions d'introduction du code civil.Droits réels.Registre foncier, mensurations cadastrales",1
NE,1999,"Enseignement, sciences, documentation et culture",1
NE,1999,"Enseignement, sciences, documentation et culture.Degré secondaire II.Ecole moyenne",2
NE,1999,"Enseignement, sciences, documentation et culture.Degré tertiaire: universités.Faculté de théologie",1
NE,1999,"Défense nationale, protection de la population, police.Sécurité intérieure.Armes et munitions",1
NE,1999,"Finances, Impôts, monopoles, entreprises d'état.Entreprises d'Etat.Banques cantonales",1
NE,1999,"Aménagement du territoire et constructions, expropriation, travaux publics, énergie, transports, environnement.Travaux publics.Marchés publics",1
NE,1999,"Aménagement du territoire et constructions, expropriation, travaux publics, énergie, transports, environnement.Transports.Circulation routière.Transport des personnes",1
NE,1999,"Santé, travail, droit des assurances sociales, logement, homes",1
NE,1999,"Santé, travail, droit des assurances sociales, logement, homes.Santé.Urgences, ambulances",1
NE,1999,"Santé, travail, droit des assurances sociales, logement, homes.Droit des assurances sociales.Assurance-chômage",1
NE,1999,"Santé, travail, droit des assurances sociales, logement, homes.Logement.Mesures d'encouragement à la construction de logements",1
NE,1999,"Santé, travail, droit des assurances sociales, logement, homes.Assistance.Aide sociale",1
NE,1999,Economie.Agriculture.Epizooties,1
NE,2000,Droit pénal.Procédure pénale.Aide aux victimes d'infractions,1
NE,2000,"Enseignement, sciences, documentation et culture",2
NE,2000,"Santé, travail, droit des assurances sociales, logement, homes",2
NE,2000,"Santé, travail, droit des assurances sociales, logement, homes.Santé.Hygiène.Alimentation en eau",1
NE,2000,"Santé, travail, droit des assurances sociales, logement, homes.Droit des assurances sociales.Prestations complémentaires",1
NE,2000,"Santé, travail, droit des assurances sociales, logement, homes.Droit des assurances sociales.Assurance-chômage",1
NE,2001,Etat.Communes.Finances communales,1
NE,2001,Droit civil,1
NE,2001,Droit civil.Dispositions d'introduction du code civil.Droit de la famille.Tutelle,1
NE,2001,Droit civil.Dispositions d'introduction du code civil.Droits réels.Estimation officielle des immeubles,2
NE,2001,"Enseignement, sciences, documentation et culture",1
NE,2001,"Enseignement, sciences, documentation et culture.Contributions à la formation.Bourses d'études",1
NE,2001,"Finances, Impôts, monopoles, entreprises d'état.Impôts.Impôts sur le revenu et la fortune / impôts sur les bénéfices et les capitaux.Impôt cantonal",1
NE,2001,"Finances, Impôts, monopoles, entreprises d'état.Impôts.Impôts sur le revenu et la fortune / impôts sur les bénéfices et les capitaux.Impôt à la source",1
NE,2002,Etat.Autorités.Gouvernement et administration.Administration.Départements,1
NE,2002,"Enseignement, sciences, documentation et culture",9
NE,2002,"Enseignement, sciences, documentation et culture.Degré secondaire II.Ecoles supérieures de commerce, ecoles supérieures d'informatique",1
NE,2002,"Enseignement, sciences, documentation et culture.Degré secondaire II: Formation professionnelle initiale.Ecoles préparant à la maturité professionnelle",4
NE,2002,"Enseignement, sciences, documentation et culture.Degré tertiaire: universités.Faculté de sciences économiques",1
NE,2002,"Enseignement, sciences, documentation et culture.Degré tertiaire: Ecoles supérieures",3
NE,2002,"Enseignement, sciences, documentation et culture.Formation continue (Degré quaternaire).Formation des adultes",1
NE,2002,"Enseignement, sciences, documentation et culture.Corps enseignant.Engagement",2
NE,2002,"Enseignement, sciences, documentation et culture.Corps enseignant.Formation",2
NE,2002,"Enseignement, sciences, documentation et culture.Corps enseignant.Personnel des universités",3
NE,2002,"Enseignement, sciences, documentation et culture.Sciences, recherche",1
NE,2002,"Défense nationale, protection de la population, police.Sécurité intérieure.Maintien de la tranquillité et de l'ordre public.Domaine public",1
NE,2002,"Défense nationale, protection de la population, police.Sécurité intérieure.Explosifs",1
NE,2002,"Aménagement du territoire et constructions, expropriation, travaux publics, énergie, transports, environnement",1
NE,2003,Etat,4
NE,2003,Etat.Autorités.Gouvernement et administration.Gouvernement.Chancellerie de l'Etat,1
NE,2003,Etat.Autorités.Gouvernement et administration.Administration.Départements,1
NE,2003,Etat.Communes.Subventions,1
NE,2003,"Enseignement, sciences, documentation et culture.Degré secondaire II.Ecoles moyennes supérieures, écoles des culture générale, écoles de degré diplôme",1
NE,2003,"Enseignement, sciences, documentation et culture.Degré secondaire II: Formation professionnelle initiale.Ecoles préparant à la maturité professionnelle",2
NE,2003,"Enseignement, sciences, documentation et culture.Corps enseignant.Traitement, indemnités",1
NE,2003,"Enseignement, sciences, documentation et culture.Assurance de la qualité, surveillance, direction.Promotion des technologies d'information",1
NE,2003,"Finances, Impôts, monopoles, entreprises d'état.Finances.Contributions étatiques, subventions",1
NE,2003,"Santé, travail, droit des assurances sociales, logement, homes",1
NE,2003,Economie.Agriculture.Mesures d'encouragement,1
NE,2004,Etat,1
NE,2004,Etat.Autorités.Gouvernement et administration.Droit du personnel.Engagement,1
NE,2004,"Droit civil.Dispositions d'introduction du code civil.Droit des personnes, état civil.Partenariat enregistré",1
NE,2004,"Droit civil.Dispositions d'introduction du code civil.Droits réels.Registre foncier, mensurations cadastrales",1
NE,2004,Droit civil.Dispositions générales d'introduction du code des obligations.Droit commercial.Registre du commerce,1
NE,2004,"Enseignement, sciences, documentation et culture",2
NE,2004,"Aménagement du territoire et constructions, expropriation, travaux publics, énergie, transports, environnement.Travaux publics.Aménagement des eaux.Utilisation des eaux",1
NE,2004,"Santé, travail, droit des assurances sociales, logement, homes",2
NE,2004,"Santé, travail, droit des assurances sociales, logement, homes.Santé.Etablissements hospitaliers, cliniques.Cliniques psychiatriques",1
NE,2004,"Santé, travail, droit des assurances sociales, logement, homes.Santé.Substances thérapeutiques, stupéfiants",1
NE,2004,"Santé, travail, droit des assurances sociales, logement, homes.Droit des assurances sociales.Assurance-chômage",2
NE,2004,"Santé, travail, droit des assurances sociales, logement, homes.Logement.Mesures d'encouragement à la construction de logements",1
NE,2005,Etat,3
NE,2005,"Etat.Autorités.Gouvernement et administration.Droit du personnel.Traitements, indemnités",1
NE,2005,Etat.Autorités.Informatique.E-Government,1
NE,2005,"Droit civil.Dispositions d'introduction du code civil.Droits réels.Registre foncier, mensurations cadastrales",1
NE,2005,"Enseignement, sciences, documentation et culture",6
NE,2005,"Enseignement, sciences, documentation et culture.Degré prescolaire, école primaire, degré secondaire I.Crèches",1
NE,2005,"Enseignement, sciences, documentation et culture.Degré secondaire II.Ecole moyenne",1
NE,2005,"Enseignement, sciences, documentation et culture.Formation continue (Degré quaternaire).Formation des adultes",1
NE,2005,"Enseignement, sciences, documentation et culture.Corps enseignant.Engagement",1
NE,2005,"Défense nationale, protection de la population, police",1
NE,2005,"Finances, Impôts, monopoles, entreprises d'état",1
NE,2005,"Aménagement du territoire et constructions, expropriation, travaux publics, énergie, transports, environnement.Protection de la nature et du paysage.Protection des animaux",1
NE,2005,"Santé, travail, droit des assurances sociales, logement, homes",1
NE,2005,"Santé, travail, droit des assurances sociales, logement, homes.Assistance.Aide sociale",1
NE,2005,"Economie.Arts et métiers.Services.Cinéma, théâtre, divertissement",1
NE,2006,Etat,2
NE,2006,"Etat.Dispositions générales.Droits fondamentaux, droits politiques.égalité entre hommes et femmes",1
NE,2006,Etat.Dispositions générales.Information du public,1
NE,2006,Etat.Autorités.Gouvernement et administration.Administration.Départements,1
NE,2006,"Etat.Autorités.Gouvernement et administration.Droit du personnel.Traitements, indemnités",1
NE,2006,Etat.Professions juridiques.Notaires.Formation,1
NE,2006,"Enseignement, sciences, documentation et culture",1
NE,2006,"Enseignement, sciences, documentation et culture.Degré secondaire II.Ecoles supérieures de commerce, ecoles supérieures d'informatique",1
NE,2006,"Enseignement, sciences, documentation et culture.Pédagogie spécialisée.Ecoles d'art et de sport",4
NE,2006,"Finances, Impôts, monopoles, entreprises d'état",1
NE,2006,"Finances, Impôts, monopoles, entreprises d'état.Finances.Contributions étatiques, subventions",1
NE,2006,"Finances, Impôts, monopoles, entreprises d'état.Impôts.Impôts sur le revenu et la fortune / impôts sur les bénéfices et les capitaux.Impôt cantonal",1
NE,2006,"Aménagement du territoire et constructions, expropriation, travaux publics, énergie, transports, environnement",2
NE,2006,"Aménagement du territoire et constructions, expropriation, travaux publics, énergie, transports, environnement.Protection de la nature et du paysage.Protection des animaux",1
NE,2006,"Santé, travail, droit des assurances sociales, logement, homes",1
NE,2006,"Santé, travail, droit des assurances sociales, logement, homes.Santé.Hygiène.Enfouissement des déchets carnés",1
NE,2006,Economie,1
NE,2006,Economie.Agriculture.Culture des plantes.Vignoble,1
NE,2006,Economie.Arts et métiers.Services.Prostitution,1
NE,2007,Droit pénal,1
NE,2007,"Enseignement, sciences, documentation et culture",2
NE,2007,"Enseignement, sciences, documentation et culture.Pédagogie spécialisée.Ecoles d'art et de sport",2
NE,2007,"Enseignement, sciences, documentation et culture.Contributions à la formation.Ecolages",1
NE,2007,"Aménagement du territoire et constructions, expropriation, travaux publics, énergie, transports, environnement.Travaux publics.Routes.Routes nationales",1
NE,2007,"Aménagement du territoire et constructions, expropriation, travaux publics, énergie, transports, environnement.Energie.Electricité",1
NE,2007,"Santé, travail, droit des assurances sociales, logement, homes.Santé.Prévention des dépendances.Interdictions de fumer",1
NE,2008,Etat.Autorités.Organisation judiciaire.Personnel des tribunaux,1
NE,2008,"Enseignement, sciences, documentation et culture.Pédagogie spécialisée.Ecoles spécialisées",1
NE,2008,"Santé, travail, droit des assurances sociales, logement, homes.Assistance.Aide sociale",1
NE,2009,Etat,1
NE,2009,"Enseignement, sciences, documentation et culture",1
NE,2009,"Enseignement, sciences, documentation et culture.Corps enseignant.Traitement, indemnités",1
NE,2009,"Enseignement, sciences, documentation et culture.Corps enseignant.Personnel des universités",1
NE,2009,"Défense nationale, protection de la population, police",1
NE,2009,"Santé, travail, droit des assurances sociales, logement, homes",1
NE,2009,Economie.Promotion de l'économie,1
NE,2009,Economie.Arts et métiers.Services.Professions soumises à autorisation,1
NE,2010,Etat,1
NE,2010,Etat.Autorités.Gouvernement et administration.Administration.Départements,1
NE,2010,"Etat.Autorités.Organisation judiciaire.Autorités judiciaires.Cours supérieures, tribunaux fédéraux",1
NE,2010,"Etat.Autorités.Organisation judiciaire.Autorités judiciaires.Tribunaux de district / d'arrondissement, juges de paix",1
NE,2010,"Santé, travail, droit des assurances sociales, logement, homes.Assistance.Homes.Etablissements pour personnes âgées",1
NE,2011,Droit civil.Dispositions d'introduction du code civil.Droit des successions,1
NE,2011,"Enseignement, sciences, documentation et culture.Formation continue (Degré quaternaire).Formation des adultes",2
NE,2011,"Enseignement, sciences, documentation et culture.Formation continue (Degré quaternaire).Formation continue des enseignants",1
NE,2011,"Enseignement, sciences, documentation et culture.Corps enseignant.Personnel des universités",1
NE,2011,"Santé, travail, droit des assurances sociales, logement, homes.Droit des assurances sociales.Prestations complémentaires",1
NE,2012,Etat,1
NE,2012,Etat.Dispositions générales.Information du public,1
NE,2012,"Droit civil.Dispositions d'introduction du code civil.Droit des personnes, état civil.Fondations, surveillance.Fondations LPP",1
NE,2012,"Enseignement, sciences, documentation et culture",1
NE,2013,Etat,1
NE,2013,Etat.Autorités.Parlement.Indemnisation des parlementaires,1
NE,2013,Etat.Autorités.Gouvernement et administration.New Public Management,1
NE,2013,"Enseignement, sciences, documentation et culture.Documentation.Archives",1
NE,2013,"Défense nationale, protection de la population, police",1
NE,2013,"Santé, travail, droit des assurances sociales, logement, homes.Droit des assurances sociales.Caisses de compensation",2
NE,2013,"Santé, travail, droit des assurances sociales, logement, homes.Assistance.Homes.Etablissements pour personnes âgées",1
NE,2014,Etat.Autorités.Informatique.E-Government,1
NE,2014,"Enseignement, sciences, documentation et culture.Degré secondaire II: Formation professionnelle initiale.Orientation professionnelle",1
NE,2014,"Santé, travail, droit des assurances sociales, logement, homes.Santé.Professions médicales.Médecins",1
NE,2014,Economie.Commerce.Horaires de fermeture des magasins,1
NE,2015,Etat.Communes.Finances communales,1
NE,2015,"Enseignement, sciences, documentation et culture.Degré prescolaire, école primaire, degré secondaire I.Ecole primaire, degré secondaire I",1
NE,2015,"Enseignement, sciences, documentation et culture.Corps enseignant.Personnel des universités",1
NE,2015,"Enseignement, sciences, documentation et culture.Sport scolaire",1
NE,2015,"Aménagement du territoire et constructions, expropriation, travaux publics, énergie, transports, environnement",1
NE,2015,"Santé, travail, droit des assurances sociales, logement, homes",1
NE,2016,"Enseignement, sciences, documentation et culture",2
NE,2016,"Enseignement, sciences, documentation et culture.Degré tertiaire: universités.Faculté de philosophie",1
NE,2017,Etat,1
NE,2017,"Droit civil.Dispositions d'introduction du code civil.Droits réels.Registre foncier, mensurations cadastrales",1
NE,2017,"Enseignement, sciences, documentation et culture",1
NE,2017,"Aménagement du territoire et constructions, expropriation, travaux publics, énergie, transports, environnement",1
NE,2017,"Santé, travail, droit des assurances sociales, logement, homes.Droit des assurances sociales.Assurance-chômage",1
NE,2018,Etat.Dispositions générales.Information du public,1
NE,2018,"Aménagement du territoire et constructions, expropriation, travaux publics, énergie, transports, environnement",1
NE,2018,"Aménagement du territoire et constructions, expropriation, travaux publics, énergie, transports, environnement.Energie.Electricité",1
NE,2019,"Enseignement, sciences, documentation et culture.Reconnaissance des diplômes",1
NE,2019,"Défense nationale, protection de la population, police.Sécurité intérieure.Maintien de la tranquillité et de l'ordre public.Chiens, animaux dangereux",1
NE,2019,"Santé, travail, droit des assurances sociales, logement, homes.Santé.Pharmacies et drogueries",1
NE,2020,"Aménagement du territoire et constructions, expropriation, travaux publics, énergie, transports, environnement",1
NE,2021,Etat.Dispositions générales.Etablissement et séjour.Etablissement et séjour des étrangers.asile,1
NE,2021,"Enseignement, sciences, documentation et culture",1
NE,2021,Economie,1
NE,2022,"Aménagement du territoire et constructions, expropriation, travaux publics, énergie, transports, environnement.Transports.Navigation aérienne.Aéronefs",1
NE,2022,Economie.Agriculture.Culture des plantes.Vignoble,1
NE,2023,"Enseignement, sciences, documentation et culture.Degré secondaire II: Formation professionnelle initiale.Ecoles préparant à la maturité professionnelle",1
NE,2023,Economie.Agriculture.Culture des plantes.Vignoble,1
NE,2024,"Enseignement, sciences, documentation et culture.Art, culture, sport.Encouragement à la culture",1
NE,2025,"Etat.Autorités.Ombudsman, médiateur",1
NE,2025,"Santé, travail, droit des assurances sociales, logement, homes.Santé.Professions médicales.Personnel soignant",1
NW,1944,Economie.Agriculture.Production animale.Commerce du bétail,1
NW,1949,"Santé, travail, droit des assurances sociales, logement, homes.Santé.Substances thérapeutiques, stupéfiants",1
NW,1975,Etat.Professions juridiques.Notaires.Légalisation,1
NW,1980,Etat.Dispositions générales.Information du public,1
NW,1983,"Aménagement du territoire et constructions, expropriation, travaux publics, énergie, transports, environnement.Transports.Circulation routière.Contrôle technique des véhicules",1
NW,1988,"Défense nationale, protection de la population, police.Sécurité intérieure.Police.Personnel",2
NW,1988,"Finances, Impôts, monopoles, entreprises d'état.Entreprises d'Etat.Banques cantonales",1
NW,1989,"Santé, travail, droit des assurances sociales, logement, homes.Droit des assurances sociales.Assurance-chômage",1
NW,1992,"Défense nationale, protection de la population, police.Sécurité intérieure.Police.Personnel",1
NW,1993,"Enseignement, sciences, documentation et culture.Pédagogie spécialisée.Classes spéciales",2
NW,1993,"Défense nationale, protection de la population, police.Sécurité intérieure.Armes et munitions",1
NW,1993,"Finances, Impôts, monopoles, entreprises d'état.Finances.Contributions étatiques, subventions",1
NW,1993,"Finances, Impôts, monopoles, entreprises d'état.Monopoles, régales, entreprises d'état.Chasse.Chasseurs",1
NW,1993,Economie,2
NW,1996,"Droit civil.Dispositions d'introduction du code civil.Droits réels.Registre foncier, mensurations cadastrales",1
NW,1996,"Enseignement, sciences, documentation et culture.Documentation.Bibliothèques",2
NW,1996,"Défense nationale, protection de la population, police.Sécurité intérieure.Maintien de la tranquillité et de l'ordre public.Chiens, animaux dangereux",1
NW,1997,"Enseignement, sciences, documentation et culture.Degré secondaire II.Ecole moyenne",2
NW,1997,"Aménagement du territoire et constructions, expropriation, travaux publics, énergie, transports, environnement.Aménagement du territoire et constructions.Places de parking",1
NW,1998,Etat,1
NW,1998,"Enseignement, sciences, documentation et culture.Pédagogie spécialisée.Ecoles spécialisées",1
NW,2001,"Enseignement, sciences, documentation et culture",1
NW,2004,Etat,1
NW,2005,"Enseignement, sciences, documentation et culture.Degré secondaire II.Ecole moyenne",1
NW,2005,"Santé, travail, droit des assurances sociales, logement, homes.Santé.Hygiène.Denrées alimentaires, objets d'usage courant.Viandes.Abattoirs",1
NW,2007,Etat,1
NW,2009,"Enseignement, sciences, documentation et culture.Degré secondaire II.Ecole moyenne",1
NW,2012,"Défense nationale, protection de la population, police.Protection de la population.Protection contre les incendies / éléments naturels.Protection contre le feu, pompiers",1
NW,2018,"Défense nationale, protection de la population, police.Protection de la population.Protection contre les incendies / éléments naturels.Assurances des bâtiments.Assurance contre les dommages causés par les éléments naturels",6
OW,1878,Economie,1
OW,1947,Economie,1
OW,2002,Etat.Professions juridiques.Avocats.Formation,1
OW,2003,"Enseignement, sciences, documentation et culture.Formation continue (Degré quaternaire).Formation des adultes",1
OW,2007,"Santé, travail, droit des assurances sociales, logement, homes.Santé.Etablissements hospitaliers, cliniques.Hôpitaux cantonaux",1
OW,2007,"Santé, travail, droit des assurances sociales, logement, homes.Assistance.Donations et collectes publiques",1
OW,2010,Etat.Autorités.Informatique.E-Government,1
OW,2010,"Etat.Autorités.Organisation judiciaire.Autorités judiciaires.Cours supérieures, tribunaux fédéraux",3
OW,2010,Etat.Professions juridiques.Avocats.Assistance judiciaire,1
OW,2010,"Finances, Impôts, monopoles, entreprises d'état.Entreprises d'Etat.Banques cantonales",1
OW,2020,"Santé, travail, droit des assurances sociales, logement, homes.Santé.Etablissements hospitaliers, cliniques.Hôpitaux cantonaux",1
OW,2023,Droit civil,1
SG,1944,Economie.Agriculture.Production animale.Commerce du bétail,1
SG,1949,"Aménagement du territoire et constructions, expropriation, travaux publics, énergie, transports, environnement",1
SG,1951,Etat.Autorités.Gouvernement et administration.Gouvernement.Chancellerie de l'Etat,1
SG,1962,Economie.Agriculture.Améliorations foncières,1
SG,1967,"Santé, travail, droit des assurances sociales, logement, homes",1
SG,1970,Etat.Eglise et Etat.Eglise évangélique réformée,1
SG,1973,"Enseignement, sciences, documentation et culture.Contributions à la formation.Bourses d'études",1
SG,1974,"Enseignement, sciences, documentation et culture.Corps enseignant.Formation",1
SG,1976,"Enseignement, sciences, documentation et culture.Corps enseignant.Formation",1
SG,1976,"Enseignement, sciences, documentation et culture.Sciences, recherche",1
SG,1977,"Enseignement, sciences, documentation et culture.Sciences, recherche",1
SG,1977,"Santé, travail, droit des assurances sociales, logement, homes",1
SG,1979,Etat,1
SG,1980,"Enseignement, sciences, documentation et culture.Degré secondaire II.Ecole moyenne",1
SG,1981,"Enseignement, sciences, documentation et culture.Corps enseignant.Formation",1
SG,1983,"Enseignement, sciences, documentation et culture.Degré secondaire II: Formation professionnelle initiale.Ecoles professionnelles.Enseignement ménager",1
SG,1984,"Etat.Autorités.Organisation judiciaire.Autorités judiciaires.Tribunaux administratifs, des assurances et des assurances sociales",1
SG,1984,"Enseignement, sciences, documentation et culture.Corps enseignant.Formation",1
SG,1987,"Etat.Autorités.Organisation judiciaire.Autorités judiciaires.Tribunaux administratifs, des assurances et des assurances sociales",2
SG,1987,Etat.Autorités.Organisation judiciaire.Autorités judiciaires.Commissions de recours,1
SG,1990,"Enseignement, sciences, documentation et culture.Corps enseignant.Formation",1
SG,1991,"Enseignement, sciences, documentation et culture.Corps enseignant.Formation",1
SG,1992,"Enseignement, sciences, documentation et culture",1
SG,1993,Etat.Professions juridiques.Avocats.Formation,1
SG,1994,Etat,1
SG,1995,"Enseignement, sciences, documentation et culture.Reconnaissance des diplômes",1
SG,1997,Etat,1
SG,1998,"Enseignement, sciences, documentation et culture.Degré secondaire II.Ecole moyenne",3
SG,1999,"Enseignement, sciences, documentation et culture.Degré secondaire II.Ecoles moyennes supérieures, écoles des culture générale, écoles de degré diplôme",1
SG,2006,"Enseignement, sciences, documentation et culture.Degré tertiaire: Hautes écoles.Pédagogie",1
SG,2007,"Enseignement, sciences, documentation et culture.Degré tertiaire: Hautes écoles.Pédagogie",2
SG,2008,"Enseignement, sciences, documentation et culture.Degré tertiaire: Hautes écoles.Pédagogie",3
SG,2008,"Enseignement, sciences, documentation et culture.Formation continue (Degré quaternaire).Formation continue des enseignants",1
SG,2008,"Santé, travail, droit des assurances sociales, logement, homes.Santé.Professions médicales.Chiropraticiens, physiothérapeutes",1
SG,2009,"Enseignement, sciences, documentation et culture.Corps enseignant.Formation",1
SG,2010,"Enseignement, sciences, documentation et culture.Degré tertiaire: Hautes écoles.Pédagogie",1
SG,2010,"Santé, travail, droit des assurances sociales, logement, homes",1
SG,2011,"Enseignement, sciences, documentation et culture.Degré tertiaire: Hautes écoles.Pédagogie",1
SG,2012,"Etat.Autorités.Gouvernement et administration.Droit du personnel.Pensions, prestations d'assurance",1
SG,2012,"Enseignement, sciences, documentation et culture.Corps enseignant.Formation",2
SG,2012,"Enseignement, sciences, documentation et culture.Corps enseignant.Prévoyance professionnelle, caisses de pensions",1
SG,2013,"Enseignement, sciences, documentation et culture.Corps enseignant.Formation",2
SG,2014,"Enseignement, sciences, documentation et culture.Degré tertiaire: Hautes écoles.Pédagogie",3
SG,2014,"Enseignement, sciences, documentation et culture.Corps enseignant.Personnel des universités",1
SG,2017,"Santé, travail, droit des assurances sociales, logement, homes",1
SG,2019,"Enseignement, sciences, documentation et culture.Reconnaissance des diplômes",1
SG,2023,"Enseignement, sciences, documentation et culture",1
SG,2024,"Enseignement, sciences, documentation et culture.Contributions à la formation.Bourses d'études",2
SH,1945,"Finances, Impôts, monopoles, entreprises d'état.Finances.Contributions étatiques, subventions",1
SH,1985,"Enseignement, sciences, documentation et culture.Assurance de la qualité, surveillance, direction.Autorités scolaires",1
SH,1987,Etat,1
SH,1994,"Etat.Autorités.Gouvernement et administration.Droit du personnel.Pensions, prestations d'assurance",1
SH,1995,"Enseignement, sciences, documentation et culture.Reconnaissance des diplômes",1
SH,1999,Etat,1
SH,2002,"Finances, Impôts, monopoles, entreprises d'état.Finances.Contrôle des finances",1
SH,2005,"Etat.Autorités.Gouvernement et administration.Droit du personnel.Pensions, prestations d'assurance",1
SH,2006,"Etat.Autorités.Gouvernement et administration.Droit du personnel.Pensions, prestations d'assurance",2
SH,2017,Etat,1
SO,1909,"Enseignement, sciences, documentation et culture.Degré secondaire II.Ecole moyenne",1
SO,1943,"Santé, travail, droit des assurances sociales, logement, homes.Logement.Mesures d'encouragement à la construction de logements",1
SO,1953,"Etat.Communes.Bourgeoisies, allmends",1
SO,1954,"Aménagement du territoire et constructions, expropriation, travaux publics, énergie, transports, environnement.Energie.Forces hydrauliques",1
SO,1957,"Etat.Autorités.Gouvernement et administration.Droit du personnel.Pensions, prestations d'assurance",1
SO,1963,Droit pénal.Exécution des peines et des mesures.Etablissements.Personnel,1
SO,1970,Etat,1
SO,1971,Droit civil,1
SO,1971,"Enseignement, sciences, documentation et culture.Corps enseignant.Traitement, indemnités",1
SO,1973,"Enseignement, sciences, documentation et culture.Degré secondaire II.Ecole moyenne",1
SO,1974,"Enseignement, sciences, documentation et culture.Degré prescolaire, école primaire, degré secondaire I.Ecole primaire, degré secondaire I",1
SO,1981,"Aménagement du territoire et constructions, expropriation, travaux publics, énergie, transports, environnement.Travaux publics.Bâtiments et terrains publics",1
SO,1983,"Enseignement, sciences, documentation et culture.Degré prescolaire, école primaire, degré secondaire I.Ecole primaire, degré secondaire I",1
SO,1986,Non classé,1
SO,1989,"Enseignement, sciences, documentation et culture",1
SO,1989,"Enseignement, sciences, documentation et culture.Corps enseignant.Formation",1
SO,1989,"Défense nationale, protection de la population, police.Protection de la population.Protection contre les incendies / éléments naturels.Protection contre le feu, pompiers",1
SO,1990,"Enseignement, sciences, documentation et culture.Degré secondaire II.Ecole moyenne",1
SO,1991,"Défense nationale, protection de la population, police.Sécurité intérieure.Police.Police cantonale",1
SO,1993,"Enseignement, sciences, documentation et culture",1
SO,1993,"Santé, travail, droit des assurances sociales, logement, homes.Assistance.Donations et collectes publiques",1
SO,1994,"Enseignement, sciences, documentation et culture.Corps enseignant.Formation",1
SO,1996,"Enseignement, sciences, documentation et culture",1
SO,1996,"Enseignement, sciences, documentation et culture.Degré tertiaire: Ecoles supérieures",2
SO,1997,"Enseignement, sciences, documentation et culture.Degré secondaire II.Ecole moyenne",1
SO,1997,"Enseignement, sciences, documentation et culture.Degré tertiaire: Ecoles supérieures",2
SO,1997,"Santé, travail, droit des assurances sociales, logement, homes.Droit des assurances sociales.LAMAL.Réduction des primes",2
SO,1998,"Etat.Autorités.Organisation judiciaire.Autorités judiciaires.Cours supérieures, tribunaux fédéraux",1
SO,1998,"Enseignement, sciences, documentation et culture",1
SO,1999,"Enseignement, sciences, documentation et culture.Corps enseignant.Formation",2
SO,1999,"Enseignement, sciences, documentation et culture.Reconnaissance des diplômes",1
SO,2000,"Défense nationale, protection de la population, police",1
SO,2002,"Enseignement, sciences, documentation et culture",1
SO,2003,Etat.Eglise et Etat.Eglise évangélique réformée,1
SO,2003,"Enseignement, sciences, documentation et culture.Degré secondaire II.Ecole moyenne",1
SO,2003,"Défense nationale, protection de la population, police.Protection de la population.Protection contre les incendies / éléments naturels.Protection contre les incendies",1
SO,2003,"Santé, travail, droit des assurances sociales, logement, homes.Assistance.Donations et collectes publiques",1
SO,2005,"Etat.Autorités.Organisation judiciaire.Autorités judiciaires.Cours supérieures, tribunaux fédéraux",1
SO,2005,"Enseignement, sciences, documentation et culture.Degré secondaire II.Ecole moyenne",1
SO,2005,"Enseignement, sciences, documentation et culture.Degré secondaire II.Ecoles moyennes supérieures, écoles des culture générale, écoles de degré diplôme",1
SO,2005,"Défense nationale, protection de la population, police.Protection de la population.Protection contre les incendies / éléments naturels.Protection contre le feu, pompiers",1
SO,2006,Etat,2
SO,2006,"Etat.Autorités.Organisation judiciaire.Autorités judiciaires.Tribunaux de district / d'arrondissement, juges de paix",5
SO,2006,"Enseignement, sciences, documentation et culture.Degré prescolaire, école primaire, degré secondaire I.Ecole enfantine",1
SO,2006,"Enseignement, sciences, documentation et culture.Degré prescolaire, école primaire, degré secondaire I.Ecole primaire, degré secondaire I",1
SO,2007,"Enseignement, sciences, documentation et culture",1
SO,2007,"Santé, travail, droit des assurances sociales, logement, homes.Droit des assurances sociales.LPP",1
SO,2009,"Santé, travail, droit des assurances sociales, logement, homes",1
SO,2009,"Santé, travail, droit des assurances sociales, logement, homes.Santé.Prévention des dépendances.Alcoolisme",1
SO,2010,"Enseignement, sciences, documentation et culture.Degré prescolaire, école primaire, degré secondaire I.Ecole primaire, degré secondaire I",1
SO,2011,"Enseignement, sciences, documentation et culture.Degré prescolaire, école primaire, degré secondaire I.Ecole enfantine",1
SO,2011,"Santé, travail, droit des assurances sociales, logement, homes",1
SO,2011,"Santé, travail, droit des assurances sociales, logement, homes.Assistance.Protection de la jeunesse, aide à la jeunesse",1
SO,2012,"Enseignement, sciences, documentation et culture",1
SO,2013,"Enseignement, sciences, documentation et culture",2
SO,2013,"Enseignement, sciences, documentation et culture.Degré prescolaire, école primaire, degré secondaire I.Ecole primaire, degré secondaire I",1
SO,2014,"Enseignement, sciences, documentation et culture",1
SO,2017,"Enseignement, sciences, documentation et culture",3
SO,2025,Droit civil.Dispositions d'introduction du code civil.Droits réels.Estimation officielle des immeubles,1
SO,2025,"Défense nationale, protection de la population, police.Protection de la population.Protection contre les incendies / éléments naturels.Protection contre le feu, pompiers",1
SO,2025,"Défense nationale, protection de la population, police.Protection de la population.Protection contre les incendies / éléments naturels.Protection contre les incendies",1
SZ,1938,"Santé, travail, droit des assurances sociales, logement, homes",1
SZ,1954,"Aménagement du territoire et constructions, expropriation, travaux publics, énergie, transports, environnement.Transports.Funiculaires, téléphériques, téléskis",1
SZ,1974,"Santé, travail, droit des assurances sociales, logement, homes",1
SZ,1976,"Enseignement, sciences, documentation et culture",1
SZ,1980,Etat.Professions juridiques.Notaires.Formation,1
SZ,1983,"Enseignement, sciences, documentation et culture.Degré secondaire II.Ecoles supérieures de commerce, ecoles supérieures d'informatique",1
SZ,1987,"Finances, Impôts, monopoles, entreprises d'état",1
SZ,1988,"Enseignement, sciences, documentation et culture.Degré prescolaire, école primaire, degré secondaire I.Ecole primaire, degré secondaire I",1
SZ,1989,"Enseignement, sciences, documentation et culture.Corps enseignant.Formation",1
SZ,1990,"Enseignement, sciences, documentation et culture.Degré secondaire II: Formation professionnelle initiale.Ecoles professionnelles.Enseignement ménager",1
SZ,1991,"Enseignement, sciences, documentation et culture.Degré secondaire II: Formation professionnelle initiale.Ecoles professionnelles.Enseignement ménager",2
SZ,1991,"Finances, Impôts, monopoles, entreprises d'état.Monopoles, régales, entreprises d'état.Chasse.Chasseurs",1
SZ,1994,"Enseignement, sciences, documentation et culture.Corps enseignant.Formation",2
SZ,1996,"Enseignement, sciences, documentation et culture.Art, culture, sport.Encouragement à la culture",1
SZ,1997,"Enseignement, sciences, documentation et culture.Degré secondaire II.Ecole moyenne",2
SZ,1997,"Enseignement, sciences, documentation et culture.Corps enseignant.Formation",1
SZ,1997,"Finances, Impôts, monopoles, entreprises d'état",1
SZ,1998,"Enseignement, sciences, documentation et culture.Degré secondaire II.Ecole moyenne",1
SZ,2000,"Enseignement, sciences, documentation et culture.Degré secondaire II: Formation professionnelle initiale.Ecoles préparant à la maturité professionnelle",1
SZ,2000,"Enseignement, sciences, documentation et culture.Corps enseignant.Traitement, indemnités",1
SZ,2001,"Défense nationale, protection de la population, police.Sécurité intérieure.Police.Police cantonale",1
SZ,2002,"Enseignement, sciences, documentation et culture.Degré secondaire II.Ecoles moyennes supérieures, écoles des culture générale, écoles de degré diplôme",2
SZ,2003,"Santé, travail, droit des assurances sociales, logement, homes",1
SZ,2004,"Enseignement, sciences, documentation et culture.Degré secondaire II.Ecoles moyennes supérieures, écoles des culture générale, écoles de degré diplôme",1
SZ,2008,"Enseignement, sciences, documentation et culture.Degré secondaire II: Formation professionnelle initiale.Solutions transitoires",1
SZ,2012,"Enseignement, sciences, documentation et culture.Degré tertiaire: Hautes écoles.Pédagogie",1
SZ,2013,"Enseignement, sciences, documentation et culture.Degré tertiaire: Hautes écoles.Pédagogie",1
SZ,2018,"Enseignement, sciences, documentation et culture.Degré tertiaire: Hautes écoles.Pédagogie",1
SZ,2025,"Enseignement, sciences, documentation et culture.Degré tertiaire: Hautes écoles.Pédagogie",1
SZ,2026,Etat.Autorités.Gouvernement et administration.Procédure administrative,1
TG,1961,"Santé, travail, droit des assurances sociales, logement, homes",1
TG,1969,Etat.Eglise et Etat.Eglise catholique romaine,1
TG,1975,Economie,1
TG,1976,Economie,1
TG,1977,Economie,2
TG,1979,Etat,1
TG,1987,"Enseignement, sciences, documentation et culture",1
TG,1988,"Enseignement, sciences, documentation et culture.Documentation.Archives",1
TG,1989,"Santé, travail, droit des assurances sociales, logement, homes.Droit des assurances sociales.Assurance-chômage",1
TG,1991,Etat.Eglise et Etat.Eglise catholique romaine,1
TG,1995,Etat.Eglise et Etat.Eglise évangélique réformée,1
TG,1995,"Finances, Impôts, monopoles, entreprises d'état.Entreprises d'Etat.Banques cantonales",1
TG,1995,Economie,1
TG,1996,Economie.Forêt.Personnel forestier,1
TG,1999,Etat.Eglise et Etat.Eglise évangélique réformée,1
TG,1999,Economie.Forêt.Personnel forestier,1
TG,2003,"Enseignement, sciences, documentation et culture",1
TG,2003,"Enseignement, sciences, documentation et culture.Degré tertiaire: Hautes écoles.Pédagogie",3
TG,2003,"Enseignement, sciences, documentation et culture.Contributions à la formation.Emoluments scolaires",1
TG,2003,"Santé, travail, droit des assurances sociales, logement, homes",1
TG,2003,"Santé, travail, droit des assurances sociales, logement, homes.Santé.Professions médicales.Personnel soignant",5
TG,2004,"Enseignement, sciences, documentation et culture.Degré tertiaire: Hautes écoles.Pédagogie",1
TG,2004,"Défense nationale, protection de la population, police.Sécurité intérieure.Police.Personnel",1
TG,2005,"Etat.Autorités.Gouvernement et administration.Droit du personnel.Pensions, prestations d'assurance",1
TG,2005,Etat.Eglise et Etat.Eglise catholique romaine,1
TG,2005,Etat.Eglise et Etat.Eglise évangélique réformée,1
TG,2005,"Défense nationale, protection de la population, police.Protection de la population.Protection contre les incendies / éléments naturels.Assurances des bâtiments.Assurance contre les dommages causés par les éléments naturels",1
TG,2005,"Santé, travail, droit des assurances sociales, logement, homes.Santé.Professions médicales.Personnel soignant",1
TG,2006,"Enseignement, sciences, documentation et culture.Degré prescolaire, école primaire, degré secondaire I.Ecole primaire, degré secondaire I",1
TG,2007,"Enseignement, sciences, documentation et culture.Degré tertiaire: Hautes écoles.Pédagogie",1
TG,2010,"Enseignement, sciences, documentation et culture.Degré tertiaire: Ecoles supérieures",1
TG,2011,"Enseignement, sciences, documentation et culture",1
TG,2011,"Enseignement, sciences, documentation et culture.Degré tertiaire: Hautes écoles.Pédagogie",2
TG,2012,"Enseignement, sciences, documentation et culture.Contributions à la formation.Ecolages",1
TG,2025,"Enseignement, sciences, documentation et culture.Degré tertiaire: Ecoles supérieures",1
TG,2026,Non classé,1
TI,1924,"Etat.Autorités.Organisation judiciaire.Autorités judiciaires.Cours supérieures, tribunaux fédéraux",1
TI,1935,"Droit civil.Dispositions d'introduction du code civil.Droits réels.Registre foncier, mensurations cadastrales",1
TI,1944,"Aménagement du territoire et constructions, expropriation, travaux publics, énergie, transports, environnement.Protection de la nature et du paysage.Protection des monuments et des biens culturels",1
TI,1958,"Droit civil.Dispositions d'introduction du code civil.Droits réels.Registre foncier, mensurations cadastrales",2
TI,1958,"Santé, travail, droit des assurances sociales, logement, homes",2
TI,1961,"Santé, travail, droit des assurances sociales, logement, homes.Santé.Hygiène.Inhumations, cimetières",1
TI,1962,"Aménagement du territoire et constructions, expropriation, travaux publics, énergie, transports, environnement.Protection de la nature et du paysage.Protection des rives",1
TI,1963,"Droit civil.Dispositions d'introduction du code civil.Droits réels.Registre foncier, mensurations cadastrales",1
TI,1967,"Aménagement du territoire et constructions, expropriation, travaux publics, énergie, transports, environnement",1
TI,1969,"Aménagement du territoire et constructions, expropriation, travaux publics, énergie, transports, environnement.Protection de l'environnement.Protection des eaux",1
TI,1969,Economie.Agriculture.Epizooties,1
TI,1970,"Santé, travail, droit des assurances sociales, logement, homes",1
TI,1971,"Aménagement du territoire et constructions, expropriation, travaux publics, énergie, transports, environnement.Expropriation",1
TI,1972,"Finances, Impôts, monopoles, entreprises d'état.Finances.Contributions étatiques, subventions",1
TI,1972,Economie.Agriculture.Crédit agricole,1
TI,1974,"Enseignement, sciences, documentation et culture",1
TI,1974,"Aménagement du territoire et constructions, expropriation, travaux publics, énergie, transports, environnement.Protection de l'environnement.Produits toxiques et chimiques",1
TI,1974,"Aménagement du territoire et constructions, expropriation, travaux publics, énergie, transports, environnement.Protection de la nature et du paysage.Protection de la nature",1
TI,1974,Non classé,1
TI,1975,Etat,1
TI,1975,"Finances, Impôts, monopoles, entreprises d'état.Finances.Contributions étatiques, subventions",1
TI,1975,"Aménagement du territoire et constructions, expropriation, travaux publics, énergie, transports, environnement.Protection de la nature et du paysage.Protection des animaux",1
TI,1975,"Santé, travail, droit des assurances sociales, logement, homes.Santé.Professions médicales.Pédicure",1
TI,1976,"Défense nationale, protection de la population, police.Sécurité intérieure.Entreprises de sécurité",1
TI,1978,Droit pénal,1
TI,1978,Non classé,1
TI,1979,"Défense nationale, protection de la population, police.Protection de la population.Protection contre les incendies / éléments naturels.Ramoneurs",1
TI,1979,"Aménagement du territoire et constructions, expropriation, travaux publics, énergie, transports, environnement.Protection de l'environnement.Protection des eaux",1
TI,1979,"Santé, travail, droit des assurances sociales, logement, homes",1
TI,1979,"Santé, travail, droit des assurances sociales, logement, homes.Santé.Professions médicales.Psychothérapeutes",1
TI,1980,"Santé, travail, droit des assurances sociales, logement, homes",1
TI,1980,"Santé, travail, droit des assurances sociales, logement, homes.Droit des assurances sociales.AVS/AI",1
TI,1981,"Enseignement, sciences, documentation et culture.Art, culture, sport.Encouragement à la culture",1
TI,1982,"Aménagement du territoire et constructions, expropriation, travaux publics, énergie, transports, environnement.Transports.Funiculaires, téléphériques, téléskis",2
TI,1984,"Santé, travail, droit des assurances sociales, logement, homes.Droit du travail.Travail à domicile",1
TI,1984,Economie.Arts et métiers.Services.Professions soumises à autorisation,1
TI,1985,"Etat.Autorités.Gouvernement et administration.Droit du personnel.Pensions, prestations d'assurance",1
TI,1985,"Aménagement du territoire et constructions, expropriation, travaux publics, énergie, transports, environnement",1
TI,1985,"Santé, travail, droit des assurances sociales, logement, homes",1
TI,1985,Economie,1
TI,1985,Non classé,1
TI,1986,"Aménagement du territoire et constructions, expropriation, travaux publics, énergie, transports, environnement.Transports.Conduites",1
TI,1986,"Aménagement du territoire et constructions, expropriation, travaux publics, énergie, transports, environnement.Protection de la nature et du paysage.Protection des animaux",1
TI,1986,Economie,2
TI,1987,Etat,2
TI,1987,Etat.Communes.Finances communales,1
TI,1987,"Enseignement, sciences, documentation et culture.Degré secondaire II.Ecole moyenne",1
TI,1987,"Aménagement du territoire et constructions, expropriation, travaux publics, énergie, transports, environnement.Protection de la nature et du paysage.Protection des animaux",1
TI,1988,"Droit civil.Dispositions d'introduction du code civil.Droit de la famille.Accueil familial, adoption",1
TI,1988,"Santé, travail, droit des assurances sociales, logement, homes.Assistance.Avances sur les pensions alimentaires",1
TI,1989,Etat.Autorités.Protection des données,1
TI,1989,"Enseignement, sciences, documentation et culture.Assurance de la qualité, surveillance, direction.Médecine scolaire, services psychologiques scolaires",1
TI,1989,"Enseignement, sciences, documentation et culture.Documentation.Musées",1
TI,1990,Etat,1
TI,1990,"Enseignement, sciences, documentation et culture.Degré tertiaire: Ecoles supérieures",1
TI,1990,"Enseignement, sciences, documentation et culture.Pédagogie spécialisée.Ecoles spécialisées",1
TI,1990,Non classé,1
TI,1991,Droit pénal.Exécution des peines et des mesures.Patronage,1
TI,1991,"Aménagement du territoire et constructions, expropriation, travaux publics, énergie, transports, environnement.Aménagement du territoire et constructions.Remembrements",1
TI,1992,Etat.Autorités.Gouvernement et administration.Procédure administrative,1
TI,1992,Etat.Communes.Finances communales,1
TI,1992,"Enseignement, sciences, documentation et culture",1
TI,1992,"Enseignement, sciences, documentation et culture.Degré prescolaire, école primaire, degré secondaire I.Ecole enfantine",1
TI,1992,"Enseignement, sciences, documentation et culture.Formation continue (Degré quaternaire).Formation continue des enseignants",1
TI,1992,"Enseignement, sciences, documentation et culture.Corps enseignant.Formation",1
TI,1992,"Aménagement du territoire et constructions, expropriation, travaux publics, énergie, transports, environnement",1
TI,1992,"Aménagement du territoire et constructions, expropriation, travaux publics, énergie, transports, environnement.Transports.Circulation routière.Impôts et taxes de la circulation",1
TI,1992,"Santé, travail, droit des assurances sociales, logement, homes",2
TI,1992,"Santé, travail, droit des assurances sociales, logement, homes.Santé.Substances thérapeutiques, stupéfiants",1
TI,1992,"Santé, travail, droit des assurances sociales, logement, homes.Logement.Logement dans les zones de montagne",1
TI,1993,Etat.Dispositions générales.Publications officielles.Recueils de législation,1
TI,1993,"Enseignement, sciences, documentation et culture.Documentation.Bibliothèques",1
TI,1993,"Finances, Impôts, monopoles, entreprises d'état.Impôts.Impôts sur le revenu et la fortune / impôts sur les bénéfices et les capitaux.Impôt ecclésiastique",1
TI,1993,"Finances, Impôts, monopoles, entreprises d'état.Monopoles, régales, entreprises d'état.Chasse.Chasseurs",1
TI,1993,"Aménagement du territoire et constructions, expropriation, travaux publics, énergie, transports, environnement",1
TI,1993,"Aménagement du territoire et constructions, expropriation, travaux publics, énergie, transports, environnement.Transports.Poste, télécommunications",1
TI,1994,Etat,1
TI,1994,Etat.Dispositions générales.Etablissement et séjour.Etablissement et séjour des étrangers.intégration,1
TI,1994,Etat.Autorités.Gouvernement et administration.Organisation.Délégation,1
TI,1994,"Etat.Communes.Bourgeoisies, allmends",1
TI,1994,Droit civil.Dispositions générales d'introduction du code des obligations.Des divers contrats.Prêt,1
TI,1994,Droit pénal.Dispositions générales d'introduction du code pénal.Interruption de grossesse,1
TI,1994,"Enseignement, sciences, documentation et culture.Corps enseignant.Formation",1
TI,1994,"Enseignement, sciences, documentation et culture.Art, culture, sport.Art.Cinéma, théâtre, divertissement",1
TI,1994,"Défense nationale, protection de la population, police.Sécurité intérieure.Maintien de la tranquillité et de l'ordre public.Domaine public",1
TI,1994,"Finances, Impôts, monopoles, entreprises d'état",1
TI,1994,"Finances, Impôts, monopoles, entreprises d'état.Impôts.Impôts sur le revenu et la fortune / impôts sur les bénéfices et les capitaux.Impôt fédéral",1
TI,1994,"Finances, Impôts, monopoles, entreprises d'état.Impôts.Double imposition",1
TI,1994,"Santé, travail, droit des assurances sociales, logement, homes",2
TI,1994,"Santé, travail, droit des assurances sociales, logement, homes.Santé.Hygiène.Piscines",1
TI,1994,Economie,1
TI,1994,Economie.Arts et métiers.Services.Professions soumises à autorisation,1
TI,1995,Etat,1
TI,1995,Etat.Dispositions générales.Droit de cité,1
TI,1995,"Enseignement, sciences, documentation et culture",1
TI,1995,"Aménagement du territoire et constructions, expropriation, travaux publics, énergie, transports, environnement.Protection de l'environnement.Lutte contre les dommages",2
TI,1995,"Santé, travail, droit des assurances sociales, logement, homes",1
TI,1995,"Santé, travail, droit des assurances sociales, logement, homes.Droit des assurances sociales.Assurance-chômage",1
TI,1996,Etat,1
TI,1996,"Etat.Autorités.Gouvernement et administration.Droit du personnel.Pensions, prestations d'assurance",1
TI,1996,Droit civil.Dispositions générales d'introduction du code des obligations.Des divers contrats.Bail à loyer et à ferme.Bail à ferme agricole,1
TI,1996,Droit pénal.Procédure pénale.Aide aux victimes d'infractions,1
TI,1996,"Enseignement, sciences, documentation et culture",1
TI,1996,"Enseignement, sciences, documentation et culture.Degré prescolaire, école primaire, degré secondaire I.Ecole enfantine",1
TI,1996,"Enseignement, sciences, documentation et culture.Degré secondaire II.Ecole moyenne",1
TI,1996,"Enseignement, sciences, documentation et culture.Reconnaissance des diplômes",1
TI,1996,"Finances, Impôts, monopoles, entreprises d'état.Monopoles, régales, entreprises d'état.Alcool",1
TI,1996,"Aménagement du territoire et constructions, expropriation, travaux publics, énergie, transports, environnement.Protection de la nature et du paysage.Protection des animaux",1
TI,1996,"Santé, travail, droit des assurances sociales, logement, homes",1
TI,1996,Economie.Arts et métiers.Services.Professions soumises à autorisation,1
TI,1997,Etat.Dispositions générales.Etablissement et séjour.Etablissement et séjour des étrangers.mesures de contrainte,1
TI,1997,"Droit civil.Dispositions d'introduction du code civil.Droit des personnes, état civil.Fondations, surveillance.Fondations LPP",1
TI,1997,Droit civil.Dispositions d'introduction du code civil.Droits réels.Estimation officielle des immeubles,1
TI,1997,"Enseignement, sciences, documentation et culture",2
TI,1997,"Enseignement, sciences, documentation et culture.Degré secondaire II.Ecole moyenne",1
TI,1997,"Enseignement, sciences, documentation et culture.Sport scolaire",1
TI,1997,"Défense nationale, protection de la population, police.Défense.Taxe d'exemption",1
TI,1997,"Aménagement du territoire et constructions, expropriation, travaux publics, énergie, transports, environnement.Aménagement du territoire et constructions.Procédure",1
TI,1997,"Santé, travail, droit des assurances sociales, logement, homes",1
TI,1997,"Santé, travail, droit des assurances sociales, logement, homes.Droit des assurances sociales.Allocations familiales.Travailleurs agricoles",1
TI,1997,"Santé, travail, droit des assurances sociales, logement, homes.Assistance.Protection de la jeunesse, aide à la jeunesse",1
TI,1997,Non classé,3
TI,1998,Etat,1
TI,1998,"Droit civil.Dispositions d'introduction du code civil.Droits réels.Registre foncier, mensurations cadastrales",1
TI,1998,Droit civil.Arbitrage,1
TI,1998,"Enseignement, sciences, documentation et culture.Degré secondaire II: Formation professionnelle initiale.Orientation professionnelle",1
TI,1998,"Enseignement, sciences, documentation et culture.Assurance de la qualité, surveillance, direction.Médecine scolaire, services psychologiques scolaires",1
TI,1998,"Enseignement, sciences, documentation et culture.Assurance de la qualité, surveillance, direction.Assurance scolaire",1
TI,1998,"Enseignement, sciences, documentation et culture.Documentation.Statistique",1
TI,1998,"Défense nationale, protection de la population, police.Protection de la population.Protection contre les incendies / éléments naturels.Protection contre le feu, pompiers",1
TI,1998,"Santé, travail, droit des assurances sociales, logement, homes",2
TI,1998,"Santé, travail, droit des assurances sociales, logement, homes.Santé.Hygiène.Enfouissement des déchets carnés",1
TI,1998,"Santé, travail, droit des assurances sociales, logement, homes.Droit des assurances sociales.Prestations complémentaires",1
TI,1998,"Santé, travail, droit des assurances sociales, logement, homes.Droit des assurances sociales.Assurance-chômage",2
TI,1998,Economie,2
TI,1998,Economie.Promotion de l'économie,1
TI,1998,Economie.Agriculture.Droit foncier rural,1
TI,1998,Economie.Arts et métiers.Services.Professions soumises à autorisation,1
TI,1998,Economie.Arts et métiers.Services.Jeux de hasard et loteries.Fonds de loterie,1
TI,1999,Etat,1
TI,1999,"Enseignement, sciences, documentation et culture",1
TI,1999,"Enseignement, sciences, documentation et culture.Degré secondaire II.Ecole moyenne",1
TI,1999,"Enseignement, sciences, documentation et culture.Degré tertiaire: Ecoles supérieures",2
TI,1999,"Aménagement du territoire et constructions, expropriation, travaux publics, énergie, transports, environnement",1
TI,1999,"Aménagement du territoire et constructions, expropriation, travaux publics, énergie, transports, environnement.Transports.Circulation routière.Transport des personnes",1
TI,1999,"Santé, travail, droit des assurances sociales, logement, homes",1
TI,1999,"Santé, travail, droit des assurances sociales, logement, homes.Santé.Services psychiatriques",1
TI,1999,"Santé, travail, droit des assurances sociales, logement, homes.Santé.Soins à domicile",1
TI,2000,Etat,2
TI,2000,Etat.Autorités.Protection des données,1
TI,2000,Droit civil.Dispositions d'introduction du code civil.Droit de la famille.Tutelle,1
TI,2000,"Enseignement, sciences, documentation et culture",1
TI,2000,"Enseignement, sciences, documentation et culture.Degré secondaire II.Ecoles supérieures de commerce, ecoles supérieures d'informatique",1
TI,2000,"Enseignement, sciences, documentation et culture.Degré secondaire II: Formation professionnelle initiale.Ecoles préparant à la maturité professionnelle",1
TI,2000,"Défense nationale, protection de la population, police.Sécurité intérieure.Armes et munitions",1
TI,2000,"Aménagement du territoire et constructions, expropriation, travaux publics, énergie, transports, environnement.Travaux publics.Routes.Routes nationales",1
TI,2000,"Aménagement du territoire et constructions, expropriation, travaux publics, énergie, transports, environnement.Protection de l'environnement.Protection contre le bruit",1
TI,2000,"Santé, travail, droit des assurances sociales, logement, homes.Santé.Services psychiatriques",1
TI,2000,Economie.Agriculture.Mesures d'encouragement,1
TI,2000,Economie.Arts et métiers.Services.Tourisme,1
TI,2000,Non classé,1
TI,2001,Etat,1
TI,2001,"Etat.Autorités.Gouvernement et administration.Droit du personnel.Formation, formation continue, perfectionnement",1
TI,2001,Droit civil,1
TI,2001,"Enseignement, sciences, documentation et culture.Degré secondaire II.Ecoles moyennes supérieures, écoles des culture générale, écoles de degré diplôme",1
TI,2001,"Enseignement, sciences, documentation et culture.Degré secondaire II.Ecoles supérieures de commerce, ecoles supérieures d'informatique",1
TI,2001,"Enseignement, sciences, documentation et culture.Documentation.Statistique",2
TI,2001,"Aménagement du territoire et constructions, expropriation, travaux publics, énergie, transports, environnement.Aménagement du territoire et constructions.Affichage et publicité",1
TI,2001,"Aménagement du territoire et constructions, expropriation, travaux publics, énergie, transports, environnement.Travaux publics.Marchés publics",1
TI,2001,"Aménagement du territoire et constructions, expropriation, travaux publics, énergie, transports, environnement.Protection de l'environnement.Protection contre les radiations",1
TI,2001,Economie.Commerce.Poids et mesures. moyens de paiement,1
TI,2001,Non classé,2
TI,2002,Etat,2
TI,2002,Etat.Communes.Finances communales,1
TI,2002,"Enseignement, sciences, documentation et culture.Degré prescolaire, école primaire, degré secondaire I.Ecole primaire, degré secondaire I",1
TI,2002,"Enseignement, sciences, documentation et culture.Pédagogie spécialisée.Enseignement d'appui",1
TI,2002,"Enseignement, sciences, documentation et culture.Corps enseignant.Formation",1
TI,2002,"Défense nationale, protection de la population, police.Sécurité intérieure.Police.Taxes",1
TI,2002,"Santé, travail, droit des assurances sociales, logement, homes",1
TI,2002,"Santé, travail, droit des assurances sociales, logement, homes.Santé.Etique",1
TI,2002,"Santé, travail, droit des assurances sociales, logement, homes.Santé.Substances thérapeutiques, stupéfiants",1
TI,2002,"Santé, travail, droit des assurances sociales, logement, homes.Santé.Urgences, ambulances",1
TI,2002,Economie,2
TI,2003,Etat,1
TI,2003,Etat.Dispositions générales.Documents d'identité,1
TI,2003,"Etat.Autorités.Gouvernement et administration.Droit du personnel.Formation, formation continue, perfectionnement",1
TI,2003,"Etat.Autorités.Organisation judiciaire.Autorités judiciaires.Tribunaux de district / d'arrondissement, juges de paix",2
TI,2003,"Enseignement, sciences, documentation et culture",1
TI,2003,"Aménagement du territoire et constructions, expropriation, travaux publics, énergie, transports, environnement.Energie.Electricité",1
TI,2003,"Aménagement du territoire et constructions, expropriation, travaux publics, énergie, transports, environnement.Protection de la nature et du paysage.Protection de la nature",1
TI,2003,"Santé, travail, droit des assurances sociales, logement, homes.Santé.Lutte contre les maladies.Epidémies, pandémies",1
TI,2003,"Santé, travail, droit des assurances sociales, logement, homes.Assistance.Aide sociale",1
TI,2003,"Santé, travail, droit des assurances sociales, logement, homes.Assistance.Consultation familiale et matrimoniale",1
TI,2003,Economie,2
TI,2003,Economie.Commerce.Commerce itinérant,1
TI,2004,Etat.Dispositions générales.Etablissement et séjour.Etablissement et séjour des étrangers.intégration,1
TI,2004,Etat.Eglise et Etat.Eglise catholique romaine,1
TI,2004,Droit pénal,1
TI,2004,"Enseignement, sciences, documentation et culture.Corps enseignant.Formation",1
TI,2004,"Défense nationale, protection de la population, police.Sécurité intérieure.Explosifs",1
TI,2004,"Finances, Impôts, monopoles, entreprises d'état.Finances.Contrôle des finances",1
TI,2004,"Aménagement du territoire et constructions, expropriation, travaux publics, énergie, transports, environnement.Protection de la nature et du paysage.Protection des monuments et des biens culturels",1
TI,2004,"Santé, travail, droit des assurances sociales, logement, homes",1
TI,2004,"Santé, travail, droit des assurances sociales, logement, homes.Santé.Substances thérapeutiques, stupéfiants",1
TI,2004,Economie.Agriculture.Culture des plantes.Vignoble,1
TI,2004,Economie.Agriculture.Lait,1
TI,2004,"Economie.Arts et métiers.Services.Restauration, Etablissements publics.Camping",1
TI,2004,Non classé,1
TI,2005,Droit civil,1
TI,2005,"Finances, Impôts, monopoles, entreprises d'état.Entreprises d'Etat.Banques cantonales",1
TI,2005,"Aménagement du territoire et constructions, expropriation, travaux publics, énergie, transports, environnement.Aménagement du territoire et constructions.Places de parking",1
TI,2005,"Aménagement du territoire et constructions, expropriation, travaux publics, énergie, transports, environnement.Protection de l'environnement.Déchets",1
TI,2005,"Aménagement du territoire et constructions, expropriation, travaux publics, énergie, transports, environnement.Protection de l'environnement.Protection contre le bruit",1
TI,2005,"Aménagement du territoire et constructions, expropriation, travaux publics, énergie, transports, environnement.Protection de la nature et du paysage.Protection de la nature",1
TI,2005,"Santé, travail, droit des assurances sociales, logement, homes",3
TI,2005,"Santé, travail, droit des assurances sociales, logement, homes.Assistance.Politique familiale, promotion de la famille",1
TI,2005,Economie.Arts et métiers.Services.Professions soumises à autorisation,1
TI,2006,Droit civil,1
TI,2006,"Enseignement, sciences, documentation et culture.Corps enseignant.Formation",1
TI,2006,"Finances, Impôts, monopoles, entreprises d'état.Finances.Contrôle des finances",1
TI,2006,"Aménagement du territoire et constructions, expropriation, travaux publics, énergie, transports, environnement.Travaux publics.Marchés publics",1
TI,2007,Etat.Professions juridiques.Avocats.Honoraires,1
TI,2007,"Droit civil.Dispositions d'introduction du code civil.Droits réels.Registre foncier, mensurations cadastrales",1
TI,2007,Droit pénal.Droit pénal des mineurs et procédure pénale des mineurs,1
TI,2007,"Aménagement du territoire et constructions, expropriation, travaux publics, énergie, transports, environnement.Energie.Electricité",1
TI,2007,"Aménagement du territoire et constructions, expropriation, travaux publics, énergie, transports, environnement.Protection de l'environnement.Déchets",1
TI,2007,"Aménagement du territoire et constructions, expropriation, travaux publics, énergie, transports, environnement.Protection de l'environnement.Etude d'impact sur l'environnement",1
TI,2007,"Santé, travail, droit des assurances sociales, logement, homes.Santé.Soins à domicile",2
TI,2007,"Santé, travail, droit des assurances sociales, logement, homes.Assistance.Aide sociale",1
TI,2008,Etat,1
TI,2008,Etat.Autorités.Gouvernement et administration.Administration.Commissions,1
TI,2008,Etat.Autorités.Protection des données,1
TI,2008,Droit civil,1
TI,2008,"Enseignement, sciences, documentation et culture.Degré tertiaire: Ecoles supérieures",1
TI,2008,"Aménagement du territoire et constructions, expropriation, travaux publics, énergie, transports, environnement",1
TI,2008,"Santé, travail, droit des assurances sociales, logement, homes",1
TI,2008,"Santé, travail, droit des assurances sociales, logement, homes.Droit du travail.Marché du travail.Envoi de travailleurs à l'étranger",1
TI,2008,Economie.Arts et métiers.Services.Jeux de hasard et loteries.Fonds de loterie,1
TI,2008,Non classé,1
TI,2009,Etat,2
TI,2009,Etat.Dispositions générales.Etablissement et séjour.Etablissement et séjour des étrangers.intégration,1
TI,2009,"Enseignement, sciences, documentation et culture",1
TI,2009,"Enseignement, sciences, documentation et culture.Degré secondaire II.Ecoles moyennes supérieures, écoles des culture générale, écoles de degré diplôme",2
TI,2009,"Enseignement, sciences, documentation et culture.Degré tertiaire: Hautes écoles.Pédagogie",1
TI,2009,"Enseignement, sciences, documentation et culture.Sport scolaire",1
TI,2009,"Aménagement du territoire et constructions, expropriation, travaux publics, énergie, transports, environnement.Travaux publics.Routes.Chemins pédestres et de randonnée",1
TI,2010,Etat.Autorités.Informatique.E-Government,1
TI,2010,Etat.Professions juridiques.Avocats.Assistance judiciaire,1
TI,2010,Droit pénal,1
TI,2010,Droit pénal.Amendes d'ordre,1
TI,2010,"Enseignement, sciences, documentation et culture.Documentation.Statistique",2
TI,2010,"Aménagement du territoire et constructions, expropriation, travaux publics, énergie, transports, environnement.Energie.Approvisionnement en énergie",1
TI,2010,Economie.Développement économiques dans les régions de montagne,1
TI,2010,Non classé,1
TI,2011,Etat.Autorités.Gouvernement et administration.Droit du personnel.Engagement,1
TI,2011,"Etat.Autorités.Gouvernement et administration.Droit du personnel.Traitements, indemnités",1
TI,2011,Etat.Autorités.Protection des données,1
TI,2011,"Etat.Autorités.Organisation judiciaire.Autorités judiciaires.Prud'hommes, Tribunaux des baux à loyer",1
TI,2011,"Enseignement, sciences, documentation et culture.Degré tertiaire: Ecoles supérieures",1
TI,2011,"Aménagement du territoire et constructions, expropriation, travaux publics, énergie, transports, environnement",1
TI,2011,"Aménagement du territoire et constructions, expropriation, travaux publics, énergie, transports, environnement.Energie.Forces hydrauliques",1
TI,2011,Economie.Arts et métiers.Services.Jeux de hasard et loteries.Fonds de loterie,1
TI,2012,Etat.Dispositions générales.Information du public,2
TI,2012,"Etat.Autorités.Organisation judiciaire.Emoluments judiciaires, frais de justice",1
TI,2012,Etat.Professions juridiques.Avocats.Assistance judiciaire,1
TI,2012,"Enseignement, sciences, documentation et culture.Pédagogie spécialisée.Ecoles spécialisées",1
TI,2012,"Enseignement, sciences, documentation et culture.Contributions à la formation.Ecolages",1
TI,2012,"Enseignement, sciences, documentation et culture.Documentation.Archives",1
TI,2012,"Défense nationale, protection de la population, police.Sécurité intérieure.Police.Coopération en matière de police",1
TI,2012,"Santé, travail, droit des assurances sociales, logement, homes.Santé.Etablissements hospitaliers, cliniques.Droits des patients",1
TI,2012,Economie.Arts et métiers.Services.Professions soumises à autorisation,1
TI,2012,Economie.Arts et métiers.Services.Jeux de hasard et loteries.Fonds de loterie,1
TI,2013,"Droit civil.Dispositions d'introduction du code civil.Droits réels.Registre foncier, mensurations cadastrales",1
TI,2013,"Finances, Impôts, monopoles, entreprises d'état.Finances.Budget, comptes",1
TI,2013,"Aménagement du territoire et constructions, expropriation, travaux publics, énergie, transports, environnement.Protection de la nature et du paysage.Protection de la nature",1
TI,2013,"Santé, travail, droit des assurances sociales, logement, homes.Santé.Soins à domicile",1
TI,2013,Economie.Arts et métiers.Services.Professions soumises à autorisation,1
TI,2014,Etat.Communes.Répartition des tâches entre canton et communes,1
TI,2014,Droit civil,1
TI,2014,Droit civil.Dispositions générales d'introduction du code des obligations.Droit commercial.Registre du commerce,1
TI,2014,"Enseignement, sciences, documentation et culture.Degré prescolaire, école primaire, degré secondaire I.Ecole primaire, degré secondaire I",1
TI,2014,"Enseignement, sciences, documentation et culture.Degré secondaire II: Formation professionnelle initiale.Orientation professionnelle",1
TI,2014,"Enseignement, sciences, documentation et culture.Degré tertiaire: Ecoles supérieures",1
TI,2014,"Enseignement, sciences, documentation et culture.Documentation.Musées",1
TI,2014,"Enseignement, sciences, documentation et culture.Art, culture, sport.Encouragement à la culture",1
TI,2014,"Enseignement, sciences, documentation et culture.Art, culture, sport.Sport",1
TI,2014,"Aménagement du territoire et constructions, expropriation, travaux publics, énergie, transports, environnement",1
TI,2014,"Aménagement du territoire et constructions, expropriation, travaux publics, énergie, transports, environnement.Energie.Electricité",1
TI,2016,"Aménagement du territoire et constructions, expropriation, travaux publics, énergie, transports, environnement",1
TI,2016,"Santé, travail, droit des assurances sociales, logement, homes.Droit des assurances sociales.Assurance maternité, contributions financières aux mères",1
TI,2016,Economie.Arts et métiers.Services.Professions soumises à autorisation,1
TI,2016,Non classé,1
TI,2017,Etat.Autorités.Gouvernement et administration.Droit du personnel.Engagement,3
TI,2017,"Etat.Autorités.Gouvernement et administration.Droit du personnel.Traitements, indemnités",1
TI,2017,"Etat.Autorités.Gouvernement et administration.Droit du personnel.Pensions, prestations d'assurance",1
TI,2017,"Etat.Autorités.Gouvernement et administration.Droit du personnel.Commissions du personnel, commissions paritaires",1
TI,2017,"Défense nationale, protection de la population, police.Sécurité intérieure.Police.Personnel",2
TI,2017,"Aménagement du territoire et constructions, expropriation, travaux publics, énergie, transports, environnement",2
TI,2018,Etat,1
TI,2018,"Finances, Impôts, monopoles, entreprises d'état.Monopoles, régales, entreprises d'état.Chasse.Chasseurs",1
TI,2018,"Santé, travail, droit des assurances sociales, logement, homes",1
TI,2019,"Droit civil.Dispositions d'introduction du code civil.Droits réels.Registre foncier, mensurations cadastrales",1
TI,2019,Economie.Arts et métiers.Services.Prostitution,1
TI,2019,Economie.Commerce.Horaires de fermeture des magasins,1
TI,2020,"Défense nationale, protection de la population, police.Sécurité intérieure.Maintien de la tranquillité et de l'ordre public.Domaine public",1
TI,2020,"Finances, Impôts, monopoles, entreprises d'état.Impôts.Impôts sur le revenu et la fortune / impôts sur les bénéfices et les capitaux.Impôt à la source",1
TI,2020,"Santé, travail, droit des assurances sociales, logement, homes",1
TI,2021,Etat.Autorités.Gouvernement et administration.Droit du personnel.Engagement,1
TI,2021,Droit civil.Procédure civile.Exécution,1
TI,2021,"Défense nationale, protection de la population, police.Défense.Administration militaire",1
TI,2021,"Santé, travail, droit des assurances sociales, logement, homes.Santé.Lutte contre les maladies.Epidémies, pandémies",1
TI,2022,"Enseignement, sciences, documentation et culture",1
TI,2022,"Santé, travail, droit des assurances sociales, logement, homes",1
TI,2023,Etat,1
TI,2023,Etat.Autorités.Informatique.E-Government,1
TI,2023,"Défense nationale, protection de la population, police.Protection de la population.Protection contre les incendies / éléments naturels.Protection contre les incendies",1
TI,2023,"Aménagement du territoire et constructions, expropriation, travaux publics, énergie, transports, environnement",1
TI,2023,"Aménagement du territoire et constructions, expropriation, travaux publics, énergie, transports, environnement.Aménagement du territoire et constructions.Procédure",1
TI,2023,"Santé, travail, droit des assurances sociales, logement, homes",1
TI,2023,"Santé, travail, droit des assurances sociales, logement, homes.Droit des assurances sociales.LAMAL.Limitation de l'admission des fournisseurs de prestations",1
TI,2023,Economie,1
TI,2024,Etat.Autorités.Gouvernement et administration.Procédure administrative,1
TI,2024,"Enseignement, sciences, documentation et culture.Art, culture, sport.Encouragement à la culture",1
TI,2024,"Défense nationale, protection de la population, police.Sécurité intérieure.Police.Personnel",1
TI,2024,"Finances, Impôts, monopoles, entreprises d'état.Impôts.Impôts sur le revenu et la fortune / impôts sur les bénéfices et les capitaux.Impôt fédéral",1
TI,2025,Etat.Dispositions générales.Etablissement et séjour.Etablissement et séjour des étrangers.asile,1
TI,2025,"Défense nationale, protection de la population, police.Sécurité intérieure.Maintien de la tranquillité et de l'ordre public.Chiens, animaux dangereux",1
TI,2025,"Aménagement du territoire et constructions, expropriation, travaux publics, énergie, transports, environnement.Travaux publics.Aménagement des eaux.Utilisation des eaux",1
TI,2026,Etat.Dispositions générales.Etablissement et séjour.Etablissement et séjour des étrangers.asile,1
TI,2026,"Aménagement du territoire et constructions, expropriation, travaux publics, énergie, transports, environnement.Transports.Transports publics.Transports régionaux",1
TI,2026,"Santé, travail, droit des assurances sociales, logement, homes.Santé.Prévention des dépendances.Interdictions de fumer",1
TI,2026,"Santé, travail, droit des assurances sociales, logement, homes.Assistance.Homes.Etablissements pour personnes âgées",1
UR,1911,Droit civil,1
UR,1948,"Santé, travail, droit des assurances sociales, logement, homes.Droit des assurances sociales.Caisses de compensation",1
UR,1954,"Aménagement du territoire et constructions, expropriation, travaux publics, énergie, transports, environnement.Transports.Funiculaires, téléphériques, téléskis",1
UR,1962,Etat.Autorités.Organisation judiciaire.Autorités judiciaires.Commissions de recours,1
UR,1962,"Aménagement du territoire et constructions, expropriation, travaux publics, énergie, transports, environnement.Travaux publics.Routes.Routes nationales",1
UR,1967,"Finances, Impôts, monopoles, entreprises d'état.Impôts.Impôts sur le revenu et la fortune / impôts sur les bénéfices et les capitaux.Imputation forfaitaire d'impôt",1
UR,1971,"Santé, travail, droit des assurances sociales, logement, homes.Logement.Logement dans les zones de montagne",1
UR,1973,Droit civil.Dispositions générales d'introduction du code des obligations.Des divers contrats.Contrat de travail.Contrats-type.Agriculture,1
UR,1973,"Santé, travail, droit des assurances sociales, logement, homes.Santé.Urgences, ambulances",1
UR,1982,Etat.Autorités.Gouvernement et administration.Emoluments administratifs,1
UR,1982,"Aménagement du territoire et constructions, expropriation, travaux publics, énergie, transports, environnement.Transports.Funiculaires, téléphériques, téléskis",1
UR,1982,Economie.Arts et métiers.Services.Tourisme,1
UR,1983,Etat,1
UR,1983,Etat.Dispositions générales.Publications officielles.Recueils de législation,1
UR,1983,"Enseignement, sciences, documentation et culture.Sport scolaire",1
UR,1983,"Santé, travail, droit des assurances sociales, logement, homes.Droit des assurances sociales.AVS/AI",1
UR,1983,"Santé, travail, droit des assurances sociales, logement, homes.Droit des assurances sociales.LAA",1
UR,1983,"Santé, travail, droit des assurances sociales, logement, homes.Droit des assurances sociales.Assurance-chômage",1
UR,1983,Non classé,1
UR,1984,Economie.Agriculture.Epizooties,1
UR,1985,Etat.Communes.Finances communales,1
UR,1985,Droit civil.Dispositions d'introduction du code civil.Droits réels.Acquisitions des terrains par des personnes domiciliées à l'étranger,1
UR,1985,"Enseignement, sciences, documentation et culture.Assurance de la qualité, surveillance, direction.Surveillance scolaire",1
UR,1985,"Défense nationale, protection de la population, police.Protection de la population.Protection contre les incendies / éléments naturels.Protection contre le feu, pompiers",1
UR,1986,Etat,1
UR,1986,"Aménagement du territoire et constructions, expropriation, travaux publics, énergie, transports, environnement.Protection de la nature et du paysage.Protection du paysage",1
UR,1986,"Santé, travail, droit des assurances sociales, logement, homes",1
UR,1986,Economie.Arts et métiers.Services.Jeux de hasard et loteries.Sport-Toto,1
UR,1988,"Etat.Autorités.Organisation judiciaire.Emoluments judiciaires, frais de justice",1
UR,1988,Droit civil.Dispositions générales d'introduction du code des obligations.Des divers contrats.Contrat de travail.Contrats-type.Employés de maison,1
UR,1988,"Aménagement du territoire et constructions, expropriation, travaux publics, énergie, transports, environnement.Protection de la nature et du paysage.Protection du paysage",1
UR,1988,"Santé, travail, droit des assurances sociales, logement, homes.Santé.Substances thérapeutiques, stupéfiants",1
UR,1989,Droit civil.Dispositions d'introduction du code civil.Droits réels.Estimation officielle des immeubles,1
UR,1989,"Santé, travail, droit des assurances sociales, logement, homes.Santé.Professions médicales.Médecins",1
UR,1989,"Santé, travail, droit des assurances sociales, logement, homes.Assistance.Conseil aux femmes enceintes",1
UR,1990,Droit civil,1
UR,1990,"Défense nationale, protection de la population, police.Protection de la population.Protection contre les incendies / éléments naturels.Assurances des bâtiments.Assurance contre les dommages causés par les éléments naturels",1
UR,1991,"Enseignement, sciences, documentation et culture.Degré prescolaire, école primaire, degré secondaire I.Ecole enfantine",1
UR,1992,Droit civil,1
UR,1992,"Aménagement du territoire et constructions, expropriation, travaux publics, énergie, transports, environnement.Transports.Transports publics.Transports ferroviaires",1
UR,1992,Economie.Commerce.Poids et mesures. moyens de paiement,2
UR,1993,"Aménagement du territoire et constructions, expropriation, travaux publics, énergie, transports, environnement.Protection de la nature et du paysage.Champignons",1
UR,1994,Etat.Autorités.Gouvernement et administration.Procédure administrative,1
UR,1994,"Défense nationale, protection de la population, police",1
UR,1994,"Santé, travail, droit des assurances sociales, logement, homes",1
UR,1995,"Etat.Dispositions générales.Droits fondamentaux, droits politiques.égalité entre hommes et femmes",1
UR,1995,Droit civil,1
UR,1995,"Enseignement, sciences, documentation et culture.Formation continue (Degré quaternaire).Formation continue des enseignants",1
UR,1995,"Finances, Impôts, monopoles, entreprises d'état.Finances.Contributions étatiques, subventions",1
UR,1995,"Finances, Impôts, monopoles, entreprises d'état.Impôts.Impôts sur le revenu et la fortune / impôts sur les bénéfices et les capitaux.Impôt à la source",1
UR,1995,"Finances, Impôts, monopoles, entreprises d'état.Monopoles, régales, entreprises d'état.Chasse.Chasseurs",1
UR,1995,"Santé, travail, droit des assurances sociales, logement, homes",1
UR,1996,"Défense nationale, protection de la population, police",1
UR,1996,"Aménagement du territoire et constructions, expropriation, travaux publics, énergie, transports, environnement",1
UR,1996,"Aménagement du territoire et constructions, expropriation, travaux publics, énergie, transports, environnement.Protection de l'environnement.Lutte contre les dommages",1
UR,1997,"Défense nationale, protection de la population, police.Protection de la population.Protection contre les incendies / éléments naturels.Protection contre le feu, pompiers",1
UR,1997,"Finances, Impôts, monopoles, entreprises d'état.Impôts.Impôts sur le revenu et la fortune / impôts sur les bénéfices et les capitaux.Impôt fédéral",1
UR,1997,"Aménagement du territoire et constructions, expropriation, travaux publics, énergie, transports, environnement.Travaux publics.Marchés publics",1
UR,1998,"Enseignement, sciences, documentation et culture",1
UR,1998,"Défense nationale, protection de la population, police.Sécurité intérieure.Armes et munitions",1
UR,1998,"Finances, Impôts, monopoles, entreprises d'état.Finances.Contributions étatiques, subventions",1
UR,1998,"Aménagement du territoire et constructions, expropriation, travaux publics, énergie, transports, environnement.Protection de la nature et du paysage.Protection des animaux",1
UR,1998,"Santé, travail, droit des assurances sociales, logement, homes",2
UR,1998,Economie.Agriculture.Epizooties,1
UR,1999,Etat,1
UR,1999,Droit civil.Dispositions générales d'introduction du code des obligations.Des divers contrats.Courtage matrimonial ou en partenariat,1
UR,1999,"Enseignement, sciences, documentation et culture.Degré secondaire II: Formation professionnelle initiale.Ecoles préparant à la maturité professionnelle",1
UR,1999,"Défense nationale, protection de la population, police.Sécurité intérieure.Armes et munitions",1
UR,1999,"Aménagement du territoire et constructions, expropriation, travaux publics, énergie, transports, environnement.Transports.Circulation routière.Transport des personnes",1
UR,2000,Etat,1
UR,2000,"Enseignement, sciences, documentation et culture",1
UR,2000,"Enseignement, sciences, documentation et culture.Degré prescolaire, école primaire, degré secondaire I.Ecole primaire, degré secondaire I",1
UR,2000,"Aménagement du territoire et constructions, expropriation, travaux publics, énergie, transports, environnement.Protection de la nature et du paysage.Protection du paysage",1
UR,2000,"Aménagement du territoire et constructions, expropriation, travaux publics, énergie, transports, environnement.Protection de la nature et du paysage.Protection des rives",1
UR,2000,"Santé, travail, droit des assurances sociales, logement, homes.Droit des assurances sociales.LAMAL.Réduction des primes",1
UR,2001,Etat,2
UR,2001,"Enseignement, sciences, documentation et culture.Pédagogie spécialisée.Classes spéciales",1
UR,2001,"Enseignement, sciences, documentation et culture.Assurance de la qualité, surveillance, direction.Direction",1
UR,2001,"Finances, Impôts, monopoles, entreprises d'état.Impôts.Impôt anticipé",1
UR,2001,"Santé, travail, droit des assurances sociales, logement, homes",1
UR,2001,"Santé, travail, droit des assurances sociales, logement, homes.Santé.Urgences, ambulances",1
UR,2001,Economie.Agriculture.Alpage,1
UR,2002,Etat,1
UR,2002,Etat.Dispositions générales.Documents d'identité,1
UR,2002,Etat.Professions juridiques.Avocats.Formation,1
UR,2002,Etat.Professions juridiques.Notaires.Formation,1
UR,2002,Droit civil,1
UR,2002,Droit pénal.Dispositions générales d'introduction du code pénal.Interruption de grossesse,1
UR,2002,"Enseignement, sciences, documentation et culture.Degré secondaire II.Ecole moyenne",1
UR,2002,"Enseignement, sciences, documentation et culture.Documentation.Archives",1
UR,2002,"Santé, travail, droit des assurances sociales, logement, homes.Droit des assurances sociales.LAMAL.Limitation de l'admission des fournisseurs de prestations",1
UR,2002,Economie,1
UR,2003,Etat.Dispositions générales.Etablissement et séjour.Etablissement et séjour des étrangers.asile,1
UR,2003,Droit pénal.Procédure pénale.Aide aux victimes d'infractions,1
UR,2003,"Enseignement, sciences, documentation et culture",1
UR,2003,"Défense nationale, protection de la population, police.Défense.Taxe d'exemption",1
UR,2003,"Aménagement du territoire et constructions, expropriation, travaux publics, énergie, transports, environnement",1
UR,2003,Economie.Commerce.Commerce itinérant,1
UR,2004,"Droit civil.Dispositions d'introduction du code civil.Droits réels.Registre foncier, mensurations cadastrales",1
UR,2004,"Enseignement, sciences, documentation et culture.Degré secondaire II.Ecole moyenne",1
UR,2004,"Enseignement, sciences, documentation et culture.Degré secondaire II.Ecoles moyennes supérieures, écoles des culture générale, écoles de degré diplôme",1
UR,2004,"Santé, travail, droit des assurances sociales, logement, homes",1
UR,2005,Etat.Autorités.Gouvernement et administration.Droit du personnel.Places de stationnement,1
UR,2005,"Droit civil.Dispositions d'introduction du code civil.Droits réels.Registre foncier, mensurations cadastrales",1
UR,2005,"Défense nationale, protection de la population, police.Protection de la population.Protection contre les incendies / éléments naturels.Protection contre le feu, pompiers",1
UR,2005,"Finances, Impôts, monopoles, entreprises d'état",1
UR,2005,"Santé, travail, droit des assurances sociales, logement, homes.Droit du travail.Marché du travail.Envoi de travailleurs à l'étranger",1
UR,2005,"Santé, travail, droit des assurances sociales, logement, homes.Assistance.Aide sociale",1
UR,2005,Economie,1
UR,2006,"Enseignement, sciences, documentation et culture",1
UR,2006,"Défense nationale, protection de la population, police",2
UR,2007,Etat.Communes.Finances communales,1
UR,2007,"Enseignement, sciences, documentation et culture",1
UR,2007,"Enseignement, sciences, documentation et culture.Degré prescolaire, école primaire, degré secondaire I.Ecole primaire, degré secondaire I",1
UR,2007,"Enseignement, sciences, documentation et culture.Art, culture, sport.Sport",1
UR,2007,"Finances, Impôts, monopoles, entreprises d'état",1
UR,2007,"Aménagement du territoire et constructions, expropriation, travaux publics, énergie, transports, environnement.Travaux publics.Routes.Routes nationales",1
UR,2007,"Aménagement du territoire et constructions, expropriation, travaux publics, énergie, transports, environnement.Protection de l'environnement.Hygiène de l'air.Poussières fines/smog",1
UR,2007,"Aménagement du territoire et constructions, expropriation, travaux publics, énergie, transports, environnement.Protection de l'environnement.Etude d'impact sur l'environnement",1
UR,2007,"Santé, travail, droit des assurances sociales, logement, homes.Logement.Logement dans les zones de montagne",1
UR,2007,Economie,2
UR,2008,"Enseignement, sciences, documentation et culture",1
UR,2008,"Enseignement, sciences, documentation et culture.Degré secondaire II: Formation professionnelle initiale.Ecoles préparant à la maturité professionnelle",1
UR,2008,"Enseignement, sciences, documentation et culture.Corps enseignant.Engagement",1
UR,2008,"Enseignement, sciences, documentation et culture.Documentation.Musées",1
UR,2008,"Santé, travail, droit des assurances sociales, logement, homes.Santé.Professions médicales.Médecins",1
UR,2008,"Santé, travail, droit des assurances sociales, logement, homes.Droit des assurances sociales.Allocations familiales.Salariés et indépendants",1
UR,2009,"Etat.Dispositions générales.Droits fondamentaux, droits politiques.droits politiques.Elections et votations",1
UR,2009,Etat.Autorités.Protection des données,1
UR,2009,Droit pénal.Amendes d'ordre,1
UR,2009,"Enseignement, sciences, documentation et culture.Degré secondaire II.Ecole moyenne",1
UR,2009,"Défense nationale, protection de la population, police.Protection de la population.Protection contre les incendies / éléments naturels.Protection contre le feu, pompiers",1
UR,2009,Economie,2
UR,2009,Economie.Agriculture.Culture des plantes.Vignoble,1
UR,2010,Etat.Communes.Finances communales,1
UR,2010,"Défense nationale, protection de la population, police.Sécurité intérieure.Police.Police cantonale",1
UR,2010,"Santé, travail, droit des assurances sociales, logement, homes.Santé.Prévention des dépendances.Interdictions de fumer",1
UR,2010,"Santé, travail, droit des assurances sociales, logement, homes.Droit des assurances sociales.Prestations complémentaires",1
UR,2011,Etat.Dispositions générales.Etablissement et séjour.Etablissement et séjour Suisses.contrôle des habitants,1
UR,2011,"Etat.Autorités.Organisation judiciaire.Autorités judiciaires.Prud'hommes, Tribunaux des baux à loyer",1
UR,2011,"Aménagement du territoire et constructions, expropriation, travaux publics, énergie, transports, environnement.Protection de la nature et du paysage.Protection du paysage",1
UR,2011,"Aménagement du territoire et constructions, expropriation, travaux publics, énergie, transports, environnement.Protection de la nature et du paysage.Protection de la nature",2
UR,2011,"Santé, travail, droit des assurances sociales, logement, homes",1
UR,2012,Droit civil.Dispositions d'introduction du code civil.Droit de la famille.Tutelle,1
UR,2012,"Enseignement, sciences, documentation et culture.Degré secondaire II.Ecole moyenne",1
UR,2012,Economie.Arts et métiers.Services.Tourisme,1
UR,2013,"Droit civil.Dispositions d'introduction du code civil.Droit de la famille.Accueil familial, adoption",1
UR,2013,"Droit civil.Dispositions d'introduction du code civil.Droits réels.Registre foncier, mensurations cadastrales",1
UR,2013,"Aménagement du territoire et constructions, expropriation, travaux publics, énergie, transports, environnement",1
UR,2014,"Finances, Impôts, monopoles, entreprises d'état.Impôts.Impôts sur le revenu et la fortune / impôts sur les bénéfices et les capitaux.Impôt fédéral",1
UR,2014,"Aménagement du territoire et constructions, expropriation, travaux publics, énergie, transports, environnement.Protection de la nature et du paysage.Protection de la nature",1
UR,2014,"Santé, travail, droit des assurances sociales, logement, homes",1
UR,2015,"Enseignement, sciences, documentation et culture.Degré secondaire II.Ecole moyenne",1
UR,2015,"Aménagement du territoire et constructions, expropriation, travaux publics, énergie, transports, environnement.Protection de l'environnement.Produits toxiques et chimiques",1
UR,2015,"Aménagement du territoire et constructions, expropriation, travaux publics, énergie, transports, environnement.Protection de la nature et du paysage.Protection de la nature",1
UR,2017,"Santé, travail, droit des assurances sociales, logement, homes",1
UR,2018,"Aménagement du territoire et constructions, expropriation, travaux publics, énergie, transports, environnement.Protection de la nature et du paysage.Protection du paysage",1
UR,2018,"Santé, travail, droit des assurances sociales, logement, homes",1
UR,2019,Etat,2
UR,2019,Etat.Dispositions générales.Etablissement et séjour.Etablissement et séjour des étrangers.asile,1
UR,2019,"Etat.Dispositions générales.Droits fondamentaux, droits politiques.égalité entre hommes et femmes",1
UR,2019,"Santé, travail, droit des assurances sociales, logement, homes",1
UR,2019,"Santé, travail, droit des assurances sociales, logement, homes.Droit des assurances sociales.LAMAL.Réduction des primes",1
UR,2020,Etat.Dispositions générales.Etablissement et séjour.Etablissement et séjour des étrangers.intégration,1
UR,2020,"Etat.Autorités.Organisation judiciaire.Autorités judiciaires.Tribunaux de district / d'arrondissement, juges de paix",1
UR,2020,"Enseignement, sciences, documentation et culture.Art, culture, sport.Encouragement à la culture",1
UR,2020,"Finances, Impôts, monopoles, entreprises d'état.Impôts.Impôts sur le revenu et la fortune / impôts sur les bénéfices et les capitaux.Impôt cantonal",1
UR,2020,"Aménagement du territoire et constructions, expropriation, travaux publics, énergie, transports, environnement.Protection de l'environnement.Protection des eaux",1
UR,2020,"Santé, travail, droit des assurances sociales, logement, homes.Santé.Lutte contre les maladies.Epidémies, pandémies",3
UR,2021,Etat.Dispositions générales.Information du public,1
UR,2021,"Finances, Impôts, monopoles, entreprises d'état",1
UR,2021,Economie,1
UR,2022,Etat,1
UR,2022,Etat.Dispositions générales.Etablissement et séjour.Etablissement et séjour des étrangers.asile,1
UR,2022,Droit civil.Procédure civile.Exécution,1
UR,2022,"Santé, travail, droit des assurances sociales, logement, homes.Santé.Substances thérapeutiques, stupéfiants",1
UR,2023,"Enseignement, sciences, documentation et culture.Assurance de la qualité, surveillance, direction.Matériel scolaire",1
UR,2024,Droit civil.Dispositions d'introduction du code civil.Droits réels.Estimation officielle des immeubles,1
UR,2024,"Aménagement du territoire et constructions, expropriation, travaux publics, énergie, transports, environnement",1
UR,2024,"Aménagement du territoire et constructions, expropriation, travaux publics, énergie, transports, environnement.Travaux publics.Routes.Routes nationales",1
UR,2024,"Aménagement du territoire et constructions, expropriation, travaux publics, énergie, transports, environnement.Protection de la nature et du paysage.Protection du paysage",1
UR,2024,"Santé, travail, droit des assurances sociales, logement, homes.Santé.Professions médicales.Personnel soignant",1
UR,2025,Droit civil.Dispositions d'introduction du code civil.Droits réels.Estimation officielle des immeubles,1
UR,2025,"Aménagement du territoire et constructions, expropriation, travaux publics, énergie, transports, environnement.Protection de la nature et du paysage.Protection de la nature",2
UR,2025,"Santé, travail, droit des assurances sociales, logement, homes.Santé.Hygiène.Alimentation en eau",1
UR,2026,"Enseignement, sciences, documentation et culture.Degré prescolaire, école primaire, degré secondaire I.Ecole enfantine",1
UR,2026,"Enseignement, sciences, documentation et culture.Degré prescolaire, école primaire, degré secondaire I.Ecole primaire, degré secondaire I",2
UR,2026,"Enseignement, sciences, documentation et culture.Assurance de la qualité, surveillance, direction.Médecine scolaire, services psychologiques scolaires",1
VD,1891,"Finances, Impôts, monopoles, entreprises d'état.Monopoles, régales, entreprises d'état.Mines",1
VD,1893,"Santé, travail, droit des assurances sociales, logement, homes",1
VD,1894,Economie.Commerce.Poids et mesures. moyens de paiement,1
VD,1911,"Aménagement du territoire et constructions, expropriation, travaux publics, énergie, transports, environnement",1
VD,1924,"Santé, travail, droit des assurances sociales, logement, homes.Assistance.Donations et collectes publiques",1
VD,1926,"Aménagement du territoire et constructions, expropriation, travaux publics, énergie, transports, environnement.Protection de l'environnement.Protection des eaux",1
VD,1930,"Finances, Impôts, monopoles, entreprises d'état.Finances.Budget, comptes",1
VD,1936,Droit civil.Dispositions d'introduction du code civil.Droits réels.Estimation officielle des immeubles,1
VD,1943,Economie.Agriculture.Production animale.Commerce du bétail,1
VD,1944,"Défense nationale, protection de la population, police.Sécurité intérieure.Maintien de la tranquillité et de l'ordre public.Domaine public",1
VD,1945,"Finances, Impôts, monopoles, entreprises d'état.Finances.Budget, comptes",1
VD,1946,"Défense nationale, protection de la population, police.Sécurité intérieure.Armes et munitions",1
VD,1952,"Défense nationale, protection de la population, police.Protection de la population.Protection contre les incendies / éléments naturels.Assurances des bâtiments.Assurance contre les dommages causés par les éléments naturels",1
VD,1954,"Finances, Impôts, monopoles, entreprises d'état.Finances.Contributions étatiques, subventions",1
VD,1955,"Aménagement du territoire et constructions, expropriation, travaux publics, énergie, transports, environnement.Energie.Electricité",1
VD,1957,Etat.Professions juridiques.Notaires.Agents d'affaires,1
VD,1957,"Santé, travail, droit des assurances sociales, logement, homes",1
VD,1957,Economie,1
VD,1958,"Défense nationale, protection de la population, police.Sécurité intérieure.Maintien de la tranquillité et de l'ordre public.Domaine public",1
VD,1961,Droit civil,1
VD,1961,"Santé, travail, droit des assurances sociales, logement, homes",1
VD,1961,Economie.Agriculture.Améliorations foncières,1
VD,1963,Economie,1
VD,1964,"Santé, travail, droit des assurances sociales, logement, homes",1
VD,1965,"Santé, travail, droit des assurances sociales, logement, homes.Droit des assurances sociales.Caisses de compensation",1
VD,1965,Economie,1
VD,1966,Etat.Autorités.Gouvernement et administration.Administration.Directions et offices,1
VD,1970,Droit civil.Dispositions d'introduction du code civil.Droit de la famille.Tutelle,1
VD,1970,"Défense nationale, protection de la population, police.Protection de la population.Protection contre les incendies / éléments naturels.Protection contre le feu, pompiers",1
VD,1970,"Aménagement du territoire et constructions, expropriation, travaux publics, énergie, transports, environnement",1
VD,1970,Economie.Agriculture.Epizooties,1
VD,1970,Economie.Arts et métiers.Services.Tourisme,1
VD,1971,"Enseignement, sciences, documentation et culture.Documentation.Musées",1
VD,1971,"Santé, travail, droit des assurances sociales, logement, homes.Santé.Prévention des accidents",1
VD,1971,"Santé, travail, droit des assurances sociales, logement, homes.Droit des assurances sociales.Prestations complémentaires",1
VD,1971,Economie.Arts et métiers.Services.Tourisme,1
VD,1974,"Aménagement du territoire et constructions, expropriation, travaux publics, énergie, transports, environnement.Protection de l'environnement.Protection des eaux",1
VD,1974,"Santé, travail, droit des assurances sociales, logement, homes.Santé.Professions médicales.Vétérinaires",1
VD,1975,"Enseignement, sciences, documentation et culture.Contributions à la formation.Bourses d'études",1
VD,1975,"Défense nationale, protection de la population, police.Sécurité intérieure.Police.Police cantonale",1
VD,1975,"Aménagement du territoire et constructions, expropriation, travaux publics, énergie, transports, environnement",1
VD,1975,"Santé, travail, droit des assurances sociales, logement, homes",1
VD,1976,"Aménagement du territoire et constructions, expropriation, travaux publics, énergie, transports, environnement",1
VD,1976,"Aménagement du territoire et constructions, expropriation, travaux publics, énergie, transports, environnement.Aménagement du territoire et constructions.Zones",1
VD,1977,Droit pénal,2
VD,1977,"Enseignement, sciences, documentation et culture.Sport scolaire",2
VD,1977,"Aménagement du territoire et constructions, expropriation, travaux publics, énergie, transports, environnement",1
VD,1978,Etat.Autorités.Gouvernement et administration.Administration.Commissions,1
VD,1978,"Santé, travail, droit des assurances sociales, logement, homes",1
VD,1978,Economie,1
VD,1978,"Economie.Arts et métiers.Services.Restauration, Etablissements publics.Camping",1
VD,1979,"Etat.Autorités.Organisation judiciaire.Autorités judiciaires.Tribunaux administratifs, des assurances et des assurances sociales",1
VD,1979,Etat.Communes.Finances communales,1
VD,1979,"Enseignement, sciences, documentation et culture",2
VD,1979,"Aménagement du territoire et constructions, expropriation, travaux publics, énergie, transports, environnement",1
VD,1980,"Enseignement, sciences, documentation et culture.Degré secondaire II: Formation professionnelle initiale.Orientation professionnelle",1
VD,1981,Etat.Professions juridiques.Avocats.Assistance judiciaire,1
VD,1981,Droit pénal.Exécution des peines et des mesures.Patronage,1
VD,1981,"Enseignement, sciences, documentation et culture.Art, culture, sport.Encouragement à la culture",1
VD,1981,"Santé, travail, droit des assurances sociales, logement, homes.Droit des assurances sociales.LAA",1
VD,1981,"Santé, travail, droit des assurances sociales, logement, homes.Droit des assurances sociales.Allocations familiales.Travailleurs agricoles",1
VD,1982,Etat.Professions juridiques.Notaires.Agents d'affaires,1
VD,1982,Droit civil.Dispositions d'introduction du code civil.Droit de la famille.Tutelle,1
VD,1982,Droit pénal,1
VD,1982,"Enseignement, sciences, documentation et culture.Art, culture, sport.Art.Cinéma, théâtre, divertissement",1
VD,1982,"Aménagement du territoire et constructions, expropriation, travaux publics, énergie, transports, environnement",1
VD,1982,"Aménagement du territoire et constructions, expropriation, travaux publics, énergie, transports, environnement.Protection de la nature et du paysage.Protection des animaux",1
VD,1983,Etat.Dispositions générales.Etablissement et séjour.Etablissement et séjour Suisses.contrôle des habitants,1
VD,1983,"Etat.Autorités.Gouvernement et administration.Droit du personnel.Pensions, prestations d'assurance",1
VD,1983,"Enseignement, sciences, documentation et culture.Contributions à la formation.Bourses d'études",1
VD,1983,"Santé, travail, droit des assurances sociales, logement, homes",1
VD,1983,"Santé, travail, droit des assurances sociales, logement, homes.Santé.Prévention des accidents",1
VD,1983,Economie.Arts et métiers.Services.Tourisme,1
VD,1984,Droit civil.Dispositions d'introduction du code civil.Droit de la famille.Tutelle,1
VD,1984,"Enseignement, sciences, documentation et culture.Degré prescolaire, école primaire, degré secondaire I.Ecole enfantine",1
VD,1984,"Enseignement, sciences, documentation et culture.Degré prescolaire, école primaire, degré secondaire I.Ecole primaire, degré secondaire I",1
VD,1984,"Défense nationale, protection de la population, police.Protection de la population.Protection contre les incendies / éléments naturels.Protection contre les incendies",1
VD,1984,"Aménagement du territoire et constructions, expropriation, travaux publics, énergie, transports, environnement.Transports.Circulation routière.Impôts et taxes de la circulation",1
VD,1984,"Santé, travail, droit des assurances sociales, logement, homes.Droit des assurances sociales.AVS/AI",1
VD,1984,Economie,1
VD,1985,"Aménagement du territoire et constructions, expropriation, travaux publics, énergie, transports, environnement",1
VD,1985,"Santé, travail, droit des assurances sociales, logement, homes.Droit du travail.Offices de conciliation",1
VD,1985,Economie.Promotion de l'économie,1
VD,1985,Economie.Agriculture.Culture des plantes.Vignoble,2
VD,1986,Etat,1
VD,1986,Droit civil,1
VD,1986,Droit pénal.Procédure pénale.Médecine légale,1
VD,1986,"Enseignement, sciences, documentation et culture",1
VD,1986,"Santé, travail, droit des assurances sociales, logement, homes.Santé.Laboratoires médicaux",1
VD,1986,"Santé, travail, droit des assurances sociales, logement, homes.Santé.Prévention des dépendances.Alcoolisme",1
VD,1986,"Santé, travail, droit des assurances sociales, logement, homes.Santé.Hygiène.Inhumations, cimetières",1
VD,1986,Economie.Commerce.Poids et mesures. moyens de paiement,1
VD,1987,Etat.Autorités.Gouvernement et administration.Droit du personnel.Serment,1
VD,1987,Droit civil,1
VD,1987,Droit civil.Dispositions d'introduction du code civil.Droits réels.Acquisitions des terrains par des personnes domiciliées à l'étranger,1
VD,1987,Droit pénal.Procédure pénale.Médecine légale,1
VD,1987,"Finances, Impôts, monopoles, entreprises d'état",1
VD,1987,"Santé, travail, droit des assurances sociales, logement, homes",1
VD,1987,"Santé, travail, droit des assurances sociales, logement, homes.Santé.Professions médicales.Vétérinaires",1
VD,1987,"Santé, travail, droit des assurances sociales, logement, homes.Santé.Substances thérapeutiques, stupéfiants",1
VD,1987,"Santé, travail, droit des assurances sociales, logement, homes.Assistance.Politique familiale, promotion de la famille",1
VD,1988,Droit pénal,1
VD,1988,"Finances, Impôts, monopoles, entreprises d'état.Finances.Contributions étatiques, subventions",1
VD,1988,"Finances, Impôts, monopoles, entreprises d'état.Monopoles, régales, entreprises d'état.Mines",1
VD,1988,"Aménagement du territoire et constructions, expropriation, travaux publics, énergie, transports, environnement.Aménagement du territoire et constructions.Affichage et publicité",1
VD,1988,"Santé, travail, droit des assurances sociales, logement, homes",1
VD,1988,"Santé, travail, droit des assurances sociales, logement, homes.Logement.Mesures d'encouragement à la construction de logements",1
VD,1988,Economie.Agriculture.Mesures d'encouragement,2
VD,1989,Droit pénal,1
VD,1989,"Enseignement, sciences, documentation et culture.Documentation.Archives",1
VD,1989,"Aménagement du territoire et constructions, expropriation, travaux publics, énergie, transports, environnement.Protection de l'environnement.Produits toxiques et chimiques",1
VD,1989,"Aménagement du territoire et constructions, expropriation, travaux publics, énergie, transports, environnement.Protection de la nature et du paysage.Protection des animaux",1
VD,1989,"Aménagement du territoire et constructions, expropriation, travaux publics, énergie, transports, environnement.Protection de la nature et du paysage.Protection des monuments et des biens culturels",1
VD,1989,Economie,1
VD,1990,"Aménagement du territoire et constructions, expropriation, travaux publics, énergie, transports, environnement.Protection de l'environnement.Etude d'impact sur l'environnement",1
VD,1990,"Santé, travail, droit des assurances sociales, logement, homes",1
VD,1990,"Santé, travail, droit des assurances sociales, logement, homes.Santé.Hygiène.Enfouissement des déchets carnés",1
VD,1990,Economie.Agriculture.Epizooties,1
VD,1990,Economie.Arts et métiers.Services.Tourisme,1
VD,1991,Droit civil,1
VD,1991,"Finances, Impôts, monopoles, entreprises d'état.Finances.Contributions étatiques, subventions",1
VD,1991,"Finances, Impôts, monopoles, entreprises d'état.Monopoles, régales, entreprises d'état.Pétrole",1
VD,1991,"Aménagement du territoire et constructions, expropriation, travaux publics, énergie, transports, environnement",1
VD,1991,"Santé, travail, droit des assurances sociales, logement, homes.Assistance.Conseil aux femmes enceintes",1
VD,1991,Economie.Arts et métiers.Services.Professions soumises à autorisation,1
VD,1992,Etat,1
VD,1992,"Etat.Autorités.Organisation judiciaire.Autorités judiciaires.Cours supérieures, tribunaux fédéraux",1
VD,1992,Droit pénal,1
VD,1992,Droit pénal.Exécution des peines et des mesures.Etablissements.Personnel,1
VD,1992,"Enseignement, sciences, documentation et culture",2
VD,1992,"Enseignement, sciences, documentation et culture.Pédagogie spécialisée.Ecoles spécialisées",1
VD,1992,"Santé, travail, droit des assurances sociales, logement, homes.Droit des assurances sociales.Assurance maternité, contributions financières aux mères",1
VD,1992,"Santé, travail, droit des assurances sociales, logement, homes.Assistance.Aide sociale",1
VD,1992,"Santé, travail, droit des assurances sociales, logement, homes.Assistance.Protection de la jeunesse, aide à la jeunesse",1
VD,1992,Economie.Arts et métiers.Services.Professions soumises à autorisation,1
VD,1993,"Droit civil.Dispositions d'introduction du code civil.Droits réels.Registre foncier, mensurations cadastrales",1
VD,1993,Droit pénal,1
VD,1993,"Finances, Impôts, monopoles, entreprises d'état.Impôts.Taxe de séjour, taxes d'hébergement",1
VD,1993,"Aménagement du territoire et constructions, expropriation, travaux publics, énergie, transports, environnement",1
VD,1993,"Aménagement du territoire et constructions, expropriation, travaux publics, énergie, transports, environnement.Aménagement du territoire et constructions.Equipement",1
VD,1993,"Aménagement du territoire et constructions, expropriation, travaux publics, énergie, transports, environnement.Protection de l'environnement.Déchets",1
VD,1993,"Santé, travail, droit des assurances sociales, logement, homes",1
VD,1993,"Santé, travail, droit des assurances sociales, logement, homes.Droit des assurances sociales.AVS/AI",1
VD,1993,Economie.Agriculture.Droit foncier rural,2
VD,1993,Economie.Agriculture.Culture des plantes.Vignoble,2
VD,1994,Droit pénal,1
VD,1994,"Enseignement, sciences, documentation et culture.Assurance de la qualité, surveillance, direction.Assurance scolaire",1
VD,1994,"Enseignement, sciences, documentation et culture.Documentation.Bibliothèques",1
VD,1994,"Finances, Impôts, monopoles, entreprises d'état",1
VD,1994,"Aménagement du territoire et constructions, expropriation, travaux publics, énergie, transports, environnement.Protection de l'environnement.Protection des eaux",1
VD,1994,"Aménagement du territoire et constructions, expropriation, travaux publics, énergie, transports, environnement.Protection de la nature et du paysage.Protection des plantes",1
VD,1995,"Enseignement, sciences, documentation et culture",1
VD,1995,"Enseignement, sciences, documentation et culture.Documentation.Bibliothèques",1
VD,1995,"Défense nationale, protection de la population, police.Sécurité intérieure.Police.Taxes",1
VD,1995,"Aménagement du territoire et constructions, expropriation, travaux publics, énergie, transports, environnement.Travaux publics.Bâtiments et terrains publics",1
VD,1995,"Aménagement du territoire et constructions, expropriation, travaux publics, énergie, transports, environnement.Protection de la nature et du paysage.Protection du paysage",1
VD,1995,"Santé, travail, droit des assurances sociales, logement, homes",1
VD,1995,"Santé, travail, droit des assurances sociales, logement, homes.Santé.Hygiène.Denrées alimentaires, objets d'usage courant.Viandes.Abattoirs",1
VD,1995,Economie,2
VD,1995,Economie.Agriculture.Culture des plantes.Vignoble,1
VD,1996,Etat.Dispositions générales.Etablissement et séjour.Etablissement et séjour des étrangers.asile,1
VD,1996,"Etat.Dispositions générales.Droits fondamentaux, droits politiques.égalité entre hommes et femmes",1
VD,1996,Droit civil,1
VD,1996,"Enseignement, sciences, documentation et culture.Documentation.Musées",1
VD,1996,"Défense nationale, protection de la population, police",2
VD,1996,"Défense nationale, protection de la population, police.Protection de la population.Protection civile.Constructions de protection civile",1
VD,1996,"Santé, travail, droit des assurances sociales, logement, homes",1
VD,1996,"Santé, travail, droit des assurances sociales, logement, homes.Santé.Lutte contre les maladies.Tuberculose",1
VD,1996,"Santé, travail, droit des assurances sociales, logement, homes.Logement.Mesures d'encouragement à la construction de logements",1
VD,1996,Economie,1
VD,1996,Economie.Agriculture.Culture des plantes.Vignoble,2
VD,1996,Economie.Agriculture.Lait,1
VD,1997,Etat.Autorités.Gouvernement et administration.Administration.Départements,1
VD,1997,Etat.Autorités.Gouvernement et administration.Procédure administrative,1
VD,1997,Droit civil,2
VD,1997,Droit civil.Dispositions d'introduction du code civil.Droit de la famille.Tutelle,1
VD,1997,Droit pénal,2
VD,1997,"Enseignement, sciences, documentation et culture.Degré secondaire II.Ecole moyenne",1
VD,1997,"Enseignement, sciences, documentation et culture.Pédagogie spécialisée.Ecoles spécialisées",1
VD,1997,"Aménagement du territoire et constructions, expropriation, travaux publics, énergie, transports, environnement.Travaux publics.Bâtiments et terrains publics",1
VD,1997,"Aménagement du territoire et constructions, expropriation, travaux publics, énergie, transports, environnement.Protection de l'environnement.Substances dangereuses pour l'environnement",1
VD,1997,"Aménagement du territoire et constructions, expropriation, travaux publics, énergie, transports, environnement.Protection de la nature et du paysage.Protection des animaux",1
VD,1997,"Santé, travail, droit des assurances sociales, logement, homes",2
VD,1997,Economie,1
VD,1997,Economie.Agriculture.Mesures d'encouragement,2
VD,1998,"Enseignement, sciences, documentation et culture.Corps enseignant.Personnel des universités",1
VD,1998,"Finances, Impôts, monopoles, entreprises d'état.Finances.Contributions étatiques, subventions",1
VD,1998,"Finances, Impôts, monopoles, entreprises d'état.Monopoles, régales, entreprises d'état.Pêche.Zones de pêche",1
VD,1998,"Aménagement du territoire et constructions, expropriation, travaux publics, énergie, transports, environnement",2
VD,1998,"Santé, travail, droit des assurances sociales, logement, homes.Santé.Hygiène.Alimentation en eau",1
VD,1998,Economie,2
VD,1998,Economie.Agriculture.Mesures d'encouragement,2
VD,1999,Etat,1
VD,1999,Etat.Autorités.Organisation judiciaire.Personnel des tribunaux,1
VD,1999,Etat.Eglise et Etat.Eglise évangélique réformée,1
VD,1999,Droit pénal,2
VD,1999,"Enseignement, sciences, documentation et culture.Documentation.Statistique",1
VD,1999,"Défense nationale, protection de la population, police",1
VD,1999,"Défense nationale, protection de la population, police.Protection de la population.Protection contre les incendies / éléments naturels.Protection contre le feu, pompiers",1
VD,1999,"Défense nationale, protection de la population, police.Protection de la population.Protection contre les incendies / éléments naturels.Protection contre les incendies",1
VD,1999,"Finances, Impôts, monopoles, entreprises d'état.Finances.Contrôle des finances",1
VD,1999,"Finances, Impôts, monopoles, entreprises d'état.Monopoles, régales, entreprises d'état.Pêche.Zones de pêche",1
VD,1999,"Santé, travail, droit des assurances sociales, logement, homes",2
VD,1999,"Santé, travail, droit des assurances sociales, logement, homes.Assistance.Protection de la jeunesse, aide à la jeunesse",1
VD,2000,Etat.Dispositions générales.Etablissement et séjour.Etablissement et séjour des étrangers.asile,1
VD,2000,Etat.Dispositions générales.Etablissement et séjour.Etablissement et séjour des étrangers.mesures de contrainte,1
VD,2000,Etat.Eglise et Etat.Eglise évangélique réformée,1
VD,2000,"Enseignement, sciences, documentation et culture",1
VD,2000,"Enseignement, sciences, documentation et culture.Degré secondaire II: Formation professionnelle initiale.Ecoles professionnelles.Enseignement ménager",1
VD,2000,"Enseignement, sciences, documentation et culture.Contributions à la formation.Emoluments scolaires",1
VD,2000,"Enseignement, sciences, documentation et culture.Assurance de la qualité, surveillance, direction.Bâtiments scolaires",1
VD,2000,"Enseignement, sciences, documentation et culture.Sciences, recherche",1
VD,2000,"Finances, Impôts, monopoles, entreprises d'état",3
VD,2000,"Finances, Impôts, monopoles, entreprises d'état.Finances.Contributions étatiques, subventions",1
VD,2000,"Santé, travail, droit des assurances sociales, logement, homes.Santé.Professions médicales.Médecins",1
VD,2000,"Santé, travail, droit des assurances sociales, logement, homes.Santé.Soins à domicile",1
VD,2000,Economie.Agriculture.Alpage,1
VD,2001,Etat,1
VD,2001,Etat.Autorités.Gouvernement et administration.Emoluments administratifs,2
VD,2001,Etat.Communes.Finances communales,1
VD,2001,Droit pénal.Droit pénal des mineurs et procédure pénale des mineurs,1
VD,2001,"Enseignement, sciences, documentation et culture.Documentation.Statistique",1
VD,2001,"Enseignement, sciences, documentation et culture.Documentation.Archives",1
VD,2001,"Finances, Impôts, monopoles, entreprises d'état",4
VD,2001,"Aménagement du territoire et constructions, expropriation, travaux publics, énergie, transports, environnement.Protection de la nature et du paysage.Protection du paysage",1
VD,2001,"Santé, travail, droit des assurances sociales, logement, homes.Santé.Soins à domicile",1
VD,2001,"Santé, travail, droit des assurances sociales, logement, homes.Santé.Substances thérapeutiques, stupéfiants",1
VD,2002,Etat,2
VD,2002,Etat.Dispositions générales.Information du public,1
VD,2002,"Etat.Autorités.Gouvernement et administration.Droit du personnel.Formation, formation continue, perfectionnement",1
VD,2002,"Etat.Autorités.Gouvernement et administration.Droit du personnel.Commissions du personnel, commissions paritaires",2
VD,2002,Etat.Autorités.Gouvernement et administration.Emoluments administratifs,1
VD,2002,"Etat.Autorités.Organisation judiciaire.Autorités judiciaires.Juges d'instruction, Ministère public.Juges d'instruction",1
VD,2002,"Etat.Autorités.Organisation judiciaire.Autorités judiciaires.Prud'hommes, Tribunaux des baux à loyer",1
VD,2002,Etat.Communes.Contributions financières des communes,1
VD,2002,Etat.Professions juridiques.Avocats.Formation,2
VD,2002,"Enseignement, sciences, documentation et culture.Documentation.Bibliothèques",4
VD,2002,"Enseignement, sciences, documentation et culture.Art, culture, sport.Encouragement à la culture",3
VD,2002,"Enseignement, sciences, documentation et culture.Art, culture, sport.Sport",1
VD,2002,"Défense nationale, protection de la population, police",1
VD,2002,"Finances, Impôts, monopoles, entreprises d'état",1
VD,2002,"Finances, Impôts, monopoles, entreprises d'état.Impôts.Impôts sur le revenu et la fortune / impôts sur les bénéfices et les capitaux.Impôt à la source",1
VD,2002,"Finances, Impôts, monopoles, entreprises d'état.Monopoles, régales, entreprises d'état.Alcool",1
VD,2002,"Santé, travail, droit des assurances sociales, logement, homes",1
VD,2002,"Santé, travail, droit des assurances sociales, logement, homes.Santé.Urgences, ambulances",1
VD,2002,"Santé, travail, droit des assurances sociales, logement, homes.Droit du travail.Employés.Mobbing, harcèlement sexuel",1
VD,2002,Economie.Commerce.Automates à marchandise,1
VD,2003,Etat.Dispositions générales.Information du public,2
VD,2003,Etat.Professions juridiques.Notaires.Agents d'affaires,1
VD,2003,Droit pénal,4
VD,2003,"Enseignement, sciences, documentation et culture",4
VD,2003,"Enseignement, sciences, documentation et culture.Assurance de la qualité, surveillance, direction.Médecine scolaire, services psychologiques scolaires",1
VD,2003,"Enseignement, sciences, documentation et culture.Sciences, recherche",1
VD,2003,"Finances, Impôts, monopoles, entreprises d'état",1
VD,2003,"Finances, Impôts, monopoles, entreprises d'état.Finances.Contributions étatiques, subventions",2
VD,2003,"Finances, Impôts, monopoles, entreprises d'état.Monopoles, régales, entreprises d'état.Alcool",1
VD,2003,"Finances, Impôts, monopoles, entreprises d'état.Monopoles, régales, entreprises d'état.Pêche.Zones de pêche",2
VD,2003,"Santé, travail, droit des assurances sociales, logement, homes",2
VD,2003,"Santé, travail, droit des assurances sociales, logement, homes.Santé.Professions médicales.Vétérinaires",1
VD,2003,"Santé, travail, droit des assurances sociales, logement, homes.Santé.Prévention des accidents",1
VD,2003,"Santé, travail, droit des assurances sociales, logement, homes.Assistance.Aide sociale",1
VD,2003,Economie.Agriculture.Culture des plantes.Vignoble,1
VD,2003,Economie.Agriculture.Epizooties,1
VD,2003,Economie.Arts et métiers.Services.Professions soumises à autorisation,1
VD,2004,Etat,2
VD,2004,Etat.Dispositions générales.Etablissement et séjour.Etablissement et séjour des étrangers.asile,1
VD,2004,Etat.Autorités.Gouvernement et administration.Gouvernement.Préfets,1
VD,2004,Etat.Autorités.Gouvernement et administration.Administration.Directions et offices,1
VD,2004,Droit pénal.Amendes d'ordre,1
VD,2004,"Enseignement, sciences, documentation et culture",2
VD,2004,"Enseignement, sciences, documentation et culture.Degré secondaire II: Formation professionnelle initiale.Orientation professionnelle",1
VD,2004,"Enseignement, sciences, documentation et culture.Contributions à la formation.Emoluments scolaires",1
VD,2004,"Défense nationale, protection de la population, police.Sécurité intérieure.Entreprises de sécurité",1
VD,2004,"Santé, travail, droit des assurances sociales, logement, homes",2
VD,2004,"Santé, travail, droit des assurances sociales, logement, homes.Santé.Etablissements hospitaliers, cliniques.Droits des patients",1
VD,2004,"Santé, travail, droit des assurances sociales, logement, homes.Santé.Hygiène.Denrées alimentaires, objets d'usage courant.Surveillance des aliments",1
VD,2004,"Santé, travail, droit des assurances sociales, logement, homes.Santé.Hygiène.Denrées alimentaires, objets d'usage courant.Champignons",1
VD,2004,"Santé, travail, droit des assurances sociales, logement, homes.Assistance.Protection de la jeunesse, aide à la jeunesse",1
VD,2004,"Santé, travail, droit des assurances sociales, logement, homes.Assistance.Homes.Etablissements pour personnes âgées",1
VD,2004,"Santé, travail, droit des assurances sociales, logement, homes.Assistance.Avances sur les pensions alimentaires",1
VD,2004,Economie,1
VD,2004,Economie.Arts et métiers.Services.Professions soumises à autorisation,1
VD,2004,Economie.Arts et métiers.Services.Prostitution,1
VD,2005,Etat,1
VD,2005,"Etat.Autorités.Gouvernement et administration.Droit du personnel.Traitements, indemnités",2
VD,2005,Droit pénal.Droit pénal militaire,1
VD,2005,"Enseignement, sciences, documentation et culture.Degré tertiaire: universités.Faculté de sciences naturelles",1
VD,2005,"Enseignement, sciences, documentation et culture.Degré tertiaire: Hautes écoles.Pédagogie",1
VD,2005,"Défense nationale, protection de la population, police.Protection de la population.Protection contre les incendies / éléments naturels.Protection contre le feu, pompiers",1
VD,2005,"Défense nationale, protection de la population, police.Sécurité intérieure.Police.Personnel",1
VD,2005,"Finances, Impôts, monopoles, entreprises d'état",2
VD,2005,"Finances, Impôts, monopoles, entreprises d'état.Finances.Contributions étatiques, subventions",1
VD,2005,"Finances, Impôts, monopoles, entreprises d'état.Impôts.Impôts sur les successions et les donations",1
VD,2005,"Finances, Impôts, monopoles, entreprises d'état.Impôts.Impôts sur les chiens",1
VD,2005,"Finances, Impôts, monopoles, entreprises d'état.Monopoles, régales, entreprises d'état.Pêche.Zones de pêche",1
VD,2005,"Aménagement du territoire et constructions, expropriation, travaux publics, énergie, transports, environnement.Transports.Circulation routière.Impôts et taxes de la circulation",1
VD,2005,"Aménagement du territoire et constructions, expropriation, travaux publics, énergie, transports, environnement.Protection de la nature et du paysage.Protection des animaux",1
VD,2005,"Aménagement du territoire et constructions, expropriation, travaux publics, énergie, transports, environnement.Protection de la nature et du paysage.Protection des plantes",1
VD,2005,"Santé, travail, droit des assurances sociales, logement, homes",3
VD,2005,"Santé, travail, droit des assurances sociales, logement, homes.Assistance.Aide sociale",1
VD,2005,Economie.Agriculture.Apiculture,1
VD,2005,Economie.Arts et métiers.Services.Professions soumises à autorisation,1
VD,2006,Etat.Dispositions générales.Etablissement et séjour.Etablissement et séjour des étrangers.asile,1
VD,2006,Etat.Autorités.Gouvernement et administration.Gouvernement.Préfets,1
VD,2006,Etat.Communes.Finances communales,1
VD,2006,"Enseignement, sciences, documentation et culture",3
VD,2006,"Enseignement, sciences, documentation et culture.Degré prescolaire, école primaire, degré secondaire I.Crèches",1
VD,2006,"Enseignement, sciences, documentation et culture.Art, culture, sport.Art.Cinéma, théâtre, divertissement",2
VD,2006,"Défense nationale, protection de la population, police.Sécurité intérieure.Police.Personnel",1
VD,2006,"Défense nationale, protection de la population, police.Sécurité intérieure.Maintien de la tranquillité et de l'ordre public.Chiens, animaux dangereux",1
VD,2006,"Aménagement du territoire et constructions, expropriation, travaux publics, énergie, transports, environnement",1
VD,2006,"Aménagement du territoire et constructions, expropriation, travaux publics, énergie, transports, environnement.Energie.Electricité",2
VD,2006,"Aménagement du territoire et constructions, expropriation, travaux publics, énergie, transports, environnement.Transports.Circulation routière.Police de la circulation",1
VD,2006,"Aménagement du territoire et constructions, expropriation, travaux publics, énergie, transports, environnement.Transports.Funiculaires, téléphériques, téléskis",1
VD,2006,"Aménagement du territoire et constructions, expropriation, travaux publics, énergie, transports, environnement.Transports.Conduites",2
VD,2006,"Santé, travail, droit des assurances sociales, logement, homes",1
VD,2006,"Santé, travail, droit des assurances sociales, logement, homes.Santé.Prévention des dépendances.Interdictions de fumer",1
VD,2006,Economie,1
VD,2007,Etat,3
VD,2007,Etat.Dispositions générales.Etablissement et séjour.Etablissement et séjour des étrangers.asile,1
VD,2007,Etat.Dispositions générales.Etablissement et séjour.Etablissement et séjour des étrangers.intégration,1
VD,2007,Etat.Autorités.Protection des données,1
VD,2007,Droit pénal,1
VD,2007,Droit pénal.Droit pénal des mineurs et procédure pénale des mineurs,1
VD,2007,"Enseignement, sciences, documentation et culture.Degré tertiaire: Hautes écoles.Pédagogie",2
VD,2007,"Finances, Impôts, monopoles, entreprises d'état.Finances.Contributions étatiques, subventions",2
VD,2007,"Aménagement du territoire et constructions, expropriation, travaux publics, énergie, transports, environnement",1
VD,2007,"Santé, travail, droit des assurances sociales, logement, homes",1
VD,2008,Etat,2
VD,2008,"Etat.Autorités.Gouvernement et administration.Droit du personnel.Traitements, indemnités",3
VD,2008,Droit civil,1
VD,2008,Droit pénal,1
VD,2008,"Enseignement, sciences, documentation et culture.Degré tertiaire: Hautes écoles.Autres filières d'études",2
VD,2008,"Santé, travail, droit des assurances sociales, logement, homes",1
VD,2008,"Santé, travail, droit des assurances sociales, logement, homes.Logement.Mesures d'encouragement à la construction de logements",1
VD,2008,Economie,1
VD,2008,Economie.Promotion de l'économie,1
VD,2009,Etat,1
VD,2009,"Droit civil.Dispositions d'introduction du code civil.Droits réels.Registre foncier, mensurations cadastrales",1
VD,2009,Droit pénal,1
VD,2009,"Enseignement, sciences, documentation et culture.Degré tertiaire: Hautes écoles.Pédagogie",1
VD,2009,"Finances, Impôts, monopoles, entreprises d'état.Finances.Contrôle des finances",1
VD,2009,"Santé, travail, droit des assurances sociales, logement, homes",2
VD,2009,"Santé, travail, droit des assurances sociales, logement, homes.Santé.Prévention des dépendances.Interdictions de fumer",1
VD,2009,"Santé, travail, droit des assurances sociales, logement, homes.Logement.Mesures d'encouragement à la construction de logements",1
VD,2009,Economie.Arts et métiers.Services.Jeux de hasard et loteries.Fonds de loterie,1
VD,2010,Etat,1
VD,2010,Etat.Dispositions générales.Etablissement et séjour.Etablissement et séjour Suisses.contrôle des habitants,1
VD,2010,"Etat.Autorités.Organisation judiciaire.Emoluments judiciaires, frais de justice",1
VD,2010,Etat.Communes.Fusions communales,1
VD,2010,Etat.Professions juridiques.Avocats.Assistance judiciaire,1
VD,2010,Droit civil,1
VD,2010,"Enseignement, sciences, documentation et culture.Degré tertiaire: Hautes écoles.Pédagogie",1
VD,2010,"Aménagement du territoire et constructions, expropriation, travaux publics, énergie, transports, environnement.Protection de la nature et du paysage.Protection des plantes",1
VD,2010,"Santé, travail, droit des assurances sociales, logement, homes.Droit des assurances sociales.Prestations complémentaires",1
VD,2010,"Santé, travail, droit des assurances sociales, logement, homes.Droit des assurances sociales.LAMAL.Réduction des primes",1
VD,2010,Economie,1
VD,2010,Economie.Agriculture.Crédit agricole,1
VD,2011,Droit pénal,1
VD,2011,"Enseignement, sciences, documentation et culture",1
VD,2011,"Enseignement, sciences, documentation et culture.Degré prescolaire, école primaire, degré secondaire I.Ecole primaire, degré secondaire I",2
VD,2011,"Enseignement, sciences, documentation et culture.Degré tertiaire: universités.Faculté de médecine humaine et vétérinaire",1
VD,2011,"Enseignement, sciences, documentation et culture.Pédagogie spécialisée.Ecoles d'art et de sport",1
VD,2011,"Défense nationale, protection de la population, police.Sécurité intérieure.Police.Police cantonale",1
VD,2011,"Défense nationale, protection de la population, police.Sécurité intérieure.Entreprises de sécurité",1
VD,2011,"Finances, Impôts, monopoles, entreprises d'état",1
VD,2011,"Finances, Impôts, monopoles, entreprises d'état.Impôts.Impôts sur le revenu et la fortune / impôts sur les bénéfices et les capitaux.Impôt cantonal",1
VD,2011,"Santé, travail, droit des assurances sociales, logement, homes.Santé.Urgences, ambulances",1
VD,2012,"Droit civil.Dispositions d'introduction du code civil.Droits réels.Registre foncier, mensurations cadastrales",1
VD,2013,Etat,1
VD,2013,"Enseignement, sciences, documentation et culture.Degré tertiaire: Hautes écoles.Etudes sociales",1
VD,2013,"Défense nationale, protection de la population, police.Protection de la population.Protection contre les incendies / éléments naturels.Assurances des bâtiments.Assurance contre les dommages causés par les éléments naturels",1
VD,2013,"Santé, travail, droit des assurances sociales, logement, homes.Santé.Soins à domicile",1
VD,2014,Droit pénal.Droit pénal des mineurs et procédure pénale des mineurs,2
VD,2014,"Enseignement, sciences, documentation et culture",2
VD,2014,"Enseignement, sciences, documentation et culture.Degré tertiaire: Hautes écoles.Etudes sociales",1
VD,2014,"Enseignement, sciences, documentation et culture.Degré tertiaire: Ecoles supérieures",1
VD,2014,"Enseignement, sciences, documentation et culture.Assurance de la qualité, surveillance, direction.Bâtiments scolaires",1
VD,2014,"Enseignement, sciences, documentation et culture.Documentation.Musées",1
VD,2014,"Enseignement, sciences, documentation et culture.Art, culture, sport.Encouragement à la culture",1
VD,2015,Etat,1
VD,2015,"Enseignement, sciences, documentation et culture.Degré tertiaire: Hautes écoles.Etudes sociales",1
VD,2015,"Enseignement, sciences, documentation et culture.Art, culture, sport.Encouragement à la culture",1
VD,2015,"Finances, Impôts, monopoles, entreprises d'état.Finances.Contributions étatiques, subventions",1
VD,2016,Etat.Professions juridiques.Avocats.Formation,1
VD,2016,"Aménagement du territoire et constructions, expropriation, travaux publics, énergie, transports, environnement",1
VD,2016,"Aménagement du territoire et constructions, expropriation, travaux publics, énergie, transports, environnement.Protection de l'environnement.Protection des eaux",1
VD,2016,"Santé, travail, droit des assurances sociales, logement, homes.Droit du travail.Employés.Sécurité",1
VD,2016,Economie.Agriculture.Culture des plantes.Vignoble,1
VD,2017,Etat.Dispositions générales.Droit de cité,1
VD,2017,Droit pénal.Procédure pénale.Aide aux victimes d'infractions,1
VD,2017,"Enseignement, sciences, documentation et culture",1
VD,2018,Etat,1
VD,2018,Etat.Autorités.Informatique.E-Government,1
VD,2018,"Etat.Autorités.Organisation judiciaire.Autorités judiciaires.Juges d'instruction, Ministère public.Ministère public",1
VD,2018,Droit civil.Dispositions générales d'introduction du code des obligations.Droit commercial.Registre du commerce,1
VD,2018,"Enseignement, sciences, documentation et culture.Degré secondaire II.Ecole moyenne",1
VD,2018,"Enseignement, sciences, documentation et culture.Degré tertiaire: Hautes écoles.Pédagogie",1
VD,2018,"Finances, Impôts, monopoles, entreprises d'état.Monopoles, régales, entreprises d'état.Mines",1
VD,2018,"Aménagement du territoire et constructions, expropriation, travaux publics, énergie, transports, environnement",1
VD,2018,"Santé, travail, droit des assurances sociales, logement, homes.Assistance.Aide sociale",1
VD,2018,Economie,1
VD,2018,Economie.Agriculture.Production animale.Bovins et petit bétail,1
VD,2019,"Enseignement, sciences, documentation et culture.Documentation.Musées",1
VD,2019,"Aménagement du territoire et constructions, expropriation, travaux publics, énergie, transports, environnement.Aménagement du territoire et constructions.Procédure",1
VD,2019,"Aménagement du territoire et constructions, expropriation, travaux publics, énergie, transports, environnement.Transports.Navigation aérienne.Aéronefs",1
VD,2019,Economie.Arts et métiers.Services.Taxis,1
VD,2020,Etat,1
VD,2020,Etat.Autorités.Gouvernement et administration.Procédure administrative,1
VD,2020,"Santé, travail, droit des assurances sociales, logement, homes.Santé.Lutte contre les maladies.Epidémies, pandémies",1
VD,2021,"Etat.Autorités.Gouvernement et administration.Droit du personnel.Traitements, indemnités",1
VD,2021,"Enseignement, sciences, documentation et culture.Sciences, recherche",1
VD,2021,"Enseignement, sciences, documentation et culture.Art, culture, sport.Encouragement à la culture",1
VD,2021,"Finances, Impôts, monopoles, entreprises d'état",1
VD,2021,Economie,1
VD,2021,Economie.Promotion de l'économie,1
VD,2022,Droit civil.Procédure civile.Exécution,1
VD,2022,"Enseignement, sciences, documentation et culture",1
VD,2022,"Enseignement, sciences, documentation et culture.Degré secondaire II.Ecole moyenne",1
VD,2022,"Enseignement, sciences, documentation et culture.Degré secondaire II.Ecoles supérieures de commerce, ecoles supérieures d'informatique",1
VD,2022,"Enseignement, sciences, documentation et culture.Formation continue (Degré quaternaire).Formation des adultes",1
VD,2023,Etat,1
VD,2023,Etat.Dispositions générales.Collaboration intercantonale,1
VD,2023,Etat.Autorités.Protection des données,1
VD,2023,"Etat.Autorités.Organisation judiciaire.Autorités judiciaires.Juges d'instruction, Ministère public.Ministère public",2
VD,2023,"Enseignement, sciences, documentation et culture.Contributions à la formation.Bourses d'études",1
VD,2024,Etat,1
VD,2024,"Etat.Autorités.Organisation judiciaire.Autorités judiciaires.Juges d'instruction, Ministère public.Ministère public",1
VD,2024,Economie.Promotion de l'économie,1
VD,2025,"Défense nationale, protection de la population, police.Protection de la population.Protection contre les incendies / éléments naturels.Protection contre les incendies",1
VD,2025,"Défense nationale, protection de la population, police.Sécurité intérieure.Entreprises de sécurité",1
VD,2025,"Santé, travail, droit des assurances sociales, logement, homes.Santé.Professions médicales.Personnel soignant",1
VD,2026,"Aménagement du territoire et constructions, expropriation, travaux publics, énergie, transports, environnement.Transports.Transports publics.Transports ferroviaires",1
VD,2026,"Santé, travail, droit des assurances sociales, logement, homes",1
VS,1912,"Droit civil.Dispositions d'introduction du code civil.Droits réels.Registre foncier, mensurations cadastrales",1
VS,1936,"Santé, travail, droit des assurances sociales, logement, homes.Droit du travail.Employés.Dimanches et jours fériés",1
VS,1937,"Droit civil.Dispositions d'introduction du code civil.Droits réels.Registre foncier, mensurations cadastrales",2
VS,1937,Economie,1
VS,1939,Economie,1
VS,1943,Economie,1
VS,1944,"Enseignement, sciences, documentation et culture.Degré secondaire II.Ecoles supérieures de commerce, ecoles supérieures d'informatique",1
VS,1949,"Santé, travail, droit des assurances sociales, logement, homes.Droit des assurances sociales.Allocations familiales.Salariés et indépendants",1
VS,1951,"Aménagement du territoire et constructions, expropriation, travaux publics, énergie, transports, environnement",1
VS,1951,"Santé, travail, droit des assurances sociales, logement, homes.Santé.Lutte contre les maladies.Tuberculose",1
VS,1954,"Finances, Impôts, monopoles, entreprises d'état.Impôts.Droit de timbre",1
VS,1958,"Aménagement du territoire et constructions, expropriation, travaux publics, énergie, transports, environnement",1
VS,1962,"Enseignement, sciences, documentation et culture.Degré secondaire II.Ecole moyenne",1
VS,1963,Etat.Communes.Répartition des tâches entre canton et communes,1
VS,1963,"Enseignement, sciences, documentation et culture.Corps enseignant.Engagement",1
VS,1965,"Enseignement, sciences, documentation et culture.Degré secondaire II.Ecole moyenne",1
VS,1965,"Aménagement du territoire et constructions, expropriation, travaux publics, énergie, transports, environnement.Travaux publics.Bâtiments et terrains publics",1
VS,1966,"Enseignement, sciences, documentation et culture",1
VS,1967,"Défense nationale, protection de la population, police.Sécurité intérieure.Maintien de la tranquillité et de l'ordre public.Domaine public",1
VS,1967,"Santé, travail, droit des assurances sociales, logement, homes",1
VS,1967,"Santé, travail, droit des assurances sociales, logement, homes.Santé.Professions médicales.Chiropraticiens, physiothérapeutes",1
VS,1969,"Finances, Impôts, monopoles, entreprises d'état",1
VS,1972,"Enseignement, sciences, documentation et culture.Assurance de la qualité, surveillance, direction.Autorités scolaires",1
VS,1973,"Enseignement, sciences, documentation et culture.Degré prescolaire, école primaire, degré secondaire I.Ecole enfantine",1
VS,1973,Economie.Forêt.Personnel forestier,1
VS,1975,"Droit civil.Dispositions d'introduction du code civil.Droits réels.Registre foncier, mensurations cadastrales",1
VS,1975,"Enseignement, sciences, documentation et culture.Sport scolaire",1
VS,1975,"Enseignement, sciences, documentation et culture.Art, culture, sport.Sport",1
VS,1975,"Aménagement du territoire et constructions, expropriation, travaux publics, énergie, transports, environnement",1
VS,1976,"Finances, Impôts, monopoles, entreprises d'état",1
VS,1976,"Santé, travail, droit des assurances sociales, logement, homes.Assistance.Aide sociale",1
VS,1977,"Enseignement, sciences, documentation et culture.Sport scolaire",1
VS,1978,"Finances, Impôts, monopoles, entreprises d'état.Finances.Contributions étatiques, subventions",1
VS,1979,Etat.Autorités.Gouvernement et administration.Gouvernement.Pensions,1
VS,1980,Economie,1
VS,1980,Economie.Arts et métiers.Services.Jeux de hasard et loteries.Fonds de loterie,1
VS,1981,Droit civil.Procédure civile.Exécution,1
VS,1981,"Finances, Impôts, monopoles, entreprises d'état.Finances.Contrôle des finances",1
VS,1982,Etat,1
VS,1982,"Etat.Professions juridiques.Notaires.Taxes, tarifs",1
VS,1982,"Enseignement, sciences, documentation et culture.Degré tertiaire: Hautes écoles.Pédagogie",1
VS,1982,"Enseignement, sciences, documentation et culture.Documentation.Archives",1
VS,1983,Economie.Agriculture.Formation agricole.Ecole agricole,2
VS,1984,Etat.Autorités.Gouvernement et administration.Droit du personnel.Engagement,1
VS,1984,"Enseignement, sciences, documentation et culture",2
VS,1985,"Enseignement, sciences, documentation et culture.Degré secondaire II: Formation professionnelle initiale.Orientation professionnelle",1
VS,1985,"Enseignement, sciences, documentation et culture.Assurance de la qualité, surveillance, direction.Autorités scolaires",1
VS,1986,Etat.Autorités.Protection des données,1
VS,1986,"Santé, travail, droit des assurances sociales, logement, homes",1
VS,1987,"Etat.Autorités.Gouvernement et administration.Droit du personnel.Traitements, indemnités",1
VS,1987,"Aménagement du territoire et constructions, expropriation, travaux publics, énergie, transports, environnement.Aménagement du territoire et constructions.Affichage et publicité",1
VS,1987,"Santé, travail, droit des assurances sociales, logement, homes.Assistance.Conseil aux femmes enceintes",1
VS,1988,"Enseignement, sciences, documentation et culture",1
VS,1988,"Enseignement, sciences, documentation et culture.Corps enseignant.Engagement",1
VS,1988,"Finances, Impôts, monopoles, entreprises d'état",1
VS,1989,"Enseignement, sciences, documentation et culture.Assurance de la qualité, surveillance, direction.Autorités scolaires",1
VS,1989,"Santé, travail, droit des assurances sociales, logement, homes.Droit du travail.Marché du travail.Lutte contre les crises, réserves de crise bénéficiant d'allégements fiscaux",1
VS,1990,"Etat.Autorités.Gouvernement et administration.Droit du personnel.Traitements, indemnités",1
VS,1990,"Aménagement du territoire et constructions, expropriation, travaux publics, énergie, transports, environnement",2
VS,1990,"Aménagement du territoire et constructions, expropriation, travaux publics, énergie, transports, environnement.Travaux publics.Aménagement des eaux.Utilisation des eaux",3
VS,1990,"Santé, travail, droit des assurances sociales, logement, homes",1
VS,1991,Etat.Autorités.Gouvernement et administration.Administration.Commissions,1
VS,1991,Droit civil.Dispositions d'introduction du code civil.Droits réels.Acquisitions des terrains par des personnes domiciliées à l'étranger,1
VS,1991,"Aménagement du territoire et constructions, expropriation, travaux publics, énergie, transports, environnement.Protection de la nature et du paysage.Protection des animaux",1
VS,1991,Economie,1
VS,1992,"Etat.Autorités.Organisation judiciaire.Autorités judiciaires.Juges d'instruction, Ministère public.Juges d'instruction",1
VS,1992,Droit pénal.Exécution des peines et des mesures.Patronage,1
VS,1992,"Enseignement, sciences, documentation et culture.Corps enseignant.Engagement",1
VS,1992,"Santé, travail, droit des assurances sociales, logement, homes",1
VS,1992,Economie.Arts et métiers.Services.Jeux de hasard et loteries.Fonds de loterie,1
VS,1993,Etat,1
VS,1993,"Santé, travail, droit des assurances sociales, logement, homes",1
VS,1994,"Défense nationale, protection de la population, police.Sécurité intérieure.Police.Personnel",1
VS,1994,"Santé, travail, droit des assurances sociales, logement, homes",1
VS,1994,Economie.Agriculture.Formation agricole.Ecole agricole,1
VS,1995,Etat.Dispositions générales.Droit de cité,1
VS,1995,Etat.Autorités.Organisation judiciaire.Personnel des tribunaux,1
VS,1995,Droit pénal.Procédure pénale.Aide aux victimes d'infractions,1
VS,1996,Etat.Dispositions générales.Documents d'identité,1
VS,1996,"Etat.Autorités.Gouvernement et administration.Droit du personnel.Pensions, prestations d'assurance",1
VS,1996,"Enseignement, sciences, documentation et culture.Pédagogie spécialisée.Ecoles d'art et de sport",1
VS,1996,"Aménagement du territoire et constructions, expropriation, travaux publics, énergie, transports, environnement.Protection de l'environnement.Protection des eaux",1
VS,1996,"Aménagement du territoire et constructions, expropriation, travaux publics, énergie, transports, environnement.Protection de l'environnement.Etude d'impact sur l'environnement",1
VS,1996,"Santé, travail, droit des assurances sociales, logement, homes.Droit des assurances sociales.Assurance-chômage",3
VS,1996,"Santé, travail, droit des assurances sociales, logement, homes.Assistance.Aide sociale",1
VS,1996,Economie.Forêt.Personnel forestier,1
VS,1997,Etat,2
VS,1997,Etat.Autorités.Gouvernement et administration.Droit du personnel.Engagement,1
VS,1997,"Etat.Autorités.Gouvernement et administration.Droit du personnel.Traitements, indemnités",1
VS,1997,"Finances, Impôts, monopoles, entreprises d'état.Finances.Contributions étatiques, subventions",1
VS,1997,"Santé, travail, droit des assurances sociales, logement, homes",2
VS,1997,"Santé, travail, droit des assurances sociales, logement, homes.Droit des assurances sociales.Assurance-chômage",1
VS,1998,"Etat.Dispositions générales.Droits fondamentaux, droits politiques.égalité entre hommes et femmes",1
VS,1998,Droit pénal.Procédure pénale.Investigation secrète,1
VS,1998,"Défense nationale, protection de la population, police",1
VS,1998,"Santé, travail, droit des assurances sociales, logement, homes",1
VS,1998,Economie.Promotion de l'économie,1
VS,1998,Economie.Agriculture.Mesures d'encouragement,1
VS,1998,Economie.Arts et métiers.Services.Jeux de hasard et loteries.Fonds de loterie,1
VS,1998,Economie.Arts et métiers.Services.Jeux de hasard et loteries.Maisons de jeu,1
VS,1999,Etat.Dispositions générales.Publications officielles.feuilles officielles,1
VS,1999,Etat.Dispositions générales.Information du public,1
VS,1999,"Enseignement, sciences, documentation et culture.Degré tertiaire: Ecoles supérieures",1
VS,1999,"Enseignement, sciences, documentation et culture.Art, culture, sport.Encouragement à la culture",1
VS,1999,"Défense nationale, protection de la population, police.Sécurité intérieure.Entreprises de sécurité",1
VS,1999,"Aménagement du territoire et constructions, expropriation, travaux publics, énergie, transports, environnement",1
VS,1999,"Aménagement du territoire et constructions, expropriation, travaux publics, énergie, transports, environnement.Transports.Circulation routière.Transport des personnes",1
VS,1999,"Santé, travail, droit des assurances sociales, logement, homes",1
VS,2000,Etat.Autorités.Organisation judiciaire.Autorités judiciaires.Commissions de recours,1
VS,2000,"Enseignement, sciences, documentation et culture",1
VS,2000,"Finances, Impôts, monopoles, entreprises d'état.Monopoles, régales, entreprises d'état.Pêche.Zones de pêche",1
VS,2000,"Santé, travail, droit des assurances sociales, logement, homes",1
VS,2000,"Santé, travail, droit des assurances sociales, logement, homes.Santé.Hygiène.Piscines",1
VS,2000,"Santé, travail, droit des assurances sociales, logement, homes.Droit des assurances sociales.Assurance-chômage",1
VS,2001,"Etat.Autorités.Gouvernement et administration.Droit du personnel.Durée du travail, vacances, congés",1
VS,2001,"Etat.Autorités.Organisation judiciaire.Autorités judiciaires.Tribunaux administratifs, des assurances et des assurances sociales",1
VS,2001,"Enseignement, sciences, documentation et culture.Degré secondaire II.Ecole moyenne",1
VS,2001,"Enseignement, sciences, documentation et culture.Degré tertiaire: Hautes écoles.Pédagogie",1
VS,2001,"Enseignement, sciences, documentation et culture.Assurance de la qualité, surveillance, direction.Direction",1
VS,2001,"Défense nationale, protection de la population, police.Protection de la population.Protection contre les incendies / éléments naturels.Protection contre le feu, pompiers",1
VS,2001,"Santé, travail, droit des assurances sociales, logement, homes",2
VS,2001,"Santé, travail, droit des assurances sociales, logement, homes.Assistance.Protection de la jeunesse, aide à la jeunesse",1
VS,2002,Etat,1
VS,2002,Etat.Autorités.Gouvernement et administration.Emoluments administratifs,1
VS,2002,"Enseignement, sciences, documentation et culture",5
VS,2002,"Enseignement, sciences, documentation et culture.Degré secondaire II.Ecoles moyennes supérieures, écoles des culture générale, écoles de degré diplôme",1
VS,2002,"Enseignement, sciences, documentation et culture.Degré secondaire II.Ecoles supérieures de commerce, ecoles supérieures d'informatique",1
VS,2002,"Enseignement, sciences, documentation et culture.Degré tertiaire: Hautes écoles.Etudes sociales",1
VS,2002,"Enseignement, sciences, documentation et culture.Corps enseignant.Personnel des universités",1
VS,2002,"Enseignement, sciences, documentation et culture.Sciences, recherche",1
VS,2002,"Aménagement du territoire et constructions, expropriation, travaux publics, énergie, transports, environnement",1
VS,2002,Economie.Commerce.Horaires de fermeture des magasins,1
VS,2003,"Enseignement, sciences, documentation et culture.Degré secondaire II.Ecole moyenne",1
VS,2003,"Enseignement, sciences, documentation et culture.Degré tertiaire: Ecoles supérieures",1
VS,2003,"Aménagement du territoire et constructions, expropriation, travaux publics, énergie, transports, environnement",2
VS,2003,"Aménagement du territoire et constructions, expropriation, travaux publics, énergie, transports, environnement.Transports.Circulation routière.Impôts et taxes de la circulation",1
VS,2004,"Enseignement, sciences, documentation et culture.Degré prescolaire, école primaire, degré secondaire I.Ecole primaire, degré secondaire I",1
VS,2004,"Enseignement, sciences, documentation et culture.Degré tertiaire: Hautes écoles.Pédagogie",1
VS,2004,"Finances, Impôts, monopoles, entreprises d'état.Impôts.Impôts sur les chiens",1
VS,2004,"Aménagement du territoire et constructions, expropriation, travaux publics, énergie, transports, environnement.Transports.Navigation.Impôts et taxes sur les bateaux",1
VS,2004,"Santé, travail, droit des assurances sociales, logement, homes",1
VS,2004,"Santé, travail, droit des assurances sociales, logement, homes.Assistance.Aide sociale",1
VS,2004,Economie.Arts et métiers.Services.Tourisme,1
VS,2005,Etat,1
VS,2005,Etat.Autorités.Gouvernement et administration.Droit du personnel.Engagement,1
VS,2005,"Etat.Professions juridiques.Notaires.Taxes, tarifs",1
VS,2005,"Enseignement, sciences, documentation et culture.Assurance de la qualité, surveillance, direction.Surveillance scolaire",1
VS,2005,"Enseignement, sciences, documentation et culture.Assurance de la qualité, surveillance, direction.Bâtiments scolaires",1
VS,2005,"Santé, travail, droit des assurances sociales, logement, homes.Santé.Professions médicales.Vétérinaires",1
VS,2006,"Enseignement, sciences, documentation et culture",1
VS,2006,"Enseignement, sciences, documentation et culture.Degré secondaire II: Formation professionnelle initiale.Passerelle",1
VS,2006,"Enseignement, sciences, documentation et culture.Degré secondaire II: Formation professionnelle initiale.Solutions transitoires",1
VS,2006,"Enseignement, sciences, documentation et culture.Degré tertiaire: Hautes écoles.Etudes sociales",1
VS,2006,"Défense nationale, protection de la population, police",1
VS,2006,"Aménagement du territoire et constructions, expropriation, travaux publics, énergie, transports, environnement.Aménagement du territoire et constructions.Zones",1
VS,2006,"Aménagement du territoire et constructions, expropriation, travaux publics, énergie, transports, environnement.Travaux publics.Routes.Chemins pédestres et de randonnée",1
VS,2006,"Santé, travail, droit des assurances sociales, logement, homes",2
VS,2007,"Etat.Autorités.Gouvernement et administration.Droit du personnel.Traitements, indemnités",1
VS,2007,"Enseignement, sciences, documentation et culture",2
VS,2007,"Santé, travail, droit des assurances sociales, logement, homes.Droit du travail.Employés.Sécurité",1
VS,2008,"Enseignement, sciences, documentation et culture.Art, culture, sport.Sport",1
VS,2008,"Finances, Impôts, monopoles, entreprises d'état.Finances.Contributions étatiques, subventions",1
VS,2008,"Aménagement du territoire et constructions, expropriation, travaux publics, énergie, transports, environnement.Aménagement du territoire et constructions.Remembrements",1
VS,2008,"Santé, travail, droit des assurances sociales, logement, homes",1
VS,2009,"Enseignement, sciences, documentation et culture.Degré tertiaire: Hautes écoles.Pédagogie",1
VS,2009,"Enseignement, sciences, documentation et culture.Documentation.Archives",1
VS,2010,Etat.Dispositions générales.Information du public,2
VS,2010,"Etat.Autorités.Gouvernement et administration.Droit du personnel.Pensions, prestations d'assurance",1
VS,2010,"Enseignement, sciences, documentation et culture",2
VS,2010,"Enseignement, sciences, documentation et culture.Art, culture, sport.Sport",1
VS,2010,"Santé, travail, droit des assurances sociales, logement, homes.Droit du travail.Marché du travail.Service de l'emploi et location de services",1
VS,2010,Economie.Arts et métiers.Services.Jeux de hasard et loteries.Fonds de loterie,1
VS,2011,"Etat.Autorités.Organisation judiciaire.Autorités judiciaires.Juges d'instruction, Ministère public.Ministère public",1
VS,2011,"Enseignement, sciences, documentation et culture",1
VS,2011,"Enseignement, sciences, documentation et culture.Formation continue (Degré quaternaire).Formation des adultes",1
VS,2011,"Enseignement, sciences, documentation et culture.Corps enseignant.Formation",1
VS,2012,Etat,1
VS,2012,Etat.Autorités.Gouvernement et administration.New Public Management,1
VS,2012,"Enseignement, sciences, documentation et culture",1
VS,2012,"Enseignement, sciences, documentation et culture.Corps enseignant.Traitement, indemnités",1
VS,2012,"Santé, travail, droit des assurances sociales, logement, homes",1
VS,2012,Economie,1
VS,2013,"Enseignement, sciences, documentation et culture.Assurance de la qualité, surveillance, direction.Matériel scolaire",1
VS,2014,"Santé, travail, droit des assurances sociales, logement, homes",1
VS,2015,Etat.Communes.Contributions financières des communes,1
VS,2015,"Enseignement, sciences, documentation et culture.Degré secondaire II.Ecoles moyennes supérieures, écoles des culture générale, écoles de degré diplôme",1
VS,2015,"Enseignement, sciences, documentation et culture.Degré secondaire II: Formation professionnelle initiale.Ecoles préparant à la maturité professionnelle",1
VS,2015,"Finances, Impôts, monopoles, entreprises d'état.Finances.Contributions étatiques, subventions",1
VS,2016,"Enseignement, sciences, documentation et culture.Degré secondaire II: Formation professionnelle initiale.Passerelle",1
VS,2016,"Enseignement, sciences, documentation et culture.Degré tertiaire: Hautes écoles.Autres filières d'études",1
VS,2016,"Santé, travail, droit des assurances sociales, logement, homes",2
VS,2016,"Santé, travail, droit des assurances sociales, logement, homes.Santé.Etique",1
VS,2017,Etat.Dispositions générales.Publications officielles.Recueils de législation,1
VS,2017,"Enseignement, sciences, documentation et culture",1
VS,2017,"Enseignement, sciences, documentation et culture.Pédagogie spécialisée.Ecoles d'art et de sport",1
VS,2017,"Aménagement du territoire et constructions, expropriation, travaux publics, énergie, transports, environnement",1
VS,2017,Economie.Agriculture.Mesures d'encouragement,1
VS,2018,"Enseignement, sciences, documentation et culture",1
VS,2018,"Enseignement, sciences, documentation et culture.Degré tertiaire: Ecoles supérieures",1
VS,2019,"Etat.Autorités.Gouvernement et administration.Droit du personnel.Pensions, prestations d'assurance",2
VS,2019,"Enseignement, sciences, documentation et culture.Assurance de la qualité, surveillance, direction.Matériel scolaire",1
VS,2019,"Enseignement, sciences, documentation et culture.Documentation.Archives",1
VS,2019,"Aménagement du territoire et constructions, expropriation, travaux publics, énergie, transports, environnement",1
VS,2019,"Aménagement du territoire et constructions, expropriation, travaux publics, énergie, transports, environnement.Transports.Funiculaires, téléphériques, téléskis",1
VS,2020,Etat,1
VS,2020,"Enseignement, sciences, documentation et culture.Degré tertiaire: Hautes écoles.Pédagogie",1
VS,2020,"Enseignement, sciences, documentation et culture.Formation continue (Degré quaternaire).Formation des adultes",1
VS,2020,"Enseignement, sciences, documentation et culture.Sport scolaire",1
VS,2020,"Défense nationale, protection de la population, police.Sécurité intérieure.Police.Personnel",1
VS,2021,Etat,1
VS,2021,"Enseignement, sciences, documentation et culture.Assurance de la qualité, surveillance, direction.Matériel scolaire",1
VS,2021,"Aménagement du territoire et constructions, expropriation, travaux publics, énergie, transports, environnement.Aménagement du territoire et constructions.Procédure",1
VS,2022,Droit civil.Dispositions d'introduction du code civil.Droit de la famille.Tutelle,1
VS,2022,"Aménagement du territoire et constructions, expropriation, travaux publics, énergie, transports, environnement",1
VS,2023,"Enseignement, sciences, documentation et culture.Degré tertiaire: Hautes écoles.Pédagogie",1
VS,2023,"Finances, Impôts, monopoles, entreprises d'état.Finances.Contributions étatiques, subventions",1
VS,2024,Etat.Dispositions générales.Information du public,1
VS,2024,"Enseignement, sciences, documentation et culture",1
VS,2024,"Enseignement, sciences, documentation et culture.Contributions à la formation.Bourses d'études",1
VS,2024,Economie.Promotion de l'économie,1
VS,2025,Etat.Communes.Contributions financières des communes,1
VS,2025,"Aménagement du territoire et constructions, expropriation, travaux publics, énergie, transports, environnement",1
VS,2026,"Défense nationale, protection de la population, police",1
ZG,1977,"Etat.Autorités.Organisation judiciaire.Autorités judiciaires.Tribunaux administratifs, des assurances et des assurances sociales",1
ZG,1980,"Aménagement du territoire et constructions, expropriation, travaux publics, énergie, transports, environnement",3
ZG,1985,"Défense nationale, protection de la population, police.Sécurité intérieure.Police.Personnel",1
ZG,1989,Etat.Professions juridiques.Notaires.Légalisation,1
ZG,1989,"Enseignement, sciences, documentation et culture.Degré secondaire II.Ecoles supérieures de commerce, ecoles supérieures d'informatique",1
ZG,1991,Etat,1
ZG,1991,"Enseignement, sciences, documentation et culture.Degré prescolaire, école primaire, degré secondaire I.Ecole primaire, degré secondaire I",1
ZG,1992,"Enseignement, sciences, documentation et culture.Degré prescolaire, école primaire, degré secondaire I.Ecole enfantine",1
ZG,1993,"Enseignement, sciences, documentation et culture.Corps enseignant.Formation",1
ZG,1996,"Enseignement, sciences, documentation et culture.Degré secondaire II.Ecoles supérieures de commerce, ecoles supérieures d'informatique",2
ZG,1997,"Etat.Autorités.Gouvernement et administration.Droit du personnel.Traitements, indemnités",1
ZG,1997,"Etat.Autorités.Organisation judiciaire.Autorités judiciaires.Cours supérieures, tribunaux fédéraux",1
ZG,1997,"Enseignement, sciences, documentation et culture.Degré secondaire II.Ecole moyenne",2
ZG,1998,"Enseignement, sciences, documentation et culture.Corps enseignant.Traitement, indemnités",1
ZG,1999,"Etat.Dispositions générales.Droits fondamentaux, droits politiques.égalité entre hommes et femmes",1
ZG,2000,"Etat.Autorités.Organisation judiciaire.Autorités judiciaires.Cours supérieures, tribunaux fédéraux",1
ZG,2000,"Finances, Impôts, monopoles, entreprises d'état.Monopoles, régales, entreprises d'état.Chasse.Chasseurs",1
ZG,2000,"Aménagement du territoire et constructions, expropriation, travaux publics, énergie, transports, environnement.Protection de l'environnement.Déchets",2
ZG,2001,"Etat.Autorités.Organisation judiciaire.Autorités judiciaires.Cours supérieures, tribunaux fédéraux",1
ZG,2001,"Enseignement, sciences, documentation et culture.Degré tertiaire: Ecoles supérieures",4
ZG,2001,Economie.Agriculture.Mesures d'encouragement,1
ZG,2001,Economie.Agriculture.Formation agricole.Ecole agricole,1
ZG,2002,"Etat.Autorités.Gouvernement et administration.Droit du personnel.Traitements, indemnités",1
ZG,2002,"Enseignement, sciences, documentation et culture.Degré secondaire II.Ecoles moyennes supérieures, écoles des culture générale, écoles de degré diplôme",1
ZG,2002,"Enseignement, sciences, documentation et culture.Degré tertiaire: Ecoles supérieures",1
ZG,2003,Etat.Eglise et Etat.Eglise catholique romaine,1
ZG,2003,"Enseignement, sciences, documentation et culture",1
ZG,2003,"Enseignement, sciences, documentation et culture.Reconnaissance des diplômes",1
ZG,2004,"Santé, travail, droit des assurances sociales, logement, homes",1
ZG,2005,"Etat.Autorités.Gouvernement et administration.Droit du personnel.Durée du travail, vacances, congés",1
ZG,2005,"Etat.Autorités.Gouvernement et administration.Droit du personnel.Traitements, indemnités",1
ZG,2005,"Aménagement du territoire et constructions, expropriation, travaux publics, énergie, transports, environnement.Protection de l'environnement.Déchets",2
ZG,2006,"Enseignement, sciences, documentation et culture.Formation continue (Degré quaternaire).Formation continue des enseignants",1
ZG,2006,"Aménagement du territoire et constructions, expropriation, travaux publics, énergie, transports, environnement",1
ZG,2006,"Santé, travail, droit des assurances sociales, logement, homes.Santé.Services psychiatriques",1
ZG,2007,Economie.Agriculture.Culture des plantes.Lutte contre les parasites,2
ZG,2009,"Santé, travail, droit des assurances sociales, logement, homes.Santé.Hygiène.Denrées alimentaires, objets d'usage courant.Surveillance des aliments",1
ZG,2009,"Santé, travail, droit des assurances sociales, logement, homes.Droit du travail.Marché du travail.Travail au noir",1
ZG,2009,Economie.Agriculture.Culture des plantes.Vignoble,1
ZG,2010,"Etat.Autorités.Gouvernement et administration.Droit du personnel.Traitements, indemnités",2
ZG,2010,"Enseignement, sciences, documentation et culture.Degré secondaire II: Formation professionnelle initiale.Solutions transitoires",1
ZG,2010,Economie.Agriculture.Mesures d'encouragement,1
ZG,2011,"Santé, travail, droit des assurances sociales, logement, homes.Assistance.Homes.Etablissements pour personnes âgées",1
ZG,2012,"Aménagement du territoire et constructions, expropriation, travaux publics, énergie, transports, environnement.Expropriation",1
ZG,2012,Economie.Agriculture.Formation agricole.Ecole agricole,1
ZG,2013,"Enseignement, sciences, documentation et culture.Degré tertiaire: Hautes écoles.Pédagogie",1
ZG,2014,"Finances, Impôts, monopoles, entreprises d'état.Finances.Contributions étatiques, subventions",1
ZG,2014,Economie.Agriculture.Formation agricole.Ecole agricole,1
ZG,2015,Droit civil.Dispositions d'introduction du code civil.Droit de la famille.Tutelle,1
ZG,2016,Etat,4
ZG,2016,"Enseignement, sciences, documentation et culture",1
ZG,2017,"Enseignement, sciences, documentation et culture.Degré secondaire II.Ecole moyenne",1
ZG,2017,"Enseignement, sciences, documentation et culture.Corps enseignant.Traitement, indemnités",1
ZG,2018,"Enseignement, sciences, documentation et culture.Degré secondaire II.Ecole moyenne",1
ZG,2019,"Enseignement, sciences, documentation et culture.Reconnaissance des diplômes",1
ZG,2020,"Enseignement, sciences, documentation et culture.Degré tertiaire: Ecoles supérieures",1
ZG,2020,"Santé, travail, droit des assurances sociales, logement, homes.Santé.Lutte contre les maladies.Epidémies, pandémies",4
ZG,2021,Economie.Agriculture.Culture des plantes.Lutte contre les parasites,1
ZG,2022,"Défense nationale, protection de la population, police.Protection de la population.Protection contre les incendies / éléments naturels.Protection contre les incendies",1
ZG,2023,"Etat.Autorités.Gouvernement et administration.Droit du personnel.Formation, formation continue, perfectionnement",1
ZG,2023,"Aménagement du territoire et constructions, expropriation, travaux publics, énergie, transports, environnement",1
ZG,2024,"Santé, travail, droit des assurances sociales, logement, homes.Santé.Professions médicales.Personnel soignant",1
ZG,2025,"Enseignement, sciences, documentation et culture.Degré prescolaire, école primaire, degré secondaire I.Ecole enfantine",1
ZG,2025,"Défense nationale, protection de la population, police",1
ZH,1944,Economie.Agriculture.Production animale.Commerce du bétail,1
ZH,1951,"Défense nationale, protection de la population, police.Sécurité intérieure.Police.Personnel",1
ZH,1955,Etat.Eglise et Etat.Eglise évangélique réformée,1
ZH,1960,"Enseignement, sciences, documentation et culture.Degré tertiaire: universités.Faculté de sciences naturelles",1
ZH,1960,"Santé, travail, droit des assurances sociales, logement, homes.Santé.Hygiène.Denrées alimentaires, objets d'usage courant.Surveillance des aliments",1
ZH,1961,Etat.Eglise et Etat.Eglise évangélique réformée,1
ZH,1961,Droit pénal,1
ZH,1964,Etat.Eglise et Etat.Eglise catholique romaine,1
ZH,1968,"Enseignement, sciences, documentation et culture.Assurance de la qualité, surveillance, direction.Surveillance scolaire",1
ZH,1969,"Enseignement, sciences, documentation et culture.Corps enseignant.Traitement, indemnités",1
ZH,1974,"Défense nationale, protection de la population, police.Sécurité intérieure.Police.Personnel",1
ZH,1975,"Enseignement, sciences, documentation et culture",1
ZH,1979,"Etat.Autorités.Gouvernement et administration.Droit du personnel.Commissions du personnel, commissions paritaires",1
ZH,1983,Etat.Eglise et Etat.Eglise évangélique réformée,1
ZH,1984,"Enseignement, sciences, documentation et culture.Degré tertiaire: universités.Faculté de médecine humaine et vétérinaire",1
ZH,1984,"Enseignement, sciences, documentation et culture.Pédagogie spécialisée.Ecoles spécialisées",1
ZH,1985,Etat.Eglise et Etat.Eglise catholique romaine,1
ZH,1985,"Enseignement, sciences, documentation et culture.Degré secondaire II.Ecole moyenne",1
ZH,1986,Etat.Eglise et Etat.Eglise catholique romaine,1
ZH,1986,"Enseignement, sciences, documentation et culture.Degré secondaire II.Ecoles moyennes supérieures, écoles des culture générale, écoles de degré diplôme",1
ZH,1987,Etat.Eglise et Etat.Eglise catholique romaine,1
ZH,1988,"Enseignement, sciences, documentation et culture.Degré prescolaire, école primaire, degré secondaire I.Ecole primaire, degré secondaire I",2
ZH,1988,"Enseignement, sciences, documentation et culture.Degré secondaire II.Ecole moyenne",1
ZH,1989,"Enseignement, sciences, documentation et culture",1
ZH,1989,"Enseignement, sciences, documentation et culture.Degré prescolaire, école primaire, degré secondaire I.Ecole primaire, degré secondaire I",2
ZH,1990,"Aménagement du territoire et constructions, expropriation, travaux publics, énergie, transports, environnement",1
ZH,1991,"Enseignement, sciences, documentation et culture.Degré prescolaire, école primaire, degré secondaire I.Ecole primaire, degré secondaire I",2
ZH,1992,"Enseignement, sciences, documentation et culture.Degré prescolaire, école primaire, degré secondaire I.Ecole primaire, degré secondaire I",1
ZH,1995,"Enseignement, sciences, documentation et culture.Degré secondaire II.Ecoles supérieures de commerce, ecoles supérieures d'informatique",2
ZH,1995,Economie,1
ZH,1997,"Enseignement, sciences, documentation et culture",2
ZH,1998,"Enseignement, sciences, documentation et culture",2
ZH,1998,"Enseignement, sciences, documentation et culture.Degré secondaire II.Ecole moyenne",4
ZH,1998,"Enseignement, sciences, documentation et culture.Formation continue (Degré quaternaire).Formation des adultes",2
ZH,1998,"Défense nationale, protection de la population, police.Sécurité intérieure.Police.Personnel",1
ZH,1999,Etat,1
ZH,1999,"Enseignement, sciences, documentation et culture.Degré secondaire II.Ecole moyenne",2
ZH,2000,"Enseignement, sciences, documentation et culture",2
ZH,2000,"Enseignement, sciences, documentation et culture.Degré secondaire II.Ecoles supérieures de commerce, ecoles supérieures d'informatique",1
ZH,2000,"Enseignement, sciences, documentation et culture.Degré tertiaire: universités.Faculté de théologie",1
ZH,2000,"Enseignement, sciences, documentation et culture.Corps enseignant.Traitement, indemnités",1
ZH,2001,"Enseignement, sciences, documentation et culture.Corps enseignant.Formation",1
ZH,2001,"Enseignement, sciences, documentation et culture.Corps enseignant.Personnel des universités",1
ZH,2001,"Enseignement, sciences, documentation et culture.Sciences, recherche",1
ZH,2002,"Enseignement, sciences, documentation et culture",1
ZH,2002,"Enseignement, sciences, documentation et culture.Degré secondaire II: Formation professionnelle initiale.Ecoles préparant à la maturité professionnelle",1
ZH,2002,"Santé, travail, droit des assurances sociales, logement, homes.Droit des assurances sociales.Allocations familiales.Salariés et indépendants",1
ZH,2003,Etat.Autorités.Gouvernement et administration.New Public Management,1
ZH,2003,"Enseignement, sciences, documentation et culture.Formation continue (Degré quaternaire).Formation des adultes",1
ZH,2003,"Défense nationale, protection de la population, police.Sécurité intérieure.Police.Personnel",1
ZH,2004,Etat.Eglise et Etat.Eglise évangélique réformée,1
ZH,2004,"Enseignement, sciences, documentation et culture.Degré secondaire II: Formation professionnelle initiale.Ecoles préparant à la maturité professionnelle",1
ZH,2004,"Finances, Impôts, monopoles, entreprises d'état.Entreprises d'Etat.Banques cantonales",1
ZH,2005,"Etat.Autorités.Gouvernement et administration.Droit du personnel.Traitements, indemnités",1
ZH,2005,Etat.Eglise et Etat.Eglise évangélique réformée,1
ZH,2005,"Enseignement, sciences, documentation et culture.Degré tertiaire: Hautes écoles.Pédagogie",1
ZH,2005,"Enseignement, sciences, documentation et culture.Degré tertiaire: Ecoles supérieures",2
ZH,2005,"Enseignement, sciences, documentation et culture.Corps enseignant.Traitement, indemnités",1
ZH,2005,"Enseignement, sciences, documentation et culture.Corps enseignant.Formation",2
ZH,2005,"Santé, travail, droit des assurances sociales, logement, homes.Santé.Professions médicales.Personnel soignant",1
ZH,2006,"Etat.Autorités.Organisation judiciaire.Autorités judiciaires.Juges d'instruction, Ministère public.Ministère public",1
ZH,2006,Etat.Eglise et Etat.Eglise catholique romaine,1
ZH,2006,"Enseignement, sciences, documentation et culture.Degré tertiaire: Hautes écoles.Pédagogie",1
ZH,2006,"Enseignement, sciences, documentation et culture.Corps enseignant.Formation",1
ZH,2007,"Enseignement, sciences, documentation et culture.Degré secondaire II.Ecoles moyennes supérieures, écoles des culture générale, écoles de degré diplôme",2
ZH,2007,"Enseignement, sciences, documentation et culture.Degré tertiaire: Hautes écoles.Pédagogie",1
ZH,2007,"Santé, travail, droit des assurances sociales, logement, homes.Droit du travail.Employés.Mobbing, harcèlement sexuel",1
ZH,2008,"Enseignement, sciences, documentation et culture",2
ZH,2008,"Enseignement, sciences, documentation et culture.Degré secondaire II.Ecole moyenne",1
ZH,2008,"Enseignement, sciences, documentation et culture.Corps enseignant.Personnel des universités",1
ZH,2009,Etat.Eglise et Etat.Eglise catholique romaine,2
ZH,2009,"Enseignement, sciences, documentation et culture",1
ZH,2009,"Enseignement, sciences, documentation et culture.Degré secondaire II: Formation professionnelle initiale.Passerelle",1
ZH,2009,"Enseignement, sciences, documentation et culture.Assurance de la qualité, surveillance, direction.Surveillance scolaire",1
ZH,2009,"Enseignement, sciences, documentation et culture.Assurance de la qualité, surveillance, direction.Bâtiments scolaires",1
ZH,2009,"Enseignement, sciences, documentation et culture.Assurance de la qualité, surveillance, direction.Assurance qualité",1
ZH,2009,"Santé, travail, droit des assurances sociales, logement, homes",1
ZH,2010,"Enseignement, sciences, documentation et culture.Degré tertiaire: Ecoles supérieures",1
ZH,2010,"Santé, travail, droit des assurances sociales, logement, homes.Santé.Etablissements hospitaliers, cliniques.Hôpitaux cantonaux",2
ZH,2011,Etat.Eglise et Etat.Eglise évangélique réformée,1
ZH,2011,"Enseignement, sciences, documentation et culture",2
ZH,2011,"Enseignement, sciences, documentation et culture.Degré prescolaire, école primaire, degré secondaire I.Ecole primaire, degré secondaire I",1
ZH,2011,"Enseignement, sciences, documentation et culture.Degré tertiaire: Hautes écoles.Pédagogie",1
ZH,2012,"Droit civil.Dispositions d'introduction du code civil.Droit des personnes, état civil.Fondations, surveillance.Fondations LPP",1
ZH,2012,"Enseignement, sciences, documentation et culture.Degré secondaire II.Ecole moyenne",1
ZH,2013,"Droit civil.Dispositions d'introduction du code civil.Droit des personnes, état civil.Fondations, surveillance.Fondations LPP",3
ZH,2013,"Enseignement, sciences, documentation et culture.Degré secondaire II.Ecoles moyennes supérieures, écoles des culture générale, écoles de degré diplôme",1
ZH,2013,"Finances, Impôts, monopoles, entreprises d'état.Entreprises d'Etat.Banques cantonales",1
ZH,2014,"Finances, Impôts, monopoles, entreprises d'état.Entreprises d'Etat.Banques cantonales",1
ZH,2015,"Enseignement, sciences, documentation et culture.Degré secondaire II: Formation professionnelle initiale.Passerelle",1
ZH,2016,Etat.Autorités.Protection des données,1
ZH,2016,"Finances, Impôts, monopoles, entreprises d'état.Entreprises d'Etat.Banques cantonales",1
ZH,2017,Etat.Eglise et Etat.Eglise catholique romaine,2
ZH,2017,"Santé, travail, droit des assurances sociales, logement, homes.Santé.Professions médicales.Médecins",1
ZH,2018,"Enseignement, sciences, documentation et culture.Assurance de la qualité, surveillance, direction.Bâtiments scolaires",1
ZH,2019,Etat.Eglise et Etat.Eglise catholique romaine,1
ZH,2020,Etat.Eglise et Etat.Eglise catholique romaine,2
ZH,2020,"Santé, travail, droit des assurances sociales, logement, homes.Santé.Lutte contre les maladies.Epidémies, pandémies",1
ZH,2021,"Défense nationale, protection de la population, police",4
ZH,2023,"Enseignement, sciences, documentation et culture.Sciences, recherche",1
ZH,2023,Economie.Arts et métiers.Services.Taxis,2
