# Swiss Law Collection — cantonal acts of type 'Ordinance' by canton, year and topic (full systematics depth)
# counting_unit: published_copies — one count per canton whose collection publishes the act
# year = enactment year; 'unknown' rows are undated laws
# topic = the LexFind global-systematics path at the depth the source classifies the act, French labels joined by '.' (Etat.Dispositions générales.contrôle des habitants); acts classified only at the top level appear at that depth, unclassified ones as 'Non classé'
# same counts as the canton x year x domain export next to this file, keyed on the full code instead of its first segment: for any (canton, year) the two sum to the same number
# dotted codes and labels in de/fr/it/en: api/v1/categories/global_paths.json
# source: Calculs propres basés sur la base de données de l'Institut pour le fédéralisme (LexFind); https://swiss-law-as-source.github.io
canton,year,topic,number
AG,1885,Etat,1
AG,1911,"Droit civil.Dispositions d'introduction du code civil.Droits réels.Registre foncier, mensurations cadastrales",1
AG,1911,"Santé, travail, droit des assurances sociales, logement, homes",1
AG,1913,Economie.Commerce.Poids et mesures. moyens de paiement,1
AG,1915,"Droit civil.Dispositions d'introduction du code civil.Droits réels.Registre foncier, mensurations cadastrales",1
AG,1915,"Finances, Impôts, monopoles, entreprises d'état.Impôts.Impôts sur les chiens",1
AG,1915,"Santé, travail, droit des assurances sociales, logement, homes",1
AG,1917,"Aménagement du territoire et constructions, expropriation, travaux publics, énergie, transports, environnement.Travaux publics.Aménagement des eaux.Utilisation des eaux",1
AG,1918,"Finances, Impôts, monopoles, entreprises d'état.Impôts.Droit de timbre",1
AG,1918,Economie.Agriculture.Production animale.Bovins et petit bétail,1
AG,1919,Etat.Professions juridiques.Notaires.Formation,1
AG,1919,"Finances, Impôts, monopoles, entreprises d'état.Monopoles, régales, entreprises d'état.Régale des sels",1
AG,1925,"Santé, travail, droit des assurances sociales, logement, homes.Droit du travail.Employés.Sécurité",1
AG,1930,"Santé, travail, droit des assurances sociales, logement, homes.Santé.Lutte contre les maladies.Tuberculose",1
AG,1931,"Aménagement du territoire et constructions, expropriation, travaux publics, énergie, transports, environnement.Expropriation",1
AG,1937,"Santé, travail, droit des assurances sociales, logement, homes",1
AG,1938,"Santé, travail, droit des assurances sociales, logement, homes.Droit du travail.Employés.Sécurité",1
AG,1942,"Santé, travail, droit des assurances sociales, logement, homes.Droit du travail.Travail à domicile",1
AG,1943,Economie.Agriculture.Production animale.Commerce du bétail,1
AG,1944,Droit civil.Dispositions générales d'introduction du code des obligations.Des divers contrats.Contrat de travail.Conventions collectives.Déclaration de force obligatoire générale,1
AG,1944,"Santé, travail, droit des assurances sociales, logement, homes.Droit du travail.Offices de conciliation",1
AG,1946,Droit pénal.Procédure pénale.Médecine légale,1
AG,1946,"Santé, travail, droit des assurances sociales, logement, homes.Assistance.Donations et collectes publiques",1
AG,1950,"Santé, travail, droit des assurances sociales, logement, homes.Santé.Professions médicales.Personnel soignant",1
AG,1951,"Finances, Impôts, monopoles, entreprises d'état.Impôts.Double imposition",1
AG,1951,"Aménagement du territoire et constructions, expropriation, travaux publics, énergie, transports, environnement.Transports.Navigation aérienne.Aéronefs",1
AG,1952,"Santé, travail, droit des assurances sociales, logement, homes.Santé.Lutte contre les maladies.Tuberculose",1
AG,1953,"Santé, travail, droit des assurances sociales, logement, homes.Santé.Substances thérapeutiques, stupéfiants",1
AG,1954,"Aménagement du territoire et constructions, expropriation, travaux publics, énergie, transports, environnement.Travaux publics.Aménagement des eaux.Utilisation des eaux",1
AG,1957,Economie.Agriculture.Crédit agricole,1
AG,1958,"Santé, travail, droit des assurances sociales, logement, homes.Santé.Pharmacies et drogueries",1
AG,1959,"Santé, travail, droit des assurances sociales, logement, homes.Logement.Mesures d'encouragement à la construction de logements",1
AG,1960,"Aménagement du territoire et constructions, expropriation, travaux publics, énergie, transports, environnement",1
AG,1961,"Santé, travail, droit des assurances sociales, logement, homes.Santé.Professions médicales.Dentistes",1
AG,1961,Economie.Agriculture.Améliorations foncières,1
AG,1961,Economie.Agriculture.Epizooties,1
AG,1963,Economie.Agriculture.Epizooties,1
AG,1964,Etat.Autorités.Gouvernement et administration.Procédure administrative,1
AG,1964,"Santé, travail, droit des assurances sociales, logement, homes.Droit des assurances sociales.Allocations familiales.Salariés et indépendants",1
AG,1966,Etat,1
AG,1966,"Enseignement, sciences, documentation et culture.Corps enseignant.Traitement, indemnités",1
AG,1966,"Finances, Impôts, monopoles, entreprises d'état.Finances.Contributions étatiques, subventions",1
AG,1966,"Aménagement du territoire et constructions, expropriation, travaux publics, énergie, transports, environnement",1
AG,1966,"Santé, travail, droit des assurances sociales, logement, homes",1
AG,1967,"Finances, Impôts, monopoles, entreprises d'état.Impôts.Impôts sur le revenu et la fortune / impôts sur les bénéfices et les capitaux.Imputation forfaitaire d'impôt",1
AG,1968,Etat.Autorités.Organisation judiciaire.Autorités judiciaires.Commissions de recours,1
AG,1968,"Santé, travail, droit des assurances sociales, logement, homes",1
AG,1969,"Enseignement, sciences, documentation et culture.Contributions à la formation.Bourses d'études",1
AG,1969,"Enseignement, sciences, documentation et culture.Art, culture, sport.Encouragement à la culture",1
AG,1969,"Aménagement du territoire et constructions, expropriation, travaux publics, énergie, transports, environnement.Protection de la nature et du paysage.Protection des animaux",1
AG,1969,"Santé, travail, droit des assurances sociales, logement, homes",1
AG,1969,"Santé, travail, droit des assurances sociales, logement, homes.Logement.Mesures d'encouragement à la construction de logements",1
AG,1969,Economie.Agriculture.Epizooties,1
AG,1970,Etat,1
AG,1971,"Santé, travail, droit des assurances sociales, logement, homes",1
AG,1971,"Santé, travail, droit des assurances sociales, logement, homes.Droit des assurances sociales.Prestations complémentaires",1
AG,1972,Etat,1
AG,1972,Droit pénal.Amendes d'ordre,1
AG,1972,"Enseignement, sciences, documentation et culture.Degré prescolaire, école primaire, degré secondaire I.Ecole primaire, degré secondaire I",1
AG,1972,"Santé, travail, droit des assurances sociales, logement, homes",1
AG,1972,Economie.Agriculture.Production animale.Commerce du bétail,1
AG,1973,Etat,1
AG,1973,"Santé, travail, droit des assurances sociales, logement, homes.Santé.Substances thérapeutiques, stupéfiants",1
AG,1975,"Enseignement, sciences, documentation et culture",1
AG,1975,"Aménagement du territoire et constructions, expropriation, travaux publics, énergie, transports, environnement",1
AG,1976,"Défense nationale, protection de la population, police.Sécurité intérieure.Police.Personnel",1
AG,1976,"Aménagement du territoire et constructions, expropriation, travaux publics, énergie, transports, environnement",1
AG,1977,"Aménagement du territoire et constructions, expropriation, travaux publics, énergie, transports, environnement",1
AG,1978,"Enseignement, sciences, documentation et culture.Contributions à la formation.Ecolages",1
AG,1978,"Aménagement du territoire et constructions, expropriation, travaux publics, énergie, transports, environnement.Protection de l'environnement.Protection des eaux",1
AG,1978,"Santé, travail, droit des assurances sociales, logement, homes.Santé.Professions médicales.Sages-femmes",1
AG,1979,"Santé, travail, droit des assurances sociales, logement, homes.Santé.Pharmacies et drogueries",1
AG,1980,Droit pénal.Droit pénal militaire,1
AG,1980,"Santé, travail, droit des assurances sociales, logement, homes.Santé.Lutte contre les maladies.Epidémies, pandémies",1
AG,1981,Etat,1
AG,1981,"Etat.Communes.Bourgeoisies, allmends",1
AG,1981,"Droit civil.Dispositions d'introduction du code civil.Droits réels.Registre foncier, mensurations cadastrales",1
AG,1981,"Finances, Impôts, monopoles, entreprises d'état.Finances.Contributions étatiques, subventions",1
AG,1981,"Finances, Impôts, monopoles, entreprises d'état.Monopoles, régales, entreprises d'état.Chasse.Chasseurs",1
AG,1981,"Aménagement du territoire et constructions, expropriation, travaux publics, énergie, transports, environnement",1
AG,1981,Economie.Commerce.Surveillance des prix,1
AG,1982,Etat.Autorités.Gouvernement et administration.Organisation.Délégation,1
AG,1982,Etat.Professions juridiques.Notaires.Formation,1
AG,1982,"Aménagement du territoire et constructions, expropriation, travaux publics, énergie, transports, environnement.Protection de la nature et du paysage.Protection des animaux",1
AG,1983,"Etat.Autorités.Gouvernement et administration.Droit du personnel.Pensions, prestations d'assurance",1
AG,1983,"Défense nationale, protection de la population, police",1
AG,1983,"Aménagement du territoire et constructions, expropriation, travaux publics, énergie, transports, environnement.Protection de la nature et du paysage.Protection du paysage",1
AG,1983,"Santé, travail, droit des assurances sociales, logement, homes.Droit des assurances sociales.LPP",1
AG,1983,"Santé, travail, droit des assurances sociales, logement, homes.Assistance.Aide sociale",1
AG,1984,Etat,1
AG,1984,Etat.Autorités.Gouvernement et administration.Administration.Directions et offices,1
AG,1984,Etat.Autorités.Gouvernement et administration.Procédure administrative,2
AG,1984,Etat.Communes.Finances communales,1
AG,1984,"Enseignement, sciences, documentation et culture.Degré secondaire II.Ecoles moyennes supérieures, écoles des culture générale, écoles de degré diplôme",1
AG,1984,"Aménagement du territoire et constructions, expropriation, travaux publics, énergie, transports, environnement",1
AG,1984,"Aménagement du territoire et constructions, expropriation, travaux publics, énergie, transports, environnement.Transports.Circulation routière.Impôts et taxes de la circulation",1
AG,1984,"Santé, travail, droit des assurances sociales, logement, homes.Droit des assurances sociales.LAA",1
AG,1985,Etat,1
AG,1985,Droit civil.Dispositions d'introduction du code civil.Droits réels.Estimation officielle des immeubles,1
AG,1985,"Enseignement, sciences, documentation et culture",1
AG,1985,"Enseignement, sciences, documentation et culture.Degré prescolaire, école primaire, degré secondaire I.Ecole primaire, degré secondaire I",1
AG,1985,"Enseignement, sciences, documentation et culture.Degré secondaire II: Formation professionnelle initiale.Solutions transitoires",1
AG,1985,"Enseignement, sciences, documentation et culture.Degré tertiaire: Ecoles supérieures",1
AG,1985,"Enseignement, sciences, documentation et culture.Pédagogie spécialisée.Ecoles spécialisées",1
AG,1985,"Enseignement, sciences, documentation et culture.Contributions à la formation.Ecolages",1
AG,1985,"Santé, travail, droit des assurances sociales, logement, homes",1
AG,1986,Etat.Communes.Contributions financières des communes,1
AG,1986,Droit civil.Dispositions générales d'introduction du code des obligations.Des divers contrats.Bail à loyer et à ferme.Bail à ferme agricole,1
AG,1986,"Enseignement, sciences, documentation et culture",1
AG,1986,"Défense nationale, protection de la population, police.Protection de la population.Protection contre les incendies / éléments naturels.Protection contre les incendies",1
AG,1987,Etat,1
AG,1987,Droit civil.Dispositions d'introduction du code civil.Droits réels.Acquisitions des terrains par des personnes domiciliées à l'étranger,1
AG,1987,"Enseignement, sciences, documentation et culture",1
AG,1988,"Etat.Dispositions générales.Droits fondamentaux, droits politiques.droits politiques.Elections et votations",1
AG,1988,Etat.Autorités.Parlement.Election du parlement,1
AG,1988,"Enseignement, sciences, documentation et culture.Degré secondaire II: Formation professionnelle initiale.Orientation professionnelle",1
AG,1989,"Aménagement du territoire et constructions, expropriation, travaux publics, énergie, transports, environnement.Travaux publics.Routes.Chemins pédestres et de randonnée",1
AG,1990,Etat.Dispositions générales.Etablissement et séjour.Etablissement et séjour des étrangers.asile,1
AG,1990,"Aménagement du territoire et constructions, expropriation, travaux publics, énergie, transports, environnement.Protection de la nature et du paysage.Protection des animaux",1
AG,1990,"Santé, travail, droit des assurances sociales, logement, homes",1
AG,1990,"Santé, travail, droit des assurances sociales, logement, homes.Santé.Hygiène.Inhumations, cimetières",1
AG,1991,Etat.Autorités.Gouvernement et administration.Emoluments administratifs,2
AG,1991,"Enseignement, sciences, documentation et culture.Formation continue (Degré quaternaire).Formation des adultes",1
AG,1991,"Enseignement, sciences, documentation et culture.Corps enseignant.Traitement, indemnités",1
AG,1991,"Défense nationale, protection de la population, police.Protection de la population.Protection contre les incendies / éléments naturels.Protection contre le feu, pompiers",1
AG,1991,"Défense nationale, protection de la population, police.Protection de la population.Protection contre les incendies / éléments naturels.Ramoneurs",1
AG,1991,"Finances, Impôts, monopoles, entreprises d'état",1
AG,1991,"Aménagement du territoire et constructions, expropriation, travaux publics, énergie, transports, environnement.Protection de l'environnement.Protection des eaux",1
AG,1992,Etat,1
AG,1992,"Droit civil.Dispositions d'introduction du code civil.Droits réels.Registre foncier, mensurations cadastrales",1
AG,1992,"Aménagement du territoire et constructions, expropriation, travaux publics, énergie, transports, environnement",1
AG,1992,Economie.Agriculture.Droit foncier rural,1
AG,1993,Etat.Dispositions générales.Droit de cité,1
AG,1993,Droit pénal.Procédure pénale.Aide aux victimes d'infractions,1
AG,1993,"Enseignement, sciences, documentation et culture.Degré secondaire II.Ecoles moyennes supérieures, écoles des culture générale, écoles de degré diplôme",1
AG,1993,"Enseignement, sciences, documentation et culture.Assurance de la qualité, surveillance, direction.Autorités scolaires",1
AG,1993,"Enseignement, sciences, documentation et culture.Documentation.Bibliothèques",1
AG,1993,Economie.Agriculture.Droit foncier rural,1
AG,1993,Economie.Arts et métiers.Services.Jeux de hasard et loteries.Sport-Toto,1
AG,1994,Droit civil.Dispositions d'introduction du code civil.Droit de la famille.Tutelle,1
AG,1994,"Enseignement, sciences, documentation et culture",1
AG,1994,"Finances, Impôts, monopoles, entreprises d'état.Impôts.Impôts sur le revenu et la fortune / impôts sur les bénéfices et les capitaux.Impôt fédéral",1
AG,1994,"Aménagement du territoire et constructions, expropriation, travaux publics, énergie, transports, environnement",1
AG,1994,"Aménagement du territoire et constructions, expropriation, travaux publics, énergie, transports, environnement.Aménagement du territoire et constructions.Remembrements",1
AG,1994,"Aménagement du territoire et constructions, expropriation, travaux publics, énergie, transports, environnement.Aménagement du territoire et constructions.Procédure",1
AG,1994,"Santé, travail, droit des assurances sociales, logement, homes",1
AG,1995,Etat.Dispositions générales.Publications officielles.Recueils de législation,1
AG,1995,Etat.Autorités.Parlement.Election du parlement,1
AG,1995,Etat.Autorités.Gouvernement et administration.Emoluments administratifs,2
AG,1995,"Enseignement, sciences, documentation et culture.Degré secondaire II.Ecole moyenne",1
AG,1995,"Santé, travail, droit des assurances sociales, logement, homes",1
AG,1996,"Etat.Dispositions générales.Droits fondamentaux, droits politiques.égalité entre hommes et femmes",1
AG,1996,"Défense nationale, protection de la population, police.Protection de la population.Protection contre les incendies / éléments naturels.Protection contre le feu, pompiers",1
AG,1996,"Défense nationale, protection de la population, police.Sécurité intérieure.Police.Taxes",1
AG,1996,"Finances, Impôts, monopoles, entreprises d'état",2
AG,1996,"Finances, Impôts, monopoles, entreprises d'état.Finances.Contributions étatiques, subventions",1
AG,1996,"Santé, travail, droit des assurances sociales, logement, homes",1
AG,1997,Etat.Dispositions générales.Etablissement et séjour.Etablissement et séjour des étrangers.mesures de contrainte,1
AG,1997,"Enseignement, sciences, documentation et culture",1
AG,1997,"Enseignement, sciences, documentation et culture.Formation continue (Degré quaternaire).Formation des adultes",1
AG,1997,"Enseignement, sciences, documentation et culture.Assurance de la qualité, surveillance, direction.Assurance scolaire",1
AG,1997,"Finances, Impôts, monopoles, entreprises d'état",2
AG,1997,"Aménagement du territoire et constructions, expropriation, travaux publics, énergie, transports, environnement.Energie.Forces hydrauliques",1
AG,1997,"Aménagement du territoire et constructions, expropriation, travaux publics, énergie, transports, environnement.Transports.Circulation routière.Transport des personnes",1
AG,1997,"Santé, travail, droit des assurances sociales, logement, homes.Santé.Hygiène.Denrées alimentaires, objets d'usage courant.Viandes.Abattoirs",1
AG,1997,Economie.Agriculture.Mesures d'encouragement,1
AG,1998,Etat.Dispositions générales.Information du public,1
AG,1998,Etat.Professions juridiques.Notaires.Légalisation,1
AG,1998,"Enseignement, sciences, documentation et culture.Corps enseignant.Traitement, indemnités",1
AG,1998,"Défense nationale, protection de la population, police.Sécurité intérieure.Armes et munitions",1
AG,1998,"Aménagement du territoire et constructions, expropriation, travaux publics, énergie, transports, environnement",2
AG,1998,"Aménagement du territoire et constructions, expropriation, travaux publics, énergie, transports, environnement.Transports.Circulation routière.Impôts et taxes de la circulation",1
AG,1998,"Santé, travail, droit des assurances sociales, logement, homes",1
AG,1999,"Etat.Autorités.Gouvernement et administration.Droit du personnel.Durée du travail, vacances, congés",1
AG,1999,"Aménagement du territoire et constructions, expropriation, travaux publics, énergie, transports, environnement",1
AG,1999,Economie.Agriculture.Mesures d'encouragement,1
AG,1999,Economie.Arts et métiers.Services.Jeux de hasard et loteries.Fonds de loterie,1
AG,2000,"Etat.Autorités.Gouvernement et administration.Droit du personnel.Traitements, indemnités",3
AG,2000,Droit civil.Dispositions d'introduction du code civil.Droit des successions,1
AG,2000,"Droit civil.Dispositions d'introduction du code civil.Droits réels.Registre foncier, mensurations cadastrales",1
AG,2000,"Enseignement, sciences, documentation et culture.Degré secondaire II: Formation professionnelle initiale.Ecoles préparant à la maturité professionnelle",1
AG,2000,"Enseignement, sciences, documentation et culture.Degré secondaire II: Formation professionnelle initiale.Solutions transitoires",1
AG,2000,"Enseignement, sciences, documentation et culture.Degré tertiaire: Ecoles supérieures",1
AG,2000,"Enseignement, sciences, documentation et culture.Pédagogie spécialisée.Classes spéciales",1
AG,2000,"Enseignement, sciences, documentation et culture.Corps enseignant.Traitement, indemnités",2
AG,2000,"Défense nationale, protection de la population, police.Sécurité intérieure.Police.Personnel",1
AG,2000,"Finances, Impôts, monopoles, entreprises d'état",2
AG,2000,"Finances, Impôts, monopoles, entreprises d'état.Impôts.Impôts sur le revenu et la fortune / impôts sur les bénéfices et les capitaux.Impôt à la source",1
AG,2000,"Aménagement du territoire et constructions, expropriation, travaux publics, énergie, transports, environnement",2
AG,2000,"Aménagement du territoire et constructions, expropriation, travaux publics, énergie, transports, environnement.Protection de la nature et du paysage.Protection du paysage",1
AG,2000,Economie.Agriculture.Culture des plantes.Vignoble,1
AG,2000,Economie.Arts et métiers.Services.Jeux de hasard et loteries.Maisons de jeu,1
AG,2001,Etat.Autorités.Parlement.Indemnisation des parlementaires,1
AG,2001,"Etat.Autorités.Gouvernement et administration.Droit du personnel.Traitements, indemnités",1
AG,2001,"Enseignement, sciences, documentation et culture.Degré prescolaire, école primaire, degré secondaire I.Ecole primaire, degré secondaire I",1
AG,2001,"Enseignement, sciences, documentation et culture.Degré secondaire II.Ecoles moyennes supérieures, écoles des culture générale, écoles de degré diplôme",1
AG,2001,"Enseignement, sciences, documentation et culture.Degré secondaire II: Formation professionnelle initiale.Ecoles préparant à la maturité professionnelle",1
AG,2001,"Finances, Impôts, monopoles, entreprises d'état.Impôts.Impôt anticipé",1
AG,2001,"Aménagement du territoire et constructions, expropriation, travaux publics, énergie, transports, environnement.Travaux publics.Bâtiments et terrains publics",1
AG,2001,"Santé, travail, droit des assurances sociales, logement, homes.Santé.Etablissements hospitaliers, cliniques.Hôpitaux cantonaux",1
AG,2001,"Santé, travail, droit des assurances sociales, logement, homes.Santé.Hygiène.Piscines",1
AG,2001,Economie.Agriculture.Mesures d'encouragement,1
AG,2002,Etat.Dispositions générales.Documents d'identité,1
AG,2002,"Etat.Autorités.Gouvernement et administration.Droit du personnel.Traitements, indemnités",1
AG,2002,Etat.Autorités.Gouvernement et administration.Emoluments administratifs,1
AG,2002,"Etat.Autorités.Organisation judiciaire.Autorités judiciaires.Prud'hommes, Tribunaux des baux à loyer",1
AG,2002,"Enseignement, sciences, documentation et culture",1
AG,2002,"Enseignement, sciences, documentation et culture.Degré secondaire II.Ecoles supérieures de commerce, ecoles supérieures d'informatique",1
AG,2002,"Enseignement, sciences, documentation et culture.Degré tertiaire: Hautes écoles.Pédagogie",1
AG,2002,"Enseignement, sciences, documentation et culture.Degré tertiaire: Hautes écoles.Economie",2
AG,2002,"Enseignement, sciences, documentation et culture.Degré tertiaire: Hautes écoles.Autres filières d'études",3
AG,2002,"Enseignement, sciences, documentation et culture.Corps enseignant.Engagement",1
AG,2002,"Enseignement, sciences, documentation et culture.Sport scolaire",1
AG,2002,"Santé, travail, droit des assurances sociales, logement, homes.Droit du travail.Marché du travail.Libre circulation",1
AG,2002,"Santé, travail, droit des assurances sociales, logement, homes.Droit des assurances sociales.LAMAL.Limitation de l'admission des fournisseurs de prestations",1
AG,2002,"Santé, travail, droit des assurances sociales, logement, homes.Assistance.Aide sociale",1
AG,2002,Economie.Commerce.Commerce itinérant,1
AG,2003,"Droit civil.Dispositions d'introduction du code civil.Droit de la famille.Accueil familial, adoption",1
AG,2003,Droit civil.Dispositions générales d'introduction du code des obligations.Des divers contrats.Courtage matrimonial ou en partenariat,1
AG,2003,"Enseignement, sciences, documentation et culture",1
AG,2003,"Enseignement, sciences, documentation et culture.Degré prescolaire, école primaire, degré secondaire I.Ecole enfantine",1
AG,2003,"Enseignement, sciences, documentation et culture.Degré secondaire II: Formation professionnelle initiale.Ecoles professionnelles.Enseignement ménager",1
AG,2003,"Enseignement, sciences, documentation et culture.Corps enseignant.Formation",2
AG,2003,"Défense nationale, protection de la population, police.Sécurité intérieure.Explosifs",1
AG,2003,"Aménagement du territoire et constructions, expropriation, travaux publics, énergie, transports, environnement",2
AG,2003,"Santé, travail, droit des assurances sociales, logement, homes",1
AG,2003,"Santé, travail, droit des assurances sociales, logement, homes.Droit du travail.Marché du travail.Envoi de travailleurs à l'étranger",1
AG,2003,Economie.Arts et métiers.Services.Crédit à la consommation,1
AG,2004,"Etat.Autorités.Gouvernement et administration.Droit du personnel.Formation, formation continue, perfectionnement",1
AG,2004,Droit pénal.Procédure pénale.Investigation secrète,1
AG,2004,"Enseignement, sciences, documentation et culture",1
AG,2004,"Enseignement, sciences, documentation et culture.Degré prescolaire, école primaire, degré secondaire I.Ecole primaire, degré secondaire I",1
AG,2004,"Enseignement, sciences, documentation et culture.Degré tertiaire: Hautes écoles.Economie",1
AG,2004,"Enseignement, sciences, documentation et culture.Corps enseignant.Formation",1
AG,2004,"Défense nationale, protection de la population, police.Défense.Taxe d'exemption",1
AG,2004,"Aménagement du territoire et constructions, expropriation, travaux publics, énergie, transports, environnement",1
AG,2004,"Santé, travail, droit des assurances sociales, logement, homes",2
AG,2004,"Santé, travail, droit des assurances sociales, logement, homes.Santé.Etique",1
AG,2004,"Santé, travail, droit des assurances sociales, logement, homes.Droit des assurances sociales.Assurance-chômage",2
AG,2004,"Santé, travail, droit des assurances sociales, logement, homes.Assistance.Homes.Foyers pour enfants et adolescents",1
AG,2005,Etat.Dispositions générales.Droit de cité,1
AG,2005,Droit civil.Dispositions d'introduction du code civil.Droit de la famille.Tutelle,1
AG,2005,"Enseignement, sciences, documentation et culture",1
AG,2005,"Enseignement, sciences, documentation et culture.Degré prescolaire, école primaire, degré secondaire I.Ecole enfantine",1
AG,2005,"Enseignement, sciences, documentation et culture.Degré prescolaire, école primaire, degré secondaire I.Ecole primaire, degré secondaire I",1
AG,2005,"Enseignement, sciences, documentation et culture.Degré secondaire II.Ecole moyenne",1
AG,2005,"Enseignement, sciences, documentation et culture.Corps enseignant.Formation",1
AG,2005,"Enseignement, sciences, documentation et culture.Contributions à la formation.Emoluments scolaires",1
AG,2005,"Enseignement, sciences, documentation et culture.Assurance de la qualité, surveillance, direction.Assurance qualité",1
AG,2005,"Défense nationale, protection de la population, police.Protection de la population.Protection contre les incendies / éléments naturels.Protection contre les incendies",1
AG,2005,"Finances, Impôts, monopoles, entreprises d'état",3
AG,2005,"Finances, Impôts, monopoles, entreprises d'état.Finances.Budget, comptes",1
AG,2005,"Aménagement du territoire et constructions, expropriation, travaux publics, énergie, transports, environnement.Travaux publics.Bâtiments et terrains publics",1
AG,2005,"Aménagement du territoire et constructions, expropriation, travaux publics, énergie, transports, environnement.Transports.Conduites",1
AG,2005,"Aménagement du territoire et constructions, expropriation, travaux publics, énergie, transports, environnement.Protection de l'environnement.Produits toxiques et chimiques",1
AG,2005,"Santé, travail, droit des assurances sociales, logement, homes",4
AG,2006,"Enseignement, sciences, documentation et culture",1
AG,2006,"Enseignement, sciences, documentation et culture.Degré prescolaire, école primaire, degré secondaire I.Ecole primaire, degré secondaire I",1
AG,2006,"Enseignement, sciences, documentation et culture.Formation continue (Degré quaternaire).Formation continue des enseignants",1
AG,2006,"Enseignement, sciences, documentation et culture.Pédagogie spécialisée.Ecoles spécialisées",1
AG,2006,"Défense nationale, protection de la population, police",3
AG,2006,"Défense nationale, protection de la population, police.Sécurité intérieure.Police.Police cantonale",1
AG,2006,"Aménagement du territoire et constructions, expropriation, travaux publics, énergie, transports, environnement.Protection de l'environnement.Hygiène de l'air.Poussières fines/smog",1
AG,2006,"Santé, travail, droit des assurances sociales, logement, homes.Droit des assurances sociales.LAMAL.Réduction des primes",1
AG,2007,Etat,2
AG,2007,Etat.Dispositions générales.Droit de cité,1
AG,2007,Droit pénal.Amendes d'ordre,1
AG,2007,"Enseignement, sciences, documentation et culture",3
AG,2007,"Enseignement, sciences, documentation et culture.Degré secondaire II.Ecole moyenne",1
AG,2007,"Enseignement, sciences, documentation et culture.Degré secondaire II.Ecoles supérieures de commerce, ecoles supérieures d'informatique",2
AG,2007,"Enseignement, sciences, documentation et culture.Degré secondaire II: Formation professionnelle initiale.Ecoles préparant à la maturité professionnelle",1
AG,2007,"Enseignement, sciences, documentation et culture.Degré secondaire II: Formation professionnelle initiale.Solutions transitoires",1
AG,2007,"Enseignement, sciences, documentation et culture.Degré tertiaire: Ecoles supérieures",2
AG,2007,"Enseignement, sciences, documentation et culture.Contributions à la formation.Bourses d'études",1
AG,2007,"Défense nationale, protection de la population, police.Protection de la population.Protection contre les incendies / éléments naturels.Protection contre le feu, pompiers",1
AG,2007,"Défense nationale, protection de la population, police.Protection de la population.Protection contre les incendies / éléments naturels.Assurances des bâtiments.Assurance contre les dommages causés par les éléments naturels",1
AG,2007,"Défense nationale, protection de la population, police.Sécurité intérieure.Police.Police cantonale",1
AG,2007,"Santé, travail, droit des assurances sociales, logement, homes",1
AG,2007,"Santé, travail, droit des assurances sociales, logement, homes.Santé.Etique",1
AG,2007,"Santé, travail, droit des assurances sociales, logement, homes.Droit du travail.Marché du travail.Travail au noir",1
AG,2007,"Santé, travail, droit des assurances sociales, logement, homes.Assistance.Homes.Etablissements pour personnes âgées",1
AG,2007,Economie.Agriculture.Epizooties,1
AG,2008,Etat.Dispositions générales.Etablissement et séjour.Etablissement et séjour des étrangers.intégration,1
AG,2008,"Droit civil.Dispositions d'introduction du code civil.Droits réels.Registre foncier, mensurations cadastrales",1
AG,2008,Droit pénal.Procédure pénale.Aide aux victimes d'infractions,1
AG,2008,"Enseignement, sciences, documentation et culture.Degré secondaire II.Ecoles supérieures de commerce, ecoles supérieures d'informatique",1
AG,2008,"Défense nationale, protection de la population, police.Sécurité intérieure.Police.Police cantonale",1
AG,2008,"Aménagement du territoire et constructions, expropriation, travaux publics, énergie, transports, environnement",2
AG,2008,"Aménagement du territoire et constructions, expropriation, travaux publics, énergie, transports, environnement.Travaux publics.Aménagement des eaux.Utilisation des eaux",1
AG,2008,"Aménagement du territoire et constructions, expropriation, travaux publics, énergie, transports, environnement.Protection de l'environnement.Protection des eaux",1
AG,2008,"Santé, travail, droit des assurances sociales, logement, homes",2
AG,2008,Economie.Agriculture.Culture des plantes.Vignoble,1
AG,2008,Economie.Agriculture.Epizooties,1
AG,2009,Etat.Dispositions générales.Etablissement et séjour.Etablissement et séjour Suisses.contrôle des habitants,1
AG,2009,Droit civil.Dispositions d'introduction du code civil.Droit de la famille.Tutelle,1
AG,2009,"Droit civil.Dispositions d'introduction du code civil.Droits réels.Registre foncier, mensurations cadastrales",1
AG,2009,Droit civil.Dispositions générales d'introduction du code des obligations.Droit commercial.Registre du commerce,1
AG,2009,"Enseignement, sciences, documentation et culture.Degré prescolaire, école primaire, degré secondaire I.Ecole primaire, degré secondaire I",1
AG,2009,"Enseignement, sciences, documentation et culture.Art, culture, sport.Encouragement à la culture",1
AG,2009,"Aménagement du territoire et constructions, expropriation, travaux publics, énergie, transports, environnement.Protection de la nature et du paysage.Protection des animaux",1
AG,2009,"Santé, travail, droit des assurances sociales, logement, homes.Santé.Etablissements hospitaliers, cliniques.Droits des patients",1
AG,2009,"Santé, travail, droit des assurances sociales, logement, homes.Santé.Professions médicales.Médecins",1
AG,2009,"Santé, travail, droit des assurances sociales, logement, homes.Santé.Substances thérapeutiques, stupéfiants",1
AG,2009,"Santé, travail, droit des assurances sociales, logement, homes.Santé.Prévention des dépendances.Interdictions de fumer",1
AG,2009,"Santé, travail, droit des assurances sociales, logement, homes.Santé.Hygiène.Inhumations, cimetières",1
AG,2009,"Santé, travail, droit des assurances sociales, logement, homes.Droit des assurances sociales.Allocations familiales.Travailleurs agricoles",1
AG,2009,Economie.Promotion de l'économie,1
AG,2010,"Etat.Autorités.Gouvernement et administration.Droit du personnel.Pensions, prestations d'assurance",1
AG,2010,Etat.Autorités.Responsabilité de l'état,1
AG,2010,Etat.Autorités.Protection des données,2
AG,2010,"Droit civil.Procédure civile.Emoluments, frais",1
AG,2010,"Enseignement, sciences, documentation et culture.Degré secondaire II.Ecole moyenne",1
AG,2010,"Enseignement, sciences, documentation et culture.Degré secondaire II: Formation professionnelle initiale.Solutions transitoires",1
AG,2010,"Santé, travail, droit des assurances sociales, logement, homes",1
AG,2010,"Santé, travail, droit des assurances sociales, logement, homes.Droit des assurances sociales.Prestations complémentaires",1
AG,2011,"Etat.Autorités.Gouvernement et administration.Droit du personnel.Traitements, indemnités",1
AG,2011,"Droit civil.Dispositions d'introduction du code civil.Droit des personnes, état civil.Fondations, surveillance.Fondations LPP",1
AG,2011,"Droit civil.Dispositions d'introduction du code civil.Droits réels.Registre foncier, mensurations cadastrales",1
AG,2011,Droit pénal.Procédure pénale.Aide aux victimes d'infractions,1
AG,2011,"Santé, travail, droit des assurances sociales, logement, homes.Santé.Etablissements hospitaliers, cliniques.Hôpitaux cantonaux",2
AG,2012,Etat.Autorités.Gouvernement et administration.Procédure administrative,1
AG,2012,Etat.Autorités.Gouvernement et administration.New Public Management,1
AG,2012,Etat.Communes.Finances communales,1
AG,2012,Etat.Professions juridiques.Notaires.Légalisation,1
AG,2012,Droit civil.Dispositions d'introduction du code civil.Droit de la famille.Tutelle,1
AG,2012,"Enseignement, sciences, documentation et culture.Degré prescolaire, école primaire, degré secondaire I.Ecole enfantine",1
AG,2012,"Enseignement, sciences, documentation et culture.Degré prescolaire, école primaire, degré secondaire I.Ecole primaire, degré secondaire I",1
AG,2012,"Défense nationale, protection de la population, police.Sécurité intérieure.Police.Personnel",1
AG,2012,"Défense nationale, protection de la population, police.Sécurité intérieure.Maintien de la tranquillité et de l'ordre public.Chiens, animaux dangereux",1
AG,2012,"Aménagement du territoire et constructions, expropriation, travaux publics, énergie, transports, environnement",2
AG,2012,"Aménagement du territoire et constructions, expropriation, travaux publics, énergie, transports, environnement.Energie.Approvisionnement en énergie",1
AG,2012,"Aménagement du territoire et constructions, expropriation, travaux publics, énergie, transports, environnement.Protection de l'environnement.Protection des eaux",1
AG,2012,"Santé, travail, droit des assurances sociales, logement, homes",2
AG,2012,"Santé, travail, droit des assurances sociales, logement, homes.Santé.Soins à domicile",1
AG,2012,"Santé, travail, droit des assurances sociales, logement, homes.Droit du travail.Travail à domicile",1
AG,2012,Economie.Agriculture.Mesures d'encouragement,1
AG,2012,Economie.Agriculture.Crédit agricole,1
AG,2013,Etat,1
AG,2013,Etat.Dispositions générales.Droit de cité,1
AG,2013,"Droit civil.Dispositions d'introduction du code civil.Droit des personnes, état civil.Fondations, surveillance.Fondations LPP",1
AG,2013,"Enseignement, sciences, documentation et culture.Art, culture, sport.Sport",1
AG,2013,"Finances, Impôts, monopoles, entreprises d'état",1
AG,2013,"Santé, travail, droit des assurances sociales, logement, homes.Droit des assurances sociales.LAMAL.Listes des hôpitaux",1
AG,2013,"Santé, travail, droit des assurances sociales, logement, homes.Droit des assurances sociales.LAMAL.Limitation de l'admission des fournisseurs de prestations",1
AG,2013,Economie.Commerce.Poids et mesures. moyens de paiement,1
AG,2015,Etat.Dispositions générales.Droit de cité,1
AG,2015,"Enseignement, sciences, documentation et culture.Degré secondaire II.Ecole moyenne",1
AG,2015,"Aménagement du territoire et constructions, expropriation, travaux publics, énergie, transports, environnement",1
AG,2015,"Santé, travail, droit des assurances sociales, logement, homes.Santé.Lutte contre les maladies.Epidémies, pandémies",1
AG,2015,Economie.Arts et métiers.Services.Jeux de hasard et loteries.Fonds de loterie,1
AG,2016,Etat.Dispositions générales.Etablissement et séjour.Etablissement et séjour des étrangers.mesures de contrainte,1
AG,2016,"Etat.Autorités.Organisation judiciaire.Autorités judiciaires.Tribunaux administratifs, des assurances et des assurances sociales",1
AG,2016,Droit pénal.Procédure pénale.Médecine légale,1
AG,2016,"Aménagement du territoire et constructions, expropriation, travaux publics, énergie, transports, environnement.Protection de la nature et du paysage.Protection du paysage",1
AG,2016,"Santé, travail, droit des assurances sociales, logement, homes",1
AG,2017,Etat,1
AG,2017,Etat.Autorités.Protection des données,1
AG,2017,Etat.Communes.Finances communales,1
AG,2017,"Aménagement du territoire et constructions, expropriation, travaux publics, énergie, transports, environnement",1
AG,2017,"Santé, travail, droit des assurances sociales, logement, homes",2
AG,2018,"Finances, Impôts, monopoles, entreprises d'état.Impôts.Impôts sur le revenu et la fortune / impôts sur les bénéfices et les capitaux.Impôt cantonal",1
AG,2018,"Santé, travail, droit des assurances sociales, logement, homes.Droit des assurances sociales.LAMAL.Limitation de l'admission des fournisseurs de prestations",1
AG,2019,Etat.Autorités.Protection des données,1
AG,2019,"Enseignement, sciences, documentation et culture.Degré prescolaire, école primaire, degré secondaire I.Ecole enfantine",1
AG,2019,"Finances, Impôts, monopoles, entreprises d'état.Impôts.Impôts sur le revenu et la fortune / impôts sur les bénéfices et les capitaux.Impôt cantonal",1
AG,2019,"Santé, travail, droit des assurances sociales, logement, homes",1
AG,2019,Economie.Agriculture.Mesures d'encouragement,1
AG,2020,Etat.Dispositions générales.Etablissement et séjour.Etablissement et séjour Suisses.contrôle des habitants,1
AG,2020,Etat.Dispositions générales.Publications officielles.feuilles officielles,1
AG,2020,"Enseignement, sciences, documentation et culture.Formation continue (Degré quaternaire).Formation des adultes",1
AG,2020,"Finances, Impôts, monopoles, entreprises d'état.Impôts.Impôts sur le revenu et la fortune / impôts sur les bénéfices et les capitaux.Impôt à la source",1
AG,2020,"Aménagement du territoire et constructions, expropriation, travaux publics, énergie, transports, environnement",1
AG,2020,"Santé, travail, droit des assurances sociales, logement, homes",2
AG,2020,"Santé, travail, droit des assurances sociales, logement, homes.Santé.Lutte contre les maladies.Epidémies, pandémies",3
AG,2021,Droit pénal.Amendes d'ordre,1
AG,2021,"Enseignement, sciences, documentation et culture",1
AG,2021,"Enseignement, sciences, documentation et culture.Degré prescolaire, école primaire, degré secondaire I.Ecole primaire, degré secondaire I",1
AG,2021,"Défense nationale, protection de la population, police",1
AG,2021,"Défense nationale, protection de la population, police.Protection de la population.Protection contre les incendies / éléments naturels.Protection contre les incendies",2
AG,2021,"Aménagement du territoire et constructions, expropriation, travaux publics, énergie, transports, environnement",1
AG,2021,"Santé, travail, droit des assurances sociales, logement, homes",1
AG,2021,"Santé, travail, droit des assurances sociales, logement, homes.Santé.Lutte contre les maladies.Epidémies, pandémies",2
AG,2022,"Défense nationale, protection de la population, police",1
AG,2022,"Finances, Impôts, monopoles, entreprises d'état.Impôts.Impôts sur le revenu et la fortune / impôts sur les bénéfices et les capitaux.Coefficient d'impôt",1
AG,2022,"Aménagement du territoire et constructions, expropriation, travaux publics, énergie, transports, environnement.Energie.Forces hydrauliques",1
AG,2022,"Santé, travail, droit des assurances sociales, logement, homes.Santé.Lutte contre les maladies.Epidémies, pandémies",1
AG,2022,"Santé, travail, droit des assurances sociales, logement, homes.Assistance.Aide sociale",1
AG,2023,Etat.Dispositions générales.Etablissement et séjour.Etablissement et séjour des étrangers.asile,1
AG,2023,"Finances, Impôts, monopoles, entreprises d'état.Impôts.Impôts sur le revenu et la fortune / impôts sur les bénéfices et les capitaux.Coefficient d'impôt",1
AG,2023,"Aménagement du territoire et constructions, expropriation, travaux publics, énergie, transports, environnement.Travaux publics.Bâtiments et terrains publics",1
AG,2023,"Santé, travail, droit des assurances sociales, logement, homes.Droit des assurances sociales.LAMAL.Limitation de l'admission des fournisseurs de prestations",1
AG,2024,"Etat.Autorités.Gouvernement et administration.Droit du personnel.Traitements, indemnités",1
AG,2024,Droit civil.Dispositions d'introduction du code civil.Droits réels.Estimation officielle des immeubles,1
AG,2024,"Enseignement, sciences, documentation et culture",1
AG,2024,"Enseignement, sciences, documentation et culture.Contributions à la formation.Emoluments scolaires",1
AG,2024,"Enseignement, sciences, documentation et culture.Documentation.Statistique",1
AG,2024,"Défense nationale, protection de la population, police.Défense.Administration militaire",1
AG,2024,"Finances, Impôts, monopoles, entreprises d'état",2
AG,2024,"Santé, travail, droit des assurances sociales, logement, homes.Santé.Professions médicales.Personnel soignant",1
AG,2025,Etat,1
AG,2025,"Enseignement, sciences, documentation et culture",1
AG,2025,"Enseignement, sciences, documentation et culture.Degré prescolaire, école primaire, degré secondaire I.Ecole primaire, degré secondaire I",1
AG,2025,"Enseignement, sciences, documentation et culture.Degré secondaire II.Ecole moyenne",2
AG,2025,"Enseignement, sciences, documentation et culture.Degré secondaire II.Ecoles moyennes supérieures, écoles des culture générale, écoles de degré diplôme",1
AG,2025,"Enseignement, sciences, documentation et culture.Degré secondaire II: Formation professionnelle initiale.Orientation professionnelle",1
AG,2025,"Enseignement, sciences, documentation et culture.Degré secondaire II: Formation professionnelle initiale.Solutions transitoires",1
AG,2025,"Enseignement, sciences, documentation et culture.Formation continue (Degré quaternaire).Formation des adultes",3
AG,2025,"Enseignement, sciences, documentation et culture.Assurance de la qualité, surveillance, direction.Assurance scolaire",1
AG,2025,"Aménagement du territoire et constructions, expropriation, travaux publics, énergie, transports, environnement.Transports.Circulation routière.Impôts et taxes de la circulation",1
AG,2025,"Santé, travail, droit des assurances sociales, logement, homes",1
AG,2026,"Enseignement, sciences, documentation et culture.Art, culture, sport.Sport",1
AI,1925,"Santé, travail, droit des assurances sociales, logement, homes.Droit du travail.Employés.Sécurité",1
AI,1949,"Finances, Impôts, monopoles, entreprises d'état.Impôts.Interdiction des arrangements fiscaux",1
AI,1958,"Aménagement du territoire et constructions, expropriation, travaux publics, énergie, transports, environnement.Protection de la nature et du paysage.Protection des plantes",1
AI,1971,"Etat.Dispositions générales.Droits fondamentaux, droits politiques.droits politiques.Elections et votations",2
AI,1972,Droit pénal,1
AI,1972,"Santé, travail, droit des assurances sociales, logement, homes.Droit des assurances sociales.Caisses de compensation",1
AI,1972,Economie.Forêt.Formation professionnelle,1
AI,1973,"Etat.Autorités.Gouvernement et administration.Droit du personnel.Pensions, prestations d'assurance",1
AI,1973,"Aménagement du territoire et constructions, expropriation, travaux publics, énergie, transports, environnement.Protection de l'environnement.Produits toxiques et chimiques",1
AI,1973,"Santé, travail, droit des assurances sociales, logement, homes.Droit des assurances sociales.Caisses de compensation",1
AI,1975,Droit civil.Dispositions d'introduction du code civil.Droits réels.Estimation officielle des immeubles,1
AI,1977,Droit civil,1
AI,1978,"Finances, Impôts, monopoles, entreprises d'état.Finances.Contributions étatiques, subventions",1
AI,1979,Non classé,1
AI,1982,"Finances, Impôts, monopoles, entreprises d'état.Impôts.Double imposition",1
AI,1983,"Santé, travail, droit des assurances sociales, logement, homes.Droit des assurances sociales.LAA",1
AI,1985,Economie.Arts et métiers.Services.Jeux de hasard et loteries.Sport-Toto,1
AI,1986,Economie.Commerce.Poids et mesures. moyens de paiement,1
AI,1987,Etat.Dispositions générales.Documents d'identité,1
AI,1989,"Enseignement, sciences, documentation et culture.Art, culture, sport.Encouragement à la culture",1
AI,1990,"Défense nationale, protection de la population, police.Sécurité intérieure.Police.Personnel",1
AI,1990,Economie,1
AI,1992,"Enseignement, sciences, documentation et culture.Documentation.Archives",1
AI,1992,"Santé, travail, droit des assurances sociales, logement, homes.Santé.Professions médicales.Vétérinaires",1
AI,1993,Non classé,1
AI,1994,Droit civil.Dispositions d'introduction du code civil.Droits réels.Acquisitions des terrains par des personnes domiciliées à l'étranger,1
AI,1994,"Enseignement, sciences, documentation et culture",1
AI,1994,Non classé,1
AI,1995,Droit pénal,2
AI,1995,Economie,1
AI,1996,Etat.Dispositions générales.Etablissement et séjour.Etablissement et séjour des étrangers.asile,1
AI,1996,Droit pénal,1
AI,1996,"Enseignement, sciences, documentation et culture.Documentation.Bibliothèques",1
AI,1996,"Aménagement du territoire et constructions, expropriation, travaux publics, énergie, transports, environnement.Protection de l'environnement.Protection contre les radiations",1
AI,1996,"Santé, travail, droit des assurances sociales, logement, homes.Droit des assurances sociales.LAMAL.Réduction des primes",1
AI,1997,Etat.Autorités.Gouvernement et administration.Emoluments administratifs,1
AI,1997,"Finances, Impôts, monopoles, entreprises d'état.Monopoles, régales, entreprises d'état.Chasse.Chasseurs",1
AI,1997,"Aménagement du territoire et constructions, expropriation, travaux publics, énergie, transports, environnement.Transports.Circulation routière.Transport des personnes",1
AI,1997,"Aménagement du territoire et constructions, expropriation, travaux publics, énergie, transports, environnement.Protection de l'environnement.Déchets",1
AI,1997,"Aménagement du territoire et constructions, expropriation, travaux publics, énergie, transports, environnement.Protection de l'environnement.Protection des eaux",2
AI,1997,"Santé, travail, droit des assurances sociales, logement, homes.Santé.Hygiène.Denrées alimentaires, objets d'usage courant.Surveillance des aliments",1
AI,1997,"Santé, travail, droit des assurances sociales, logement, homes.Santé.Hygiène.Alimentation en eau",1
AI,1997,Non classé,1
AI,1998,Etat.Autorités.Parlement.Indemnisation des parlementaires,1
AI,1998,"Enseignement, sciences, documentation et culture",1
AI,1998,"Santé, travail, droit des assurances sociales, logement, homes.Droit des assurances sociales.Assurance-chômage",1
AI,1999,"Etat.Autorités.Gouvernement et administration.Droit du personnel.Pensions, prestations d'assurance",1
AI,1999,Droit pénal.Droit pénal militaire,1
AI,1999,"Enseignement, sciences, documentation et culture",1
AI,1999,"Enseignement, sciences, documentation et culture.Art, culture, sport.Encouragement à la culture",2
AI,1999,Economie.Agriculture.Améliorations foncières,1
AI,1999,Economie.Arts et métiers.Services.Tourisme,1
AI,1999,Non classé,2
AI,2000,Droit civil.Dispositions générales d'introduction du code des obligations.Des divers contrats.Contrat de travail.Contrats-type.Agriculture,1
AI,2000,"Enseignement, sciences, documentation et culture.Assurance de la qualité, surveillance, direction.Médecine scolaire, services psychologiques scolaires",1
AI,2000,"Finances, Impôts, monopoles, entreprises d'état",1
AI,2000,"Aménagement du territoire et constructions, expropriation, travaux publics, énergie, transports, environnement.Travaux publics.Bâtiments et terrains publics",1
AI,2000,"Aménagement du territoire et constructions, expropriation, travaux publics, énergie, transports, environnement.Protection de la nature et du paysage.Protection des monuments et des biens culturels",1
AI,2000,"Santé, travail, droit des assurances sociales, logement, homes.Santé.Hygiène.Piscines",1
AI,2000,"Santé, travail, droit des assurances sociales, logement, homes.Assistance.Donations et collectes publiques",1
AI,2000,Non classé,3
AI,2001,Etat.Autorités.Gouvernement et administration.Administration.Départements,1
AI,2001,"Enseignement, sciences, documentation et culture.Art, culture, sport.Sport",1
AI,2001,"Finances, Impôts, monopoles, entreprises d'état.Impôts.Impôts sur le revenu et la fortune / impôts sur les bénéfices et les capitaux.Impôt fédéral",1
AI,2001,"Finances, Impôts, monopoles, entreprises d'état.Impôts.Impôt anticipé",1
AI,2001,"Aménagement du territoire et constructions, expropriation, travaux publics, énergie, transports, environnement.Protection de la nature et du paysage.Protection du paysage",1
AI,2001,Economie,1
AI,2001,Economie.Agriculture.Culture des plantes.Lutte contre les parasites,1
AI,2001,Non classé,1
AI,2002,"Etat.Dispositions générales.Droits fondamentaux, droits politiques.droits politiques.Landsgemeinde",1
AI,2002,"Défense nationale, protection de la population, police.Sécurité intérieure.Armes et munitions",1
AI,2002,"Finances, Impôts, monopoles, entreprises d'état.Finances.Contributions étatiques, subventions",1
AI,2002,"Aménagement du territoire et constructions, expropriation, travaux publics, énergie, transports, environnement.Protection de la nature et du paysage.Protection du paysage",1
AI,2002,"Aménagement du territoire et constructions, expropriation, travaux publics, énergie, transports, environnement.Protection de la nature et du paysage.Protection des animaux",1
AI,2002,"Santé, travail, droit des assurances sociales, logement, homes.Droit des assurances sociales.LAMAL.Limitation de l'admission des fournisseurs de prestations",1
AI,2002,Economie.Agriculture.Lait,1
AI,2003,"Santé, travail, droit des assurances sociales, logement, homes.Santé.Lutte contre les maladies.Epidémies, pandémies",1
AI,2004,"Santé, travail, droit des assurances sociales, logement, homes.Droit du travail.Marché du travail.Envoi de travailleurs à l'étranger",1
AI,2004,Economie.Arts et métiers.Services.Jeux de hasard et loteries.Fonds de loterie,1
AI,2004,Economie.Arts et métiers.Services.Jeux de hasard et loteries.Sport-Toto,1
AI,2005,"Enseignement, sciences, documentation et culture.Degré prescolaire, école primaire, degré secondaire I.Ecole enfantine",1
AI,2005,"Aménagement du territoire et constructions, expropriation, travaux publics, énergie, transports, environnement.Transports.Circulation routière.Impôts et taxes de la circulation",1
AI,2005,"Santé, travail, droit des assurances sociales, logement, homes.Droit du travail.Marché du travail.Service de l'emploi et location de services",1
AI,2005,"Santé, travail, droit des assurances sociales, logement, homes.Droit des assurances sociales.Allocations familiales.Travailleurs agricoles",1
AI,2006,"Enseignement, sciences, documentation et culture.Degré secondaire II.Ecole moyenne",1
AI,2006,"Défense nationale, protection de la population, police.Protection de la population.Protection contre les incendies / éléments naturels.Protection contre le feu, pompiers",1
AI,2006,Economie,1
AI,2007,"Etat.Autorités.Organisation judiciaire.Emoluments judiciaires, frais de justice",1
AI,2007,"Enseignement, sciences, documentation et culture.Art, culture, sport.Sport",1
AI,2007,Non classé,2
AI,2008,"Enseignement, sciences, documentation et culture.Degré secondaire II: Formation professionnelle initiale.Solutions transitoires",1
AI,2008,"Santé, travail, droit des assurances sociales, logement, homes.Santé.Substances thérapeutiques, stupéfiants",1
AI,2008,"Santé, travail, droit des assurances sociales, logement, homes.Droit des assurances sociales.Prestations complémentaires",1
AI,2008,Non classé,1
AI,2009,Non classé,1
AI,2011,"Droit civil.Dispositions d'introduction du code civil.Droits réels.Registre foncier, mensurations cadastrales",2
AI,2011,"Enseignement, sciences, documentation et culture.Assurance de la qualité, surveillance, direction.Arrondissements scolaires",1
AI,2011,"Santé, travail, droit des assurances sociales, logement, homes.Assistance.Aide sociale",1
AI,2011,Economie.Agriculture.Mesures d'encouragement,1
AI,2012,Non classé,1
AI,2013,Droit civil.Dispositions d'introduction du code civil.Droit de la famille.Tutelle,1
AI,2013,"Défense nationale, protection de la population, police.Protection de la population.Protection contre les incendies / éléments naturels.Protection contre le feu, pompiers",1
AI,2013,"Finances, Impôts, monopoles, entreprises d'état.Finances.Budget, comptes",1
AI,2014,"Etat.Autorités.Gouvernement et administration.Droit du personnel.Pensions, prestations d'assurance",1
AI,2014,"Finances, Impôts, monopoles, entreprises d'état.Finances.Contributions étatiques, subventions",1
AI,2014,"Santé, travail, droit des assurances sociales, logement, homes.Assistance.Homes.Etablissements pour personnes âgées",1
AI,2015,"Finances, Impôts, monopoles, entreprises d'état.Monopoles, régales, entreprises d'état.Chasse.Chasseurs",1
AI,2016,"Aménagement du territoire et constructions, expropriation, travaux publics, énergie, transports, environnement.Protection de la nature et du paysage.Protection de la nature",1
AI,2017,Non classé,1
AI,2018,Droit civil.Dispositions générales d'introduction du code des obligations.Des divers contrats.Contrat de travail.Contrats-type.Employés de maison,1
AI,2018,"Santé, travail, droit des assurances sociales, logement, homes.Santé.Etablissements hospitaliers, cliniques.Hôpitaux cantonaux",1
AI,2019,"Finances, Impôts, monopoles, entreprises d'état",1
AI,2019,"Aménagement du territoire et constructions, expropriation, travaux publics, énergie, transports, environnement.Aménagement du territoire et constructions.Places de parking",1
AI,2019,"Aménagement du territoire et constructions, expropriation, travaux publics, énergie, transports, environnement.Transports.Circulation routière.Impôts et taxes de la circulation",1
AI,2019,"Santé, travail, droit des assurances sociales, logement, homes",1
AI,2020,"Finances, Impôts, monopoles, entreprises d'état.Finances.Contributions étatiques, subventions",1
AI,2020,"Aménagement du territoire et constructions, expropriation, travaux publics, énergie, transports, environnement",1
AI,2020,"Santé, travail, droit des assurances sociales, logement, homes.Santé.Lutte contre les maladies.Epidémies, pandémies",3
AI,2020,Economie,1
AI,2021,"Etat.Dispositions générales.Droits fondamentaux, droits politiques.droits politiques.Elections et votations",1
AI,2021,"Droit civil.Dispositions d'introduction du code civil.Droits réels.Registre foncier, mensurations cadastrales",1
AI,2021,"Santé, travail, droit des assurances sociales, logement, homes",1
AI,2021,Economie,1
AI,2022,"Enseignement, sciences, documentation et culture",1
AI,2022,"Enseignement, sciences, documentation et culture.Structures d'accueil complémentaires",1
AI,2022,Economie,1
AI,2024,"Finances, Impôts, monopoles, entreprises d'état",1
AI,2024,"Santé, travail, droit des assurances sociales, logement, homes.Santé.Professions médicales.Personnel soignant",1
AI,2025,Etat.Dispositions générales.Information du public,1
AI,2025,"Finances, Impôts, monopoles, entreprises d'état",1
AI,2025,"Aménagement du territoire et constructions, expropriation, travaux publics, énergie, transports, environnement",1
AI,2025,"Aménagement du territoire et constructions, expropriation, travaux publics, énergie, transports, environnement.Protection de la nature et du paysage.Protection des animaux",1
AR,1896,"Enseignement, sciences, documentation et culture.Documentation.Bibliothèques",1
AR,1914,"Santé, travail, droit des assurances sociales, logement, homes",1
AR,1920,"Droit civil.Dispositions d'introduction du code civil.Droits réels.Registre foncier, mensurations cadastrales",1
AR,1925,"Santé, travail, droit des assurances sociales, logement, homes.Droit du travail.Employés.Sécurité",1
AR,1941,"Santé, travail, droit des assurances sociales, logement, homes.Droit du travail.Offices de conciliation",1
AR,1948,"Défense nationale, protection de la population, police",1
AR,1951,"Finances, Impôts, monopoles, entreprises d'état.Impôts.Double imposition",1
AR,1951,"Aménagement du territoire et constructions, expropriation, travaux publics, énergie, transports, environnement.Transports.Navigation aérienne.Aéronefs",1
AR,1952,"Aménagement du territoire et constructions, expropriation, travaux publics, énergie, transports, environnement",1
AR,1959,"Aménagement du territoire et constructions, expropriation, travaux publics, énergie, transports, environnement.Protection de la nature et du paysage.Protection des plantes",1
AR,1960,"Aménagement du territoire et constructions, expropriation, travaux publics, énergie, transports, environnement.Protection de la nature et du paysage.Protection des plantes",1
AR,1963,"Enseignement, sciences, documentation et culture",1
AR,1969,"Défense nationale, protection de la population, police.Sécurité intérieure.Maintien de la tranquillité et de l'ordre public.Chiens, animaux dangereux",1
AR,1970,Droit pénal.Exécution des peines et des mesures.Patronage,1
AR,1971,"Santé, travail, droit des assurances sociales, logement, homes.Droit des assurances sociales.Prestations complémentaires",1
AR,1973,"Finances, Impôts, monopoles, entreprises d'état.Finances.Contributions étatiques, subventions",1
AR,1973,"Aménagement du territoire et constructions, expropriation, travaux publics, énergie, transports, environnement",1
AR,1981,"Santé, travail, droit des assurances sociales, logement, homes",1
AR,1984,Droit civil.Dispositions d'introduction du code civil.Droits réels.Estimation officielle des immeubles,1
AR,1984,"Santé, travail, droit des assurances sociales, logement, homes.Droit des assurances sociales.Allocations familiales.Travailleurs agricoles",1
AR,1984,Economie,1
AR,1986,Droit civil.Dispositions générales d'introduction du code des obligations.Des divers contrats.Contrat de travail.Contrats-type.Agriculture,1
AR,1986,"Santé, travail, droit des assurances sociales, logement, homes",1
AR,1987,"Aménagement du territoire et constructions, expropriation, travaux publics, énergie, transports, environnement.Protection de la nature et du paysage.Champignons",1
AR,1988,"Enseignement, sciences, documentation et culture",1
AR,1989,"Aménagement du territoire et constructions, expropriation, travaux publics, énergie, transports, environnement.Travaux publics.Routes.Chemins pédestres et de randonnée",1
AR,1991,Etat.Autorités.Gouvernement et administration.Droit du personnel.Engagement,1
AR,1991,"Aménagement du territoire et constructions, expropriation, travaux publics, énergie, transports, environnement",1
AR,1991,"Santé, travail, droit des assurances sociales, logement, homes",1
AR,1992,Etat,1
AR,1993,Etat.Professions juridiques.Avocats.Formation,1
AR,1993,"Enseignement, sciences, documentation et culture",1
AR,1993,"Santé, travail, droit des assurances sociales, logement, homes.Santé.Soins à domicile",1
AR,1994,"Enseignement, sciences, documentation et culture.Assurance de la qualité, surveillance, direction.Médecine scolaire, services psychologiques scolaires",1
AR,1994,"Finances, Impôts, monopoles, entreprises d'état.Finances.Contributions étatiques, subventions",1
AR,1994,"Santé, travail, droit des assurances sociales, logement, homes",1
AR,1994,"Santé, travail, droit des assurances sociales, logement, homes.Santé.Professions médicales.Sages-femmes",1
AR,1994,Economie.Arts et métiers.Services.Jeux de hasard et loteries.Sport-Toto,1
AR,1995,Etat,1
AR,1995,Etat.Professions juridiques.Avocats.Honoraires,1
AR,1995,"Aménagement du territoire et constructions, expropriation, travaux publics, énergie, transports, environnement.Protection de l'environnement.Lutte contre les dommages",1
AR,1995,"Santé, travail, droit des assurances sociales, logement, homes",2
AR,1995,Economie,1
AR,1995,Economie.Arts et métiers.Services.Jeux de hasard et loteries.Fonds de loterie,1
AR,1996,Etat.Autorités.Gouvernement et administration.Emoluments administratifs,1
AR,1996,"Droit civil.Dispositions d'introduction du code civil.Droits réels.Registre foncier, mensurations cadastrales",1
AR,1996,"Santé, travail, droit des assurances sociales, logement, homes.Droit des assurances sociales.LAMAL.Réduction des primes",1
AR,1996,Economie.Arts et métiers.Services.Jeux de hasard et loteries.Maisons de jeu,1
AR,1997,Etat.Autorités.Gouvernement et administration.Droit du personnel.Engagement,1
AR,1997,"Aménagement du territoire et constructions, expropriation, travaux publics, énergie, transports, environnement.Aménagement du territoire et constructions.Places de parking",1
AR,1997,"Santé, travail, droit des assurances sociales, logement, homes",1
AR,1997,"Santé, travail, droit des assurances sociales, logement, homes.Santé.Professions médicales.Vétérinaires",1
AR,1998,"Droit civil.Dispositions d'introduction du code civil.Droits réels.Registre foncier, mensurations cadastrales",1
AR,1998,"Aménagement du territoire et constructions, expropriation, travaux publics, énergie, transports, environnement.Transports.Circulation routière.Transport des personnes",1
AR,1998,"Aménagement du territoire et constructions, expropriation, travaux publics, énergie, transports, environnement.Protection de la nature et du paysage.Protection des plantes",1
AR,1998,"Santé, travail, droit des assurances sociales, logement, homes.Santé.Professions médicales.Médecins",1
AR,1999,"Défense nationale, protection de la population, police.Sécurité intérieure.Armes et munitions",1
AR,1999,"Santé, travail, droit des assurances sociales, logement, homes",1
AR,2000,"Finances, Impôts, monopoles, entreprises d'état",1
AR,2000,"Finances, Impôts, monopoles, entreprises d'état.Impôts.Impôts sur le revenu et la fortune / impôts sur les bénéfices et les capitaux.Impôt fédéral",1
AR,2000,"Finances, Impôts, monopoles, entreprises d'état.Impôts.Impôts sur le revenu et la fortune / impôts sur les bénéfices et les capitaux.Impôt à la source",1
AR,2000,"Finances, Impôts, monopoles, entreprises d'état.Impôts.Impôt anticipé",1
AR,2000,"Santé, travail, droit des assurances sociales, logement, homes",2
AR,2001,"Enseignement, sciences, documentation et culture",1
AR,2001,"Aménagement du territoire et constructions, expropriation, travaux publics, énergie, transports, environnement",1
AR,2001,"Santé, travail, droit des assurances sociales, logement, homes.Santé.Lutte contre les maladies.Tuberculose",1
AR,2002,Etat.Dispositions générales.Documents d'identité,1
AR,2002,Etat.Autorités.Gouvernement et administration.Emoluments administratifs,1
AR,2002,Etat.Autorités.Protection des données,1
AR,2002,"Défense nationale, protection de la population, police",1
AR,2002,"Défense nationale, protection de la population, police.Sécurité intérieure.Police.Taxes",1
AR,2002,"Santé, travail, droit des assurances sociales, logement, homes.Droit des assurances sociales.Partie générale du droit des assurances sociales",1
AR,2002,"Santé, travail, droit des assurances sociales, logement, homes.Droit des assurances sociales.LAMAL.Limitation de l'admission des fournisseurs de prestations",1
AR,2003,"Droit civil.Dispositions d'introduction du code civil.Droit de la famille.Accueil familial, adoption",1
AR,2003,"Enseignement, sciences, documentation et culture",1
AR,2003,"Enseignement, sciences, documentation et culture.Degré prescolaire, école primaire, degré secondaire I.Ecole primaire, degré secondaire I",1
AR,2003,"Enseignement, sciences, documentation et culture.Pédagogie spécialisée.Ecoles spécialisées",1
AR,2003,"Aménagement du territoire et constructions, expropriation, travaux publics, énergie, transports, environnement",1
AR,2003,"Aménagement du territoire et constructions, expropriation, travaux publics, énergie, transports, environnement.Protection de la nature et du paysage.Protection du paysage",1
AR,2003,"Aménagement du territoire et constructions, expropriation, travaux publics, énergie, transports, environnement.Protection de la nature et du paysage.Protection des animaux",1
AR,2003,"Santé, travail, droit des assurances sociales, logement, homes",2
AR,2003,Economie,1
AR,2003,Economie.Arts et métiers.Services.Crédit à la consommation,1
AR,2004,Etat,1
AR,2004,"Défense nationale, protection de la population, police",2
AR,2004,"Défense nationale, protection de la population, police.Défense.Taxe d'exemption",1
AR,2004,"Défense nationale, protection de la population, police.Sécurité intérieure.Entreprises de sécurité",1
AR,2004,"Santé, travail, droit des assurances sociales, logement, homes.Droit du travail.Marché du travail.Envoi de travailleurs à l'étranger",1
AR,2004,Non classé,1
AR,2005,"Aménagement du territoire et constructions, expropriation, travaux publics, énergie, transports, environnement.Protection de l'environnement.Protection des eaux",1
AR,2005,"Aménagement du territoire et constructions, expropriation, travaux publics, énergie, transports, environnement.Protection de l'environnement.Produits toxiques et chimiques",1
AR,2005,Economie.Promotion de l'économie,1
AR,2005,Economie.Développement économiques dans les régions de montagne,1
AR,2005,Non classé,1
AR,2006,"Enseignement, sciences, documentation et culture.Art, culture, sport.Encouragement à la culture",1
AR,2006,"Aménagement du territoire et constructions, expropriation, travaux publics, énergie, transports, environnement",1
AR,2007,Etat,1
AR,2007,Etat.Dispositions générales.Etablissement et séjour.Etablissement et séjour des étrangers.asile,1
AR,2007,"Finances, Impôts, monopoles, entreprises d'état.Finances.Contributions étatiques, subventions",2
AR,2007,"Santé, travail, droit des assurances sociales, logement, homes",1
AR,2007,"Santé, travail, droit des assurances sociales, logement, homes.Santé.Professions médicales.Médecins",1
AR,2007,"Santé, travail, droit des assurances sociales, logement, homes.Assistance.Homes.Etablissements pour personnes âgées",2
AR,2008,"Aménagement du territoire et constructions, expropriation, travaux publics, énergie, transports, environnement",1
AR,2008,"Santé, travail, droit des assurances sociales, logement, homes.Assistance.Aide sociale",1
AR,2009,Etat.Dispositions générales.Etablissement et séjour.Etablissement et séjour Suisses.contrôle des habitants,1
AR,2009,"Etat.Dispositions générales.Droits fondamentaux, droits politiques.droits politiques.Elections et votations",1
AR,2009,"Enseignement, sciences, documentation et culture.Corps enseignant.Traitement, indemnités",1
AR,2009,"Défense nationale, protection de la population, police.Défense.Administration militaire",1
AR,2010,Etat.Professions juridiques.Notaires.Légalisation,1
AR,2010,Droit civil.Dispositions d'introduction du code civil.Droit de la famille.Tutelle,1
AR,2010,"Aménagement du territoire et constructions, expropriation, travaux publics, énergie, transports, environnement.Transports.Circulation routière.Impôts et taxes de la circulation",1
AR,2010,"Aménagement du territoire et constructions, expropriation, travaux publics, énergie, transports, environnement.Protection de l'environnement.Substances dangereuses pour l'environnement",1
AR,2010,"Santé, travail, droit des assurances sociales, logement, homes",2
AR,2012,Droit civil.Dispositions d'introduction du code civil.Droit de la famille.Tutelle,1
AR,2012,"Droit civil.Dispositions d'introduction du code civil.Droits réels.Registre foncier, mensurations cadastrales",3
AR,2012,"Aménagement du territoire et constructions, expropriation, travaux publics, énergie, transports, environnement.Protection de l'environnement.Protection des eaux",1
AR,2012,Economie.Arts et métiers.Services.Tourisme,1
AR,2013,"Santé, travail, droit des assurances sociales, logement, homes",1
AR,2013,Economie.Agriculture.Culture des plantes.Vignoble,2
AR,2014,"Santé, travail, droit des assurances sociales, logement, homes",2
AR,2014,Economie.Agriculture.Mesures d'encouragement,1
AR,2015,"Finances, Impôts, monopoles, entreprises d'état",2
AR,2016,"Etat.Autorités.Gouvernement et administration.Droit du personnel.Traitements, indemnités",1
AR,2016,"Aménagement du territoire et constructions, expropriation, travaux publics, énergie, transports, environnement",1
AR,2016,"Santé, travail, droit des assurances sociales, logement, homes",1
AR,2016,"Santé, travail, droit des assurances sociales, logement, homes.Assistance.Homes.Etablissements pour personnes âgées",1
AR,2016,Economie.Agriculture.Mesures d'encouragement,1
AR,2017,"Enseignement, sciences, documentation et culture.Art, culture, sport.Encouragement à la culture",1
AR,2017,"Finances, Impôts, monopoles, entreprises d'état.Impôts.Impôts sur le revenu et la fortune / impôts sur les bénéfices et les capitaux.Impôt fédéral",1
AR,2017,Economie.Arts et métiers.Services.Tourisme,1
AR,2019,Etat,1
AR,2019,Etat.Dispositions générales.Etablissement et séjour.Etablissement et séjour Suisses.contrôle des habitants,1
AR,2019,Etat.Autorités.Responsabilité de l'état,1
AR,2019,"Santé, travail, droit des assurances sociales, logement, homes",1
AR,2020,"Droit civil.Dispositions d'introduction du code civil.Droits réels.Registre foncier, mensurations cadastrales",1
AR,2020,"Aménagement du territoire et constructions, expropriation, travaux publics, énergie, transports, environnement.Transports.Conduites",1
AR,2020,"Santé, travail, droit des assurances sociales, logement, homes.Santé.Lutte contre les maladies.Epidémies, pandémies",4
AR,2021,"Santé, travail, droit des assurances sociales, logement, homes.Santé.Lutte contre les maladies.Epidémies, pandémies",3
AR,2021,Economie,1
AR,2022,Droit civil.Procédure civile.Exécution,1
AR,2022,"Santé, travail, droit des assurances sociales, logement, homes.Santé.Lutte contre les maladies.Epidémies, pandémies",1
AR,2023,"Enseignement, sciences, documentation et culture",2
AR,2023,"Enseignement, sciences, documentation et culture.Degré prescolaire, école primaire, degré secondaire I.Crèches",1
AR,2024,"Santé, travail, droit des assurances sociales, logement, homes.Santé.Professions médicales.Personnel soignant",1
AR,2025,"Aménagement du territoire et constructions, expropriation, travaux publics, énergie, transports, environnement",2
AR,2025,"Santé, travail, droit des assurances sociales, logement, homes",1
AR,2026,"Etat.Autorités.Gouvernement et administration.Droit du personnel.Traitements, indemnités",1
BE,1862,Etat.Eglise et Etat.Eglise évangélique réformée,1
BE,1902,"Aménagement du territoire et constructions, expropriation, travaux publics, énergie, transports, environnement.Energie.Electricité",1
BE,1903,"Finances, Impôts, monopoles, entreprises d'état.Impôts.Impôts sur les chiens",1
BE,1907,Etat.Eglise et Etat.Eglise catholique romaine,1
BE,1907,"Santé, travail, droit des assurances sociales, logement, homes.Assistance.Protection de la jeunesse, aide à la jeunesse",1
BE,1911,"Droit civil.Dispositions d'introduction du code civil.Droits réels.Registre foncier, mensurations cadastrales",2
BE,1911,"Aménagement du territoire et constructions, expropriation, travaux publics, énergie, transports, environnement.Protection de la nature et du paysage.Protection de la nature",1
BE,1911,Economie.Agriculture.Production animale.Bovins et petit bétail,1
BE,1923,"Aménagement du territoire et constructions, expropriation, travaux publics, énergie, transports, environnement",1
BE,1931,Etat,1
BE,1931,"Aménagement du territoire et constructions, expropriation, travaux publics, énergie, transports, environnement.Expropriation",1
BE,1934,"Economie.Arts et métiers.Services.Institutions de crédit / assurances.Banques, bourses",1
BE,1939,Etat.Autorités.Gouvernement et administration.Gouvernement.Préfets,1
BE,1942,Droit pénal.Procédure pénale.Emoluments,1
BE,1942,"Défense nationale, protection de la population, police",1
BE,1943,"Enseignement, sciences, documentation et culture.Documentation.Archives",1
BE,1945,Etat.Eglise et Etat.Eglise catholique romaine,1
BE,1948,"Santé, travail, droit des assurances sociales, logement, homes",1
BE,1951,"Etat.Dispositions générales.Droits fondamentaux, droits politiques.droits politiques.Elections et votations",1
BE,1954,"Enseignement, sciences, documentation et culture",1
BE,1954,"Enseignement, sciences, documentation et culture.Degré secondaire II.Ecole moyenne",1
BE,1954,"Enseignement, sciences, documentation et culture.Degré tertiaire: universités.Faculté de médecine humaine et vétérinaire",2
BE,1960,"Aménagement du territoire et constructions, expropriation, travaux publics, énergie, transports, environnement.Transports.Funiculaires, téléphériques, téléskis",1
BE,1961,"Aménagement du territoire et constructions, expropriation, travaux publics, énergie, transports, environnement.Travaux publics.Routes.Routes nationales",1
BE,1961,"Santé, travail, droit des assurances sociales, logement, homes.Droit des assurances sociales.Allocations familiales.Travailleurs agricoles",1
BE,1961,"Santé, travail, droit des assurances sociales, logement, homes.Droit des assurances sociales.Allocations familiales.Salariés et indépendants",1
BE,1961,Economie.Commerce.Surveillance des prix,1
BE,1964,"Aménagement du territoire et constructions, expropriation, travaux publics, énergie, transports, environnement",2
BE,1966,"Aménagement du territoire et constructions, expropriation, travaux publics, énergie, transports, environnement.Expropriation",1
BE,1966,Economie.Agriculture.Epizooties,1
BE,1969,"Aménagement du territoire et constructions, expropriation, travaux publics, énergie, transports, environnement.Protection de l'environnement.Protection des eaux",1
BE,1970,"Aménagement du territoire et constructions, expropriation, travaux publics, énergie, transports, environnement",1
BE,1971,"Santé, travail, droit des assurances sociales, logement, homes",1
BE,1972,Etat,1
BE,1972,"Santé, travail, droit des assurances sociales, logement, homes",1
BE,1973,"Enseignement, sciences, documentation et culture.Degré prescolaire, école primaire, degré secondaire I.Ecole enfantine",1
BE,1973,"Finances, Impôts, monopoles, entreprises d'état.Monopoles, régales, entreprises d'état.Mines",1
BE,1974,"Santé, travail, droit des assurances sociales, logement, homes.Santé.Etablissements hospitaliers, cliniques.Cliniques psychiatriques",2
BE,1975,"Enseignement, sciences, documentation et culture.Art, culture, sport.Encouragement à la culture",4
BE,1975,"Santé, travail, droit des assurances sociales, logement, homes",1
BE,1976,Etat.Eglise et Etat.Eglise catholique romaine,1
BE,1978,"Aménagement du territoire et constructions, expropriation, travaux publics, énergie, transports, environnement.Protection de la nature et du paysage.Protection des animaux",1
BE,1978,"Santé, travail, droit des assurances sociales, logement, homes.Droit du travail.Offices de conciliation",1
BE,1979,"Droit civil.Dispositions d'introduction du code civil.Droit de la famille.Accueil familial, adoption",1
BE,1979,"Enseignement, sciences, documentation et culture.Degré prescolaire, école primaire, degré secondaire I.Ecole enfantine",1
BE,1979,"Santé, travail, droit des assurances sociales, logement, homes.Santé.Lutte contre les maladies.Epidémies, pandémies",1
BE,1980,Etat,1
BE,1980,"Etat.Dispositions générales.Droits fondamentaux, droits politiques.droits politiques.Elections et votations",1
BE,1980,"Etat.Autorités.Gouvernement et administration.Droit du personnel.Traitements, indemnités",1
BE,1980,"Finances, Impôts, monopoles, entreprises d'état",1
BE,1980,"Santé, travail, droit des assurances sociales, logement, homes.Assistance.Avances sur les pensions alimentaires",1
BE,1981,"Etat.Autorités.Gouvernement et administration.Droit du personnel.Pensions, prestations d'assurance",1
BE,1982,Etat.Eglise et Etat.Eglise évangélique réformée,2
BE,1982,"Droit civil.Dispositions d'introduction du code civil.Droit des personnes, état civil.Fondations, surveillance.Fondations LPP",1
BE,1982,"Santé, travail, droit des assurances sociales, logement, homes.Droit du travail.Employés.Temps de travail",1
BE,1982,Economie.Agriculture.Culture des plantes.Lutte contre les parasites,1
BE,1983,"Enseignement, sciences, documentation et culture.Degré prescolaire, école primaire, degré secondaire I.Ecole enfantine",1
BE,1983,"Enseignement, sciences, documentation et culture.Contributions à la formation.Ecolages",1
BE,1983,"Aménagement du territoire et constructions, expropriation, travaux publics, énergie, transports, environnement.Protection de la nature et du paysage.Protection des rives",1
BE,1983,"Santé, travail, droit des assurances sociales, logement, homes",1
BE,1983,"Santé, travail, droit des assurances sociales, logement, homes.Logement.Mesures d'encouragement à la construction de logements",1
BE,1984,Etat.Autorités.Gouvernement et administration.Administration.Directions et offices,1
BE,1985,"Enseignement, sciences, documentation et culture.Sport scolaire",1
BE,1985,"Finances, Impôts, monopoles, entreprises d'état",1
BE,1985,"Aménagement du territoire et constructions, expropriation, travaux publics, énergie, transports, environnement",2
BE,1985,"Aménagement du territoire et constructions, expropriation, travaux publics, énergie, transports, environnement.Aménagement du territoire et constructions.Remembrements",1
BE,1985,"Aménagement du territoire et constructions, expropriation, travaux publics, énergie, transports, environnement.Aménagement du territoire et constructions.Affichage et publicité",1
BE,1985,"Aménagement du territoire et constructions, expropriation, travaux publics, énergie, transports, environnement.Travaux publics.Routes.Chemins pédestres et de randonnée",1
BE,1985,"Aménagement du territoire et constructions, expropriation, travaux publics, énergie, transports, environnement.Protection de la nature et du paysage.Protection des animaux",1
BE,1985,"Santé, travail, droit des assurances sociales, logement, homes.Santé.Substances thérapeutiques, stupéfiants",1
BE,1985,"Santé, travail, droit des assurances sociales, logement, homes.Santé.Hygiène.Piscines",1
BE,1986,Etat,1
BE,1986,Etat.Autorités.Protection des données,1
BE,1986,"Enseignement, sciences, documentation et culture.Degré secondaire II.Ecoles moyennes supérieures, écoles des culture générale, écoles de degré diplôme",2
BE,1987,Etat,1
BE,1987,"Etat.Dispositions générales.Droits fondamentaux, droits politiques.droits politiques.Elections et votations",1
BE,1987,Etat.Autorités.Gouvernement et administration.Emoluments administratifs,1
BE,1987,"Enseignement, sciences, documentation et culture.Art, culture, sport.Sport",1
BE,1987,"Aménagement du territoire et constructions, expropriation, travaux publics, énergie, transports, environnement",1
BE,1988,"Enseignement, sciences, documentation et culture.Degré secondaire II: Formation professionnelle initiale.Ecoles préparant à la maturité professionnelle",1
BE,1988,"Enseignement, sciences, documentation et culture.Documentation.Bibliothèques",1
BE,1989,"Etat.Autorités.Gouvernement et administration.Droit du personnel.Pensions, prestations d'assurance",1
BE,1989,Etat.Autorités.Protection des données,1
BE,1989,"Aménagement du territoire et constructions, expropriation, travaux publics, énergie, transports, environnement",2
BE,1989,"Santé, travail, droit des assurances sociales, logement, homes.Droit des assurances sociales.Prestations complémentaires",1
BE,1990,Etat.Autorités.Gouvernement et administration.Administration.Directions et offices,1
BE,1990,"Défense nationale, protection de la population, police.Sécurité intérieure.Maintien de la tranquillité et de l'ordre public.Domaine public",1
BE,1990,"Aménagement du territoire et constructions, expropriation, travaux publics, énergie, transports, environnement.Transports.Navigation.Impôts et taxes sur les bateaux",1
BE,1990,"Aménagement du territoire et constructions, expropriation, travaux publics, énergie, transports, environnement.Protection de l'environnement.Protection contre le bruit",1
BE,1990,"Aménagement du territoire et constructions, expropriation, travaux publics, énergie, transports, environnement.Protection de l'environnement.Etude d'impact sur l'environnement",1
BE,1990,"Santé, travail, droit des assurances sociales, logement, homes",2
BE,1990,"Santé, travail, droit des assurances sociales, logement, homes.Droit du travail.Marché du travail.Lutte contre les crises, réserves de crise bénéficiant d'allégements fiscaux",1
BE,1991,"Enseignement, sciences, documentation et culture.Degré tertiaire: universités.Faculté de médecine humaine et vétérinaire",3
BE,1991,"Finances, Impôts, monopoles, entreprises d'état.Finances.Contributions étatiques, subventions",1
BE,1991,"Aménagement du territoire et constructions, expropriation, travaux publics, énergie, transports, environnement",1
BE,1991,"Aménagement du territoire et constructions, expropriation, travaux publics, énergie, transports, environnement.Travaux publics.Aménagement des eaux.Utilisation des eaux",1
BE,1991,"Aménagement du territoire et constructions, expropriation, travaux publics, énergie, transports, environnement.Protection de l'environnement.Protection des eaux",1
BE,1991,Economie.Agriculture.Droit foncier rural,1
BE,1992,Etat.Autorités.Gouvernement et administration.Administration.Directions et offices,1
BE,1992,"Enseignement, sciences, documentation et culture.Degré prescolaire, école primaire, degré secondaire I.Ecole primaire, degré secondaire I",3
BE,1992,"Enseignement, sciences, documentation et culture.Degré secondaire II.Ecole moyenne",1
BE,1992,"Enseignement, sciences, documentation et culture.Structures d'accueil complémentaires",1
BE,1992,"Enseignement, sciences, documentation et culture.Assurance de la qualité, surveillance, direction.Surveillance scolaire",1
BE,1992,"Enseignement, sciences, documentation et culture.Assurance de la qualité, surveillance, direction.Médecine scolaire, services psychologiques scolaires",2
BE,1992,"Enseignement, sciences, documentation et culture.Documentation.Archives",1
BE,1992,"Santé, travail, droit des assurances sociales, logement, homes.Logement.Mesures d'encouragement à la construction de logements",1
BE,1992,Economie.Arts et métiers.Services.Tourisme,1
BE,1992,Economie.Commerce.Automates à marchandise,1
BE,1993,Etat,2
BE,1993,"Droit civil.Dispositions d'introduction du code civil.Droit des personnes, état civil.Fondations, surveillance.Fondations LPP",1
BE,1993,Droit pénal.Procédure pénale.Aide aux victimes d'infractions,1
BE,1993,Droit pénal.Droit pénal des mineurs et procédure pénale des mineurs,1
BE,1993,"Enseignement, sciences, documentation et culture.Corps enseignant.Engagement",1
BE,1993,"Aménagement du territoire et constructions, expropriation, travaux publics, énergie, transports, environnement.Protection de l'environnement.Lutte contre les dommages",1
BE,1993,"Aménagement du territoire et constructions, expropriation, travaux publics, énergie, transports, environnement.Protection de la nature et du paysage.Protection de la nature",1
BE,1993,"Santé, travail, droit des assurances sociales, logement, homes",1
BE,1993,"Santé, travail, droit des assurances sociales, logement, homes.Assistance.Homes.Foyers pour enfants et adolescents",1
BE,1993,Economie.Arts et métiers.Services.Taxis,1
BE,1994,Etat,2
BE,1994,Etat.Dispositions générales.Information du public,1
BE,1994,Etat.Eglise et Etat.Eglise catholique romaine,1
BE,1994,Etat.Professions juridiques.Avocats.Formation,2
BE,1994,Etat.Professions juridiques.Notaires.Formation,1
BE,1994,"Enseignement, sciences, documentation et culture.Corps enseignant.Engagement",1
BE,1994,"Défense nationale, protection de la population, police.Protection de la population.Protection contre les incendies / éléments naturels.Protection contre le feu, pompiers",1
BE,1994,"Défense nationale, protection de la population, police.Protection de la population.Protection contre les incendies / éléments naturels.Ramoneurs",1
BE,1994,"Finances, Impôts, monopoles, entreprises d'état.Finances.Contributions étatiques, subventions",1
BE,1994,"Finances, Impôts, monopoles, entreprises d'état.Impôts.Impôts sur le revenu et la fortune / impôts sur les bénéfices et les capitaux.Impôt ecclésiastique",1
BE,1994,"Finances, Impôts, monopoles, entreprises d'état.Monopoles, régales, entreprises d'état.Alcool",1
BE,1994,"Santé, travail, droit des assurances sociales, logement, homes",1
BE,1994,"Santé, travail, droit des assurances sociales, logement, homes.Santé.Professions médicales.Vétérinaires",1
BE,1994,"Santé, travail, droit des assurances sociales, logement, homes.Assistance.Protection de la jeunesse, aide à la jeunesse",1
BE,1995,Etat,1
BE,1995,Etat.Dispositions générales.Etablissement et séjour.Etablissement et séjour des étrangers.intégration,1
BE,1995,Etat.Autorités.Gouvernement et administration.Organisation.Délégation,1
BE,1995,Etat.Autorités.Gouvernement et administration.Gouvernement.Chancellerie de l'Etat,1
BE,1995,Etat.Autorités.Gouvernement et administration.Gouvernement.Préfets,1
BE,1995,Etat.Autorités.Gouvernement et administration.Administration.Directions et offices,4
BE,1995,"Etat.Autorités.Gouvernement et administration.Droit du personnel.Formation, formation continue, perfectionnement",1
BE,1995,Etat.Autorités.Gouvernement et administration.Procédure administrative,1
BE,1995,Etat.Autorités.Organisation judiciaire.Personnel des tribunaux,1
BE,1995,Etat.Communes.Contributions financières des communes,1
BE,1995,Etat.Eglise et Etat.Eglise évangélique réformée,1
BE,1995,Droit civil.Dispositions d'introduction du code civil.Droits réels.Estimation officielle des immeubles,1
BE,1995,Droit civil.Poursuites pour dettes et faillites.Organisation,1
BE,1995,"Enseignement, sciences, documentation et culture",1
BE,1995,"Enseignement, sciences, documentation et culture.Degré secondaire II.Ecole moyenne",2
BE,1995,"Aménagement du territoire et constructions, expropriation, travaux publics, énergie, transports, environnement.Aménagement du territoire et constructions.Procédure",1
BE,1995,"Aménagement du territoire et constructions, expropriation, travaux publics, énergie, transports, environnement.Aménagement du territoire et constructions.Places de parking",1
BE,1995,"Santé, travail, droit des assurances sociales, logement, homes.Santé.Professions médicales.Médecins",2
BE,1995,"Santé, travail, droit des assurances sociales, logement, homes.Assistance.Protection de la jeunesse, aide à la jeunesse",1
BE,1995,Economie,4
BE,1996,Etat,1
BE,1996,Etat.Dispositions générales.Procédure législative,1
BE,1996,Etat.Professions juridiques.Notaires.Légalisation,1
BE,1996,Droit civil.Dispositions d'introduction du code civil.Droit de la famille.Tutelle,1
BE,1996,Droit pénal.Procédure pénale.Médecine légale,2
BE,1996,"Enseignement, sciences, documentation et culture.Degré tertiaire: universités.Faculté de médecine humaine et vétérinaire",6
BE,1996,"Aménagement du territoire et constructions, expropriation, travaux publics, énergie, transports, environnement.Protection de la nature et du paysage.Protection du paysage",1
BE,1996,"Santé, travail, droit des assurances sociales, logement, homes",1
BE,1996,"Santé, travail, droit des assurances sociales, logement, homes.Santé.Soins à domicile",1
BE,1996,Economie.Agriculture.Culture des plantes.Vignoble,2
BE,1997,Etat.Autorités.Gouvernement et administration.Administration.Directions et offices,1
BE,1997,Etat.Eglise et Etat.Autres religions,1
BE,1997,"Droit civil.Dispositions d'introduction du code civil.Droits réels.Registre foncier, mensurations cadastrales",1
BE,1997,"Enseignement, sciences, documentation et culture.Degré secondaire II: Formation professionnelle initiale.Ecoles professionnelles.Enseignement ménager",1
BE,1997,"Défense nationale, protection de la population, police",1
BE,1997,"Défense nationale, protection de la population, police.Sécurité intérieure.Police.Personnel",1
BE,1997,"Finances, Impôts, monopoles, entreprises d'état",1
BE,1997,"Aménagement du territoire et constructions, expropriation, travaux publics, énergie, transports, environnement",1
BE,1997,"Aménagement du territoire et constructions, expropriation, travaux publics, énergie, transports, environnement.Transports.Circulation routière.Transport des personnes",1
BE,1997,Economie,2
BE,1997,Economie.Promotion de l'économie,2
BE,1997,Economie.Agriculture.Mesures d'encouragement,2
BE,1997,Economie.Agriculture.Améliorations foncières,1
BE,1997,Economie.Arts et métiers.Services.Tourisme,1
BE,1998,Etat,1
BE,1998,Etat.Autorités.Protection des données,1
BE,1998,"Droit civil.Dispositions d'introduction du code civil.Droits réels.Registre foncier, mensurations cadastrales",1
BE,1998,"Enseignement, sciences, documentation et culture",2
BE,1998,"Enseignement, sciences, documentation et culture.Sport scolaire",1
BE,1998,"Aménagement du territoire et constructions, expropriation, travaux publics, énergie, transports, environnement",2
BE,1998,"Aménagement du territoire et constructions, expropriation, travaux publics, énergie, transports, environnement.Transports.Conduites",1
BE,1998,"Santé, travail, droit des assurances sociales, logement, homes.Droit des assurances sociales.Caisses de compensation",1
BE,1998,"Santé, travail, droit des assurances sociales, logement, homes.Assistance.Aide sociale",1
BE,1998,Economie.Agriculture.Production animale.Commerce du bétail,1
BE,1999,Etat.Autorités.Gouvernement et administration.Emoluments administratifs,1
BE,1999,Droit civil.Dispositions générales d'introduction du code des obligations.Des divers contrats.Courtage matrimonial ou en partenariat,1
BE,1999,"Défense nationale, protection de la population, police",1
BE,1999,"Défense nationale, protection de la population, police.Sécurité intérieure.Police.Coopération en matière de police",1
BE,1999,"Aménagement du territoire et constructions, expropriation, travaux publics, énergie, transports, environnement",1
BE,1999,"Aménagement du territoire et constructions, expropriation, travaux publics, énergie, transports, environnement.Protection de l'environnement.Protection des eaux",1
BE,1999,"Aménagement du territoire et constructions, expropriation, travaux publics, énergie, transports, environnement.Protection de la nature et du paysage.Protection des monuments et des biens culturels",1
BE,1999,"Santé, travail, droit des assurances sociales, logement, homes",1
BE,2000,Etat,1
BE,2000,Etat.Autorités.Gouvernement et administration.Administration.Directions et offices,1
BE,2000,Droit civil.Dispositions d'introduction du code civil.Droit des successions,1
BE,2000,"Enseignement, sciences, documentation et culture",1
BE,2000,"Enseignement, sciences, documentation et culture.Corps enseignant.Engagement",1
BE,2000,"Enseignement, sciences, documentation et culture.Art, culture, sport.Sport",1
BE,2000,"Finances, Impôts, monopoles, entreprises d'état",7
BE,2000,"Finances, Impôts, monopoles, entreprises d'état.Impôts.Impôts sur le revenu et la fortune / impôts sur les bénéfices et les capitaux.Impôt fédéral",1
BE,2000,"Finances, Impôts, monopoles, entreprises d'état.Impôts.Impôts sur le revenu et la fortune / impôts sur les bénéfices et les capitaux.Imputation forfaitaire d'impôt",1
BE,2000,"Finances, Impôts, monopoles, entreprises d'état.Impôts.Impôts sur le revenu et la fortune / impôts sur les bénéfices et les capitaux.Impôt à la source",1
BE,2000,"Finances, Impôts, monopoles, entreprises d'état.Impôts.Taxe foncière",1
BE,2000,"Finances, Impôts, monopoles, entreprises d'état.Impôts.Impôt anticipé",1
BE,2000,"Finances, Impôts, monopoles, entreprises d'état.Impôts.Exonération et allégements fiscaux",1
BE,2000,"Aménagement du territoire et constructions, expropriation, travaux publics, énergie, transports, environnement.Transports.Poste, télécommunications",1
BE,2000,"Santé, travail, droit des assurances sociales, logement, homes",1
BE,2000,"Santé, travail, droit des assurances sociales, logement, homes.Santé.Professions médicales.Médecins",1
BE,2000,Economie.Commerce.Poids et mesures. moyens de paiement,1
BE,2001,Etat.Dispositions générales.Documents d'identité,1
BE,2001,Etat.Autorités.Gouvernement et administration.Organisation.Délégation,1
BE,2001,Etat.Autorités.Gouvernement et administration.Administration.Commissions,1
BE,2001,Etat.Eglise et Etat.Eglise catholique romaine,1
BE,2001,Etat.Eglise et Etat.Eglise évangélique réformée,1
BE,2001,"Enseignement, sciences, documentation et culture",1
BE,2001,"Finances, Impôts, monopoles, entreprises d'état",2
BE,2001,"Aménagement du territoire et constructions, expropriation, travaux publics, énergie, transports, environnement.Protection de la nature et du paysage.Protection de la nature",1
BE,2001,"Santé, travail, droit des assurances sociales, logement, homes",2
BE,2001,"Santé, travail, droit des assurances sociales, logement, homes.Santé.Hygiène.Alimentation en eau",1
BE,2001,"Santé, travail, droit des assurances sociales, logement, homes.Assistance.Aide sociale",1
BE,2002,Etat,1
BE,2002,Etat.Autorités.Gouvernement et administration.Gouvernement.Indemnités,1
BE,2002,Etat.Autorités.Gouvernement et administration.Administration.Directions et offices,1
BE,2002,Etat.Eglise et Etat.Eglise catholique romaine,3
BE,2002,"Droit civil.Dispositions d'introduction du code civil.Droits réels.Registre foncier, mensurations cadastrales",2
BE,2002,Droit pénal.Amendes d'ordre,1
BE,2002,"Enseignement, sciences, documentation et culture.Degré secondaire II: Formation professionnelle initiale.Orientation professionnelle",1
BE,2002,"Finances, Impôts, monopoles, entreprises d'état",1
BE,2002,"Aménagement du territoire et constructions, expropriation, travaux publics, énergie, transports, environnement.Travaux publics.Marchés publics",1
BE,2002,"Santé, travail, droit des assurances sociales, logement, homes",2
BE,2002,"Santé, travail, droit des assurances sociales, logement, homes.Droit des assurances sociales.LAMAL.Limitation de l'admission des fournisseurs de prestations",1
BE,2003,Etat.Eglise et Etat.Eglise catholique chrétienne,1
BE,2003,Droit civil.Dispositions générales d'introduction du code des obligations.Des divers contrats.Contrat de travail.Conventions collectives.Déclaration de force obligatoire générale,1
BE,2003,"Droit pénal.Dispositions générales d'introduction du code pénal.Criminalité économique, blanchiment d'argent",1
BE,2003,Droit pénal.Procédure pénale.Profils d'ADN,1
BE,2003,Droit pénal.Procédure pénale.Investigation secrète,1
BE,2003,"Enseignement, sciences, documentation et culture",1
BE,2003,"Enseignement, sciences, documentation et culture.Corps enseignant.Formation",1
BE,2003,"Enseignement, sciences, documentation et culture.Art, culture, sport.Sport",1
BE,2003,"Aménagement du territoire et constructions, expropriation, travaux publics, énergie, transports, environnement",1
BE,2003,"Aménagement du territoire et constructions, expropriation, travaux publics, énergie, transports, environnement.Protection de la nature et du paysage.Protection des animaux",2
BE,2003,"Santé, travail, droit des assurances sociales, logement, homes",2
BE,2003,Economie,1
BE,2003,Economie.Commerce.Commerce itinérant,1
BE,2004,Etat.Dispositions générales.Etablissement et séjour.Etablissement et séjour des étrangers.asile,1
BE,2004,Etat.Autorités.Gouvernement et administration.Organisation.Délégation,1
BE,2004,Droit civil.Dispositions d'introduction du code civil.Droit de la famille.Tutelle,1
BE,2004,"Enseignement, sciences, documentation et culture",2
BE,2004,"Enseignement, sciences, documentation et culture.Corps enseignant.Prévoyance professionnelle, caisses de pensions",1
BE,2004,"Défense nationale, protection de la population, police",2
BE,2004,"Défense nationale, protection de la population, police.Défense.Taxe d'exemption",1
BE,2004,"Défense nationale, protection de la population, police.Sécurité intérieure.Armes et munitions",1
BE,2004,"Défense nationale, protection de la population, police.Sécurité intérieure.Explosifs",1
BE,2004,"Finances, Impôts, monopoles, entreprises d'état",2
BE,2004,"Finances, Impôts, monopoles, entreprises d'état.Monopoles, régales, entreprises d'état.Chasse.Chasseurs",1
BE,2004,"Aménagement du territoire et constructions, expropriation, travaux publics, énergie, transports, environnement",1
BE,2004,"Aménagement du territoire et constructions, expropriation, travaux publics, énergie, transports, environnement.Protection de l'environnement.Déchets",1
BE,2004,"Santé, travail, droit des assurances sociales, logement, homes",3
BE,2004,Economie,1
BE,2004,Economie.Agriculture.Culture des plantes.Vignoble,1
BE,2005,Etat,3
BE,2005,Etat.Dispositions générales.Etablissement et séjour.Etablissement et séjour des étrangers.mesures de contrainte,1
BE,2005,Etat.Autorités.Gouvernement et administration.Organisation.Délégation,1
BE,2005,Etat.Autorités.Gouvernement et administration.Droit du personnel.Engagement,1
BE,2005,Etat.Autorités.Protection des données,1
BE,2005,Etat.Communes.Finances communales,1
BE,2005,Etat.Eglise et Etat.Eglise catholique romaine,1
BE,2005,Etat.Eglise et Etat.Eglise évangélique réformée,1
BE,2005,Droit civil.Dispositions d'introduction du code civil.Droit de la famille.Tutelle,1
BE,2005,"Droit civil.Dispositions d'introduction du code civil.Droits réels.Registre foncier, mensurations cadastrales",1
BE,2005,"Enseignement, sciences, documentation et culture",2
BE,2005,"Enseignement, sciences, documentation et culture.Degré secondaire II: Formation professionnelle initiale.Ecoles préparant à la maturité professionnelle",11
BE,2005,"Enseignement, sciences, documentation et culture.Degré secondaire II: Formation professionnelle initiale.Orientation professionnelle",2
BE,2005,"Enseignement, sciences, documentation et culture.Degré tertiaire: Hautes écoles.Pédagogie",1
BE,2005,"Santé, travail, droit des assurances sociales, logement, homes",2
BE,2005,"Santé, travail, droit des assurances sociales, logement, homes.Assistance.Aide sociale",1
BE,2005,Economie.Arts et métiers.Services.Tourisme,1
BE,2006,Etat,1
BE,2006,Etat.Dispositions générales.Droit de cité,1
BE,2006,Etat.Autorités.Gouvernement et administration.Organisation.Délégation,1
BE,2006,Etat.Autorités.Gouvernement et administration.Droit du personnel.Engagement,1
BE,2006,"Etat.Autorités.Gouvernement et administration.Droit du personnel.Traitements, indemnités",1
BE,2006,"Etat.Autorités.Organisation judiciaire.Emoluments judiciaires, frais de justice",1
BE,2006,Etat.Professions juridiques.Avocats.Formation,1
BE,2006,"Etat.Professions juridiques.Notaires.Taxes, tarifs",1
BE,2006,"Enseignement, sciences, documentation et culture",1
BE,2006,"Enseignement, sciences, documentation et culture.Pédagogie spécialisée.Ecoles spécialisées",1
BE,2006,"Enseignement, sciences, documentation et culture.Contributions à la formation.Bourses d'études",1
BE,2006,"Enseignement, sciences, documentation et culture.Art, culture, sport.Sport",1
BE,2006,"Défense nationale, protection de la population, police.Sécurité intérieure.Police.Coopération en matière de police",1
BE,2006,"Aménagement du territoire et constructions, expropriation, travaux publics, énergie, transports, environnement.Protection de l'environnement.Produits toxiques et chimiques",1
BE,2006,"Aménagement du territoire et constructions, expropriation, travaux publics, énergie, transports, environnement.Protection de la nature et du paysage.Protection du paysage",1
BE,2006,"Santé, travail, droit des assurances sociales, logement, homes",1
BE,2006,"Santé, travail, droit des assurances sociales, logement, homes.Assistance.Personnes handicapés.Ateliers protégés",1
BE,2007,Etat,2
BE,2007,Etat.Autorités.Gouvernement et administration.Administration.Directions et offices,1
BE,2007,"Enseignement, sciences, documentation et culture",2
BE,2007,"Enseignement, sciences, documentation et culture.Degré prescolaire, école primaire, degré secondaire I.Ecole primaire, degré secondaire I",1
BE,2007,"Enseignement, sciences, documentation et culture.Degré secondaire II.Ecole moyenne",1
BE,2007,"Enseignement, sciences, documentation et culture.Pédagogie spécialisée.Ecoles spécialisées",1
BE,2007,"Enseignement, sciences, documentation et culture.Corps enseignant.Engagement",1
BE,2007,"Défense nationale, protection de la population, police",1
BE,2007,"Aménagement du territoire et constructions, expropriation, travaux publics, énergie, transports, environnement",1
BE,2007,"Aménagement du territoire et constructions, expropriation, travaux publics, énergie, transports, environnement.Energie.Approvisionnement en énergie",1
BE,2007,"Santé, travail, droit des assurances sociales, logement, homes.Santé.Lutte contre les maladies.Epidémies, pandémies",1
BE,2008,Etat.Dispositions générales.Etablissement et séjour.Etablissement et séjour Suisses.contrôle des habitants,1
BE,2008,Etat.Autorités.Protection des données,1
BE,2008,"Enseignement, sciences, documentation et culture.Degré prescolaire, école primaire, degré secondaire I.Ecole enfantine",1
BE,2008,"Enseignement, sciences, documentation et culture.Degré secondaire II.Ecole moyenne",1
BE,2008,"Enseignement, sciences, documentation et culture.Pédagogie spécialisée.Ecoles spécialisées",1
BE,2008,"Enseignement, sciences, documentation et culture.Art, culture, sport.Art.Cinéma, théâtre, divertissement",1
BE,2008,"Enseignement, sciences, documentation et culture.Art, culture, sport.Encouragement à la culture",1
BE,2008,"Aménagement du territoire et constructions, expropriation, travaux publics, énergie, transports, environnement",2
BE,2008,Economie.Agriculture.Zones de montagne,1
BE,2009,Etat,2
BE,2009,Etat.Dispositions générales.Etablissement et séjour.Etablissement et séjour des étrangers.asile,1
BE,2009,Etat.Dispositions générales.Documents d'identité,1
BE,2009,Etat.Autorités.Gouvernement et administration.Administration.Directions et offices,1
BE,2009,"Droit civil.Dispositions d'introduction du code civil.Droits réels.Registre foncier, mensurations cadastrales",1
BE,2009,"Enseignement, sciences, documentation et culture.Documentation.Archives",3
BE,2009,"Enseignement, sciences, documentation et culture.Art, culture, sport.Sport",1
BE,2009,"Santé, travail, droit des assurances sociales, logement, homes.Santé.Prévention des dépendances.Interdictions de fumer",1
BE,2010,Etat.Dispositions générales.Etablissement et séjour.Etablissement et séjour des étrangers.asile,1
BE,2010,"Etat.Dispositions générales.Droits fondamentaux, droits politiques.droits politiques.Elections et votations",1
BE,2010,Etat.Professions juridiques.Avocats.Honoraires,1
BE,2010,"Droit civil.Dispositions d'introduction du code civil.Droits réels.Registre foncier, mensurations cadastrales",1
BE,2010,Droit pénal.Procédure pénale.Codes de procédure pénale,1
BE,2010,"Enseignement, sciences, documentation et culture.Degré prescolaire, école primaire, degré secondaire I.Ecole primaire, degré secondaire I",1
BE,2010,"Santé, travail, droit des assurances sociales, logement, homes.Santé.Hygiène.Inhumations, cimetières",1
BE,2011,Etat.Autorités.Gouvernement et administration.Administration.Directions et offices,1
BE,2011,Etat.Autorités.Protection des données,1
BE,2011,Etat.Eglise et Etat.Eglise catholique romaine,1
BE,2011,"Enseignement, sciences, documentation et culture",1
BE,2011,"Enseignement, sciences, documentation et culture.Degré prescolaire, école primaire, degré secondaire I.Ecole primaire, degré secondaire I",1
BE,2011,"Défense nationale, protection de la population, police",1
BE,2011,"Aménagement du territoire et constructions, expropriation, travaux publics, énergie, transports, environnement",1
BE,2011,"Santé, travail, droit des assurances sociales, logement, homes.Santé.Substances thérapeutiques, stupéfiants",1
BE,2012,"Etat.Dispositions générales.Droits fondamentaux, droits politiques.droits politiques.Elections et votations",1
BE,2012,Droit civil.Dispositions d'introduction du code civil.Droit de la famille.Tutelle,2
BE,2012,"Enseignement, sciences, documentation et culture",2
BE,2012,"Enseignement, sciences, documentation et culture.Pédagogie spécialisée.Ecoles d'art et de sport",1
BE,2012,"Enseignement, sciences, documentation et culture.Documentation.Archives",1
BE,2012,"Enseignement, sciences, documentation et culture.Art, culture, sport.Encouragement à la culture",1
BE,2012,Economie.Arts et métiers.Services.Prostitution,1
BE,2013,"Droit civil.Dispositions d'introduction du code civil.Droits réels.Registre foncier, mensurations cadastrales",2
BE,2013,"Enseignement, sciences, documentation et culture",1
BE,2013,"Enseignement, sciences, documentation et culture.Assurance de la qualité, surveillance, direction.Direction",1
BE,2013,"Santé, travail, droit des assurances sociales, logement, homes",1
BE,2014,Etat.Dispositions générales.Etablissement et séjour.Etablissement et séjour des étrangers.intégration,1
BE,2014,Etat.Autorités.Gouvernement et administration.Gouvernement.Chancellerie de l'Etat,1
BE,2014,"Enseignement, sciences, documentation et culture",1
BE,2014,"Enseignement, sciences, documentation et culture.Documentation.Archives",1
BE,2014,"Aménagement du territoire et constructions, expropriation, travaux publics, énergie, transports, environnement.Travaux publics.Marchés publics",1
BE,2014,"Santé, travail, droit des assurances sociales, logement, homes",2
BE,2015,Etat.Dispositions générales.Etablissement et séjour.Etablissement et séjour des étrangers.asile,1
BE,2015,"Enseignement, sciences, documentation et culture",1
BE,2015,"Enseignement, sciences, documentation et culture.Degré secondaire II: Formation professionnelle initiale.Passerelle",1
BE,2015,"Aménagement du territoire et constructions, expropriation, travaux publics, énergie, transports, environnement.Aménagement du territoire et constructions.Plans",1
BE,2015,"Santé, travail, droit des assurances sociales, logement, homes.Assistance.Aide sociale",1
BE,2016,Etat.Dispositions générales.Armoiries,1
BE,2016,"Enseignement, sciences, documentation et culture.Degré secondaire II.Ecole moyenne",1
BE,2017,"Etat.Dispositions générales.Territoire.Délimitations territoriales, districts",1
BE,2017,"Enseignement, sciences, documentation et culture.Degré secondaire II.Ecole moyenne",1
BE,2018,Etat,1
BE,2018,Etat.Dispositions générales.Etablissement et séjour.Etablissement et séjour Suisses.contrôle des habitants,1
BE,2018,Etat.Autorités.Protection des données,1
BE,2018,Droit civil.Procédure civile.Exécution,1
BE,2018,"Enseignement, sciences, documentation et culture",1
BE,2018,"Enseignement, sciences, documentation et culture.Degré secondaire II.Ecole moyenne",1
BE,2018,"Enseignement, sciences, documentation et culture.Degré secondaire II.Ecoles moyennes supérieures, écoles des culture générale, écoles de degré diplôme",1
BE,2019,Etat,1
BE,2019,"Enseignement, sciences, documentation et culture",1
BE,2019,"Enseignement, sciences, documentation et culture.Degré tertiaire: universités.Faculté de théologie",1
BE,2019,"Défense nationale, protection de la population, police.Sécurité intérieure.Entreprises de sécurité",1
BE,2019,"Santé, travail, droit des assurances sociales, logement, homes",1
BE,2019,"Santé, travail, droit des assurances sociales, logement, homes.Assistance.Aide sociale",1
BE,2020,Etat.Dispositions générales.Etablissement et séjour.Etablissement et séjour des étrangers.asile,1
BE,2020,Etat.Autorités.Gouvernement et administration.Administration.Départements,1
BE,2020,Etat.Autorités.Protection des données,1
BE,2020,"Enseignement, sciences, documentation et culture.Degré prescolaire, école primaire, degré secondaire I.Ecole primaire, degré secondaire I",1
BE,2020,"Enseignement, sciences, documentation et culture.Degré secondaire II.Ecole moyenne",1
BE,2020,"Enseignement, sciences, documentation et culture.Art, culture, sport.Encouragement à la culture",2
BE,2020,"Défense nationale, protection de la population, police",2
BE,2020,"Santé, travail, droit des assurances sociales, logement, homes",1
BE,2020,"Santé, travail, droit des assurances sociales, logement, homes.Santé.Urgences, ambulances",1
BE,2020,"Santé, travail, droit des assurances sociales, logement, homes.Santé.Lutte contre les maladies.Epidémies, pandémies",8
BE,2020,"Santé, travail, droit des assurances sociales, logement, homes.Droit des assurances sociales.Prestations complémentaires",1
BE,2020,"Santé, travail, droit des assurances sociales, logement, homes.Assistance.Aide sociale",1
BE,2021,Etat.Dispositions générales.Territoire.Frontières,1
BE,2021,Etat.Autorités.Gouvernement et administration.Administration.Départements,2
BE,2021,Etat.Autorités.Protection des données,1
BE,2021,Droit civil.Dispositions d'introduction du code civil.Droit de la famille.Tutelle,2
BE,2021,"Enseignement, sciences, documentation et culture.Degré secondaire II.Ecoles moyennes supérieures, écoles des culture générale, écoles de degré diplôme",2
BE,2021,"Enseignement, sciences, documentation et culture.Art, culture, sport.Art.Cinéma, théâtre, divertissement",1
BE,2021,"Santé, travail, droit des assurances sociales, logement, homes.Santé.Lutte contre les maladies.Epidémies, pandémies",1
BE,2021,"Santé, travail, droit des assurances sociales, logement, homes.Assistance.Aide sociale",2
BE,2021,"Santé, travail, droit des assurances sociales, logement, homes.Assistance.Protection de la jeunesse, aide à la jeunesse",1
BE,2022,Etat.Autorités.Gouvernement et administration.Administration.Départements,2
BE,2022,Etat.Autorités.Gouvernement et administration.Administration.Directions et offices,1
BE,2022,"Enseignement, sciences, documentation et culture",1
BE,2022,"Enseignement, sciences, documentation et culture.Degré prescolaire, école primaire, degré secondaire I.Ecole primaire, degré secondaire I",3
BE,2022,"Enseignement, sciences, documentation et culture.Art, culture, sport.Encouragement à la culture",1
BE,2022,"Santé, travail, droit des assurances sociales, logement, homes.Santé.Lutte contre les maladies.Epidémies, pandémies",1
BE,2023,Etat,1
BE,2023,"Enseignement, sciences, documentation et culture.Art, culture, sport.Encouragement à la culture",1
BE,2023,"Finances, Impôts, monopoles, entreprises d'état.Impôts.Impôts sur le revenu et la fortune / impôts sur les bénéfices et les capitaux.Impôt fédéral",1
BE,2023,"Aménagement du territoire et constructions, expropriation, travaux publics, énergie, transports, environnement.Energie.Electricité",1
BE,2023,"Santé, travail, droit des assurances sociales, logement, homes",1
BE,2023,"Santé, travail, droit des assurances sociales, logement, homes.Assistance.Homes.Etablissements pour personnes âgées",2
BE,2023,Economie.Arts et métiers.Services.Taxis,1
BE,2023,Economie.Commerce.Horaires de fermeture des magasins,1
BE,2024,"Etat.Dispositions générales.Territoire.Délimitations territoriales, districts",1
BE,2024,"Aménagement du territoire et constructions, expropriation, travaux publics, énergie, transports, environnement",1
BE,2025,Droit civil.Dispositions d'introduction du code civil.Droits réels.Estimation officielle des immeubles,1
BE,2025,"Enseignement, sciences, documentation et culture",3
BE,2025,"Défense nationale, protection de la population, police",1
BE,2025,Economie,1
BL,1902,"Aménagement du territoire et constructions, expropriation, travaux publics, énergie, transports, environnement.Energie.Electricité",1
BL,1909,"Finances, Impôts, monopoles, entreprises d'état.Monopoles, régales, entreprises d'état.Régale des sels",1
BL,1916,"Santé, travail, droit des assurances sociales, logement, homes.Droit des assurances sociales.LAA",1
BL,1925,"Santé, travail, droit des assurances sociales, logement, homes.Droit du travail.Employés.Sécurité",2
BL,1937,"Aménagement du territoire et constructions, expropriation, travaux publics, énergie, transports, environnement.Protection de la nature et du paysage.Protection des monuments et des biens culturels",1
BL,1938,"Santé, travail, droit des assurances sociales, logement, homes.Droit du travail.Employés.Sécurité",1
BL,1945,"Finances, Impôts, monopoles, entreprises d'état.Impôts.Droits de mutation",1
BL,1948,Etat.Dispositions générales.Armoiries,1
BL,1950,Etat.Eglise et Etat.Eglise catholique romaine,1
BL,1951,Etat,1
BL,1951,Etat.Autorités.Gouvernement et administration.Administration.Commissions,1
BL,1951,"Aménagement du territoire et constructions, expropriation, travaux publics, énergie, transports, environnement.Transports.Navigation aérienne.Aéronefs",1
BL,1951,"Santé, travail, droit des assurances sociales, logement, homes",1
BL,1952,Etat.Dispositions générales.Armoiries,1
BL,1957,Etat.Eglise et Etat.Eglise catholique romaine,1
BL,1959,"Aménagement du territoire et constructions, expropriation, travaux publics, énergie, transports, environnement.Protection de la nature et du paysage.Protection des animaux",1
BL,1959,"Santé, travail, droit des assurances sociales, logement, homes.Santé.Professions médicales.Sages-femmes",1
BL,1960,"Aménagement du territoire et constructions, expropriation, travaux publics, énergie, transports, environnement.Protection de la nature et du paysage.Protection des animaux",3
BL,1960,"Aménagement du territoire et constructions, expropriation, travaux publics, énergie, transports, environnement.Protection de la nature et du paysage.Protection de la nature",1
BL,1961,"Enseignement, sciences, documentation et culture.Documentation.Archives",1
BL,1963,"Aménagement du territoire et constructions, expropriation, travaux publics, énergie, transports, environnement",1
BL,1965,"Aménagement du territoire et constructions, expropriation, travaux publics, énergie, transports, environnement",1
BL,1965,"Aménagement du territoire et constructions, expropriation, travaux publics, énergie, transports, environnement.Transports.Circulation routière.Impôts et taxes de la circulation",1
BL,1967,"Finances, Impôts, monopoles, entreprises d'état.Impôts.Impôts sur le revenu et la fortune / impôts sur les bénéfices et les capitaux.Imputation forfaitaire d'impôt",1
BL,1968,"Enseignement, sciences, documentation et culture.Assurance de la qualité, surveillance, direction.Matériel scolaire",1
BL,1968,"Aménagement du territoire et constructions, expropriation, travaux publics, énergie, transports, environnement",1
BL,1968,"Aménagement du territoire et constructions, expropriation, travaux publics, énergie, transports, environnement.Protection de la nature et du paysage.Protection des animaux",1
BL,1968,"Santé, travail, droit des assurances sociales, logement, homes.Droit du travail.Employés.Dimanches et jours fériés",1
BL,1969,Economie.Agriculture.Production animale.Commerce du bétail,1
BL,1969,Economie.Arts et métiers.Services.Taxis,1
BL,1970,Etat.Dispositions générales.Procédure législative,1
BL,1971,"Aménagement du territoire et constructions, expropriation, travaux publics, énergie, transports, environnement.Protection de la nature et du paysage.Protection des animaux",1
BL,1972,Etat,2
BL,1972,"Finances, Impôts, monopoles, entreprises d'état.Monopoles, régales, entreprises d'état.Régale des sels",1
BL,1972,"Aménagement du territoire et constructions, expropriation, travaux publics, énergie, transports, environnement",2
BL,1973,"Aménagement du territoire et constructions, expropriation, travaux publics, énergie, transports, environnement",1
BL,1973,"Santé, travail, droit des assurances sociales, logement, homes",1
BL,1974,Etat.Autorités.Informatique.E-Government,1
BL,1974,"Enseignement, sciences, documentation et culture.Assurance de la qualité, surveillance, direction.Bâtiments scolaires",1
BL,1974,"Finances, Impôts, monopoles, entreprises d'état.Monopoles, régales, entreprises d'état.Pétrole",1
BL,1975,"Finances, Impôts, monopoles, entreprises d'état",1
BL,1975,"Santé, travail, droit des assurances sociales, logement, homes",1
BL,1975,Economie,1
BL,1976,"Aménagement du territoire et constructions, expropriation, travaux publics, énergie, transports, environnement.Protection de la nature et du paysage.Protection des monuments et des biens culturels",1
BL,1976,"Santé, travail, droit des assurances sociales, logement, homes",1
BL,1976,Economie,1
BL,1977,Etat.Dispositions générales.Information du public,1
BL,1977,"Aménagement du territoire et constructions, expropriation, travaux publics, énergie, transports, environnement",1
BL,1977,"Aménagement du territoire et constructions, expropriation, travaux publics, énergie, transports, environnement.Protection de la nature et du paysage.Protection de la nature",2
BL,1977,"Santé, travail, droit des assurances sociales, logement, homes.Santé.Professions médicales.Psychothérapeutes",1
BL,1978,Droit pénal.Amendes d'ordre,1
BL,1979,"Etat.Autorités.Gouvernement et administration.Droit du personnel.Pensions, prestations d'assurance",1
BL,1979,"Aménagement du territoire et constructions, expropriation, travaux publics, énergie, transports, environnement",2
BL,1979,"Aménagement du territoire et constructions, expropriation, travaux publics, énergie, transports, environnement.Protection de l'environnement.Protection contre les radiations",1
BL,1979,"Aménagement du territoire et constructions, expropriation, travaux publics, énergie, transports, environnement.Protection de la nature et du paysage.Protection de la nature",2
BL,1979,"Santé, travail, droit des assurances sociales, logement, homes.Droit des assurances sociales.AVS/AI",1
BL,1980,Etat.Dispositions générales.Publications officielles.feuilles officielles,1
BL,1980,"Aménagement du territoire et constructions, expropriation, travaux publics, énergie, transports, environnement",2
BL,1980,"Aménagement du territoire et constructions, expropriation, travaux publics, énergie, transports, environnement.Aménagement du territoire et constructions.Plans",1
BL,1980,"Aménagement du territoire et constructions, expropriation, travaux publics, énergie, transports, environnement.Protection de la nature et du paysage.Protection de la nature",1
BL,1980,"Economie.Arts et métiers.Services.Cinéma, théâtre, divertissement",1
BL,1981,"Etat.Autorités.Gouvernement et administration.Droit du personnel.Pensions, prestations d'assurance",2
BL,1981,"Défense nationale, protection de la population, police.Protection de la population.Protection contre les incendies / éléments naturels.Assurances des bâtiments.Assurance contre les dommages causés par les éléments naturels",1
BL,1981,"Finances, Impôts, monopoles, entreprises d'état",1
BL,1981,"Finances, Impôts, monopoles, entreprises d'état.Impôts.Impôts sur les successions et les donations",1
BL,1981,"Aménagement du territoire et constructions, expropriation, travaux publics, énergie, transports, environnement.Protection de la nature et du paysage.Protection de la nature",1
BL,1982,"Droit civil.Dispositions d'introduction du code civil.Droit de la famille.Accueil familial, adoption",1
BL,1982,"Défense nationale, protection de la population, police.Protection de la population.Protection contre les incendies / éléments naturels.Protection contre le feu, pompiers",1
BL,1982,"Finances, Impôts, monopoles, entreprises d'état.Finances.Contributions étatiques, subventions",1
BL,1983,"Droit civil.Dispositions d'introduction du code civil.Droits réels.Registre foncier, mensurations cadastrales",1
BL,1983,"Enseignement, sciences, documentation et culture.Degré secondaire II: Formation professionnelle initiale.Ecoles professionnelles.Enseignement ménager",1
BL,1983,"Aménagement du territoire et constructions, expropriation, travaux publics, énergie, transports, environnement.Protection de la nature et du paysage.Protection des animaux",1
BL,1984,Etat.Autorités.Gouvernement et administration.Procédure administrative,1
BL,1984,Etat.Autorités.Informatique.E-Government,1
BL,1984,"Droit civil.Dispositions d'introduction du code civil.Droits réels.Registre foncier, mensurations cadastrales",1
BL,1984,"Enseignement, sciences, documentation et culture.Degré prescolaire, école primaire, degré secondaire I.Ecole enfantine",1
BL,1984,"Enseignement, sciences, documentation et culture.Degré prescolaire, école primaire, degré secondaire I.Ecole primaire, degré secondaire I",1
BL,1984,"Enseignement, sciences, documentation et culture.Degré secondaire II.Ecoles moyennes supérieures, écoles des culture générale, écoles de degré diplôme",1
BL,1984,"Enseignement, sciences, documentation et culture.Degré secondaire II: Formation professionnelle initiale.Ecoles préparant à la maturité professionnelle",1
BL,1984,"Enseignement, sciences, documentation et culture.Pédagogie spécialisée.Ecoles spécialisées",1
BL,1984,"Enseignement, sciences, documentation et culture.Assurance de la qualité, surveillance, direction.Direction",1
BL,1984,"Finances, Impôts, monopoles, entreprises d'état",1
BL,1984,"Aménagement du territoire et constructions, expropriation, travaux publics, énergie, transports, environnement",1
BL,1984,"Santé, travail, droit des assurances sociales, logement, homes.Santé.Etique",1
BL,1984,"Santé, travail, droit des assurances sociales, logement, homes.Santé.Urgences, ambulances",1
BL,1984,"Santé, travail, droit des assurances sociales, logement, homes.Santé.Lutte contre les maladies.Epidémies, pandémies",1
BL,1984,"Santé, travail, droit des assurances sociales, logement, homes.Droit du travail.Marché du travail.Envoi de travailleurs à l'étranger",1
BL,1984,"Santé, travail, droit des assurances sociales, logement, homes.Droit du travail.Marché du travail.Travail au noir",1
BL,1984,"Santé, travail, droit des assurances sociales, logement, homes.Droit des assurances sociales.Assurance-chômage",1
BL,1984,Economie,1
BL,1984,Economie.Commerce.Protection des consommateurs,1
BL,1985,"Aménagement du territoire et constructions, expropriation, travaux publics, énergie, transports, environnement",1
BL,1985,"Santé, travail, droit des assurances sociales, logement, homes.Santé.Professions médicales.Médecins",1
BL,1985,"Santé, travail, droit des assurances sociales, logement, homes.Assistance.Conseil aux femmes enceintes",1
BL,1987,"Finances, Impôts, monopoles, entreprises d'état",1
BL,1987,Economie.Commerce.Surveillance des prix,1
BL,1988,"Etat.Autorités.Organisation judiciaire.Autorités judiciaires.Juges d'instruction, Ministère public.Ministère public",1
BL,1988,Droit pénal.Exécution des peines et des mesures.Patronage,1
BL,1988,"Aménagement du territoire et constructions, expropriation, travaux publics, énergie, transports, environnement",1
BL,1988,"Aménagement du territoire et constructions, expropriation, travaux publics, énergie, transports, environnement.Travaux publics.Bâtiments et terrains publics",1
BL,1988,"Santé, travail, droit des assurances sociales, logement, homes",1
BL,1988,"Santé, travail, droit des assurances sociales, logement, homes.Santé.Etablissements hospitaliers, cliniques.Droits des patients",1
BL,1989,"Etat.Autorités.Gouvernement et administration.Droit du personnel.Pensions, prestations d'assurance",1
BL,1989,"Enseignement, sciences, documentation et culture",1
BL,1989,"Défense nationale, protection de la population, police.Sécurité intérieure.Police.Personnel",1
BL,1990,Etat,1
BL,1990,Etat.Autorités.Gouvernement et administration.Administration.Commissions,1
BL,1990,Etat.Autorités.Gouvernement et administration.Emoluments administratifs,2
BL,1990,"Enseignement, sciences, documentation et culture.Art, culture, sport.Encouragement à la culture",1
BL,1990,"Aménagement du territoire et constructions, expropriation, travaux publics, énergie, transports, environnement",1
BL,1990,"Aménagement du territoire et constructions, expropriation, travaux publics, énergie, transports, environnement.Protection de l'environnement.Déchets",1
BL,1990,"Aménagement du territoire et constructions, expropriation, travaux publics, énergie, transports, environnement.Protection de la nature et du paysage.Protection de la nature",1
BL,1990,"Santé, travail, droit des assurances sociales, logement, homes",1
BL,1990,"Santé, travail, droit des assurances sociales, logement, homes.Santé.Professions médicales.Médecins",1
BL,1991,Etat,2
BL,1991,Etat.Dispositions générales.Information du public,1
BL,1991,"Etat.Professions juridiques.Notaires.Taxes, tarifs",1
BL,1991,"Enseignement, sciences, documentation et culture.Corps enseignant.Traitement, indemnités",1
BL,1991,"Enseignement, sciences, documentation et culture.Assurance de la qualité, surveillance, direction.Médecine scolaire, services psychologiques scolaires",1
BL,1991,"Enseignement, sciences, documentation et culture.Documentation.Bibliothèques",1
BL,1991,"Aménagement du territoire et constructions, expropriation, travaux publics, énergie, transports, environnement",1
BL,1991,"Aménagement du territoire et constructions, expropriation, travaux publics, énergie, transports, environnement.Protection de la nature et du paysage.Protection de la nature",1
BL,1991,"Santé, travail, droit des assurances sociales, logement, homes",1
BL,1991,"Santé, travail, droit des assurances sociales, logement, homes.Assistance.Homes.Etablissements pour personnes âgées",1
BL,1992,"Aménagement du territoire et constructions, expropriation, travaux publics, énergie, transports, environnement",1
BL,1992,"Aménagement du territoire et constructions, expropriation, travaux publics, énergie, transports, environnement.Travaux publics.Bâtiments et terrains publics",1
BL,1992,"Aménagement du territoire et constructions, expropriation, travaux publics, énergie, transports, environnement.Protection de la nature et du paysage.Protection de la nature",1
BL,1992,"Santé, travail, droit des assurances sociales, logement, homes",1
BL,1992,"Santé, travail, droit des assurances sociales, logement, homes.Droit du travail.Employés.Temps de travail",1
BL,1993,Etat.Autorités.Gouvernement et administration.Emoluments administratifs,1
BL,1993,"Droit civil.Dispositions d'introduction du code civil.Droit des personnes, état civil.Fondations, surveillance.Fondations LPP",1
BL,1993,"Droit civil.Dispositions d'introduction du code civil.Droits réels.Registre foncier, mensurations cadastrales",1
BL,1993,Droit pénal.Procédure pénale.Aide aux victimes d'infractions,1
BL,1993,"Enseignement, sciences, documentation et culture.Contributions à la formation.Bourses d'études",1
BL,1993,"Enseignement, sciences, documentation et culture.Assurance de la qualité, surveillance, direction.Bâtiments scolaires",1
BL,1993,"Finances, Impôts, monopoles, entreprises d'état.Finances.Contributions étatiques, subventions",1
BL,1993,"Aménagement du territoire et constructions, expropriation, travaux publics, énergie, transports, environnement.Aménagement du territoire et constructions.Equipement",1
BL,1993,"Aménagement du territoire et constructions, expropriation, travaux publics, énergie, transports, environnement.Transports.Circulation routière.Impôts et taxes de la circulation",1
BL,1993,"Aménagement du territoire et constructions, expropriation, travaux publics, énergie, transports, environnement.Protection de l'environnement.Déchets",1
BL,1993,"Aménagement du territoire et constructions, expropriation, travaux publics, énergie, transports, environnement.Protection de la nature et du paysage.Protection des animaux",1
BL,1993,"Aménagement du territoire et constructions, expropriation, travaux publics, énergie, transports, environnement.Protection de la nature et du paysage.Protection de la nature",2
BL,1993,"Santé, travail, droit des assurances sociales, logement, homes",1
BL,1993,Economie.Agriculture.Droit foncier rural,1
BL,1994,Etat.Autorités.Gouvernement et administration.Administration.Directions et offices,2
BL,1994,Etat.Autorités.Gouvernement et administration.Emoluments administratifs,1
BL,1994,"Finances, Impôts, monopoles, entreprises d'état.Impôts.Impôts sur le revenu et la fortune / impôts sur les bénéfices et les capitaux.Impôt fédéral",1
BL,1994,"Finances, Impôts, monopoles, entreprises d'état.Impôts.Impôts sur le revenu et la fortune / impôts sur les bénéfices et les capitaux.Impôt à la source",1
BL,1994,"Aménagement du territoire et constructions, expropriation, travaux publics, énergie, transports, environnement.Aménagement du territoire et constructions.Plans",1
BL,1994,"Aménagement du territoire et constructions, expropriation, travaux publics, énergie, transports, environnement.Protection de l'environnement.Déchets",1
BL,1994,"Aménagement du territoire et constructions, expropriation, travaux publics, énergie, transports, environnement.Protection de l'environnement.Produits toxiques et chimiques",1
BL,1994,"Aménagement du territoire et constructions, expropriation, travaux publics, énergie, transports, environnement.Protection de la nature et du paysage.Protection de la nature",2
BL,1994,"Santé, travail, droit des assurances sociales, logement, homes.Droit des assurances sociales.AVS/AI",1
BL,1995,Etat,1
BL,1995,"Etat.Autorités.Organisation judiciaire.Autorités judiciaires.Prud'hommes, Tribunaux des baux à loyer",1
BL,1995,"Droit civil.Dispositions d'introduction du code civil.Droits réels.Registre foncier, mensurations cadastrales",1
BL,1995,Droit pénal.Amendes d'ordre,1
BL,1995,"Finances, Impôts, monopoles, entreprises d'état",1
BL,1995,"Aménagement du territoire et constructions, expropriation, travaux publics, énergie, transports, environnement",2
BL,1995,"Santé, travail, droit des assurances sociales, logement, homes.Santé.Professions médicales.Médecins",1
BL,1995,"Santé, travail, droit des assurances sociales, logement, homes.Droit du travail.Employés.Temps de travail",1
BL,1995,"Santé, travail, droit des assurances sociales, logement, homes.Assistance.Homes.Etablissements pour personnes âgées",2
BL,1996,"Enseignement, sciences, documentation et culture.Assurance de la qualité, surveillance, direction.Médecine scolaire, services psychologiques scolaires",1
BL,1996,"Défense nationale, protection de la population, police.Protection de la population.Protection contre les incendies / éléments naturels.Protection contre les incendies",1
BL,1996,"Finances, Impôts, monopoles, entreprises d'état",1
BL,1996,"Finances, Impôts, monopoles, entreprises d'état.Finances.Budget, comptes",1
BL,1996,"Aménagement du territoire et constructions, expropriation, travaux publics, énergie, transports, environnement",1
BL,1996,"Aménagement du territoire et constructions, expropriation, travaux publics, énergie, transports, environnement.Aménagement du territoire et constructions.Affichage et publicité",1
BL,1996,"Aménagement du territoire et constructions, expropriation, travaux publics, énergie, transports, environnement.Protection de la nature et du paysage.Protection de la nature",1
BL,1996,"Santé, travail, droit des assurances sociales, logement, homes.Santé.Professions médicales.Personnel soignant",1
BL,1997,"Droit civil.Dispositions d'introduction du code civil.Droits réels.Registre foncier, mensurations cadastrales",1
BL,1997,"Enseignement, sciences, documentation et culture.Assurance de la qualité, surveillance, direction.Médecine scolaire, services psychologiques scolaires",1
BL,1997,"Défense nationale, protection de la population, police.Protection de la population.Protection contre les incendies / éléments naturels.Protection contre le feu, pompiers",1
BL,1997,"Défense nationale, protection de la population, police.Protection de la population.Protection contre les incendies / éléments naturels.Ramoneurs",1
BL,1997,"Défense nationale, protection de la population, police.Sécurité intérieure.Maintien de la tranquillité et de l'ordre public.Chiens, animaux dangereux",1
BL,1997,"Aménagement du territoire et constructions, expropriation, travaux publics, énergie, transports, environnement.Protection de la nature et du paysage.Protection de la nature",4
BL,1997,"Santé, travail, droit des assurances sociales, logement, homes",3
BL,1997,"Santé, travail, droit des assurances sociales, logement, homes.Santé.Professions médicales.Vétérinaires",1
BL,1997,"Santé, travail, droit des assurances sociales, logement, homes.Santé.Substances thérapeutiques, stupéfiants",1
BL,1997,"Santé, travail, droit des assurances sociales, logement, homes.Santé.Hygiène.Denrées alimentaires, objets d'usage courant.Viandes.Abattoirs",1
BL,1997,"Santé, travail, droit des assurances sociales, logement, homes.Droit des assurances sociales.Prestations complémentaires",1
BL,1997,Economie.Agriculture.Epizooties,1
BL,1998,Etat.Dispositions générales.Documents d'identité,2
BL,1998,"Etat.Dispositions générales.Droits fondamentaux, droits politiques.égalité entre hommes et femmes",1
BL,1998,Etat.Communes.Finances communales,1
BL,1998,"Droit civil.Dispositions d'introduction du code civil.Droits réels.Registre foncier, mensurations cadastrales",1
BL,1998,Droit civil.Dispositions générales d'introduction du code des obligations.Des divers contrats.Contrat de travail.Contrats-type.Employés de maison,1
BL,1998,"Enseignement, sciences, documentation et culture.Degré secondaire II: Formation professionnelle initiale.Ecoles professionnelles.Enseignement ménager",1
BL,1998,"Enseignement, sciences, documentation et culture.Assurance de la qualité, surveillance, direction.Médecine scolaire, services psychologiques scolaires",1
BL,1998,"Finances, Impôts, monopoles, entreprises d'état",1
BL,1998,"Aménagement du territoire et constructions, expropriation, travaux publics, énergie, transports, environnement",2
BL,1998,"Aménagement du territoire et constructions, expropriation, travaux publics, énergie, transports, environnement.Travaux publics.Aménagement des eaux.Utilisation des eaux",1
BL,1998,"Aménagement du territoire et constructions, expropriation, travaux publics, énergie, transports, environnement.Protection de l'environnement.Protection contre le bruit",1
BL,1998,"Aménagement du territoire et constructions, expropriation, travaux publics, énergie, transports, environnement.Protection de la nature et du paysage.Protection de la nature",8
BL,1998,"Santé, travail, droit des assurances sociales, logement, homes",2
BL,1998,"Santé, travail, droit des assurances sociales, logement, homes.Santé.Soins à domicile",1
BL,1998,"Santé, travail, droit des assurances sociales, logement, homes.Droit du travail.Employés.Mobbing, harcèlement sexuel",1
BL,1998,Economie,3
BL,1998,Economie.Agriculture.Mesures d'encouragement,1
BL,1998,Economie.Arts et métiers.Services.Professions soumises à autorisation,1
BL,1999,Etat,2
BL,1999,Etat.Dispositions générales.Documents d'identité,1
BL,1999,Etat.Autorités.Gouvernement et administration.Administration.Directions et offices,1
BL,1999,Etat.Communes.Finances communales,1
BL,1999,Etat.Professions juridiques.Notaires.Formation,1
BL,1999,"Droit civil.Dispositions d'introduction du code civil.Droits réels.Registre foncier, mensurations cadastrales",1
BL,1999,"Enseignement, sciences, documentation et culture.Assurance de la qualité, surveillance, direction.Médecine scolaire, services psychologiques scolaires",1
BL,1999,"Défense nationale, protection de la population, police.Sécurité intérieure.Armes et munitions",1
BL,1999,"Aménagement du territoire et constructions, expropriation, travaux publics, énergie, transports, environnement",1
BL,1999,"Aménagement du territoire et constructions, expropriation, travaux publics, énergie, transports, environnement.Protection de la nature et du paysage.Protection de la nature",10
BL,1999,"Santé, travail, droit des assurances sociales, logement, homes",1
BL,1999,"Santé, travail, droit des assurances sociales, logement, homes.Santé.Soins à domicile",1
BL,1999,"Santé, travail, droit des assurances sociales, logement, homes.Droit des assurances sociales.Prestations complémentaires",1
BL,1999,Economie,3
BL,2000,Etat,5
BL,2000,"Etat.Dispositions générales.Droits fondamentaux, droits politiques.égalité entre hommes et femmes",1
BL,2000,Etat.Communes.Contributions financières des communes,1
BL,2000,"Enseignement, sciences, documentation et culture.Degré secondaire II: Formation professionnelle initiale.Solutions transitoires",1
BL,2000,"Aménagement du territoire et constructions, expropriation, travaux publics, énergie, transports, environnement",1
BL,2000,"Aménagement du territoire et constructions, expropriation, travaux publics, énergie, transports, environnement.Travaux publics.Marchés publics",1
BL,2000,"Aménagement du territoire et constructions, expropriation, travaux publics, énergie, transports, environnement.Protection de la nature et du paysage.Protection de la nature",12
BL,2000,"Santé, travail, droit des assurances sociales, logement, homes",1
BL,2001,Etat.Dispositions générales.Collaboration intercantonale,1
BL,2001,"Etat.Dispositions générales.Droits fondamentaux, droits politiques.égalité entre hommes et femmes",1
BL,2001,"Enseignement, sciences, documentation et culture",1
BL,2001,"Défense nationale, protection de la population, police.Sécurité intérieure.Police.Taxes",1
BL,2001,"Finances, Impôts, monopoles, entreprises d'état.Finances.Contributions étatiques, subventions",1
BL,2001,"Finances, Impôts, monopoles, entreprises d'état.Monopoles, régales, entreprises d'état.Chasse.Chasseurs",1
BL,2001,"Aménagement du territoire et constructions, expropriation, travaux publics, énergie, transports, environnement.Protection de la nature et du paysage.Protection de la nature",3
BL,2001,"Santé, travail, droit des assurances sociales, logement, homes",4
BL,2001,"Santé, travail, droit des assurances sociales, logement, homes.Santé.Prévention des dépendances.Alcoolisme",1
BL,2001,"Santé, travail, droit des assurances sociales, logement, homes.Droit du travail.Marché du travail.Travail au noir",1
BL,2002,Etat,3
BL,2002,Etat.Dispositions générales.Documents d'identité,1
BL,2002,Etat.Autorités.Gouvernement et administration.Administration.Directions et offices,1
BL,2002,"Droit civil.Dispositions d'introduction du code civil.Droit de la famille.Accueil familial, adoption",1
BL,2002,Droit civil.Procédure civile.Exécution,1
BL,2002,"Enseignement, sciences, documentation et culture",1
BL,2002,"Enseignement, sciences, documentation et culture.Degré secondaire II: Formation professionnelle initiale.Orientation professionnelle",1
BL,2002,"Enseignement, sciences, documentation et culture.Assurance de la qualité, surveillance, direction.Médecine scolaire, services psychologiques scolaires",1
BL,2002,"Enseignement, sciences, documentation et culture.Assurance de la qualité, surveillance, direction.Assurance qualité",1
BL,2002,"Enseignement, sciences, documentation et culture.Ecoles privées",1
BL,2002,"Aménagement du territoire et constructions, expropriation, travaux publics, énergie, transports, environnement.Aménagement du territoire et constructions.Procédure",1
BL,2002,"Aménagement du territoire et constructions, expropriation, travaux publics, énergie, transports, environnement.Protection de la nature et du paysage.Protection de la nature",13
BL,2002,"Santé, travail, droit des assurances sociales, logement, homes",1
BL,2002,"Santé, travail, droit des assurances sociales, logement, homes.Droit du travail.Employés.Sécurité",1
BL,2002,"Santé, travail, droit des assurances sociales, logement, homes.Droit des assurances sociales.LAMAL.Réduction des primes",1
BL,2002,"Santé, travail, droit des assurances sociales, logement, homes.Droit des assurances sociales.LAMAL.Limitation de l'admission des fournisseurs de prestations",1
BL,2002,Economie,1
BL,2002,Economie.Commerce.Commerce itinérant,1
BL,2003,Etat,2
BL,2003,Etat.Communes.Finances communales,1
BL,2003,Droit civil.Dispositions d'introduction du code civil.Droit de la famille.Tutelle,1
BL,2003,"Enseignement, sciences, documentation et culture",1
BL,2003,"Enseignement, sciences, documentation et culture.Degré prescolaire, école primaire, degré secondaire I.Ecole enfantine",1
BL,2003,"Enseignement, sciences, documentation et culture.Degré prescolaire, école primaire, degré secondaire I.Ecole primaire, degré secondaire I",1
BL,2003,"Enseignement, sciences, documentation et culture.Degré secondaire II.Ecole moyenne",1
BL,2003,"Enseignement, sciences, documentation et culture.Degré tertiaire: Hautes écoles.Pédagogie",1
BL,2003,"Enseignement, sciences, documentation et culture.Pédagogie spécialisée.Ecoles d'art et de sport",1
BL,2003,"Enseignement, sciences, documentation et culture.Corps enseignant.Formation",1
BL,2003,"Enseignement, sciences, documentation et culture.Art, culture, sport.Sport",1
BL,2003,"Défense nationale, protection de la population, police.Sécurité intérieure.Maintien de la tranquillité et de l'ordre public.Chiens, animaux dangereux",1
BL,2003,"Finances, Impôts, monopoles, entreprises d'état.Monopoles, régales, entreprises d'état.Alcool",1
BL,2003,"Aménagement du territoire et constructions, expropriation, travaux publics, énergie, transports, environnement",1
BL,2003,"Aménagement du territoire et constructions, expropriation, travaux publics, énergie, transports, environnement.Protection de la nature et du paysage.Protection de la nature",1
BL,2003,Economie.Arts et métiers.Services.Crédit à la consommation,1
BL,2004,Etat,2
BL,2004,"Etat.Autorités.Gouvernement et administration.Droit du personnel.Traitements, indemnités",1
BL,2004,Etat.Autorités.Gouvernement et administration.Procédure administrative,1
BL,2004,"Etat.Autorités.Organisation judiciaire.Emoluments judiciaires, frais de justice",1
BL,2004,"Enseignement, sciences, documentation et culture",1
BL,2004,"Enseignement, sciences, documentation et culture.Degré prescolaire, école primaire, degré secondaire I.Ecole primaire, degré secondaire I",1
BL,2004,"Enseignement, sciences, documentation et culture.Pédagogie spécialisée.Enfants surdoués",1
BL,2004,"Enseignement, sciences, documentation et culture.Pédagogie spécialisée.Logopédie",1
BL,2004,"Enseignement, sciences, documentation et culture.Sciences, recherche",1
BL,2004,"Enseignement, sciences, documentation et culture.Art, culture, sport.Sport",1
BL,2004,"Finances, Impôts, monopoles, entreprises d'état.Entreprises d'Etat.Banques cantonales",1
BL,2004,"Aménagement du territoire et constructions, expropriation, travaux publics, énergie, transports, environnement",1
BL,2004,"Aménagement du territoire et constructions, expropriation, travaux publics, énergie, transports, environnement.Transports.Conduites",1
BL,2004,"Aménagement du territoire et constructions, expropriation, travaux publics, énergie, transports, environnement.Protection de l'environnement.Substances dangereuses pour l'environnement",1
BL,2004,"Santé, travail, droit des assurances sociales, logement, homes",1
BL,2004,"Santé, travail, droit des assurances sociales, logement, homes.Droit du travail.Marché du travail.Envoi de travailleurs à l'étranger",1
BL,2004,"Santé, travail, droit des assurances sociales, logement, homes.Droit des assurances sociales.Assurance-chômage",1
BL,2004,Economie,1
BL,2004,Economie.Agriculture.Améliorations foncières,1
BL,2004,Economie.Arts et métiers.Services.Jeux de hasard et loteries.Fonds de loterie,1
BL,2005,Etat.Dispositions générales.Etablissement et séjour.Etablissement et séjour des étrangers.intégration,1
BL,2005,"Droit civil.Dispositions d'introduction du code civil.Droits réels.Registre foncier, mensurations cadastrales",1
BL,2005,"Enseignement, sciences, documentation et culture",2
BL,2005,"Enseignement, sciences, documentation et culture.Degré secondaire II.Ecole moyenne",1
BL,2005,"Enseignement, sciences, documentation et culture.Corps enseignant.Engagement",1
BL,2005,"Enseignement, sciences, documentation et culture.Corps enseignant.Traitement, indemnités",1
BL,2005,"Enseignement, sciences, documentation et culture.Assurance de la qualité, surveillance, direction.Médecine scolaire, services psychologiques scolaires",1
BL,2005,"Défense nationale, protection de la population, police.Défense.Taxe d'exemption",1
BL,2005,"Finances, Impôts, monopoles, entreprises d'état.Impôts.Impôts sur le revenu et la fortune / impôts sur les bénéfices et les capitaux.Impôt cantonal",1
BL,2005,"Aménagement du territoire et constructions, expropriation, travaux publics, énergie, transports, environnement",1
BL,2005,"Aménagement du territoire et constructions, expropriation, travaux publics, énergie, transports, environnement.Energie.Electricité",1
BL,2005,"Aménagement du territoire et constructions, expropriation, travaux publics, énergie, transports, environnement.Protection de l'environnement.Protection des eaux",1
BL,2005,"Aménagement du territoire et constructions, expropriation, travaux publics, énergie, transports, environnement.Protection de la nature et du paysage.Protection de la nature",1
BL,2005,"Santé, travail, droit des assurances sociales, logement, homes",2
BL,2005,"Santé, travail, droit des assurances sociales, logement, homes.Droit des assurances sociales.Allocations familiales.Travailleurs agricoles",1
BL,2005,"Santé, travail, droit des assurances sociales, logement, homes.Assistance.Homes.Etablissements pour personnes âgées",1
BL,2006,Etat.Dispositions générales.Procédure législative,1
BL,2006,"Enseignement, sciences, documentation et culture.Assurance de la qualité, surveillance, direction.Bâtiments scolaires",1
BL,2006,"Enseignement, sciences, documentation et culture.Documentation.Bibliothèques",1
BL,2006,"Enseignement, sciences, documentation et culture.Art, culture, sport.Sport",2
BL,2006,"Aménagement du territoire et constructions, expropriation, travaux publics, énergie, transports, environnement.Protection de la nature et du paysage.Protection de la nature",3
BL,2006,"Santé, travail, droit des assurances sociales, logement, homes.Santé.Hygiène.Denrées alimentaires, objets d'usage courant.Surveillance des aliments",1
BL,2006,"Santé, travail, droit des assurances sociales, logement, homes.Assistance.Homes.Etablissements pour personnes âgées",1
BL,2007,Etat.Dispositions générales.Etablissement et séjour.Etablissement et séjour des étrangers.intégration,1
BL,2007,Etat.Dispositions générales.Publications officielles.feuilles officielles,1
BL,2007,Etat.Autorités.Gouvernement et administration.Procédure administrative,1
BL,2007,"Etat.Professions juridiques.Notaires.Taxes, tarifs",1
BL,2007,"Aménagement du territoire et constructions, expropriation, travaux publics, énergie, transports, environnement.Protection de l'environnement.Hygiène de l'air.Poussières fines/smog",1
BL,2007,"Aménagement du territoire et constructions, expropriation, travaux publics, énergie, transports, environnement.Protection de la nature et du paysage.Protection de la nature",4
BL,2007,"Santé, travail, droit des assurances sociales, logement, homes",3
BL,2007,"Santé, travail, droit des assurances sociales, logement, homes.Santé.Professions médicales.Médecins",2
BL,2007,Economie.Promotion de l'économie,1
BL,2008,Etat,1
BL,2008,Etat.Dispositions générales.Etablissement et séjour.Etablissement et séjour Suisses.contrôle des habitants,1
BL,2008,"Enseignement, sciences, documentation et culture.Degré prescolaire, école primaire, degré secondaire I.Ecole primaire, degré secondaire I",1
BL,2008,"Enseignement, sciences, documentation et culture.Documentation.Statistique",1
BL,2008,"Aménagement du territoire et constructions, expropriation, travaux publics, énergie, transports, environnement.Travaux publics.Marchés publics",1
BL,2008,"Santé, travail, droit des assurances sociales, logement, homes.Santé.Professions médicales.Sages-femmes",1
BL,2008,"Santé, travail, droit des assurances sociales, logement, homes.Droit du travail.Employés.Dimanches et jours fériés",1
BL,2008,"Santé, travail, droit des assurances sociales, logement, homes.Droit des assurances sociales.Allocations familiales.Salariés et indépendants",1
BL,2009,Etat,1
BL,2009,"Etat.Autorités.Gouvernement et administration.Droit du personnel.Traitements, indemnités",1
BL,2009,"Finances, Impôts, monopoles, entreprises d'état.Finances.Budget, comptes",1
BL,2009,"Aménagement du territoire et constructions, expropriation, travaux publics, énergie, transports, environnement.Protection de la nature et du paysage.Protection des animaux",1
BL,2009,"Aménagement du territoire et constructions, expropriation, travaux publics, énergie, transports, environnement.Protection de la nature et du paysage.Protection de la nature",12
BL,2009,"Santé, travail, droit des assurances sociales, logement, homes.Santé.Professions médicales.Médecins",1
BL,2010,Etat.Autorités.Gouvernement et administration.Administration.Directions et offices,1
BL,2010,Droit pénal.Procédure pénale.Emoluments,1
BL,2010,"Enseignement, sciences, documentation et culture.Degré secondaire II: Formation professionnelle initiale.Ecoles professionnelles.Enseignement ménager",1
BL,2010,"Finances, Impôts, monopoles, entreprises d'état",1
BL,2010,"Finances, Impôts, monopoles, entreprises d'état.Finances.Budget, comptes",1
BL,2010,"Aménagement du territoire et constructions, expropriation, travaux publics, énergie, transports, environnement.Travaux publics.Routes.Chemins pédestres et de randonnée",1
BL,2010,"Aménagement du territoire et constructions, expropriation, travaux publics, énergie, transports, environnement.Protection de la nature et du paysage.Protection de la nature",6
BL,2010,"Santé, travail, droit des assurances sociales, logement, homes.Droit du travail.Employés.Dimanches et jours fériés",1
BL,2011,Etat,1
BL,2011,"Enseignement, sciences, documentation et culture.Degré secondaire II.Ecoles moyennes supérieures, écoles des culture générale, écoles de degré diplôme",1
BL,2011,"Enseignement, sciences, documentation et culture.Degré secondaire II: Formation professionnelle initiale.Orientation professionnelle",1
BL,2011,"Enseignement, sciences, documentation et culture.Assurance de la qualité, surveillance, direction.Bâtiments scolaires",2
BL,2011,"Finances, Impôts, monopoles, entreprises d'état",1
BL,2011,"Aménagement du territoire et constructions, expropriation, travaux publics, énergie, transports, environnement.Protection de la nature et du paysage.Protection de la nature",16
BL,2011,"Santé, travail, droit des assurances sociales, logement, homes",1
BL,2011,"Santé, travail, droit des assurances sociales, logement, homes.Santé.Hygiène.Denrées alimentaires, objets d'usage courant.Surveillance des aliments",1
BL,2012,Etat.Autorités.Gouvernement et administration.Emoluments administratifs,1
BL,2012,Etat.Autorités.Gouvernement et administration.New Public Management,1
BL,2012,Droit civil.Dispositions d'introduction du code civil.Droit de la famille.Tutelle,1
BL,2012,"Enseignement, sciences, documentation et culture",1
BL,2012,"Finances, Impôts, monopoles, entreprises d'état.Impôts.Impôts sur le revenu et la fortune / impôts sur les bénéfices et les capitaux.Impôt cantonal",1
BL,2012,"Aménagement du territoire et constructions, expropriation, travaux publics, énergie, transports, environnement.Transports.Circulation routière.Police de la circulation",1
BL,2012,"Aménagement du territoire et constructions, expropriation, travaux publics, énergie, transports, environnement.Protection de la nature et du paysage.Protection de la nature",13
BL,2012,Economie.Arts et métiers.Services.Taxis,1
BL,2013,Etat,5
BL,2013,Etat.Autorités.Gouvernement et administration.Administration.Directions et offices,1
BL,2013,Etat.Autorités.Gouvernement et administration.Emoluments administratifs,1
BL,2013,"Défense nationale, protection de la population, police.Protection de la population.Protection contre les incendies / éléments naturels.Protection contre le feu, pompiers",1
BL,2013,"Finances, Impôts, monopoles, entreprises d'état",1
BL,2013,"Aménagement du territoire et constructions, expropriation, travaux publics, énergie, transports, environnement.Protection de la nature et du paysage.Protection de la nature",2
BL,2013,"Santé, travail, droit des assurances sociales, logement, homes",1
BL,2013,Economie.Arts et métiers.Services.Tourisme,1
BL,2014,"Etat.Autorités.Gouvernement et administration.Droit du personnel.Pensions, prestations d'assurance",2
BL,2014,Etat.Autorités.Protection des données,1
BL,2014,"Aménagement du territoire et constructions, expropriation, travaux publics, énergie, transports, environnement.Protection de la nature et du paysage.Protection de la nature",5
BL,2015,Etat,1
BL,2015,"Finances, Impôts, monopoles, entreprises d'état.Finances.Budget, comptes",1
BL,2015,"Aménagement du territoire et constructions, expropriation, travaux publics, énergie, transports, environnement.Protection de la nature et du paysage.Protection de la nature",1
BL,2016,"Etat.Autorités.Gouvernement et administration.Droit du personnel.Commissions du personnel, commissions paritaires",1
BL,2016,Droit civil.Dispositions d'introduction du code civil.Droit de la famille.Tutelle,1
BL,2016,"Droit civil.Dispositions d'introduction du code civil.Droit de la famille.Accueil familial, adoption",1
BL,2016,"Enseignement, sciences, documentation et culture.Degré prescolaire, école primaire, degré secondaire I.Crèches",1
BL,2016,"Enseignement, sciences, documentation et culture.Degré prescolaire, école primaire, degré secondaire I.Ecole primaire, degré secondaire I",1
BL,2016,"Enseignement, sciences, documentation et culture.Art, culture, sport.Encouragement à la culture",1
BL,2016,"Aménagement du territoire et constructions, expropriation, travaux publics, énergie, transports, environnement",1
BL,2016,"Aménagement du territoire et constructions, expropriation, travaux publics, énergie, transports, environnement.Travaux publics.Marchés publics",1
BL,2016,"Aménagement du territoire et constructions, expropriation, travaux publics, énergie, transports, environnement.Protection de la nature et du paysage.Protection de la nature",1
BL,2016,Economie.Promotion de l'économie,1
BL,2017,Etat.Autorités.Gouvernement et administration.Procédure administrative,1
BL,2017,Etat.Autorités.Gouvernement et administration.New Public Management,1
BL,2017,"Droit civil.Dispositions d'introduction du code civil.Droits réels.Registre foncier, mensurations cadastrales",1
BL,2017,"Enseignement, sciences, documentation et culture",1
BL,2017,"Finances, Impôts, monopoles, entreprises d'état.Finances.Contributions étatiques, subventions",1
BL,2017,"Aménagement du territoire et constructions, expropriation, travaux publics, énergie, transports, environnement.Protection de la nature et du paysage.Protection de la nature",2
BL,2018,Etat.Communes.Répartition des tâches entre canton et communes,1
BL,2018,Etat.Eglise et Etat.Eglise évangélique réformée,1
BL,2018,"Aménagement du territoire et constructions, expropriation, travaux publics, énergie, transports, environnement.Protection de la nature et du paysage.Protection de la nature",3
BL,2018,"Santé, travail, droit des assurances sociales, logement, homes",1
BL,2019,"Enseignement, sciences, documentation et culture.Degré tertiaire: Ecoles supérieures",1
BL,2019,"Finances, Impôts, monopoles, entreprises d'état.Finances.Contributions étatiques, subventions",1
BL,2019,"Santé, travail, droit des assurances sociales, logement, homes",1
BL,2020,Etat,1
BL,2020,"Aménagement du territoire et constructions, expropriation, travaux publics, énergie, transports, environnement.Protection de la nature et du paysage.Protection de la nature",2
BL,2020,"Santé, travail, droit des assurances sociales, logement, homes.Santé.Lutte contre les maladies.Epidémies, pandémies",4
BL,2021,Etat.Dispositions générales.Etablissement et séjour.Etablissement et séjour Suisses.contrôle des habitants,1
BL,2021,Etat.Autorités.Protection des données,1
BL,2021,"Enseignement, sciences, documentation et culture.Degré secondaire II: Formation professionnelle initiale.Orientation professionnelle",1
BL,2021,"Enseignement, sciences, documentation et culture.Degré tertiaire: Hautes écoles.Etudes sociales",1
BL,2021,"Enseignement, sciences, documentation et culture.Art, culture, sport.Art.Cinéma, théâtre, divertissement",1
BL,2021,"Aménagement du territoire et constructions, expropriation, travaux publics, énergie, transports, environnement",1
BL,2021,"Aménagement du territoire et constructions, expropriation, travaux publics, énergie, transports, environnement.Protection de la nature et du paysage.Protection de la nature",10
BL,2021,"Santé, travail, droit des assurances sociales, logement, homes",2
BL,2021,"Santé, travail, droit des assurances sociales, logement, homes.Santé.Lutte contre les maladies.Epidémies, pandémies",2
BL,2022,Etat,1
BL,2022,Etat.Autorités.Informatique.E-Government,1
BL,2022,"Aménagement du territoire et constructions, expropriation, travaux publics, énergie, transports, environnement",2
BL,2022,"Aménagement du territoire et constructions, expropriation, travaux publics, énergie, transports, environnement.Protection de la nature et du paysage.Protection de la nature",2
BL,2022,"Santé, travail, droit des assurances sociales, logement, homes.Santé.Lutte contre les maladies.Epidémies, pandémies",2
BL,2023,"Finances, Impôts, monopoles, entreprises d'état.Finances.Contributions étatiques, subventions",1
BL,2023,"Santé, travail, droit des assurances sociales, logement, homes",1
BL,2024,Etat.Autorités.Informatique.E-Government,1
BL,2024,"Enseignement, sciences, documentation et culture.Pédagogie spécialisée.Intégration des écoliers étrangers",1
BL,2024,"Aménagement du territoire et constructions, expropriation, travaux publics, énergie, transports, environnement",1
BL,2025,"Aménagement du territoire et constructions, expropriation, travaux publics, énergie, transports, environnement.Protection de la nature et du paysage.Protection de la nature",2
BL,2025,"Santé, travail, droit des assurances sociales, logement, homes",1
BL,2026,Etat,1
BL,2026,"Santé, travail, droit des assurances sociales, logement, homes.Santé.Hygiène.Inhumations, cimetières",1
BS,1852,"Aménagement du territoire et constructions, expropriation, travaux publics, énergie, transports, environnement",1
BS,1895,"Aménagement du territoire et constructions, expropriation, travaux publics, énergie, transports, environnement",1
BS,1911,"Santé, travail, droit des assurances sociales, logement, homes",1
BS,1912,"Santé, travail, droit des assurances sociales, logement, homes.Droit du travail.Offices de conciliation",1
BS,1918,Etat,1
BS,1918,"Aménagement du territoire et constructions, expropriation, travaux publics, énergie, transports, environnement.Travaux publics.Aménagement des eaux.Utilisation des eaux",1
BS,1923,Economie.Agriculture.Production animale.Bovins et petit bétail,1
BS,1924,"Défense nationale, protection de la population, police",1
BS,1929,"Droit civil.Dispositions d'introduction du code civil.Droits réels.Registre foncier, mensurations cadastrales",1
BS,1929,"Santé, travail, droit des assurances sociales, logement, homes",1
BS,1929,"Economie.Commerce.Foires, marchés",1
BS,1930,"Enseignement, sciences, documentation et culture.Assurance de la qualité, surveillance, direction.Surveillance scolaire",2
BS,1931,"Santé, travail, droit des assurances sociales, logement, homes",1
BS,1931,"Santé, travail, droit des assurances sociales, logement, homes.Santé.Lutte contre les maladies.Tuberculose",1
BS,1931,Economie.Commerce.Commerce itinérant,1
BS,1933,"Aménagement du territoire et constructions, expropriation, travaux publics, énergie, transports, environnement.Aménagement du territoire et constructions.Affichage et publicité",1
BS,1934,Economie.Commerce.Commerce itinérant,1
BS,1936,"Etat.Autorités.Organisation judiciaire.Autorités judiciaires.Tribunaux de district / d'arrondissement, juges de paix",1
BS,1937,"Santé, travail, droit des assurances sociales, logement, homes",1
BS,1940,"Santé, travail, droit des assurances sociales, logement, homes.Droit du travail.Offices de conciliation",1
BS,1941,"Santé, travail, droit des assurances sociales, logement, homes",2
BS,1944,"Aménagement du territoire et constructions, expropriation, travaux publics, énergie, transports, environnement.Travaux publics.Bâtiments et terrains publics",1
BS,1945,"Santé, travail, droit des assurances sociales, logement, homes.Santé.Professions médicales.Dentistes",1
BS,1950,Etat,1
BS,1951,"Aménagement du territoire et constructions, expropriation, travaux publics, énergie, transports, environnement.Transports.Navigation aérienne.Aéronefs",1
BS,1952,"Santé, travail, droit des assurances sociales, logement, homes.Droit du travail.Marché du travail.Service de l'emploi et location de services",1
BS,1957,"Enseignement, sciences, documentation et culture.Contributions à la formation.Ecolages",1
BS,1958,"Aménagement du territoire et constructions, expropriation, travaux publics, énergie, transports, environnement.Protection de la nature et du paysage.Protection du paysage",1
BS,1960,"Santé, travail, droit des assurances sociales, logement, homes.Santé.Laboratoires médicaux",1
BS,1961,"Aménagement du territoire et constructions, expropriation, travaux publics, énergie, transports, environnement.Travaux publics.Routes.Routes nationales",1
BS,1962,"Santé, travail, droit des assurances sociales, logement, homes.Droit des assurances sociales.Allocations familiales.Salariés et indépendants",1
BS,1964,"Enseignement, sciences, documentation et culture.Corps enseignant.Formation",1
BS,1964,"Aménagement du territoire et constructions, expropriation, travaux publics, énergie, transports, environnement",1
BS,1964,"Santé, travail, droit des assurances sociales, logement, homes",1
BS,1966,"Enseignement, sciences, documentation et culture.Degré secondaire II.Ecoles supérieures de commerce, ecoles supérieures d'informatique",1
BS,1966,"Finances, Impôts, monopoles, entreprises d'état.Impôts.Impôt anticipé",1
BS,1967,"Aménagement du territoire et constructions, expropriation, travaux publics, énergie, transports, environnement.Transports.Circulation routière.Impôts et taxes de la circulation",1
BS,1967,"Santé, travail, droit des assurances sociales, logement, homes",1
BS,1968,Droit civil.Dispositions d'introduction du code civil.Droits réels.Estimation officielle des immeubles,1
BS,1968,"Santé, travail, droit des assurances sociales, logement, homes",1
BS,1969,Etat,1
BS,1969,"Enseignement, sciences, documentation et culture.Contributions à la formation.Bourses d'études",1
BS,1970,"Aménagement du territoire et constructions, expropriation, travaux publics, énergie, transports, environnement.Protection de la nature et du paysage.Protection des plantes",1
BS,1971,"Etat.Autorités.Gouvernement et administration.Droit du personnel.Traitements, indemnités",1
BS,1971,"Enseignement, sciences, documentation et culture.Formation continue (Degré quaternaire).Formation des adultes",1
BS,1971,"Enseignement, sciences, documentation et culture.Corps enseignant.Personnel des universités",1
BS,1971,"Santé, travail, droit des assurances sociales, logement, homes",1
BS,1971,Economie.Agriculture.Assurances des animaux,1
BS,1972,Etat.Autorités.Gouvernement et administration.Emoluments administratifs,1
BS,1972,"Enseignement, sciences, documentation et culture.Corps enseignant.Traitement, indemnités",1
BS,1972,"Aménagement du territoire et constructions, expropriation, travaux publics, énergie, transports, environnement.Protection de la nature et du paysage.Protection du paysage",1
BS,1972,"Santé, travail, droit des assurances sociales, logement, homes.Droit des assurances sociales.AVS/AI",1
BS,1973,Etat,1
BS,1973,"Enseignement, sciences, documentation et culture.Corps enseignant.Traitement, indemnités",3
BS,1973,"Aménagement du territoire et constructions, expropriation, travaux publics, énergie, transports, environnement",1
BS,1973,"Santé, travail, droit des assurances sociales, logement, homes",1
BS,1973,"Santé, travail, droit des assurances sociales, logement, homes.Droit des assurances sociales.Caisses de compensation",1
BS,1974,"Etat.Autorités.Gouvernement et administration.Droit du personnel.Commissions du personnel, commissions paritaires",1
BS,1974,"Défense nationale, protection de la population, police.Sécurité intérieure.Maintien de la tranquillité et de l'ordre public.Domaine public",1
BS,1974,"Aménagement du territoire et constructions, expropriation, travaux publics, énergie, transports, environnement.Expropriation",3
BS,1975,"Etat.Autorités.Gouvernement et administration.Droit du personnel.Commissions du personnel, commissions paritaires",1
BS,1975,"Enseignement, sciences, documentation et culture.Formation continue (Degré quaternaire).Formation des adultes",1
BS,1975,"Enseignement, sciences, documentation et culture.Assurance de la qualité, surveillance, direction.Surveillance scolaire",1
BS,1975,"Enseignement, sciences, documentation et culture.Assurance de la qualité, surveillance, direction.Matériel scolaire",1
BS,1975,"Santé, travail, droit des assurances sociales, logement, homes.Santé.Professions médicales.Chiropraticiens, physiothérapeutes",1
BS,1975,Economie.Arts et métiers.Services.Taxis,1
BS,1976,"Etat.Autorités.Gouvernement et administration.Droit du personnel.Traitements, indemnités",1
BS,1976,"Santé, travail, droit des assurances sociales, logement, homes.Santé.Prévention des dépendances.Alcoolisme",1
BS,1977,Etat.Autorités.Gouvernement et administration.Administration.Départements,1
BS,1977,"Défense nationale, protection de la population, police",1
BS,1977,"Aménagement du territoire et constructions, expropriation, travaux publics, énergie, transports, environnement.Protection de l'environnement.Produits toxiques et chimiques",1
BS,1977,"Santé, travail, droit des assurances sociales, logement, homes.Santé.Professions médicales.Psychothérapeutes",1
BS,1978,Droit civil.Dispositions d'introduction du code civil.Droit de la famille.Privation de liberté à des fins d'assistance,1
BS,1978,"Enseignement, sciences, documentation et culture.Degré tertiaire: universités.Faculté de sciences naturelles",1
BS,1979,"Défense nationale, protection de la population, police",1
BS,1979,"Aménagement du territoire et constructions, expropriation, travaux publics, énergie, transports, environnement",1
BS,1979,"Santé, travail, droit des assurances sociales, logement, homes",1
BS,1980,Etat,1
BS,1980,"Etat.Autorités.Gouvernement et administration.Droit du personnel.Traitements, indemnités",1
BS,1980,"Enseignement, sciences, documentation et culture.Corps enseignant.Traitement, indemnités",1
BS,1980,"Défense nationale, protection de la population, police",2
BS,1980,"Aménagement du territoire et constructions, expropriation, travaux publics, énergie, transports, environnement",1
BS,1980,Economie.Agriculture.Epizooties,1
BS,1981,"Défense nationale, protection de la population, police.Protection de la population.Protection contre les incendies / éléments naturels.Protection contre le feu, pompiers",1
BS,1981,"Défense nationale, protection de la population, police.Sécurité intérieure.Explosifs",1
BS,1981,"Aménagement du territoire et constructions, expropriation, travaux publics, énergie, transports, environnement",2
BS,1981,"Aménagement du territoire et constructions, expropriation, travaux publics, énergie, transports, environnement.Protection de la nature et du paysage.Protection des animaux",1
BS,1982,"Enseignement, sciences, documentation et culture.Degré tertiaire: universités.Faculté de sciences naturelles",1
BS,1982,"Enseignement, sciences, documentation et culture.Corps enseignant.Formation",1
BS,1982,"Défense nationale, protection de la population, police.Sécurité intérieure.Maintien de la tranquillité et de l'ordre public.Chiens, animaux dangereux",1
BS,1982,"Aménagement du territoire et constructions, expropriation, travaux publics, énergie, transports, environnement.Protection de la nature et du paysage.Protection des monuments et des biens culturels",1
BS,1982,"Santé, travail, droit des assurances sociales, logement, homes",1
BS,1982,"Santé, travail, droit des assurances sociales, logement, homes.Santé.Pharmacies et drogueries",1
BS,1982,"Santé, travail, droit des assurances sociales, logement, homes.Droit du travail.Employés.Temps de travail",1
BS,1982,"Santé, travail, droit des assurances sociales, logement, homes.Assistance.Protection de la jeunesse, aide à la jeunesse",1
BS,1982,"Santé, travail, droit des assurances sociales, logement, homes.Assistance.Donations et collectes publiques",1
BS,1983,Etat,1
BS,1983,"Aménagement du territoire et constructions, expropriation, travaux publics, énergie, transports, environnement.Energie.Energie atomique",1
BS,1983,"Santé, travail, droit des assurances sociales, logement, homes",1
BS,1983,"Santé, travail, droit des assurances sociales, logement, homes.Droit des assurances sociales.Caisses de compensation",1
BS,1984,Etat,1
BS,1984,"Etat.Autorités.Gouvernement et administration.Droit du personnel.Traitements, indemnités",1
BS,1984,"Etat.Autorités.Gouvernement et administration.Droit du personnel.Pensions, prestations d'assurance",1
BS,1984,Droit civil.Dispositions d'introduction du code civil.Droits réels.Acquisitions des terrains par des personnes domiciliées à l'étranger,1
BS,1984,"Aménagement du territoire et constructions, expropriation, travaux publics, énergie, transports, environnement.Protection de l'environnement.Protection des eaux",1
BS,1984,"Santé, travail, droit des assurances sociales, logement, homes.Droit du travail.Travail à domicile",1
BS,1984,"Santé, travail, droit des assurances sociales, logement, homes.Assistance.Protection de la jeunesse, aide à la jeunesse",1
BS,1984,"Economie.Commerce.Foires, marchés",2
BS,1985,"Enseignement, sciences, documentation et culture.Degré secondaire II.Ecoles moyennes supérieures, écoles des culture générale, écoles de degré diplôme",1
BS,1986,Droit civil.Dispositions générales d'introduction du code des obligations.Des divers contrats.Bail à loyer et à ferme.Bail à ferme agricole,1
BS,1986,"Aménagement du territoire et constructions, expropriation, travaux publics, énergie, transports, environnement",1
BS,1986,"Santé, travail, droit des assurances sociales, logement, homes",2
BS,1987,"Etat.Autorités.Gouvernement et administration.Droit du personnel.Durée du travail, vacances, congés",1
BS,1987,Economie.Arts et métiers.Services.Jeux de hasard et loteries.Sport-Toto,1
BS,1988,"Etat.Dispositions générales.Droits fondamentaux, droits politiques.droits politiques.Elections et votations",1
BS,1988,Etat.Autorités.Gouvernement et administration.Droit du personnel.Engagement,1
BS,1988,"Défense nationale, protection de la population, police.Protection de la population.Approvisionnement du pays",1
BS,1988,"Finances, Impôts, monopoles, entreprises d'état.Finances.Contributions étatiques, subventions",1
BS,1989,Etat,1
BS,1989,"Etat.Autorités.Organisation judiciaire.Autorités judiciaires.Prud'hommes, Tribunaux des baux à loyer",1
BS,1989,"Aménagement du territoire et constructions, expropriation, travaux publics, énergie, transports, environnement",2
BS,1989,"Aménagement du territoire et constructions, expropriation, travaux publics, énergie, transports, environnement.Energie.Approvisionnement en énergie",1
BS,1989,"Aménagement du territoire et constructions, expropriation, travaux publics, énergie, transports, environnement.Energie.Electricité",1
BS,1989,"Santé, travail, droit des assurances sociales, logement, homes",1
BS,1989,"Santé, travail, droit des assurances sociales, logement, homes.Santé.Hygiène.Alimentation en eau",1
BS,1989,"Santé, travail, droit des assurances sociales, logement, homes.Droit des assurances sociales.Prestations complémentaires",1
BS,1990,"Aménagement du territoire et constructions, expropriation, travaux publics, énergie, transports, environnement",1
BS,1990,"Santé, travail, droit des assurances sociales, logement, homes.Droit des assurances sociales.LAA",1
BS,1990,"Santé, travail, droit des assurances sociales, logement, homes.Assistance.Homes.Etablissements pour personnes âgées",1
BS,1991,"Etat.Dispositions générales.Droits fondamentaux, droits politiques.égalité entre hommes et femmes",1
BS,1991,"Enseignement, sciences, documentation et culture.Assurance de la qualité, surveillance, direction.Médecine scolaire, services psychologiques scolaires",1
BS,1991,"Aménagement du territoire et constructions, expropriation, travaux publics, énergie, transports, environnement.Protection de l'environnement.Etude d'impact sur l'environnement",1
BS,1991,"Santé, travail, droit des assurances sociales, logement, homes",3
BS,1992,Etat.Dispositions générales.Droit de cité,1
BS,1992,Droit pénal.Procédure pénale.Médecine légale,1
BS,1992,"Enseignement, sciences, documentation et culture.Degré secondaire II: Formation professionnelle initiale.Orientation professionnelle",1
BS,1992,"Enseignement, sciences, documentation et culture.Contributions à la formation.Bourses d'études",1
BS,1992,"Défense nationale, protection de la population, police",1
BS,1992,"Aménagement du territoire et constructions, expropriation, travaux publics, énergie, transports, environnement",2
BS,1992,"Aménagement du territoire et constructions, expropriation, travaux publics, énergie, transports, environnement.Aménagement du territoire et constructions.Places de parking",2
BS,1992,"Aménagement du territoire et constructions, expropriation, travaux publics, énergie, transports, environnement.Protection de l'environnement.Déchets",1
BS,1992,"Santé, travail, droit des assurances sociales, logement, homes.Logement.Mesures d'encouragement à la construction de logements",1
BS,1992,"Santé, travail, droit des assurances sociales, logement, homes.Assistance.Homes.Etablissements pour personnes âgées",1
BS,1993,Etat.Dispositions générales.Etablissement et séjour.Etablissement et séjour Suisses.contrôle des habitants,1
BS,1993,Droit pénal.Procédure pénale.Médecine légale,1
BS,1993,"Aménagement du territoire et constructions, expropriation, travaux publics, énergie, transports, environnement.Protection de l'environnement.Déchets",2
BS,1993,"Aménagement du territoire et constructions, expropriation, travaux publics, énergie, transports, environnement.Protection de la nature et du paysage.Protection des animaux",1
BS,1993,"Santé, travail, droit des assurances sociales, logement, homes.Santé.Hygiène.Denrées alimentaires, objets d'usage courant.Surveillance des aliments",1
BS,1993,Economie.Agriculture.Droit foncier rural,1
BS,1994,Etat,1
BS,1994,Etat.Autorités.Gouvernement et administration.Emoluments administratifs,1
BS,1994,"Finances, Impôts, monopoles, entreprises d'état.Finances.Contributions étatiques, subventions",1
BS,1994,"Finances, Impôts, monopoles, entreprises d'état.Impôts.Impôts sur le revenu et la fortune / impôts sur les bénéfices et les capitaux.Impôt fédéral",1
BS,1994,"Finances, Impôts, monopoles, entreprises d'état.Impôts.Taxe de séjour, taxes d'hébergement",1
BS,1994,"Santé, travail, droit des assurances sociales, logement, homes.Santé.Professions médicales.Médecins",1
BS,1994,"Santé, travail, droit des assurances sociales, logement, homes.Santé.Soins à domicile",1
BS,1994,"Santé, travail, droit des assurances sociales, logement, homes.Santé.Hygiène.Piscines",2
BS,1994,"Santé, travail, droit des assurances sociales, logement, homes.Droit du travail.Employés.Sécurité",1
BS,1994,"Santé, travail, droit des assurances sociales, logement, homes.Assistance.Politique familiale, promotion de la famille",1
BS,1995,"Etat.Dispositions générales.Droits fondamentaux, droits politiques.droits politiques.Elections et votations",1
BS,1995,Etat.Autorités.Gouvernement et administration.Gouvernement.Chancellerie de l'Etat,1
BS,1995,"Etat.Autorités.Gouvernement et administration.Droit du personnel.Traitements, indemnités",3
BS,1995,"Aménagement du territoire et constructions, expropriation, travaux publics, énergie, transports, environnement",1
BS,1995,"Aménagement du territoire et constructions, expropriation, travaux publics, énergie, transports, environnement.Protection de la nature et du paysage.Protection des plantes",1
BS,1995,"Santé, travail, droit des assurances sociales, logement, homes",2
BS,1995,"Santé, travail, droit des assurances sociales, logement, homes.Droit des assurances sociales.Allocations familiales.Salariés et indépendants",1
BS,1996,"Etat.Autorités.Gouvernement et administration.Droit du personnel.Commissions du personnel, commissions paritaires",1
BS,1996,"Enseignement, sciences, documentation et culture.Degré secondaire II.Ecole moyenne",1
BS,1996,"Aménagement du territoire et constructions, expropriation, travaux publics, énergie, transports, environnement",1
BS,1996,"Aménagement du territoire et constructions, expropriation, travaux publics, énergie, transports, environnement.Aménagement du territoire et constructions.Procédure",1
BS,1996,"Santé, travail, droit des assurances sociales, logement, homes",3
BS,1996,"Santé, travail, droit des assurances sociales, logement, homes.Santé.Hygiène.Denrées alimentaires, objets d'usage courant.Viandes.Abattoirs",1
BS,1996,"Santé, travail, droit des assurances sociales, logement, homes.Droit des assurances sociales.Assurance-chômage",1
BS,1996,Economie.Arts et métiers.Services.Taxis,1
BS,1997,Etat,1
BS,1997,"Etat.Autorités.Gouvernement et administration.Droit du personnel.Traitements, indemnités",1
BS,1997,"Etat.Autorités.Organisation judiciaire.Autorités judiciaires.Juges d'instruction, Ministère public.Ministère public",1
BS,1997,"Enseignement, sciences, documentation et culture.Corps enseignant.Traitement, indemnités",1
BS,1997,"Défense nationale, protection de la population, police.Sécurité intérieure.Police.Police cantonale",1
BS,1997,"Santé, travail, droit des assurances sociales, logement, homes",3
BS,1997,"Santé, travail, droit des assurances sociales, logement, homes.Santé.Services psychiatriques",2
BS,1997,"Santé, travail, droit des assurances sociales, logement, homes.Droit du travail.Employés.Mobbing, harcèlement sexuel",1
BS,1997,"Santé, travail, droit des assurances sociales, logement, homes.Assistance.Homes.Foyers pour enfants et adolescents",1
BS,1997,"Santé, travail, droit des assurances sociales, logement, homes.Assistance.Personnes handicapés.Ateliers protégés",1
BS,1998,Etat.Autorités.Gouvernement et administration.Emoluments administratifs,1
BS,1998,Etat.Autorités.Gouvernement et administration.New Public Management,1
BS,1998,"Enseignement, sciences, documentation et culture.Degré prescolaire, école primaire, degré secondaire I.Ecole primaire, degré secondaire I",1
BS,1998,"Enseignement, sciences, documentation et culture.Pédagogie spécialisée.Logopédie",1
BS,1998,"Enseignement, sciences, documentation et culture.Documentation.Archives",1
BS,1998,"Défense nationale, protection de la population, police.Sécurité intérieure.Armes et munitions",1
BS,1998,"Finances, Impôts, monopoles, entreprises d'état.Impôts.Droit de timbre",1
BS,1998,"Aménagement du territoire et constructions, expropriation, travaux publics, énergie, transports, environnement.Protection de la nature et du paysage.Protection du paysage",1
BS,1998,"Santé, travail, droit des assurances sociales, logement, homes.Santé.Professions médicales.Psychothérapeutes",1
BS,1999,"Enseignement, sciences, documentation et culture.Degré secondaire II.Ecoles supérieures de commerce, ecoles supérieures d'informatique",2
BS,1999,"Enseignement, sciences, documentation et culture.Degré secondaire II: Formation professionnelle initiale.Ecoles préparant à la maturité professionnelle",1
BS,1999,"Enseignement, sciences, documentation et culture.Degré secondaire II: Formation professionnelle initiale.Solutions transitoires",1
BS,1999,"Finances, Impôts, monopoles, entreprises d'état.Finances.Budget, comptes",1
BS,1999,"Aménagement du territoire et constructions, expropriation, travaux publics, énergie, transports, environnement",1
BS,1999,"Aménagement du territoire et constructions, expropriation, travaux publics, énergie, transports, environnement.Energie.Electricité",2
BS,1999,"Aménagement du territoire et constructions, expropriation, travaux publics, énergie, transports, environnement.Transports.Circulation routière.Transport des personnes",1
BS,1999,"Santé, travail, droit des assurances sociales, logement, homes",2
BS,1999,"Santé, travail, droit des assurances sociales, logement, homes.Santé.Professions médicales.Médecins",1
BS,1999,"Santé, travail, droit des assurances sociales, logement, homes.Santé.Professions médicales.Sages-femmes",1
BS,1999,"Santé, travail, droit des assurances sociales, logement, homes.Santé.Hygiène.Inhumations, cimetières",1
BS,2000,Etat,2
BS,2000,"Etat.Autorités.Gouvernement et administration.Droit du personnel.Traitements, indemnités",1
BS,2000,Droit pénal.Exécution des peines et des mesures.Etablissements.Personnel,1
BS,2000,"Enseignement, sciences, documentation et culture.Degré secondaire II.Ecole moyenne",1
BS,2000,"Enseignement, sciences, documentation et culture.Degré secondaire II: Formation professionnelle initiale.Solutions transitoires",3
BS,2000,"Enseignement, sciences, documentation et culture.Documentation.Musées",1
BS,2000,"Aménagement du territoire et constructions, expropriation, travaux publics, énergie, transports, environnement",1
BS,2000,"Aménagement du territoire et constructions, expropriation, travaux publics, énergie, transports, environnement.Travaux publics.Marchés publics",1
BS,2000,"Aménagement du territoire et constructions, expropriation, travaux publics, énergie, transports, environnement.Protection de l'environnement.Protection des eaux",1
BS,2000,"Aménagement du territoire et constructions, expropriation, travaux publics, énergie, transports, environnement.Protection de la nature et du paysage.Protection des plantes",1
BS,2000,"Santé, travail, droit des assurances sociales, logement, homes",4
BS,2000,"Economie.Commerce.Foires, marchés",1
BS,2001,"Etat.Autorités.Gouvernement et administration.Droit du personnel.Traitements, indemnités",1
BS,2001,"Etat.Autorités.Organisation judiciaire.Autorités judiciaires.Tribunaux administratifs, des assurances et des assurances sociales",1
BS,2001,"Etat.Professions juridiques.Notaires.Taxes, tarifs",1
BS,2001,"Enseignement, sciences, documentation et culture.Contributions à la formation.Ecolages",1
BS,2001,"Aménagement du territoire et constructions, expropriation, travaux publics, énergie, transports, environnement",1
BS,2001,"Santé, travail, droit des assurances sociales, logement, homes",3
BS,2001,"Santé, travail, droit des assurances sociales, logement, homes.Santé.Professions médicales.Médecins",1
BS,2002,Etat.Autorités.Gouvernement et administration.Emoluments administratifs,2
BS,2002,Etat.Autorités.Protection des données,1
BS,2002,"Enseignement, sciences, documentation et culture.Degré secondaire II.Ecoles supérieures de commerce, ecoles supérieures d'informatique",1
BS,2002,"Défense nationale, protection de la population, police.Protection de la population.Protection contre les incendies / éléments naturels.Protection contre le feu, pompiers",1
BS,2002,"Aménagement du territoire et constructions, expropriation, travaux publics, énergie, transports, environnement",1
BS,2002,"Aménagement du territoire et constructions, expropriation, travaux publics, énergie, transports, environnement.Protection de l'environnement.Protection contre le bruit",1
BS,2002,"Santé, travail, droit des assurances sociales, logement, homes",1
BS,2002,"Santé, travail, droit des assurances sociales, logement, homes.Santé.Urgences, ambulances",1
BS,2002,"Santé, travail, droit des assurances sociales, logement, homes.Droit des assurances sociales.LAMAL.Limitation de l'admission des fournisseurs de prestations",1
BS,2002,"Santé, travail, droit des assurances sociales, logement, homes.Assistance.Aide sociale",1
BS,2002,"Santé, travail, droit des assurances sociales, logement, homes.Assistance.Avances sur les pensions alimentaires",1
BS,2003,Etat.Autorités.Gouvernement et administration.Droit du personnel.Engagement,2
BS,2003,"Etat.Autorités.Gouvernement et administration.Droit du personnel.Traitements, indemnités",1
BS,2003,"Droit civil.Dispositions d'introduction du code civil.Droit de la famille.Accueil familial, adoption",1
BS,2003,"Droit civil.Dispositions d'introduction du code civil.Droits réels.Registre foncier, mensurations cadastrales",2
BS,2003,"Enseignement, sciences, documentation et culture.Degré prescolaire, école primaire, degré secondaire I.Crèches",1
BS,2003,"Enseignement, sciences, documentation et culture.Degré prescolaire, école primaire, degré secondaire I.Ecole primaire, degré secondaire I",3
BS,2003,"Enseignement, sciences, documentation et culture.Degré secondaire II.Ecole moyenne",1
BS,2003,"Enseignement, sciences, documentation et culture.Degré secondaire II.Ecoles supérieures de commerce, ecoles supérieures d'informatique",1
BS,2003,"Enseignement, sciences, documentation et culture.Formation continue (Degré quaternaire).Formation des adultes",1
BS,2003,"Défense nationale, protection de la population, police.Défense.Taxe d'exemption",1
BS,2003,"Défense nationale, protection de la population, police.Protection de la population.Protection contre les incendies / éléments naturels.Protection contre le feu, pompiers",1
BS,2003,"Aménagement du territoire et constructions, expropriation, travaux publics, énergie, transports, environnement",1
BS,2003,"Aménagement du territoire et constructions, expropriation, travaux publics, énergie, transports, environnement.Travaux publics.Aménagement des eaux.Utilisation des eaux",1
BS,2003,"Santé, travail, droit des assurances sociales, logement, homes",1
BS,2003,"Santé, travail, droit des assurances sociales, logement, homes.Droit du travail.Marché du travail.Envoi de travailleurs à l'étranger",1
BS,2004,"Etat.Autorités.Gouvernement et administration.Droit du personnel.Durée du travail, vacances, congés",2
BS,2004,Droit pénal.Procédure pénale.Emoluments,1
BS,2004,"Enseignement, sciences, documentation et culture.Degré secondaire II.Ecoles moyennes supérieures, écoles des culture générale, écoles de degré diplôme",1
BS,2004,"Enseignement, sciences, documentation et culture.Degré secondaire II.Ecoles supérieures de commerce, ecoles supérieures d'informatique",2
BS,2004,"Enseignement, sciences, documentation et culture.Assurance de la qualité, surveillance, direction.Médecine scolaire, services psychologiques scolaires",1
BS,2004,"Enseignement, sciences, documentation et culture.Documentation.Archives",1
BS,2004,"Défense nationale, protection de la population, police.Protection de la population.Protection contre les incendies / éléments naturels.Protection contre les incendies",1
BS,2004,"Santé, travail, droit des assurances sociales, logement, homes",4
BS,2004,"Santé, travail, droit des assurances sociales, logement, homes.Santé.Substances thérapeutiques, stupéfiants",2
BS,2004,"Santé, travail, droit des assurances sociales, logement, homes.Santé.Pharmacies et drogueries",1
BS,2004,"Santé, travail, droit des assurances sociales, logement, homes.Santé.Hygiène.Inhumations, cimetières",1
BS,2004,"Santé, travail, droit des assurances sociales, logement, homes.Droit des assurances sociales.Assurance-chômage",2
BS,2004,Economie.Arts et métiers.Services.Jeux de hasard et loteries.Fonds de loterie,1
BS,2004,Economie.Arts et métiers.Services.Crédit à la consommation,1
BS,2005,Etat,2
BS,2005,"Etat.Autorités.Gouvernement et administration.Droit du personnel.Pensions, prestations d'assurance",1
BS,2005,Etat.Autorités.Gouvernement et administration.Emoluments administratifs,1
BS,2005,Etat.Autorités.Protection des données,3
BS,2005,Droit pénal.Procédure pénale.Investigation secrète,1
BS,2005,Droit pénal.Amendes d'ordre,1
BS,2005,"Enseignement, sciences, documentation et culture.Degré secondaire II.Ecoles moyennes supérieures, écoles des culture générale, écoles de degré diplôme",2
BS,2005,"Enseignement, sciences, documentation et culture.Degré secondaire II: Formation professionnelle initiale.Orientation professionnelle",1
BS,2005,"Enseignement, sciences, documentation et culture.Degré secondaire II: Formation professionnelle initiale.Passerelle",1
BS,2005,"Enseignement, sciences, documentation et culture.Formation continue (Degré quaternaire).Formation des adultes",1
BS,2005,"Enseignement, sciences, documentation et culture.Contributions à la formation.Ecolages",1
BS,2005,"Défense nationale, protection de la population, police",1
BS,2005,"Défense nationale, protection de la population, police.Sécurité intérieure.Maintien de la tranquillité et de l'ordre public.Domaine public",1
BS,2005,"Finances, Impôts, monopoles, entreprises d'état.Monopoles, régales, entreprises d'état.Alcool",2
BS,2005,"Aménagement du territoire et constructions, expropriation, travaux publics, énergie, transports, environnement",1
BS,2005,"Aménagement du territoire et constructions, expropriation, travaux publics, énergie, transports, environnement.Transports.Conduites",1
BS,2005,"Santé, travail, droit des assurances sociales, logement, homes.Droit du travail.Employés.Dimanches et jours fériés",1
BS,2006,Etat,1
BS,2006,"Etat.Autorités.Gouvernement et administration.Droit du personnel.Pensions, prestations d'assurance",1
BS,2006,"Enseignement, sciences, documentation et culture.Degré tertiaire: universités.Faculté de droit",1
BS,2006,Economie.Promotion de l'économie,1
BS,2007,Etat,2
BS,2007,Etat.Dispositions générales.Etablissement et séjour.Etablissement et séjour des étrangers.intégration,1
BS,2007,Etat.Dispositions générales.Procédure législative,1
BS,2007,Etat.Professions juridiques.Notaires.Formation,1
BS,2007,"Enseignement, sciences, documentation et culture.Assurance de la qualité, surveillance, direction.Matériel scolaire",1
BS,2007,"Enseignement, sciences, documentation et culture.Art, culture, sport.Sport",1
BS,2007,"Aménagement du territoire et constructions, expropriation, travaux publics, énergie, transports, environnement.Protection de l'environnement.Hygiène de l'air.Poussières fines/smog",1
BS,2007,"Santé, travail, droit des assurances sociales, logement, homes.Santé.Professions médicales.Personnel soignant",2
BS,2007,"Santé, travail, droit des assurances sociales, logement, homes.Droit du travail.Marché du travail.Travail au noir",1
BS,2007,"Santé, travail, droit des assurances sociales, logement, homes.Droit des assurances sociales.AVS/AI",1
BS,2007,"Santé, travail, droit des assurances sociales, logement, homes.Droit des assurances sociales.Prestations complémentaires",1
BS,2008,Etat,1
BS,2008,Etat.Dispositions générales.Etablissement et séjour.Etablissement et séjour Suisses.contrôle des habitants,1
BS,2008,Etat.Autorités.Gouvernement et administration.Emoluments administratifs,1
BS,2008,Droit civil.Dispositions d'introduction du code civil.Droit de la famille.Tutelle,1
BS,2008,"Enseignement, sciences, documentation et culture.Degré prescolaire, école primaire, degré secondaire I.Ecole primaire, degré secondaire I",3
BS,2008,"Enseignement, sciences, documentation et culture.Degré tertiaire: Ecoles supérieures",2
BS,2008,"Aménagement du territoire et constructions, expropriation, travaux publics, énergie, transports, environnement.Protection de la nature et du paysage.Protection des monuments et des biens culturels",1
BS,2008,"Santé, travail, droit des assurances sociales, logement, homes.Droit des assurances sociales.LAMAL.Réduction des primes",1
BS,2009,"Etat.Dispositions générales.Droits fondamentaux, droits politiques.droits politiques.Elections et votations",1
BS,2009,"Enseignement, sciences, documentation et culture.Assurance de la qualité, surveillance, direction.Direction",1
BS,2009,"Enseignement, sciences, documentation et culture.Art, culture, sport.Sport",1
BS,2009,"Défense nationale, protection de la population, police.Sécurité intérieure.Maintien de la tranquillité et de l'ordre public.Chiens, animaux dangereux",1
BS,2009,"Aménagement du territoire et constructions, expropriation, travaux publics, énergie, transports, environnement",1
BS,2010,Droit pénal.Droit pénal des mineurs et procédure pénale des mineurs,1
BS,2010,"Enseignement, sciences, documentation et culture.Degré prescolaire, école primaire, degré secondaire I.Crèches",1
BS,2010,"Enseignement, sciences, documentation et culture.Degré prescolaire, école primaire, degré secondaire I.Ecole primaire, degré secondaire I",1
BS,2010,"Enseignement, sciences, documentation et culture.Pédagogie spécialisée.Ecoles spécialisées",1
BS,2010,"Enseignement, sciences, documentation et culture.Art, culture, sport.Encouragement à la culture",1
BS,2010,"Défense nationale, protection de la population, police.Sécurité intérieure.Police.Coopération en matière de police",1
BS,2010,"Aménagement du territoire et constructions, expropriation, travaux publics, énergie, transports, environnement.Travaux publics.Bâtiments et terrains publics",1
BS,2010,"Santé, travail, droit des assurances sociales, logement, homes",4
BS,2011,Etat.Dispositions générales.Information du public,1
BS,2011,Etat.Autorités.Gouvernement et administration.Emoluments administratifs,1
BS,2011,"Enseignement, sciences, documentation et culture.Structures d'accueil complémentaires",1
BS,2011,"Aménagement du territoire et constructions, expropriation, travaux publics, énergie, transports, environnement",1
BS,2011,"Aménagement du territoire et constructions, expropriation, travaux publics, énergie, transports, environnement.Travaux publics.Bâtiments et terrains publics",1
BS,2011,"Santé, travail, droit des assurances sociales, logement, homes",1
BS,2011,Economie.Commerce.Commerce itinérant,1
BS,2012,Etat,1
BS,2012,"Droit civil.Dispositions d'introduction du code civil.Droits réels.Registre foncier, mensurations cadastrales",1
BS,2012,"Enseignement, sciences, documentation et culture.Degré secondaire II: Formation professionnelle initiale.Orientation professionnelle",1
BS,2012,"Enseignement, sciences, documentation et culture.Art, culture, sport.Art.Cinéma, théâtre, divertissement",1
BS,2012,"Aménagement du territoire et constructions, expropriation, travaux publics, énergie, transports, environnement",1
BS,2013,Etat,1
BS,2013,"Etat.Autorités.Gouvernement et administration.Droit du personnel.Traitements, indemnités",1
BS,2013,Droit civil.Dispositions d'introduction du code civil.Droit de la famille.Tutelle,1
BS,2013,"Enseignement, sciences, documentation et culture.Documentation.Musées",1
BS,2013,"Aménagement du territoire et constructions, expropriation, travaux publics, énergie, transports, environnement",2
BS,2013,"Santé, travail, droit des assurances sociales, logement, homes.Droit des assurances sociales.LAMAL.Limitation de l'admission des fournisseurs de prestations",1
BS,2014,"Etat.Autorités.Gouvernement et administration.Droit du personnel.Pensions, prestations d'assurance",1
BS,2014,"Enseignement, sciences, documentation et culture.Degré prescolaire, école primaire, degré secondaire I.Ecole primaire, degré secondaire I",4
BS,2014,"Santé, travail, droit des assurances sociales, logement, homes",2
BS,2014,"Santé, travail, droit des assurances sociales, logement, homes.Logement.Mesures d'encouragement à la construction de logements",2
BS,2015,Droit pénal.Procédure pénale.Aide aux victimes d'infractions,1
BS,2015,"Enseignement, sciences, documentation et culture.Documentation.Statistique",2
BS,2015,"Enseignement, sciences, documentation et culture.Art, culture, sport.Encouragement à la culture",1
BS,2016,"Etat.Autorités.Gouvernement et administration.Droit du personnel.Traitements, indemnités",1
BS,2016,"Droit civil.Dispositions d'introduction du code civil.Droit de la famille.Accueil familial, adoption",1
BS,2016,"Enseignement, sciences, documentation et culture.Degré prescolaire, école primaire, degré secondaire I.Ecole enfantine",1
BS,2016,"Aménagement du territoire et constructions, expropriation, travaux publics, énergie, transports, environnement",1
BS,2016,"Santé, travail, droit des assurances sociales, logement, homes",2
BS,2017,Etat,1
BS,2017,Etat.Dispositions générales.Droit de cité,1
BS,2017,"Défense nationale, protection de la population, police.Sécurité intérieure.Maintien de la tranquillité et de l'ordre public.Domaine public",1
BS,2017,"Aménagement du territoire et constructions, expropriation, travaux publics, énergie, transports, environnement.Aménagement du territoire et constructions.Places de parking",1
BS,2018,Etat.Dispositions générales.Publications officielles.Recueils de législation,1
BS,2018,"Droit civil.Dispositions d'introduction du code civil.Droits réels.Registre foncier, mensurations cadastrales",1
BS,2018,"Enseignement, sciences, documentation et culture.Degré secondaire II: Formation professionnelle initiale.Ecoles préparant à la maturité professionnelle",1
BS,2018,"Défense nationale, protection de la population, police.Sécurité intérieure.Maintien de la tranquillité et de l'ordre public.Domaine public",1
BS,2018,"Aménagement du territoire et constructions, expropriation, travaux publics, énergie, transports, environnement",1
BS,2019,Droit pénal.Amendes d'ordre,1
BS,2019,"Aménagement du territoire et constructions, expropriation, travaux publics, énergie, transports, environnement.Travaux publics.Routes.Chemins pédestres et de randonnée",1
BS,2019,"Santé, travail, droit des assurances sociales, logement, homes.Santé.Lutte contre les maladies.Epidémies, pandémies",1
BS,2020,Etat,1
BS,2020,"Enseignement, sciences, documentation et culture.Degré prescolaire, école primaire, degré secondaire I.Crèches",1
BS,2020,"Enseignement, sciences, documentation et culture.Degré secondaire II.Ecole moyenne",1
BS,2020,"Enseignement, sciences, documentation et culture.Art, culture, sport.Encouragement à la culture",4
BS,2020,"Défense nationale, protection de la population, police",1
BS,2020,"Aménagement du territoire et constructions, expropriation, travaux publics, énergie, transports, environnement.Energie.Approvisionnement en énergie",1
BS,2020,"Santé, travail, droit des assurances sociales, logement, homes.Santé.Lutte contre les maladies.Epidémies, pandémies",8
BS,2020,Economie.Promotion de l'économie,1
BS,2021,Droit civil.Procédure civile.Exécution,1
BS,2021,"Enseignement, sciences, documentation et culture.Degré prescolaire, école primaire, degré secondaire I.Crèches",1
BS,2021,"Santé, travail, droit des assurances sociales, logement, homes.Santé.Lutte contre les maladies.Epidémies, pandémies",1
BS,2021,"Santé, travail, droit des assurances sociales, logement, homes.Santé.Hygiène.Inhumations, cimetières",1
BS,2021,Economie.Commerce.Poids et mesures. moyens de paiement,1
BS,2022,"Enseignement, sciences, documentation et culture.Art, culture, sport.Encouragement à la culture",1
BS,2022,"Santé, travail, droit des assurances sociales, logement, homes",1
BS,2022,"Santé, travail, droit des assurances sociales, logement, homes.Santé.Lutte contre les maladies.Epidémies, pandémies",1
BS,2022,"Santé, travail, droit des assurances sociales, logement, homes.Logement.Mesures d'encouragement à la construction de logements",1
BS,2023,Droit pénal.Procédure pénale.Aide aux victimes d'infractions,1
BS,2023,"Défense nationale, protection de la population, police",1
BS,2023,"Défense nationale, protection de la population, police.Protection de la population.Protection civile.Protection des biens culturels en temps de guerre",2
BS,2023,"Aménagement du territoire et constructions, expropriation, travaux publics, énergie, transports, environnement.Travaux publics.Marchés publics",1
BS,2023,"Aménagement du territoire et constructions, expropriation, travaux publics, énergie, transports, environnement.Energie.Approvisionnement en énergie",1
BS,2024,"Etat.Autorités.Gouvernement et administration.Droit du personnel.Traitements, indemnités",1
BS,2024,Etat.Autorités.Informatique.E-Government,1
BS,2024,"Défense nationale, protection de la population, police.Sécurité intérieure.Police.Police cantonale",1
BS,2024,"Aménagement du territoire et constructions, expropriation, travaux publics, énergie, transports, environnement",1
BS,2024,"Santé, travail, droit des assurances sociales, logement, homes",1
BS,2024,"Santé, travail, droit des assurances sociales, logement, homes.Santé.Professions médicales.Personnel soignant",1
BS,2025,"Etat.Dispositions générales.Droits fondamentaux, droits politiques.égalité entre hommes et femmes",1
BS,2025,Etat.Autorités.Gouvernement et administration.Emoluments administratifs,1
BS,2025,Droit pénal.Procédure pénale.Aide aux victimes d'infractions,1
BS,2025,"Santé, travail, droit des assurances sociales, logement, homes",1
BS,2025,"Santé, travail, droit des assurances sociales, logement, homes.Santé.Substances thérapeutiques, stupéfiants",1
BS,2026,Etat,2
BS,2026,"Aménagement du territoire et constructions, expropriation, travaux publics, énergie, transports, environnement.Protection de l'environnement.Protection contre les radiations",1
BS,2026,"Santé, travail, droit des assurances sociales, logement, homes",1
FR,1944,Droit civil,1
FR,1964,"Santé, travail, droit des assurances sociales, logement, homes.Droit du travail.Employés.Temps de travail",1
FR,1966,"Aménagement du territoire et constructions, expropriation, travaux publics, énergie, transports, environnement.Protection de la nature et du paysage.Protection de la nature",17
FR,1967,Etat,1
FR,1971,Economie.Agriculture.Epizooties,1
FR,1972,"Aménagement du territoire et constructions, expropriation, travaux publics, énergie, transports, environnement.Travaux publics.Bâtiments et terrains publics",1
FR,1973,Droit pénal,1
FR,1975,Droit pénal,1
FR,1978,"Santé, travail, droit des assurances sociales, logement, homes.Santé.Substances thérapeutiques, stupéfiants",1
FR,1979,"Finances, Impôts, monopoles, entreprises d'état.Impôts.Impôts sur les successions et les donations",1
FR,1979,"Aménagement du territoire et constructions, expropriation, travaux publics, énergie, transports, environnement.Aménagement du territoire et constructions.Plans",6
FR,1980,"Etat.Communes.Bourgeoisies, allmends",1
FR,1980,"Enseignement, sciences, documentation et culture.Documentation.Statistique",1
FR,1981,"Etat.Autorités.Gouvernement et administration.Droit du personnel.Traitements, indemnités",1
FR,1983,Etat.Autorités.Gouvernement et administration.Administration.Commissions,1
FR,1983,"Droit civil.Dispositions d'introduction du code civil.Droit des personnes, état civil.Fondations, surveillance.Fondations LPP",1
FR,1986,Droit pénal,1
FR,1986,"Aménagement du territoire et constructions, expropriation, travaux publics, énergie, transports, environnement",1
FR,1986,Economie,1
FR,1987,"Enseignement, sciences, documentation et culture.Assurance de la qualité, surveillance, direction.Promotion des technologies d'information",1
FR,1987,"Défense nationale, protection de la population, police.Sécurité intérieure.Police.Taxes",1
FR,1988,Etat.Autorités.Gouvernement et administration.Emoluments administratifs,1
FR,1988,"Aménagement du territoire et constructions, expropriation, travaux publics, énergie, transports, environnement.Protection de l'environnement.Protection contre le bruit",1
FR,1988,"Aménagement du territoire et constructions, expropriation, travaux publics, énergie, transports, environnement.Protection de l'environnement.Lutte contre les dommages",1
FR,1989,"Droit civil.Dispositions d'introduction du code civil.Droit de la famille.Accueil familial, adoption",1
FR,1989,Droit civil.Dispositions générales d'introduction du code des obligations.Des divers contrats.Contrat de travail.Contrats-type.Employés de maison,1
FR,1989,Economie,1
FR,1990,Etat.Autorités.Gouvernement et administration.Droit du personnel.Engagement,1
FR,1990,"Défense nationale, protection de la population, police.Sécurité intérieure.Police.Personnel",1
FR,1990,"Santé, travail, droit des assurances sociales, logement, homes",1
FR,1991,"Défense nationale, protection de la population, police.Sécurité intérieure.Police.Personnel",1
FR,1991,"Aménagement du territoire et constructions, expropriation, travaux publics, énergie, transports, environnement",1
FR,1992,Etat.Autorités.Gouvernement et administration.Administration.Directions et offices,1
FR,1992,Etat.Autorités.Gouvernement et administration.Droit du personnel.Engagement,1
FR,1992,Etat.Autorités.Gouvernement et administration.Emoluments administratifs,1
FR,1992,"Enseignement, sciences, documentation et culture.Contributions à la formation.Ecolages",1
FR,1992,"Enseignement, sciences, documentation et culture.Contributions à la formation.Emoluments scolaires",1
FR,1993,Droit pénal,1
FR,1993,Economie.Agriculture.Améliorations foncières,1
FR,1993,Economie.Agriculture.Epizooties,1
FR,1994,"Santé, travail, droit des assurances sociales, logement, homes",2
FR,1994,"Santé, travail, droit des assurances sociales, logement, homes.Santé.Services psychiatriques",1
FR,1994,"Santé, travail, droit des assurances sociales, logement, homes.Droit des assurances sociales.LAMAL.Tarifs.TARMED",1
FR,1995,Etat.Autorités.Gouvernement et administration.Procédure administrative,1
FR,1995,Droit pénal,1
FR,1995,"Enseignement, sciences, documentation et culture.Contributions à la formation.Ecolages",1
FR,1995,"Aménagement du territoire et constructions, expropriation, travaux publics, énergie, transports, environnement.Protection de la nature et du paysage.Protection du paysage",1
FR,1995,"Santé, travail, droit des assurances sociales, logement, homes.Santé.Etique",1
FR,1995,"Santé, travail, droit des assurances sociales, logement, homes.Santé.Hygiène.Denrées alimentaires, objets d'usage courant.Surveillance des aliments",1
FR,1996,Etat.Dispositions générales.Etablissement et séjour.Etablissement et séjour des étrangers.asile,1
FR,1996,"Finances, Impôts, monopoles, entreprises d'état.Impôts.Droits de mutation",1
FR,1997,Etat.Dispositions générales.Droit de cité,1
FR,1997,Droit civil,1
FR,1997,"Enseignement, sciences, documentation et culture.Degré tertiaire: universités.Faculté de médecine humaine et vétérinaire",2
FR,1997,Economie.Agriculture.Culture des plantes.Vignoble,1
FR,1998,"Finances, Impôts, monopoles, entreprises d'état",1
FR,1998,"Finances, Impôts, monopoles, entreprises d'état.Monopoles, régales, entreprises d'état.Chasse.Chasseurs",1
FR,1998,Economie.Agriculture.Lait,1
FR,1999,"Finances, Impôts, monopoles, entreprises d'état.Monopoles, régales, entreprises d'état.Chasse.Chasseurs",1
FR,1999,"Aménagement du territoire et constructions, expropriation, travaux publics, énergie, transports, environnement",2
FR,1999,"Aménagement du territoire et constructions, expropriation, travaux publics, énergie, transports, environnement.Protection de la nature et du paysage.Champignons",1
FR,1999,"Santé, travail, droit des assurances sociales, logement, homes",1
FR,1999,"Santé, travail, droit des assurances sociales, logement, homes.Santé.Lutte contre les maladies.Epidémies, pandémies",1
FR,2000,Etat.Autorités.Gouvernement et administration.Administration.Commissions,1
FR,2000,Etat.Autorités.Gouvernement et administration.New Public Management,1
FR,2000,Droit pénal,1
FR,2000,"Finances, Impôts, monopoles, entreprises d'état.Impôts.Taxe de séjour, taxes d'hébergement",1
FR,2000,"Santé, travail, droit des assurances sociales, logement, homes.Santé.Professions médicales.Médecins",1
FR,2000,"Santé, travail, droit des assurances sociales, logement, homes.Santé.Professions médicales.Vétérinaires",1
FR,2000,"Santé, travail, droit des assurances sociales, logement, homes.Santé.Substances thérapeutiques, stupéfiants",1
FR,2000,"Santé, travail, droit des assurances sociales, logement, homes.Santé.Lutte contre les maladies.Epidémies, pandémies",1
FR,2000,Economie,1
FR,2001,Etat,3
FR,2001,Etat.Autorités.Gouvernement et administration.Gouvernement.Chancellerie de l'Etat,2
FR,2001,Etat.Autorités.Gouvernement et administration.New Public Management,1
FR,2001,Droit pénal,1
FR,2001,"Enseignement, sciences, documentation et culture.Corps enseignant.Traitement, indemnités",2
FR,2001,"Finances, Impôts, monopoles, entreprises d'état",2
FR,2001,"Finances, Impôts, monopoles, entreprises d'état.Impôts.Taxe foncière",1
FR,2001,"Finances, Impôts, monopoles, entreprises d'état.Impôts.Impôt anticipé",1
FR,2001,"Santé, travail, droit des assurances sociales, logement, homes.Santé.Etablissements hospitaliers, cliniques.Cliniques psychiatriques",1
FR,2001,"Santé, travail, droit des assurances sociales, logement, homes.Droit du travail.Marché du travail.Travail au noir",1
FR,2001,"Santé, travail, droit des assurances sociales, logement, homes.Droit des assurances sociales.LAMAL.Listes des hôpitaux",1
FR,2001,"Santé, travail, droit des assurances sociales, logement, homes.Assistance.Homes.Etablissements pour personnes âgées",1
FR,2001,Economie,1
FR,2002,Etat,1
FR,2002,Etat.Dispositions générales.Etablissement et séjour.Etablissement et séjour des étrangers.asile,2
FR,2002,Etat.Dispositions générales.Documents d'identité,1
FR,2002,Etat.Autorités.Gouvernement et administration.Emoluments administratifs,1
FR,2002,Droit civil,1
FR,2002,Droit pénal,2
FR,2002,Droit pénal.Dispositions générales d'introduction du code pénal.Interruption de grossesse,1
FR,2002,"Enseignement, sciences, documentation et culture.Degré tertiaire: Hautes écoles.Pédagogie",2
FR,2002,"Enseignement, sciences, documentation et culture.Corps enseignant.Traitement, indemnités",1
FR,2002,"Défense nationale, protection de la population, police",2
FR,2002,"Défense nationale, protection de la population, police.Sécurité intérieure.Armes et munitions",1
FR,2002,"Finances, Impôts, monopoles, entreprises d'état",1
FR,2002,"Aménagement du territoire et constructions, expropriation, travaux publics, énergie, transports, environnement",1
FR,2002,"Aménagement du territoire et constructions, expropriation, travaux publics, énergie, transports, environnement.Aménagement du territoire et constructions.Plans",1
FR,2002,"Aménagement du territoire et constructions, expropriation, travaux publics, énergie, transports, environnement.Protection de l'environnement.Etude d'impact sur l'environnement",1
FR,2002,"Aménagement du territoire et constructions, expropriation, travaux publics, énergie, transports, environnement.Protection de la nature et du paysage.Protection de la nature",6
FR,2002,"Santé, travail, droit des assurances sociales, logement, homes",3
FR,2003,Etat,2
FR,2003,Etat.Dispositions générales.Etablissement et séjour.Etablissement et séjour des étrangers.asile,1
FR,2003,Etat.Dispositions générales.Etablissement et séjour.Etablissement et séjour des étrangers.intégration,1
FR,2003,Etat.Autorités.Gouvernement et administration.Administration.Directions et offices,1
FR,2003,"Etat.Autorités.Gouvernement et administration.Droit du personnel.Traitements, indemnités",3
FR,2003,"Etat.Autorités.Gouvernement et administration.Droit du personnel.Pensions, prestations d'assurance",1
FR,2003,"Etat.Autorités.Organisation judiciaire.Autorités judiciaires.Tribunaux de district / d'arrondissement, juges de paix",1
FR,2003,Droit pénal.Droit pénal des mineurs et procédure pénale des mineurs,1
FR,2003,"Enseignement, sciences, documentation et culture.Formation continue (Degré quaternaire).Formation des adultes",1
FR,2003,"Enseignement, sciences, documentation et culture.Corps enseignant.Traitement, indemnités",1
FR,2003,"Enseignement, sciences, documentation et culture.Assurance de la qualité, surveillance, direction.Médecine scolaire, services psychologiques scolaires",1
FR,2003,"Enseignement, sciences, documentation et culture.Art, culture, sport.Sport",2
FR,2003,"Défense nationale, protection de la population, police",1
FR,2003,"Défense nationale, protection de la population, police.Sécurité intérieure.Police.Personnel",4
FR,2003,"Aménagement du territoire et constructions, expropriation, travaux publics, énergie, transports, environnement",1
FR,2003,"Aménagement du territoire et constructions, expropriation, travaux publics, énergie, transports, environnement.Protection de la nature et du paysage.Protection des animaux",1
FR,2003,"Aménagement du territoire et constructions, expropriation, travaux publics, énergie, transports, environnement.Protection de la nature et du paysage.Protection de la nature",6
FR,2003,"Santé, travail, droit des assurances sociales, logement, homes",2
FR,2003,"Santé, travail, droit des assurances sociales, logement, homes.Assistance.Aide sociale",1
FR,2003,Economie,4
FR,2003,Economie.Agriculture.Epizooties,1
FR,2003,Economie.Agriculture.Assurances des animaux,1
FR,2003,Economie.Arts et métiers.Services.Jeux de hasard et loteries.Fonds de loterie,1
FR,2004,Etat,1
FR,2004,"Etat.Autorités.Gouvernement et administration.Droit du personnel.Pensions, prestations d'assurance",1
FR,2004,"Etat.Autorités.Organisation judiciaire.Autorités judiciaires.Tribunaux de district / d'arrondissement, juges de paix",1
FR,2004,Etat.Communes.Finances communales,1
FR,2004,Etat.Communes.Contributions financières des communes,1
FR,2004,"Droit civil.Dispositions d'introduction du code civil.Droits réels.Registre foncier, mensurations cadastrales",1
FR,2004,Droit pénal.Procédure pénale.Investigation secrète,1
FR,2004,"Enseignement, sciences, documentation et culture.Degré secondaire II: Formation professionnelle initiale.Orientation professionnelle",1
FR,2004,"Enseignement, sciences, documentation et culture.Degré tertiaire: Hautes écoles.Autres filières d'études",3
FR,2004,"Enseignement, sciences, documentation et culture.Corps enseignant.Formation",1
FR,2004,"Enseignement, sciences, documentation et culture.Contributions à la formation.Ecolages",1
FR,2004,"Défense nationale, protection de la population, police",2
FR,2004,"Finances, Impôts, monopoles, entreprises d'état.Finances.Budget, comptes",1
FR,2004,"Finances, Impôts, monopoles, entreprises d'état.Finances.Contributions étatiques, subventions",1
FR,2004,"Finances, Impôts, monopoles, entreprises d'état.Monopoles, régales, entreprises d'état.Chasse.Chasseurs",1
FR,2004,"Aménagement du territoire et constructions, expropriation, travaux publics, énergie, transports, environnement",2
FR,2004,"Santé, travail, droit des assurances sociales, logement, homes",2
FR,2004,"Santé, travail, droit des assurances sociales, logement, homes.Santé.Substances thérapeutiques, stupéfiants",1
FR,2004,"Santé, travail, droit des assurances sociales, logement, homes.Santé.Urgences, ambulances",1
FR,2004,"Santé, travail, droit des assurances sociales, logement, homes.Santé.Hygiène.Piscines",1
FR,2004,"Santé, travail, droit des assurances sociales, logement, homes.Droit du travail.Marché du travail.Libre circulation",1
FR,2004,"Santé, travail, droit des assurances sociales, logement, homes.Droit des assurances sociales.Prestations complémentaires",2
FR,2004,"Santé, travail, droit des assurances sociales, logement, homes.Droit des assurances sociales.LAMAL.Listes des hôpitaux",2
FR,2004,Economie,2
FR,2004,Economie.Forêt.Mesures de protection,1
FR,2005,Etat,1
FR,2005,"Etat.Autorités.Gouvernement et administration.Droit du personnel.Traitements, indemnités",1
FR,2005,"Etat.Autorités.Gouvernement et administration.Droit du personnel.Pensions, prestations d'assurance",2
FR,2005,"Etat.Autorités.Organisation judiciaire.Autorités judiciaires.Tribunaux de district / d'arrondissement, juges de paix",2
FR,2005,Etat.Professions juridiques.Notaires.Légalisation,1
FR,2005,"Droit civil.Dispositions d'introduction du code civil.Droits réels.Registre foncier, mensurations cadastrales",1
FR,2005,Droit pénal.Procédure pénale.Profils d'ADN,1
FR,2005,"Enseignement, sciences, documentation et culture.Degré prescolaire, école primaire, degré secondaire I.Ecole enfantine",1
FR,2005,"Enseignement, sciences, documentation et culture.Degré tertiaire: Hautes écoles.Pédagogie",4
FR,2005,"Enseignement, sciences, documentation et culture.Degré tertiaire: Hautes écoles.Etudes sociales",2
FR,2005,"Enseignement, sciences, documentation et culture.Degré tertiaire: Hautes écoles.Autres filières d'études",2
FR,2005,"Enseignement, sciences, documentation et culture.Corps enseignant.Traitement, indemnités",1
FR,2005,"Enseignement, sciences, documentation et culture.Contributions à la formation.Ecolages",1
FR,2005,"Enseignement, sciences, documentation et culture.Assurance de la qualité, surveillance, direction.Médecine scolaire, services psychologiques scolaires",1
FR,2005,"Enseignement, sciences, documentation et culture.Assurance de la qualité, surveillance, direction.Assurance scolaire",1
FR,2005,"Enseignement, sciences, documentation et culture.Documentation.Statistique",1
FR,2005,"Défense nationale, protection de la population, police",2
FR,2005,"Défense nationale, protection de la population, police.Protection de la population.Protection contre les incendies / éléments naturels.Ramoneurs",1
FR,2005,"Finances, Impôts, monopoles, entreprises d'état",2
FR,2005,"Finances, Impôts, monopoles, entreprises d'état.Impôts.Impôts sur le revenu et la fortune / impôts sur les bénéfices et les capitaux.Impôt à la source",1
FR,2005,"Aménagement du territoire et constructions, expropriation, travaux publics, énergie, transports, environnement",2
FR,2005,"Santé, travail, droit des assurances sociales, logement, homes",2
FR,2005,"Santé, travail, droit des assurances sociales, logement, homes.Santé.Professions médicales.Personnel soignant",1
FR,2005,"Santé, travail, droit des assurances sociales, logement, homes.Santé.Hygiène.Denrées alimentaires, objets d'usage courant.Surveillance des aliments",1
FR,2005,"Santé, travail, droit des assurances sociales, logement, homes.Santé.Hygiène.Enfouissement des déchets carnés",1
FR,2005,"Santé, travail, droit des assurances sociales, logement, homes.Logement.Mesures d'encouragement à la construction de logements",1
FR,2005,"Santé, travail, droit des assurances sociales, logement, homes.Assistance.Protection de la jeunesse, aide à la jeunesse",1
FR,2005,"Santé, travail, droit des assurances sociales, logement, homes.Assistance.Donations et collectes publiques",2
FR,2005,Economie,1
FR,2005,Economie.Agriculture.Mesures d'encouragement,1
FR,2005,Economie.Agriculture.Culture des plantes.Lutte contre les parasites,1
FR,2005,Economie.Agriculture.Epizooties,1
FR,2005,Economie.Agriculture.Assurances des animaux,1
FR,2005,Economie.Arts et métiers.Services.Jeux de hasard et loteries.Sport-Toto,1
FR,2006,Etat,1
FR,2006,Etat.Autorités.Gouvernement et administration.Droit du personnel.Engagement,1
FR,2006,"Enseignement, sciences, documentation et culture.Degré tertiaire: Hautes écoles.Pédagogie",2
FR,2006,"Enseignement, sciences, documentation et culture.Degré tertiaire: Hautes écoles.Etudes sociales",2
FR,2006,"Enseignement, sciences, documentation et culture.Degré tertiaire: Hautes écoles.Autres filières d'études",1
FR,2006,"Enseignement, sciences, documentation et culture.Corps enseignant.Traitement, indemnités",1
FR,2006,"Enseignement, sciences, documentation et culture.Art, culture, sport.Sport",1
FR,2006,"Finances, Impôts, monopoles, entreprises d'état",1
FR,2006,"Finances, Impôts, monopoles, entreprises d'état.Finances.Contributions étatiques, subventions",3
FR,2006,"Aménagement du territoire et constructions, expropriation, travaux publics, énergie, transports, environnement",1
FR,2006,"Aménagement du territoire et constructions, expropriation, travaux publics, énergie, transports, environnement.Aménagement du territoire et constructions.Plans",1
FR,2006,"Aménagement du territoire et constructions, expropriation, travaux publics, énergie, transports, environnement.Protection de l'environnement.Hygiène de l'air.Poussières fines/smog",1
FR,2006,"Santé, travail, droit des assurances sociales, logement, homes",2
FR,2006,"Santé, travail, droit des assurances sociales, logement, homes.Santé.Professions médicales.Personnel soignant",2
FR,2006,"Santé, travail, droit des assurances sociales, logement, homes.Santé.Soins à domicile",2
FR,2006,"Santé, travail, droit des assurances sociales, logement, homes.Droit des assurances sociales.LAMAL.Réduction des primes",1
FR,2006,"Santé, travail, droit des assurances sociales, logement, homes.Assistance.Aide sociale",1
FR,2006,"Santé, travail, droit des assurances sociales, logement, homes.Assistance.Protection de la jeunesse, aide à la jeunesse",1
FR,2006,Economie.Agriculture.Apiculture,2
FR,2006,Economie.Agriculture.Epizooties,1
FR,2006,Economie.Arts et métiers.Services.Tourisme,1
FR,2007,Etat,1
FR,2007,"Etat.Autorités.Gouvernement et administration.Droit du personnel.Traitements, indemnités",1
FR,2007,"Enseignement, sciences, documentation et culture.Art, culture, sport.Encouragement à la culture",1
FR,2007,"Finances, Impôts, monopoles, entreprises d'état.Monopoles, régales, entreprises d'état.Pêche.Zones de pêche",1
FR,2007,"Santé, travail, droit des assurances sociales, logement, homes",3
FR,2007,"Santé, travail, droit des assurances sociales, logement, homes.Santé.Prévention des accidents",1
FR,2007,Economie,1
FR,2007,Economie.Agriculture.Culture des plantes.Lutte contre les parasites,2
FR,2007,Economie.Agriculture.Epizooties,1
FR,2008,Etat.Autorités.Protection des données,2
FR,2008,Etat.Communes.Finances communales,1
FR,2008,"Défense nationale, protection de la population, police.Défense.Taxe d'exemption",1
FR,2008,"Finances, Impôts, monopoles, entreprises d'état.Monopoles, régales, entreprises d'état.Chasse.Chasseurs",1
FR,2008,"Aménagement du territoire et constructions, expropriation, travaux publics, énergie, transports, environnement.Protection de la nature et du paysage.Protection de la nature",2
FR,2008,"Santé, travail, droit des assurances sociales, logement, homes",2
FR,2008,"Santé, travail, droit des assurances sociales, logement, homes.Santé.Professions médicales.Personnel soignant",1
FR,2009,Etat,1
FR,2009,Etat.Dispositions générales.Information du public,1
FR,2009,Etat.Autorités.Protection des données,1
FR,2009,"Enseignement, sciences, documentation et culture.Degré prescolaire, école primaire, degré secondaire I.Ecole enfantine",1
FR,2009,"Défense nationale, protection de la population, police",1
FR,2009,"Aménagement du territoire et constructions, expropriation, travaux publics, énergie, transports, environnement.Protection de l'environnement.Déchets",1
FR,2009,"Santé, travail, droit des assurances sociales, logement, homes",3
FR,2009,"Santé, travail, droit des assurances sociales, logement, homes.Santé.Prévention des dépendances.Interdictions de fumer",1
FR,2009,"Santé, travail, droit des assurances sociales, logement, homes.Assistance.Protection de la jeunesse, aide à la jeunesse",1
FR,2009,Economie.Agriculture.Zones de montagne,1
FR,2009,Economie.Agriculture.Culture des plantes.Vignoble,2
FR,2010,Etat,1
FR,2010,Etat.Dispositions générales.Etablissement et séjour.Etablissement et séjour Suisses.contrôle des habitants,1
FR,2010,Etat.Dispositions générales.Publications officielles.feuilles officielles,1
FR,2010,Etat.Dispositions générales.Information du public,2
FR,2010,Etat.Autorités.Gouvernement et administration.Administration.Commissions,1
FR,2010,Etat.Communes.Finances communales,1
FR,2010,Droit pénal.Droit pénal des mineurs et procédure pénale des mineurs,1
FR,2010,"Enseignement, sciences, documentation et culture.Contributions à la formation.Ecolages",1
FR,2010,"Enseignement, sciences, documentation et culture.Contributions à la formation.Emoluments scolaires",1
FR,2010,"Enseignement, sciences, documentation et culture.Art, culture, sport.Sport",1
FR,2010,"Défense nationale, protection de la population, police",1
FR,2010,"Aménagement du territoire et constructions, expropriation, travaux publics, énergie, transports, environnement.Protection de la nature et du paysage.Protection de la nature",3
FR,2010,"Santé, travail, droit des assurances sociales, logement, homes.Droit des assurances sociales.Prestations complémentaires",1
FR,2010,Economie,1
FR,2010,Economie.Forêt.Mesures de protection,1
FR,2010,Economie.Arts et métiers.Services.Prostitution,1
FR,2011,"Etat.Autorités.Gouvernement et administration.Droit du personnel.Pensions, prestations d'assurance",1
FR,2011,Etat.Autorités.Gouvernement et administration.Emoluments administratifs,1
FR,2011,Etat.Autorités.Protection des données,1
FR,2011,"Défense nationale, protection de la population, police",1
FR,2011,"Défense nationale, protection de la population, police.Sécurité intérieure.Police.Personnel",1
FR,2011,"Aménagement du territoire et constructions, expropriation, travaux publics, énergie, transports, environnement.Protection de l'environnement.Déchets",1
FR,2011,"Santé, travail, droit des assurances sociales, logement, homes",3
FR,2011,"Santé, travail, droit des assurances sociales, logement, homes.Santé.Etablissements hospitaliers, cliniques.Droits des patients",1
FR,2011,"Santé, travail, droit des assurances sociales, logement, homes.Santé.Substances thérapeutiques, stupéfiants",1
FR,2011,"Santé, travail, droit des assurances sociales, logement, homes.Santé.Hygiène.Enfouissement des déchets carnés",1
FR,2011,"Santé, travail, droit des assurances sociales, logement, homes.Assistance.Homes.Etablissements pour personnes âgées",1
FR,2012,Etat.Dispositions générales.Etablissement et séjour.Etablissement et séjour des étrangers.intégration,1
FR,2012,"Etat.Autorités.Gouvernement et administration.Droit du personnel.Formation, formation continue, perfectionnement",1
FR,2012,Etat.Autorités.Gouvernement et administration.Emoluments administratifs,1
FR,2012,Etat.Communes.Répartition des tâches entre canton et communes,1
FR,2012,Droit civil,1
FR,2012,Droit civil.Dispositions d'introduction du code civil.Droit de la famille.Tutelle,1
FR,2012,"Enseignement, sciences, documentation et culture.Degré tertiaire: Hautes écoles.Pédagogie",1
FR,2012,"Enseignement, sciences, documentation et culture.Degré tertiaire: Hautes écoles.Autres filières d'études",2
FR,2012,"Enseignement, sciences, documentation et culture.Art, culture, sport.Art.Cinéma, théâtre, divertissement",1
FR,2012,"Aménagement du territoire et constructions, expropriation, travaux publics, énergie, transports, environnement.Transports.Circulation routière.Impôts et taxes de la circulation",1
FR,2012,"Santé, travail, droit des assurances sociales, logement, homes",2
FR,2012,"Santé, travail, droit des assurances sociales, logement, homes.Santé.Etablissements hospitaliers, cliniques.Cliniques psychiatriques",1
FR,2012,"Santé, travail, droit des assurances sociales, logement, homes.Santé.Lutte contre les maladies.Epidémies, pandémies",1
FR,2012,Economie.Agriculture.Apiculture,1
FR,2012,Economie.Commerce.Commerce extérieur,1
FR,2013,"Aménagement du territoire et constructions, expropriation, travaux publics, énergie, transports, environnement.Protection de la nature et du paysage.Protection du paysage",1
FR,2013,"Santé, travail, droit des assurances sociales, logement, homes",1
FR,2013,Economie,1
FR,2013,Economie.Agriculture.Apiculture,1
FR,2013,Economie.Arts et métiers.Services.Professions soumises à autorisation,1
FR,2014,"Etat.Autorités.Gouvernement et administration.Droit du personnel.Traitements, indemnités",1
FR,2014,"Enseignement, sciences, documentation et culture.Degré tertiaire: universités.Autres filières d'études",1
FR,2014,"Défense nationale, protection de la population, police.Protection de la population.Protection contre les incendies / éléments naturels.Protection contre le feu, pompiers",1
FR,2014,"Finances, Impôts, monopoles, entreprises d'état.Impôts.Impôts sur le revenu et la fortune / impôts sur les bénéfices et les capitaux.Impôt fédéral",1
FR,2014,"Aménagement du territoire et constructions, expropriation, travaux publics, énergie, transports, environnement.Aménagement du territoire et constructions.Plans",1
FR,2014,"Santé, travail, droit des assurances sociales, logement, homes",1
FR,2015,Etat,1
FR,2015,"Etat.Dispositions générales.Droits fondamentaux, droits politiques.droits politiques.Elections et votations",1
FR,2015,"Enseignement, sciences, documentation et culture",1
FR,2015,"Enseignement, sciences, documentation et culture.Degré tertiaire: universités.Faculté de médecine humaine et vétérinaire",1
FR,2015,"Enseignement, sciences, documentation et culture.Degré tertiaire: Hautes écoles.Pédagogie",2
FR,2015,"Enseignement, sciences, documentation et culture.Corps enseignant.Formation",1
FR,2015,"Aménagement du territoire et constructions, expropriation, travaux publics, énergie, transports, environnement.Aménagement du territoire et constructions.Procédure",1
FR,2015,"Aménagement du territoire et constructions, expropriation, travaux publics, énergie, transports, environnement.Protection de la nature et du paysage.Protection du paysage",1
FR,2015,"Aménagement du territoire et constructions, expropriation, travaux publics, énergie, transports, environnement.Protection de la nature et du paysage.Protection de la nature",1
FR,2015,"Santé, travail, droit des assurances sociales, logement, homes",1
FR,2015,"Santé, travail, droit des assurances sociales, logement, homes.Santé.Professions médicales.Pharmaciens",1
FR,2015,"Santé, travail, droit des assurances sociales, logement, homes.Santé.Hygiène.Piscines",1
FR,2015,"Santé, travail, droit des assurances sociales, logement, homes.Droit du travail.Employés.Mobbing, harcèlement sexuel",1
FR,2015,Economie.Agriculture.Culture des plantes.Lutte contre les parasites,1
FR,2015,Economie.Agriculture.Epizooties,1
FR,2016,Etat,2
FR,2016,Etat.Autorités.Informatique.E-Government,2
FR,2016,"Enseignement, sciences, documentation et culture.Degré prescolaire, école primaire, degré secondaire I.Ecole enfantine",1
FR,2016,"Enseignement, sciences, documentation et culture.Assurance de la qualité, surveillance, direction.Médecine scolaire, services psychologiques scolaires",1
FR,2016,"Défense nationale, protection de la population, police",1
FR,2016,"Aménagement du territoire et constructions, expropriation, travaux publics, énergie, transports, environnement.Protection de la nature et du paysage.Protection de la nature",1
FR,2016,"Santé, travail, droit des assurances sociales, logement, homes.Santé.Laboratoires médicaux",1
FR,2016,"Santé, travail, droit des assurances sociales, logement, homes.Santé.Substances thérapeutiques, stupéfiants",1
FR,2016,"Santé, travail, droit des assurances sociales, logement, homes.Santé.Urgences, ambulances",1
FR,2016,"Santé, travail, droit des assurances sociales, logement, homes.Santé.Prévention des accidents",1
FR,2016,Economie,1
FR,2016,Economie.Agriculture.Epizooties,1
FR,2017,"Etat.Dispositions générales.Droits fondamentaux, droits politiques.égalité entre hommes et femmes",1
FR,2017,Etat.Autorités.Gouvernement et administration.Procédure administrative,1
FR,2017,Etat.Autorités.Informatique.E-Government,1
FR,2017,Droit pénal,1
FR,2017,"Enseignement, sciences, documentation et culture.Contributions à la formation.Emoluments scolaires",1
FR,2017,"Enseignement, sciences, documentation et culture.Assurance de la qualité, surveillance, direction.Médecine scolaire, services psychologiques scolaires",1
FR,2017,"Enseignement, sciences, documentation et culture.Art, culture, sport.Encouragement à la culture",1
FR,2017,"Aménagement du territoire et constructions, expropriation, travaux publics, énergie, transports, environnement",1
FR,2017,"Aménagement du territoire et constructions, expropriation, travaux publics, énergie, transports, environnement.Protection de l'environnement.Déchets",1
FR,2018,Etat,1
FR,2018,Droit pénal.Procédure pénale.Investigation secrète,1
FR,2018,"Enseignement, sciences, documentation et culture.Art, culture, sport.Encouragement à la culture",1
FR,2019,Etat,1
FR,2019,Etat.Autorités.Informatique.E-Government,1
FR,2019,"Finances, Impôts, monopoles, entreprises d'état",1
FR,2020,Etat,1
FR,2020,Droit pénal.Amendes d'ordre,1
FR,2020,"Enseignement, sciences, documentation et culture.Degré secondaire II: Formation professionnelle initiale.Orientation professionnelle",1
FR,2020,"Enseignement, sciences, documentation et culture.Documentation.Statistique",1
FR,2020,"Enseignement, sciences, documentation et culture.Art, culture, sport.Encouragement à la culture",3
FR,2020,"Santé, travail, droit des assurances sociales, logement, homes.Santé.Lutte contre les maladies.Epidémies, pandémies",25
FR,2021,Etat,3
FR,2021,Etat.Dispositions générales.Etablissement et séjour.Etablissement et séjour Suisses.contrôle des habitants,1
FR,2021,"Etat.Dispositions générales.Droits fondamentaux, droits politiques.droits politiques.Elections et votations",1
FR,2021,"Etat.Autorités.Gouvernement et administration.Droit du personnel.Traitements, indemnités",1
FR,2021,Etat.Communes.Finances communales,1
FR,2021,Droit civil.Procédure civile.Exécution,1
FR,2021,Droit pénal.Procédure pénale.Aide aux victimes d'infractions,1
FR,2021,"Enseignement, sciences, documentation et culture.Art, culture, sport.Art.Cinéma, théâtre, divertissement",1
FR,2021,"Finances, Impôts, monopoles, entreprises d'état.Finances.Contributions étatiques, subventions",1
FR,2021,"Aménagement du territoire et constructions, expropriation, travaux publics, énergie, transports, environnement.Transports.Circulation routière.Impôts et taxes de la circulation",1
FR,2021,"Aménagement du territoire et constructions, expropriation, travaux publics, énergie, transports, environnement.Transports.Navigation aérienne.Aéronefs",1
FR,2021,"Santé, travail, droit des assurances sociales, logement, homes.Santé.Lutte contre les maladies.Epidémies, pandémies",2
FR,2022,"Etat.Autorités.Gouvernement et administration.Droit du personnel.Traitements, indemnités",1
FR,2022,"Défense nationale, protection de la population, police.Sécurité intérieure.Stands de tir",1
FR,2022,"Finances, Impôts, monopoles, entreprises d'état.Impôts.Impôts sur les successions et les donations",1
FR,2022,"Santé, travail, droit des assurances sociales, logement, homes",1
FR,2022,Economie,1
FR,2023,Etat,1
FR,2023,Etat.Autorités.Protection des données,1
FR,2023,"Enseignement, sciences, documentation et culture.Degré tertiaire: universités.Autres filières d'études",1
FR,2023,"Aménagement du territoire et constructions, expropriation, travaux publics, énergie, transports, environnement.Energie.Approvisionnement en énergie",1
FR,2023,"Santé, travail, droit des assurances sociales, logement, homes",2
FR,2023,Economie.Agriculture.Droit foncier rural,1
FR,2024,Etat,1
FR,2024,"Droit civil.Dispositions d'introduction du code civil.Droits réels.Registre foncier, mensurations cadastrales",2
FR,2024,"Enseignement, sciences, documentation et culture.Contributions à la formation.Bourses d'études",1
FR,2024,"Finances, Impôts, monopoles, entreprises d'état.Finances.Contributions étatiques, subventions",1
FR,2024,"Santé, travail, droit des assurances sociales, logement, homes.Santé.Urgences, ambulances",1
FR,2025,Etat.Dispositions générales.Information du public,1
FR,2025,"Enseignement, sciences, documentation et culture",2
FR,2025,"Enseignement, sciences, documentation et culture.Degré tertiaire: universités.Faculté de médecine humaine et vétérinaire",2
FR,2025,"Finances, Impôts, monopoles, entreprises d'état.Finances.Budget, comptes",1
FR,2025,"Aménagement du territoire et constructions, expropriation, travaux publics, énergie, transports, environnement",1
FR,2025,"Aménagement du territoire et constructions, expropriation, travaux publics, énergie, transports, environnement.Protection de la nature et du paysage.Protection des monuments et des biens culturels",1
FR,2025,"Santé, travail, droit des assurances sociales, logement, homes",1
FR,2025,"Santé, travail, droit des assurances sociales, logement, homes.Santé.Professions médicales.Personnel soignant",1
FR,2025,"Santé, travail, droit des assurances sociales, logement, homes.Santé.Lutte contre les maladies.Epidémies, pandémies",1
FR,2025,Economie.Agriculture.Mesures d'encouragement,1
FR,2026,"Aménagement du territoire et constructions, expropriation, travaux publics, énergie, transports, environnement.Protection de la nature et du paysage.Protection des plantes",1
FR,unknown,Publications sans texte,1
GE,1957,"Aménagement du territoire et constructions, expropriation, travaux publics, énergie, transports, environnement.Aménagement du territoire et constructions.Zones",1
GE,1959,"Aménagement du territoire et constructions, expropriation, travaux publics, énergie, transports, environnement.Transports.Navigation.Police de la navigation",1
GE,1988,Droit pénal,1
GE,2001,"Santé, travail, droit des assurances sociales, logement, homes.Assistance.Aide sociale",1
GE,2002,"Santé, travail, droit des assurances sociales, logement, homes",1
GE,2002,"Santé, travail, droit des assurances sociales, logement, homes.Assistance.Aide sociale",1
GE,2003,"Santé, travail, droit des assurances sociales, logement, homes",1
GE,2004,Etat.Communes.Finances communales,1
GE,2004,"Défense nationale, protection de la population, police",1
GE,2004,"Santé, travail, droit des assurances sociales, logement, homes",1
GE,2004,Economie,1
GE,2005,"Finances, Impôts, monopoles, entreprises d'état.Impôts.Impôts sur le revenu et la fortune / impôts sur les bénéfices et les capitaux.Impôt communal",1
GE,2005,"Aménagement du territoire et constructions, expropriation, travaux publics, énergie, transports, environnement.Transports.Navigation.Impôts et taxes sur les bateaux",1
GE,2005,"Santé, travail, droit des assurances sociales, logement, homes",2
GE,2006,"Santé, travail, droit des assurances sociales, logement, homes",1
GE,2007,"Santé, travail, droit des assurances sociales, logement, homes",2
GE,2008,"Santé, travail, droit des assurances sociales, logement, homes",1
GE,2010,"Etat.Dispositions générales.Droits fondamentaux, droits politiques.droits politiques.Elections et votations",1
GE,2010,"Aménagement du territoire et constructions, expropriation, travaux publics, énergie, transports, environnement",1
GE,2011,"Défense nationale, protection de la population, police",1
GE,2011,"Santé, travail, droit des assurances sociales, logement, homes",1
GE,2017,"Santé, travail, droit des assurances sociales, logement, homes",1
GE,2020,"Santé, travail, droit des assurances sociales, logement, homes",1
GE,2025,"Aménagement du territoire et constructions, expropriation, travaux publics, énergie, transports, environnement",1
GL,1878,"Aménagement du territoire et constructions, expropriation, travaux publics, énergie, transports, environnement.Transports.Transports publics.Transports ferroviaires",1
GL,1888,"Santé, travail, droit des assurances sociales, logement, homes.Santé.Lutte contre les maladies.Epidémies, pandémies",1
GL,1892,Droit civil.Dispositions d'introduction du code civil.Droits réels.Acquisitions des terrains par des personnes domiciliées à l'étranger,1
GL,1909,Economie.Commerce.Poids et mesures. moyens de paiement,1
GL,1922,"Etat.Dispositions générales.Droits fondamentaux, droits politiques.droits politiques.Landsgemeinde",1
GL,1926,Economie.Commerce.Commerce itinérant,1
GL,1927,Etat,1
GL,1934,"Santé, travail, droit des assurances sociales, logement, homes.Santé.Lutte contre les maladies.Tuberculose",2
GL,1943,Economie.Agriculture.Production animale.Commerce du bétail,1
GL,1948,"Santé, travail, droit des assurances sociales, logement, homes.Droit des assurances sociales.AVS/AI",1
GL,1949,Droit pénal,1
GL,1950,"Aménagement du territoire et constructions, expropriation, travaux publics, énergie, transports, environnement",1
GL,1958,Etat.Dispositions générales.Etablissement et séjour.Etablissement et séjour Suisses.contrôle des habitants,1
GL,1963,"Santé, travail, droit des assurances sociales, logement, homes",1
GL,1963,"Santé, travail, droit des assurances sociales, logement, homes.Santé.Hygiène.Piscines",1
GL,1963,"Santé, travail, droit des assurances sociales, logement, homes.Santé.Hygiène.Inhumations, cimetières",1
GL,1964,"Défense nationale, protection de la population, police.Sécurité intérieure.Police.Personnel",1
GL,1964,"Santé, travail, droit des assurances sociales, logement, homes.Santé.Hygiène.Alimentation en eau",1
GL,1966,"Santé, travail, droit des assurances sociales, logement, homes.Santé.Prévention des dépendances.Alcoolisme",1
GL,1966,"Santé, travail, droit des assurances sociales, logement, homes.Droit des assurances sociales.Prestations complémentaires",1
GL,1967,"Finances, Impôts, monopoles, entreprises d'état.Impôts.Impôts sur le revenu et la fortune / impôts sur les bénéfices et les capitaux.Imputation forfaitaire d'impôt",1
GL,1971,"Enseignement, sciences, documentation et culture.Documentation.Bibliothèques",1
GL,1972,"Enseignement, sciences, documentation et culture.Assurance de la qualité, surveillance, direction.Médecine scolaire, services psychologiques scolaires",1
GL,1974,Etat.Dispositions générales.Publications officielles.Recueils de législation,1
GL,1974,"Enseignement, sciences, documentation et culture.Contributions à la formation.Bourses d'études",1
GL,1975,Economie,1
GL,1975,Economie.Arts et métiers.Services.Jeux de hasard et loteries.Sport-Toto,1
GL,1976,"Santé, travail, droit des assurances sociales, logement, homes.Droit des assurances sociales.Allocations familiales.Travailleurs agricoles",1
GL,1978,Economie.Agriculture.Apiculture,1
GL,1979,"Aménagement du territoire et constructions, expropriation, travaux publics, énergie, transports, environnement",1
GL,1981,Etat.Autorités.Parlement.Indemnisation des parlementaires,1
GL,1981,Economie,1
GL,1983,Droit pénal,1
GL,1983,"Aménagement du territoire et constructions, expropriation, travaux publics, énergie, transports, environnement.Protection de la nature et du paysage.Champignons",1
GL,1983,"Santé, travail, droit des assurances sociales, logement, homes.Droit du travail.Travail à domicile",1
GL,1984,"Finances, Impôts, monopoles, entreprises d'état.Monopoles, régales, entreprises d'état.Pêche.Patentes",1
GL,1984,"Santé, travail, droit des assurances sociales, logement, homes.Droit des assurances sociales.Assurance-chômage",2
GL,1985,"Aménagement du territoire et constructions, expropriation, travaux publics, énergie, transports, environnement.Transports.Circulation routière.Impôts et taxes de la circulation",1
GL,1986,"Enseignement, sciences, documentation et culture",1
GL,1987,Etat.Autorités.Gouvernement et administration.Gouvernement.Indemnités,1
GL,1988,"Défense nationale, protection de la population, police.Sécurité intérieure.Police.Personnel",1
GL,1989,"Aménagement du territoire et constructions, expropriation, travaux publics, énergie, transports, environnement",1
GL,1989,Economie.Agriculture.Culture des plantes.Vignoble,1
GL,1990,"Santé, travail, droit des assurances sociales, logement, homes",2
GL,1990,"Santé, travail, droit des assurances sociales, logement, homes.Droit du travail.Marché du travail.Lutte contre les crises, réserves de crise bénéficiant d'allégements fiscaux",1
GL,1990,"Santé, travail, droit des assurances sociales, logement, homes.Droit des assurances sociales.Assurance-chômage",1
GL,1991,"Enseignement, sciences, documentation et culture",1
GL,1991,"Enseignement, sciences, documentation et culture.Contributions à la formation.Bourses d'études",1
GL,1991,"Finances, Impôts, monopoles, entreprises d'état.Finances.Contributions étatiques, subventions",1
GL,1991,"Santé, travail, droit des assurances sociales, logement, homes",1
GL,1991,"Santé, travail, droit des assurances sociales, logement, homes.Droit du travail.Marché du travail.Service de l'emploi et location de services",1
GL,1991,"Santé, travail, droit des assurances sociales, logement, homes.Assistance.Protection de la jeunesse, aide à la jeunesse",1
GL,1991,"Santé, travail, droit des assurances sociales, logement, homes.Assistance.Donations et collectes publiques",3
GL,1991,Economie.Arts et métiers.Services.Tourisme,1
GL,1992,"Finances, Impôts, monopoles, entreprises d'état",1
GL,1993,"Défense nationale, protection de la population, police.Sécurité intérieure.Police.Personnel",1
GL,1993,"Défense nationale, protection de la population, police.Sécurité intérieure.Maintien de la tranquillité et de l'ordre public.Domaine public",1
GL,1993,"Santé, travail, droit des assurances sociales, logement, homes.Santé.Hygiène.Enfouissement des déchets carnés",1
GL,1994,"Etat.Autorités.Gouvernement et administration.Droit du personnel.Traitements, indemnités",1
GL,1994,"Défense nationale, protection de la population, police",1
GL,1994,"Finances, Impôts, monopoles, entreprises d'état.Impôts.Impôts sur le revenu et la fortune / impôts sur les bénéfices et les capitaux.Impôt à la source",1
GL,1994,"Finances, Impôts, monopoles, entreprises d'état.Impôts.Double imposition",1
GL,1994,"Aménagement du territoire et constructions, expropriation, travaux publics, énergie, transports, environnement.Protection de l'environnement.Protection des eaux",1
GL,1995,"Enseignement, sciences, documentation et culture.Degré secondaire II.Ecole moyenne",1
GL,1995,"Aménagement du territoire et constructions, expropriation, travaux publics, énergie, transports, environnement.Protection de l'environnement.Protection des eaux",1
GL,1995,"Aménagement du territoire et constructions, expropriation, travaux publics, énergie, transports, environnement.Protection de l'environnement.Produits toxiques et chimiques",1
GL,1995,"Santé, travail, droit des assurances sociales, logement, homes",1
GL,1996,Droit pénal,2
GL,1996,"Enseignement, sciences, documentation et culture.Degré secondaire II.Ecole moyenne",1
GL,1996,"Défense nationale, protection de la population, police.Sécurité intérieure.Maintien de la tranquillité et de l'ordre public.Chiens, animaux dangereux",1
GL,1996,"Aménagement du territoire et constructions, expropriation, travaux publics, énergie, transports, environnement.Protection de l'environnement.Protection des eaux",1
GL,1996,"Aménagement du territoire et constructions, expropriation, travaux publics, énergie, transports, environnement.Protection de l'environnement.Etude d'impact sur l'environnement",1
GL,1996,"Santé, travail, droit des assurances sociales, logement, homes.Santé.Hygiène.Denrées alimentaires, objets d'usage courant.Surveillance des aliments",1
GL,1996,Economie.Agriculture.Epizooties,1
GL,1997,"Finances, Impôts, monopoles, entreprises d'état",1
GL,1997,"Finances, Impôts, monopoles, entreprises d'état.Monopoles, régales, entreprises d'état.Chasse.Chasseurs",2
GL,1997,"Aménagement du territoire et constructions, expropriation, travaux publics, énergie, transports, environnement.Protection de la nature et du paysage.Protection des animaux",1
GL,1998,"Aménagement du territoire et constructions, expropriation, travaux publics, énergie, transports, environnement.Transports.Circulation routière.Transport des personnes",1
GL,1998,"Aménagement du territoire et constructions, expropriation, travaux publics, énergie, transports, environnement.Transports.Conduites",2
GL,1998,"Santé, travail, droit des assurances sociales, logement, homes.Assistance.Donations et collectes publiques",1
GL,1999,"Etat.Autorités.Gouvernement et administration.Droit du personnel.Durée du travail, vacances, congés",1
GL,1999,"Défense nationale, protection de la population, police.Sécurité intérieure.Armes et munitions",1
GL,1999,"Aménagement du territoire et constructions, expropriation, travaux publics, énergie, transports, environnement.Protection de l'environnement.Protection des eaux",1
GL,1999,"Santé, travail, droit des assurances sociales, logement, homes.Assistance.Donations et collectes publiques",1
GL,1999,Economie,1
GL,2000,"Droit civil.Dispositions d'introduction du code civil.Droits réels.Registre foncier, mensurations cadastrales",1
GL,2000,Droit civil.Dispositions générales d'introduction du code des obligations.Des divers contrats.Bail à loyer et à ferme.Bail à ferme agricole,1
GL,2000,"Enseignement, sciences, documentation et culture.Degré secondaire II.Ecole moyenne",1
GL,2000,"Défense nationale, protection de la population, police.Protection de la population.Approvisionnement du pays",1
GL,2000,"Finances, Impôts, monopoles, entreprises d'état.Finances.Contributions étatiques, subventions",1
GL,2000,"Finances, Impôts, monopoles, entreprises d'état.Impôts.Impôts sur le revenu et la fortune / impôts sur les bénéfices et les capitaux.Impôt fédéral",1
GL,2000,"Finances, Impôts, monopoles, entreprises d'état.Impôts.Impôts sur le revenu et la fortune / impôts sur les bénéfices et les capitaux.Impôt cantonal",1
GL,2000,"Finances, Impôts, monopoles, entreprises d'état.Impôts.Impôt anticipé",1
GL,2000,"Santé, travail, droit des assurances sociales, logement, homes.Droit des assurances sociales.LPP",1
GL,2000,Economie,1
GL,2001,"Enseignement, sciences, documentation et culture.Contributions à la formation.Ecolages",1
GL,2001,"Finances, Impôts, monopoles, entreprises d'état",1
GL,2001,"Aménagement du territoire et constructions, expropriation, travaux publics, énergie, transports, environnement",1
GL,2001,"Aménagement du territoire et constructions, expropriation, travaux publics, énergie, transports, environnement.Protection de l'environnement.Protection des eaux",1
GL,2001,"Santé, travail, droit des assurances sociales, logement, homes.Assistance.Avances sur les pensions alimentaires",1
GL,2002,"Droit civil.Dispositions d'introduction du code civil.Droit des personnes, état civil.Fondations, surveillance.Fondations LPP",1
GL,2002,"Enseignement, sciences, documentation et culture",1
GL,2002,"Enseignement, sciences, documentation et culture.Degré secondaire II.Ecoles moyennes supérieures, écoles des culture générale, écoles de degré diplôme",1
GL,2002,"Enseignement, sciences, documentation et culture.Pédagogie spécialisée.Enfants surdoués",1
GL,2002,"Enseignement, sciences, documentation et culture.Pédagogie spécialisée.Intégration des écoliers étrangers",1
GL,2002,"Enseignement, sciences, documentation et culture.Structures d'accueil complémentaires",1
GL,2002,"Enseignement, sciences, documentation et culture.Assurance de la qualité, surveillance, direction.Matériel scolaire",1
GL,2002,"Aménagement du territoire et constructions, expropriation, travaux publics, énergie, transports, environnement.Protection de la nature et du paysage.Protection du paysage",1
GL,2002,"Santé, travail, droit des assurances sociales, logement, homes",1
GL,2002,"Santé, travail, droit des assurances sociales, logement, homes.Droit des assurances sociales.LAMAL.Réduction des primes",1
GL,2002,"Santé, travail, droit des assurances sociales, logement, homes.Droit des assurances sociales.LAMAL.Limitation de l'admission des fournisseurs de prestations",1
GL,2003,Etat.Dispositions générales.Documents d'identité,1
GL,2003,Etat.Autorités.Protection des données,1
GL,2003,"Enseignement, sciences, documentation et culture.Degré prescolaire, école primaire, degré secondaire I.Ecole primaire, degré secondaire I",1
GL,2003,"Défense nationale, protection de la population, police.Protection de la population.Protection contre les incendies / éléments naturels.Protection contre les incendies",1
GL,2003,"Finances, Impôts, monopoles, entreprises d'état",1
GL,2003,"Aménagement du territoire et constructions, expropriation, travaux publics, énergie, transports, environnement.Protection de l'environnement.Déchets",1
GL,2003,"Santé, travail, droit des assurances sociales, logement, homes",1
GL,2003,"Santé, travail, droit des assurances sociales, logement, homes.Droit du travail.Marché du travail.Envoi de travailleurs à l'étranger",1
GL,2003,"Santé, travail, droit des assurances sociales, logement, homes.Assistance.Avances sur les pensions alimentaires",1
GL,2003,Economie.Agriculture.Mesures d'encouragement,1
GL,2003,Economie.Arts et métiers.Services.Crédit à la consommation,1
GL,2004,"Aménagement du territoire et constructions, expropriation, travaux publics, énergie, transports, environnement.Aménagement du territoire et constructions.Procédure",1
GL,2004,"Aménagement du territoire et constructions, expropriation, travaux publics, énergie, transports, environnement.Transports.Circulation routière.Impôts et taxes de la circulation",1
GL,2004,"Santé, travail, droit des assurances sociales, logement, homes.Droit des assurances sociales.LAMAL.Réduction des primes",1
GL,2005,"Santé, travail, droit des assurances sociales, logement, homes.Santé.Prévention des accidents",1
GL,2006,Etat,1
GL,2006,Etat.Dispositions générales.Etablissement et séjour.Etablissement et séjour des étrangers.asile,1
GL,2006,Etat.Communes.Finances communales,1
GL,2006,Droit civil.Dispositions générales d'introduction du code des obligations.Des divers contrats.Bail à loyer et à ferme.Bail à ferme agricole,1
GL,2006,Droit pénal,2
GL,2006,"Enseignement, sciences, documentation et culture",1
GL,2006,"Enseignement, sciences, documentation et culture.Art, culture, sport.Encouragement à la culture",1
GL,2006,"Défense nationale, protection de la population, police.Défense.Taxe d'exemption",1
GL,2006,"Défense nationale, protection de la population, police.Sécurité intérieure.Explosifs",1
GL,2006,"Finances, Impôts, monopoles, entreprises d'état",1
GL,2006,"Aménagement du territoire et constructions, expropriation, travaux publics, énergie, transports, environnement",2
GL,2006,"Aménagement du territoire et constructions, expropriation, travaux publics, énergie, transports, environnement.Aménagement du territoire et constructions.Affichage et publicité",1
GL,2006,"Aménagement du territoire et constructions, expropriation, travaux publics, énergie, transports, environnement.Travaux publics.Routes.Chemins pédestres et de randonnée",1
GL,2006,"Aménagement du territoire et constructions, expropriation, travaux publics, énergie, transports, environnement.Protection de l'environnement.Protection des eaux",1
GL,2006,"Santé, travail, droit des assurances sociales, logement, homes.Santé.Prévention des accidents",1
GL,2006,"Santé, travail, droit des assurances sociales, logement, homes.Droit du travail.Employés.Dimanches et jours fériés",1
GL,2006,"Santé, travail, droit des assurances sociales, logement, homes.Droit des assurances sociales.Assurance-chômage",1
GL,2006,Economie,1
GL,2007,"Enseignement, sciences, documentation et culture",1
GL,2007,"Santé, travail, droit des assurances sociales, logement, homes",1
GL,2007,"Santé, travail, droit des assurances sociales, logement, homes.Droit du travail.Marché du travail.Travail au noir",1
GL,2008,"Enseignement, sciences, documentation et culture.Sport scolaire",1
GL,2008,"Défense nationale, protection de la population, police.Sécurité intérieure.Police.Personnel",1
GL,2008,"Santé, travail, droit des assurances sociales, logement, homes",1
GL,2009,"Aménagement du territoire et constructions, expropriation, travaux publics, énergie, transports, environnement.Protection de la nature et du paysage.Protection du paysage",1
GL,2009,"Santé, travail, droit des assurances sociales, logement, homes.Santé.Substances thérapeutiques, stupéfiants",1
GL,2010,"Finances, Impôts, monopoles, entreprises d'état.Entreprises d'Etat.Banques cantonales",1
GL,2010,"Aménagement du territoire et constructions, expropriation, travaux publics, énergie, transports, environnement",1
GL,2010,Economie.Agriculture.Epizooties,1
GL,2011,"Défense nationale, protection de la population, police.Protection de la population.Protection contre les incendies / éléments naturels.Assurances des bâtiments.Assurance contre les dommages causés par les éléments naturels",1
GL,2011,"Aménagement du territoire et constructions, expropriation, travaux publics, énergie, transports, environnement.Transports.Circulation routière.Impôts et taxes de la circulation",1
GL,2011,Economie.Agriculture.Culture des plantes.Vignoble,1
GL,2012,Droit civil.Dispositions d'introduction du code civil.Droit de la famille.Tutelle,1
GL,2012,"Droit civil.Dispositions d'introduction du code civil.Droits réels.Registre foncier, mensurations cadastrales",3
GL,2012,"Enseignement, sciences, documentation et culture",1
GL,2012,"Santé, travail, droit des assurances sociales, logement, homes",1
GL,2013,Droit pénal.Amendes d'ordre,1
GL,2013,"Défense nationale, protection de la population, police",1
GL,2013,"Défense nationale, protection de la population, police.Protection de la population.Approvisionnement du pays",1
GL,2013,"Santé, travail, droit des assurances sociales, logement, homes",1
GL,2013,Economie.Agriculture.Epizooties,1
GL,2014,"Défense nationale, protection de la population, police",1
GL,2014,"Finances, Impôts, monopoles, entreprises d'état",1
GL,2014,"Aménagement du territoire et constructions, expropriation, travaux publics, énergie, transports, environnement.Protection de la nature et du paysage.Protection de la nature",1
GL,2015,"Finances, Impôts, monopoles, entreprises d'état",2
GL,2015,"Santé, travail, droit des assurances sociales, logement, homes",1
GL,2015,"Santé, travail, droit des assurances sociales, logement, homes.Santé.Lutte contre les maladies.Epidémies, pandémies",1
GL,2015,Economie.Agriculture.Mesures d'encouragement,1
GL,2016,Etat.Dispositions générales.Etablissement et séjour.Etablissement et séjour des étrangers.asile,1
GL,2016,"Aménagement du territoire et constructions, expropriation, travaux publics, énergie, transports, environnement.Protection de la nature et du paysage.Protection du paysage",1
GL,2017,Etat.Dispositions générales.Droit de cité,1
GL,2017,"Etat.Dispositions générales.Droits fondamentaux, droits politiques.droits politiques.Elections et votations",1
GL,2017,"Etat.Communes.Bourgeoisies, allmends",1
GL,2017,"Enseignement, sciences, documentation et culture",1
GL,2017,"Aménagement du territoire et constructions, expropriation, travaux publics, énergie, transports, environnement.Protection de l'environnement.Produits toxiques et chimiques",1
GL,2018,"Finances, Impôts, monopoles, entreprises d'état",1
GL,2020,Droit pénal,1
GL,2020,"Enseignement, sciences, documentation et culture.Degré prescolaire, école primaire, degré secondaire I.Ecole primaire, degré secondaire I",1
GL,2020,"Aménagement du territoire et constructions, expropriation, travaux publics, énergie, transports, environnement.Protection de l'environnement.Protection des eaux",1
GL,2020,"Santé, travail, droit des assurances sociales, logement, homes.Santé.Lutte contre les maladies.Epidémies, pandémies",3
GL,2020,Economie.Agriculture.Culture des plantes.Vignoble,1
GL,2021,"Santé, travail, droit des assurances sociales, logement, homes.Santé.Lutte contre les maladies.Epidémies, pandémies",1
GL,2022,Etat,1
GL,2022,Droit civil.Procédure civile.Exécution,1
GL,2022,"Enseignement, sciences, documentation et culture.Degré prescolaire, école primaire, degré secondaire I.Crèches",1
GL,2022,"Aménagement du territoire et constructions, expropriation, travaux publics, énergie, transports, environnement.Protection de la nature et du paysage.Protection des plantes",1
GL,2022,"Santé, travail, droit des assurances sociales, logement, homes.Santé.Soins à domicile",1
GL,2022,"Santé, travail, droit des assurances sociales, logement, homes.Assistance.Aide sociale",1
GL,2023,"Finances, Impôts, monopoles, entreprises d'état.Impôts.Impôts sur le revenu et la fortune / impôts sur les bénéfices et les capitaux.Coefficient d'impôt",1
GL,2023,"Finances, Impôts, monopoles, entreprises d'état.Monopoles, régales, entreprises d'état.Alcool",1
GL,2023,"Aménagement du territoire et constructions, expropriation, travaux publics, énergie, transports, environnement.Travaux publics.Marchés publics",1
GL,2023,"Aménagement du territoire et constructions, expropriation, travaux publics, énergie, transports, environnement.Protection de l'environnement.Déchets",1
GL,2023,"Santé, travail, droit des assurances sociales, logement, homes.Droit des assurances sociales.LAMAL.Limitation de l'admission des fournisseurs de prestations",1
GL,2024,Etat.Autorités.Gouvernement et administration.Procédure administrative,1
GL,2024,Etat.Autorités.Informatique.E-Government,2
GL,2024,"Aménagement du territoire et constructions, expropriation, travaux publics, énergie, transports, environnement",1
GL,2024,"Santé, travail, droit des assurances sociales, logement, homes.Santé.Professions médicales.Personnel soignant",1
GL,2024,Economie.Promotion de l'économie,1
GL,2025,Etat.Dispositions générales.Etablissement et séjour.Etablissement et séjour des étrangers.asile,1
GL,2025,"Aménagement du territoire et constructions, expropriation, travaux publics, énergie, transports, environnement",4
GL,2025,"Aménagement du territoire et constructions, expropriation, travaux publics, énergie, transports, environnement.Protection de la nature et du paysage.Protection des animaux",1
GL,2026,Etat.Autorités.Gouvernement et administration.Droit du personnel.Engagement,1
GL,2026,"Etat.Autorités.Organisation judiciaire.Autorités judiciaires.Juges d'instruction, Ministère public.Ministère public",1
GL,2026,"Enseignement, sciences, documentation et culture",2
GL,2026,"Enseignement, sciences, documentation et culture.Degré prescolaire, école primaire, degré secondaire I.Ecole primaire, degré secondaire I",1
GL,2026,"Enseignement, sciences, documentation et culture.Formation continue (Degré quaternaire).Formation continue des enseignants",1
GL,2026,"Enseignement, sciences, documentation et culture.Contributions à la formation.Bourses d'études",1
GL,2026,"Enseignement, sciences, documentation et culture.Ecoles privées",1
GL,2026,"Santé, travail, droit des assurances sociales, logement, homes.Santé.Professions médicales.Personnel soignant",1
GR,1918,Droit civil,1
GR,1925,"Santé, travail, droit des assurances sociales, logement, homes.Droit du travail.Employés.Sécurité",1
GR,1946,"Enseignement, sciences, documentation et culture",1
GR,1950,"Santé, travail, droit des assurances sociales, logement, homes",1
GR,1958,"Défense nationale, protection de la population, police.Sécurité intérieure.Armes et munitions",1
GR,1961,Droit pénal.Exécution des peines et des mesures.Patronage,1
GR,1961,"Enseignement, sciences, documentation et culture.Degré prescolaire, école primaire, degré secondaire I.Ecole primaire, degré secondaire I",1
GR,1966,"Etat.Autorités.Organisation judiciaire.Autorités judiciaires.Tribunaux administratifs, des assurances et des assurances sociales",1
GR,1969,Etat.Autorités.Gouvernement et administration.Organisation.Délégation,1
GR,1969,"Aménagement du territoire et constructions, expropriation, travaux publics, énergie, transports, environnement.Protection de l'environnement.Produits toxiques et chimiques",1
GR,1970,"Défense nationale, protection de la population, police.Protection de la population.Protection contre les incendies / éléments naturels.Protection contre le feu, pompiers",1
GR,1970,"Santé, travail, droit des assurances sociales, logement, homes",2
GR,1971,"Enseignement, sciences, documentation et culture.Degré secondaire II.Ecole moyenne",1
GR,1971,"Enseignement, sciences, documentation et culture.Corps enseignant.Formation",1
GR,1971,"Défense nationale, protection de la population, police.Protection de la population.Protection contre les incendies / éléments naturels.Assurances des bâtiments.Assurance contre les dommages causés par les éléments naturels",1
GR,1971,"Santé, travail, droit des assurances sociales, logement, homes.Droit des assurances sociales.Prestations complémentaires",1
GR,1972,Etat.Autorités.Gouvernement et administration.Administration.Départements,1
GR,1972,Droit civil.Dispositions d'introduction du code civil.Droit de la famille.Tutelle,1
GR,1974,"Etat.Autorités.Organisation judiciaire.Autorités judiciaires.Juges d'instruction, Ministère public.Ministère public",1
GR,1974,Droit pénal.Procédure pénale.Emoluments,1
GR,1974,Droit pénal.Amendes d'ordre,1
GR,1974,"Enseignement, sciences, documentation et culture.Art, culture, sport.Sport",2
GR,1974,"Santé, travail, droit des assurances sociales, logement, homes",1
GR,1975,"Enseignement, sciences, documentation et culture.Assurance de la qualité, surveillance, direction.Assurance scolaire",1
GR,1975,"Aménagement du territoire et constructions, expropriation, travaux publics, énergie, transports, environnement.Protection de la nature et du paysage.Protection des plantes",1
GR,1975,"Santé, travail, droit des assurances sociales, logement, homes",1
GR,1976,"Enseignement, sciences, documentation et culture.Degré tertiaire: universités.Faculté de théologie",1
GR,1976,"Enseignement, sciences, documentation et culture.Contributions à la formation.Ecolages",1
GR,1976,"Santé, travail, droit des assurances sociales, logement, homes.Santé.Professions médicales.Médecins",1
GR,1977,"Droit civil.Dispositions d'introduction du code civil.Droit de la famille.Accueil familial, adoption",1
GR,1977,"Aménagement du territoire et constructions, expropriation, travaux publics, énergie, transports, environnement.Transports.Circulation routière.Impôts et taxes de la circulation",1
GR,1977,"Santé, travail, droit des assurances sociales, logement, homes",1
GR,1978,"Etat.Dispositions générales.Droits fondamentaux, droits politiques.droits politiques.Elections et votations",1
GR,1978,Droit civil.Dispositions d'introduction du code civil.Droit des successions,1
GR,1979,"Santé, travail, droit des assurances sociales, logement, homes",1
GR,1980,Etat.Dispositions générales.Documents d'identité,1
GR,1980,Etat.Autorités.Gouvernement et administration.Procédure administrative,1
GR,1980,"Etat.Autorités.Organisation judiciaire.Autorités judiciaires.Tribunaux administratifs, des assurances et des assurances sociales",1
GR,1982,Etat.Autorités.Gouvernement et administration.Gouvernement.Chancellerie de l'Etat,1
GR,1982,"Enseignement, sciences, documentation et culture.Degré secondaire II: Formation professionnelle initiale.Orientation professionnelle",1
GR,1982,"Enseignement, sciences, documentation et culture.Assurance de la qualité, surveillance, direction.Autorités scolaires",1
GR,1982,"Défense nationale, protection de la population, police.Sécurité intérieure.Explosifs",1
GR,1984,Etat,1
GR,1984,"Enseignement, sciences, documentation et culture",1
GR,1984,"Aménagement du territoire et constructions, expropriation, travaux publics, énergie, transports, environnement.Transports.Navigation.Impôts et taxes sur les bateaux",1
GR,1984,"Santé, travail, droit des assurances sociales, logement, homes.Santé.Substances thérapeutiques, stupéfiants",1
GR,1984,"Santé, travail, droit des assurances sociales, logement, homes.Santé.Hygiène.Piscines",1
GR,1985,"Enseignement, sciences, documentation et culture",1
GR,1985,"Santé, travail, droit des assurances sociales, logement, homes",1
GR,1985,"Santé, travail, droit des assurances sociales, logement, homes.Logement.Mesures d'encouragement à la construction de logements",1
GR,1986,Etat.Autorités.Gouvernement et administration.Emoluments administratifs,1
GR,1987,"Enseignement, sciences, documentation et culture.Degré prescolaire, école primaire, degré secondaire I.Ecole primaire, degré secondaire I",1
GR,1988,"Enseignement, sciences, documentation et culture.Documentation.Archives",2
GR,1990,"Droit civil.Dispositions d'introduction du code civil.Droits réels.Registre foncier, mensurations cadastrales",1
GR,1990,"Enseignement, sciences, documentation et culture.Assurance de la qualité, surveillance, direction.Surveillance scolaire",1
GR,1990,"Finances, Impôts, monopoles, entreprises d'état.Monopoles, régales, entreprises d'état.Chasse.Chasseurs",1
GR,1990,"Santé, travail, droit des assurances sociales, logement, homes",1
GR,1990,"Santé, travail, droit des assurances sociales, logement, homes.Santé.Professions médicales.Médecins",1
GR,1991,Etat,1
GR,1991,"Enseignement, sciences, documentation et culture.Formation continue (Degré quaternaire).Formation continue des enseignants",1
GR,1991,"Aménagement du territoire et constructions, expropriation, travaux publics, énergie, transports, environnement.Protection de l'environnement.Etude d'impact sur l'environnement",1
GR,1991,"Santé, travail, droit des assurances sociales, logement, homes.Droit des assurances sociales.Assurance maternité, contributions financières aux mères",1
GR,1991,Economie,1
GR,1992,Droit pénal.Casier judiciaire.Certificats de bonne conduite,1
GR,1992,"Santé, travail, droit des assurances sociales, logement, homes",1
GR,1993,Etat.Communes.Finances communales,1
GR,1993,"Enseignement, sciences, documentation et culture",1
GR,1993,"Santé, travail, droit des assurances sociales, logement, homes",1
GR,1994,Droit civil.Dispositions d'introduction du code civil.Droit de la famille.Tutelle,1
GR,1994,"Droit civil.Dispositions d'introduction du code civil.Droits réels.Registre foncier, mensurations cadastrales",1
GR,1994,"Enseignement, sciences, documentation et culture.Documentation.Bibliothèques",1
GR,1994,"Défense nationale, protection de la population, police.Protection de la population.Protection civile.Constructions de protection civile",1
GR,1994,"Santé, travail, droit des assurances sociales, logement, homes",2
GR,1994,"Santé, travail, droit des assurances sociales, logement, homes.Santé.Professions médicales.Médecins",1
GR,1994,Economie,2
GR,1995,"Droit civil.Dispositions d'introduction du code civil.Droits réels.Registre foncier, mensurations cadastrales",1
GR,1995,"Enseignement, sciences, documentation et culture.Degré secondaire II: Formation professionnelle initiale.Ecoles préparant à la maturité professionnelle",1
GR,1995,"Défense nationale, protection de la population, police.Protection de la population.Protection contre les incendies / éléments naturels.Protection contre le feu, pompiers",1
GR,1995,"Aménagement du territoire et constructions, expropriation, travaux publics, énergie, transports, environnement.Travaux publics.Aménagement des eaux.Utilisation des eaux",1
GR,1995,"Santé, travail, droit des assurances sociales, logement, homes",1
GR,1995,Economie,3
GR,1995,Economie.Forêt.Personnel forestier,1
GR,1996,Droit civil,1
GR,1996,"Enseignement, sciences, documentation et culture",1
GR,1996,"Enseignement, sciences, documentation et culture.Degré prescolaire, école primaire, degré secondaire I.Ecole enfantine",2
GR,1996,"Enseignement, sciences, documentation et culture.Degré prescolaire, école primaire, degré secondaire I.Ecole primaire, degré secondaire I",1
GR,1996,"Enseignement, sciences, documentation et culture.Pédagogie spécialisée.Intégration des écoliers étrangers",1
GR,1996,Economie,1
GR,1997,Etat,1
GR,1997,"Etat.Autorités.Organisation judiciaire.Autorités judiciaires.Cours supérieures, tribunaux fédéraux",1
GR,1997,"Droit civil.Dispositions d'introduction du code civil.Droits réels.Registre foncier, mensurations cadastrales",1
GR,1997,"Santé, travail, droit des assurances sociales, logement, homes",1
GR,1997,Economie.Agriculture.Production animale.Bovins et petit bétail,1
GR,1998,Etat.Dispositions générales.Etablissement et séjour.Etablissement et séjour des étrangers.intégration,1
GR,1998,Etat.Dispositions générales.Publications officielles.feuilles officielles,1
GR,1998,Etat.Autorités.Gouvernement et administration.Emoluments administratifs,1
GR,1998,"Enseignement, sciences, documentation et culture.Degré prescolaire, école primaire, degré secondaire I.Ecole enfantine",1
GR,1998,"Enseignement, sciences, documentation et culture.Degré tertiaire: Hautes écoles.Pédagogie",1
GR,1998,"Enseignement, sciences, documentation et culture.Formation continue (Degré quaternaire).Formation des adultes",1
GR,1998,"Enseignement, sciences, documentation et culture.Formation continue (Degré quaternaire).Formation continue des enseignants",1
GR,1998,"Enseignement, sciences, documentation et culture.Contributions à la formation.Emoluments scolaires",1
GR,1998,"Enseignement, sciences, documentation et culture.Assurance de la qualité, surveillance, direction.Surveillance scolaire",1
GR,1998,"Enseignement, sciences, documentation et culture.Art, culture, sport.Encouragement à la culture",1
GR,1998,"Finances, Impôts, monopoles, entreprises d'état.Finances.Contributions étatiques, subventions",1
GR,1998,"Finances, Impôts, monopoles, entreprises d'état.Monopoles, régales, entreprises d'état.Alcool",1
GR,1998,"Aménagement du territoire et constructions, expropriation, travaux publics, énergie, transports, environnement.Protection de l'environnement.Protection des eaux",1
GR,1998,"Aménagement du territoire et constructions, expropriation, travaux publics, énergie, transports, environnement.Protection de l'environnement.Lutte contre les dommages",1
GR,1998,"Santé, travail, droit des assurances sociales, logement, homes.Santé.Substances thérapeutiques, stupéfiants",1
GR,1998,"Santé, travail, droit des assurances sociales, logement, homes.Santé.Hygiène.Piscines",1
GR,1998,"Santé, travail, droit des assurances sociales, logement, homes.Santé.Hygiène.Inhumations, cimetières",1
GR,1998,"Santé, travail, droit des assurances sociales, logement, homes.Droit du travail.Travail à domicile",1
GR,1998,"Santé, travail, droit des assurances sociales, logement, homes.Assistance.Aide sociale",1
GR,1998,Economie,2
GR,1999,"Enseignement, sciences, documentation et culture.Degré secondaire II.Ecole moyenne",2
GR,1999,"Enseignement, sciences, documentation et culture.Degré secondaire II.Ecoles moyennes supérieures, écoles des culture générale, écoles de degré diplôme",1
GR,1999,"Défense nationale, protection de la population, police.Sécurité intérieure.Armes et munitions",1
GR,2000,"Etat.Professions juridiques.Notaires.Taxes, tarifs",1
GR,2000,"Droit civil.Dispositions d'introduction du code civil.Droits réels.Registre foncier, mensurations cadastrales",1
GR,2000,"Enseignement, sciences, documentation et culture.Degré secondaire II.Ecole moyenne",1
GR,2000,"Défense nationale, protection de la population, police",1
GR,2000,"Santé, travail, droit des assurances sociales, logement, homes",2
GR,2000,Economie.Arts et métiers.Services.Jeux de hasard et loteries.Maisons de jeu,1
GR,2001,Etat,2
GR,2001,"Etat.Dispositions générales.Droits fondamentaux, droits politiques.droits politiques.Elections et votations",1
GR,2001,Droit civil.Dispositions d'introduction du code civil.Droits réels.Estimation officielle des immeubles,1
GR,2001,"Enseignement, sciences, documentation et culture.Degré prescolaire, école primaire, degré secondaire I.Ecole primaire, degré secondaire I",1
GR,2001,"Enseignement, sciences, documentation et culture.Pédagogie spécialisée.Classes spéciales",1
GR,2001,"Enseignement, sciences, documentation et culture.Corps enseignant.Engagement",1
GR,2001,"Finances, Impôts, monopoles, entreprises d'état",1
GR,2001,"Finances, Impôts, monopoles, entreprises d'état.Monopoles, régales, entreprises d'état.Pêche.Patentes",1
GR,2001,Economie,1
GR,2001,Economie.Agriculture.Crédit agricole,1
GR,2002,Etat.Dispositions générales.Documents d'identité,1
GR,2002,"Enseignement, sciences, documentation et culture.Assurance de la qualité, surveillance, direction.Surveillance scolaire",1
GR,2002,"Enseignement, sciences, documentation et culture.Assurance de la qualité, surveillance, direction.Bâtiments scolaires",1
GR,2002,"Santé, travail, droit des assurances sociales, logement, homes",1
GR,2002,"Santé, travail, droit des assurances sociales, logement, homes.Santé.Etablissements hospitaliers, cliniques.Cliniques psychiatriques",1
GR,2002,"Santé, travail, droit des assurances sociales, logement, homes.Droit des assurances sociales.LAMAL.Réduction des primes",1
GR,2002,"Santé, travail, droit des assurances sociales, logement, homes.Droit des assurances sociales.LAMAL.Limitation de l'admission des fournisseurs de prestations",1
GR,2002,"Santé, travail, droit des assurances sociales, logement, homes.Droit des assurances sociales.Assurance-chômage",2
GR,2002,Economie.Agriculture.Culture des plantes.Vignoble,1
GR,2003,Etat.Autorités.Gouvernement et administration.Gouvernement.Indemnités,1
GR,2003,Etat.Autorités.Gouvernement et administration.Droit du personnel.Places de stationnement,1
GR,2003,Droit civil,1
GR,2003,"Enseignement, sciences, documentation et culture.Degré prescolaire, école primaire, degré secondaire I.Crèches",1
GR,2003,"Enseignement, sciences, documentation et culture.Art, culture, sport.Sport",1
GR,2003,"Défense nationale, protection de la population, police.Sécurité intérieure.Police.Taxes",1
GR,2003,"Santé, travail, droit des assurances sociales, logement, homes.Santé.Prévention des accidents",1
GR,2003,Economie,1
GR,2003,Economie.Agriculture.Améliorations foncières,1
GR,2004,Droit pénal.Amendes d'ordre,1
GR,2004,"Enseignement, sciences, documentation et culture.Degré tertiaire: Hautes écoles.Pédagogie",2
GR,2004,"Enseignement, sciences, documentation et culture.Degré tertiaire: Hautes écoles.Economie",2
GR,2004,"Enseignement, sciences, documentation et culture.Assurance de la qualité, surveillance, direction.Médecine scolaire, services psychologiques scolaires",1
GR,2004,"Finances, Impôts, monopoles, entreprises d'état.Finances.Budget, comptes",1
GR,2004,"Aménagement du territoire et constructions, expropriation, travaux publics, énergie, transports, environnement.Travaux publics.Marchés publics",1
GR,2004,"Santé, travail, droit des assurances sociales, logement, homes",1
GR,2004,"Santé, travail, droit des assurances sociales, logement, homes.Santé.Urgences, ambulances",1
GR,2004,"Santé, travail, droit des assurances sociales, logement, homes.Droit du travail.Marché du travail.Libre circulation",1
GR,2004,Economie,1
GR,2004,Economie.Arts et métiers.Services.Tourisme,1
GR,2005,Etat,1
GR,2005,Etat.Dispositions générales.Droit de cité,1
GR,2005,Droit civil,3
GR,2005,"Défense nationale, protection de la population, police",1
GR,2005,"Aménagement du territoire et constructions, expropriation, travaux publics, énergie, transports, environnement.Transports.Funiculaires, téléphériques, téléskis",1
GR,2005,"Santé, travail, droit des assurances sociales, logement, homes",2
GR,2005,"Santé, travail, droit des assurances sociales, logement, homes.Assistance.Aide sociale",1
GR,2006,Etat,1
GR,2006,Etat.Autorités.Gouvernement et administration.Procédure administrative,1
GR,2006,"Etat.Autorités.Organisation judiciaire.Autorités judiciaires.Tribunaux administratifs, des assurances et des assurances sociales",1
GR,2006,Droit civil.Arbitrage,1
GR,2006,"Enseignement, sciences, documentation et culture.Degré tertiaire: Hautes écoles.Pédagogie",2
GR,2006,"Aménagement du territoire et constructions, expropriation, travaux publics, énergie, transports, environnement.Travaux publics.Bâtiments et terrains publics",1
GR,2006,"Santé, travail, droit des assurances sociales, logement, homes",2
GR,2006,"Santé, travail, droit des assurances sociales, logement, homes.Assistance.Protection de la jeunesse, aide à la jeunesse",1
GR,2006,Economie,1
GR,2006,Economie.Arts et métiers.Services.Crédit à la consommation,1
GR,2007,Etat.Dispositions générales.Etablissement et séjour.Etablissement et séjour des étrangers.asile,1
GR,2007,Droit pénal.Procédure pénale.Profils d'ADN,1
GR,2007,"Enseignement, sciences, documentation et culture",1
GR,2007,"Enseignement, sciences, documentation et culture.Pédagogie spécialisée.Logopédie",1
GR,2007,"Enseignement, sciences, documentation et culture.Art, culture, sport.Encouragement à la culture",1
GR,2007,"Finances, Impôts, monopoles, entreprises d'état.Monopoles, régales, entreprises d'état.Chasse.Chasseurs",1
GR,2007,"Santé, travail, droit des assurances sociales, logement, homes.Droit du travail.Marché du travail.Travail au noir",1
GR,2008,Etat.Dispositions générales.Etablissement et séjour.Etablissement et séjour Suisses.contrôle des habitants,1
GR,2008,"Etat.Autorités.Organisation judiciaire.Autorités judiciaires.Cours supérieures, tribunaux fédéraux",1
GR,2008,"Etat.Autorités.Organisation judiciaire.Autorités judiciaires.Tribunaux de district / d'arrondissement, juges de paix",1
GR,2008,"Enseignement, sciences, documentation et culture",3
GR,2008,"Enseignement, sciences, documentation et culture.Degré secondaire II: Formation professionnelle initiale.Solutions transitoires",1
GR,2008,"Enseignement, sciences, documentation et culture.Contributions à la formation.Emoluments scolaires",1
GR,2008,"Aménagement du territoire et constructions, expropriation, travaux publics, énergie, transports, environnement.Protection de l'environnement.Produits toxiques et chimiques",1
GR,2008,"Santé, travail, droit des assurances sociales, logement, homes.Santé.Professions médicales.Vétérinaires",1
GR,2008,Economie,1
GR,2009,Etat.Dispositions générales.Etablissement et séjour.Etablissement et séjour des étrangers.asile,1
GR,2009,Etat.Professions juridiques.Avocats.Honoraires,1
GR,2009,"Enseignement, sciences, documentation et culture.Assurance de la qualité, surveillance, direction.Direction",1
GR,2009,"Santé, travail, droit des assurances sociales, logement, homes",1
GR,2010,Etat,1
GR,2010,Etat.Autorités.Gouvernement et administration.New Public Management,1
GR,2010,"Etat.Autorités.Organisation judiciaire.Emoluments judiciaires, frais de justice",2
GR,2010,Droit pénal.Procédure pénale.Codes de procédure pénale,1
GR,2010,"Défense nationale, protection de la population, police.Protection de la population.Protection contre les incendies / éléments naturels.Protection contre les incendies",1
GR,2010,"Défense nationale, protection de la population, police.Protection de la population.Protection contre les incendies / éléments naturels.Assurances des bâtiments.Assurance contre les dommages causés par les éléments naturels",1
GR,2010,"Santé, travail, droit des assurances sociales, logement, homes",2
GR,2010,"Santé, travail, droit des assurances sociales, logement, homes.Santé.Substances thérapeutiques, stupéfiants",1
GR,2011,"Droit civil.Dispositions d'introduction du code civil.Droits réels.Registre foncier, mensurations cadastrales",1
GR,2012,Droit civil.Dispositions d'introduction du code civil.Droit de la famille.Tutelle,1
GR,2012,"Droit civil.Dispositions d'introduction du code civil.Droit de la famille.Accueil familial, adoption",1
GR,2012,"Droit civil.Dispositions d'introduction du code civil.Droits réels.Registre foncier, mensurations cadastrales",2
GR,2012,Droit pénal.Amendes d'ordre,1
GR,2012,"Enseignement, sciences, documentation et culture",1
GR,2013,"Enseignement, sciences, documentation et culture.Structures d'accueil complémentaires",1
GR,2013,"Santé, travail, droit des assurances sociales, logement, homes.Droit des assurances sociales.LAMAL.Limitation de l'admission des fournisseurs de prestations",1
GR,2014,"Enseignement, sciences, documentation et culture",1
GR,2014,"Enseignement, sciences, documentation et culture.Pédagogie spécialisée.Enfants surdoués",1
GR,2015,Etat.Communes.Finances communales,1
GR,2015,Droit civil,1
GR,2015,"Enseignement, sciences, documentation et culture.Documentation.Archives",1
GR,2015,"Enseignement, sciences, documentation et culture.Art, culture, sport.Sport",1
GR,2015,"Défense nationale, protection de la population, police",2
GR,2015,Economie,1
GR,2016,Etat.Dispositions générales.Armoiries,1
GR,2016,"Droit civil.Dispositions d'introduction du code civil.Droits réels.Registre foncier, mensurations cadastrales",1
GR,2017,"Aménagement du territoire et constructions, expropriation, travaux publics, énergie, transports, environnement.Energie.Forces hydrauliques",1
GR,2018,Etat.Autorités.Protection des données,1
GR,2018,Economie,1
GR,2019,"Aménagement du territoire et constructions, expropriation, travaux publics, énergie, transports, environnement.Protection de l'environnement.Protection des eaux",1
GR,2019,Economie,1
GR,2020,Economie,2
GR,2020,Economie.Promotion de l'économie,1
GR,2021,Etat.Autorités.Parlement.Election du parlement,1
GR,2021,"Santé, travail, droit des assurances sociales, logement, homes",1
GR,2022,"Enseignement, sciences, documentation et culture.Art, culture, sport.Encouragement à la culture",1
GR,2022,"Défense nationale, protection de la population, police",1
GR,2022,"Aménagement du territoire et constructions, expropriation, travaux publics, énergie, transports, environnement.Travaux publics.Marchés publics",1
GR,2022,"Santé, travail, droit des assurances sociales, logement, homes.Santé.Lutte contre les maladies.Epidémies, pandémies",1
GR,2023,Etat.Autorités.Informatique.E-Government,1
GR,2023,Etat.Professions juridiques.Avocats.Formation,1
GR,2024,Etat.Dispositions générales.Information du public,1
GR,2024,Etat.Autorités.Gouvernement et administration.Procédure administrative,1
GR,2024,"Etat.Autorités.Organisation judiciaire.Autorités judiciaires.Cours supérieures, tribunaux fédéraux",3
GR,2024,"Etat.Autorités.Organisation judiciaire.Autorités judiciaires.Tribunaux de district / d'arrondissement, juges de paix",2
GR,2024,Etat.Autorités.Organisation judiciaire.Rémunération et indemnités des juges,1
GR,2024,"Aménagement du territoire et constructions, expropriation, travaux publics, énergie, transports, environnement.Protection de l'environnement.Protection des eaux",1
GR,2025,Etat,1
GR,2025,Etat.Autorités.Protection des données,1
GR,2025,"Etat.Autorités.Organisation judiciaire.Autorités judiciaires.Cours supérieures, tribunaux fédéraux",1
GR,2025,"Santé, travail, droit des assurances sociales, logement, homes",1
GR,2025,Economie.Promotion de l'économie,1
GR,2026,"Enseignement, sciences, documentation et culture",1
GR,2026,"Enseignement, sciences, documentation et culture.Degré secondaire II.Ecoles supérieures de commerce, ecoles supérieures d'informatique",2
GR,2026,"Enseignement, sciences, documentation et culture.Degré secondaire II: Formation professionnelle initiale.Ecoles préparant à la maturité professionnelle",1
GR,2026,"Enseignement, sciences, documentation et culture.Contributions à la formation.Ecolages",1
GR,2026,"Enseignement, sciences, documentation et culture.Assurance de la qualité, surveillance, direction.Médecine scolaire, services psychologiques scolaires",1
GR,2026,Economie,1
GR,2026,Economie.Promotion de l'économie,1
JU,1902,"Aménagement du territoire et constructions, expropriation, travaux publics, énergie, transports, environnement.Energie.Electricité",1
JU,1923,"Aménagement du territoire et constructions, expropriation, travaux publics, énergie, transports, environnement",1
JU,1923,Economie,1
JU,1930,"Aménagement du territoire et constructions, expropriation, travaux publics, énergie, transports, environnement.Expropriation",1
JU,1934,"Economie.Arts et métiers.Services.Institutions de crédit / assurances.Banques, bourses",1
JU,1947,Droit civil,1
JU,1951,"Santé, travail, droit des assurances sociales, logement, homes.Santé.Substances thérapeutiques, stupéfiants",1
JU,1956,Droit civil,1
JU,1959,"Défense nationale, protection de la population, police.Défense.Taxe d'exemption",1
JU,1960,"Aménagement du territoire et constructions, expropriation, travaux publics, énergie, transports, environnement.Travaux publics.Routes.Routes nationales",1
JU,1960,"Aménagement du territoire et constructions, expropriation, travaux publics, énergie, transports, environnement.Transports.Navigation.Police de la navigation",1
JU,1964,Economie.Agriculture.Lait,1
JU,1969,"Défense nationale, protection de la population, police.Sécurité intérieure.Armes et munitions",1
JU,1974,"Santé, travail, droit des assurances sociales, logement, homes",1
JU,1974,Economie.Agriculture.Zones de montagne,1
JU,1976,"Santé, travail, droit des assurances sociales, logement, homes.Santé.Professions médicales.Personnel soignant",1
JU,1976,"Santé, travail, droit des assurances sociales, logement, homes.Droit des assurances sociales.Assurance-chômage",1
JU,1977,"Santé, travail, droit des assurances sociales, logement, homes.Santé.Professions médicales.Personnel soignant",1
JU,1978,Etat,9
JU,1978,Etat.Dispositions générales.Armoiries,1
JU,1978,Etat.Dispositions générales.Documents d'identité,1
JU,1978,Etat.Dispositions générales.Publications officielles.Recueils de législation,1
JU,1978,"Etat.Autorités.Gouvernement et administration.Droit du personnel.Traitements, indemnités",1
JU,1978,"Etat.Professions juridiques.Notaires.Taxes, tarifs",1
JU,1978,Droit civil,1
JU,1978,Droit civil.Dispositions générales d'introduction du code des obligations.Des divers contrats.Prêt,1
JU,1978,Droit civil.Dispositions générales d'introduction du code des obligations.Des divers contrats.Courtage matrimonial ou en partenariat,1
JU,1978,Droit pénal,2
JU,1978,Droit pénal.Amendes d'ordre,2
JU,1978,"Enseignement, sciences, documentation et culture",5
JU,1978,"Enseignement, sciences, documentation et culture.Degré secondaire II.Ecole moyenne",1
JU,1978,"Enseignement, sciences, documentation et culture.Degré secondaire II: Formation professionnelle initiale.Ecoles professionnelles.Enseignement ménager",1
JU,1978,"Enseignement, sciences, documentation et culture.Degré secondaire II: Formation professionnelle initiale.Orientation professionnelle",2
JU,1978,"Enseignement, sciences, documentation et culture.Corps enseignant.Traitement, indemnités",4
JU,1978,"Enseignement, sciences, documentation et culture.Assurance de la qualité, surveillance, direction.Matériel scolaire",1
JU,1978,"Enseignement, sciences, documentation et culture.Assurance de la qualité, surveillance, direction.Médecine scolaire, services psychologiques scolaires",3
JU,1978,"Enseignement, sciences, documentation et culture.Assurance de la qualité, surveillance, direction.Assurance scolaire",1
JU,1978,"Enseignement, sciences, documentation et culture.Documentation.Archives",1
JU,1978,"Enseignement, sciences, documentation et culture.Art, culture, sport.Art.Cinéma, théâtre, divertissement",1
JU,1978,"Défense nationale, protection de la population, police",1
JU,1978,"Défense nationale, protection de la population, police.Protection de la population.Approvisionnement du pays",2
JU,1978,"Défense nationale, protection de la population, police.Protection de la population.Protection contre les incendies / éléments naturels.Protection contre le feu, pompiers",2
JU,1978,"Défense nationale, protection de la population, police.Protection de la population.Protection contre les incendies / éléments naturels.Ramoneurs",1
JU,1978,"Défense nationale, protection de la population, police.Sécurité intérieure.Armes et munitions",2
JU,1978,"Défense nationale, protection de la population, police.Sécurité intérieure.Explosifs",2
JU,1978,"Défense nationale, protection de la population, police.Sécurité intérieure.Détectives privés",1
JU,1978,"Finances, Impôts, monopoles, entreprises d'état.Finances.Contributions étatiques, subventions",1
JU,1978,"Finances, Impôts, monopoles, entreprises d'état.Impôts.Impôts sur le revenu et la fortune / impôts sur les bénéfices et les capitaux.Imputation forfaitaire d'impôt",2
JU,1978,"Finances, Impôts, monopoles, entreprises d'état.Impôts.Impôts sur le revenu et la fortune / impôts sur les bénéfices et les capitaux.Impôt ecclésiastique",1
JU,1978,"Finances, Impôts, monopoles, entreprises d'état.Impôts.Double imposition",1
JU,1978,"Finances, Impôts, monopoles, entreprises d'état.Monopoles, régales, entreprises d'état.Régale des sels",1
JU,1978,"Finances, Impôts, monopoles, entreprises d'état.Monopoles, régales, entreprises d'état.Pétrole",1
JU,1978,"Finances, Impôts, monopoles, entreprises d'état.Monopoles, régales, entreprises d'état.Pêche.Zones de pêche",1
JU,1978,"Aménagement du territoire et constructions, expropriation, travaux publics, énergie, transports, environnement",4
JU,1978,"Aménagement du territoire et constructions, expropriation, travaux publics, énergie, transports, environnement.Aménagement du territoire et constructions.Affichage et publicité",1
JU,1978,"Aménagement du territoire et constructions, expropriation, travaux publics, énergie, transports, environnement.Travaux publics.Bâtiments et terrains publics",1
JU,1978,"Aménagement du territoire et constructions, expropriation, travaux publics, énergie, transports, environnement.Travaux publics.Aménagement des eaux.Corrections des eaux / Protection contre les crues",1
JU,1978,"Aménagement du territoire et constructions, expropriation, travaux publics, énergie, transports, environnement.Travaux publics.Aménagement des eaux.Utilisation des eaux",1
JU,1978,"Aménagement du territoire et constructions, expropriation, travaux publics, énergie, transports, environnement.Transports.Circulation routière.Police de la circulation",1
JU,1978,"Aménagement du territoire et constructions, expropriation, travaux publics, énergie, transports, environnement.Transports.Conduites",1
JU,1978,"Aménagement du territoire et constructions, expropriation, travaux publics, énergie, transports, environnement.Transports.Navigation aérienne.Aéronefs",1
JU,1978,"Aménagement du territoire et constructions, expropriation, travaux publics, énergie, transports, environnement.Protection de l'environnement.Protection des eaux",2
JU,1978,"Aménagement du territoire et constructions, expropriation, travaux publics, énergie, transports, environnement.Protection de l'environnement.Produits toxiques et chimiques",3
JU,1978,"Aménagement du territoire et constructions, expropriation, travaux publics, énergie, transports, environnement.Protection de la nature et du paysage.Protection des animaux",1
JU,1978,"Aménagement du territoire et constructions, expropriation, travaux publics, énergie, transports, environnement.Protection de la nature et du paysage.Protection de la nature",1
JU,1978,"Aménagement du territoire et constructions, expropriation, travaux publics, énergie, transports, environnement.Protection de la nature et du paysage.Protection des monuments et des biens culturels",2
JU,1978,"Santé, travail, droit des assurances sociales, logement, homes",4
JU,1978,"Santé, travail, droit des assurances sociales, logement, homes.Santé.Etablissements hospitaliers, cliniques.Cliniques psychiatriques",2
JU,1978,"Santé, travail, droit des assurances sociales, logement, homes.Santé.Professions médicales.Médecins",1
JU,1978,"Santé, travail, droit des assurances sociales, logement, homes.Santé.Professions médicales.Sages-femmes",1
JU,1978,"Santé, travail, droit des assurances sociales, logement, homes.Santé.Substances thérapeutiques, stupéfiants",2
JU,1978,"Santé, travail, droit des assurances sociales, logement, homes.Santé.Hygiène.Alimentation en eau",1
JU,1978,"Santé, travail, droit des assurances sociales, logement, homes.Santé.Hygiène.Inhumations, cimetières",1
JU,1978,"Santé, travail, droit des assurances sociales, logement, homes.Droit du travail.Employés.Temps de travail",1
JU,1978,"Santé, travail, droit des assurances sociales, logement, homes.Droit du travail.Employés.Dimanches et jours fériés",1
JU,1978,"Santé, travail, droit des assurances sociales, logement, homes.Droit du travail.Marché du travail.Lutte contre les crises, réserves de crise bénéficiant d'allégements fiscaux",1
JU,1978,"Santé, travail, droit des assurances sociales, logement, homes.Droit des assurances sociales.AVS/AI",1
JU,1978,"Santé, travail, droit des assurances sociales, logement, homes.Droit des assurances sociales.LAA",2
JU,1978,"Santé, travail, droit des assurances sociales, logement, homes.Droit des assurances sociales.Assurance-chômage",2
JU,1978,"Santé, travail, droit des assurances sociales, logement, homes.Logement.Logement dans les zones de montagne",1
JU,1978,Economie,13
JU,1978,Economie.Promotion de l'économie,2
JU,1978,Economie.Agriculture.Crédit agricole,1
JU,1978,Economie.Agriculture.Culture des plantes.Lutte contre les parasites,1
JU,1978,Economie.Agriculture.Lait,1
JU,1978,Economie.Agriculture.Assurances des animaux,1
JU,1978,Economie.Arts et métiers.Services.Professions soumises à autorisation,1
JU,1978,Economie.Arts et métiers.Services.Tourisme,1
JU,1978,Economie.Arts et métiers.Services.Taxis,1
JU,1978,Economie.Commerce.Poids et mesures. moyens de paiement,2
JU,1978,Economie.Commerce.Surveillance des prix,1
JU,1978,Economie.Commerce.Automates à marchandise,1
JU,1978,Publications sans texte,2
JU,1979,Etat,1
JU,1979,"Etat.Autorités.Gouvernement et administration.Droit du personnel.Traitements, indemnités",1
JU,1979,"Enseignement, sciences, documentation et culture.Corps enseignant.Traitement, indemnités",1
JU,1979,"Finances, Impôts, monopoles, entreprises d'état.Entreprises d'Etat.Banques cantonales",1
JU,1979,"Santé, travail, droit des assurances sociales, logement, homes",2
JU,1979,"Santé, travail, droit des assurances sociales, logement, homes.Logement.Mesures d'encouragement à la construction de logements",1
JU,1980,Etat,1
JU,1980,Etat.Dispositions générales.Documents d'identité,1
JU,1980,Etat.Autorités.Gouvernement et administration.Gouvernement.Indemnités,1
JU,1980,"Etat.Autorités.Gouvernement et administration.Droit du personnel.Traitements, indemnités",4
JU,1980,Etat.Professions juridiques.Notaires.Légalisation,1
JU,1980,Droit pénal.Exécution des peines et des mesures.Etablissements.Personnel,1
JU,1980,"Enseignement, sciences, documentation et culture.Documentation.Statistique",1
JU,1980,"Défense nationale, protection de la population, police",1
JU,1980,"Défense nationale, protection de la population, police.Sécurité intérieure.Police.Police cantonale",1
JU,1980,"Défense nationale, protection de la population, police.Sécurité intérieure.Police.Personnel",1
JU,1980,"Aménagement du territoire et constructions, expropriation, travaux publics, énergie, transports, environnement.Protection de la nature et du paysage.Protection de la nature",10
JU,1980,"Santé, travail, droit des assurances sociales, logement, homes",1
JU,1980,"Santé, travail, droit des assurances sociales, logement, homes.Santé.Services psychiatriques",1
JU,1981,Etat,1
JU,1981,"Etat.Autorités.Gouvernement et administration.Droit du personnel.Traitements, indemnités",2
JU,1981,Etat.Communes.Subventions,1
JU,1981,Etat.Professions juridiques.Notaires.Formation,1
JU,1981,Droit civil.Dispositions d'introduction du code civil.Droit de la famille.Tutelle,1
JU,1981,"Enseignement, sciences, documentation et culture.Assurance de la qualité, surveillance, direction.Médecine scolaire, services psychologiques scolaires",1
JU,1981,"Santé, travail, droit des assurances sociales, logement, homes",2
JU,1981,"Santé, travail, droit des assurances sociales, logement, homes.Droit du travail.Travail à domicile",1
JU,1982,Etat,1
JU,1982,"Etat.Autorités.Gouvernement et administration.Droit du personnel.Traitements, indemnités",3
JU,1982,Droit pénal,1
JU,1982,Droit pénal.Procédure pénale.Médecine légale,1
JU,1982,"Enseignement, sciences, documentation et culture.Assurance de la qualité, surveillance, direction.Matériel scolaire",1
JU,1982,"Défense nationale, protection de la population, police.Sécurité intérieure.Maintien de la tranquillité et de l'ordre public.Domaine public",1
JU,1982,"Finances, Impôts, monopoles, entreprises d'état",1
JU,1982,"Finances, Impôts, monopoles, entreprises d'état.Impôts.Exonération et allégements fiscaux",1
JU,1982,"Aménagement du territoire et constructions, expropriation, travaux publics, énergie, transports, environnement.Protection de la nature et du paysage.Protection des monuments et des biens culturels",1
JU,1982,Economie.Agriculture.Assurances des animaux,1
JU,1982,Economie.Arts et métiers.Services.Tourisme,1
JU,1983,Etat.Autorités.Gouvernement et administration.Organisation.Délégation,1
JU,1983,Etat.Autorités.Gouvernement et administration.Droit du personnel.Serment,1
JU,1983,"Droit civil.Dispositions d'introduction du code civil.Droit des personnes, état civil.Fondations, surveillance.Fondations LPP",1
JU,1983,"Enseignement, sciences, documentation et culture.Degré secondaire II: Formation professionnelle initiale.Orientation professionnelle",1
JU,1983,"Enseignement, sciences, documentation et culture.Corps enseignant.Traitement, indemnités",3
JU,1983,"Enseignement, sciences, documentation et culture.Corps enseignant.Formation",1
JU,1983,"Enseignement, sciences, documentation et culture.Documentation.Musées",1
JU,1983,"Aménagement du territoire et constructions, expropriation, travaux publics, énergie, transports, environnement.Protection de la nature et du paysage.Protection de la nature",1
JU,1983,"Santé, travail, droit des assurances sociales, logement, homes",1
JU,1983,Economie.Agriculture.Crédit agricole,1
JU,1984,"Etat.Dispositions générales.Droits fondamentaux, droits politiques.droits politiques.Elections et votations",1
JU,1984,"Etat.Autorités.Gouvernement et administration.Droit du personnel.Traitements, indemnités",1
JU,1984,"Enseignement, sciences, documentation et culture.Degré prescolaire, école primaire, degré secondaire I.Ecole primaire, degré secondaire I",1
JU,1984,"Enseignement, sciences, documentation et culture.Corps enseignant.Formation",1
JU,1984,"Enseignement, sciences, documentation et culture.Assurance de la qualité, surveillance, direction.Médecine scolaire, services psychologiques scolaires",1
JU,1984,"Enseignement, sciences, documentation et culture.Assurance de la qualité, surveillance, direction.Assurance scolaire",1
JU,1984,"Santé, travail, droit des assurances sociales, logement, homes.Droit des assurances sociales.LAA",1
JU,1984,Economie.Forêt.Mesures de protection,1
JU,1985,Etat.Dispositions générales.Etablissement et séjour.Etablissement et séjour des étrangers.asile,1
JU,1985,"Etat.Dispositions générales.Droits fondamentaux, droits politiques.égalité entre hommes et femmes",1
JU,1985,"Etat.Autorités.Gouvernement et administration.Droit du personnel.Traitements, indemnités",2
JU,1985,"Défense nationale, protection de la population, police.Protection de la population.Protection contre les incendies / éléments naturels.Protection contre le feu, pompiers",1
JU,1985,"Défense nationale, protection de la population, police.Protection de la population.Protection contre les incendies / éléments naturels.Assurances des bâtiments.Assurance contre les dommages causés par les éléments naturels",1
JU,1985,"Aménagement du territoire et constructions, expropriation, travaux publics, énergie, transports, environnement",1
JU,1985,"Aménagement du territoire et constructions, expropriation, travaux publics, énergie, transports, environnement.Protection de la nature et du paysage.Protection des animaux",1
JU,1986,"Etat.Dispositions générales.Droits fondamentaux, droits politiques.droits politiques.Elections et votations",1
JU,1986,Etat.Autorités.Gouvernement et administration.Administration.Commissions,1
JU,1986,"Enseignement, sciences, documentation et culture",1
JU,1986,"Enseignement, sciences, documentation et culture.Corps enseignant.Traitement, indemnités",1
JU,1986,"Enseignement, sciences, documentation et culture.Documentation.Musées",1
JU,1986,"Défense nationale, protection de la population, police.Sécurité intérieure.Police.Personnel",1
JU,1986,"Aménagement du territoire et constructions, expropriation, travaux publics, énergie, transports, environnement",1
JU,1986,Economie.Promotion de l'économie,1
JU,1986,Economie.Arts et métiers.Services.Jeux de hasard et loteries.Sport-Toto,1
JU,1987,"Etat.Autorités.Gouvernement et administration.Droit du personnel.Traitements, indemnités",1
JU,1987,"Enseignement, sciences, documentation et culture.Documentation.Bibliothèques",1
JU,1987,"Finances, Impôts, monopoles, entreprises d'état.Finances.Contributions étatiques, subventions",1
JU,1987,"Santé, travail, droit des assurances sociales, logement, homes",1
JU,1987,"Santé, travail, droit des assurances sociales, logement, homes.Droit des assurances sociales.Assurance-chômage",1
JU,1988,"Etat.Autorités.Gouvernement et administration.Droit du personnel.Traitements, indemnités",1
JU,1988,Etat.Autorités.Protection des données,1
JU,1988,Etat.Communes.Finances communales,1
JU,1988,Droit civil.Dispositions d'introduction du code civil.Droits réels.Acquisitions des terrains par des personnes domiciliées à l'étranger,1
JU,1988,"Enseignement, sciences, documentation et culture",1
JU,1988,"Enseignement, sciences, documentation et culture.Documentation.Archives",1
JU,1988,"Défense nationale, protection de la population, police.Protection de la population.Protection civile.Protection des biens culturels en temps de guerre",1
JU,1988,"Finances, Impôts, monopoles, entreprises d'état",1
JU,1988,"Finances, Impôts, monopoles, entreprises d'état.Finances.Contributions étatiques, subventions",1
JU,1988,"Santé, travail, droit des assurances sociales, logement, homes.Santé.Professions médicales.Personnel soignant",1
JU,1988,"Santé, travail, droit des assurances sociales, logement, homes.Droit des assurances sociales.LAMAL.Tarifs.Conventions",1
JU,1988,"Santé, travail, droit des assurances sociales, logement, homes.Droit des assurances sociales.Assurance-chômage",1
JU,1989,"Etat.Autorités.Gouvernement et administration.Droit du personnel.Traitements, indemnités",1
JU,1989,Etat.Eglise et Etat.Eglise catholique romaine,1
JU,1989,"Finances, Impôts, monopoles, entreprises d'état",2
JU,1989,"Finances, Impôts, monopoles, entreprises d'état.Finances.Contributions étatiques, subventions",1
JU,1989,"Finances, Impôts, monopoles, entreprises d'état.Impôts.Impôt anticipé",1
JU,1989,"Finances, Impôts, monopoles, entreprises d'état.Impôts.Exonération et allégements fiscaux",1
JU,1989,"Santé, travail, droit des assurances sociales, logement, homes",1
JU,1989,"Santé, travail, droit des assurances sociales, logement, homes.Droit des assurances sociales.LPP",1
JU,1989,"Santé, travail, droit des assurances sociales, logement, homes.Droit des assurances sociales.Assurance-chômage",1
JU,1990,Etat,2
JU,1990,"Etat.Autorités.Gouvernement et administration.Droit du personnel.Traitements, indemnités",1
JU,1990,"Enseignement, sciences, documentation et culture.Sport scolaire",2
JU,1990,"Enseignement, sciences, documentation et culture.Art, culture, sport.Art.Cinéma, théâtre, divertissement",1
JU,1990,"Défense nationale, protection de la population, police.Protection de la population.Protection contre les incendies / éléments naturels.Protection contre le feu, pompiers",1
JU,1990,"Finances, Impôts, monopoles, entreprises d'état",1
JU,1990,"Finances, Impôts, monopoles, entreprises d'état.Impôts.Taxe de séjour, taxes d'hébergement",1
JU,1990,"Santé, travail, droit des assurances sociales, logement, homes",2
JU,1991,Etat.Autorités.Gouvernement et administration.Gouvernement.Indemnités,2
JU,1991,"Etat.Autorités.Gouvernement et administration.Droit du personnel.Traitements, indemnités",2
JU,1991,Etat.Autorités.Gouvernement et administration.Emoluments administratifs,1
JU,1991,"Etat.Autorités.Organisation judiciaire.Autorités judiciaires.Prud'hommes, Tribunaux des baux à loyer",1
JU,1991,"Enseignement, sciences, documentation et culture.Assurance de la qualité, surveillance, direction.Surveillance scolaire",1
JU,1991,"Enseignement, sciences, documentation et culture.Assurance de la qualité, surveillance, direction.Bâtiments scolaires",1
JU,1991,"Finances, Impôts, monopoles, entreprises d'état",1
JU,1991,"Finances, Impôts, monopoles, entreprises d'état.Impôts.Taxe de séjour, taxes d'hébergement",1
JU,1991,"Aménagement du territoire et constructions, expropriation, travaux publics, énergie, transports, environnement.Protection de la nature et du paysage.Protection du paysage",1
JU,1991,"Santé, travail, droit des assurances sociales, logement, homes",1
JU,1991,"Santé, travail, droit des assurances sociales, logement, homes.Droit du travail.Marché du travail.Lutte contre les crises, réserves de crise bénéficiant d'allégements fiscaux",1
JU,1991,"Santé, travail, droit des assurances sociales, logement, homes.Droit des assurances sociales.Caisses de compensation",1
JU,1991,Economie.Agriculture.Mesures d'encouragement,1
JU,1992,Etat.Dispositions générales.Publications officielles.feuilles officielles,1
JU,1992,"Etat.Autorités.Gouvernement et administration.Droit du personnel.Traitements, indemnités",1
JU,1992,Etat.Autorités.Gouvernement et administration.Emoluments administratifs,1
JU,1992,"Droit civil.Dispositions d'introduction du code civil.Droits réels.Registre foncier, mensurations cadastrales",1
JU,1992,Droit civil.Procédure civile.Exécution,1
JU,1992,"Enseignement, sciences, documentation et culture",2
JU,1992,"Finances, Impôts, monopoles, entreprises d'état",2
JU,1992,"Finances, Impôts, monopoles, entreprises d'état.Impôts.Taxe de séjour, taxes d'hébergement",1
JU,1993,Etat.Dispositions générales.Collaboration intercantonale,1
JU,1993,"Etat.Autorités.Gouvernement et administration.Droit du personnel.Traitements, indemnités",1
JU,1993,Etat.Autorités.Gouvernement et administration.Emoluments administratifs,1
JU,1993,"Enseignement, sciences, documentation et culture",2
JU,1993,"Enseignement, sciences, documentation et culture.Degré prescolaire, école primaire, degré secondaire I.Ecole enfantine",1
JU,1993,"Enseignement, sciences, documentation et culture.Degré secondaire II: Formation professionnelle initiale.Solutions transitoires",1
JU,1993,"Enseignement, sciences, documentation et culture.Corps enseignant.Traitement, indemnités",1
JU,1993,"Enseignement, sciences, documentation et culture.Assurance de la qualité, surveillance, direction.Autorités scolaires",1
JU,1993,"Finances, Impôts, monopoles, entreprises d'état",1
JU,1993,"Aménagement du territoire et constructions, expropriation, travaux publics, énergie, transports, environnement",1
JU,1993,"Santé, travail, droit des assurances sociales, logement, homes",4
JU,1993,"Santé, travail, droit des assurances sociales, logement, homes.Santé.Professions médicales.Médecins",1
JU,1993,"Santé, travail, droit des assurances sociales, logement, homes.Santé.Professions médicales.Dentistes",1
JU,1993,"Santé, travail, droit des assurances sociales, logement, homes.Santé.Professions médicales.Personnel soignant",1
JU,1993,"Santé, travail, droit des assurances sociales, logement, homes.Santé.Professions médicales.Sages-femmes",1
JU,1993,"Santé, travail, droit des assurances sociales, logement, homes.Santé.Professions médicales.Psychothérapeutes",1
JU,1993,"Santé, travail, droit des assurances sociales, logement, homes.Santé.Professions médicales.Pédicure",1
JU,1993,"Santé, travail, droit des assurances sociales, logement, homes.Santé.Professions médicales.Vétérinaires",1
JU,1993,"Santé, travail, droit des assurances sociales, logement, homes.Santé.Urgences, ambulances",1
JU,1993,Economie.Arts et métiers.Services.Tourisme,1
JU,1994,Etat,1
JU,1994,"Etat.Autorités.Gouvernement et administration.Droit du personnel.Traitements, indemnités",1
JU,1994,"Enseignement, sciences, documentation et culture",1
JU,1994,"Enseignement, sciences, documentation et culture.Degré prescolaire, école primaire, degré secondaire I.Ecole primaire, degré secondaire I",2
JU,1994,"Enseignement, sciences, documentation et culture.Contributions à la formation.Bourses d'études",1
JU,1994,"Enseignement, sciences, documentation et culture.Assurance de la qualité, surveillance, direction.Médecine scolaire, services psychologiques scolaires",1
JU,1994,"Enseignement, sciences, documentation et culture.Assurance de la qualité, surveillance, direction.Autorités scolaires",1
JU,1994,"Finances, Impôts, monopoles, entreprises d'état",2
JU,1994,"Finances, Impôts, monopoles, entreprises d'état.Impôts.Impôts sur le revenu et la fortune / impôts sur les bénéfices et les capitaux.Impôt à la source",1
JU,1994,"Aménagement du territoire et constructions, expropriation, travaux publics, énergie, transports, environnement.Transports.Circulation routière.Impôts et taxes de la circulation",1
JU,1994,"Santé, travail, droit des assurances sociales, logement, homes",4
JU,1994,"Santé, travail, droit des assurances sociales, logement, homes.Santé.Professions médicales.Pharmaciens",1
JU,1994,"Santé, travail, droit des assurances sociales, logement, homes.Santé.Pharmacies et drogueries",1
JU,1995,Etat.Autorités.Gouvernement et administration.Administration.Commissions,1
JU,1995,"Enseignement, sciences, documentation et culture.Corps enseignant.Formation",1
JU,1995,"Santé, travail, droit des assurances sociales, logement, homes",3
JU,1995,"Santé, travail, droit des assurances sociales, logement, homes.Santé.Etablissements hospitaliers, cliniques.Cliniques psychiatriques",1
JU,1995,"Santé, travail, droit des assurances sociales, logement, homes.Droit des assurances sociales.LAMAL.Réduction des primes",1
JU,1996,"Etat.Autorités.Gouvernement et administration.Droit du personnel.Traitements, indemnités",1
JU,1996,"Enseignement, sciences, documentation et culture.Pédagogie spécialisée.Logopédie",1
JU,1996,"Enseignement, sciences, documentation et culture.Assurance de la qualité, surveillance, direction.Matériel scolaire",1
JU,1996,"Finances, Impôts, monopoles, entreprises d'état",2
JU,1996,"Santé, travail, droit des assurances sociales, logement, homes",1
JU,1996,"Santé, travail, droit des assurances sociales, logement, homes.Santé.Etique",1
JU,1997,Etat.Autorités.Gouvernement et administration.Droit du personnel.Engagement,1
JU,1997,"Etat.Autorités.Gouvernement et administration.Droit du personnel.Traitements, indemnités",3
JU,1997,"Enseignement, sciences, documentation et culture",1
JU,1997,"Enseignement, sciences, documentation et culture.Corps enseignant.Traitement, indemnités",1
JU,1997,"Aménagement du territoire et constructions, expropriation, travaux publics, énergie, transports, environnement.Transports.Circulation routière.Impôts et taxes de la circulation",1
JU,1997,"Santé, travail, droit des assurances sociales, logement, homes",2
JU,1997,"Santé, travail, droit des assurances sociales, logement, homes.Santé.Professions médicales.Vétérinaires",1
JU,1997,"Santé, travail, droit des assurances sociales, logement, homes.Santé.Laboratoires médicaux",1
JU,1997,"Santé, travail, droit des assurances sociales, logement, homes.Droit des assurances sociales.Prestations complémentaires",1
JU,1997,"Santé, travail, droit des assurances sociales, logement, homes.Droit des assurances sociales.Assurance-chômage",1
JU,1997,Economie.Agriculture.Epizooties,1
JU,1998,Etat.Autorités.Parlement.Indemnisation des parlementaires,1
JU,1998,"Etat.Autorités.Gouvernement et administration.Droit du personnel.Traitements, indemnités",1
JU,1998,Etat.Communes.Contributions financières des communes,1
JU,1998,"Finances, Impôts, monopoles, entreprises d'état.Monopoles, régales, entreprises d'état.Alcool",1
JU,1998,"Aménagement du territoire et constructions, expropriation, travaux publics, énergie, transports, environnement",1
JU,1998,"Aménagement du territoire et constructions, expropriation, travaux publics, énergie, transports, environnement.Transports.Circulation routière.Transport des personnes",1
JU,1998,"Santé, travail, droit des assurances sociales, logement, homes",2
JU,1998,"Santé, travail, droit des assurances sociales, logement, homes.Santé.Etablissements hospitaliers, cliniques.Cliniques psychiatriques",1
JU,1998,"Santé, travail, droit des assurances sociales, logement, homes.Santé.Hygiène.Denrées alimentaires, objets d'usage courant.Viandes.Abattoirs",1
JU,1998,"Santé, travail, droit des assurances sociales, logement, homes.Assistance.Conseil aux femmes enceintes",1
JU,1999,Etat,1
JU,1999,Etat.Dispositions générales.Etablissement et séjour.Etablissement et séjour des étrangers.mesures de contrainte,1
JU,1999,Etat.Autorités.Gouvernement et administration.Emoluments administratifs,1
JU,1999,"Droit civil.Dispositions d'introduction du code civil.Droits réels.Registre foncier, mensurations cadastrales",1
JU,1999,Droit civil.Dispositions générales d'introduction du code des obligations.Droit commercial.Registre du commerce,1
JU,1999,"Enseignement, sciences, documentation et culture.Assurance de la qualité, surveillance, direction.Médecine scolaire, services psychologiques scolaires",1
JU,1999,"Enseignement, sciences, documentation et culture.Art, culture, sport.Art.Cinéma, théâtre, divertissement",1
JU,1999,"Aménagement du territoire et constructions, expropriation, travaux publics, énergie, transports, environnement.Travaux publics.Marchés publics",1
JU,1999,"Aménagement du territoire et constructions, expropriation, travaux publics, énergie, transports, environnement.Protection de l'environnement.Déchets",1
JU,1999,Economie.Commerce.Horaires de fermeture des magasins,1
JU,2000,Etat,1
JU,2000,"Etat.Autorités.Gouvernement et administration.Droit du personnel.Traitements, indemnités",3
JU,2000,Droit pénal,2
JU,2000,"Enseignement, sciences, documentation et culture.Degré secondaire II: Formation professionnelle initiale.Ecoles préparant à la maturité professionnelle",1
JU,2000,"Enseignement, sciences, documentation et culture.Assurance de la qualité, surveillance, direction.Médecine scolaire, services psychologiques scolaires",1
JU,2000,"Finances, Impôts, monopoles, entreprises d'état",3
JU,2000,"Finances, Impôts, monopoles, entreprises d'état.Impôts.Impôts sur le revenu et la fortune / impôts sur les bénéfices et les capitaux.Impôt fédéral",1
JU,2000,"Aménagement du territoire et constructions, expropriation, travaux publics, énergie, transports, environnement",1
JU,2000,"Santé, travail, droit des assurances sociales, logement, homes",1
JU,2000,"Santé, travail, droit des assurances sociales, logement, homes.Assistance.Avances sur les pensions alimentaires",1
JU,2000,Economie,1
JU,2000,Economie.Agriculture.Culture des plantes.Vignoble,1
JU,2001,Etat.Dispositions générales.Information du public,1
JU,2001,"Etat.Autorités.Gouvernement et administration.Droit du personnel.Traitements, indemnités",1
JU,2001,"Enseignement, sciences, documentation et culture",2
JU,2001,"Enseignement, sciences, documentation et culture.Degré tertiaire: Hautes écoles.Pédagogie",1
JU,2001,"Défense nationale, protection de la population, police.Protection de la population.Protection contre les incendies / éléments naturels.Protection contre le feu, pompiers",2
JU,2001,"Finances, Impôts, monopoles, entreprises d'état",2
JU,2001,"Finances, Impôts, monopoles, entreprises d'état.Impôts.Impôts sur les chiens",1
JU,2001,"Aménagement du territoire et constructions, expropriation, travaux publics, énergie, transports, environnement.Protection de l'environnement.Lutte contre les dommages",1
JU,2001,"Santé, travail, droit des assurances sociales, logement, homes.Santé.Soins à domicile",1
JU,2001,"Santé, travail, droit des assurances sociales, logement, homes.Droit des assurances sociales.Assurance-chômage",1
JU,2002,Etat.Dispositions générales.Etablissement et séjour.Etablissement et séjour des étrangers.intégration,1
JU,2002,"Etat.Autorités.Gouvernement et administration.Droit du personnel.Traitements, indemnités",1
JU,2002,"Etat.Autorités.Organisation judiciaire.Autorités judiciaires.Juges d'instruction, Ministère public.Ministère public",1
JU,2002,Droit civil,1
JU,2002,"Droit civil.Dispositions d'introduction du code civil.Droit de la famille.Accueil familial, adoption",1
JU,2002,"Enseignement, sciences, documentation et culture.Degré secondaire II.Ecoles supérieures de commerce, ecoles supérieures d'informatique",1
JU,2002,"Enseignement, sciences, documentation et culture.Assurance de la qualité, surveillance, direction.Bâtiments scolaires",1
JU,2002,"Enseignement, sciences, documentation et culture.Documentation.Statistique",1
JU,2002,"Défense nationale, protection de la population, police",1
JU,2002,"Aménagement du territoire et constructions, expropriation, travaux publics, énergie, transports, environnement.Aménagement du territoire et constructions.Plans",1
JU,2002,"Santé, travail, droit des assurances sociales, logement, homes",1
JU,2002,"Santé, travail, droit des assurances sociales, logement, homes.Santé.Hygiène.Denrées alimentaires, objets d'usage courant.Champignons",1
JU,2002,"Santé, travail, droit des assurances sociales, logement, homes.Droit des assurances sociales.Assurance-chômage",1
JU,2002,"Santé, travail, droit des assurances sociales, logement, homes.Assistance.Aide sociale",2
JU,2003,"Etat.Autorités.Gouvernement et administration.Droit du personnel.Traitements, indemnités",1
JU,2003,"Enseignement, sciences, documentation et culture.Degré tertiaire: Hautes écoles.Etudes sociales",1
JU,2003,"Enseignement, sciences, documentation et culture.Pédagogie spécialisée.Enseignement d'appui",1
JU,2003,"Défense nationale, protection de la population, police.Protection de la population.Protection contre les incendies / éléments naturels.Ramoneurs",1
JU,2003,"Finances, Impôts, monopoles, entreprises d'état.Monopoles, régales, entreprises d'état.Chasse.Chasseurs",1
JU,2003,"Santé, travail, droit des assurances sociales, logement, homes.Droit des assurances sociales.LAMAL.Limitation de l'admission des fournisseurs de prestations",1
JU,2003,Economie,2
JU,2004,Etat,2
JU,2004,Etat.Autorités.Gouvernement et administration.Administration.Commissions,1
JU,2004,"Etat.Autorités.Gouvernement et administration.Droit du personnel.Traitements, indemnités",1
JU,2004,Droit pénal,1
JU,2004,"Enseignement, sciences, documentation et culture",1
JU,2004,"Enseignement, sciences, documentation et culture.Degré secondaire II.Ecoles supérieures de commerce, ecoles supérieures d'informatique",1
JU,2004,"Enseignement, sciences, documentation et culture.Pédagogie spécialisée.Education précoce spécialisée",1
JU,2004,"Enseignement, sciences, documentation et culture.Contributions à la formation.Ecolages",1
JU,2004,"Enseignement, sciences, documentation et culture.Art, culture, sport.Encouragement à la culture",1
JU,2004,"Finances, Impôts, monopoles, entreprises d'état",1
JU,2004,"Finances, Impôts, monopoles, entreprises d'état.Monopoles, régales, entreprises d'état.Chasse.Chasseurs",1
JU,2004,"Aménagement du territoire et constructions, expropriation, travaux publics, énergie, transports, environnement.Transports.Circulation routière.Impôts et taxes de la circulation",1
JU,2004,"Santé, travail, droit des assurances sociales, logement, homes.Assistance.Avances sur les pensions alimentaires",1
JU,2004,Economie,1
JU,2005,Etat.Autorités.Gouvernement et administration.Droit du personnel.Engagement,1
JU,2005,"Etat.Autorités.Gouvernement et administration.Droit du personnel.Traitements, indemnités",1
JU,2005,Etat.Autorités.Gouvernement et administration.Emoluments administratifs,1
JU,2005,Etat.Professions juridiques.Avocats.Honoraires,1
JU,2005,Droit civil.Dispositions d'introduction du code civil.Droits réels.Estimation officielle des immeubles,1
JU,2005,Droit pénal.Procédure pénale.Aide aux victimes d'infractions,1
JU,2005,"Enseignement, sciences, documentation et culture.Degré secondaire II: Formation professionnelle initiale.Ecoles professionnelles.Enseignement ménager",1
JU,2005,"Défense nationale, protection de la population, police.Sécurité intérieure.Explosifs",1
JU,2005,"Finances, Impôts, monopoles, entreprises d'état.Finances.Contributions étatiques, subventions",1
JU,2005,"Santé, travail, droit des assurances sociales, logement, homes",1
JU,2005,"Santé, travail, droit des assurances sociales, logement, homes.Droit des assurances sociales.LAMAL.Réduction des primes",1
JU,2005,"Santé, travail, droit des assurances sociales, logement, homes.Assistance.Aide sociale",1
JU,2005,Economie.Promotion de l'économie,1
JU,2006,Etat.Autorités.Gouvernement et administration.Administration.Départements,1
JU,2006,"Etat.Autorités.Gouvernement et administration.Droit du personnel.Traitements, indemnités",1
JU,2006,Etat.Autorités.Responsabilité de l'état,1
JU,2006,"Droit civil.Dispositions d'introduction du code civil.Droits réels.Registre foncier, mensurations cadastrales",1
JU,2006,"Enseignement, sciences, documentation et culture.Degré prescolaire, école primaire, degré secondaire I.Ecole primaire, degré secondaire I",1
JU,2006,"Enseignement, sciences, documentation et culture.Degré secondaire II: Formation professionnelle initiale.Orientation professionnelle",1
JU,2006,"Finances, Impôts, monopoles, entreprises d'état",1
JU,2006,"Aménagement du territoire et constructions, expropriation, travaux publics, énergie, transports, environnement.Protection de l'environnement.Hygiène de l'air.Poussières fines/smog",1
JU,2006,"Santé, travail, droit des assurances sociales, logement, homes.Santé.Pharmacies et drogueries",1
JU,2006,"Santé, travail, droit des assurances sociales, logement, homes.Assistance.Homes.Etablissements pour personnes âgées",1
JU,2006,"Santé, travail, droit des assurances sociales, logement, homes.Assistance.Personnes handicapés.Ateliers protégés",1
JU,2006,Economie.Promotion de l'économie,2
JU,2006,Economie.Arts et métiers.Services.Tourisme,1
JU,2007,"Etat.Autorités.Gouvernement et administration.Droit du personnel.Traitements, indemnités",1
JU,2007,"Etat.Autorités.Gouvernement et administration.Droit du personnel.Pensions, prestations d'assurance",1
JU,2007,Droit pénal.Droit pénal des mineurs et procédure pénale des mineurs,1
JU,2007,"Enseignement, sciences, documentation et culture",1
JU,2007,"Enseignement, sciences, documentation et culture.Art, culture, sport.Sport",1
JU,2007,"Défense nationale, protection de la population, police",1
JU,2007,"Santé, travail, droit des assurances sociales, logement, homes",1
JU,2007,"Santé, travail, droit des assurances sociales, logement, homes.Santé.Etablissements hospitaliers, cliniques.Droits des patients",1
JU,2007,"Santé, travail, droit des assurances sociales, logement, homes.Droit du travail.Marché du travail.Travail au noir",1
JU,2008,Etat.Dispositions générales.Etablissement et séjour.Etablissement et séjour Suisses.contrôle des habitants,1
JU,2008,"Etat.Autorités.Gouvernement et administration.Droit du personnel.Traitements, indemnités",1
JU,2008,Etat.Autorités.Gouvernement et administration.Emoluments administratifs,1
JU,2008,"Enseignement, sciences, documentation et culture",2
JU,2008,"Défense nationale, protection de la population, police.Protection de la population.Protection contre les incendies / éléments naturels.Protection contre le feu, pompiers",1
JU,2008,"Finances, Impôts, monopoles, entreprises d'état",1
JU,2008,"Santé, travail, droit des assurances sociales, logement, homes",1
JU,2008,"Santé, travail, droit des assurances sociales, logement, homes.Assistance.Protection de la jeunesse, aide à la jeunesse",2
JU,2008,Economie,1
JU,2009,"Etat.Autorités.Gouvernement et administration.Droit du personnel.Traitements, indemnités",1
JU,2009,"Enseignement, sciences, documentation et culture.Sciences, recherche",1
JU,2009,"Finances, Impôts, monopoles, entreprises d'état.Impôts.Impôts sur les successions et les donations",1
JU,2009,"Aménagement du territoire et constructions, expropriation, travaux publics, énergie, transports, environnement.Transports.Circulation routière.Contrôle technique des véhicules",1
JU,2010,Etat,1
JU,2010,"Etat.Autorités.Gouvernement et administration.Droit du personnel.Traitements, indemnités",1
JU,2010,"Défense nationale, protection de la population, police.Protection de la population.Protection contre les incendies / éléments naturels.Assurances des bâtiments.Assurance contre les dommages causés par les éléments naturels",1
JU,2010,"Finances, Impôts, monopoles, entreprises d'état",1
JU,2010,"Finances, Impôts, monopoles, entreprises d'état.Impôts.Impôts sur le revenu et la fortune / impôts sur les bénéfices et les capitaux.Impôt cantonal",1
JU,2010,"Santé, travail, droit des assurances sociales, logement, homes",2
JU,2011,Etat,1
JU,2011,"Etat.Autorités.Gouvernement et administration.Droit du personnel.Durée du travail, vacances, congés",1
JU,2011,"Etat.Autorités.Gouvernement et administration.Droit du personnel.Traitements, indemnités",1
JU,2011,"Etat.Autorités.Gouvernement et administration.Droit du personnel.Commissions du personnel, commissions paritaires",2
JU,2011,"Enseignement, sciences, documentation et culture.Corps enseignant.Formation",1
JU,2011,"Enseignement, sciences, documentation et culture.Documentation.Archives",1
JU,2011,"Finances, Impôts, monopoles, entreprises d'état",1
JU,2011,"Santé, travail, droit des assurances sociales, logement, homes",1
JU,2012,Etat.Autorités.Gouvernement et administration.Emoluments administratifs,1
JU,2012,Etat.Autorités.Informatique.E-Government,1
JU,2012,Etat.Communes.Fusions communales,2
JU,2012,Etat.Professions juridiques.Avocats.Formation,1
JU,2012,Droit civil.Dispositions d'introduction du code civil.Droit de la famille.Tutelle,1
JU,2012,"Enseignement, sciences, documentation et culture.Art, culture, sport.Sport",1
JU,2012,"Aménagement du territoire et constructions, expropriation, travaux publics, énergie, transports, environnement.Aménagement du territoire et constructions.Plans",1
JU,2012,"Santé, travail, droit des assurances sociales, logement, homes",1
JU,2012,Economie.Arts et métiers.Services.Prostitution,1
JU,2013,Etat.Autorités.Gouvernement et administration.Emoluments administratifs,2
JU,2013,"Droit civil.Dispositions d'introduction du code civil.Droits réels.Registre foncier, mensurations cadastrales",1
JU,2013,"Aménagement du territoire et constructions, expropriation, travaux publics, énergie, transports, environnement.Transports.Transports publics.Transports régionaux",1
JU,2013,"Santé, travail, droit des assurances sociales, logement, homes.Santé.Professions médicales.Vétérinaires",1
JU,2013,"Santé, travail, droit des assurances sociales, logement, homes.Santé.Hygiène.Denrées alimentaires, objets d'usage courant.Viandes.Abattoirs",1
JU,2014,Etat.Dispositions générales.Information du public,1
JU,2014,"Etat.Autorités.Gouvernement et administration.Droit du personnel.Traitements, indemnités",1
JU,2014,Etat.Autorités.Gouvernement et administration.Emoluments administratifs,1
JU,2014,Droit civil,1
JU,2014,Droit civil.Dispositions d'introduction du code civil.Droit de la famille.Tutelle,1
JU,2014,"Enseignement, sciences, documentation et culture.Art, culture, sport.Sport",1
JU,2014,"Finances, Impôts, monopoles, entreprises d'état.Impôts.Impôts sur le revenu et la fortune / impôts sur les bénéfices et les capitaux.Impôt cantonal",1
JU,2014,"Santé, travail, droit des assurances sociales, logement, homes.Santé.Prévention des dépendances.Interdictions de fumer",1
JU,2015,"Etat.Autorités.Gouvernement et administration.Droit du personnel.Traitements, indemnités",1
JU,2015,Etat.Autorités.Gouvernement et administration.Emoluments administratifs,1
JU,2015,"Finances, Impôts, monopoles, entreprises d'état.Impôts.Impôts sur le revenu et la fortune / impôts sur les bénéfices et les capitaux.Impôt cantonal",2
JU,2015,"Aménagement du territoire et constructions, expropriation, travaux publics, énergie, transports, environnement",1
JU,2015,"Aménagement du territoire et constructions, expropriation, travaux publics, énergie, transports, environnement.Protection de la nature et du paysage.Protection des monuments et des biens culturels",1
JU,2016,Etat,1
JU,2016,"Etat.Autorités.Gouvernement et administration.Droit du personnel.Traitements, indemnités",2
JU,2016,"Droit civil.Procédure civile.Emoluments, frais",1
JU,2016,"Défense nationale, protection de la population, police.Sécurité intérieure.Police.Police cantonale",1
JU,2016,"Finances, Impôts, monopoles, entreprises d'état.Finances.Budget, comptes",1
JU,2016,"Aménagement du territoire et constructions, expropriation, travaux publics, énergie, transports, environnement",2
JU,2017,Etat.Dispositions générales.Etablissement et séjour.Etablissement et séjour des étrangers.mesures de contrainte,1
JU,2017,"Droit civil.Dispositions d'introduction du code civil.Droits réels.Registre foncier, mensurations cadastrales",1
JU,2017,"Enseignement, sciences, documentation et culture",1
JU,2017,"Finances, Impôts, monopoles, entreprises d'état.Impôts.Impôts sur le revenu et la fortune / impôts sur les bénéfices et les capitaux.Impôt cantonal",1
JU,2018,"Défense nationale, protection de la population, police.Sécurité intérieure.Police.Coopération en matière de police",1
JU,2018,"Finances, Impôts, monopoles, entreprises d'état.Impôts.Impôts sur le revenu et la fortune / impôts sur les bénéfices et les capitaux.Impôt cantonal",1
JU,2018,"Santé, travail, droit des assurances sociales, logement, homes",1
JU,2018,"Santé, travail, droit des assurances sociales, logement, homes.Santé.Urgences, ambulances",1
JU,2019,"Droit civil.Dispositions d'introduction du code civil.Droits réels.Registre foncier, mensurations cadastrales",1
JU,2019,"Finances, Impôts, monopoles, entreprises d'état.Finances.Contributions étatiques, subventions",1
JU,2019,"Finances, Impôts, monopoles, entreprises d'état.Impôts.Impôts sur le revenu et la fortune / impôts sur les bénéfices et les capitaux.Impôt cantonal",1
JU,2020,Etat.Autorités.Protection des données,1
JU,2020,Etat.Professions juridiques.Avocats.Assistance judiciaire,1
JU,2020,"Enseignement, sciences, documentation et culture.Degré prescolaire, école primaire, degré secondaire I.Ecole primaire, degré secondaire I",1
JU,2020,"Finances, Impôts, monopoles, entreprises d'état.Impôts.Impôts sur le revenu et la fortune / impôts sur les bénéfices et les capitaux.Impôt cantonal",1
JU,2020,"Aménagement du territoire et constructions, expropriation, travaux publics, énergie, transports, environnement.Aménagement du territoire et constructions.Procédure",1
JU,2020,"Santé, travail, droit des assurances sociales, logement, homes",2
JU,2020,"Santé, travail, droit des assurances sociales, logement, homes.Santé.Lutte contre les maladies.Epidémies, pandémies",5
JU,2021,"Enseignement, sciences, documentation et culture.Art, culture, sport.Encouragement à la culture",1
JU,2021,"Finances, Impôts, monopoles, entreprises d'état.Impôts.Impôts sur le revenu et la fortune / impôts sur les bénéfices et les capitaux.Impôt cantonal",1
JU,2021,Economie,1
JU,2022,"Défense nationale, protection de la population, police",1
JU,2022,"Finances, Impôts, monopoles, entreprises d'état.Impôts.Impôts sur le revenu et la fortune / impôts sur les bénéfices et les capitaux.Impôt cantonal",1
JU,2022,"Santé, travail, droit des assurances sociales, logement, homes",1
JU,2022,"Santé, travail, droit des assurances sociales, logement, homes.Santé.Lutte contre les maladies.Epidémies, pandémies",1
JU,2022,"Santé, travail, droit des assurances sociales, logement, homes.Assistance.Homes.Etablissements pour personnes âgées",1
JU,2023,"Etat.Dispositions générales.Droits fondamentaux, droits politiques.égalité entre hommes et femmes",1
JU,2023,Etat.Autorités.Protection des données,1
JU,2023,"Finances, Impôts, monopoles, entreprises d'état.Impôts.Impôts sur le revenu et la fortune / impôts sur les bénéfices et les capitaux.Impôt cantonal",2
JU,2024,Etat.Autorités.Gouvernement et administration.Gouvernement.Indemnités,1
JU,2024,Etat.Autorités.Gouvernement et administration.Emoluments administratifs,1
JU,2024,"Droit civil.Dispositions d'introduction du code civil.Droit de la famille.Accueil familial, adoption",1
JU,2024,"Enseignement, sciences, documentation et culture",1
JU,2024,"Défense nationale, protection de la population, police",1
JU,2024,"Finances, Impôts, monopoles, entreprises d'état.Impôts.Impôts sur le revenu et la fortune / impôts sur les bénéfices et les capitaux.Impôt cantonal",1
JU,2024,"Aménagement du territoire et constructions, expropriation, travaux publics, énergie, transports, environnement",1
JU,2024,"Aménagement du territoire et constructions, expropriation, travaux publics, énergie, transports, environnement.Energie.Approvisionnement en énergie",1
JU,2024,"Aménagement du territoire et constructions, expropriation, travaux publics, énergie, transports, environnement.Energie.Electricité",1
JU,2024,"Aménagement du territoire et constructions, expropriation, travaux publics, énergie, transports, environnement.Protection de la nature et du paysage.Protection des animaux",1
JU,2025,Etat,3
JU,2025,Etat.Autorités.Informatique.E-Government,1
JU,2025,Etat.Autorités.Organisation judiciaire.Personnel des tribunaux,1
JU,2025,Droit pénal.Procédure pénale.Entraide judiciaire,1
JU,2025,"Enseignement, sciences, documentation et culture",1
JU,2025,"Finances, Impôts, monopoles, entreprises d'état.Impôts.Impôts sur le revenu et la fortune / impôts sur les bénéfices et les capitaux.Impôt cantonal",1
JU,2025,"Aménagement du territoire et constructions, expropriation, travaux publics, énergie, transports, environnement",1
JU,2025,"Santé, travail, droit des assurances sociales, logement, homes.Santé.Professions médicales.Personnel soignant",1
JU,2025,Economie.Promotion de l'économie,1
JU,2026,"Droit civil.Dispositions d'introduction du code civil.Droit de la famille.Accueil familial, adoption",1
JU,2026,"Finances, Impôts, monopoles, entreprises d'état.Impôts.Impôts sur le revenu et la fortune / impôts sur les bénéfices et les capitaux.Impôt cantonal",1
JU,2026,"Aménagement du territoire et constructions, expropriation, travaux publics, énergie, transports, environnement",1
LU,1908,"Finances, Impôts, monopoles, entreprises d'état.Impôts.Impôts sur les successions et les donations",1
LU,1910,"Finances, Impôts, monopoles, entreprises d'état.Impôts.Impôts sur les successions et les donations",1
LU,1911,Non classé,1
LU,1920,Etat.Autorités.Gouvernement et administration.Droit du personnel.Serment,1
LU,1923,"Aménagement du territoire et constructions, expropriation, travaux publics, énergie, transports, environnement.Protection de la nature et du paysage.Protection des plantes",1
LU,1923,"Santé, travail, droit des assurances sociales, logement, homes",1
LU,1925,"Santé, travail, droit des assurances sociales, logement, homes.Droit du travail.Employés.Sécurité",1
LU,1942,"Enseignement, sciences, documentation et culture.Documentation.Bibliothèques",1
LU,1946,Economie.Agriculture.Assurances des animaux,1
LU,1953,Droit pénal,1
LU,1953,"Aménagement du territoire et constructions, expropriation, travaux publics, énergie, transports, environnement.Protection de la nature et du paysage.Protection des plantes",1
LU,1953,"Santé, travail, droit des assurances sociales, logement, homes.Droit des assurances sociales.Allocation perte de gain",1
LU,1953,"Santé, travail, droit des assurances sociales, logement, homes.Droit des assurances sociales.Allocations familiales.Travailleurs agricoles",1
LU,1954,Etat.Dispositions générales.Etablissement et séjour.Etablissement et séjour des étrangers.mesures de contrainte,1
LU,1957,Droit civil.Dispositions générales d'introduction du code des obligations.Des divers contrats.Contrat de travail.Conventions collectives.Déclaration de force obligatoire générale,1
LU,1958,"Etat.Autorités.Organisation judiciaire.Autorités judiciaires.Juges d'instruction, Ministère public.Ministère public",1
LU,1958,"Santé, travail, droit des assurances sociales, logement, homes.Logement.Mesures d'encouragement à la construction de logements",1
LU,1959,"Santé, travail, droit des assurances sociales, logement, homes.Logement.Mesures d'encouragement à la construction de logements",1
LU,1962,"Aménagement du territoire et constructions, expropriation, travaux publics, énergie, transports, environnement.Protection de la nature et du paysage.Protection du paysage",1
LU,1963,"Défense nationale, protection de la population, police",1
LU,1964,"Aménagement du territoire et constructions, expropriation, travaux publics, énergie, transports, environnement.Protection de la nature et du paysage.Protection du paysage",1
LU,1965,"Santé, travail, droit des assurances sociales, logement, homes.Santé.Hygiène.Inhumations, cimetières",1
LU,1966,"Santé, travail, droit des assurances sociales, logement, homes.Logement.Mesures d'encouragement à la construction de logements",1
LU,1967,"Aménagement du territoire et constructions, expropriation, travaux publics, énergie, transports, environnement.Protection de la nature et du paysage.Protection du paysage",1
LU,1968,"Droit civil.Dispositions d'introduction du code civil.Droits réels.Registre foncier, mensurations cadastrales",1
LU,1968,Droit pénal,1
LU,1968,"Aménagement du territoire et constructions, expropriation, travaux publics, énergie, transports, environnement.Protection de la nature et du paysage.Protection du paysage",1
LU,1969,"Aménagement du territoire et constructions, expropriation, travaux publics, énergie, transports, environnement.Aménagement du territoire et constructions.Equipement",1
LU,1969,"Aménagement du territoire et constructions, expropriation, travaux publics, énergie, transports, environnement.Protection de la nature et du paysage.Protection du paysage",1
LU,1970,"Aménagement du territoire et constructions, expropriation, travaux publics, énergie, transports, environnement.Protection de la nature et du paysage.Protection du paysage",2
LU,1970,"Aménagement du territoire et constructions, expropriation, travaux publics, énergie, transports, environnement.Protection de la nature et du paysage.Protection des plantes",1
LU,1970,"Santé, travail, droit des assurances sociales, logement, homes",1
LU,1971,"Aménagement du territoire et constructions, expropriation, travaux publics, énergie, transports, environnement.Protection de la nature et du paysage.Protection du paysage",1
LU,1971,"Santé, travail, droit des assurances sociales, logement, homes.Logement.Mesures d'encouragement à la construction de logements",1
LU,1972,"Etat.Autorités.Gouvernement et administration.Droit du personnel.Pensions, prestations d'assurance",1
LU,1972,Droit pénal.Amendes d'ordre,1
LU,1973,Etat.Professions juridiques.Notaires.Formation,1
LU,1973,"Etat.Professions juridiques.Notaires.Taxes, tarifs",1
LU,1973,Etat.Professions juridiques.Notaires.Légalisation,1
LU,1973,"Défense nationale, protection de la population, police.Sécurité intérieure.Maintien de la tranquillité et de l'ordre public.Chiens, animaux dangereux",1
LU,1973,"Aménagement du territoire et constructions, expropriation, travaux publics, énergie, transports, environnement.Protection de l'environnement.Produits toxiques et chimiques",1
LU,1974,"Aménagement du territoire et constructions, expropriation, travaux publics, énergie, transports, environnement.Protection de la nature et du paysage.Protection du paysage",2
LU,1975,Etat.Autorités.Organisation judiciaire.Personnel des tribunaux,1
LU,1975,"Droit civil.Dispositions d'introduction du code civil.Droits réels.Registre foncier, mensurations cadastrales",1
LU,1975,Droit pénal,1
LU,1975,Droit pénal.Exécution des peines et des mesures.Patronage,1
LU,1976,"Etat.Autorités.Organisation judiciaire.Autorités judiciaires.Tribunaux administratifs, des assurances et des assurances sociales",1
LU,1976,Droit civil.Dispositions d'introduction du code civil.Droits réels.Estimation officielle des immeubles,1
LU,1976,"Santé, travail, droit des assurances sociales, logement, homes",1
LU,1976,"Santé, travail, droit des assurances sociales, logement, homes.Santé.Substances thérapeutiques, stupéfiants",1
LU,1976,Economie,1
LU,1977,Droit pénal.Procédure pénale.Emoluments,1
LU,1977,"Défense nationale, protection de la population, police.Protection de la population.Protection contre les incendies / éléments naturels.Protection contre le feu, pompiers",1
LU,1977,"Aménagement du territoire et constructions, expropriation, travaux publics, énergie, transports, environnement.Protection de la nature et du paysage.Champignons",1
LU,1978,Etat,1
LU,1978,"Enseignement, sciences, documentation et culture.Documentation.Bibliothèques",1
LU,1978,"Défense nationale, protection de la population, police.Protection de la population.Protection contre les incendies / éléments naturels.Assurances des bâtiments.Assurance contre les dommages causés par les éléments naturels",1
LU,1978,"Aménagement du territoire et constructions, expropriation, travaux publics, énergie, transports, environnement.Protection de la nature et du paysage.Protection du paysage",1
LU,1979,Droit pénal,1
LU,1980,"Défense nationale, protection de la population, police.Défense.Taxe d'exemption",1
LU,1980,"Santé, travail, droit des assurances sociales, logement, homes.Assistance.Protection de la jeunesse, aide à la jeunesse",1
LU,1981,"Défense nationale, protection de la population, police.Sécurité intérieure.Explosifs",1
LU,1981,"Santé, travail, droit des assurances sociales, logement, homes.Assistance.Donations et collectes publiques",1
LU,1982,Non classé,1
LU,1983,Droit civil.Dispositions d'introduction du code civil.Droits réels.Estimation officielle des immeubles,1
LU,1983,"Santé, travail, droit des assurances sociales, logement, homes.Droit du travail.Travail à domicile",1
LU,1983,"Santé, travail, droit des assurances sociales, logement, homes.Droit des assurances sociales.LAA",1
LU,1983,"Santé, travail, droit des assurances sociales, logement, homes.Logement.Mesures d'encouragement à la construction de logements",1
LU,1983,"Santé, travail, droit des assurances sociales, logement, homes.Logement.Logement dans les zones de montagne",1
LU,1984,"Aménagement du territoire et constructions, expropriation, travaux publics, énergie, transports, environnement.Protection de l'environnement.Protection contre les radiations",1
LU,1984,"Aménagement du territoire et constructions, expropriation, travaux publics, énergie, transports, environnement.Protection de la nature et du paysage.Protection des animaux",1
LU,1985,"Santé, travail, droit des assurances sociales, logement, homes",2
LU,1985,"Santé, travail, droit des assurances sociales, logement, homes.Santé.Professions médicales.Médecins",1
LU,1985,"Santé, travail, droit des assurances sociales, logement, homes.Santé.Substances thérapeutiques, stupéfiants",1
LU,1985,"Santé, travail, droit des assurances sociales, logement, homes.Santé.Lutte contre les maladies.Tuberculose",1
LU,1986,"Aménagement du territoire et constructions, expropriation, travaux publics, énergie, transports, environnement.Transports.Circulation routière.Impôts et taxes de la circulation",1
LU,1986,Non classé,1
LU,1987,"Etat.Autorités.Organisation judiciaire.Autorités judiciaires.Juges d'instruction, Ministère public.Ministère public",1
LU,1987,Droit civil,2
LU,1988,Droit civil,1
LU,1988,"Droit civil.Dispositions d'introduction du code civil.Droit de la famille.Accueil familial, adoption",1
LU,1988,"Aménagement du territoire et constructions, expropriation, travaux publics, énergie, transports, environnement.Protection de l'environnement.Hygiène de l'air.Poussières fines/smog",1
LU,1988,"Santé, travail, droit des assurances sociales, logement, homes.Santé.Etablissements hospitaliers, cliniques.Hôpitaux cantonaux",1
LU,1988,"Santé, travail, droit des assurances sociales, logement, homes.Droit du travail.Marché du travail.Lutte contre les crises, réserves de crise bénéficiant d'allégements fiscaux",1
LU,1989,"Etat.Autorités.Gouvernement et administration.Droit du personnel.Traitements, indemnités",1
LU,1989,"Finances, Impôts, monopoles, entreprises d'état",1
LU,1989,"Aménagement du territoire et constructions, expropriation, travaux publics, énergie, transports, environnement.Protection de la nature et du paysage.Protection des plantes",1
LU,1989,"Santé, travail, droit des assurances sociales, logement, homes",1
LU,1990,"Aménagement du territoire et constructions, expropriation, travaux publics, énergie, transports, environnement",1
LU,1990,"Aménagement du territoire et constructions, expropriation, travaux publics, énergie, transports, environnement.Protection de la nature et du paysage.Protection des animaux",1
LU,1990,"Santé, travail, droit des assurances sociales, logement, homes.Assistance.Aide sociale",1
LU,1991,Etat.Autorités.Protection des données,1
LU,1991,Droit pénal,1
LU,1991,"Enseignement, sciences, documentation et culture.Assurance de la qualité, surveillance, direction.Matériel scolaire",1
LU,1991,"Aménagement du territoire et constructions, expropriation, travaux publics, énergie, transports, environnement.Protection de la nature et du paysage.Protection du paysage",1
LU,1991,"Santé, travail, droit des assurances sociales, logement, homes.Santé.Etablissements hospitaliers, cliniques.Hôpitaux cantonaux",1
LU,1991,"Santé, travail, droit des assurances sociales, logement, homes.Droit du travail.Marché du travail.Service de l'emploi et location de services",1
LU,1992,Etat.Dispositions générales.Etablissement et séjour.Etablissement et séjour des étrangers.asile,1
LU,1992,"Enseignement, sciences, documentation et culture.Art, culture, sport.Encouragement à la culture",1
LU,1992,"Aménagement du territoire et constructions, expropriation, travaux publics, énergie, transports, environnement.Protection de la nature et du paysage.Protection du paysage",1
LU,1993,Droit civil,1
LU,1993,"Enseignement, sciences, documentation et culture.Contributions à la formation.Ecolages",1
LU,1993,"Défense nationale, protection de la population, police.Protection de la population.Protection contre les incendies / éléments naturels.Ramoneurs",1
LU,1993,"Santé, travail, droit des assurances sociales, logement, homes",1
LU,1993,"Santé, travail, droit des assurances sociales, logement, homes.Santé.Etablissements hospitaliers, cliniques.Droits des patients",1
LU,1993,"Santé, travail, droit des assurances sociales, logement, homes.Santé.Lutte contre les maladies.Epidémies, pandémies",1
LU,1993,"Santé, travail, droit des assurances sociales, logement, homes.Logement.Mesures d'encouragement à la construction de logements",1
LU,1994,Droit civil.Dispositions d'introduction du code civil.Droit des successions,1
LU,1994,"Finances, Impôts, monopoles, entreprises d'état.Impôts.Impôts sur le revenu et la fortune / impôts sur les bénéfices et les capitaux.Impôt fédéral",1
LU,1994,"Finances, Impôts, monopoles, entreprises d'état.Impôts.Impôts sur le revenu et la fortune / impôts sur les bénéfices et les capitaux.Impôt à la source",1
LU,1994,"Santé, travail, droit des assurances sociales, logement, homes.Droit des assurances sociales.Allocations familiales.Travailleurs agricoles",1
LU,1995,Etat,1
LU,1995,Etat.Dispositions générales.Droit de cité,1
LU,1995,Etat.Autorités.Gouvernement et administration.Droit du personnel.Engagement,1
LU,1995,"Enseignement, sciences, documentation et culture.Assurance de la qualité, surveillance, direction.Bâtiments scolaires",1
LU,1995,"Enseignement, sciences, documentation et culture.Documentation.Bibliothèques",1
LU,1995,"Enseignement, sciences, documentation et culture.Art, culture, sport.Encouragement à la culture",1
LU,1995,"Défense nationale, protection de la population, police",1
LU,1995,"Défense nationale, protection de la population, police.Protection de la population.Protection contre les incendies / éléments naturels.Protection contre le feu, pompiers",1
LU,1995,"Aménagement du territoire et constructions, expropriation, travaux publics, énergie, transports, environnement.Protection de la nature et du paysage.Protection du paysage",1
LU,1995,"Santé, travail, droit des assurances sociales, logement, homes.Santé.Hygiène.Piscines",1
LU,1995,"Santé, travail, droit des assurances sociales, logement, homes.Droit des assurances sociales.LAMAL.Réduction des primes",1
LU,1995,"Economie.Commerce.Foires, marchés",1
LU,1996,Etat.Autorités.Protection des données,1
LU,1996,"Etat.Autorités.Organisation judiciaire.Autorités judiciaires.Juges d'instruction, Ministère public.Juges d'instruction",1
LU,1996,"Droit civil.Dispositions d'introduction du code civil.Droits réels.Registre foncier, mensurations cadastrales",1
LU,1996,"Enseignement, sciences, documentation et culture",2
LU,1996,"Défense nationale, protection de la population, police",1
LU,1996,"Aménagement du territoire et constructions, expropriation, travaux publics, énergie, transports, environnement",1
LU,1996,"Aménagement du territoire et constructions, expropriation, travaux publics, énergie, transports, environnement.Transports.Transports publics.Transports ferroviaires",1
LU,1996,"Aménagement du territoire et constructions, expropriation, travaux publics, énergie, transports, environnement.Protection de la nature et du paysage.Protection du paysage",3
LU,1996,Non classé,1
LU,1997,"Aménagement du territoire et constructions, expropriation, travaux publics, énergie, transports, environnement.Aménagement du territoire et constructions.Affichage et publicité",1
LU,1997,"Aménagement du territoire et constructions, expropriation, travaux publics, énergie, transports, environnement.Transports.Circulation routière.Transport des personnes",1
LU,1997,"Aménagement du territoire et constructions, expropriation, travaux publics, énergie, transports, environnement.Protection de l'environnement.Protection des eaux",1
LU,1997,Economie,1
LU,1998,"Défense nationale, protection de la population, police.Sécurité intérieure.Police.Police cantonale",1
LU,1998,"Défense nationale, protection de la population, police.Sécurité intérieure.Armes et munitions",1
LU,1998,"Finances, Impôts, monopoles, entreprises d'état.Monopoles, régales, entreprises d'état.Alcool",1
LU,1998,"Aménagement du territoire et constructions, expropriation, travaux publics, énergie, transports, environnement",1
LU,1998,"Aménagement du territoire et constructions, expropriation, travaux publics, énergie, transports, environnement.Travaux publics.Marchés publics",1
LU,1998,"Aménagement du territoire et constructions, expropriation, travaux publics, énergie, transports, environnement.Transports.Navigation.Impôts et taxes sur les bateaux",1
LU,1999,"Etat.Autorités.Gouvernement et administration.Droit du personnel.Pensions, prestations d'assurance",1
LU,1999,Droit civil.Dispositions générales d'introduction du code des obligations.Des divers contrats.Enchères,1
LU,1999,Droit pénal.Droit pénal militaire,1
LU,1999,"Enseignement, sciences, documentation et culture.Degré prescolaire, école primaire, degré secondaire I.Ecole primaire, degré secondaire I",2
LU,1999,"Enseignement, sciences, documentation et culture.Pédagogie spécialisée.Ecoles spécialisées",1
LU,1999,"Enseignement, sciences, documentation et culture.Pédagogie spécialisée.Enfants surdoués",1
LU,1999,"Enseignement, sciences, documentation et culture.Assurance de la qualité, surveillance, direction.Médecine scolaire, services psychologiques scolaires",1
LU,1999,"Aménagement du territoire et constructions, expropriation, travaux publics, énergie, transports, environnement",1
LU,1999,"Aménagement du territoire et constructions, expropriation, travaux publics, énergie, transports, environnement.Protection de l'environnement.Protection des eaux",1
LU,1999,"Aménagement du territoire et constructions, expropriation, travaux publics, énergie, transports, environnement.Protection de la nature et du paysage.Protection du paysage",1
LU,1999,Economie.Agriculture.Epizooties,1
LU,2000,Droit civil.Dispositions d'introduction du code civil.Droits réels.Estimation officielle des immeubles,1
LU,2000,Droit pénal,1
LU,2000,"Finances, Impôts, monopoles, entreprises d'état",1
LU,2000,"Finances, Impôts, monopoles, entreprises d'état.Impôts.Impôt anticipé",1
LU,2000,"Santé, travail, droit des assurances sociales, logement, homes",1
LU,2000,"Santé, travail, droit des assurances sociales, logement, homes.Santé.Professions médicales.Médecins",1
LU,2001,Etat,1
LU,2001,Etat.Autorités.Gouvernement et administration.Administration.Commissions,1
LU,2001,"Etat.Autorités.Gouvernement et administration.Droit du personnel.Traitements, indemnités",2
LU,2001,Droit civil,2
LU,2001,Droit civil.Dispositions d'introduction du code civil.Droit de la famille.Tutelle,1
LU,2001,"Droit civil.Dispositions d'introduction du code civil.Droit de la famille.Accueil familial, adoption",2
LU,2001,Droit civil.Dispositions d'introduction du code civil.Droit de la famille.Privation de liberté à des fins d'assistance,1
LU,2001,Droit civil.Dispositions d'introduction du code civil.Droit des successions,1
LU,2001,"Enseignement, sciences, documentation et culture.Degré secondaire II.Ecole moyenne",1
LU,2001,"Enseignement, sciences, documentation et culture.Formation continue (Degré quaternaire).Formation continue des enseignants",1
LU,2001,"Enseignement, sciences, documentation et culture.Documentation.Bibliothèques",1
LU,2001,"Finances, Impôts, monopoles, entreprises d'état.Impôts.Impôts sur le revenu et la fortune / impôts sur les bénéfices et les capitaux.Imputation forfaitaire d'impôt",1
LU,2001,"Aménagement du territoire et constructions, expropriation, travaux publics, énergie, transports, environnement.Transports.Circulation routière.Impôts et taxes de la circulation",1
LU,2001,Economie.Commerce.Poids et mesures. moyens de paiement,1
LU,2001,Non classé,1
LU,2002,Etat.Dispositions générales.Documents d'identité,1
LU,2002,"Etat.Autorités.Gouvernement et administration.Droit du personnel.Traitements, indemnités",1
LU,2002,Etat.Autorités.Protection des données,2
LU,2002,Etat.Communes.Subventions,1
LU,2002,Etat.Professions juridiques.Avocats.Formation,1
LU,2002,Droit pénal,2
LU,2002,Droit pénal.Dispositions générales d'introduction du code pénal.Interruption de grossesse,1
LU,2002,"Enseignement, sciences, documentation et culture",2
LU,2002,"Finances, Impôts, monopoles, entreprises d'état",2
LU,2002,"Aménagement du territoire et constructions, expropriation, travaux publics, énergie, transports, environnement.Protection de l'environnement.Protection des eaux",1
LU,2002,"Santé, travail, droit des assurances sociales, logement, homes.Droit des assurances sociales.Assurance-chômage",1
LU,2002,Economie,1
LU,2002,Economie.Agriculture.Mesures d'encouragement,1
LU,2002,Economie.Arts et métiers.Services.Tourisme,1
LU,2002,Non classé,1
LU,2003,Etat,1
LU,2003,Etat.Autorités.Gouvernement et administration.Gouvernement.Chancellerie de l'Etat,1
LU,2003,Etat.Autorités.Gouvernement et administration.Administration.Départements,1
LU,2003,"Etat.Autorités.Gouvernement et administration.Droit du personnel.Traitements, indemnités",1
LU,2003,Etat.Autorités.Gouvernement et administration.Procédure administrative,1
LU,2003,"Etat.Autorités.Organisation judiciaire.Emoluments judiciaires, frais de justice",1
LU,2003,Etat.Communes.Finances communales,1
LU,2003,"Enseignement, sciences, documentation et culture.Degré tertiaire: Hautes écoles.Pédagogie",1
LU,2003,"Enseignement, sciences, documentation et culture.Contributions à la formation.Bourses d'études",1
LU,2003,"Enseignement, sciences, documentation et culture.Documentation.Archives",1
LU,2003,"Défense nationale, protection de la population, police.Sécurité intérieure.Police.Taxes",1
LU,2003,"Aménagement du territoire et constructions, expropriation, travaux publics, énergie, transports, environnement.Travaux publics.Aménagement des eaux.Utilisation des eaux",1
LU,2003,"Aménagement du territoire et constructions, expropriation, travaux publics, énergie, transports, environnement.Protection de la nature et du paysage.Protection du paysage",2
LU,2003,"Santé, travail, droit des assurances sociales, logement, homes",1
LU,2003,Non classé,1
LU,2004,"Etat.Autorités.Organisation judiciaire.Autorités judiciaires.Tribunaux administratifs, des assurances et des assurances sociales",1
LU,2004,Etat.Communes.Finances communales,1
LU,2004,"Droit civil.Dispositions d'introduction du code civil.Droits réels.Registre foncier, mensurations cadastrales",1
LU,2004,Droit pénal,2
LU,2004,"Aménagement du territoire et constructions, expropriation, travaux publics, énergie, transports, environnement",2
LU,2004,"Aménagement du territoire et constructions, expropriation, travaux publics, énergie, transports, environnement.Travaux publics.Routes.Chemins pédestres et de randonnée",1
LU,2004,"Aménagement du territoire et constructions, expropriation, travaux publics, énergie, transports, environnement.Transports.Poste, télécommunications",1
LU,2004,"Santé, travail, droit des assurances sociales, logement, homes.Santé.Professions médicales.Médecins",1
LU,2004,"Santé, travail, droit des assurances sociales, logement, homes.Droit du travail.Marché du travail.Envoi de travailleurs à l'étranger",1
LU,2004,Economie.Agriculture.Culture des plantes.Vignoble,1
LU,2005,Etat.Dispositions générales.Droit de cité,1
LU,2005,"Droit civil.Dispositions d'introduction du code civil.Droits réels.Registre foncier, mensurations cadastrales",1
LU,2005,Droit pénal.Procédure pénale.Profils d'ADN,1
LU,2005,"Enseignement, sciences, documentation et culture",1
LU,2005,"Enseignement, sciences, documentation et culture.Corps enseignant.Traitement, indemnités",1
LU,2005,"Enseignement, sciences, documentation et culture.Corps enseignant.Personnel des universités",1
LU,2005,"Enseignement, sciences, documentation et culture.Art, culture, sport.Sport",1
LU,2005,"Défense nationale, protection de la population, police.Protection de la population.Approvisionnement du pays",1
LU,2005,"Défense nationale, protection de la population, police.Sécurité intérieure.Maintien de la tranquillité et de l'ordre public.Chiens, animaux dangereux",1
LU,2005,"Santé, travail, droit des assurances sociales, logement, homes.Santé.Etablissements hospitaliers, cliniques.Hôpitaux cantonaux",1
LU,2005,"Santé, travail, droit des assurances sociales, logement, homes.Santé.Professions médicales.Médecins",2
LU,2006,Etat.Dispositions générales.Etablissement et séjour.Etablissement et séjour des étrangers.asile,1
LU,2006,"Aménagement du territoire et constructions, expropriation, travaux publics, énergie, transports, environnement.Protection de l'environnement.Hygiène de l'air.Poussières fines/smog",1
LU,2006,Non classé,1
LU,2007,"Etat.Autorités.Organisation judiciaire.Autorités judiciaires.Tribunaux administratifs, des assurances et des assurances sociales",1
LU,2007,"Enseignement, sciences, documentation et culture.Degré prescolaire, école primaire, degré secondaire I.Crèches",1
LU,2007,"Enseignement, sciences, documentation et culture.Degré prescolaire, école primaire, degré secondaire I.Ecole primaire, degré secondaire I",2
LU,2007,"Enseignement, sciences, documentation et culture.Documentation.Statistique",4
LU,2007,"Enseignement, sciences, documentation et culture.Documentation.Bibliothèques",1
LU,2007,"Santé, travail, droit des assurances sociales, logement, homes",1
LU,2007,"Santé, travail, droit des assurances sociales, logement, homes.Droit du travail.Marché du travail.Travail au noir",1
LU,2007,"Santé, travail, droit des assurances sociales, logement, homes.Droit des assurances sociales.Prestations complémentaires",1
LU,2008,Droit civil,1
LU,2008,"Enseignement, sciences, documentation et culture.Assurance de la qualité, surveillance, direction.Médecine scolaire, services psychologiques scolaires",1
LU,2008,"Santé, travail, droit des assurances sociales, logement, homes.Santé.Professions médicales.Psychothérapeutes",1
LU,2008,Economie.Arts et métiers.Services.Professions soumises à autorisation,1
LU,2008,Non classé,1
LU,2009,Etat,1
LU,2009,Etat.Dispositions générales.Etablissement et séjour.Etablissement et séjour Suisses.contrôle des habitants,1
LU,2009,Etat.Dispositions générales.Etablissement et séjour.Etablissement et séjour des étrangers.asile,1
LU,2009,Etat.Dispositions générales.Documents d'identité,1
LU,2009,Etat.Communes.Finances communales,1
LU,2009,Droit pénal.Procédure pénale.Aide aux victimes d'infractions,1
LU,2009,"Enseignement, sciences, documentation et culture.Documentation.Statistique",3
LU,2009,"Aménagement du territoire et constructions, expropriation, travaux publics, énergie, transports, environnement.Protection de la nature et du paysage.Protection des monuments et des biens culturels",1
LU,2009,"Santé, travail, droit des assurances sociales, logement, homes.Assistance.Protection de la jeunesse, aide à la jeunesse",1
LU,2010,"Etat.Dispositions générales.Droits fondamentaux, droits politiques.droits politiques.Elections et votations",1
LU,2010,"Etat.Autorités.Organisation judiciaire.Autorités judiciaires.Juges d'instruction, Ministère public.Ministère public",1
LU,2010,"Droit civil.Dispositions d'introduction du code civil.Droits réels.Registre foncier, mensurations cadastrales",1
LU,2010,Droit pénal.Droit pénal des mineurs et procédure pénale des mineurs,1
LU,2010,"Enseignement, sciences, documentation et culture.Pédagogie spécialisée.Ecoles d'art et de sport",1
LU,2010,"Finances, Impôts, monopoles, entreprises d'état.Finances.Budget, comptes",1
LU,2010,"Aménagement du territoire et constructions, expropriation, travaux publics, énergie, transports, environnement.Protection de la nature et du paysage.Protection des animaux",1
LU,2010,"Santé, travail, droit des assurances sociales, logement, homes",1
LU,2010,"Santé, travail, droit des assurances sociales, logement, homes.Santé.Prévention des dépendances.Interdictions de fumer",1
LU,2010,"Santé, travail, droit des assurances sociales, logement, homes.Droit des assurances sociales.Prestations complémentaires",1
LU,2010,Non classé,1
LU,2011,Etat.Autorités.Protection des données,1
LU,2011,Droit civil,1
LU,2011,"Droit civil.Dispositions d'introduction du code civil.Droits réels.Registre foncier, mensurations cadastrales",1
LU,2012,"Santé, travail, droit des assurances sociales, logement, homes",1
LU,2013,"Santé, travail, droit des assurances sociales, logement, homes.Droit des assurances sociales.LAMAL.Limitation de l'admission des fournisseurs de prestations",1
LU,2013,Non classé,1
LU,2014,Etat,1
LU,2014,Droit civil.Dispositions d'introduction du code civil.Droits réels.Acquisitions des terrains par des personnes domiciliées à l'étranger,1
LU,2014,"Enseignement, sciences, documentation et culture.Art, culture, sport.Sport",1
LU,2015,"Santé, travail, droit des assurances sociales, logement, homes",1
LU,2017,Etat.Dispositions générales.Procédure législative,1
LU,2017,Etat.Dispositions générales.Information du public,1
LU,2017,Etat.Communes.Finances communales,1
LU,2017,"Enseignement, sciences, documentation et culture",1
LU,2017,"Enseignement, sciences, documentation et culture.Degré tertiaire: Hautes écoles.Pédagogie",1
LU,2018,"Etat.Dispositions générales.Droits fondamentaux, droits politiques.droits politiques.Elections et votations",1
LU,2018,"Santé, travail, droit des assurances sociales, logement, homes.Droit des assurances sociales.Caisses de compensation",1
LU,2020,Droit civil,1
LU,2020,"Enseignement, sciences, documentation et culture.Degré tertiaire: universités.Faculté de médecine humaine et vétérinaire",1
LU,2020,"Finances, Impôts, monopoles, entreprises d'état",1
LU,2020,"Santé, travail, droit des assurances sociales, logement, homes.Santé.Lutte contre les maladies.Epidémies, pandémies",5
LU,2021,Droit civil.Procédure civile.Exécution,1
LU,2021,"Santé, travail, droit des assurances sociales, logement, homes.Santé.Lutte contre les maladies.Epidémies, pandémies",2
LU,2022,"Enseignement, sciences, documentation et culture.Degré tertiaire: Hautes écoles.Pédagogie",1
LU,2024,Etat.Autorités.Informatique.E-Government,1
LU,2024,"Santé, travail, droit des assurances sociales, logement, homes.Santé.Professions médicales.Personnel soignant",1
LU,2025,"Droit civil.Dispositions d'introduction du code civil.Droits réels.Registre foncier, mensurations cadastrales",1
LU,2025,Droit pénal.Procédure pénale.Aide aux victimes d'infractions,1
LU,2025,"Enseignement, sciences, documentation et culture.Structures d'accueil complémentaires",1
LU,2026,"Défense nationale, protection de la population, police",1
LU,2026,"Aménagement du territoire et constructions, expropriation, travaux publics, énergie, transports, environnement",1
LU,2026,Non classé,1
NE,1889,Etat.Autorités.Gouvernement et administration.Gouvernement.Chancellerie de l'Etat,1
NE,1894,"Santé, travail, droit des assurances sociales, logement, homes.Santé.Hygiène.Inhumations, cimetières",1
NE,1907,"Enseignement, sciences, documentation et culture.Degré prescolaire, école primaire, degré secondaire I.Crèches",1
NE,1907,"Enseignement, sciences, documentation et culture.Assurance de la qualité, surveillance, direction.Médecine scolaire, services psychologiques scolaires",1
NE,1910,Droit civil,2
NE,1910,"Aménagement du territoire et constructions, expropriation, travaux publics, énergie, transports, environnement.Transports.Navigation.Police de la navigation",1
NE,1911,Droit civil,1
NE,1920,Etat.Autorités.Gouvernement et administration.Emoluments administratifs,2
NE,1920,"Aménagement du territoire et constructions, expropriation, travaux publics, énergie, transports, environnement.Protection de la nature et du paysage.Protection des monuments et des biens culturels",1
NE,1931,"Aménagement du territoire et constructions, expropriation, travaux publics, énergie, transports, environnement.Expropriation",1
NE,1931,"Santé, travail, droit des assurances sociales, logement, homes",1
NE,1943,"Aménagement du territoire et constructions, expropriation, travaux publics, énergie, transports, environnement",1
NE,1946,"Etat.Autorités.Gouvernement et administration.Droit du personnel.Pensions, prestations d'assurance",1
NE,1951,"Aménagement du territoire et constructions, expropriation, travaux publics, énergie, transports, environnement.Transports.Funiculaires, téléphériques, téléskis",1
NE,1954,"Aménagement du territoire et constructions, expropriation, travaux publics, énergie, transports, environnement.Travaux publics.Aménagement des eaux.Utilisation des eaux",1
NE,1963,"Economie.Arts et métiers.Services.Restauration, Etablissements publics.Camping",1
NE,1964,"Aménagement du territoire et constructions, expropriation, travaux publics, énergie, transports, environnement",1
NE,1965,"Aménagement du territoire et constructions, expropriation, travaux publics, énergie, transports, environnement",1
NE,1965,"Aménagement du territoire et constructions, expropriation, travaux publics, énergie, transports, environnement.Protection de la nature et du paysage.Protection des plantes",1
NE,1968,"Finances, Impôts, monopoles, entreprises d'état.Impôts.Double imposition",1
NE,1968,"Aménagement du territoire et constructions, expropriation, travaux publics, énergie, transports, environnement.Protection de la nature et du paysage.Protection des animaux",1
NE,1969,"Aménagement du territoire et constructions, expropriation, travaux publics, énergie, transports, environnement",1
NE,1969,Economie,1
NE,1970,"Finances, Impôts, monopoles, entreprises d'état.Finances.Contributions étatiques, subventions",1
NE,1972,Etat.Autorités.Gouvernement et administration.Administration.Commissions,1
NE,1972,"Aménagement du territoire et constructions, expropriation, travaux publics, énergie, transports, environnement",1
NE,1975,"Aménagement du territoire et constructions, expropriation, travaux publics, énergie, transports, environnement",19
NE,1976,Etat,1
NE,1978,"Aménagement du territoire et constructions, expropriation, travaux publics, énergie, transports, environnement.Travaux publics.Bâtiments et terrains publics",1
NE,1979,"Enseignement, sciences, documentation et culture.Art, culture, sport.Sport",1
NE,1979,"Aménagement du territoire et constructions, expropriation, travaux publics, énergie, transports, environnement.Aménagement du territoire et constructions.Plans",1
NE,1979,"Santé, travail, droit des assurances sociales, logement, homes",1
NE,1981,"Enseignement, sciences, documentation et culture",1
NE,1981,"Défense nationale, protection de la population, police.Sécurité intérieure.Stands de tir",1
NE,1981,"Aménagement du territoire et constructions, expropriation, travaux publics, énergie, transports, environnement.Travaux publics.Aménagement des eaux.Utilisation des eaux",1
NE,1982,"Etat.Professions juridiques.Notaires.Taxes, tarifs",1
NE,1982,"Santé, travail, droit des assurances sociales, logement, homes.Assistance.Homes.Foyers pour enfants et adolescents",1
NE,1983,"Défense nationale, protection de la population, police",1
NE,1983,"Aménagement du territoire et constructions, expropriation, travaux publics, énergie, transports, environnement",1
NE,1983,"Aménagement du territoire et constructions, expropriation, travaux publics, énergie, transports, environnement.Energie.Approvisionnement en énergie",1
NE,1983,"Santé, travail, droit des assurances sociales, logement, homes",1
NE,1984,"Aménagement du territoire et constructions, expropriation, travaux publics, énergie, transports, environnement.Travaux publics.Routes.Routes nationales",1
NE,1984,"Aménagement du territoire et constructions, expropriation, travaux publics, énergie, transports, environnement.Transports.Circulation routière.Impôts et taxes de la circulation",1
NE,1984,"Santé, travail, droit des assurances sociales, logement, homes.Droit des assurances sociales.LAA",1
NE,1985,"Finances, Impôts, monopoles, entreprises d'état.Impôts.Impôt anticipé",1
NE,1985,"Santé, travail, droit des assurances sociales, logement, homes.Droit du travail.Marché du travail.Lutte contre les crises, réserves de crise bénéficiant d'allégements fiscaux",1
NE,1986,"Enseignement, sciences, documentation et culture.Degré prescolaire, école primaire, degré secondaire I.Ecole primaire, degré secondaire I",1
NE,1986,"Enseignement, sciences, documentation et culture.Assurance de la qualité, surveillance, direction.Assurance qualité",1
NE,1986,"Finances, Impôts, monopoles, entreprises d'état.Finances.Contributions étatiques, subventions",1
NE,1986,"Aménagement du territoire et constructions, expropriation, travaux publics, énergie, transports, environnement",1
NE,1986,"Aménagement du territoire et constructions, expropriation, travaux publics, énergie, transports, environnement.Transports.Circulation routière.Impôts et taxes de la circulation",1
NE,1987,Droit civil.Dispositions générales d'introduction du code des obligations.Des divers contrats.Bail à loyer et à ferme.Bail à ferme agricole,1
NE,1987,"Aménagement du territoire et constructions, expropriation, travaux publics, énergie, transports, environnement.Expropriation",3
NE,1988,Droit civil.Dispositions générales d'introduction du code des obligations.Des divers contrats.Contrat de travail.Contrats-type.Employés de maison,1
NE,1988,"Défense nationale, protection de la population, police.Protection de la population.Protection civile.Protection des biens culturels en temps de guerre",1
NE,1988,"Aménagement du territoire et constructions, expropriation, travaux publics, énergie, transports, environnement.Expropriation",1
NE,1989,"Aménagement du territoire et constructions, expropriation, travaux publics, énergie, transports, environnement.Aménagement du territoire et constructions.Places de parking",1
NE,1989,"Aménagement du territoire et constructions, expropriation, travaux publics, énergie, transports, environnement.Travaux publics.Routes.Chemins pédestres et de randonnée",1
NE,1989,"Aménagement du territoire et constructions, expropriation, travaux publics, énergie, transports, environnement.Protection de l'environnement.Protection contre le bruit",1
NE,1989,"Santé, travail, droit des assurances sociales, logement, homes.Droit du travail.Employés.Temps de travail",1
NE,1990,"Enseignement, sciences, documentation et culture.Degré prescolaire, école primaire, degré secondaire I.Ecole primaire, degré secondaire I",1
NE,1990,"Défense nationale, protection de la population, police",1
NE,1990,"Aménagement du territoire et constructions, expropriation, travaux publics, énergie, transports, environnement",1
NE,1990,"Aménagement du territoire et constructions, expropriation, travaux publics, énergie, transports, environnement.Aménagement du territoire et constructions.Zones",1
NE,1990,"Santé, travail, droit des assurances sociales, logement, homes",1
NE,1991,Droit civil,1
NE,1991,"Aménagement du territoire et constructions, expropriation, travaux publics, énergie, transports, environnement",1
NE,1991,"Economie.Arts et métiers.Services.Restauration, Etablissements publics.Camping",1
NE,1992,Etat.Autorités.Protection des données,1
NE,1992,"Enseignement, sciences, documentation et culture.Documentation.Statistique",1
NE,1992,"Aménagement du territoire et constructions, expropriation, travaux publics, énergie, transports, environnement",3
NE,1992,Economie.Agriculture.Mesures d'encouragement,1
NE,1993,Etat.Dispositions générales.Etablissement et séjour.Etablissement et séjour des étrangers.intégration,1
NE,1993,Etat.Autorités.Gouvernement et administration.Emoluments administratifs,1
NE,1993,Droit civil,1
NE,1993,"Droit civil.Dispositions d'introduction du code civil.Droits réels.Registre foncier, mensurations cadastrales",1
NE,1993,"Aménagement du territoire et constructions, expropriation, travaux publics, énergie, transports, environnement",1
NE,1993,"Santé, travail, droit des assurances sociales, logement, homes.Droit des assurances sociales.AVS/AI",1
NE,1993,Economie.Agriculture.Epizooties,1
NE,1994,"Enseignement, sciences, documentation et culture.Documentation.Statistique",1
NE,1994,"Aménagement du territoire et constructions, expropriation, travaux publics, énergie, transports, environnement.Protection de la nature et du paysage.Protection des animaux",1
NE,1994,"Santé, travail, droit des assurances sociales, logement, homes",3
NE,1994,"Santé, travail, droit des assurances sociales, logement, homes.Droit du travail.Employés.Dimanches et jours fériés",1
NE,1994,"Santé, travail, droit des assurances sociales, logement, homes.Droit des assurances sociales.LAMAL.Tarifs.Conventions",3
NE,1994,Economie.Agriculture.Droit foncier rural,1
NE,1995,Etat.Dispositions générales.Territoire.Frontières,1
NE,1995,Droit pénal.Dispositions générales d'introduction du code pénal.Interruption de grossesse,1
NE,1995,"Enseignement, sciences, documentation et culture.Corps enseignant.Traitement, indemnités",1
NE,1995,"Enseignement, sciences, documentation et culture.Contributions à la formation.Bourses d'études",1
NE,1995,"Défense nationale, protection de la population, police",1
NE,1995,"Aménagement du territoire et constructions, expropriation, travaux publics, énergie, transports, environnement",1
NE,1995,"Aménagement du territoire et constructions, expropriation, travaux publics, énergie, transports, environnement.Protection de la nature et du paysage.Protection de la nature",1
NE,1995,"Santé, travail, droit des assurances sociales, logement, homes",4
NE,1996,Droit pénal,1
NE,1996,Droit pénal.Exécution des peines et des mesures.Etablissements.Personnel,1
NE,1996,"Enseignement, sciences, documentation et culture.Art, culture, sport.Sport",1
NE,1996,"Aménagement du territoire et constructions, expropriation, travaux publics, énergie, transports, environnement.Protection de la nature et du paysage.Protection des plantes",1
NE,1996,"Santé, travail, droit des assurances sociales, logement, homes",1
NE,1997,Etat,1
NE,1997,"Enseignement, sciences, documentation et culture",1
NE,1997,"Enseignement, sciences, documentation et culture.Pédagogie spécialisée.Enseignement d'appui",1
NE,1997,"Enseignement, sciences, documentation et culture.Assurance de la qualité, surveillance, direction.Médecine scolaire, services psychologiques scolaires",1
NE,1997,"Finances, Impôts, monopoles, entreprises d'état.Finances.Contributions étatiques, subventions",1
NE,1997,"Aménagement du territoire et constructions, expropriation, travaux publics, énergie, transports, environnement.Aménagement du territoire et constructions.Procédure",1
NE,1997,Economie,3
NE,1997,Economie.Arts et métiers.Services.Professions soumises à autorisation,1
NE,1998,"Etat.Autorités.Gouvernement et administration.Droit du personnel.Traitements, indemnités",1
NE,1998,"Etat.Professions juridiques.Notaires.Taxes, tarifs",1
NE,1998,Droit civil.Dispositions générales d'introduction du code des obligations.Droit commercial.Registre du commerce,1
NE,1998,"Finances, Impôts, monopoles, entreprises d'état.Entreprises d'Etat.Banques cantonales",1
NE,1998,"Aménagement du territoire et constructions, expropriation, travaux publics, énergie, transports, environnement",1
NE,1998,"Aménagement du territoire et constructions, expropriation, travaux publics, énergie, transports, environnement.Protection de la nature et du paysage.Protection des animaux",1
NE,1998,"Santé, travail, droit des assurances sociales, logement, homes.Santé.Professions médicales.Vétérinaires",1
NE,1999,"Enseignement, sciences, documentation et culture.Corps enseignant.Engagement",1
NE,1999,"Enseignement, sciences, documentation et culture.Documentation.Statistique",1
NE,1999,"Aménagement du territoire et constructions, expropriation, travaux publics, énergie, transports, environnement.Protection de l'environnement.Déchets",1
NE,1999,"Aménagement du territoire et constructions, expropriation, travaux publics, énergie, transports, environnement.Protection de l'environnement.Protection contre les radiations",2
NE,1999,"Santé, travail, droit des assurances sociales, logement, homes.Santé.Professions médicales.Vétérinaires",1
NE,1999,"Santé, travail, droit des assurances sociales, logement, homes.Droit du travail.Employés.Mobbing, harcèlement sexuel",1
NE,1999,"Santé, travail, droit des assurances sociales, logement, homes.Droit des assurances sociales.Assurance-chômage",1
NE,2000,Etat.Autorités.Gouvernement et administration.Administration.Commissions,1
NE,2000,"Enseignement, sciences, documentation et culture.Ecoles privées",1
NE,2000,"Défense nationale, protection de la population, police.Défense.Administration militaire",1
NE,2000,"Finances, Impôts, monopoles, entreprises d'état",1
NE,2000,"Aménagement du territoire et constructions, expropriation, travaux publics, énergie, transports, environnement",1
NE,2001,Etat,1
NE,2001,"Finances, Impôts, monopoles, entreprises d'état.Impôts.Impôts sur le revenu et la fortune / impôts sur les bénéfices et les capitaux.Impôt fédéral",1
NE,2001,"Finances, Impôts, monopoles, entreprises d'état.Impôts.Droits de mutation",1
NE,2001,"Santé, travail, droit des assurances sociales, logement, homes.Droit des assurances sociales.Assurance-chômage",1
NE,2002,Etat.Dispositions générales.Etablissement et séjour.Etablissement et séjour des étrangers.asile,1
NE,2002,Etat.Autorités.Gouvernement et administration.Emoluments administratifs,1
NE,2002,"Droit civil.Dispositions d'introduction du code civil.Droits réels.Registre foncier, mensurations cadastrales",1
NE,2002,"Enseignement, sciences, documentation et culture.Degré prescolaire, école primaire, degré secondaire I.Ecole primaire, degré secondaire I",1
NE,2002,"Défense nationale, protection de la population, police.Protection de la population.Protection contre les incendies / éléments naturels.Protection contre les incendies",1
NE,2002,"Défense nationale, protection de la population, police.Sécurité intérieure.Maintien de la tranquillité et de l'ordre public.Domaine public",1
NE,2003,Etat.Dispositions générales.Documents d'identité,1
NE,2003,Etat.Autorités.Gouvernement et administration.Administration.Directions et offices,1
NE,2003,Etat.Autorités.Gouvernement et administration.Emoluments administratifs,1
NE,2003,Etat.Professions juridiques.Avocats.Honoraires,1
NE,2003,Droit civil,1
NE,2003,Droit civil.Dispositions d'introduction du code civil.Droits réels.Acquisitions des terrains par des personnes domiciliées à l'étranger,1
NE,2003,"Enseignement, sciences, documentation et culture",1
NE,2003,"Enseignement, sciences, documentation et culture.Degré prescolaire, école primaire, degré secondaire I.Crèches",1
NE,2003,"Enseignement, sciences, documentation et culture.Degré prescolaire, école primaire, degré secondaire I.Ecole primaire, degré secondaire I",1
NE,2003,"Défense nationale, protection de la population, police.Défense.Taxe d'exemption",1
NE,2003,"Aménagement du territoire et constructions, expropriation, travaux publics, énergie, transports, environnement",1
NE,2003,"Santé, travail, droit des assurances sociales, logement, homes.Santé.Hygiène.Denrées alimentaires, objets d'usage courant.Surveillance des aliments",1
NE,2003,"Santé, travail, droit des assurances sociales, logement, homes.Santé.Hygiène.Enfouissement des déchets carnés",1
NE,2003,"Santé, travail, droit des assurances sociales, logement, homes.Droit des assurances sociales.LAMAL.Listes des hôpitaux",1
NE,2004,"Etat.Autorités.Gouvernement et administration.Droit du personnel.Traitements, indemnités",1
NE,2004,Etat.Professions juridiques.Avocats.Formation,1
NE,2004,Droit civil,1
NE,2004,Droit pénal.Droit pénal militaire,2
NE,2004,"Enseignement, sciences, documentation et culture.Degré prescolaire, école primaire, degré secondaire I.Ecole primaire, degré secondaire I",1
NE,2004,"Enseignement, sciences, documentation et culture.Contributions à la formation.Emoluments scolaires",1
NE,2004,"Défense nationale, protection de la population, police.Sécurité intérieure.Entreprises de sécurité",1
NE,2004,"Finances, Impôts, monopoles, entreprises d'état.Finances.Contributions étatiques, subventions",2
NE,2004,"Aménagement du territoire et constructions, expropriation, travaux publics, énergie, transports, environnement",1
NE,2004,"Santé, travail, droit des assurances sociales, logement, homes",3
NE,2004,"Santé, travail, droit des assurances sociales, logement, homes.Assistance.Homes.Etablissements pour personnes âgées",1
NE,2004,Economie.Promotion de l'économie,1
NE,2004,Economie.Agriculture.Apiculture,1
NE,2005,"Etat.Autorités.Gouvernement et administration.Droit du personnel.Traitements, indemnités",1
NE,2005,Etat.Autorités.Gouvernement et administration.Emoluments administratifs,2
NE,2005,"Droit civil.Dispositions d'introduction du code civil.Droits réels.Registre foncier, mensurations cadastrales",1
NE,2005,"Enseignement, sciences, documentation et culture",2
NE,2005,"Enseignement, sciences, documentation et culture.Degré prescolaire, école primaire, degré secondaire I.Ecole primaire, degré secondaire I",1
NE,2005,"Enseignement, sciences, documentation et culture.Pédagogie spécialisée.Logopédie",1
NE,2005,"Enseignement, sciences, documentation et culture.Corps enseignant.Traitement, indemnités",2
NE,2005,"Enseignement, sciences, documentation et culture.Contributions à la formation.Ecolages",1
NE,2005,"Enseignement, sciences, documentation et culture.Assurance de la qualité, surveillance, direction.Médecine scolaire, services psychologiques scolaires",1
NE,2005,"Enseignement, sciences, documentation et culture.Reconnaissance des diplômes",1
NE,2005,"Défense nationale, protection de la population, police",1
NE,2005,"Défense nationale, protection de la population, police.Protection de la population.Approvisionnement du pays",1
NE,2005,"Aménagement du territoire et constructions, expropriation, travaux publics, énergie, transports, environnement.Protection de l'environnement.Déchets",1
NE,2005,"Santé, travail, droit des assurances sociales, logement, homes.Droit des assurances sociales.LAMAL.Limitation de l'admission des fournisseurs de prestations",1
NE,2005,"Santé, travail, droit des assurances sociales, logement, homes.Droit des assurances sociales.Assurance-chômage",1
NE,2006,Etat.Dispositions générales.Etablissement et séjour.Etablissement et séjour des étrangers.asile,1
NE,2006,Etat.Autorités.Gouvernement et administration.Gouvernement.Chancellerie de l'Etat,1
NE,2006,Etat.Autorités.Gouvernement et administration.Emoluments administratifs,1
NE,2006,Droit civil.Dispositions générales d'introduction du code des obligations.Des divers contrats.Contrat de travail.Contrats-type.Agriculture,1
NE,2006,Droit civil.Poursuites pour dettes et faillites.Organisation,1
NE,2006,Droit pénal,1
NE,2006,Droit pénal.Procédure pénale.Profils d'ADN,1
NE,2006,"Finances, Impôts, monopoles, entreprises d'état.Monopoles, régales, entreprises d'état.Chasse.Chasseurs",1
NE,2006,"Santé, travail, droit des assurances sociales, logement, homes",2
NE,2006,"Santé, travail, droit des assurances sociales, logement, homes.Droit du travail.Employés.Temps de travail",1
NE,2006,"Santé, travail, droit des assurances sociales, logement, homes.Droit des assurances sociales.AVS/AI",1
NE,2006,"Santé, travail, droit des assurances sociales, logement, homes.Assistance.Aide sociale",1
NE,2006,"Santé, travail, droit des assurances sociales, logement, homes.Assistance.Avances sur les pensions alimentaires",1
NE,2006,Economie,1
NE,2007,Droit civil,1
NE,2007,"Finances, Impôts, monopoles, entreprises d'état.Finances.Contrôle des finances",1
NE,2007,"Aménagement du territoire et constructions, expropriation, travaux publics, énergie, transports, environnement.Protection de l'environnement.Hygiène de l'air.Poussières fines/smog",1
NE,2007,"Santé, travail, droit des assurances sociales, logement, homes",1
NE,2008,Etat,1
NE,2008,"Etat.Autorités.Organisation judiciaire.Autorités judiciaires.Tribunaux administratifs, des assurances et des assurances sociales",1
NE,2008,Droit pénal,1
NE,2008,"Enseignement, sciences, documentation et culture",1
NE,2008,"Enseignement, sciences, documentation et culture.Pédagogie spécialisée.Ecoles spécialisées",1
NE,2008,"Aménagement du territoire et constructions, expropriation, travaux publics, énergie, transports, environnement.Travaux publics.Marchés publics",1
NE,2008,"Aménagement du territoire et constructions, expropriation, travaux publics, énergie, transports, environnement.Transports.Circulation routière.Impôts et taxes de la circulation",3
NE,2008,"Santé, travail, droit des assurances sociales, logement, homes.Droit des assurances sociales.Prestations complémentaires",1
NE,2008,"Santé, travail, droit des assurances sociales, logement, homes.Assistance.Homes.Etablissements pour personnes âgées",1
NE,2009,"Enseignement, sciences, documentation et culture.Assurance de la qualité, surveillance, direction.Autorités scolaires",1
NE,2009,"Aménagement du territoire et constructions, expropriation, travaux publics, énergie, transports, environnement.Protection de l'environnement.Protection contre les radiations",1
NE,2009,"Santé, travail, droit des assurances sociales, logement, homes",1
NE,2010,Etat,1
NE,2010,Etat.Autorités.Gouvernement et administration.Droit du personnel.Engagement,1
NE,2010,"Etat.Autorités.Gouvernement et administration.Droit du personnel.Traitements, indemnités",1
NE,2010,Droit pénal.Amendes d'ordre,1
NE,2010,"Aménagement du territoire et constructions, expropriation, travaux publics, énergie, transports, environnement.Aménagement du territoire et constructions.Plans",1
NE,2010,"Aménagement du territoire et constructions, expropriation, travaux publics, énergie, transports, environnement.Travaux publics.Marchés publics",1
NE,2011,"Enseignement, sciences, documentation et culture",1
NE,2012,Etat.Autorités.Gouvernement et administration.Emoluments administratifs,1
NE,2012,"Santé, travail, droit des assurances sociales, logement, homes",1
NE,2013,Droit civil.Poursuites pour dettes et faillites.Organisation,1
NE,2013,"Santé, travail, droit des assurances sociales, logement, homes.Droit des assurances sociales.Allocations familiales.Salariés et indépendants",1
NE,2014,Droit civil,1
NE,2014,"Enseignement, sciences, documentation et culture.Degré secondaire II: Formation professionnelle initiale.Orientation professionnelle",1
NE,2014,"Défense nationale, protection de la population, police",4
NE,2014,"Aménagement du territoire et constructions, expropriation, travaux publics, énergie, transports, environnement.Transports.Circulation routière.Impôts et taxes de la circulation",1
NE,2015,"Etat.Autorités.Gouvernement et administration.Droit du personnel.Traitements, indemnités",1
NE,2015,"Enseignement, sciences, documentation et culture.Degré secondaire II: Formation professionnelle initiale.Orientation professionnelle",1
NE,2015,"Enseignement, sciences, documentation et culture.Assurance de la qualité, surveillance, direction.Médecine scolaire, services psychologiques scolaires",1
NE,2015,"Enseignement, sciences, documentation et culture.Documentation.Archives",1
NE,2015,"Défense nationale, protection de la population, police.Protection de la population.Protection contre les incendies / éléments naturels.Protection contre le feu, pompiers",2
NE,2015,"Finances, Impôts, monopoles, entreprises d'état.Finances.Budget, comptes",1
NE,2015,"Aménagement du territoire et constructions, expropriation, travaux publics, énergie, transports, environnement.Aménagement du territoire et constructions.Procédure",2
NE,2015,"Santé, travail, droit des assurances sociales, logement, homes",1
NE,2016,"Enseignement, sciences, documentation et culture",2
NE,2016,"Aménagement du territoire et constructions, expropriation, travaux publics, énergie, transports, environnement.Transports.Circulation routière.Impôts et taxes de la circulation",1
NE,2016,Economie.Arts et métiers.Services.Prostitution,1
NE,2017,"Etat.Autorités.Gouvernement et administration.Droit du personnel.Traitements, indemnités",1
NE,2017,"Enseignement, sciences, documentation et culture.Degré prescolaire, école primaire, degré secondaire I.Ecole primaire, degré secondaire I",1
NE,2017,"Enseignement, sciences, documentation et culture.Pédagogie spécialisée.Logopédie",1
NE,2017,"Finances, Impôts, monopoles, entreprises d'état.Finances.Contrôle des finances",1
NE,2017,"Aménagement du territoire et constructions, expropriation, travaux publics, énergie, transports, environnement",1
NE,2018,"Aménagement du territoire et constructions, expropriation, travaux publics, énergie, transports, environnement.Aménagement du territoire et constructions.Plans",2
NE,2018,"Aménagement du territoire et constructions, expropriation, travaux publics, énergie, transports, environnement.Protection de la nature et du paysage.Protection des monuments et des biens culturels",1
NE,2019,Etat.Autorités.Gouvernement et administration.Administration.Commissions,1
NE,2019,"Santé, travail, droit des assurances sociales, logement, homes",1
NE,2019,"Santé, travail, droit des assurances sociales, logement, homes.Assistance.Homes.Etablissements pour personnes âgées",1
NE,2020,"Enseignement, sciences, documentation et culture",1
NE,2020,"Aménagement du territoire et constructions, expropriation, travaux publics, énergie, transports, environnement",1
NE,2021,Etat.Autorités.Gouvernement et administration.Administration.Directions et offices,1
NE,2021,"Enseignement, sciences, documentation et culture",2
NE,2021,"Finances, Impôts, monopoles, entreprises d'état.Monopoles, régales, entreprises d'état.Alcool",1
NE,2022,"Enseignement, sciences, documentation et culture",1
NE,2022,"Aménagement du territoire et constructions, expropriation, travaux publics, énergie, transports, environnement",1
NE,2022,"Santé, travail, droit des assurances sociales, logement, homes.Droit des assurances sociales.Prestations complémentaires",1
NE,2022,Economie.Agriculture.Culture des plantes.Vignoble,1
NE,2023,Etat,1
NE,2023,"Finances, Impôts, monopoles, entreprises d'état.Finances.Contributions étatiques, subventions",1
NE,2023,"Santé, travail, droit des assurances sociales, logement, homes",1
NE,2024,"Enseignement, sciences, documentation et culture.Degré prescolaire, école primaire, degré secondaire I.Ecole primaire, degré secondaire I",1
NE,2024,"Aménagement du territoire et constructions, expropriation, travaux publics, énergie, transports, environnement.Aménagement du territoire et constructions.Procédure",1
NE,2025,"Aménagement du territoire et constructions, expropriation, travaux publics, énergie, transports, environnement.Energie.Electricité",1
NE,2025,Economie.Agriculture.Culture des plantes.Vignoble,1
NW,1901,"Santé, travail, droit des assurances sociales, logement, homes.Santé.Hygiène.Inhumations, cimetières",1
NW,1937,"Economie.Arts et métiers.Services.Institutions de crédit / assurances.Banques, bourses",1
NW,1945,Economie.Agriculture.Production animale.Commerce du bétail,1
NW,1967,"Santé, travail, droit des assurances sociales, logement, homes.Santé.Etablissements hospitaliers, cliniques.Hôpitaux cantonaux",1
NW,1969,Etat.Dispositions générales.Droit de cité,1
NW,1969,"Finances, Impôts, monopoles, entreprises d'état.Monopoles, régales, entreprises d'état.Pêche.Patentes",2
NW,1969,"Finances, Impôts, monopoles, entreprises d'état.Monopoles, régales, entreprises d'état.Pêche.Zones de pêche",1
NW,1969,Economie,1
NW,1972,"Aménagement du territoire et constructions, expropriation, travaux publics, énergie, transports, environnement",1
NW,1973,Droit pénal.Amendes d'ordre,1
NW,1974,"Aménagement du territoire et constructions, expropriation, travaux publics, énergie, transports, environnement.Protection de l'environnement.Protection des eaux",1
NW,1975,"Aménagement du territoire et constructions, expropriation, travaux publics, énergie, transports, environnement.Transports.Funiculaires, téléphériques, téléskis",1
NW,1976,"Défense nationale, protection de la population, police",1
NW,1978,Economie.Commerce.Poids et mesures. moyens de paiement,1
NW,1981,Etat,2
NW,1982,"Santé, travail, droit des assurances sociales, logement, homes",1
NW,1987,"Enseignement, sciences, documentation et culture.Degré secondaire II.Ecole moyenne",1
NW,1987,"Défense nationale, protection de la population, police",1
NW,1988,"Aménagement du territoire et constructions, expropriation, travaux publics, énergie, transports, environnement.Protection de la nature et du paysage.Protection de la nature",1
NW,1990,Etat.Dispositions générales.Publications officielles.Recueils de législation,1
NW,1992,"Aménagement du territoire et constructions, expropriation, travaux publics, énergie, transports, environnement.Protection de la nature et du paysage.Protection des animaux",1
NW,1995,"Santé, travail, droit des assurances sociales, logement, homes.Droit des assurances sociales.LAMAL.Listes des hôpitaux",1
NW,1996,"Aménagement du territoire et constructions, expropriation, travaux publics, énergie, transports, environnement",3
NW,1997,Droit civil.Dispositions générales d'introduction du code des obligations.Des divers contrats.Contrat de travail.Contrats-type.Agriculture,1
NW,1997,"Santé, travail, droit des assurances sociales, logement, homes.Droit des assurances sociales.LAMAL.Listes des hôpitaux",1
NW,1997,"Santé, travail, droit des assurances sociales, logement, homes.Assistance.Aide sociale",1
NW,1998,Etat,5
NW,1998,Etat.Dispositions générales.Etablissement et séjour.Etablissement et séjour des étrangers.asile,1
NW,1998,"Etat.Autorités.Gouvernement et administration.Droit du personnel.Durée du travail, vacances, congés",1
NW,1998,"Etat.Autorités.Gouvernement et administration.Droit du personnel.Traitements, indemnités",6
NW,1998,"Etat.Autorités.Gouvernement et administration.Droit du personnel.Formation, formation continue, perfectionnement",1
NW,1998,Etat.Autorités.Gouvernement et administration.Droit du personnel.Places de stationnement,1
NW,1998,"Aménagement du territoire et constructions, expropriation, travaux publics, énergie, transports, environnement.Protection de la nature et du paysage.Protection du paysage",1
NW,1998,"Santé, travail, droit des assurances sociales, logement, homes",1
NW,1999,Droit civil.Dispositions d'introduction du code civil.Droits réels.Acquisitions des terrains par des personnes domiciliées à l'étranger,1
NW,1999,Droit pénal.Droit pénal militaire,1
NW,1999,"Défense nationale, protection de la population, police.Sécurité intérieure.Armes et munitions",1
NW,1999,"Aménagement du territoire et constructions, expropriation, travaux publics, énergie, transports, environnement.Protection de la nature et du paysage.Protection du paysage",1
NW,1999,Economie,1
NW,2000,Etat,2
NW,2000,Droit civil.Dispositions générales d'introduction du code des obligations.Des divers contrats.Courtage matrimonial ou en partenariat,1
NW,2000,"Enseignement, sciences, documentation et culture.Corps enseignant.Engagement",1
NW,2000,"Enseignement, sciences, documentation et culture.Corps enseignant.Traitement, indemnités",2
NW,2000,"Finances, Impôts, monopoles, entreprises d'état.Impôts.Impôts sur le revenu et la fortune / impôts sur les bénéfices et les capitaux.Impôt cantonal",4
NW,2000,"Finances, Impôts, monopoles, entreprises d'état.Impôts.Impôts sur le revenu et la fortune / impôts sur les bénéfices et les capitaux.Impôt à la source",2
NW,2000,"Aménagement du territoire et constructions, expropriation, travaux publics, énergie, transports, environnement",1
NW,2000,"Aménagement du territoire et constructions, expropriation, travaux publics, énergie, transports, environnement.Transports.Navigation.Impôts et taxes sur les bateaux",1
NW,2000,"Santé, travail, droit des assurances sociales, logement, homes",1
NW,2000,"Santé, travail, droit des assurances sociales, logement, homes.Santé.Substances thérapeutiques, stupéfiants",1
NW,2001,"Etat.Autorités.Gouvernement et administration.Droit du personnel.Traitements, indemnités",1
NW,2001,Etat.Autorités.Gouvernement et administration.Emoluments administratifs,3
NW,2001,"Droit civil.Dispositions d'introduction du code civil.Droits réels.Registre foncier, mensurations cadastrales",2
NW,2001,"Enseignement, sciences, documentation et culture.Pédagogie spécialisée.Ecoles spécialisées",1
NW,2001,"Enseignement, sciences, documentation et culture.Reconnaissance des diplômes",1
NW,2001,"Défense nationale, protection de la population, police",1
NW,2001,"Finances, Impôts, monopoles, entreprises d'état.Impôts.Impôts sur le revenu et la fortune / impôts sur les bénéfices et les capitaux.Impôt fédéral",1
NW,2001,"Finances, Impôts, monopoles, entreprises d'état.Impôts.Impôt anticipé",1
NW,2002,Etat.Dispositions générales.Documents d'identité,1
NW,2002,"Santé, travail, droit des assurances sociales, logement, homes",1
NW,2002,"Santé, travail, droit des assurances sociales, logement, homes.Droit des assurances sociales.LAA",1
NW,2002,"Santé, travail, droit des assurances sociales, logement, homes.Droit des assurances sociales.Allocations familiales.Salariés et indépendants",1
NW,2002,Economie,1
NW,2002,Economie.Agriculture.Droit foncier rural,1
NW,2002,Economie.Agriculture.Culture des plantes.Lutte contre les parasites,1
NW,2003,"Enseignement, sciences, documentation et culture.Degré prescolaire, école primaire, degré secondaire I.Ecole primaire, degré secondaire I",1
NW,2003,"Enseignement, sciences, documentation et culture.Degré secondaire II: Formation professionnelle initiale.Solutions transitoires",1
NW,2003,"Enseignement, sciences, documentation et culture.Assurance de la qualité, surveillance, direction.Bâtiments scolaires",1
NW,2003,"Défense nationale, protection de la population, police.Défense.Taxe d'exemption",1
NW,2003,Economie.Arts et métiers.Services.Crédit à la consommation,1
NW,2004,"Enseignement, sciences, documentation et culture.Art, culture, sport.Encouragement à la culture",1
NW,2004,"Défense nationale, protection de la population, police.Protection de la population.Approvisionnement du pays",1
NW,2004,"Défense nationale, protection de la population, police.Sécurité intérieure.Maintien de la tranquillité et de l'ordre public.Chiens, animaux dangereux",1
NW,2004,"Aménagement du territoire et constructions, expropriation, travaux publics, énergie, transports, environnement.Travaux publics.Marchés publics",1
NW,2004,"Aménagement du territoire et constructions, expropriation, travaux publics, énergie, transports, environnement.Protection de la nature et du paysage.Protection des monuments et des biens culturels",1
NW,2004,"Santé, travail, droit des assurances sociales, logement, homes",1
NW,2004,"Santé, travail, droit des assurances sociales, logement, homes.Droit des assurances sociales.LPP",1
NW,2005,Etat.Autorités.Parlement.Election du parlement,1
NW,2005,Droit pénal.Procédure pénale.Profils d'ADN,1
NW,2005,"Enseignement, sciences, documentation et culture.Art, culture, sport.Sport",1
NW,2005,"Finances, Impôts, monopoles, entreprises d'état.Finances.Contributions étatiques, subventions",1
NW,2005,"Aménagement du territoire et constructions, expropriation, travaux publics, énergie, transports, environnement.Protection de la nature et du paysage.Protection du paysage",1
NW,2005,"Aménagement du territoire et constructions, expropriation, travaux publics, énergie, transports, environnement.Protection de la nature et du paysage.Protection des animaux",1
NW,2005,"Santé, travail, droit des assurances sociales, logement, homes",3
NW,2006,Etat.Dispositions générales.Droit de cité,1
NW,2006,"Etat.Dispositions générales.Droits fondamentaux, droits politiques.droits politiques.Elections et votations",1
NW,2006,"Défense nationale, protection de la population, police",3
NW,2006,"Santé, travail, droit des assurances sociales, logement, homes.Droit des assurances sociales.LAMAL.Réduction des primes",1
NW,2006,"Santé, travail, droit des assurances sociales, logement, homes.Assistance.Aide sociale",1
NW,2006,Economie.Agriculture.Culture des plantes.Lutte contre les parasites,1
NW,2007,"Enseignement, sciences, documentation et culture.Degré secondaire II.Ecole moyenne",1
NW,2008,"Etat.Autorités.Gouvernement et administration.Droit du personnel.Traitements, indemnités",1
NW,2008,"Enseignement, sciences, documentation et culture.Corps enseignant.Engagement",1
NW,2008,"Défense nationale, protection de la population, police.Sécurité intérieure.Police.Police cantonale",1
NW,2008,"Finances, Impôts, monopoles, entreprises d'état.Monopoles, régales, entreprises d'état.Chasse.Chasseurs",1
NW,2008,"Aménagement du territoire et constructions, expropriation, travaux publics, énergie, transports, environnement.Energie.Approvisionnement en énergie",1
NW,2008,"Aménagement du territoire et constructions, expropriation, travaux publics, énergie, transports, environnement.Protection de l'environnement.Produits toxiques et chimiques",1
NW,2008,"Aménagement du territoire et constructions, expropriation, travaux publics, énergie, transports, environnement.Protection de la nature et du paysage.Protection des animaux",1
NW,2008,Economie,3
NW,2009,"Etat.Dispositions générales.Droits fondamentaux, droits politiques.droits politiques.Elections et votations",1
NW,2009,"Enseignement, sciences, documentation et culture.Documentation.Archives",3
NW,2009,"Enseignement, sciences, documentation et culture.Art, culture, sport.Sport",1
NW,2009,"Aménagement du territoire et constructions, expropriation, travaux publics, énergie, transports, environnement.Protection de l'environnement.Hygiène de l'air.Poussières fines/smog",1
NW,2009,"Aménagement du territoire et constructions, expropriation, travaux publics, énergie, transports, environnement.Protection de la nature et du paysage.Protection des animaux",2
NW,2009,"Santé, travail, droit des assurances sociales, logement, homes.Santé.Professions médicales.Médecins",1
NW,2009,Economie.Agriculture.Culture des plantes.Vignoble,1
NW,2009,Economie.Agriculture.Culture des plantes.Lutte contre les parasites,1
NW,2010,Etat.Communes.Finances communales,1
NW,2010,"Finances, Impôts, monopoles, entreprises d'état.Finances.Budget, comptes",1
NW,2010,"Aménagement du territoire et constructions, expropriation, travaux publics, énergie, transports, environnement",7
NW,2010,"Santé, travail, droit des assurances sociales, logement, homes",1
NW,2010,"Santé, travail, droit des assurances sociales, logement, homes.Santé.Prévention des dépendances.Interdictions de fumer",1
NW,2010,"Santé, travail, droit des assurances sociales, logement, homes.Droit des assurances sociales.Prestations complémentaires",3
NW,2011,"Santé, travail, droit des assurances sociales, logement, homes.Santé.Substances thérapeutiques, stupéfiants",1
NW,2011,Economie.Agriculture.Epizooties,1
NW,2012,Etat.Dispositions générales.Etablissement et séjour.Etablissement et séjour Suisses.contrôle des habitants,1
NW,2012,Droit civil.Dispositions d'introduction du code civil.Droit de la famille.Tutelle,1
NW,2012,"Droit civil.Dispositions d'introduction du code civil.Droits réels.Registre foncier, mensurations cadastrales",3
NW,2012,"Enseignement, sciences, documentation et culture.Structures d'accueil complémentaires",1
NW,2012,"Santé, travail, droit des assurances sociales, logement, homes",2
NW,2012,Economie.Agriculture.Culture des plantes.Lutte contre les parasites,1
NW,2013,Etat.Autorités.Protection des données,1
NW,2013,"Aménagement du territoire et constructions, expropriation, travaux publics, énergie, transports, environnement.Aménagement du territoire et constructions.Remembrements",1
NW,2013,"Santé, travail, droit des assurances sociales, logement, homes.Droit des assurances sociales.LAMAL.Limitation de l'admission des fournisseurs de prestations",1
NW,2013,Economie,2
NW,2013,Economie.Arts et métiers.Services.Professions soumises à autorisation,1
NW,2014,"Aménagement du territoire et constructions, expropriation, travaux publics, énergie, transports, environnement",1
NW,2014,"Santé, travail, droit des assurances sociales, logement, homes.Santé.Etablissements hospitaliers, cliniques.Hôpitaux cantonaux",1
NW,2014,"Santé, travail, droit des assurances sociales, logement, homes.Assistance.Aide sociale",1
NW,2014,"Santé, travail, droit des assurances sociales, logement, homes.Assistance.Homes.Etablissements pour personnes âgées",4
NW,2015,Etat.Autorités.Protection des données,1
NW,2015,"Aménagement du territoire et constructions, expropriation, travaux publics, énergie, transports, environnement",1
NW,2015,"Santé, travail, droit des assurances sociales, logement, homes.Assistance.Homes.Etablissements pour personnes âgées",1
NW,2016,Droit pénal.Amendes d'ordre,1
NW,2016,"Aménagement du territoire et constructions, expropriation, travaux publics, énergie, transports, environnement.Aménagement du territoire et constructions.Equipement",1
NW,2017,"Aménagement du territoire et constructions, expropriation, travaux publics, énergie, transports, environnement.Protection de la nature et du paysage.Protection du paysage",5
NW,2018,"Défense nationale, protection de la population, police.Protection de la population.Protection contre les incendies / éléments naturels.Protection contre le feu, pompiers",1
NW,2018,"Santé, travail, droit des assurances sociales, logement, homes",2
NW,2019,"Aménagement du territoire et constructions, expropriation, travaux publics, énergie, transports, environnement",1
NW,2020,Etat.Autorités.Gouvernement et administration.Procédure administrative,1
NW,2020,"Enseignement, sciences, documentation et culture.Art, culture, sport.Encouragement à la culture",2
NW,2020,"Défense nationale, protection de la population, police",1
NW,2020,"Finances, Impôts, monopoles, entreprises d'état.Finances.Contrôle des finances",1
NW,2020,"Aménagement du territoire et constructions, expropriation, travaux publics, énergie, transports, environnement.Aménagement du territoire et constructions.Procédure",1
NW,2020,"Aménagement du territoire et constructions, expropriation, travaux publics, énergie, transports, environnement.Protection de la nature et du paysage.Protection des monuments et des biens culturels",1
NW,2020,"Santé, travail, droit des assurances sociales, logement, homes.Santé.Lutte contre les maladies.Epidémies, pandémies",8
NW,2021,"Aménagement du territoire et constructions, expropriation, travaux publics, énergie, transports, environnement.Travaux publics.Routes.Routes nationales",1
NW,2021,"Santé, travail, droit des assurances sociales, logement, homes",1
NW,2021,"Santé, travail, droit des assurances sociales, logement, homes.Santé.Lutte contre les maladies.Epidémies, pandémies",3
NW,2022,"Enseignement, sciences, documentation et culture.Art, culture, sport.Encouragement à la culture",2
NW,2024,"Aménagement du territoire et constructions, expropriation, travaux publics, énergie, transports, environnement",1
NW,2024,"Aménagement du territoire et constructions, expropriation, travaux publics, énergie, transports, environnement.Aménagement du territoire et constructions.Plans",1
NW,2024,"Santé, travail, droit des assurances sociales, logement, homes.Santé.Professions médicales.Personnel soignant",2
NW,2025,Droit pénal.Amendes d'ordre,1
NW,2025,"Aménagement du territoire et constructions, expropriation, travaux publics, énergie, transports, environnement.Protection de l'environnement.Protection des eaux",1
NW,2026,"Défense nationale, protection de la population, police.Sécurité intérieure.Explosifs",1
OW,1878,Economie.Forêt.Personnel forestier,1
OW,1880,Economie,1
OW,1935,Droit pénal,1
OW,1943,Economie.Agriculture.Production animale.Commerce du bétail,1
OW,1948,Economie.Agriculture.Culture des plantes.Lutte contre les parasites,1
OW,1951,"Enseignement, sciences, documentation et culture.Art, culture, sport.Encouragement à la culture",1
OW,1951,"Aménagement du territoire et constructions, expropriation, travaux publics, énergie, transports, environnement.Transports.Navigation aérienne.Aéronefs",1
OW,1952,Etat,1
OW,1960,"Santé, travail, droit des assurances sociales, logement, homes.Droit des assurances sociales.Allocations familiales.Travailleurs agricoles",1
OW,1965,Etat.Autorités.Gouvernement et administration.Droit du personnel.Serment,1
OW,1972,Droit civil,1
OW,1972,"Aménagement du territoire et constructions, expropriation, travaux publics, énergie, transports, environnement.Transports.Circulation routière.Impôts et taxes de la circulation",1
OW,1973,"Aménagement du territoire et constructions, expropriation, travaux publics, énergie, transports, environnement",1
OW,1973,"Aménagement du territoire et constructions, expropriation, travaux publics, énergie, transports, environnement.Protection de l'environnement.Produits toxiques et chimiques",1
OW,1973,"Santé, travail, droit des assurances sociales, logement, homes.Droit des assurances sociales.LAA",1
OW,1975,"Défense nationale, protection de la population, police.Protection de la population.Protection contre les incendies / éléments naturels.Ramoneurs",1
OW,1975,"Aménagement du territoire et constructions, expropriation, travaux publics, énergie, transports, environnement",1
OW,1976,"Aménagement du territoire et constructions, expropriation, travaux publics, énergie, transports, environnement",1
OW,1976,Economie,1
OW,1977,"Droit civil.Dispositions d'introduction du code civil.Droit de la famille.Accueil familial, adoption",1
OW,1978,"Santé, travail, droit des assurances sociales, logement, homes.Santé.Professions médicales.Dentistes",1
OW,1980,Droit civil.Dispositions d'introduction du code civil.Droit de la famille.Privation de liberté à des fins d'assistance,1
OW,1980,"Droit civil.Dispositions d'introduction du code civil.Droits réels.Registre foncier, mensurations cadastrales",1
OW,1980,Economie,1
OW,1981,Etat.Dispositions générales.Documents d'identité,1
OW,1981,"Droit civil.Dispositions d'introduction du code civil.Droits réels.Registre foncier, mensurations cadastrales",1
OW,1981,"Défense nationale, protection de la population, police.Sécurité intérieure.Armes et munitions",1
OW,1981,"Défense nationale, protection de la population, police.Sécurité intérieure.Explosifs",1
OW,1982,"Aménagement du territoire et constructions, expropriation, travaux publics, énergie, transports, environnement.Protection de l'environnement.Protection des eaux",1
OW,1982,"Santé, travail, droit des assurances sociales, logement, homes",1
OW,1983,Etat,1
OW,1983,"Défense nationale, protection de la population, police.Protection de la population.Protection contre les incendies / éléments naturels.Protection contre le feu, pompiers",1
OW,1983,"Défense nationale, protection de la population, police.Sécurité intérieure.Police.Personnel",1
OW,1983,"Aménagement du territoire et constructions, expropriation, travaux publics, énergie, transports, environnement",1
OW,1983,"Santé, travail, droit des assurances sociales, logement, homes.Droit du travail.Travail à domicile",1
OW,1983,"Santé, travail, droit des assurances sociales, logement, homes.Droit des assurances sociales.LAA",1
OW,1984,"Aménagement du territoire et constructions, expropriation, travaux publics, énergie, transports, environnement",1
OW,1984,Economie.Agriculture.Epizooties,1
OW,1985,Droit civil,1
OW,1985,"Enseignement, sciences, documentation et culture",1
OW,1986,Etat,1
OW,1986,"Finances, Impôts, monopoles, entreprises d'état.Monopoles, régales, entreprises d'état.Chasse.Chasseurs",1
OW,1987,Etat,1
OW,1987,Etat.Autorités.Gouvernement et administration.Droit du personnel.Engagement,1
OW,1987,Droit civil,1
OW,1987,"Aménagement du territoire et constructions, expropriation, travaux publics, énergie, transports, environnement",1
OW,1987,"Aménagement du territoire et constructions, expropriation, travaux publics, énergie, transports, environnement.Protection de l'environnement.Protection des eaux",1
OW,1987,"Santé, travail, droit des assurances sociales, logement, homes.Santé.Professions médicales.Chiropraticiens, physiothérapeutes",1
OW,1988,Droit civil.Dispositions d'introduction du code civil.Droits réels.Estimation officielle des immeubles,1
OW,1988,"Santé, travail, droit des assurances sociales, logement, homes.Assistance.Consultation familiale et matrimoniale",1
OW,1989,"Droit civil.Dispositions d'introduction du code civil.Droit de la famille.Accueil familial, adoption",1
OW,1989,"Enseignement, sciences, documentation et culture",1
OW,1990,Droit civil,1
OW,1990,"Aménagement du territoire et constructions, expropriation, travaux publics, énergie, transports, environnement.Protection de la nature et du paysage.Protection des animaux",1
OW,1990,"Santé, travail, droit des assurances sociales, logement, homes",1
OW,1991,Etat,1
OW,1991,Droit civil.Procédure civile.Exécution,1
OW,1991,Droit pénal,1
OW,1991,"Aménagement du territoire et constructions, expropriation, travaux publics, énergie, transports, environnement",1
OW,1991,"Aménagement du territoire et constructions, expropriation, travaux publics, énergie, transports, environnement.Protection de la nature et du paysage.Protection des animaux",1
OW,1992,Etat,1
OW,1992,Etat.Dispositions générales.Information du public,2
OW,1992,"Enseignement, sciences, documentation et culture",2
OW,1992,"Aménagement du territoire et constructions, expropriation, travaux publics, énergie, transports, environnement.Protection de l'environnement.Protection des eaux",1
OW,1992,"Aménagement du territoire et constructions, expropriation, travaux publics, énergie, transports, environnement.Protection de la nature et du paysage.Protection des monuments et des biens culturels",1
OW,1992,"Santé, travail, droit des assurances sociales, logement, homes.Santé.Professions médicales.Sages-femmes",1
OW,1993,Etat.Dispositions générales.Collaboration intercantonale,1
OW,1993,"Défense nationale, protection de la population, police.Protection de la population.Approvisionnement du pays",1
OW,1993,"Aménagement du territoire et constructions, expropriation, travaux publics, énergie, transports, environnement.Protection de la nature et du paysage.Protection des monuments et des biens culturels",1
OW,1994,Etat,1
OW,1994,Etat.Dispositions générales.Etablissement et séjour.Etablissement et séjour Suisses.contrôle des habitants,1
OW,1994,"Enseignement, sciences, documentation et culture",1
OW,1994,"Enseignement, sciences, documentation et culture.Contributions à la formation.Ecolages",1
OW,1994,"Aménagement du territoire et constructions, expropriation, travaux publics, énergie, transports, environnement.Aménagement du territoire et constructions.Zones",1
OW,1994,"Aménagement du territoire et constructions, expropriation, travaux publics, énergie, transports, environnement.Protection de la nature et du paysage.Protection des monuments et des biens culturels",1
OW,1995,Etat,5
OW,1995,"Enseignement, sciences, documentation et culture.Formation continue (Degré quaternaire).Formation continue des enseignants",1
OW,1995,"Finances, Impôts, monopoles, entreprises d'état.Impôts.Impôts sur le revenu et la fortune / impôts sur les bénéfices et les capitaux.Impôt à la source",1
OW,1995,"Aménagement du territoire et constructions, expropriation, travaux publics, énergie, transports, environnement.Aménagement du territoire et constructions.Zones",1
OW,1995,"Aménagement du territoire et constructions, expropriation, travaux publics, énergie, transports, environnement.Aménagement du territoire et constructions.Procédure",1
OW,1995,"Aménagement du territoire et constructions, expropriation, travaux publics, énergie, transports, environnement.Travaux publics.Routes.Chemins pédestres et de randonnée",1
OW,1995,"Aménagement du territoire et constructions, expropriation, travaux publics, énergie, transports, environnement.Protection de la nature et du paysage.Protection du paysage",1
OW,1995,"Aménagement du territoire et constructions, expropriation, travaux publics, énergie, transports, environnement.Protection de la nature et du paysage.Protection de la nature",1
OW,1995,"Santé, travail, droit des assurances sociales, logement, homes",1
OW,1995,"Santé, travail, droit des assurances sociales, logement, homes.Santé.Pharmacies et drogueries",1
OW,1996,"Santé, travail, droit des assurances sociales, logement, homes",1
OW,1996,Economie,1
OW,1997,Etat,1
OW,1997,"Enseignement, sciences, documentation et culture.Degré secondaire II.Ecole moyenne",1
OW,1997,"Santé, travail, droit des assurances sociales, logement, homes.Droit des assurances sociales.LAMAL.Listes des hôpitaux",1
OW,1998,Etat,1
OW,1998,"Etat.Autorités.Gouvernement et administration.Droit du personnel.Traitements, indemnités",1
OW,1998,"Enseignement, sciences, documentation et culture.Pédagogie spécialisée.Logopédie",1
OW,1998,"Enseignement, sciences, documentation et culture.Contributions à la formation.Ecolages",1
OW,1998,"Aménagement du territoire et constructions, expropriation, travaux publics, énergie, transports, environnement.Aménagement du territoire et constructions.Zones",1
OW,1998,"Aménagement du territoire et constructions, expropriation, travaux publics, énergie, transports, environnement.Protection de l'environnement.Déchets",1
OW,1998,"Santé, travail, droit des assurances sociales, logement, homes.Santé.Professions médicales.Chiropraticiens, physiothérapeutes",1
OW,1998,"Santé, travail, droit des assurances sociales, logement, homes.Santé.Soins à domicile",1
OW,1998,Economie.Arts et métiers.Services.Tourisme,1
OW,1999,Etat.Autorités.Gouvernement et administration.Droit du personnel.Engagement,1
OW,1999,Droit civil.Dispositions générales d'introduction du code des obligations.Des divers contrats.Courtage matrimonial ou en partenariat,1
OW,1999,"Enseignement, sciences, documentation et culture.Documentation.Statistique",1
OW,1999,"Défense nationale, protection de la population, police.Sécurité intérieure.Armes et munitions",1
OW,1999,"Finances, Impôts, monopoles, entreprises d'état.Monopoles, régales, entreprises d'état.Pêche.Zones de pêche",1
OW,1999,"Aménagement du territoire et constructions, expropriation, travaux publics, énergie, transports, environnement.Protection de la nature et du paysage.Protection de la nature",1
OW,1999,"Aménagement du territoire et constructions, expropriation, travaux publics, énergie, transports, environnement.Protection de la nature et du paysage.Protection des monuments et des biens culturels",1
OW,2000,Etat,1
OW,2000,"Etat.Autorités.Gouvernement et administration.Droit du personnel.Traitements, indemnités",1
OW,2000,"Enseignement, sciences, documentation et culture.Degré tertiaire: Ecoles supérieures",1
OW,2000,"Aménagement du territoire et constructions, expropriation, travaux publics, énergie, transports, environnement.Aménagement du territoire et constructions.Plans",1
OW,2000,"Aménagement du territoire et constructions, expropriation, travaux publics, énergie, transports, environnement.Transports.Funiculaires, téléphériques, téléskis",1
OW,2000,"Santé, travail, droit des assurances sociales, logement, homes.Santé.Professions médicales.Sages-femmes",1
OW,2000,"Economie.Arts et métiers.Services.Institutions de crédit / assurances.Banques, bourses",1
OW,2001,Etat,2
OW,2001,"Enseignement, sciences, documentation et culture.Assurance de la qualité, surveillance, direction.Médecine scolaire, services psychologiques scolaires",1
OW,2001,"Finances, Impôts, monopoles, entreprises d'état.Impôts.Impôts sur le revenu et la fortune / impôts sur les bénéfices et les capitaux.Impôt fédéral",1
OW,2001,"Finances, Impôts, monopoles, entreprises d'état.Impôts.Impôts sur le revenu et la fortune / impôts sur les bénéfices et les capitaux.Imputation forfaitaire d'impôt",1
OW,2001,"Finances, Impôts, monopoles, entreprises d'état.Impôts.Impôt anticipé",1
OW,2001,"Aménagement du territoire et constructions, expropriation, travaux publics, énergie, transports, environnement.Protection de l'environnement.Protection des eaux",1
OW,2001,"Aménagement du territoire et constructions, expropriation, travaux publics, énergie, transports, environnement.Protection de la nature et du paysage.Protection du paysage",1
OW,2001,"Aménagement du territoire et constructions, expropriation, travaux publics, énergie, transports, environnement.Protection de la nature et du paysage.Protection des monuments et des biens culturels",2
OW,2001,"Santé, travail, droit des assurances sociales, logement, homes",1
OW,2001,Economie.Agriculture.Mesures d'encouragement,2
OW,2002,Etat,1
OW,2002,Etat.Dispositions générales.Documents d'identité,1
OW,2002,Etat.Autorités.Gouvernement et administration.Administration.Départements,1
OW,2002,Etat.Autorités.Gouvernement et administration.Emoluments administratifs,1
OW,2002,Droit pénal.Dispositions générales d'introduction du code pénal.Interruption de grossesse,2
OW,2002,"Enseignement, sciences, documentation et culture.Degré tertiaire: Hautes écoles.Pédagogie",1
OW,2002,"Aménagement du territoire et constructions, expropriation, travaux publics, énergie, transports, environnement.Aménagement du territoire et constructions.Plans",1
OW,2002,"Aménagement du territoire et constructions, expropriation, travaux publics, énergie, transports, environnement.Aménagement du territoire et constructions.Zones",1
OW,2002,"Aménagement du territoire et constructions, expropriation, travaux publics, énergie, transports, environnement.Protection de l'environnement.Protection des eaux",1
OW,2002,"Santé, travail, droit des assurances sociales, logement, homes.Droit des assurances sociales.LAMAL.Limitation de l'admission des fournisseurs de prestations",1
OW,2002,Economie.Agriculture.Agriculture biologique,1
OW,2003,Etat,1
OW,2003,"Droit civil.Dispositions d'introduction du code civil.Droits réels.Registre foncier, mensurations cadastrales",1
OW,2003,"Aménagement du territoire et constructions, expropriation, travaux publics, énergie, transports, environnement.Transports.Circulation routière.Transport des personnes",1
OW,2003,"Santé, travail, droit des assurances sociales, logement, homes.Santé.Etablissements hospitaliers, cliniques.Hôpitaux cantonaux",1
OW,2003,"Santé, travail, droit des assurances sociales, logement, homes.Droit des assurances sociales.LAMAL.Tarifs.Conventions",1
OW,2003,Economie.Arts et métiers.Services.Jeux de hasard et loteries.Fonds de loterie,1
OW,2004,Etat,1
OW,2004,Etat.Dispositions générales.Publications officielles.feuilles officielles,1
OW,2004,Etat.Autorités.Gouvernement et administration.New Public Management,1
OW,2004,Etat.Communes.Finances communales,1
OW,2004,Droit civil.Dispositions d'introduction du code civil.Droits réels.Acquisitions des terrains par des personnes domiciliées à l'étranger,1
OW,2004,Droit civil.Dispositions générales d'introduction du code des obligations.Des divers contrats.Bail à loyer et à ferme.Bail à ferme agricole,1
OW,2004,"Enseignement, sciences, documentation et culture",1
OW,2004,"Défense nationale, protection de la population, police",3
OW,2004,"Défense nationale, protection de la population, police.Défense.Administration militaire",1
OW,2004,"Défense nationale, protection de la population, police.Protection de la population.Protection contre les incendies / éléments naturels.Protection contre le feu, pompiers",2
OW,2004,"Finances, Impôts, monopoles, entreprises d'état.Finances.Contributions étatiques, subventions",1
OW,2004,"Aménagement du territoire et constructions, expropriation, travaux publics, énergie, transports, environnement.Travaux publics.Marchés publics",1
OW,2004,"Santé, travail, droit des assurances sociales, logement, homes",2
OW,2004,Economie.Agriculture.Mesures d'encouragement,1
OW,2004,Economie.Agriculture.Droit foncier rural,1
OW,2004,Economie.Commerce.Poids et mesures. moyens de paiement,1
OW,2005,Etat,1
OW,2005,Etat.Autorités.Gouvernement et administration.Emoluments administratifs,1
OW,2005,Droit civil.Dispositions d'introduction du code civil.Droits réels.Acquisitions des terrains par des personnes domiciliées à l'étranger,1
OW,2005,"Enseignement, sciences, documentation et culture.Degré prescolaire, école primaire, degré secondaire I.Ecole primaire, degré secondaire I",1
OW,2005,"Enseignement, sciences, documentation et culture.Pédagogie spécialisée.Enfants surdoués",1
OW,2005,"Défense nationale, protection de la population, police",1
OW,2005,"Défense nationale, protection de la population, police.Sécurité intérieure.Police.Taxes",1
OW,2005,"Défense nationale, protection de la population, police.Sécurité intérieure.Maintien de la tranquillité et de l'ordre public.Chiens, animaux dangereux",1
OW,2005,"Finances, Impôts, monopoles, entreprises d'état.Impôts.Impôts sur le revenu et la fortune / impôts sur les bénéfices et les capitaux.Impôt à la source",1
OW,2005,"Aménagement du territoire et constructions, expropriation, travaux publics, énergie, transports, environnement",1
OW,2005,"Aménagement du territoire et constructions, expropriation, travaux publics, énergie, transports, environnement.Aménagement du territoire et constructions.Plans",1
OW,2005,"Aménagement du territoire et constructions, expropriation, travaux publics, énergie, transports, environnement.Aménagement du territoire et constructions.Zones",3
OW,2005,"Aménagement du territoire et constructions, expropriation, travaux publics, énergie, transports, environnement.Expropriation",1
OW,2005,"Aménagement du territoire et constructions, expropriation, travaux publics, énergie, transports, environnement.Protection de la nature et du paysage.Protection des monuments et des biens culturels",4
OW,2005,"Santé, travail, droit des assurances sociales, logement, homes",1
OW,2005,"Santé, travail, droit des assurances sociales, logement, homes.Droit du travail.Marché du travail.Envoi de travailleurs à l'étranger",1
OW,2005,"Santé, travail, droit des assurances sociales, logement, homes.Droit des assurances sociales.Prestations complémentaires",1
OW,2005,"Santé, travail, droit des assurances sociales, logement, homes.Assistance.Homes.Etablissements pour personnes âgées",1
OW,2005,Economie,2
OW,2006,Droit pénal,3
OW,2006,"Enseignement, sciences, documentation et culture.Degré secondaire II: Formation professionnelle initiale.Solutions transitoires",1
OW,2006,"Enseignement, sciences, documentation et culture.Assurance de la qualité, surveillance, direction.Autorités scolaires",1
OW,2006,"Défense nationale, protection de la population, police.Sécurité intérieure.Maintien de la tranquillité et de l'ordre public.Chiens, animaux dangereux",1
OW,2006,"Aménagement du territoire et constructions, expropriation, travaux publics, énergie, transports, environnement.Protection de la nature et du paysage.Protection des animaux",1
OW,2006,"Santé, travail, droit des assurances sociales, logement, homes",1
OW,2006,"Santé, travail, droit des assurances sociales, logement, homes.Santé.Etablissements hospitaliers, cliniques.Hôpitaux cantonaux",1
OW,2006,"Santé, travail, droit des assurances sociales, logement, homes.Droit des assurances sociales.LAMAL.Tarifs.TARMED",1
OW,2007,Droit civil,1
OW,2007,"Enseignement, sciences, documentation et culture",1
OW,2007,"Enseignement, sciences, documentation et culture.Degré prescolaire, école primaire, degré secondaire I.Ecole primaire, degré secondaire I",1
OW,2007,"Enseignement, sciences, documentation et culture.Degré secondaire II.Ecoles moyennes supérieures, écoles des culture générale, écoles de degré diplôme",1
OW,2007,"Finances, Impôts, monopoles, entreprises d'état.Entreprises d'Etat.Banques cantonales",1
OW,2007,"Aménagement du territoire et constructions, expropriation, travaux publics, énergie, transports, environnement",1
OW,2007,"Aménagement du territoire et constructions, expropriation, travaux publics, énergie, transports, environnement.Protection de la nature et du paysage.Protection de la nature",1
OW,2007,Economie.Agriculture.Culture des plantes.Lutte contre les parasites,1
OW,2007,Economie.Arts et métiers.Services.Jeux de hasard et loteries.Fonds de loterie,1
OW,2008,Etat.Dispositions générales.Etablissement et séjour.Etablissement et séjour des étrangers.asile,1
OW,2008,"Enseignement, sciences, documentation et culture.Degré prescolaire, école primaire, degré secondaire I.Crèches",1
OW,2008,"Enseignement, sciences, documentation et culture.Art, culture, sport.Sport",1
OW,2008,"Aménagement du territoire et constructions, expropriation, travaux publics, énergie, transports, environnement.Transports.Poste, télécommunications",1
OW,2008,"Aménagement du territoire et constructions, expropriation, travaux publics, énergie, transports, environnement.Protection de l'environnement.Déchets",2
OW,2008,"Aménagement du territoire et constructions, expropriation, travaux publics, énergie, transports, environnement.Protection de la nature et du paysage.Protection de la nature",1
OW,2008,"Santé, travail, droit des assurances sociales, logement, homes",2
OW,2008,"Santé, travail, droit des assurances sociales, logement, homes.Santé.Etablissements hospitaliers, cliniques.Hôpitaux cantonaux",1
OW,2008,"Santé, travail, droit des assurances sociales, logement, homes.Santé.Etablissements hospitaliers, cliniques.Cliniques psychiatriques",1
OW,2008,"Santé, travail, droit des assurances sociales, logement, homes.Santé.Soins à domicile",1
OW,2008,"Santé, travail, droit des assurances sociales, logement, homes.Assistance.Homes.Foyers pour enfants et adolescents",1
OW,2008,Economie.Agriculture.Culture des plantes.Vignoble,1
OW,2009,Etat.Dispositions générales.Etablissement et séjour.Etablissement et séjour Suisses.contrôle des habitants,1
OW,2009,"Etat.Autorités.Gouvernement et administration.Droit du personnel.Formation, formation continue, perfectionnement",1
OW,2009,Droit civil.Dispositions générales d'introduction du code des obligations.Droit commercial.Registre du commerce,1
OW,2009,"Enseignement, sciences, documentation et culture.Assurance de la qualité, surveillance, direction.Autorités scolaires",1
OW,2009,"Enseignement, sciences, documentation et culture.Art, culture, sport.Sport",1
OW,2009,"Santé, travail, droit des assurances sociales, logement, homes.Assistance.Protection de la jeunesse, aide à la jeunesse",1
OW,2009,Economie,1
OW,2010,Etat,1
OW,2010,Etat.Dispositions générales.Etablissement et séjour.Etablissement et séjour des étrangers.asile,1
OW,2010,"Enseignement, sciences, documentation et culture.Degré prescolaire, école primaire, degré secondaire I.Ecole primaire, degré secondaire I",1
OW,2010,"Enseignement, sciences, documentation et culture.Pédagogie spécialisée.Ecoles spécialisées",1
OW,2010,"Défense nationale, protection de la population, police.Sécurité intérieure.Police.Coopération en matière de police",1
OW,2010,"Finances, Impôts, monopoles, entreprises d'état.Monopoles, régales, entreprises d'état.Pêche.Zones de pêche",1
OW,2010,"Aménagement du territoire et constructions, expropriation, travaux publics, énergie, transports, environnement.Aménagement du territoire et constructions.Plans",2
OW,2010,"Aménagement du territoire et constructions, expropriation, travaux publics, énergie, transports, environnement.Energie.Electricité",1
OW,2010,"Aménagement du territoire et constructions, expropriation, travaux publics, énergie, transports, environnement.Protection de la nature et du paysage.Protection des monuments et des biens culturels",1
OW,2010,"Santé, travail, droit des assurances sociales, logement, homes.Santé.Prévention des dépendances.Interdictions de fumer",1
OW,2010,"Santé, travail, droit des assurances sociales, logement, homes.Droit des assurances sociales.AVS/AI",1
OW,2010,Economie.Agriculture.Production animale.Commerce du bétail,1
OW,2011,Etat.Dispositions générales.Droit de cité,1
OW,2011,"Enseignement, sciences, documentation et culture.Degré secondaire II.Ecole moyenne",1
OW,2011,"Enseignement, sciences, documentation et culture.Sport scolaire",1
OW,2011,"Aménagement du territoire et constructions, expropriation, travaux publics, énergie, transports, environnement",1
OW,2011,"Aménagement du territoire et constructions, expropriation, travaux publics, énergie, transports, environnement.Travaux publics.Bâtiments et terrains publics",1
OW,2011,"Aménagement du territoire et constructions, expropriation, travaux publics, énergie, transports, environnement.Protection de l'environnement.Protection des eaux",1
OW,2011,"Santé, travail, droit des assurances sociales, logement, homes",1
OW,2011,"Santé, travail, droit des assurances sociales, logement, homes.Assistance.Homes.Etablissements pour personnes âgées",1
OW,2011,Economie.Agriculture.Epizooties,1
OW,2012,Droit civil.Dispositions d'introduction du code civil.Droit de la famille.Tutelle,2
OW,2012,"Droit civil.Dispositions d'introduction du code civil.Droits réels.Registre foncier, mensurations cadastrales",1
OW,2012,"Enseignement, sciences, documentation et culture.Documentation.Statistique",1
OW,2012,"Défense nationale, protection de la population, police.Protection de la population.Protection contre les incendies / éléments naturels.Protection contre le feu, pompiers",1
OW,2012,"Aménagement du territoire et constructions, expropriation, travaux publics, énergie, transports, environnement.Protection de l'environnement.Protection des eaux",1
OW,2012,"Aménagement du territoire et constructions, expropriation, travaux publics, énergie, transports, environnement.Protection de la nature et du paysage.Protection du paysage",1
OW,2012,"Santé, travail, droit des assurances sociales, logement, homes.Santé.Soins à domicile",1
OW,2012,"Santé, travail, droit des assurances sociales, logement, homes.Droit des assurances sociales.LAMAL.Tarifs.Conventions",1
OW,2013,Etat,2
OW,2013,"Droit civil.Dispositions d'introduction du code civil.Droits réels.Registre foncier, mensurations cadastrales",1
OW,2013,"Santé, travail, droit des assurances sociales, logement, homes.Droit des assurances sociales.LAMAL.Limitation de l'admission des fournisseurs de prestations",1
OW,2013,Economie.Arts et métiers.Services.Professions soumises à autorisation,1
OW,2014,Etat,1
OW,2014,"Droit civil.Dispositions d'introduction du code civil.Droits réels.Registre foncier, mensurations cadastrales",1
OW,2014,"Aménagement du territoire et constructions, expropriation, travaux publics, énergie, transports, environnement",1
OW,2014,"Santé, travail, droit des assurances sociales, logement, homes.Droit des assurances sociales.LAMAL.Tarifs.TARMED",1
OW,2014,"Santé, travail, droit des assurances sociales, logement, homes.Droit des assurances sociales.LAMAL.Tarifs.Conventions",3
OW,2015,Etat,1
OW,2015,Etat.Dispositions générales.Etablissement et séjour.Etablissement et séjour des étrangers.asile,1
OW,2015,Etat.Autorités.Gouvernement et administration.Droit du personnel.Engagement,1
OW,2015,"Aménagement du territoire et constructions, expropriation, travaux publics, énergie, transports, environnement.Aménagement du territoire et constructions.Plans",1
OW,2015,"Santé, travail, droit des assurances sociales, logement, homes.Droit des assurances sociales.LAMAL.Tarifs.Conventions",3
OW,2016,Droit civil.Dispositions d'introduction du code civil.Droits réels.Estimation officielle des immeubles,2
OW,2016,"Enseignement, sciences, documentation et culture.Assurance de la qualité, surveillance, direction.Médecine scolaire, services psychologiques scolaires",1
OW,2016,"Enseignement, sciences, documentation et culture.Art, culture, sport.Encouragement à la culture",1
OW,2016,"Aménagement du territoire et constructions, expropriation, travaux publics, énergie, transports, environnement",1
OW,2016,"Aménagement du territoire et constructions, expropriation, travaux publics, énergie, transports, environnement.Aménagement du territoire et constructions.Plans",1
OW,2016,"Aménagement du territoire et constructions, expropriation, travaux publics, énergie, transports, environnement.Travaux publics.Routes.Chemins pédestres et de randonnée",1
OW,2016,"Santé, travail, droit des assurances sociales, logement, homes",2
OW,2016,"Santé, travail, droit des assurances sociales, logement, homes.Santé.Substances thérapeutiques, stupéfiants",1
OW,2017,Etat,1
OW,2017,Etat.Dispositions générales.Etablissement et séjour.Etablissement et séjour des étrangers.asile,1
OW,2017,Droit pénal,1
OW,2017,"Défense nationale, protection de la population, police.Protection de la population.Protection contre les incendies / éléments naturels.Protection contre le feu, pompiers",1
OW,2017,"Aménagement du territoire et constructions, expropriation, travaux publics, énergie, transports, environnement.Protection de la nature et du paysage.Protection du paysage",1
OW,2017,Economie,5
OW,2017,Economie.Forêt.Personnel forestier,1
OW,2018,"Enseignement, sciences, documentation et culture.Degré prescolaire, école primaire, degré secondaire I.Ecole primaire, degré secondaire I",1
OW,2018,"Défense nationale, protection de la population, police",1
OW,2018,"Aménagement du territoire et constructions, expropriation, travaux publics, énergie, transports, environnement",1
OW,2018,"Aménagement du territoire et constructions, expropriation, travaux publics, énergie, transports, environnement.Transports.Poste, télécommunications",1
OW,2019,Etat,1
OW,2019,Etat.Communes.Subventions,1
OW,2019,"Aménagement du territoire et constructions, expropriation, travaux publics, énergie, transports, environnement.Aménagement du territoire et constructions.Places de parking",1
OW,2019,Economie,1
OW,2020,Etat.Dispositions générales.Armoiries,1
OW,2020,Etat.Eglise et Etat.Eglise catholique romaine,1
OW,2020,"Finances, Impôts, monopoles, entreprises d'état.Finances.Contributions étatiques, subventions",1
OW,2020,"Aménagement du territoire et constructions, expropriation, travaux publics, énergie, transports, environnement",1
OW,2020,"Aménagement du territoire et constructions, expropriation, travaux publics, énergie, transports, environnement.Protection de la nature et du paysage.Protection du paysage",2
OW,2020,"Santé, travail, droit des assurances sociales, logement, homes.Santé.Lutte contre les maladies.Epidémies, pandémies",2
OW,2020,Economie,1
OW,2021,Droit civil.Procédure civile.Exécution,2
OW,2021,"Enseignement, sciences, documentation et culture.Degré secondaire II: Formation professionnelle initiale.Ecoles préparant à la maturité professionnelle",1
OW,2021,"Finances, Impôts, monopoles, entreprises d'état.Finances.Contrôle des finances",1
OW,2021,"Santé, travail, droit des assurances sociales, logement, homes.Santé.Lutte contre les maladies.Epidémies, pandémies",2
OW,2022,"Santé, travail, droit des assurances sociales, logement, homes.Santé.Lutte contre les maladies.Epidémies, pandémies",1
OW,2023,"Enseignement, sciences, documentation et culture.Degré secondaire II: Formation professionnelle initiale.Ecoles préparant à la maturité professionnelle",1
OW,2024,Etat,1
OW,2024,"Enseignement, sciences, documentation et culture.Pédagogie spécialisée.Ecoles spécialisées",1
OW,2024,"Aménagement du territoire et constructions, expropriation, travaux publics, énergie, transports, environnement",2
OW,2024,"Santé, travail, droit des assurances sociales, logement, homes.Santé.Professions médicales.Personnel soignant",1
OW,2024,Economie,1
OW,2025,Etat.Dispositions générales.Etablissement et séjour.Etablissement et séjour Suisses.contrôle des habitants,1
OW,2026,"Enseignement, sciences, documentation et culture.Degré prescolaire, école primaire, degré secondaire I.Ecole enfantine",1
OW,2026,"Enseignement, sciences, documentation et culture.Structures d'accueil complémentaires",1
OW,2026,"Enseignement, sciences, documentation et culture.Documentation.Bibliothèques",1
SG,1933,"Aménagement du territoire et constructions, expropriation, travaux publics, énergie, transports, environnement.Protection de la nature et du paysage.Protection des monuments et des biens culturels",1
SG,1943,Economie.Agriculture.Améliorations foncières,2
SG,1945,"Santé, travail, droit des assurances sociales, logement, homes",1
SG,1948,Etat,1
SG,1951,"Etat.Communes.Bourgeoisies, allmends",1
SG,1951,"Aménagement du territoire et constructions, expropriation, travaux publics, énergie, transports, environnement",1
SG,1951,Non classé,1
SG,1952,"Droit civil.Dispositions d'introduction du code civil.Droits réels.Registre foncier, mensurations cadastrales",1
SG,1952,"Aménagement du territoire et constructions, expropriation, travaux publics, énergie, transports, environnement.Transports.Transports publics.Transports ferroviaires",1
SG,1952,"Santé, travail, droit des assurances sociales, logement, homes.Droit du travail.Employés.Sécurité",3
SG,1955,"Aménagement du territoire et constructions, expropriation, travaux publics, énergie, transports, environnement.Expropriation",1
SG,1957,Droit civil.Dispositions générales d'introduction du code des obligations.Des divers contrats.Contrat de travail.Conventions collectives.Déclaration de force obligatoire générale,1
SG,1960,"Aménagement du territoire et constructions, expropriation, travaux publics, énergie, transports, environnement.Travaux publics.Aménagement des eaux.Utilisation des eaux",1
SG,1961,"Défense nationale, protection de la population, police.Défense.Taxe d'exemption",1
SG,1961,"Aménagement du territoire et constructions, expropriation, travaux publics, énergie, transports, environnement.Travaux publics.Aménagement des eaux.Utilisation des eaux",1
SG,1963,"Aménagement du territoire et constructions, expropriation, travaux publics, énergie, transports, environnement.Protection de l'environnement.Protection contre les radiations",1
SG,1964,Etat,1
SG,1966,Etat.Autorités.Gouvernement et administration.Organisation.Délégation,1
SG,1966,"Finances, Impôts, monopoles, entreprises d'état.Monopoles, régales, entreprises d'état.Chasse.Chasseurs",1
SG,1966,"Aménagement du territoire et constructions, expropriation, travaux publics, énergie, transports, environnement.Energie.Electricité",1
SG,1967,"Santé, travail, droit des assurances sociales, logement, homes.Santé.Hygiène.Inhumations, cimetières",1
SG,1967,"Santé, travail, droit des assurances sociales, logement, homes.Logement.Mesures d'encouragement à la construction de logements",1
SG,1968,Etat.Autorités.Gouvernement et administration.Organisation.Délégation,1
SG,1969,Etat.Eglise et Etat.Eglise catholique romaine,1
SG,1969,"Défense nationale, protection de la population, police.Protection de la population.Protection contre les incendies / éléments naturels.Protection contre le feu, pompiers",1
SG,1969,"Santé, travail, droit des assurances sociales, logement, homes",1
SG,1970,Etat.Autorités.Gouvernement et administration.Administration.Départements,1
SG,1970,"Etat.Autorités.Gouvernement et administration.Droit du personnel.Traitements, indemnités",1
SG,1970,Etat.Eglise et Etat.Eglise catholique romaine,1
SG,1970,"Défense nationale, protection de la population, police.Protection de la population.Protection contre les incendies / éléments naturels.Protection contre les incendies",1
SG,1970,"Aménagement du territoire et constructions, expropriation, travaux publics, énergie, transports, environnement.Protection de la nature et du paysage.Protection de la nature",1
SG,1970,Economie.Forêt.Personnel forestier,1
SG,1971,Etat.Autorités.Gouvernement et administration.Procédure administrative,1
SG,1971,"Enseignement, sciences, documentation et culture.Corps enseignant.Prévoyance professionnelle, caisses de pensions",1
SG,1971,"Finances, Impôts, monopoles, entreprises d'état.Finances.Contrôle des finances",1
SG,1971,"Aménagement du territoire et constructions, expropriation, travaux publics, énergie, transports, environnement.Protection de la nature et du paysage.Protection de la nature",1
SG,1972,Etat.Eglise et Etat.Eglise catholique romaine,1
SG,1972,"Finances, Impôts, monopoles, entreprises d'état.Finances.Contributions étatiques, subventions",1
SG,1972,"Finances, Impôts, monopoles, entreprises d'état.Monopoles, régales, entreprises d'état.Mines",1
SG,1972,"Aménagement du territoire et constructions, expropriation, travaux publics, énergie, transports, environnement.Protection de l'environnement.Produits toxiques et chimiques",1
SG,1974,Etat.Autorités.Gouvernement et administration.Administration.Départements,1
SG,1974,"Enseignement, sciences, documentation et culture.Degré prescolaire, école primaire, degré secondaire I.Ecole enfantine",1
SG,1974,"Finances, Impôts, monopoles, entreprises d'état.Finances.Contributions étatiques, subventions",1
SG,1974,"Aménagement du territoire et constructions, expropriation, travaux publics, énergie, transports, environnement",1
SG,1974,"Aménagement du territoire et constructions, expropriation, travaux publics, énergie, transports, environnement.Protection de la nature et du paysage.Protection des plantes",1
SG,1974,"Aménagement du territoire et constructions, expropriation, travaux publics, énergie, transports, environnement.Protection de la nature et du paysage.Protection de la nature",1
SG,1975,Etat.Eglise et Etat.Eglise catholique romaine,1
SG,1975,"Aménagement du territoire et constructions, expropriation, travaux publics, énergie, transports, environnement.Transports.Navigation.Impôts et taxes sur les bateaux",1
SG,1975,"Aménagement du territoire et constructions, expropriation, travaux publics, énergie, transports, environnement.Protection de l'environnement.Déchets",1
SG,1975,"Aménagement du territoire et constructions, expropriation, travaux publics, énergie, transports, environnement.Protection de l'environnement.Protection des eaux",1
SG,1975,"Aménagement du territoire et constructions, expropriation, travaux publics, énergie, transports, environnement.Protection de la nature et du paysage.Protection des animaux",1
SG,1975,"Santé, travail, droit des assurances sociales, logement, homes",1
SG,1976,"Droit civil.Dispositions d'introduction du code civil.Droits réels.Registre foncier, mensurations cadastrales",1
SG,1976,"Enseignement, sciences, documentation et culture.Art, culture, sport.Art.Cinéma, théâtre, divertissement",1
SG,1976,"Santé, travail, droit des assurances sociales, logement, homes.Assistance.Donations et collectes publiques",1
SG,1976,Economie,1
SG,1977,Etat,1
SG,1977,"Droit civil.Dispositions d'introduction du code civil.Droits réels.Registre foncier, mensurations cadastrales",2
SG,1977,"Enseignement, sciences, documentation et culture.Pédagogie spécialisée.Ecoles spécialisées",1
SG,1977,"Finances, Impôts, monopoles, entreprises d'état.Finances.Contributions étatiques, subventions",1
SG,1977,"Aménagement du territoire et constructions, expropriation, travaux publics, énergie, transports, environnement",1
SG,1977,Economie.Agriculture.Améliorations foncières,1
SG,1978,"Droit civil.Dispositions d'introduction du code civil.Droit de la famille.Accueil familial, adoption",1
SG,1978,"Droit civil.Dispositions d'introduction du code civil.Droits réels.Registre foncier, mensurations cadastrales",1
SG,1978,"Santé, travail, droit des assurances sociales, logement, homes.Santé.Etablissements hospitaliers, cliniques.Hôpitaux cantonaux",1
SG,1978,"Santé, travail, droit des assurances sociales, logement, homes.Santé.Professions médicales.Dentistes",1
SG,1979,"Aménagement du territoire et constructions, expropriation, travaux publics, énergie, transports, environnement",1
SG,1979,"Santé, travail, droit des assurances sociales, logement, homes.Assistance.Avances sur les pensions alimentaires",1
SG,1979,Economie.Promotion de l'économie,1
SG,1979,Economie.Développement économiques dans les régions de montagne,1
SG,1980,Etat,2
SG,1980,Etat.Autorités.Gouvernement et administration.Administration.Départements,1
SG,1980,"Enseignement, sciences, documentation et culture.Degré secondaire II.Ecole moyenne",2
SG,1980,"Défense nationale, protection de la population, police",1
SG,1980,"Défense nationale, protection de la population, police.Sécurité intérieure.Police.Coopération en matière de police",1
SG,1980,"Défense nationale, protection de la population, police.Sécurité intérieure.Explosifs",1
SG,1980,"Défense nationale, protection de la population, police.Sécurité intérieure.Détectives privés",1
SG,1980,"Aménagement du territoire et constructions, expropriation, travaux publics, énergie, transports, environnement",1
SG,1980,"Santé, travail, droit des assurances sociales, logement, homes.Santé.Etablissements hospitaliers, cliniques.Hôpitaux cantonaux",1
SG,1981,Etat.Dispositions générales.Armoiries,1
SG,1981,Etat.Autorités.Responsabilité de l'état,1
SG,1981,Etat.Communes.Finances communales,1
SG,1981,"Enseignement, sciences, documentation et culture.Degré secondaire II.Ecole moyenne",1
SG,1981,"Enseignement, sciences, documentation et culture.Degré tertiaire: Hautes écoles.Pédagogie",1
SG,1981,"Santé, travail, droit des assurances sociales, logement, homes",1
SG,1981,"Santé, travail, droit des assurances sociales, logement, homes.Santé.Substances thérapeutiques, stupéfiants",1
SG,1981,"Santé, travail, droit des assurances sociales, logement, homes.Assistance.Avances sur les pensions alimentaires",1
SG,1982,"Enseignement, sciences, documentation et culture.Assurance de la qualité, surveillance, direction.Médecine scolaire, services psychologiques scolaires",1
SG,1982,"Finances, Impôts, monopoles, entreprises d'état.Monopoles, régales, entreprises d'état.Pêche.Zones de pêche",1
SG,1982,"Aménagement du territoire et constructions, expropriation, travaux publics, énergie, transports, environnement.Protection de la nature et du paysage.Protection des animaux",1
SG,1982,"Santé, travail, droit des assurances sociales, logement, homes",2
SG,1982,Economie,1
SG,1983,Etat,1
SG,1983,"Enseignement, sciences, documentation et culture.Corps enseignant.Traitement, indemnités",1
SG,1983,"Santé, travail, droit des assurances sociales, logement, homes.Droit du travail.Travail à domicile",1
SG,1983,Non classé,1
SG,1984,Etat,2
SG,1984,Etat.Dispositions générales.Armoiries,1
SG,1984,"Enseignement, sciences, documentation et culture.Documentation.Archives",2
SG,1984,"Finances, Impôts, monopoles, entreprises d'état.Monopoles, régales, entreprises d'état.Pêche.Zones de pêche",1
SG,1984,"Aménagement du territoire et constructions, expropriation, travaux publics, énergie, transports, environnement.Transports.Circulation routière.Impôts et taxes de la circulation",1
SG,1985,Etat,1
SG,1985,"Santé, travail, droit des assurances sociales, logement, homes",1
SG,1985,"Santé, travail, droit des assurances sociales, logement, homes.Santé.Substances thérapeutiques, stupéfiants",1
SG,1985,"Santé, travail, droit des assurances sociales, logement, homes.Assistance.Conseil aux femmes enceintes",1
SG,1986,"Enseignement, sciences, documentation et culture.Degré secondaire II.Ecoles supérieures de commerce, ecoles supérieures d'informatique",1
SG,1986,"Enseignement, sciences, documentation et culture.Assurance de la qualité, surveillance, direction.Bâtiments scolaires",1
SG,1986,"Enseignement, sciences, documentation et culture.Art, culture, sport.Art.Cinéma, théâtre, divertissement",1
SG,1986,"Défense nationale, protection de la population, police",1
SG,1986,"Santé, travail, droit des assurances sociales, logement, homes",2
SG,1986,"Santé, travail, droit des assurances sociales, logement, homes.Droit des assurances sociales.Assurance maternité, contributions financières aux mères",1
SG,1986,Economie.Commerce.Commerce itinérant,1
SG,1986,Non classé,1
SG,1987,Etat.Autorités.Protection des données,1
SG,1987,Etat.Autorités.Organisation judiciaire.Autorités judiciaires.Commissions de recours,1
SG,1987,"Aménagement du territoire et constructions, expropriation, travaux publics, énergie, transports, environnement",1
SG,1987,"Santé, travail, droit des assurances sociales, logement, homes.Santé.Professions médicales.Chiropraticiens, physiothérapeutes",1
SG,1987,Economie.Commerce.Poids et mesures. moyens de paiement,1
SG,1988,"Enseignement, sciences, documentation et culture.Corps enseignant.Traitement, indemnités",1
SG,1988,"Aménagement du territoire et constructions, expropriation, travaux publics, énergie, transports, environnement",1
SG,1988,"Aménagement du territoire et constructions, expropriation, travaux publics, énergie, transports, environnement.Travaux publics.Routes.Chemins pédestres et de randonnée",1
SG,1988,"Santé, travail, droit des assurances sociales, logement, homes.Droit du travail.Marché du travail.Lutte contre les crises, réserves de crise bénéficiant d'allégements fiscaux",1
SG,1988,Economie,1
SG,1988,Economie.Commerce.Surveillance des prix,1
SG,1989,"Etat.Autorités.Gouvernement et administration.Droit du personnel.Pensions, prestations d'assurance",1
SG,1989,"Aménagement du territoire et constructions, expropriation, travaux publics, énergie, transports, environnement.Protection de l'environnement.Substances dangereuses pour l'environnement",1
SG,1989,"Santé, travail, droit des assurances sociales, logement, homes",1
SG,1989,"Santé, travail, droit des assurances sociales, logement, homes.Santé.Professions médicales.Médecins",1
SG,1990,"Enseignement, sciences, documentation et culture.Corps enseignant.Prévoyance professionnelle, caisses de pensions",1
SG,1990,"Aménagement du territoire et constructions, expropriation, travaux publics, énergie, transports, environnement.Protection de l'environnement.Protection contre le bruit",1
SG,1990,"Santé, travail, droit des assurances sociales, logement, homes",2
SG,1991,Etat.Autorités.Organisation judiciaire.Rémunération et indemnités des juges,1
SG,1991,"Enseignement, sciences, documentation et culture.Corps enseignant.Traitement, indemnités",1
SG,1991,"Défense nationale, protection de la population, police.Protection de la population.Protection contre les incendies / éléments naturels.Protection contre le feu, pompiers",2
SG,1991,"Finances, Impôts, monopoles, entreprises d'état.Finances.Contributions étatiques, subventions",2
SG,1991,"Santé, travail, droit des assurances sociales, logement, homes",3
SG,1992,Etat.Dispositions générales.Droit de cité,1
SG,1992,"Défense nationale, protection de la population, police.Protection de la population.Protection contre les incendies / éléments naturels.Protection contre les incendies",1
SG,1992,"Aménagement du territoire et constructions, expropriation, travaux publics, énergie, transports, environnement",1
SG,1992,"Santé, travail, droit des assurances sociales, logement, homes",1
SG,1993,Etat,1
SG,1993,"Etat.Autorités.Gouvernement et administration.Droit du personnel.Pensions, prestations d'assurance",1
SG,1993,"Défense nationale, protection de la population, police.Protection de la population.Protection contre les incendies / éléments naturels.Protection contre le feu, pompiers",1
SG,1993,"Aménagement du territoire et constructions, expropriation, travaux publics, énergie, transports, environnement.Transports.Conduites",1
SG,1993,"Santé, travail, droit des assurances sociales, logement, homes",2
SG,1993,"Santé, travail, droit des assurances sociales, logement, homes.Droit des assurances sociales.Assurance-chômage",1
SG,1993,"Santé, travail, droit des assurances sociales, logement, homes.Logement.Mesures d'encouragement à la construction de logements",1
SG,1993,Economie.Agriculture.Epizooties,1
SG,1994,"Finances, Impôts, monopoles, entreprises d'état.Impôts.Impôts sur le revenu et la fortune / impôts sur les bénéfices et les capitaux.Impôt fédéral",1
SG,1994,"Aménagement du territoire et constructions, expropriation, travaux publics, énergie, transports, environnement",1
SG,1994,"Aménagement du territoire et constructions, expropriation, travaux publics, énergie, transports, environnement.Protection de l'environnement.Protection contre le bruit",1
SG,1994,"Santé, travail, droit des assurances sociales, logement, homes.Santé.Professions médicales.Médecins",1
SG,1994,"Santé, travail, droit des assurances sociales, logement, homes.Santé.Professions médicales.Pharmaciens",1
SG,1994,"Santé, travail, droit des assurances sociales, logement, homes.Droit des assurances sociales.LAMAL.Listes des hôpitaux",1
SG,1995,Etat.Autorités.Protection des données,1
SG,1995,"Défense nationale, protection de la population, police.Protection de la population.Protection contre les incendies / éléments naturels.Ramoneurs",1
SG,1995,"Aménagement du territoire et constructions, expropriation, travaux publics, énergie, transports, environnement.Protection de la nature et du paysage.Protection des animaux",1
SG,1995,"Santé, travail, droit des assurances sociales, logement, homes",2
SG,1995,"Santé, travail, droit des assurances sociales, logement, homes.Santé.Professions médicales.Sages-femmes",1
SG,1995,"Santé, travail, droit des assurances sociales, logement, homes.Droit des assurances sociales.Assurance-chômage",1
SG,1995,Economie.Agriculture.Crédit agricole,1
SG,1996,Etat,2
SG,1996,"Etat.Dispositions générales.Droits fondamentaux, droits politiques.égalité entre hommes et femmes",1
SG,1996,"Etat.Autorités.Gouvernement et administration.Droit du personnel.Traitements, indemnités",1
SG,1996,"Droit civil.Dispositions d'introduction du code civil.Droits réels.Registre foncier, mensurations cadastrales",1
SG,1996,"Enseignement, sciences, documentation et culture.Degré prescolaire, école primaire, degré secondaire I.Ecole primaire, degré secondaire I",1
SG,1996,"Enseignement, sciences, documentation et culture.Art, culture, sport.Encouragement à la culture",1
SG,1996,"Défense nationale, protection de la population, police",1
SG,1996,"Finances, Impôts, monopoles, entreprises d'état.Finances.Budget, comptes",1
SG,1996,"Finances, Impôts, monopoles, entreprises d'état.Monopoles, régales, entreprises d'état.Alcool",1
SG,1996,"Aménagement du territoire et constructions, expropriation, travaux publics, énergie, transports, environnement",3
SG,1996,"Aménagement du territoire et constructions, expropriation, travaux publics, énergie, transports, environnement.Travaux publics.Aménagement des eaux.Utilisation des eaux",1
SG,1996,"Aménagement du territoire et constructions, expropriation, travaux publics, énergie, transports, environnement.Protection de l'environnement.Etude d'impact sur l'environnement",1
SG,1996,"Santé, travail, droit des assurances sociales, logement, homes",3
SG,1996,"Santé, travail, droit des assurances sociales, logement, homes.Santé.Professions médicales.Sages-femmes",1
SG,1996,"Santé, travail, droit des assurances sociales, logement, homes.Santé.Hygiène.Denrées alimentaires, objets d'usage courant.Surveillance des aliments",1
SG,1996,"Santé, travail, droit des assurances sociales, logement, homes.Assistance.Homes.Etablissements pour personnes âgées",1
SG,1996,Economie.Arts et métiers.Services.Tourisme,1
SG,1997,"Etat.Autorités.Gouvernement et administration.Droit du personnel.Durée du travail, vacances, congés",1
SG,1997,"Etat.Autorités.Gouvernement et administration.Droit du personnel.Pensions, prestations d'assurance",1
SG,1997,"Aménagement du territoire et constructions, expropriation, travaux publics, énergie, transports, environnement.Transports.Transports publics.Transports ferroviaires",1
SG,1997,"Aménagement du territoire et constructions, expropriation, travaux publics, énergie, transports, environnement.Protection de l'environnement.Protection des eaux",1
SG,1997,"Santé, travail, droit des assurances sociales, logement, homes",1
SG,1997,"Santé, travail, droit des assurances sociales, logement, homes.Droit des assurances sociales.LAMAL.Tarifs.Conventions",1
SG,1998,Etat,1
SG,1998,Droit civil.Dispositions d'introduction du code civil.Droits réels.Estimation officielle des immeubles,1
SG,1998,"Droit civil.Dispositions d'introduction du code civil.Droits réels.Registre foncier, mensurations cadastrales",1
SG,1998,"Finances, Impôts, monopoles, entreprises d'état.Impôts.Impôts sur le revenu et la fortune / impôts sur les bénéfices et les capitaux.Imputation forfaitaire d'impôt",1
SG,1998,"Finances, Impôts, monopoles, entreprises d'état.Impôts.Impôt anticipé",1
SG,1998,"Aménagement du territoire et constructions, expropriation, travaux publics, énergie, transports, environnement.Aménagement du territoire et constructions.Procédure",1
SG,1998,"Aménagement du territoire et constructions, expropriation, travaux publics, énergie, transports, environnement.Travaux publics.Marchés publics",1
SG,1998,"Santé, travail, droit des assurances sociales, logement, homes.Droit des assurances sociales.LAMAL.Tarifs.Conventions",1
SG,1998,"Santé, travail, droit des assurances sociales, logement, homes.Droit des assurances sociales.Assurance maternité, contributions financières aux mères",1
SG,1998,"Santé, travail, droit des assurances sociales, logement, homes.Assistance.Avances sur les pensions alimentaires",1
SG,1998,Economie.Développement économiques dans les régions de montagne,1
SG,1999,"Enseignement, sciences, documentation et culture",1
SG,1999,"Défense nationale, protection de la population, police.Sécurité intérieure.Armes et munitions",1
SG,1999,"Aménagement du territoire et constructions, expropriation, travaux publics, énergie, transports, environnement",1
SG,1999,"Aménagement du territoire et constructions, expropriation, travaux publics, énergie, transports, environnement.Protection de l'environnement.Déchets",1
SG,1999,"Santé, travail, droit des assurances sociales, logement, homes",1
SG,1999,"Santé, travail, droit des assurances sociales, logement, homes.Santé.Professions médicales.Chiropraticiens, physiothérapeutes",1
SG,1999,"Santé, travail, droit des assurances sociales, logement, homes.Assistance.Homes.Foyers pour enfants et adolescents",1
SG,2000,"Etat.Autorités.Gouvernement et administration.Droit du personnel.Pensions, prestations d'assurance",1
SG,2000,Etat.Autorités.Gouvernement et administration.New Public Management,1
SG,2000,"Droit civil.Dispositions d'introduction du code civil.Droit des personnes, état civil.Fondations, surveillance.Fondations LPP",1
SG,2000,Droit civil.Dispositions d'introduction du code civil.Droits réels.Estimation officielle des immeubles,1
SG,2000,"Aménagement du territoire et constructions, expropriation, travaux publics, énergie, transports, environnement",2
SG,2000,"Santé, travail, droit des assurances sociales, logement, homes",3
SG,2000,"Santé, travail, droit des assurances sociales, logement, homes.Santé.Hygiène.Piscines",1
SG,2001,Etat,1
SG,2001,"Enseignement, sciences, documentation et culture",1
SG,2001,"Enseignement, sciences, documentation et culture.Documentation.Bibliothèques",1
SG,2001,"Enseignement, sciences, documentation et culture.Art, culture, sport.Encouragement à la culture",1
SG,2001,"Finances, Impôts, monopoles, entreprises d'état.Finances.Contributions étatiques, subventions",1
SG,2001,"Aménagement du territoire et constructions, expropriation, travaux publics, énergie, transports, environnement",1
SG,2001,"Santé, travail, droit des assurances sociales, logement, homes.Santé.Professions médicales.Vétérinaires",1
SG,2001,"Santé, travail, droit des assurances sociales, logement, homes.Santé.Soins à domicile",1
SG,2001,"Santé, travail, droit des assurances sociales, logement, homes.Santé.Lutte contre les maladies.Epidémies, pandémies",2
SG,2001,Economie.Agriculture.Epizooties,1
SG,2001,Non classé,1
SG,2002,Etat,1
SG,2002,Etat.Dispositions générales.Etablissement et séjour.Etablissement et séjour des étrangers.asile,1
SG,2002,Etat.Dispositions générales.Documents d'identité,1
SG,2002,"Etat.Autorités.Gouvernement et administration.Droit du personnel.Pensions, prestations d'assurance",1
SG,2002,"Enseignement, sciences, documentation et culture.Degré tertiaire: Hautes écoles.Pédagogie",1
SG,2002,"Finances, Impôts, monopoles, entreprises d'état.Impôts.Taxes sur les spectacles",1
SG,2002,"Aménagement du territoire et constructions, expropriation, travaux publics, énergie, transports, environnement",1
SG,2002,"Santé, travail, droit des assurances sociales, logement, homes.Santé.Etablissements hospitaliers, cliniques.Cliniques psychiatriques",1
SG,2002,"Santé, travail, droit des assurances sociales, logement, homes.Santé.Soins à domicile",1
SG,2002,"Santé, travail, droit des assurances sociales, logement, homes.Droit des assurances sociales.LAMAL.Tarifs.Conventions",2
SG,2002,"Santé, travail, droit des assurances sociales, logement, homes.Droit des assurances sociales.LAMAL.Limitation de l'admission des fournisseurs de prestations",1
SG,2002,"Santé, travail, droit des assurances sociales, logement, homes.Assistance.Personnes handicapés.Ateliers protégés",1
SG,2002,Economie.Agriculture.Epizooties,1
SG,2003,"Etat.Dispositions générales.Droits fondamentaux, droits politiques.égalité entre hommes et femmes",1
SG,2003,"Etat.Dispositions générales.Droits fondamentaux, droits politiques.droits politiques.Elections et votations",1
SG,2003,"Etat.Autorités.Organisation judiciaire.Autorités judiciaires.Prud'hommes, Tribunaux des baux à loyer",1
SG,2003,Droit civil.Dispositions d'introduction du code civil.Droits réels.Acquisitions des terrains par des personnes domiciliées à l'étranger,1
SG,2003,"Enseignement, sciences, documentation et culture.Degré tertiaire: Hautes écoles.Pédagogie",1
SG,2003,"Enseignement, sciences, documentation et culture.Corps enseignant.Traitement, indemnités",3
SG,2003,"Enseignement, sciences, documentation et culture.Contributions à la formation.Bourses d'études",1
SG,2003,"Santé, travail, droit des assurances sociales, logement, homes",8
SG,2003,"Santé, travail, droit des assurances sociales, logement, homes.Santé.Etablissements hospitaliers, cliniques.Cliniques psychiatriques",3
SG,2003,"Santé, travail, droit des assurances sociales, logement, homes.Santé.Professions médicales.Chiropraticiens, physiothérapeutes",4
SG,2003,"Santé, travail, droit des assurances sociales, logement, homes.Droit du travail.Marché du travail.Envoi de travailleurs à l'étranger",1
SG,2003,"Santé, travail, droit des assurances sociales, logement, homes.Droit des assurances sociales.LAMAL.Tarifs.Conventions",1
SG,2003,Economie.Arts et métiers.Services.Crédit à la consommation,1
SG,2003,Economie.Commerce.Commerce itinérant,1
SG,2004,Etat,3
SG,2004,Etat.Autorités.Gouvernement et administration.Organisation.Délégation,1
SG,2004,"Etat.Autorités.Gouvernement et administration.Droit du personnel.Traitements, indemnités",1
SG,2004,"Enseignement, sciences, documentation et culture.Degré secondaire II: Formation professionnelle initiale.Orientation professionnelle",1
SG,2004,"Enseignement, sciences, documentation et culture.Assurance de la qualité, surveillance, direction.Médecine scolaire, services psychologiques scolaires",1
SG,2004,"Santé, travail, droit des assurances sociales, logement, homes",3
SG,2004,"Santé, travail, droit des assurances sociales, logement, homes.Santé.Soins à domicile",2
SG,2004,"Santé, travail, droit des assurances sociales, logement, homes.Santé.Hygiène.Denrées alimentaires, objets d'usage courant.Surveillance des aliments",1
SG,2004,"Santé, travail, droit des assurances sociales, logement, homes.Droit du travail.Employés.Dimanches et jours fériés",1
SG,2004,"Santé, travail, droit des assurances sociales, logement, homes.Droit des assurances sociales.Prestations complémentaires",1
SG,2004,"Santé, travail, droit des assurances sociales, logement, homes.Droit des assurances sociales.LAMAL.Tarifs.TARMED",4
SG,2004,"Santé, travail, droit des assurances sociales, logement, homes.Droit des assurances sociales.LAMAL.Tarifs.Conventions",1
SG,2004,"Santé, travail, droit des assurances sociales, logement, homes.Assistance.Homes.Etablissements pour personnes âgées",1
SG,2004,Economie.Arts et métiers.Services.Professions soumises à autorisation,1
SG,2004,Non classé,1
SG,2005,Etat,1
SG,2005,Etat.Dispositions générales.Droit de cité,1
SG,2005,"Etat.Autorités.Gouvernement et administration.Droit du personnel.Traitements, indemnités",1
SG,2005,Etat.Professions juridiques.Notaires.Légalisation,1
SG,2005,"Droit civil.Dispositions d'introduction du code civil.Droit des personnes, état civil.Fondations, surveillance.Fondations LPP",1
SG,2005,"Enseignement, sciences, documentation et culture",1
SG,2005,"Enseignement, sciences, documentation et culture.Corps enseignant.Traitement, indemnités",1
SG,2005,"Enseignement, sciences, documentation et culture.Assurance de la qualité, surveillance, direction.Médecine scolaire, services psychologiques scolaires",1
SG,2005,"Enseignement, sciences, documentation et culture.Reconnaissance des diplômes",1
SG,2005,"Finances, Impôts, monopoles, entreprises d'état.Impôts.Impôts sur le revenu et la fortune / impôts sur les bénéfices et les capitaux.Impôt à la source",1
SG,2005,"Santé, travail, droit des assurances sociales, logement, homes",6
SG,2005,"Santé, travail, droit des assurances sociales, logement, homes.Santé.Services psychiatriques",1
SG,2005,"Santé, travail, droit des assurances sociales, logement, homes.Droit des assurances sociales.LAMAL.Réduction des primes",2
SG,2005,"Santé, travail, droit des assurances sociales, logement, homes.Assistance.Homes.Etablissements pour personnes âgées",1
SG,2005,Non classé,1
SG,2006,Etat.Dispositions générales.Collaboration intercantonale,1
SG,2006,"Etat.Autorités.Gouvernement et administration.Droit du personnel.Traitements, indemnités",1
SG,2006,"Enseignement, sciences, documentation et culture.Degré secondaire II.Ecole moyenne",1
SG,2006,"Santé, travail, droit des assurances sociales, logement, homes.Droit des assurances sociales.LAMAL.Tarifs.TARMED",1
SG,2007,"Enseignement, sciences, documentation et culture.Degré prescolaire, école primaire, degré secondaire I.Ecole primaire, degré secondaire I",1
SG,2007,"Enseignement, sciences, documentation et culture.Art, culture, sport.Sport",1
SG,2007,"Finances, Impôts, monopoles, entreprises d'état.Monopoles, régales, entreprises d'état.Pêche.Zones de pêche",1
SG,2007,"Aménagement du territoire et constructions, expropriation, travaux publics, énergie, transports, environnement.Protection de l'environnement.Produits toxiques et chimiques",1
SG,2007,"Santé, travail, droit des assurances sociales, logement, homes.Droit du travail.Marché du travail.Travail au noir",1
SG,2007,"Santé, travail, droit des assurances sociales, logement, homes.Droit des assurances sociales.Prestations complémentaires",1
SG,2007,"Santé, travail, droit des assurances sociales, logement, homes.Droit des assurances sociales.LAMAL.Tarifs.TARMED",1
SG,2008,Etat.Dispositions générales.Documents d'identité,1
SG,2008,"Aménagement du territoire et constructions, expropriation, travaux publics, énergie, transports, environnement.Energie.Approvisionnement en énergie",1
SG,2008,"Aménagement du territoire et constructions, expropriation, travaux publics, énergie, transports, environnement.Transports.Circulation routière.Impôts et taxes de la circulation",1
SG,2008,"Santé, travail, droit des assurances sociales, logement, homes",1
SG,2008,"Santé, travail, droit des assurances sociales, logement, homes.Santé.Etablissements hospitaliers, cliniques.Hôpitaux cantonaux",2
SG,2008,"Santé, travail, droit des assurances sociales, logement, homes.Santé.Professions médicales.Médecins",1
SG,2008,"Santé, travail, droit des assurances sociales, logement, homes.Santé.Soins à domicile",1
SG,2008,"Santé, travail, droit des assurances sociales, logement, homes.Droit des assurances sociales.LAMAL.Tarifs.TARMED",1
SG,2008,"Santé, travail, droit des assurances sociales, logement, homes.Assistance.Homes.Etablissements pour personnes âgées",1
SG,2008,Economie.Arts et métiers.Services.Jeux de hasard et loteries.Sport-Toto,1
SG,2009,"Enseignement, sciences, documentation et culture.Assurance de la qualité, surveillance, direction.Médecine scolaire, services psychologiques scolaires",2
SG,2009,"Aménagement du territoire et constructions, expropriation, travaux publics, énergie, transports, environnement",1
SG,2009,"Santé, travail, droit des assurances sociales, logement, homes.Santé.Etablissements hospitaliers, cliniques.Cliniques psychiatriques",1
SG,2009,"Santé, travail, droit des assurances sociales, logement, homes.Santé.Soins à domicile",3
SG,2009,"Santé, travail, droit des assurances sociales, logement, homes.Santé.Substances thérapeutiques, stupéfiants",1
SG,2009,"Santé, travail, droit des assurances sociales, logement, homes.Droit des assurances sociales.LAMAL.Tarifs.Conventions",2
SG,2010,"Défense nationale, protection de la population, police.Protection de la population.Approvisionnement du pays",1
SG,2010,"Défense nationale, protection de la population, police.Sécurité intérieure.Police.Coopération en matière de police",1
SG,2010,"Aménagement du territoire et constructions, expropriation, travaux publics, énergie, transports, environnement",1
SG,2010,"Santé, travail, droit des assurances sociales, logement, homes",5
SG,2010,"Santé, travail, droit des assurances sociales, logement, homes.Santé.Soins à domicile",2
SG,2010,"Santé, travail, droit des assurances sociales, logement, homes.Santé.Prévention des dépendances.Interdictions de fumer",1
SG,2010,"Santé, travail, droit des assurances sociales, logement, homes.Droit des assurances sociales.LAMAL.Tarifs.Conventions",3
SG,2011,"Etat.Dispositions générales.Droits fondamentaux, droits politiques.droits politiques.Elections et votations",1
SG,2011,Etat.Autorités.Gouvernement et administration.Gouvernement.Pensions,1
SG,2011,Etat.Autorités.Gouvernement et administration.Droit du personnel.Engagement,1
SG,2011,"Enseignement, sciences, documentation et culture",1
SG,2011,"Aménagement du territoire et constructions, expropriation, travaux publics, énergie, transports, environnement.Travaux publics.Bâtiments et terrains publics",1
SG,2011,"Santé, travail, droit des assurances sociales, logement, homes",2
SG,2011,"Santé, travail, droit des assurances sociales, logement, homes.Droit des assurances sociales.LAMAL.Tarifs.Conventions",4
SG,2012,Droit civil.Dispositions d'introduction du code civil.Droit de la famille.Tutelle,1
SG,2012,"Enseignement, sciences, documentation et culture.Degré tertiaire: Ecoles supérieures",1
SG,2012,"Enseignement, sciences, documentation et culture.Sciences, recherche",1
SG,2012,"Enseignement, sciences, documentation et culture.Documentation.Statistique",1
SG,2012,"Aménagement du territoire et constructions, expropriation, travaux publics, énergie, transports, environnement.Travaux publics.Bâtiments et terrains publics",1
SG,2012,"Santé, travail, droit des assurances sociales, logement, homes",13
SG,2012,"Santé, travail, droit des assurances sociales, logement, homes.Droit des assurances sociales.LAMAL.Tarifs.TARMED",6
SG,2012,"Santé, travail, droit des assurances sociales, logement, homes.Droit des assurances sociales.LAMAL.Tarifs.Conventions",28
SG,2012,"Santé, travail, droit des assurances sociales, logement, homes.Assistance.Aide sociale",1
SG,2013,Etat.Dispositions générales.Etablissement et séjour.Etablissement et séjour Suisses.contrôle des habitants,1
SG,2013,Etat.Autorités.Gouvernement et administration.Gouvernement.Indemnités,1
SG,2013,"Etat.Autorités.Gouvernement et administration.Droit du personnel.Pensions, prestations d'assurance",1
SG,2013,"Enseignement, sciences, documentation et culture.Contributions à la formation.Bourses d'études",1
SG,2013,Economie.Arts et métiers.Services.Professions soumises à autorisation,1
SG,2014,"Droit civil.Dispositions d'introduction du code civil.Droits réels.Registre foncier, mensurations cadastrales",1
SG,2014,"Enseignement, sciences, documentation et culture",1
SG,2014,"Enseignement, sciences, documentation et culture.Documentation.Bibliothèques",1
SG,2014,"Santé, travail, droit des assurances sociales, logement, homes.Droit des assurances sociales.LAMAL.Listes des hôpitaux",1
SG,2015,"Etat.Autorités.Gouvernement et administration.Droit du personnel.Traitements, indemnités",1
SG,2015,"Enseignement, sciences, documentation et culture",2
SG,2015,"Enseignement, sciences, documentation et culture.Degré secondaire II: Formation professionnelle initiale.Ecoles préparant à la maturité professionnelle",1
SG,2015,"Enseignement, sciences, documentation et culture.Degré tertiaire: Hautes écoles.Pédagogie",1
SG,2015,"Aménagement du territoire et constructions, expropriation, travaux publics, énergie, transports, environnement",2
SG,2015,"Aménagement du territoire et constructions, expropriation, travaux publics, énergie, transports, environnement.Travaux publics.Bâtiments et terrains publics",1
SG,2015,"Santé, travail, droit des assurances sociales, logement, homes",1
SG,2016,Etat,1
SG,2016,Etat.Dispositions générales.Etablissement et séjour.Etablissement et séjour des étrangers.mesures de contrainte,1
SG,2016,"Enseignement, sciences, documentation et culture",1
SG,2016,"Santé, travail, droit des assurances sociales, logement, homes.Santé.Etablissements hospitaliers, cliniques.Droits des patients",1
SG,2018,Etat.Autorités.Gouvernement et administration.Procédure administrative,1
SG,2018,"Aménagement du territoire et constructions, expropriation, travaux publics, énergie, transports, environnement.Protection de la nature et du paysage.Protection des monuments et des biens culturels",1
SG,2018,Economie,1
SG,2019,"Droit civil.Dispositions d'introduction du code civil.Droits réels.Registre foncier, mensurations cadastrales",2
SG,2019,"Enseignement, sciences, documentation et culture",2
SG,2019,"Enseignement, sciences, documentation et culture.Assurance de la qualité, surveillance, direction.Promotion des technologies d'information",1
SG,2019,"Enseignement, sciences, documentation et culture.Documentation.Archives",1
SG,2019,"Enseignement, sciences, documentation et culture.Art, culture, sport.Encouragement à la culture",1
SG,2019,"Défense nationale, protection de la population, police.Sécurité intérieure.Maintien de la tranquillité et de l'ordre public.Chiens, animaux dangereux",1
SG,2019,"Santé, travail, droit des assurances sociales, logement, homes",1
SG,2019,Non classé,1
SG,2020,"Etat.Dispositions générales.Droits fondamentaux, droits politiques.égalité entre hommes et femmes",1
SG,2020,"Etat.Dispositions générales.Droits fondamentaux, droits politiques.droits politiques.Elections et votations",1
SG,2020,"Enseignement, sciences, documentation et culture",1
SG,2020,"Enseignement, sciences, documentation et culture.Art, culture, sport.Encouragement à la culture",1
SG,2020,"Finances, Impôts, monopoles, entreprises d'état.Finances.Contributions étatiques, subventions",2
SG,2020,"Santé, travail, droit des assurances sociales, logement, homes",1
SG,2020,"Santé, travail, droit des assurances sociales, logement, homes.Santé.Lutte contre les maladies.Epidémies, pandémies",9
SG,2020,Economie,1
SG,2021,"Enseignement, sciences, documentation et culture",1
SG,2021,"Enseignement, sciences, documentation et culture.Art, culture, sport.Art.Cinéma, théâtre, divertissement",1
SG,2021,"Aménagement du territoire et constructions, expropriation, travaux publics, énergie, transports, environnement.Protection de l'environnement.Protection contre les radiations",1
SG,2021,"Santé, travail, droit des assurances sociales, logement, homes.Santé.Lutte contre les maladies.Epidémies, pandémies",4
SG,2022,Etat.Autorités.Protection des données,1
SG,2022,Droit civil.Procédure civile.Exécution,1
SG,2022,"Enseignement, sciences, documentation et culture.Degré prescolaire, école primaire, degré secondaire I.Ecole enfantine",1
SG,2022,"Aménagement du territoire et constructions, expropriation, travaux publics, énergie, transports, environnement.Travaux publics.Marchés publics",1
SG,2023,Etat.Dispositions générales.Etablissement et séjour.Etablissement et séjour des étrangers.asile,1
SG,2023,"Enseignement, sciences, documentation et culture.Degré tertiaire: Ecoles supérieures",1
SG,2023,"Finances, Impôts, monopoles, entreprises d'état.Impôts.Impôts sur le revenu et la fortune / impôts sur les bénéfices et les capitaux.Coefficient d'impôt",1
SG,2024,"Santé, travail, droit des assurances sociales, logement, homes",1
SG,2024,"Santé, travail, droit des assurances sociales, logement, homes.Santé.Professions médicales.Personnel soignant",1
SG,2025,Etat,1
SG,2025,Etat.Autorités.Informatique.E-Government,1
SG,2025,"Finances, Impôts, monopoles, entreprises d'état.Monopoles, régales, entreprises d'état.Mines",1
SG,2026,"Santé, travail, droit des assurances sociales, logement, homes",1
SH,1916,"Aménagement du territoire et constructions, expropriation, travaux publics, énergie, transports, environnement.Travaux publics.Aménagement des eaux.Utilisation des eaux",1
SH,1926,"Santé, travail, droit des assurances sociales, logement, homes.Droit du travail.Offices de conciliation",1
SH,1934,Etat.Professions juridiques.Avocats.Formation,1
SH,1939,"Défense nationale, protection de la population, police.Protection de la population.Protection civile.Protection des biens culturels en temps de guerre",1
SH,1944,Droit civil.Dispositions générales d'introduction du code des obligations.Des divers contrats.Contrat de travail.Conventions collectives.Déclaration de force obligatoire générale,1
SH,1949,"Etat.Autorités.Organisation judiciaire.Autorités judiciaires.Tribunaux administratifs, des assurances et des assurances sociales",1
SH,1951,"Santé, travail, droit des assurances sociales, logement, homes.Santé.Substances thérapeutiques, stupéfiants",1
SH,1960,Etat.Dispositions générales.Publications officielles.feuilles officielles,1
SH,1961,"Santé, travail, droit des assurances sociales, logement, homes.Santé.Prévention des accidents",1
SH,1962,Etat.Autorités.Gouvernement et administration.Procédure administrative,1
SH,1962,"Enseignement, sciences, documentation et culture.Art, culture, sport.Art.Cinéma, théâtre, divertissement",1
SH,1965,"Enseignement, sciences, documentation et culture.Sciences, recherche",1
SH,1966,"Finances, Impôts, monopoles, entreprises d'état.Impôts.Impôt anticipé",1
SH,1968,"Enseignement, sciences, documentation et culture.Assurance de la qualité, surveillance, direction.Bâtiments scolaires",1
SH,1968,"Finances, Impôts, monopoles, entreprises d'état.Impôts.Interdiction des arrangements fiscaux",1
SH,1972,"Santé, travail, droit des assurances sociales, logement, homes.Santé.Hygiène.Inhumations, cimetières",1
SH,1973,Etat.Autorités.Gouvernement et administration.Procédure administrative,1
SH,1973,"Enseignement, sciences, documentation et culture.Sport scolaire",1
SH,1973,"Santé, travail, droit des assurances sociales, logement, homes.Droit des assurances sociales.LAA",1
SH,1974,"Etat.Autorités.Organisation judiciaire.Autorités judiciaires.Cours supérieures, tribunaux fédéraux",1
SH,1976,"Santé, travail, droit des assurances sociales, logement, homes",1
SH,1977,Droit civil.Dispositions d'introduction du code civil.Droit des successions,1
SH,1977,"Finances, Impôts, monopoles, entreprises d'état.Impôts.Impôts sur les successions et les donations",1
SH,1977,"Aménagement du territoire et constructions, expropriation, travaux publics, énergie, transports, environnement",1
SH,1978,"Etat.Dispositions générales.Droits fondamentaux, droits politiques.droits politiques.Elections et votations",1
SH,1978,Etat.Dispositions générales.Information du public,1
SH,1978,"Enseignement, sciences, documentation et culture.Contributions à la formation.Bourses d'études",1
SH,1978,"Santé, travail, droit des assurances sociales, logement, homes",1
SH,1978,"Santé, travail, droit des assurances sociales, logement, homes.Santé.Lutte contre les maladies.Epidémies, pandémies",1
SH,1979,Etat.Autorités.Parlement.Election du parlement,1
SH,1979,"Aménagement du territoire et constructions, expropriation, travaux publics, énergie, transports, environnement",1
SH,1979,"Aménagement du territoire et constructions, expropriation, travaux publics, énergie, transports, environnement.Protection de la nature et du paysage.Protection de la nature",1
SH,1980,Etat.Autorités.Protection des données,1
SH,1980,"Défense nationale, protection de la population, police.Sécurité intérieure.Explosifs",1
SH,1980,"Aménagement du territoire et constructions, expropriation, travaux publics, énergie, transports, environnement",1
SH,1980,"Aménagement du territoire et constructions, expropriation, travaux publics, énergie, transports, environnement.Expropriation",1
SH,1981,Economie.Commerce.Poids et mesures. moyens de paiement,1
SH,1982,"Santé, travail, droit des assurances sociales, logement, homes.Santé.Prévention des accidents",1
SH,1982,"Santé, travail, droit des assurances sociales, logement, homes.Droit des assurances sociales.LPP",2
SH,1983,Droit civil.Dispositions d'introduction du code civil.Droit des successions,1
SH,1983,"Enseignement, sciences, documentation et culture.Degré prescolaire, école primaire, degré secondaire I.Ecole primaire, degré secondaire I",1
SH,1983,"Enseignement, sciences, documentation et culture.Pédagogie spécialisée.Classes spéciales",1
SH,1983,"Finances, Impôts, monopoles, entreprises d'état.Impôts.Impôts sur le revenu et la fortune / impôts sur les bénéfices et les capitaux.Impôt fédéral",1
SH,1984,Etat.Autorités.Gouvernement et administration.Gouvernement.Chancellerie de l'Etat,1
SH,1984,"Enseignement, sciences, documentation et culture",1
SH,1984,"Enseignement, sciences, documentation et culture.Assurance de la qualité, surveillance, direction.Surveillance scolaire",1
SH,1984,"Enseignement, sciences, documentation et culture.Assurance de la qualité, surveillance, direction.Autorités scolaires",1
SH,1984,"Défense nationale, protection de la population, police.Sécurité intérieure.Maintien de la tranquillité et de l'ordre public.Chiens, animaux dangereux",1
SH,1984,"Santé, travail, droit des assurances sociales, logement, homes.Droit du travail.Travail à domicile",1
SH,1984,"Santé, travail, droit des assurances sociales, logement, homes.Droit des assurances sociales.LAA",1
SH,1984,"Santé, travail, droit des assurances sociales, logement, homes.Assistance.Conseil aux femmes enceintes",1
SH,1985,"Enseignement, sciences, documentation et culture.Degré prescolaire, école primaire, degré secondaire I.Ecole enfantine",1
SH,1985,"Enseignement, sciences, documentation et culture.Degré secondaire II.Ecole moyenne",1
SH,1985,"Enseignement, sciences, documentation et culture.Contributions à la formation.Ecolages",1
SH,1985,"Aménagement du territoire et constructions, expropriation, travaux publics, énergie, transports, environnement.Protection de la nature et du paysage.Protection des animaux",1
SH,1986,Etat,1
SH,1986,"Aménagement du territoire et constructions, expropriation, travaux publics, énergie, transports, environnement.Transports.Navigation.Impôts et taxes sur les bateaux",1
SH,1986,"Santé, travail, droit des assurances sociales, logement, homes",1
SH,1987,Etat,1
SH,1987,"Enseignement, sciences, documentation et culture.Degré secondaire II: Formation professionnelle initiale.Ecoles professionnelles.Enseignement ménager",1
SH,1987,"Aménagement du territoire et constructions, expropriation, travaux publics, énergie, transports, environnement.Protection de la nature et du paysage.Champignons",1
SH,1988,Etat.Dispositions générales.Information du public,1
SH,1988,"Etat.Autorités.Organisation judiciaire.Autorités judiciaires.Tribunaux administratifs, des assurances et des assurances sociales",1
SH,1988,Droit pénal.Procédure pénale.Profils d'ADN,1
SH,1988,Droit pénal.Procédure pénale.Emoluments,1
SH,1988,Droit pénal.Casier judiciaire.Certificats de bonne conduite,1
SH,1988,"Enseignement, sciences, documentation et culture.Degré prescolaire, école primaire, degré secondaire I.Ecole primaire, degré secondaire I",1
SH,1988,"Enseignement, sciences, documentation et culture.Documentation.Archives",1
SH,1988,"Aménagement du territoire et constructions, expropriation, travaux publics, énergie, transports, environnement.Travaux publics.Routes.Chemins pédestres et de randonnée",1
SH,1988,"Aménagement du territoire et constructions, expropriation, travaux publics, énergie, transports, environnement.Protection de l'environnement.Produits toxiques et chimiques",1
SH,1988,"Santé, travail, droit des assurances sociales, logement, homes",3
SH,1988,Economie.Agriculture.Mesures d'encouragement,1
SH,1989,Droit pénal.Amendes d'ordre,1
SH,1990,"Enseignement, sciences, documentation et culture.Contributions à la formation.Ecolages",1
SH,1990,"Aménagement du territoire et constructions, expropriation, travaux publics, énergie, transports, environnement.Protection de l'environnement.Protection contre le bruit",1
SH,1990,"Santé, travail, droit des assurances sociales, logement, homes",1
SH,1991,Etat.Dispositions générales.Droit de cité,1
SH,1991,"Aménagement du territoire et constructions, expropriation, travaux publics, énergie, transports, environnement.Aménagement du territoire et constructions.Procédure",1
SH,1991,"Aménagement du territoire et constructions, expropriation, travaux publics, énergie, transports, environnement.Protection de l'environnement.Etude d'impact sur l'environnement",1
SH,1991,"Santé, travail, droit des assurances sociales, logement, homes.Santé.Professions médicales.Médecins",1
SH,1992,"Etat.Autorités.Gouvernement et administration.Droit du personnel.Traitements, indemnités",1
SH,1992,"Enseignement, sciences, documentation et culture.Corps enseignant.Formation",2
SH,1992,"Aménagement du territoire et constructions, expropriation, travaux publics, énergie, transports, environnement",2
SH,1992,"Aménagement du territoire et constructions, expropriation, travaux publics, énergie, transports, environnement.Protection de la nature et du paysage.Protection des animaux",1
SH,1992,"Santé, travail, droit des assurances sociales, logement, homes",1
SH,1993,"Enseignement, sciences, documentation et culture.Assurance de la qualité, surveillance, direction.Surveillance scolaire",1
SH,1993,"Aménagement du territoire et constructions, expropriation, travaux publics, énergie, transports, environnement.Protection de l'environnement.Déchets",1
SH,1993,Economie,1
SH,1993,Economie.Agriculture.Production animale.Commerce du bétail,1
SH,1994,"Etat.Autorités.Organisation judiciaire.Autorités judiciaires.Tribunaux administratifs, des assurances et des assurances sociales",1
SH,1994,"Enseignement, sciences, documentation et culture.Assurance de la qualité, surveillance, direction.Médecine scolaire, services psychologiques scolaires",1
SH,1994,"Enseignement, sciences, documentation et culture.Documentation.Archives",1
SH,1994,"Aménagement du territoire et constructions, expropriation, travaux publics, énergie, transports, environnement.Travaux publics.Marchés publics",1
SH,1994,"Aménagement du territoire et constructions, expropriation, travaux publics, énergie, transports, environnement.Protection de la nature et du paysage.Protection des animaux",1
SH,1995,"Etat.Dispositions générales.Droits fondamentaux, droits politiques.droits politiques.Elections et votations",1
SH,1995,Etat.Autorités.Protection des données,1
SH,1995,Droit pénal.Procédure pénale.Aide aux victimes d'infractions,1
SH,1995,"Enseignement, sciences, documentation et culture.Formation continue (Degré quaternaire).Formation continue des enseignants",1
SH,1995,"Enseignement, sciences, documentation et culture.Contributions à la formation.Ecolages",1
SH,1995,"Enseignement, sciences, documentation et culture.Assurance de la qualité, surveillance, direction.Médecine scolaire, services psychologiques scolaires",1
SH,1995,"Santé, travail, droit des assurances sociales, logement, homes",1
SH,1995,Economie.Arts et métiers.Services.Jeux de hasard et loteries.Sport-Toto,1
SH,1995,Economie.Commerce.Poids et mesures. moyens de paiement,1
SH,1996,"Etat.Dispositions générales.Droits fondamentaux, droits politiques.égalité entre hommes et femmes",1
SH,1996,Etat.Autorités.Gouvernement et administration.New Public Management,1
SH,1996,Droit civil.Poursuites pour dettes et faillites.Organisation,1
SH,1996,"Enseignement, sciences, documentation et culture.Degré secondaire II.Ecole moyenne",1
SH,1996,"Santé, travail, droit des assurances sociales, logement, homes",3
SH,1996,"Santé, travail, droit des assurances sociales, logement, homes.Santé.Professions médicales.Psychothérapeutes",1
SH,1997,"Enseignement, sciences, documentation et culture",2
SH,1997,"Défense nationale, protection de la population, police",1
SH,1997,"Défense nationale, protection de la population, police.Défense.Taxe d'exemption",1
SH,1997,"Aménagement du territoire et constructions, expropriation, travaux publics, énergie, transports, environnement.Transports.Circulation routière.Impôts et taxes de la circulation",2
SH,1997,"Aménagement du territoire et constructions, expropriation, travaux publics, énergie, transports, environnement.Transports.Circulation routière.Transport des personnes",1
SH,1997,"Santé, travail, droit des assurances sociales, logement, homes.Droit des assurances sociales.LAMAL.Listes des hôpitaux",1
SH,1997,"Santé, travail, droit des assurances sociales, logement, homes.Droit des assurances sociales.Assurance-chômage",1
SH,1997,Economie,1
SH,1998,"Défense nationale, protection de la population, police.Sécurité intérieure.Armes et munitions",1
SH,1998,"Aménagement du territoire et constructions, expropriation, travaux publics, énergie, transports, environnement",2
SH,1998,"Santé, travail, droit des assurances sociales, logement, homes.Assistance.Aide sociale",1
SH,1999,"Droit civil.Dispositions d'introduction du code civil.Droits réels.Registre foncier, mensurations cadastrales",3
SH,1999,"Enseignement, sciences, documentation et culture.Formation continue (Degré quaternaire).Formation des adultes",1
SH,1999,"Enseignement, sciences, documentation et culture.Assurance de la qualité, surveillance, direction.Surveillance scolaire",1
SH,1999,"Santé, travail, droit des assurances sociales, logement, homes.Assistance.Avances sur les pensions alimentaires",1
SH,1999,Economie.Promotion de l'économie,1
SH,2000,"Etat.Autorités.Organisation judiciaire.Autorités judiciaires.Tribunaux de district / d'arrondissement, juges de paix",1
SH,2000,Droit civil.Dispositions d'introduction du code civil.Droits réels.Estimation officielle des immeubles,1
SH,2000,"Droit civil.Dispositions d'introduction du code civil.Droits réels.Registre foncier, mensurations cadastrales",1
SH,2000,Droit pénal.Amendes d'ordre,1
SH,2000,"Santé, travail, droit des assurances sociales, logement, homes",2
SH,2000,"Santé, travail, droit des assurances sociales, logement, homes.Assistance.Homes.Etablissements pour personnes âgées",1
SH,2000,Economie,1
SH,2001,"Enseignement, sciences, documentation et culture.Formation continue (Degré quaternaire).Formation continue des enseignants",1
SH,2001,"Enseignement, sciences, documentation et culture.Contributions à la formation.Ecolages",1
SH,2001,"Enseignement, sciences, documentation et culture.Assurance de la qualité, surveillance, direction.Direction",2
SH,2001,"Finances, Impôts, monopoles, entreprises d'état",1
SH,2001,"Santé, travail, droit des assurances sociales, logement, homes.Santé.Etablissements hospitaliers, cliniques.Droits des patients",1
SH,2001,Economie.Agriculture.Epizooties,1
SH,2002,Etat,2
SH,2002,Etat.Professions juridiques.Avocats.Honoraires,1
SH,2002,"Droit civil.Dispositions d'introduction du code civil.Droit de la famille.Accueil familial, adoption",2
SH,2002,Droit pénal.Dispositions générales d'introduction du code pénal.Interruption de grossesse,1
SH,2002,"Aménagement du territoire et constructions, expropriation, travaux publics, énergie, transports, environnement.Protection de l'environnement.Protection des eaux",1
SH,2002,"Aménagement du territoire et constructions, expropriation, travaux publics, énergie, transports, environnement.Protection de la nature et du paysage.Protection du paysage",1
SH,2002,"Santé, travail, droit des assurances sociales, logement, homes",1
SH,2002,"Santé, travail, droit des assurances sociales, logement, homes.Santé.Etique",1
SH,2002,"Santé, travail, droit des assurances sociales, logement, homes.Santé.Hygiène.Piscines",1
SH,2002,"Santé, travail, droit des assurances sociales, logement, homes.Droit des assurances sociales.LAMAL.Limitation de l'admission des fournisseurs de prestations",1
SH,2002,Economie.Arts et métiers.Services.Jeux de hasard et loteries.Maisons de jeu,1
SH,2003,Etat.Dispositions générales.Documents d'identité,1
SH,2003,"Enseignement, sciences, documentation et culture.Degré prescolaire, école primaire, degré secondaire I.Ecole primaire, degré secondaire I",1
SH,2003,"Enseignement, sciences, documentation et culture.Degré tertiaire: Hautes écoles.Pédagogie",2
SH,2003,"Enseignement, sciences, documentation et culture.Formation continue (Degré quaternaire).Formation continue des enseignants",1
SH,2003,"Enseignement, sciences, documentation et culture.Corps enseignant.Formation",1
SH,2003,"Enseignement, sciences, documentation et culture.Assurance de la qualité, surveillance, direction.Surveillance scolaire",1
SH,2003,"Défense nationale, protection de la population, police",1
SH,2003,"Santé, travail, droit des assurances sociales, logement, homes.Assistance.Protection de la jeunesse, aide à la jeunesse",1
SH,2003,Economie.Agriculture.Culture des plantes.Vignoble,1
SH,2003,Economie.Arts et métiers.Services.Crédit à la consommation,1
SH,2004,Etat.Autorités.Gouvernement et administration.Droit du personnel.Engagement,1
SH,2004,Etat.Autorités.Gouvernement et administration.Droit du personnel.Places de stationnement,1
SH,2004,Etat.Autorités.Protection des données,1
SH,2004,Droit pénal.Droit pénal militaire,1
SH,2004,"Enseignement, sciences, documentation et culture.Degré tertiaire: Hautes écoles.Pédagogie",2
SH,2004,"Enseignement, sciences, documentation et culture.Pédagogie spécialisée.Ecoles spécialisées",2
SH,2004,"Enseignement, sciences, documentation et culture.Assurance de la qualité, surveillance, direction.Surveillance scolaire",1
SH,2004,"Enseignement, sciences, documentation et culture.Assurance de la qualité, surveillance, direction.Direction",1
SH,2004,"Défense nationale, protection de la population, police.Protection de la population.Protection contre les incendies / éléments naturels.Protection contre le feu, pompiers",1
SH,2004,"Santé, travail, droit des assurances sociales, logement, homes",1
SH,2004,"Santé, travail, droit des assurances sociales, logement, homes.Droit du travail.Marché du travail.Envoi de travailleurs à l'étranger",1
SH,2004,Economie,1
SH,2005,Etat.Dispositions générales.Droit de cité,1
SH,2005,"Etat.Autorités.Gouvernement et administration.Droit du personnel.Traitements, indemnités",2
SH,2005,Etat.Autorités.Organisation judiciaire.Autorités judiciaires.Commissions de recours,1
SH,2005,Droit pénal.Procédure pénale.Investigation secrète,1
SH,2005,"Enseignement, sciences, documentation et culture",1
SH,2005,"Enseignement, sciences, documentation et culture.Pédagogie spécialisée.Logopédie",1
SH,2005,"Enseignement, sciences, documentation et culture.Corps enseignant.Engagement",2
SH,2005,"Enseignement, sciences, documentation et culture.Contributions à la formation.Ecolages",1
SH,2005,"Finances, Impôts, monopoles, entreprises d'état.Monopoles, régales, entreprises d'état.Alcool",1
SH,2005,"Aménagement du territoire et constructions, expropriation, travaux publics, énergie, transports, environnement",2
SH,2005,"Aménagement du territoire et constructions, expropriation, travaux publics, énergie, transports, environnement.Energie.Approvisionnement en énergie",1
SH,2005,"Santé, travail, droit des assurances sociales, logement, homes",1
SH,2005,"Santé, travail, droit des assurances sociales, logement, homes.Santé.Hygiène.Enfouissement des déchets carnés",1
SH,2006,"Etat.Autorités.Gouvernement et administration.Droit du personnel.Pensions, prestations d'assurance",1
SH,2006,"Enseignement, sciences, documentation et culture.Art, culture, sport.Encouragement à la culture",1
SH,2006,"Santé, travail, droit des assurances sociales, logement, homes.Santé.Substances thérapeutiques, stupéfiants",1
SH,2006,Economie.Arts et métiers.Services.Jeux de hasard et loteries.Fonds de loterie,1
SH,2007,"Enseignement, sciences, documentation et culture.Degré secondaire II.Ecoles moyennes supérieures, écoles des culture générale, écoles de degré diplôme",1
SH,2007,"Santé, travail, droit des assurances sociales, logement, homes.Droit des assurances sociales.Prestations complémentaires",1
SH,2008,"Droit civil.Dispositions d'introduction du code civil.Droits réels.Registre foncier, mensurations cadastrales",1
SH,2008,"Santé, travail, droit des assurances sociales, logement, homes.Assistance.Aide sociale",1
SH,2008,Economie.Promotion de l'économie,1
SH,2009,Etat.Dispositions générales.Etablissement et séjour.Etablissement et séjour Suisses.contrôle des habitants,1
SH,2009,"Enseignement, sciences, documentation et culture.Documentation.Archives",1
SH,2009,"Défense nationale, protection de la population, police.Sécurité intérieure.Maintien de la tranquillité et de l'ordre public.Chiens, animaux dangereux",1
SH,2010,"Etat.Dispositions générales.Droits fondamentaux, droits politiques.égalité entre hommes et femmes",1
SH,2010,"Etat.Dispositions générales.Droits fondamentaux, droits politiques.droits politiques.Elections et votations",1
SH,2010,"Etat.Autorités.Gouvernement et administration.Droit du personnel.Durée du travail, vacances, congés",1
SH,2010,"Santé, travail, droit des assurances sociales, logement, homes",1
SH,2012,Droit civil.Dispositions d'introduction du code civil.Droit de la famille.Tutelle,1
SH,2013,Etat.Autorités.Gouvernement et administration.Procédure administrative,1
SH,2013,"Droit civil.Dispositions d'introduction du code civil.Droits réels.Registre foncier, mensurations cadastrales",1
SH,2013,Droit pénal.Amendes d'ordre,1
SH,2013,"Santé, travail, droit des assurances sociales, logement, homes",1
SH,2013,Economie,1
SH,2013,Economie.Arts et métiers.Services.Professions soumises à autorisation,1
SH,2015,"Etat.Autorités.Gouvernement et administration.Droit du personnel.Pensions, prestations d'assurance",1
SH,2015,"Enseignement, sciences, documentation et culture.Assurance de la qualité, surveillance, direction.Médecine scolaire, services psychologiques scolaires",2
SH,2016,Droit civil.Poursuites pour dettes et faillites.Organisation,1
SH,2017,Etat.Communes.Finances communales,1
SH,2017,"Enseignement, sciences, documentation et culture.Degré prescolaire, école primaire, degré secondaire I.Ecole primaire, degré secondaire I",1
SH,2017,"Défense nationale, protection de la population, police",1
SH,2018,"Enseignement, sciences, documentation et culture",1
SH,2018,"Enseignement, sciences, documentation et culture.Structures d'accueil complémentaires",1
SH,2020,"Enseignement, sciences, documentation et culture.Degré tertiaire: Hautes écoles.Pédagogie",9
SH,2020,"Santé, travail, droit des assurances sociales, logement, homes.Santé.Lutte contre les maladies.Epidémies, pandémies",2
SH,2021,"Enseignement, sciences, documentation et culture.Degré prescolaire, école primaire, degré secondaire I.Crèches",1
SH,2022,"Santé, travail, droit des assurances sociales, logement, homes.Santé.Hygiène.Denrées alimentaires, objets d'usage courant.Surveillance des aliments",1
SH,2023,"Enseignement, sciences, documentation et culture.Degré tertiaire: Hautes écoles.Pédagogie",1
SH,2023,"Enseignement, sciences, documentation et culture.Ecoles privées",1
SH,2023,"Aménagement du territoire et constructions, expropriation, travaux publics, énergie, transports, environnement",1
SH,2023,"Aménagement du territoire et constructions, expropriation, travaux publics, énergie, transports, environnement.Protection de l'environnement.Protection contre les radiations",1
SH,2023,"Santé, travail, droit des assurances sociales, logement, homes.Santé.Professions médicales.Médecins",1
SH,2024,"Santé, travail, droit des assurances sociales, logement, homes",1
SH,2024,"Santé, travail, droit des assurances sociales, logement, homes.Santé.Professions médicales.Personnel soignant",1
SH,2025,"Enseignement, sciences, documentation et culture.Art, culture, sport.Encouragement à la culture",1
SH,2026,"Etat.Dispositions générales.Droits fondamentaux, droits politiques.droits politiques.Elections et votations",1
SH,2026,"Santé, travail, droit des assurances sociales, logement, homes.Droit des assurances sociales.AVS/AI",1
SO,1893,"Santé, travail, droit des assurances sociales, logement, homes.Assistance.Donations et collectes publiques",1
SO,1905,Droit civil.Dispositions générales d'introduction du code des obligations.Des divers contrats.Courtage matrimonial ou en partenariat,1
SO,1909,"Enseignement, sciences, documentation et culture",1
SO,1912,"Etat.Dispositions générales.Territoire.Délimitations territoriales, districts",1
SO,1912,"Finances, Impôts, monopoles, entreprises d'état.Finances.Contributions étatiques, subventions",1
SO,1925,"Aménagement du territoire et constructions, expropriation, travaux publics, énergie, transports, environnement.Travaux publics.Aménagement des eaux.Utilisation des eaux",1
SO,1935,"Santé, travail, droit des assurances sociales, logement, homes.Santé.Prévention des accidents",1
SO,1939,"Finances, Impôts, monopoles, entreprises d'état.Monopoles, régales, entreprises d'état.Alcool",1
SO,1940,Droit civil,1
SO,1943,"Santé, travail, droit des assurances sociales, logement, homes.Logement.Mesures d'encouragement à la construction de logements",1
SO,1943,Economie.Agriculture.Production animale.Commerce du bétail,1
SO,1945,"Aménagement du territoire et constructions, expropriation, travaux publics, énergie, transports, environnement.Travaux publics.Aménagement des eaux.Utilisation des eaux",1
SO,1947,"Santé, travail, droit des assurances sociales, logement, homes.Droit du travail.Employés.Sécurité",1
SO,1948,"Finances, Impôts, monopoles, entreprises d'état.Finances.Contributions étatiques, subventions",1
SO,1951,"Défense nationale, protection de la population, police",1
SO,1951,"Aménagement du territoire et constructions, expropriation, travaux publics, énergie, transports, environnement",1
SO,1953,Droit civil.Dispositions d'introduction du code civil.Droits réels.Estimation officielle des immeubles,1
SO,1954,"Etat.Autorités.Gouvernement et administration.Droit du personnel.Traitements, indemnités",1
SO,1954,"Aménagement du territoire et constructions, expropriation, travaux publics, énergie, transports, environnement.Expropriation",1
SO,1954,"Santé, travail, droit des assurances sociales, logement, homes.Droit du travail.Employés.Sécurité",1
SO,1955,"Défense nationale, protection de la population, police",1
SO,1955,"Aménagement du territoire et constructions, expropriation, travaux publics, énergie, transports, environnement.Energie.Forces hydrauliques",1
SO,1958,"Etat.Dispositions générales.Territoire.Délimitations territoriales, districts",1
SO,1959,Etat,1
SO,1959,Droit civil.Dispositions d'introduction du code civil.Droit des successions,1
SO,1960,Droit civil,1
SO,1961,"Défense nationale, protection de la population, police.Protection de la population.Approvisionnement du pays",1
SO,1961,"Aménagement du territoire et constructions, expropriation, travaux publics, énergie, transports, environnement.Protection de la nature et du paysage.Protection des plantes",1
SO,1962,"Aménagement du territoire et constructions, expropriation, travaux publics, énergie, transports, environnement.Transports.Circulation routière.Impôts et taxes de la circulation",1
SO,1962,"Santé, travail, droit des assurances sociales, logement, homes.Santé.Hygiène.Alimentation en eau",1
SO,1963,"Enseignement, sciences, documentation et culture.Degré prescolaire, école primaire, degré secondaire I.Ecole enfantine",1
SO,1964,"Santé, travail, droit des assurances sociales, logement, homes",1
SO,1964,"Santé, travail, droit des assurances sociales, logement, homes.Santé.Substances thérapeutiques, stupéfiants",1
SO,1964,"Santé, travail, droit des assurances sociales, logement, homes.Droit du travail.Employés.Dimanches et jours fériés",1
SO,1965,"Aménagement du territoire et constructions, expropriation, travaux publics, énergie, transports, environnement.Travaux publics.Routes.Routes nationales",1
SO,1967,"Etat.Autorités.Gouvernement et administration.Droit du personnel.Pensions, prestations d'assurance",1
SO,1967,"Finances, Impôts, monopoles, entreprises d'état.Impôts.Impôts sur le revenu et la fortune / impôts sur les bénéfices et les capitaux.Imputation forfaitaire d'impôt",1
SO,1967,"Finances, Impôts, monopoles, entreprises d'état.Impôts.Impôt anticipé",1
SO,1967,"Aménagement du territoire et constructions, expropriation, travaux publics, énergie, transports, environnement.Aménagement du territoire et constructions.Remembrements",1
SO,1967,"Aménagement du territoire et constructions, expropriation, travaux publics, énergie, transports, environnement.Transports.Conduites",1
SO,1968,"Aménagement du territoire et constructions, expropriation, travaux publics, énergie, transports, environnement.Protection de la nature et du paysage.Protection des animaux",1
SO,1969,"Défense nationale, protection de la population, police",1
SO,1969,"Santé, travail, droit des assurances sociales, logement, homes.Santé.Hygiène.Inhumations, cimetières",1
SO,1969,Economie.Forêt.Formation professionnelle,1
SO,1970,Etat.Professions juridiques.Notaires.Formation,1
SO,1970,Droit civil,1
SO,1970,"Enseignement, sciences, documentation et culture",1
SO,1971,Etat.Dispositions générales.Publications officielles.Recueils de législation,1
SO,1971,Etat.Dispositions générales.Publications officielles.feuilles officielles,1
SO,1971,"Enseignement, sciences, documentation et culture.Formation continue (Degré quaternaire).Formation continue des enseignants",1
SO,1971,"Enseignement, sciences, documentation et culture.Art, culture, sport.Art.Cinéma, théâtre, divertissement",1
SO,1971,"Santé, travail, droit des assurances sociales, logement, homes",1
SO,1971,"Santé, travail, droit des assurances sociales, logement, homes.Santé.Substances thérapeutiques, stupéfiants",1
SO,1972,Droit pénal,1
SO,1972,"Aménagement du territoire et constructions, expropriation, travaux publics, énergie, transports, environnement.Protection de l'environnement.Produits toxiques et chimiques",1
SO,1973,"Enseignement, sciences, documentation et culture.Degré secondaire II.Ecole moyenne",1
SO,1973,"Enseignement, sciences, documentation et culture.Degré secondaire II: Formation professionnelle initiale.Orientation professionnelle",1
SO,1974,"Etat.Autorités.Gouvernement et administration.Droit du personnel.Traitements, indemnités",1
SO,1974,"Enseignement, sciences, documentation et culture.Corps enseignant.Traitement, indemnités",1
SO,1974,"Enseignement, sciences, documentation et culture.Assurance de la qualité, surveillance, direction.Surveillance scolaire",1
SO,1974,"Défense nationale, protection de la population, police",1
SO,1974,"Aménagement du territoire et constructions, expropriation, travaux publics, énergie, transports, environnement.Transports.Circulation routière.Impôts et taxes de la circulation",1
SO,1976,"Enseignement, sciences, documentation et culture.Degré secondaire II.Ecole moyenne",1
SO,1976,"Enseignement, sciences, documentation et culture.Corps enseignant.Formation",1
SO,1977,Etat,1
SO,1977,Droit pénal.Amendes d'ordre,1
SO,1977,"Enseignement, sciences, documentation et culture.Degré secondaire II.Ecole moyenne",1
SO,1977,"Enseignement, sciences, documentation et culture.Assurance de la qualité, surveillance, direction.Bâtiments scolaires",1
SO,1978,Droit civil.Dispositions d'introduction du code civil.Droits réels.Estimation officielle des immeubles,2
SO,1978,Droit pénal,1
SO,1978,"Enseignement, sciences, documentation et culture",1
SO,1978,"Enseignement, sciences, documentation et culture.Corps enseignant.Traitement, indemnités",1
SO,1978,"Aménagement du territoire et constructions, expropriation, travaux publics, énergie, transports, environnement",2
SO,1978,"Aménagement du territoire et constructions, expropriation, travaux publics, énergie, transports, environnement.Aménagement du territoire et constructions.Equipement",1
SO,1978,"Aménagement du territoire et constructions, expropriation, travaux publics, énergie, transports, environnement.Travaux publics.Bâtiments et terrains publics",1
SO,1978,"Aménagement du territoire et constructions, expropriation, travaux publics, énergie, transports, environnement.Protection de l'environnement.Protection contre les radiations",1
SO,1979,"Etat.Autorités.Gouvernement et administration.Droit du personnel.Durée du travail, vacances, congés",2
SO,1979,"Etat.Autorités.Gouvernement et administration.Droit du personnel.Traitements, indemnités",1
SO,1979,"Enseignement, sciences, documentation et culture.Sport scolaire",1
SO,1979,"Aménagement du territoire et constructions, expropriation, travaux publics, énergie, transports, environnement.Aménagement du territoire et constructions.Remembrements",1
SO,1979,"Santé, travail, droit des assurances sociales, logement, homes",1
SO,1979,"Santé, travail, droit des assurances sociales, logement, homes.Santé.Prévention des accidents",1
SO,1980,"Enseignement, sciences, documentation et culture",1
SO,1980,"Enseignement, sciences, documentation et culture.Pédagogie spécialisée.Ecoles spécialisées",1
SO,1980,"Défense nationale, protection de la population, police",1
SO,1981,"Etat.Autorités.Gouvernement et administration.Droit du personnel.Traitements, indemnités",1
SO,1981,Droit pénal,1
SO,1981,Economie.Agriculture.Améliorations foncières,1
SO,1982,"Enseignement, sciences, documentation et culture",1
SO,1982,"Enseignement, sciences, documentation et culture.Degré secondaire II.Ecole moyenne",1
SO,1983,Etat,1
SO,1983,"Etat.Autorités.Gouvernement et administration.Droit du personnel.Traitements, indemnités",1
SO,1983,"Enseignement, sciences, documentation et culture.Degré secondaire II.Ecole moyenne",1
SO,1983,"Santé, travail, droit des assurances sociales, logement, homes",1
SO,1983,"Santé, travail, droit des assurances sociales, logement, homes.Droit du travail.Travail à domicile",1
SO,1983,"Santé, travail, droit des assurances sociales, logement, homes.Droit des assurances sociales.LAA",1
SO,1984,"Défense nationale, protection de la population, police.Sécurité intérieure.Explosifs",1
SO,1984,"Aménagement du territoire et constructions, expropriation, travaux publics, énergie, transports, environnement.Aménagement du territoire et constructions.Plans",1
SO,1985,Droit civil.Dispositions d'introduction du code civil.Droit de la famille.Privation de liberté à des fins d'assistance,1
SO,1985,"Santé, travail, droit des assurances sociales, logement, homes.Santé.Lutte contre les maladies.Epidémies, pandémies",1
SO,1985,Economie.Promotion de l'économie,1
SO,1986,Etat,2
SO,1986,"Etat.Autorités.Gouvernement et administration.Droit du personnel.Traitements, indemnités",2
SO,1986,Etat.Communes.Finances communales,1
SO,1986,Droit civil,1
SO,1986,"Finances, Impôts, monopoles, entreprises d'état",8
SO,1986,"Finances, Impôts, monopoles, entreprises d'état.Impôts.Droits de mutation",1
SO,1986,"Finances, Impôts, monopoles, entreprises d'état.Impôts.Taxe foncière",1
SO,1986,"Finances, Impôts, monopoles, entreprises d'état.Impôts.Exonération et allégements fiscaux",2
SO,1986,"Aménagement du territoire et constructions, expropriation, travaux publics, énergie, transports, environnement",1
SO,1986,"Santé, travail, droit des assurances sociales, logement, homes",2
SO,1986,"Santé, travail, droit des assurances sociales, logement, homes.Santé.Lutte contre les maladies.Epidémies, pandémies",2
SO,1986,"Santé, travail, droit des assurances sociales, logement, homes.Droit des assurances sociales.LPP",1
SO,1987,Etat,1
SO,1987,"Etat.Autorités.Gouvernement et administration.Droit du personnel.Traitements, indemnités",4
SO,1987,"Etat.Autorités.Organisation judiciaire.Autorités judiciaires.Tribunaux administratifs, des assurances et des assurances sociales",1
SO,1987,Droit civil,1
SO,1987,"Droit civil.Dispositions d'introduction du code civil.Droit de la famille.Accueil familial, adoption",1
SO,1987,"Enseignement, sciences, documentation et culture.Degré prescolaire, école primaire, degré secondaire I.Ecole primaire, degré secondaire I",2
SO,1987,"Enseignement, sciences, documentation et culture.Degré secondaire II.Ecole moyenne",1
SO,1987,"Enseignement, sciences, documentation et culture.Degré secondaire II.Ecoles supérieures de commerce, ecoles supérieures d'informatique",1
SO,1987,"Défense nationale, protection de la population, police.Protection de la population.Protection contre les incendies / éléments naturels.Protection contre le feu, pompiers",1
SO,1987,"Finances, Impôts, monopoles, entreprises d'état",2
SO,1987,"Aménagement du territoire et constructions, expropriation, travaux publics, énergie, transports, environnement.Protection de l'environnement.Substances dangereuses pour l'environnement",1
SO,1987,"Santé, travail, droit des assurances sociales, logement, homes",1
SO,1987,Economie.Commerce.Horaires de fermeture des magasins,1
SO,1988,Etat.Dispositions générales.Droit de cité,1
SO,1988,"Etat.Dispositions générales.Droits fondamentaux, droits politiques.droits politiques.Elections et votations",1
SO,1988,"Etat.Autorités.Gouvernement et administration.Droit du personnel.Traitements, indemnités",1
SO,1988,Droit civil.Procédure civile.Exécution,1
SO,1988,"Enseignement, sciences, documentation et culture",1
SO,1988,"Enseignement, sciences, documentation et culture.Degré secondaire II.Ecoles supérieures de commerce, ecoles supérieures d'informatique",1
SO,1988,"Enseignement, sciences, documentation et culture.Degré secondaire II: Formation professionnelle initiale.Ecoles professionnelles.Enseignement ménager",2
SO,1988,"Enseignement, sciences, documentation et culture.Corps enseignant.Traitement, indemnités",1
SO,1988,"Défense nationale, protection de la population, police",1
SO,1988,"Défense nationale, protection de la population, police.Protection de la population.Protection civile.Financement",1
SO,1988,"Défense nationale, protection de la population, police.Protection de la population.Protection contre les incendies / éléments naturels.Protection contre le feu, pompiers",1
SO,1988,"Défense nationale, protection de la population, police.Sécurité intérieure.Police.Personnel",1
SO,1988,Economie.Commerce.Poids et mesures. moyens de paiement,1
SO,1989,"Etat.Autorités.Gouvernement et administration.Droit du personnel.Traitements, indemnités",1
SO,1989,Droit civil.Droit international privé,1
SO,1989,"Enseignement, sciences, documentation et culture.Degré secondaire II: Formation professionnelle initiale.Ecoles professionnelles.Enseignement ménager",1
SO,1989,"Finances, Impôts, monopoles, entreprises d'état.Monopoles, régales, entreprises d'état.Chasse.Chasseurs",1
SO,1989,"Aménagement du territoire et constructions, expropriation, travaux publics, énergie, transports, environnement",1
SO,1989,"Aménagement du territoire et constructions, expropriation, travaux publics, énergie, transports, environnement.Energie.Forces hydrauliques",1
SO,1989,"Aménagement du territoire et constructions, expropriation, travaux publics, énergie, transports, environnement.Protection de la nature et du paysage.Protection des animaux",1
SO,1989,"Santé, travail, droit des assurances sociales, logement, homes.Droit du travail.Marché du travail.Lutte contre les crises, réserves de crise bénéficiant d'allégements fiscaux",1
SO,1989,"Santé, travail, droit des assurances sociales, logement, homes.Droit du travail.Offices de conciliation",1
SO,1990,Etat,2
SO,1990,"Etat.Autorités.Gouvernement et administration.Droit du personnel.Traitements, indemnités",2
SO,1990,Droit civil,1
SO,1990,Droit civil.Dispositions d'introduction du code civil.Droits réels.Estimation officielle des immeubles,1
SO,1990,"Enseignement, sciences, documentation et culture.Degré prescolaire, école primaire, degré secondaire I.Ecole enfantine",1
SO,1990,"Enseignement, sciences, documentation et culture.Pédagogie spécialisée.Logopédie",1
SO,1990,"Enseignement, sciences, documentation et culture.Corps enseignant.Traitement, indemnités",1
SO,1990,"Santé, travail, droit des assurances sociales, logement, homes.Droit des assurances sociales.LPP",1
SO,1990,Economie,1
SO,1991,Etat.Dispositions générales.Etablissement et séjour.Etablissement et séjour des étrangers.intégration,1
SO,1991,"Etat.Autorités.Gouvernement et administration.Droit du personnel.Traitements, indemnités",1
SO,1991,"Etat.Autorités.Organisation judiciaire.Autorités judiciaires.Tribunaux de district / d'arrondissement, juges de paix",1
SO,1991,Droit pénal,1
SO,1991,"Enseignement, sciences, documentation et culture",1
SO,1991,"Enseignement, sciences, documentation et culture.Degré secondaire II.Ecole moyenne",1
SO,1991,"Enseignement, sciences, documentation et culture.Corps enseignant.Traitement, indemnités",1
SO,1991,"Défense nationale, protection de la population, police.Sécurité intérieure.Entreprises de sécurité",1
SO,1991,"Santé, travail, droit des assurances sociales, logement, homes.Assistance.Consultation familiale et matrimoniale",1
SO,1992,Droit civil.Dispositions d'introduction du code civil.Droit des successions,1
SO,1992,Droit pénal.Droit pénal des mineurs et procédure pénale des mineurs,1
SO,1992,"Enseignement, sciences, documentation et culture.Degré prescolaire, école primaire, degré secondaire I.Ecole enfantine",1
SO,1992,"Finances, Impôts, monopoles, entreprises d'état",1
SO,1992,"Aménagement du territoire et constructions, expropriation, travaux publics, énergie, transports, environnement.Protection de l'environnement.Déchets",1
SO,1992,"Santé, travail, droit des assurances sociales, logement, homes",1
SO,1992,"Santé, travail, droit des assurances sociales, logement, homes.Assistance.Homes.Etablissements pour personnes âgées",1
SO,1992,Economie,1
SO,1993,Etat.Dispositions générales.Droit de cité,1
SO,1993,Etat.Autorités.Gouvernement et administration.Organisation.Délégation,1
SO,1993,Droit pénal.Procédure pénale.Aide aux victimes d'infractions,1
SO,1993,Droit pénal.Amendes d'ordre,1
SO,1993,Droit pénal.Exécution des peines et des mesures.Patronage,1
SO,1993,"Enseignement, sciences, documentation et culture",1
SO,1993,"Enseignement, sciences, documentation et culture.Degré tertiaire: Ecoles supérieures",1
SO,1993,"Finances, Impôts, monopoles, entreprises d'état.Finances.Contributions étatiques, subventions",1
SO,1993,"Aménagement du territoire et constructions, expropriation, travaux publics, énergie, transports, environnement",2
SO,1993,"Aménagement du territoire et constructions, expropriation, travaux publics, énergie, transports, environnement.Protection de l'environnement.Déchets",1
SO,1993,"Santé, travail, droit des assurances sociales, logement, homes",1
SO,1993,Economie,2
SO,1994,Droit pénal.Dispositions générales d'introduction du code pénal.Interruption de grossesse,1
SO,1994,"Enseignement, sciences, documentation et culture",5
SO,1994,"Enseignement, sciences, documentation et culture.Degré tertiaire: Ecoles supérieures",3
SO,1994,"Défense nationale, protection de la population, police.Sécurité intérieure.Police.Personnel",1
SO,1994,"Finances, Impôts, monopoles, entreprises d'état",1
SO,1994,"Finances, Impôts, monopoles, entreprises d'état.Impôts.Impôts sur le revenu et la fortune / impôts sur les bénéfices et les capitaux.Impôt fédéral",1
SO,1994,"Finances, Impôts, monopoles, entreprises d'état.Impôts.Impôts sur le revenu et la fortune / impôts sur les bénéfices et les capitaux.Impôt à la source",1
SO,1994,"Aménagement du territoire et constructions, expropriation, travaux publics, énergie, transports, environnement",1
SO,1994,"Santé, travail, droit des assurances sociales, logement, homes.Santé.Hygiène.Piscines",1
SO,1995,Etat,2
SO,1995,"Etat.Autorités.Gouvernement et administration.Droit du personnel.Pensions, prestations d'assurance",1
SO,1995,Droit civil,2
SO,1995,Droit civil.Dispositions d'introduction du code civil.Droit de la famille.Tutelle,1
SO,1995,"Enseignement, sciences, documentation et culture",1
SO,1995,"Enseignement, sciences, documentation et culture.Corps enseignant.Traitement, indemnités",2
SO,1995,"Enseignement, sciences, documentation et culture.Corps enseignant.Formation",1
SO,1995,"Enseignement, sciences, documentation et culture.Contributions à la formation.Ecolages",2
SO,1995,"Enseignement, sciences, documentation et culture.Assurance de la qualité, surveillance, direction.Surveillance scolaire",1
SO,1995,"Enseignement, sciences, documentation et culture.Documentation.Musées",1
SO,1995,"Finances, Impôts, monopoles, entreprises d'état.Impôts.Impôts sur le revenu et la fortune / impôts sur les bénéfices et les capitaux.Impôt fédéral",1
SO,1995,"Santé, travail, droit des assurances sociales, logement, homes",2
SO,1995,"Santé, travail, droit des assurances sociales, logement, homes.Assistance.Aide sociale",1
SO,1995,Economie,1
SO,1996,Etat,3
SO,1996,Etat.Dispositions générales.Etablissement et séjour.Etablissement et séjour des étrangers.mesures de contrainte,1
SO,1996,"Etat.Dispositions générales.Droits fondamentaux, droits politiques.égalité entre hommes et femmes",1
SO,1996,"Etat.Autorités.Gouvernement et administration.Droit du personnel.Traitements, indemnités",2
SO,1996,"Enseignement, sciences, documentation et culture",2
SO,1996,"Enseignement, sciences, documentation et culture.Degré tertiaire: Ecoles supérieures",2
SO,1996,"Enseignement, sciences, documentation et culture.Corps enseignant.Traitement, indemnités",2
SO,1996,"Défense nationale, protection de la population, police.Sécurité intérieure.Police.Personnel",1
SO,1996,"Finances, Impôts, monopoles, entreprises d'état",2
SO,1996,"Finances, Impôts, monopoles, entreprises d'état.Monopoles, régales, entreprises d'état.Alcool",1
SO,1996,"Aménagement du territoire et constructions, expropriation, travaux publics, énergie, transports, environnement.Travaux publics.Marchés publics",1
SO,1996,"Aménagement du territoire et constructions, expropriation, travaux publics, énergie, transports, environnement.Transports.Transports publics.Transports régionaux",1
SO,1996,"Aménagement du territoire et constructions, expropriation, travaux publics, énergie, transports, environnement.Protection de la nature et du paysage.Protection des animaux",2
SO,1996,"Santé, travail, droit des assurances sociales, logement, homes",1
SO,1996,"Santé, travail, droit des assurances sociales, logement, homes.Santé.Hygiène.Alimentation en eau",1
SO,1996,"Santé, travail, droit des assurances sociales, logement, homes.Assistance.Avances sur les pensions alimentaires",1
SO,1996,Economie,1
SO,1996,Economie.Agriculture.Assurances des animaux,1
SO,1997,Etat,1
SO,1997,Droit civil,1
SO,1997,"Enseignement, sciences, documentation et culture",3
SO,1997,"Défense nationale, protection de la population, police.Défense.Taxe d'exemption",1
SO,1997,"Finances, Impôts, monopoles, entreprises d'état",1
SO,1997,"Aménagement du territoire et constructions, expropriation, travaux publics, énergie, transports, environnement.Protection de l'environnement.Protection des eaux",1
SO,1997,"Aménagement du territoire et constructions, expropriation, travaux publics, énergie, transports, environnement.Protection de l'environnement.Protection contre le bruit",1
SO,1997,"Santé, travail, droit des assurances sociales, logement, homes",1
SO,1997,"Santé, travail, droit des assurances sociales, logement, homes.Droit des assurances sociales.LAMAL.Réduction des primes",1
SO,1997,"Santé, travail, droit des assurances sociales, logement, homes.Assistance.Donations et collectes publiques",1
SO,1998,Etat.Autorités.Gouvernement et administration.Administration.Directions et offices,1
SO,1998,"Droit civil.Dispositions d'introduction du code civil.Droit des personnes, état civil.Fondations, surveillance.Fondations LPP",1
SO,1998,"Enseignement, sciences, documentation et culture",2
SO,1998,"Enseignement, sciences, documentation et culture.Corps enseignant.Traitement, indemnités",1
SO,1998,"Enseignement, sciences, documentation et culture.Contributions à la formation.Ecolages",1
SO,1998,"Aménagement du territoire et constructions, expropriation, travaux publics, énergie, transports, environnement.Protection de la nature et du paysage.Champignons",1
SO,1998,Economie,1
SO,1998,Economie.Développement économiques dans les régions de montagne,1
SO,1999,"Enseignement, sciences, documentation et culture.Corps enseignant.Traitement, indemnités",1
SO,1999,"Défense nationale, protection de la population, police.Sécurité intérieure.Armes et munitions",1
SO,1999,"Aménagement du territoire et constructions, expropriation, travaux publics, énergie, transports, environnement",1
SO,1999,"Aménagement du territoire et constructions, expropriation, travaux publics, énergie, transports, environnement.Protection de l'environnement.Lutte contre les dommages",1
SO,1999,"Santé, travail, droit des assurances sociales, logement, homes",2
SO,1999,Economie.Arts et métiers.Services.Jeux de hasard et loteries.Maisons de jeu,1
SO,2000,Etat,2
SO,2000,Etat.Autorités.Gouvernement et administration.Organisation.Délégation,1
SO,2000,Etat.Eglise et Etat.Eglise évangélique réformée,1
SO,2000,Etat.Professions juridiques.Avocats.Formation,1
SO,2000,Droit civil,1
SO,2000,"Enseignement, sciences, documentation et culture",1
SO,2000,"Enseignement, sciences, documentation et culture.Pédagogie spécialisée.Logopédie",1
SO,2000,"Enseignement, sciences, documentation et culture.Corps enseignant.Formation",1
SO,2000,"Enseignement, sciences, documentation et culture.Assurance de la qualité, surveillance, direction.Matériel scolaire",1
SO,2000,"Aménagement du territoire et constructions, expropriation, travaux publics, énergie, transports, environnement.Protection de l'environnement.Lutte contre les dommages",1
SO,2000,"Santé, travail, droit des assurances sociales, logement, homes",1
SO,2000,Non classé,1
SO,2001,Etat.Dispositions générales.Information du public,1
SO,2001,"Enseignement, sciences, documentation et culture.Art, culture, sport.Sport",1
SO,2001,"Santé, travail, droit des assurances sociales, logement, homes",2
SO,2001,Economie.Commerce.Commerce itinérant,1
SO,2002,Etat,1
SO,2002,"Etat.Autorités.Gouvernement et administration.Droit du personnel.Traitements, indemnités",1
SO,2002,Droit civil,1
SO,2002,"Enseignement, sciences, documentation et culture.Degré tertiaire: Hautes écoles.Pédagogie",2
SO,2002,"Aménagement du territoire et constructions, expropriation, travaux publics, énergie, transports, environnement.Aménagement du territoire et constructions.Equipement",1
SO,2003,Etat,1
SO,2003,Etat.Dispositions générales.Documents d'identité,1
SO,2003,"Etat.Dispositions générales.Droits fondamentaux, droits politiques.droits politiques.Elections et votations",1
SO,2003,Etat.Communes.Finances communales,1
SO,2003,"Défense nationale, protection de la population, police",1
SO,2004,Etat.Autorités.Gouvernement et administration.Organisation.Délégation,1
SO,2004,Etat.Autorités.Gouvernement et administration.New Public Management,1
SO,2004,"Enseignement, sciences, documentation et culture",1
SO,2004,"Enseignement, sciences, documentation et culture.Degré secondaire II.Ecole moyenne",1
SO,2004,"Enseignement, sciences, documentation et culture.Art, culture, sport.Encouragement à la culture",1
SO,2004,"Santé, travail, droit des assurances sociales, logement, homes.Santé.Professions médicales.Médecins",1
SO,2004,"Santé, travail, droit des assurances sociales, logement, homes.Droit du travail.Marché du travail.Envoi de travailleurs à l'étranger",1
SO,2004,"Santé, travail, droit des assurances sociales, logement, homes.Droit des assurances sociales.Assurance-chômage",1
SO,2004,Economie.Agriculture.Mesures d'encouragement,1
SO,2004,Economie.Agriculture.Epizooties,1
SO,2004,Economie.Arts et métiers.Services.Crédit à la consommation,1
SO,2005,Etat,2
SO,2005,Etat.Autorités.Responsabilité de l'état,1
SO,2005,Etat.Professions juridiques.Avocats.Formation,1
SO,2005,"Enseignement, sciences, documentation et culture.Assurance de la qualité, surveillance, direction.Direction",1
SO,2005,"Défense nationale, protection de la population, police",1
SO,2005,"Santé, travail, droit des assurances sociales, logement, homes",2
SO,2005,"Santé, travail, droit des assurances sociales, logement, homes.Droit des assurances sociales.LAMAL.Limitation de l'admission des fournisseurs de prestations",1
SO,2006,Etat.Communes.Contributions financières des communes,1
SO,2006,"Enseignement, sciences, documentation et culture.Documentation.Archives",1
SO,2006,"Défense nationale, protection de la population, police",1
SO,2006,Economie,1
SO,2007,Etat,1
SO,2007,"Enseignement, sciences, documentation et culture",1
SO,2008,"Etat.Dispositions générales.Droits fondamentaux, droits politiques.droits politiques.Elections et votations",1
SO,2008,"Défense nationale, protection de la population, police.Sécurité intérieure.Maintien de la tranquillité et de l'ordre public.Chiens, animaux dangereux",1
SO,2009,"Aménagement du territoire et constructions, expropriation, travaux publics, énergie, transports, environnement",2
SO,2009,"Aménagement du territoire et constructions, expropriation, travaux publics, énergie, transports, environnement.Protection de l'environnement.Produits toxiques et chimiques",1
SO,2009,"Santé, travail, droit des assurances sociales, logement, homes.Santé.Prévention des dépendances.Interdictions de fumer",1
SO,2010,"Enseignement, sciences, documentation et culture.Contributions à la formation.Ecolages",1
SO,2010,"Santé, travail, droit des assurances sociales, logement, homes",1
SO,2011,Etat.Dispositions générales.Etablissement et séjour.Etablissement et séjour des étrangers.asile,1
SO,2011,"Etat.Autorités.Gouvernement et administration.Droit du personnel.Traitements, indemnités",1
SO,2011,"Finances, Impôts, monopoles, entreprises d'état.Impôts.Impôts sur le revenu et la fortune / impôts sur les bénéfices et les capitaux.Impôt cantonal",1
SO,2011,"Santé, travail, droit des assurances sociales, logement, homes",1
SO,2012,"Défense nationale, protection de la population, police.Sécurité intérieure.Police.Police cantonale",1
SO,2013,"Santé, travail, droit des assurances sociales, logement, homes.Santé.Professions médicales.Médecins",1
SO,2014,Etat.Communes.Finances communales,1
SO,2015,"Etat.Dispositions générales.Droits fondamentaux, droits politiques.droits politiques.Elections et votations",2
SO,2015,"Droit civil.Dispositions d'introduction du code civil.Droits réels.Registre foncier, mensurations cadastrales",1
SO,2015,"Enseignement, sciences, documentation et culture",1
SO,2015,Economie,1
SO,2018,Etat.Dispositions générales.Publications officielles.Recueils de législation,1
SO,2018,Etat.Autorités.Gouvernement et administration.Procédure administrative,1
SO,2019,Etat.Communes.Finances communales,1
SO,2019,"Finances, Impôts, monopoles, entreprises d'état",1
SO,2019,"Santé, travail, droit des assurances sociales, logement, homes.Santé.Substances thérapeutiques, stupéfiants",1
SO,2019,"Santé, travail, droit des assurances sociales, logement, homes.Santé.Lutte contre les maladies.Epidémies, pandémies",1
SO,2020,Etat.Autorités.Informatique.E-Government,1
SO,2020,"Enseignement, sciences, documentation et culture.Art, culture, sport.Encouragement à la culture",2
SO,2020,"Défense nationale, protection de la population, police",1
SO,2020,"Santé, travail, droit des assurances sociales, logement, homes.Santé.Lutte contre les maladies.Epidémies, pandémies",11
SO,2020,Economie.Arts et métiers.Services.Jeux de hasard et loteries.Fonds de loterie,1
SO,2021,Etat.Autorités.Gouvernement et administration.Procédure administrative,1
SO,2021,"Enseignement, sciences, documentation et culture.Art, culture, sport.Art.Cinéma, théâtre, divertissement",1
SO,2021,"Finances, Impôts, monopoles, entreprises d'état",1
SO,2021,"Santé, travail, droit des assurances sociales, logement, homes.Santé.Lutte contre les maladies.Epidémies, pandémies",2
SO,2022,"Finances, Impôts, monopoles, entreprises d'état",1
SO,2022,"Aménagement du territoire et constructions, expropriation, travaux publics, énergie, transports, environnement",1
SO,2022,"Aménagement du territoire et constructions, expropriation, travaux publics, énergie, transports, environnement.Energie.Forces hydrauliques",1
SO,2022,"Santé, travail, droit des assurances sociales, logement, homes.Santé.Lutte contre les maladies.Epidémies, pandémies",2
SO,2023,"Aménagement du territoire et constructions, expropriation, travaux publics, énergie, transports, environnement.Expropriation",1
SO,2024,"Enseignement, sciences, documentation et culture.Documentation.Archives",1
SO,2024,"Finances, Impôts, monopoles, entreprises d'état",1
SO,2024,"Aménagement du territoire et constructions, expropriation, travaux publics, énergie, transports, environnement.Aménagement du territoire et constructions.Procédure",1
SO,2024,"Santé, travail, droit des assurances sociales, logement, homes.Santé.Professions médicales.Personnel soignant",1
SO,2024,"Santé, travail, droit des assurances sociales, logement, homes.Droit des assurances sociales.LAMAL.Limitation de l'admission des fournisseurs de prestations",1
SO,2026,"Santé, travail, droit des assurances sociales, logement, homes",1
SZ,1934,"Aménagement du territoire et constructions, expropriation, travaux publics, énergie, transports, environnement.Transports.Funiculaires, téléphériques, téléskis",1
SZ,1934,"Santé, travail, droit des assurances sociales, logement, homes.Santé.Prévention des accidents",1
SZ,1935,"Economie.Arts et métiers.Services.Institutions de crédit / assurances.Banques, bourses",1
SZ,1936,Economie.Commerce.Commerce itinérant,1
SZ,1943,Etat.Dispositions générales.Droit de cité,1
SZ,1944,Economie.Agriculture.Production animale.Commerce du bétail,1
SZ,1950,"Aménagement du territoire et constructions, expropriation, travaux publics, énergie, transports, environnement.Transports.Navigation aérienne.Aéronefs",1
SZ,1951,"Aménagement du territoire et constructions, expropriation, travaux publics, énergie, transports, environnement",1
SZ,1959,Etat.Dispositions générales.Documents d'identité,1
SZ,1959,"Santé, travail, droit des assurances sociales, logement, homes.Droit des assurances sociales.AVS/AI",1
SZ,1963,Etat.Dispositions générales.Armoiries,1
SZ,1963,"Finances, Impôts, monopoles, entreprises d'état.Impôts.Interdiction des arrangements fiscaux",1
SZ,1964,"Finances, Impôts, monopoles, entreprises d'état.Finances.Contributions étatiques, subventions",1
SZ,1967,"Aménagement du territoire et constructions, expropriation, travaux publics, énergie, transports, environnement.Protection de la nature et du paysage.Protection des animaux",1
SZ,1970,Etat.Dispositions générales.Droit de cité,1
SZ,1970,Droit civil.Arbitrage,1
SZ,1970,"Santé, travail, droit des assurances sociales, logement, homes.Droit des assurances sociales.Prestations complémentaires",1
SZ,1972,Droit pénal.Amendes d'ordre,1
SZ,1973,"Enseignement, sciences, documentation et culture.Degré secondaire II.Ecole moyenne",1
SZ,1973,"Aménagement du territoire et constructions, expropriation, travaux publics, énergie, transports, environnement.Protection de l'environnement.Produits toxiques et chimiques",1
SZ,1974,"Enseignement, sciences, documentation et culture.Degré prescolaire, école primaire, degré secondaire I.Ecole primaire, degré secondaire I",1
SZ,1974,"Finances, Impôts, monopoles, entreprises d'état",1
SZ,1974,"Aménagement du territoire et constructions, expropriation, travaux publics, énergie, transports, environnement.Expropriation",1
SZ,1975,Etat.Autorités.Gouvernement et administration.Procédure administrative,1
SZ,1975,"Enseignement, sciences, documentation et culture.Sport scolaire",1
SZ,1975,Economie.Commerce.Poids et mesures. moyens de paiement,1
SZ,1976,"Aménagement du territoire et constructions, expropriation, travaux publics, énergie, transports, environnement.Travaux publics.Aménagement des eaux.Utilisation des eaux",1
SZ,1978,"Santé, travail, droit des assurances sociales, logement, homes.Santé.Substances thérapeutiques, stupéfiants",1
SZ,1979,"Aménagement du territoire et constructions, expropriation, travaux publics, énergie, transports, environnement",1
SZ,1980,"Aménagement du territoire et constructions, expropriation, travaux publics, énergie, transports, environnement.Protection de la nature et du paysage.Protection du paysage",3
SZ,1981,"Défense nationale, protection de la population, police.Sécurité intérieure.Explosifs",1
SZ,1981,"Santé, travail, droit des assurances sociales, logement, homes",1
SZ,1982,"Droit civil.Dispositions d'introduction du code civil.Droits réels.Registre foncier, mensurations cadastrales",1
SZ,1983,"Aménagement du territoire et constructions, expropriation, travaux publics, énergie, transports, environnement.Protection de la nature et du paysage.Protection du paysage",1
SZ,1983,"Santé, travail, droit des assurances sociales, logement, homes.Droit du travail.Travail à domicile",1
SZ,1983,"Santé, travail, droit des assurances sociales, logement, homes.Droit des assurances sociales.LPP",1
SZ,1984,"Enseignement, sciences, documentation et culture.Degré secondaire II: Formation professionnelle initiale.Orientation professionnelle",1
SZ,1984,"Santé, travail, droit des assurances sociales, logement, homes.Santé.Lutte contre les maladies.Epidémies, pandémies",1
SZ,1984,"Santé, travail, droit des assurances sociales, logement, homes.Assistance.Aide sociale",1
SZ,1986,"Finances, Impôts, monopoles, entreprises d'état.Finances.Budget, comptes",1
SZ,1986,"Aménagement du territoire et constructions, expropriation, travaux publics, énergie, transports, environnement.Protection de la nature et du paysage.Protection du paysage",1
SZ,1987,"Finances, Impôts, monopoles, entreprises d'état",1
SZ,1987,"Santé, travail, droit des assurances sociales, logement, homes",1
SZ,1987,"Santé, travail, droit des assurances sociales, logement, homes.Assistance.Personnes handicapés.Ateliers protégés",1
SZ,1988,"Aménagement du territoire et constructions, expropriation, travaux publics, énergie, transports, environnement.Aménagement du territoire et constructions.Plans",1
SZ,1988,"Aménagement du territoire et constructions, expropriation, travaux publics, énergie, transports, environnement.Travaux publics.Routes.Chemins pédestres et de randonnée",1
SZ,1988,"Aménagement du territoire et constructions, expropriation, travaux publics, énergie, transports, environnement.Protection de la nature et du paysage.Protection du paysage",1
SZ,1989,Etat.Dispositions générales.Etablissement et séjour.Etablissement et séjour des étrangers.asile,1
SZ,1989,"Santé, travail, droit des assurances sociales, logement, homes",1
SZ,1990,"Santé, travail, droit des assurances sociales, logement, homes.Santé.Hygiène.Inhumations, cimetières",1
SZ,1991,"Etat.Autorités.Gouvernement et administration.Droit du personnel.Traitements, indemnités",1
SZ,1991,"Finances, Impôts, monopoles, entreprises d'état.Monopoles, régales, entreprises d'état.Chasse.Chasseurs",1
SZ,1991,"Aménagement du territoire et constructions, expropriation, travaux publics, énergie, transports, environnement",1
SZ,1992,Etat.Autorités.Gouvernement et administration.Gouvernement.Chancellerie de l'Etat,1
SZ,1992,"Finances, Impôts, monopoles, entreprises d'état.Finances.Contributions étatiques, subventions",1
SZ,1992,"Santé, travail, droit des assurances sociales, logement, homes",1
SZ,1992,"Santé, travail, droit des assurances sociales, logement, homes.Santé.Prévention des accidents",1
SZ,1992,Economie.Agriculture.Epizooties,1
SZ,1993,"Santé, travail, droit des assurances sociales, logement, homes",1
SZ,1994,Droit civil.Dispositions d'introduction du code civil.Droits réels.Estimation officielle des immeubles,1
SZ,1994,"Enseignement, sciences, documentation et culture.Documentation.Archives",1
SZ,1994,"Enseignement, sciences, documentation et culture.Art, culture, sport.Sport",1
SZ,1994,"Finances, Impôts, monopoles, entreprises d'état.Impôts.Impôts sur le revenu et la fortune / impôts sur les bénéfices et les capitaux.Impôt fédéral",1
SZ,1994,"Aménagement du territoire et constructions, expropriation, travaux publics, énergie, transports, environnement.Protection de la nature et du paysage.Protection du paysage",1
SZ,1995,Etat.Communes.Finances communales,1
SZ,1995,"Défense nationale, protection de la population, police.Protection de la population.Protection contre les incendies / éléments naturels.Protection contre le feu, pompiers",1
SZ,1995,"Aménagement du territoire et constructions, expropriation, travaux publics, énergie, transports, environnement.Protection de la nature et du paysage.Protection du paysage",1
SZ,1995,"Santé, travail, droit des assurances sociales, logement, homes",1
SZ,1996,"Santé, travail, droit des assurances sociales, logement, homes",1
SZ,1996,"Santé, travail, droit des assurances sociales, logement, homes.Droit des assurances sociales.LAMAL.Réduction des primes",1
SZ,1997,"Aménagement du territoire et constructions, expropriation, travaux publics, énergie, transports, environnement",1
SZ,1997,"Aménagement du territoire et constructions, expropriation, travaux publics, énergie, transports, environnement.Transports.Circulation routière.Transport des personnes",1
SZ,1997,"Aménagement du territoire et constructions, expropriation, travaux publics, énergie, transports, environnement.Protection de la nature et du paysage.Protection des animaux",1
SZ,1997,"Santé, travail, droit des assurances sociales, logement, homes",1
SZ,1997,"Santé, travail, droit des assurances sociales, logement, homes.Droit des assurances sociales.Assurance-chômage",1
SZ,1998,Droit pénal.Procédure pénale.Aide aux victimes d'infractions,1
SZ,1998,"Enseignement, sciences, documentation et culture.Pédagogie spécialisée.Ecoles spécialisées",1
SZ,1999,"Etat.Dispositions générales.Droits fondamentaux, droits politiques.droits politiques.Elections et votations",1
SZ,1999,"Droit civil.Dispositions d'introduction du code civil.Droits réels.Registre foncier, mensurations cadastrales",1
SZ,1999,"Défense nationale, protection de la population, police.Sécurité intérieure.Armes et munitions",1
SZ,2000,"Finances, Impôts, monopoles, entreprises d'état",2
SZ,2000,"Finances, Impôts, monopoles, entreprises d'état.Monopoles, régales, entreprises d'état.Mines",1
SZ,2000,"Aménagement du territoire et constructions, expropriation, travaux publics, énergie, transports, environnement",1
SZ,2001,"Finances, Impôts, monopoles, entreprises d'état",1
SZ,2001,"Finances, Impôts, monopoles, entreprises d'état.Impôts.Impôts sur le revenu et la fortune / impôts sur les bénéfices et les capitaux.Imputation forfaitaire d'impôt",1
SZ,2001,"Finances, Impôts, monopoles, entreprises d'état.Impôts.Impôts sur le revenu et la fortune / impôts sur les bénéfices et les capitaux.Impôt à la source",1
SZ,2001,"Finances, Impôts, monopoles, entreprises d'état.Impôts.Taxe foncière",1
SZ,2001,"Finances, Impôts, monopoles, entreprises d'état.Impôts.Impôt anticipé",1
SZ,2001,"Finances, Impôts, monopoles, entreprises d'état.Impôts.Double imposition",1
SZ,2001,"Aménagement du territoire et constructions, expropriation, travaux publics, énergie, transports, environnement",1
SZ,2001,"Aménagement du territoire et constructions, expropriation, travaux publics, énergie, transports, environnement.Protection de l'environnement.Protection des eaux",1
SZ,2001,"Santé, travail, droit des assurances sociales, logement, homes",2
SZ,2001,Economie.Agriculture.Culture des plantes.Vignoble,1
SZ,2002,Droit civil.Dispositions d'introduction du code civil.Droit de la famille.Tutelle,1
SZ,2002,"Enseignement, sciences, documentation et culture.Formation continue (Degré quaternaire).Formation des adultes",1
SZ,2002,"Enseignement, sciences, documentation et culture.Corps enseignant.Traitement, indemnités",1
SZ,2002,"Enseignement, sciences, documentation et culture.Corps enseignant.Formation",1
SZ,2002,"Enseignement, sciences, documentation et culture.Assurance de la qualité, surveillance, direction.Médecine scolaire, services psychologiques scolaires",1
SZ,2002,"Finances, Impôts, monopoles, entreprises d'état",2
SZ,2002,"Santé, travail, droit des assurances sociales, logement, homes.Droit des assurances sociales.Allocations familiales.Salariés et indépendants",1
SZ,2002,Economie.Arts et métiers.Services.Jeux de hasard et loteries.Maisons de jeu,1
SZ,2003,Etat.Dispositions générales.Droit de cité,1
SZ,2003,"Enseignement, sciences, documentation et culture",1
SZ,2003,"Aménagement du territoire et constructions, expropriation, travaux publics, énergie, transports, environnement",1
SZ,2003,"Aménagement du territoire et constructions, expropriation, travaux publics, énergie, transports, environnement.Aménagement du territoire et constructions.Zones",1
SZ,2003,"Santé, travail, droit des assurances sociales, logement, homes",2
SZ,2003,"Santé, travail, droit des assurances sociales, logement, homes.Droit des assurances sociales.LAMAL.Limitation de l'admission des fournisseurs de prestations",1
SZ,2004,"Défense nationale, protection de la population, police.Protection de la population.Approvisionnement du pays",1
SZ,2004,"Finances, Impôts, monopoles, entreprises d'état.Impôts.Taxe foncière",1
SZ,2004,"Santé, travail, droit des assurances sociales, logement, homes",1
SZ,2004,"Santé, travail, droit des assurances sociales, logement, homes.Droit du travail.Marché du travail.Envoi de travailleurs à l'étranger",1
SZ,2005,Etat.Autorités.Gouvernement et administration.New Public Management,1
SZ,2005,"Droit civil.Dispositions d'introduction du code civil.Droits réels.Registre foncier, mensurations cadastrales",1
SZ,2005,"Santé, travail, droit des assurances sociales, logement, homes",1
SZ,2006,Etat.Communes.Finances communales,1
SZ,2007,"Etat.Autorités.Organisation judiciaire.Autorités judiciaires.Juges d'instruction, Ministère public.Ministère public",1
SZ,2007,Droit pénal.Procédure pénale.Profils d'ADN,1
SZ,2007,"Finances, Impôts, monopoles, entreprises d'état",1
SZ,2007,"Santé, travail, droit des assurances sociales, logement, homes.Assistance.Personnes handicapés.Ateliers protégés",1
SZ,2008,Etat.Dispositions générales.Information du public,1
SZ,2008,"Aménagement du territoire et constructions, expropriation, travaux publics, énergie, transports, environnement.Protection de la nature et du paysage.Protection du paysage",1
SZ,2008,"Santé, travail, droit des assurances sociales, logement, homes",1
SZ,2009,Droit pénal.Amendes d'ordre,1
SZ,2009,"Santé, travail, droit des assurances sociales, logement, homes.Assistance.Homes.Etablissements pour personnes âgées",1
SZ,2010,"Santé, travail, droit des assurances sociales, logement, homes",1
SZ,2010,"Santé, travail, droit des assurances sociales, logement, homes.Santé.Substances thérapeutiques, stupéfiants",1
SZ,2010,"Santé, travail, droit des assurances sociales, logement, homes.Droit des assurances sociales.Caisses de compensation",1
SZ,2010,Economie.Agriculture.Mesures d'encouragement,1
SZ,2012,"Droit civil.Dispositions d'introduction du code civil.Droits réels.Registre foncier, mensurations cadastrales",2
SZ,2012,Droit pénal.Droit pénal des mineurs et procédure pénale des mineurs,1
SZ,2012,"Enseignement, sciences, documentation et culture.Degré tertiaire: Hautes écoles.Pédagogie",1
SZ,2012,"Finances, Impôts, monopoles, entreprises d'état.Impôts.Impôts sur le revenu et la fortune / impôts sur les bénéfices et les capitaux.Impôt cantonal",1
SZ,2014,Etat.Dispositions générales.Etablissement et séjour.Etablissement et séjour Suisses.contrôle des habitants,1
SZ,2014,"Santé, travail, droit des assurances sociales, logement, homes.Santé.Urgences, ambulances",1
SZ,2015,Etat.Autorités.Protection des données,1
SZ,2015,"Enseignement, sciences, documentation et culture.Art, culture, sport.Sport",1
SZ,2015,"Défense nationale, protection de la population, police.Défense.Taxe d'exemption",1
SZ,2016,"Aménagement du territoire et constructions, expropriation, travaux publics, énergie, transports, environnement.Aménagement du territoire et constructions.Plans",1
SZ,2016,"Aménagement du territoire et constructions, expropriation, travaux publics, énergie, transports, environnement.Protection de la nature et du paysage.Protection de la nature",1
SZ,2017,"Droit civil.Dispositions d'introduction du code civil.Droits réels.Registre foncier, mensurations cadastrales",1
SZ,2019,"Aménagement du territoire et constructions, expropriation, travaux publics, énergie, transports, environnement.Aménagement du territoire et constructions.Plans",1
SZ,2019,"Aménagement du territoire et constructions, expropriation, travaux publics, énergie, transports, environnement.Protection de la nature et du paysage.Protection des monuments et des biens culturels",1
SZ,2019,"Santé, travail, droit des assurances sociales, logement, homes",1
SZ,2020,"Etat.Autorités.Organisation judiciaire.Autorités judiciaires.Juges d'instruction, Ministère public.Ministère public",1
SZ,2020,"Aménagement du territoire et constructions, expropriation, travaux publics, énergie, transports, environnement.Aménagement du territoire et constructions.Plans",1
SZ,2020,"Santé, travail, droit des assurances sociales, logement, homes",1
SZ,2020,"Santé, travail, droit des assurances sociales, logement, homes.Santé.Lutte contre les maladies.Epidémies, pandémies",1
SZ,2022,"Aménagement du territoire et constructions, expropriation, travaux publics, énergie, transports, environnement.Aménagement du territoire et constructions.Equipement",1
SZ,2023,"Droit civil.Dispositions d'introduction du code civil.Droits réels.Registre foncier, mensurations cadastrales",1
SZ,2023,"Enseignement, sciences, documentation et culture.Degré prescolaire, école primaire, degré secondaire I.Crèches",1
SZ,2023,"Aménagement du territoire et constructions, expropriation, travaux publics, énergie, transports, environnement.Energie.Forces hydrauliques",1
SZ,2023,"Santé, travail, droit des assurances sociales, logement, homes",1
SZ,2024,"Aménagement du territoire et constructions, expropriation, travaux publics, énergie, transports, environnement",1
SZ,2024,"Santé, travail, droit des assurances sociales, logement, homes.Santé.Professions médicales.Personnel soignant",1
SZ,2026,Etat.Autorités.Gouvernement et administration.Procédure administrative,1
SZ,2026,"Aménagement du territoire et constructions, expropriation, travaux publics, énergie, transports, environnement",1
TG,1902,"Aménagement du territoire et constructions, expropriation, travaux publics, énergie, transports, environnement.Energie.Electricité",1
TG,1918,"Santé, travail, droit des assurances sociales, logement, homes",1
TG,1918,"Santé, travail, droit des assurances sociales, logement, homes.Droit du travail.Offices de conciliation",1
TG,1931,Etat,1
TG,1946,"Enseignement, sciences, documentation et culture",1
TG,1948,"Enseignement, sciences, documentation et culture.Documentation.Archives",1
TG,1948,"Santé, travail, droit des assurances sociales, logement, homes.Droit des assurances sociales.AVS/AI",1
TG,1961,Economie.Commerce.Poids et mesures. moyens de paiement,1
TG,1964,"Aménagement du territoire et constructions, expropriation, travaux publics, énergie, transports, environnement.Travaux publics.Routes.Routes nationales",1
TG,1965,"Aménagement du territoire et constructions, expropriation, travaux publics, énergie, transports, environnement.Protection de l'environnement.Protection des eaux",1
TG,1968,"Finances, Impôts, monopoles, entreprises d'état.Impôts.Impôts sur le revenu et la fortune / impôts sur les bénéfices et les capitaux.Impôt à la source",1
TG,1971,"Santé, travail, droit des assurances sociales, logement, homes.Droit des assurances sociales.AVS/AI",1
TG,1972,Etat.Eglise et Etat.Eglise évangélique réformée,1
TG,1973,"Aménagement du territoire et constructions, expropriation, travaux publics, énergie, transports, environnement",1
TG,1973,Economie.Commerce.Surveillance des prix,1
TG,1974,"Aménagement du territoire et constructions, expropriation, travaux publics, énergie, transports, environnement.Protection de l'environnement.Produits toxiques et chimiques",1
TG,1974,"Santé, travail, droit des assurances sociales, logement, homes",1
TG,1975,"Aménagement du territoire et constructions, expropriation, travaux publics, énergie, transports, environnement.Transports.Circulation routière.Impôts et taxes de la circulation",1
TG,1976,"Défense nationale, protection de la population, police.Protection de la population.Protection contre les incendies / éléments naturels.Protection contre les incendies",1
TG,1976,"Aménagement du territoire et constructions, expropriation, travaux publics, énergie, transports, environnement",1
TG,1976,"Santé, travail, droit des assurances sociales, logement, homes",1
TG,1977,"Défense nationale, protection de la population, police.Protection de la population.Protection contre les incendies / éléments naturels.Protection contre le feu, pompiers",1
TG,1977,"Défense nationale, protection de la population, police.Sécurité intérieure.Police.Coopération en matière de police",1
TG,1977,Economie,1
TG,1978,Droit civil.Dispositions générales d'introduction du code des obligations.Des divers contrats.Contrat de travail.Conventions collectives.Déclaration de force obligatoire générale,1
TG,1978,"Défense nationale, protection de la population, police",1
TG,1979,Etat.Eglise et Etat.Eglise catholique romaine,1
TG,1979,Etat.Eglise et Etat.Eglise évangélique réformée,1
TG,1980,Etat.Eglise et Etat.Eglise évangélique réformée,1
TG,1980,Droit pénal.Exécution des peines et des mesures.Patronage,1
TG,1980,"Défense nationale, protection de la population, police.Protection de la population.Protection contre les incendies / éléments naturels.Protection contre le feu, pompiers",1
TG,1980,"Défense nationale, protection de la population, police.Protection de la population.Protection contre les incendies / éléments naturels.Protection contre les incendies",1
TG,1980,"Santé, travail, droit des assurances sociales, logement, homes.Logement.Mesures d'encouragement à la construction de logements",1
TG,1981,"Aménagement du territoire et constructions, expropriation, travaux publics, énergie, transports, environnement",2
TG,1981,"Aménagement du territoire et constructions, expropriation, travaux publics, énergie, transports, environnement.Transports.Conduites",1
TG,1981,"Santé, travail, droit des assurances sociales, logement, homes.Logement.Logement dans les zones de montagne",1
TG,1982,Etat.Eglise et Etat.Eglise catholique romaine,1
TG,1982,"Défense nationale, protection de la population, police",1
TG,1982,"Défense nationale, protection de la population, police.Sécurité intérieure.Explosifs",1
TG,1982,"Santé, travail, droit des assurances sociales, logement, homes.Droit des assurances sociales.AVS/AI",1
TG,1982,Economie,1
TG,1983,"Enseignement, sciences, documentation et culture.Pédagogie spécialisée.Ecoles spécialisées",1
TG,1983,"Aménagement du territoire et constructions, expropriation, travaux publics, énergie, transports, environnement",1
TG,1983,"Aménagement du territoire et constructions, expropriation, travaux publics, énergie, transports, environnement.Protection de la nature et du paysage.Protection des animaux",1
TG,1983,"Santé, travail, droit des assurances sociales, logement, homes.Droit du travail.Travail à domicile",1
TG,1983,"Santé, travail, droit des assurances sociales, logement, homes.Droit des assurances sociales.LAA",1
TG,1984,"Etat.Autorités.Organisation judiciaire.Autorités judiciaires.Tribunaux administratifs, des assurances et des assurances sociales",1
TG,1984,Etat.Eglise et Etat.Eglise catholique romaine,1
TG,1984,"Défense nationale, protection de la population, police.Sécurité intérieure.Maintien de la tranquillité et de l'ordre public.Chiens, animaux dangereux",1
TG,1984,"Santé, travail, droit des assurances sociales, logement, homes",1
TG,1985,Etat,1
TG,1985,"Santé, travail, droit des assurances sociales, logement, homes.Assistance.Aide sociale",1
TG,1986,Droit civil.Dispositions générales d'introduction du code des obligations.Des divers contrats.Bail à loyer et à ferme.Bail à ferme agricole,1
TG,1986,"Santé, travail, droit des assurances sociales, logement, homes.Droit des assurances sociales.Allocations familiales.Travailleurs agricoles",1
TG,1988,Etat.Autorités.Protection des données,2
TG,1988,Droit civil.Dispositions d'introduction du code civil.Droit des successions,1
TG,1988,"Finances, Impôts, monopoles, entreprises d'état.Monopoles, régales, entreprises d'état.Pêche.Zones de pêche",1
TG,1988,"Santé, travail, droit des assurances sociales, logement, homes",2
TG,1988,Economie.Agriculture.Epizooties,1
TG,1989,"Aménagement du territoire et constructions, expropriation, travaux publics, énergie, transports, environnement",1
TG,1990,Etat.Autorités.Organisation judiciaire.Personnel des tribunaux,1
TG,1990,"Enseignement, sciences, documentation et culture",1
TG,1991,Etat.Dispositions générales.Publications officielles.Recueils de législation,1
TG,1991,"Etat.Autorités.Organisation judiciaire.Autorités judiciaires.Tribunaux administratifs, des assurances et des assurances sociales",1
TG,1991,Etat.Eglise et Etat.Eglise évangélique réformée,1
TG,1991,Etat.Professions juridiques.Avocats.Honoraires,1
TG,1991,Droit civil.Dispositions d'introduction du code civil.Droit de la famille.Tutelle,1
TG,1991,"Droit civil.Dispositions d'introduction du code civil.Droits réels.Registre foncier, mensurations cadastrales",1
TG,1991,Droit civil.Dispositions générales d'introduction du code des obligations.Droit commercial.Registre du commerce,1
TG,1991,"Enseignement, sciences, documentation et culture.Pédagogie spécialisée.Ecoles d'art et de sport",1
TG,1991,"Santé, travail, droit des assurances sociales, logement, homes",1
TG,1991,Economie.Agriculture.Améliorations foncières,1
TG,1992,Etat,1
TG,1992,Etat.Dispositions générales.Droit de cité,1
TG,1992,Etat.Autorités.Gouvernement et administration.Emoluments administratifs,1
TG,1992,Droit civil.Dispositions d'introduction du code civil.Droits réels.Estimation officielle des immeubles,1
TG,1992,Droit pénal.Droit pénal militaire,2
TG,1992,"Défense nationale, protection de la population, police.Sécurité intérieure.Police.Personnel",1
TG,1992,"Finances, Impôts, monopoles, entreprises d'état",1
TG,1992,"Finances, Impôts, monopoles, entreprises d'état.Finances.Budget, comptes",1
TG,1992,"Finances, Impôts, monopoles, entreprises d'état.Impôts.Impôts sur le revenu et la fortune / impôts sur les bénéfices et les capitaux.Impôt cantonal",1
TG,1992,"Finances, Impôts, monopoles, entreprises d'état.Impôts.Impôt anticipé",1
TG,1992,"Aménagement du territoire et constructions, expropriation, travaux publics, énergie, transports, environnement",1
TG,1992,"Aménagement du territoire et constructions, expropriation, travaux publics, énergie, transports, environnement.Protection de l'environnement.Etude d'impact sur l'environnement",1
TG,1992,"Aménagement du territoire et constructions, expropriation, travaux publics, énergie, transports, environnement.Protection de la nature et du paysage.Protection des animaux",1
TG,1993,Etat.Autorités.Organisation judiciaire.Autorités judiciaires.Commissions de recours,1
TG,1993,"Droit civil.Dispositions d'introduction du code civil.Droits réels.Registre foncier, mensurations cadastrales",1
TG,1993,"Finances, Impôts, monopoles, entreprises d'état.Monopoles, régales, entreprises d'état.Chasse.Chasseurs",1
TG,1993,"Santé, travail, droit des assurances sociales, logement, homes.Santé.Professions médicales.Naturopathes",1
TG,1993,"Santé, travail, droit des assurances sociales, logement, homes.Santé.Hygiène.Denrées alimentaires, objets d'usage courant.Surveillance des aliments",1
TG,1993,Economie.Agriculture.Droit foncier rural,1
TG,1994,"Enseignement, sciences, documentation et culture",1
TG,1994,"Défense nationale, protection de la population, police.Protection de la population.Protection contre les incendies / éléments naturels.Protection contre le feu, pompiers",1
TG,1994,"Finances, Impôts, monopoles, entreprises d'état.Impôts.Impôts sur le revenu et la fortune / impôts sur les bénéfices et les capitaux.Impôt fédéral",1
TG,1994,"Aménagement du territoire et constructions, expropriation, travaux publics, énergie, transports, environnement.Protection de l'environnement.Déchets",1
TG,1994,Economie,1
TG,1994,Economie.Arts et métiers.Services.Jeux de hasard et loteries.Sport-Toto,1
TG,1995,Etat.Eglise et Etat.Eglise catholique romaine,1
TG,1995,Etat.Eglise et Etat.Eglise évangélique réformée,1
TG,1995,"Enseignement, sciences, documentation et culture.Degré prescolaire, école primaire, degré secondaire I.Ecole primaire, degré secondaire I",1
TG,1995,"Enseignement, sciences, documentation et culture.Documentation.Bibliothèques",1
TG,1995,"Défense nationale, protection de la population, police.Protection de la population.Protection contre les incendies / éléments naturels.Ramoneurs",1
TG,1995,"Santé, travail, droit des assurances sociales, logement, homes",1
TG,1995,"Santé, travail, droit des assurances sociales, logement, homes.Santé.Hygiène.Denrées alimentaires, objets d'usage courant.Viandes.Abattoirs",1
TG,1995,"Santé, travail, droit des assurances sociales, logement, homes.Droit du travail.Marché du travail.Libre circulation",1
TG,1995,"Santé, travail, droit des assurances sociales, logement, homes.Droit des assurances sociales.AVS/AI",1
TG,1996,Etat.Eglise et Etat.Eglise catholique romaine,1
TG,1996,Droit pénal.Amendes d'ordre,1
TG,1996,"Enseignement, sciences, documentation et culture.Degré secondaire II: Formation professionnelle initiale.Ecoles préparant à la maturité professionnelle",1
TG,1996,"Enseignement, sciences, documentation et culture.Corps enseignant.Formation",1
TG,1996,"Défense nationale, protection de la population, police.Protection de la population.Protection contre les incendies / éléments naturels.Protection contre le feu, pompiers",1
TG,1996,"Finances, Impôts, monopoles, entreprises d'état",1
TG,1996,"Finances, Impôts, monopoles, entreprises d'état.Monopoles, régales, entreprises d'état.Alcool",1
TG,1996,"Aménagement du territoire et constructions, expropriation, travaux publics, énergie, transports, environnement.Protection de l'environnement.Déchets",1
TG,1996,"Santé, travail, droit des assurances sociales, logement, homes",1
TG,1996,"Santé, travail, droit des assurances sociales, logement, homes.Santé.Etablissements hospitaliers, cliniques.Droits des patients",1
TG,1996,"Santé, travail, droit des assurances sociales, logement, homes.Santé.Professions médicales.Vétérinaires",1
TG,1996,"Santé, travail, droit des assurances sociales, logement, homes.Santé.Lutte contre les maladies.Tuberculose",1
TG,1996,Economie,1
TG,1996,Economie.Arts et métiers.Services.Professions soumises à autorisation,1
TG,1997,"Etat.Dispositions générales.Droits fondamentaux, droits politiques.égalité entre hommes et femmes",1
TG,1997,Etat.Autorités.Gouvernement et administration.Emoluments administratifs,1
TG,1997,"Etat.Autorités.Organisation judiciaire.Autorités judiciaires.Prud'hommes, Tribunaux des baux à loyer",1
TG,1997,"Enseignement, sciences, documentation et culture",1
TG,1997,"Enseignement, sciences, documentation et culture.Pédagogie spécialisée.Logopédie",1
TG,1997,"Enseignement, sciences, documentation et culture.Assurance de la qualité, surveillance, direction.Arrondissements scolaires",1
TG,1997,"Aménagement du territoire et constructions, expropriation, travaux publics, énergie, transports, environnement",1
TG,1997,"Aménagement du territoire et constructions, expropriation, travaux publics, énergie, transports, environnement.Transports.Navigation.Impôts et taxes sur les bateaux",1
TG,1997,"Aménagement du territoire et constructions, expropriation, travaux publics, énergie, transports, environnement.Protection de l'environnement.Protection des eaux",1
TG,1998,"Droit civil.Dispositions d'introduction du code civil.Droits réels.Registre foncier, mensurations cadastrales",1
TG,1998,"Enseignement, sciences, documentation et culture.Degré prescolaire, école primaire, degré secondaire I.Ecole enfantine",1
TG,1998,"Enseignement, sciences, documentation et culture.Documentation.Musées",1
TG,1998,"Défense nationale, protection de la population, police.Sécurité intérieure.Armes et munitions",2
TG,1999,Etat.Dispositions générales.Information du public,1
TG,1999,"Etat.Autorités.Gouvernement et administration.Droit du personnel.Traitements, indemnités",1
TG,1999,"Etat.Autorités.Organisation judiciaire.Autorités judiciaires.Cours supérieures, tribunaux fédéraux",1
TG,1999,Etat.Eglise et Etat.Eglise évangélique réformée,1
TG,1999,Droit civil.Dispositions générales d'introduction du code des obligations.Des divers contrats.Contrat de travail.Contrats-type.Employés de maison,1
TG,1999,"Enseignement, sciences, documentation et culture.Degré secondaire II.Ecole moyenne",1
TG,1999,"Aménagement du territoire et constructions, expropriation, travaux publics, énergie, transports, environnement.Travaux publics.Aménagement des eaux.Utilisation des eaux",1
TG,1999,"Aménagement du territoire et constructions, expropriation, travaux publics, énergie, transports, environnement.Transports.Navigation.Impôts et taxes sur les bateaux",1
TG,1999,"Santé, travail, droit des assurances sociales, logement, homes",1
TG,2000,Etat.Communes.Finances communales,1
TG,2000,Etat.Eglise et Etat.Eglise catholique romaine,1
TG,2000,Etat.Eglise et Etat.Eglise évangélique réformée,2
TG,2000,"Santé, travail, droit des assurances sociales, logement, homes",2
TG,2000,"Santé, travail, droit des assurances sociales, logement, homes.Santé.Hygiène.Piscines",1
TG,2000,Economie.Arts et métiers.Services.Jeux de hasard et loteries.Maisons de jeu,1
TG,2001,Etat.Eglise et Etat.Eglise catholique romaine,1
TG,2001,Etat.Eglise et Etat.Eglise évangélique réformée,1
TG,2001,"Enseignement, sciences, documentation et culture",1
TG,2001,"Enseignement, sciences, documentation et culture.Degré secondaire II.Ecoles moyennes supérieures, écoles des culture générale, écoles de degré diplôme",1
TG,2001,"Enseignement, sciences, documentation et culture.Contributions à la formation.Ecolages",1
TG,2001,"Santé, travail, droit des assurances sociales, logement, homes.Santé.Substances thérapeutiques, stupéfiants",1
TG,2001,Economie,1
TG,2002,Etat,1
TG,2002,Etat.Dispositions générales.Documents d'identité,1
TG,2002,Etat.Eglise et Etat.Eglise évangélique réformée,4
TG,2002,Droit civil.Procédure civile.Exécution,1
TG,2002,"Enseignement, sciences, documentation et culture.Degré secondaire II.Ecole moyenne",1
TG,2002,"Enseignement, sciences, documentation et culture.Art, culture, sport.Encouragement à la culture",1
TG,2002,"Santé, travail, droit des assurances sociales, logement, homes.Droit des assurances sociales.LAMAL.Limitation de l'admission des fournisseurs de prestations",1
TG,2002,Economie.Arts et métiers.Services.Jeux de hasard et loteries.Fonds de loterie,1
TG,2002,Economie.Commerce.Commerce itinérant,1
TG,2003,Etat,1
TG,2003,"Etat.Dispositions générales.Droits fondamentaux, droits politiques.droits politiques.Elections et votations",1
TG,2003,Etat.Communes.Finances communales,1
TG,2003,Etat.Eglise et Etat.Eglise catholique romaine,1
TG,2003,Etat.Eglise et Etat.Eglise évangélique réformée,9
TG,2003,"Enseignement, sciences, documentation et culture.Degré secondaire II.Ecole moyenne",1
TG,2003,"Enseignement, sciences, documentation et culture.Degré secondaire II.Ecoles supérieures de commerce, ecoles supérieures d'informatique",2
TG,2003,"Défense nationale, protection de la population, police.Défense.Taxe d'exemption",2
TG,2003,"Aménagement du territoire et constructions, expropriation, travaux publics, énergie, transports, environnement.Energie.Approvisionnement en énergie",1
TG,2003,"Santé, travail, droit des assurances sociales, logement, homes.Droit du travail.Marché du travail.Envoi de travailleurs à l'étranger",1
TG,2004,Etat.Eglise et Etat.Eglise catholique romaine,2
TG,2004,"Enseignement, sciences, documentation et culture",1
TG,2004,"Enseignement, sciences, documentation et culture.Degré secondaire II: Formation professionnelle initiale.Ecoles préparant à la maturité professionnelle",1
TG,2004,"Défense nationale, protection de la population, police",1
TG,2004,"Aménagement du territoire et constructions, expropriation, travaux publics, énergie, transports, environnement.Travaux publics.Marchés publics",1
TG,2004,"Santé, travail, droit des assurances sociales, logement, homes",1
TG,2004,"Santé, travail, droit des assurances sociales, logement, homes.Droit du travail.Marché du travail.Libre circulation",1
TG,2005,Etat,1
TG,2005,Etat.Eglise et Etat.Eglise évangélique réformée,1
TG,2005,"Enseignement, sciences, documentation et culture",1
TG,2005,"Enseignement, sciences, documentation et culture.Degré secondaire II.Ecoles moyennes supérieures, écoles des culture générale, écoles de degré diplôme",1
TG,2005,"Défense nationale, protection de la population, police",1
TG,2005,"Aménagement du territoire et constructions, expropriation, travaux publics, énergie, transports, environnement",1
TG,2005,"Santé, travail, droit des assurances sociales, logement, homes",2
TG,2006,Droit civil.Dispositions générales d'introduction du code des obligations.Des divers contrats.Contrat de travail.Contrats-type.Agriculture,1
TG,2006,"Enseignement, sciences, documentation et culture.Degré secondaire II: Formation professionnelle initiale.Ecoles préparant à la maturité professionnelle",1
TG,2006,Economie.Arts et métiers.Services.Crédit à la consommation,1
TG,2007,Etat.Eglise et Etat.Eglise évangélique réformée,1
TG,2007,"Enseignement, sciences, documentation et culture.Degré secondaire II: Formation professionnelle initiale.Ecoles préparant à la maturité professionnelle",1
TG,2007,"Enseignement, sciences, documentation et culture.Art, culture, sport.Sport",1
TG,2007,"Santé, travail, droit des assurances sociales, logement, homes.Droit des assurances sociales.Prestations complémentaires",1
TG,2007,"Santé, travail, droit des assurances sociales, logement, homes.Assistance.Personnes handicapés.Ateliers protégés",1
TG,2007,"Santé, travail, droit des assurances sociales, logement, homes.Assistance.Avances sur les pensions alimentaires",1
TG,2008,"Aménagement du territoire et constructions, expropriation, travaux publics, énergie, transports, environnement",1
TG,2008,"Aménagement du territoire et constructions, expropriation, travaux publics, énergie, transports, environnement.Transports.Circulation routière.Impôts et taxes de la circulation",1
TG,2009,Etat.Dispositions générales.Etablissement et séjour.Etablissement et séjour Suisses.contrôle des habitants,1
TG,2009,Etat.Eglise et Etat.Eglise évangélique réformée,1
TG,2009,Etat.Professions juridiques.Avocats.Honoraires,1
TG,2010,Etat,1
TG,2010,Etat.Autorités.Gouvernement et administration.Procédure administrative,1
TG,2010,"Etat.Autorités.Organisation judiciaire.Autorités judiciaires.Tribunaux de district / d'arrondissement, juges de paix",1
TG,2010,Etat.Eglise et Etat.Eglise évangélique réformée,1
TG,2010,"Santé, travail, droit des assurances sociales, logement, homes",2
TG,2010,"Santé, travail, droit des assurances sociales, logement, homes.Santé.Prévention des dépendances.Interdictions de fumer",1
TG,2011,"Droit civil.Dispositions d'introduction du code civil.Droits réels.Registre foncier, mensurations cadastrales",2
TG,2012,Droit civil.Dispositions d'introduction du code civil.Droit de la famille.Tutelle,1
TG,2012,Droit pénal.Droit pénal militaire,1
TG,2012,"Enseignement, sciences, documentation et culture.Art, culture, sport.Sport",1
TG,2012,"Défense nationale, protection de la population, police.Sécurité intérieure.Police.Police cantonale",1
TG,2012,"Finances, Impôts, monopoles, entreprises d'état.Impôts.Impôts sur les successions et les donations",1
TG,2013,Etat.Communes.Finances communales,1
TG,2013,Etat.Eglise et Etat.Eglise catholique romaine,1
TG,2013,Economie.Forêt.Personnel forestier,1
TG,2014,"Enseignement, sciences, documentation et culture",1
TG,2014,"Enseignement, sciences, documentation et culture.Degré secondaire II: Formation professionnelle initiale.Solutions transitoires",1
TG,2014,"Enseignement, sciences, documentation et culture.Formation continue (Degré quaternaire).Formation des adultes",1
TG,2015,Etat.Autorités.Informatique.E-Government,1
TG,2015,"Enseignement, sciences, documentation et culture.Degré secondaire II: Formation professionnelle initiale.Ecoles préparant à la maturité professionnelle",1
TG,2016,"Finances, Impôts, monopoles, entreprises d'état.Monopoles, régales, entreprises d'état.Mines",1
TG,2017,Etat.Dispositions générales.Information du public,1
TG,2017,Etat.Eglise et Etat.Eglise évangélique réformée,1
TG,2017,"Aménagement du territoire et constructions, expropriation, travaux publics, énergie, transports, environnement",1
TG,2019,Etat.Dispositions générales.Armoiries,1
TG,2020,"Santé, travail, droit des assurances sociales, logement, homes",1
TG,2021,"Etat.Dispositions générales.Droits fondamentaux, droits politiques.égalité entre hommes et femmes",1
TG,2022,"Finances, Impôts, monopoles, entreprises d'état.Impôts.Impôts sur le revenu et la fortune / impôts sur les bénéfices et les capitaux.Coefficient d'impôt",1
TG,2022,"Aménagement du territoire et constructions, expropriation, travaux publics, énergie, transports, environnement.Travaux publics.Marchés publics",1
TG,2022,"Aménagement du territoire et constructions, expropriation, travaux publics, énergie, transports, environnement.Protection de la nature et du paysage.Protection des animaux",1
TG,2022,"Santé, travail, droit des assurances sociales, logement, homes.Santé.Prévention des dépendances.Alcoolisme",1
TG,2025,Etat.Dispositions générales.Information du public,1
TG,2025,"Finances, Impôts, monopoles, entreprises d'état",1
TI,1915,"Finances, Impôts, monopoles, entreprises d'état.Entreprises d'Etat.Banques cantonales",1
TI,1923,"Enseignement, sciences, documentation et culture.Documentation.Archives",1
TI,1926,"Aménagement du territoire et constructions, expropriation, travaux publics, énergie, transports, environnement.Protection de la nature et du paysage.Protection des monuments et des biens culturels",1
TI,1928,Etat.Autorités.Gouvernement et administration.Gouvernement.Chancellerie de l'Etat,1
TI,1933,"Droit civil.Dispositions d'introduction du code civil.Droits réels.Registre foncier, mensurations cadastrales",1
TI,1935,"Economie.Arts et métiers.Services.Institutions de crédit / assurances.Banques, bourses",1
TI,1945,Droit pénal,1
TI,1948,"Aménagement du territoire et constructions, expropriation, travaux publics, énergie, transports, environnement.Transports.Navigation aérienne.Aéronefs",1
TI,1951,Etat.Autorités.Gouvernement et administration.Procédure administrative,1
TI,1952,"Droit civil.Dispositions d'introduction du code civil.Droits réels.Registre foncier, mensurations cadastrales",1
TI,1954,"Droit civil.Dispositions d'introduction du code civil.Droits réels.Registre foncier, mensurations cadastrales",1
TI,1961,"Santé, travail, droit des assurances sociales, logement, homes.Santé.Hygiène.Inhumations, cimetières",1
TI,1962,"Défense nationale, protection de la population, police.Protection de la population.Protection contre les incendies / éléments naturels.Protection contre les incendies",1
TI,1962,"Aménagement du territoire et constructions, expropriation, travaux publics, énergie, transports, environnement.Protection de la nature et du paysage.Protection des monuments et des biens culturels",1
TI,1966,"Aménagement du territoire et constructions, expropriation, travaux publics, énergie, transports, environnement.Travaux publics.Aménagement des eaux.Utilisation des eaux",1
TI,1971,"Aménagement du territoire et constructions, expropriation, travaux publics, énergie, transports, environnement.Protection de l'environnement.Protection des eaux",1
TI,1974,"Aménagement du territoire et constructions, expropriation, travaux publics, énergie, transports, environnement.Protection de l'environnement.Protection des eaux",1
TI,1976,"Santé, travail, droit des assurances sociales, logement, homes.Santé.Hygiène.Denrées alimentaires, objets d'usage courant.Champignons",1
TI,1977,"Aménagement du territoire et constructions, expropriation, travaux publics, énergie, transports, environnement.Aménagement du territoire et constructions.Equipement",1
TI,1978,"Santé, travail, droit des assurances sociales, logement, homes.Santé.Substances thérapeutiques, stupéfiants",1
TI,1979,"Aménagement du territoire et constructions, expropriation, travaux publics, énergie, transports, environnement.Protection de la nature et du paysage.Protection de la nature",1
TI,1980,"Etat.Autorités.Gouvernement et administration.Droit du personnel.Commissions du personnel, commissions paritaires",1
TI,1985,Economie.Agriculture.Epizooties,1
TI,1986,Economie.Commerce.Protection des consommateurs,1
TI,1987,"Aménagement du territoire et constructions, expropriation, travaux publics, énergie, transports, environnement",1
TI,1987,"Santé, travail, droit des assurances sociales, logement, homes.Santé.Hygiène.Piscines",1
TI,1989,Droit civil.Dispositions d'introduction du code civil.Droits réels.Acquisitions des terrains par des personnes domiciliées à l'étranger,1
TI,1989,"Santé, travail, droit des assurances sociales, logement, homes",1
TI,1990,Etat,1
TI,1990,"Défense nationale, protection de la population, police.Protection de la population.Protection contre les incendies / éléments naturels.Protection contre les incendies",1
TI,1990,"Santé, travail, droit des assurances sociales, logement, homes.Santé.Urgences, ambulances",1
TI,1991,"Aménagement du territoire et constructions, expropriation, travaux publics, énergie, transports, environnement.Protection de l'environnement.Protection des eaux",2
TI,1991,Economie.Arts et métiers.Services.Professions soumises à autorisation,1
TI,1992,"Aménagement du territoire et constructions, expropriation, travaux publics, énergie, transports, environnement.Travaux publics.Routes.Chemins pédestres et de randonnée",1
TI,1993,Etat.Autorités.Gouvernement et administration.Emoluments administratifs,1
TI,1993,"Aménagement du territoire et constructions, expropriation, travaux publics, énergie, transports, environnement",1
TI,1994,"Enseignement, sciences, documentation et culture.Art, culture, sport.Art.Cinéma, théâtre, divertissement",1
TI,1994,"Défense nationale, protection de la population, police.Protection de la population.Protection contre les incendies / éléments naturels.Protection contre le feu, pompiers",1
TI,1994,"Aménagement du territoire et constructions, expropriation, travaux publics, énergie, transports, environnement.Travaux publics.Marchés publics",1
TI,1994,"Santé, travail, droit des assurances sociales, logement, homes",1
TI,1995,"Aménagement du territoire et constructions, expropriation, travaux publics, énergie, transports, environnement.Aménagement du territoire et constructions.Procédure",1
TI,1995,Economie,1
TI,1996,Etat.Dispositions générales.Armoiries,1
TI,1997,"Aménagement du territoire et constructions, expropriation, travaux publics, énergie, transports, environnement.Travaux publics.Aménagement des eaux.Utilisation des eaux",1
TI,1997,"Santé, travail, droit des assurances sociales, logement, homes",1
TI,1998,"Défense nationale, protection de la population, police",1
TI,1998,"Santé, travail, droit des assurances sociales, logement, homes.Santé.Urgences, ambulances",2
TI,1999,Droit civil.Dispositions générales d'introduction du code des obligations.Des divers contrats.Courtage matrimonial ou en partenariat,1
TI,1999,"Santé, travail, droit des assurances sociales, logement, homes.Santé.Soins à domicile",1
TI,1999,"Santé, travail, droit des assurances sociales, logement, homes.Santé.Hygiène.Enfouissement des déchets carnés",1
TI,2000,"Santé, travail, droit des assurances sociales, logement, homes",1
TI,2001,"Aménagement du territoire et constructions, expropriation, travaux publics, énergie, transports, environnement.Travaux publics.Routes.Chemins pédestres et de randonnée",1
TI,2001,Economie.Agriculture.Apiculture,1
TI,2001,Economie.Agriculture.Epizooties,1
TI,2002,"Droit civil.Dispositions d'introduction du code civil.Droits réels.Registre foncier, mensurations cadastrales",1
TI,2002,"Finances, Impôts, monopoles, entreprises d'état.Finances.Contributions étatiques, subventions",1
TI,2002,"Aménagement du territoire et constructions, expropriation, travaux publics, énergie, transports, environnement",1
TI,2002,"Santé, travail, droit des assurances sociales, logement, homes",1
TI,2002,Economie.Arts et métiers.Services.Tourisme,1
TI,2003,"Santé, travail, droit des assurances sociales, logement, homes.Santé.Professions médicales.Vétérinaires",1
TI,2003,"Santé, travail, droit des assurances sociales, logement, homes.Santé.Hygiène.Enfouissement des déchets carnés",1
TI,2003,Economie,1
TI,2003,Economie.Agriculture.Epizooties,1
TI,2004,Etat,1
TI,2004,Droit civil.Dispositions d'introduction du code civil.Droits réels.Estimation officielle des immeubles,1
TI,2004,"Finances, Impôts, monopoles, entreprises d'état.Finances.Contributions étatiques, subventions",1
TI,2004,"Finances, Impôts, monopoles, entreprises d'état.Impôts.Impôts sur le revenu et la fortune / impôts sur les bénéfices et les capitaux.Impôt cantonal",1
TI,2005,Etat,1
TI,2005,"Etat.Autorités.Gouvernement et administration.Droit du personnel.Traitements, indemnités",1
TI,2005,"Finances, Impôts, monopoles, entreprises d'état.Impôts.Impôts sur le revenu et la fortune / impôts sur les bénéfices et les capitaux.Impôt cantonal",1
TI,2005,"Santé, travail, droit des assurances sociales, logement, homes",2
TI,2005,"Santé, travail, droit des assurances sociales, logement, homes.Droit des assurances sociales.Prestations complémentaires",1
TI,2005,"Santé, travail, droit des assurances sociales, logement, homes.Droit des assurances sociales.LAMAL.Réduction des primes",3
TI,2005,"Santé, travail, droit des assurances sociales, logement, homes.Droit des assurances sociales.Assurance-chômage",1
TI,2006,"Finances, Impôts, monopoles, entreprises d'état.Finances.Contributions étatiques, subventions",1
TI,2006,"Santé, travail, droit des assurances sociales, logement, homes",1
TI,2007,"Enseignement, sciences, documentation et culture.Sciences, recherche",1
TI,2007,"Finances, Impôts, monopoles, entreprises d'état.Finances.Contributions étatiques, subventions",1
TI,2007,"Aménagement du territoire et constructions, expropriation, travaux publics, énergie, transports, environnement.Protection de l'environnement.Hygiène de l'air.Poussières fines/smog",1
TI,2007,"Santé, travail, droit des assurances sociales, logement, homes.Droit des assurances sociales.LAMAL.Réduction des primes",1
TI,2007,Economie,1
TI,2008,"Finances, Impôts, monopoles, entreprises d'état",1
TI,2008,"Finances, Impôts, monopoles, entreprises d'état.Impôts.Impôts sur le revenu et la fortune / impôts sur les bénéfices et les capitaux.Impôt cantonal",1
TI,2008,"Santé, travail, droit des assurances sociales, logement, homes",1
TI,2008,Economie.Agriculture.Epizooties,1
TI,2008,Economie.Arts et métiers.Services.Tourisme,1
TI,2009,"Enseignement, sciences, documentation et culture.Degré prescolaire, école primaire, degré secondaire I.Ecole enfantine",1
TI,2009,"Finances, Impôts, monopoles, entreprises d'état.Finances.Contributions étatiques, subventions",4
TI,2009,"Finances, Impôts, monopoles, entreprises d'état.Impôts.Impôts sur le revenu et la fortune / impôts sur les bénéfices et les capitaux.Impôt cantonal",1
TI,2009,"Finances, Impôts, monopoles, entreprises d'état.Impôts.Impôts sur les chiens",1
TI,2009,"Santé, travail, droit des assurances sociales, logement, homes.Droit des assurances sociales.LAMAL.Réduction des primes",1
TI,2010,Etat.Autorités.Gouvernement et administration.Administration.Départements,1
TI,2010,Droit civil.Dispositions générales d'introduction du code des obligations.Droit commercial.Registre du commerce,1
TI,2010,"Finances, Impôts, monopoles, entreprises d'état.Finances.Contributions étatiques, subventions",1
TI,2011,"Finances, Impôts, monopoles, entreprises d'état.Monopoles, régales, entreprises d'état.Pêche.Zones de pêche",1
TI,2011,"Santé, travail, droit des assurances sociales, logement, homes.Santé.Professions médicales.Vétérinaires",1
TI,2012,"Santé, travail, droit des assurances sociales, logement, homes.Droit des assurances sociales.Allocations familiales.Salariés et indépendants",1
TI,2013,"Santé, travail, droit des assurances sociales, logement, homes",1
TI,2014,"Santé, travail, droit des assurances sociales, logement, homes",1
TI,2014,Economie,1
TI,2015,"Enseignement, sciences, documentation et culture.Contributions à la formation.Bourses d'études",1
TI,2015,"Santé, travail, droit des assurances sociales, logement, homes.Droit des assurances sociales.LAMAL.Réduction des primes",1
TI,2016,Droit civil.Dispositions d'introduction du code civil.Droits réels.Estimation officielle des immeubles,1
TI,2016,"Enseignement, sciences, documentation et culture",1
TI,2016,"Enseignement, sciences, documentation et culture.Degré prescolaire, école primaire, degré secondaire I.Ecole enfantine",1
TI,2016,"Enseignement, sciences, documentation et culture.Contributions à la formation.Bourses d'études",1
TI,2016,"Finances, Impôts, monopoles, entreprises d'état.Finances.Contributions étatiques, subventions",3
TI,2016,"Santé, travail, droit des assurances sociales, logement, homes.Droit des assurances sociales.LAMAL.Limitation de l'admission des fournisseurs de prestations",1
TI,2016,"Economie.Commerce.Marché intérieur, entraves techniques au commerce",2
TI,2017,"Finances, Impôts, monopoles, entreprises d'état.Finances.Contributions étatiques, subventions",1
TI,2018,"Finances, Impôts, monopoles, entreprises d'état.Finances.Contributions étatiques, subventions",1
TI,2018,"Santé, travail, droit des assurances sociales, logement, homes",1
TI,2018,"Santé, travail, droit des assurances sociales, logement, homes.Assistance.Aide sociale",1
TI,2019,"Aménagement du territoire et constructions, expropriation, travaux publics, énergie, transports, environnement",1
TI,2019,Economie.Arts et métiers.Services.Tourisme,1
TI,2020,"Aménagement du territoire et constructions, expropriation, travaux publics, énergie, transports, environnement.Travaux publics.Marchés publics",1
TI,2020,"Santé, travail, droit des assurances sociales, logement, homes",1
TI,2020,"Santé, travail, droit des assurances sociales, logement, homes.Santé.Lutte contre les maladies.Epidémies, pandémies",4
TI,2021,Droit civil,1
TI,2022,Droit pénal.Procédure pénale.Médecine légale,1
TI,2022,"Enseignement, sciences, documentation et culture.Degré prescolaire, école primaire, degré secondaire I.Ecole primaire, degré secondaire I",1
TI,2022,"Aménagement du territoire et constructions, expropriation, travaux publics, énergie, transports, environnement",1
TI,2022,"Santé, travail, droit des assurances sociales, logement, homes.Santé.Lutte contre les maladies.Epidémies, pandémies",1
TI,2023,Economie.Arts et métiers.Services.Prostitution,1
TI,2024,"Etat.Autorités.Gouvernement et administration.Droit du personnel.Pensions, prestations d'assurance",1
TI,2024,"Aménagement du territoire et constructions, expropriation, travaux publics, énergie, transports, environnement",1
TI,2024,Economie.Agriculture.Epizooties,1
TI,2025,"Finances, Impôts, monopoles, entreprises d'état.Finances.Contributions étatiques, subventions",1
TI,2026,Economie,2
UR,1902,"Aménagement du territoire et constructions, expropriation, travaux publics, énergie, transports, environnement.Energie.Electricité",1
UR,1925,"Santé, travail, droit des assurances sociales, logement, homes.Droit du travail.Employés.Sécurité",1
UR,1942,Droit civil.Dispositions générales d'introduction du code des obligations.Des divers contrats.Contrat de travail.Conventions collectives.Déclaration de force obligatoire générale,1
UR,1951,"Aménagement du territoire et constructions, expropriation, travaux publics, énergie, transports, environnement",1
UR,1966,Economie.Agriculture.Culture des plantes.Lutte contre les parasites,1
UR,1982,"Santé, travail, droit des assurances sociales, logement, homes.Santé.Prévention des accidents",1
UR,1994,"Finances, Impôts, monopoles, entreprises d'état.Monopoles, régales, entreprises d'état.Pêche.Zones de pêche",1
UR,2022,"Enseignement, sciences, documentation et culture.Sciences, recherche",1
UR,2022,"Santé, travail, droit des assurances sociales, logement, homes",1
UR,2023,"Aménagement du territoire et constructions, expropriation, travaux publics, énergie, transports, environnement.Protection de la nature et du paysage.Protection de la nature",1
UR,2024,"Aménagement du territoire et constructions, expropriation, travaux publics, énergie, transports, environnement.Protection de la nature et du paysage.Protection de la nature",2
VD,1903,"Aménagement du territoire et constructions, expropriation, travaux publics, énergie, transports, environnement.Energie.Electricité",1
VD,1982,"Enseignement, sciences, documentation et culture",1
VD,1988,"Enseignement, sciences, documentation et culture",1
VD,1994,"Enseignement, sciences, documentation et culture",1
VD,2000,"Santé, travail, droit des assurances sociales, logement, homes",1
VD,2000,"Santé, travail, droit des assurances sociales, logement, homes.Droit des assurances sociales.LAA",1
VD,2005,Etat.Dispositions générales.Etablissement et séjour.Etablissement et séjour des étrangers.asile,1
VS,1919,"Droit civil.Dispositions d'introduction du code civil.Droits réels.Registre foncier, mensurations cadastrales",1
VS,1920,"Droit civil.Dispositions d'introduction du code civil.Droits réels.Registre foncier, mensurations cadastrales",1
VS,1929,"Droit civil.Dispositions d'introduction du code civil.Droits réels.Registre foncier, mensurations cadastrales",1
VS,1951,"Aménagement du territoire et constructions, expropriation, travaux publics, énergie, transports, environnement.Transports.Navigation aérienne.Aéronefs",1
VS,1955,"Santé, travail, droit des assurances sociales, logement, homes.Droit des assurances sociales.LAA",1
VS,1958,"Santé, travail, droit des assurances sociales, logement, homes.Droit des assurances sociales.Allocations familiales.Travailleurs agricoles",1
VS,1969,"Santé, travail, droit des assurances sociales, logement, homes.Santé.Hygiène.Alimentation en eau",1
VS,1969,Economie.Agriculture.Epizooties,1
VS,1974,"Enseignement, sciences, documentation et culture.Degré secondaire II.Ecole moyenne",1
VS,1974,"Santé, travail, droit des assurances sociales, logement, homes",1
VS,1976,"Finances, Impôts, monopoles, entreprises d'état",1
VS,1976,"Finances, Impôts, monopoles, entreprises d'état.Impôts.Impôts sur le revenu et la fortune / impôts sur les bénéfices et les capitaux.Imputation forfaitaire d'impôt",1
VS,1976,"Finances, Impôts, monopoles, entreprises d'état.Impôts.Impôts sur les successions et les donations",1
VS,1983,"Enseignement, sciences, documentation et culture.Corps enseignant.Traitement, indemnités",1
VS,1983,"Défense nationale, protection de la population, police.Sécurité intérieure.Explosifs",1
VS,1983,Economie.Agriculture.Epizooties,1
VS,1985,"Enseignement, sciences, documentation et culture",1
VS,1985,"Aménagement du territoire et constructions, expropriation, travaux publics, énergie, transports, environnement.Protection de la nature et du paysage.Protection des animaux",1
VS,1985,Economie,2
VS,1986,"Enseignement, sciences, documentation et culture.Corps enseignant.Engagement",1
VS,1986,"Défense nationale, protection de la population, police.Sécurité intérieure.Police.Police cantonale",1
VS,1987,"Enseignement, sciences, documentation et culture.Degré prescolaire, école primaire, degré secondaire I.Ecole primaire, degré secondaire I",1
VS,1987,"Enseignement, sciences, documentation et culture.Pédagogie spécialisée.Ecoles spécialisées",1
VS,1989,Economie.Agriculture.Epizooties,1
VS,1991,"Enseignement, sciences, documentation et culture.Corps enseignant.Traitement, indemnités",1
VS,1992,Etat.Communes.Finances communales,1
VS,1992,"Défense nationale, protection de la population, police",1
VS,1992,"Santé, travail, droit des assurances sociales, logement, homes",1
VS,1994,"Santé, travail, droit des assurances sociales, logement, homes",1
VS,1995,"Droit civil.Dispositions d'introduction du code civil.Droits réels.Registre foncier, mensurations cadastrales",1
VS,1995,"Enseignement, sciences, documentation et culture.Corps enseignant.Traitement, indemnités",1
VS,1995,"Défense nationale, protection de la population, police.Sécurité intérieure.Police.Personnel",1
VS,1996,"Enseignement, sciences, documentation et culture",1
VS,1996,"Finances, Impôts, monopoles, entreprises d'état.Finances.Contributions étatiques, subventions",2
VS,1996,"Finances, Impôts, monopoles, entreprises d'état.Impôts.Exonération et allégements fiscaux",1
VS,1996,"Aménagement du territoire et constructions, expropriation, travaux publics, énergie, transports, environnement",1
VS,1996,"Santé, travail, droit des assurances sociales, logement, homes",7
VS,1996,"Santé, travail, droit des assurances sociales, logement, homes.Santé.Etablissements hospitaliers, cliniques.Cliniques psychiatriques",1
VS,1996,"Santé, travail, droit des assurances sociales, logement, homes.Santé.Substances thérapeutiques, stupéfiants",1
VS,1996,"Santé, travail, droit des assurances sociales, logement, homes.Santé.Urgences, ambulances",1
VS,1996,"Santé, travail, droit des assurances sociales, logement, homes.Santé.Hygiène.Denrées alimentaires, objets d'usage courant.Viandes.Abattoirs",1
VS,1996,Economie,3
VS,1996,Economie.Arts et métiers.Services.Tourisme,2
VS,1997,Etat.Dispositions générales.Etablissement et séjour.Etablissement et séjour des étrangers.mesures de contrainte,1
VS,1997,Etat.Autorités.Gouvernement et administration.Administration.Départements,1
VS,1997,"Etat.Autorités.Gouvernement et administration.Droit du personnel.Traitements, indemnités",1
VS,1997,"Santé, travail, droit des assurances sociales, logement, homes",1
VS,1997,"Santé, travail, droit des assurances sociales, logement, homes.Santé.Prévention des accidents",1
VS,1998,Etat.Professions juridiques.Avocats.Assistance judiciaire,1
VS,1998,Droit civil.Dispositions d'introduction du code civil.Droit de la famille.Tutelle,1
VS,1998,"Défense nationale, protection de la population, police.Sécurité intérieure.Armes et munitions",1
VS,1998,Economie,1
VS,1998,Economie.Agriculture.Culture des plantes.Vignoble,1
VS,1999,Droit pénal.Procédure pénale.Médecine légale,1
VS,1999,"Finances, Impôts, monopoles, entreprises d'état.Finances.Contributions étatiques, subventions",1
VS,1999,"Aménagement du territoire et constructions, expropriation, travaux publics, énergie, transports, environnement.Transports.Funiculaires, téléphériques, téléskis",1
VS,1999,"Santé, travail, droit des assurances sociales, logement, homes",1
VS,1999,"Santé, travail, droit des assurances sociales, logement, homes.Droit des assurances sociales.LPP",1
VS,1999,Economie,1
VS,1999,Economie.Agriculture.Culture des plantes.Vignoble,1
VS,2000,"Enseignement, sciences, documentation et culture",1
VS,2000,"Enseignement, sciences, documentation et culture.Degré tertiaire: Hautes écoles.Pédagogie",1
VS,2000,"Enseignement, sciences, documentation et culture.Contributions à la formation.Bourses d'études",1
VS,2000,"Finances, Impôts, monopoles, entreprises d'état.Finances.Contributions étatiques, subventions",1
VS,2000,"Finances, Impôts, monopoles, entreprises d'état.Impôts.Taxe foncière",1
VS,2000,"Santé, travail, droit des assurances sociales, logement, homes",1
VS,2000,Economie.Promotion de l'économie,1
VS,2001,"Défense nationale, protection de la population, police.Protection de la population.Protection contre les incendies / éléments naturels.Protection contre les incendies",2
VS,2001,"Santé, travail, droit des assurances sociales, logement, homes.Assistance.Protection de la jeunesse, aide à la jeunesse",1
VS,2001,Economie,1
VS,2002,Etat.Dispositions générales.Documents d'identité,1
VS,2002,"Enseignement, sciences, documentation et culture",2
VS,2002,"Enseignement, sciences, documentation et culture.Degré secondaire II: Formation professionnelle initiale.Ecoles préparant à la maturité professionnelle",1
VS,2002,"Enseignement, sciences, documentation et culture.Degré tertiaire: Hautes écoles.Pédagogie",1
VS,2002,"Finances, Impôts, monopoles, entreprises d'état.Impôts.Impôts sur le revenu et la fortune / impôts sur les bénéfices et les capitaux.Impôt fédéral",1
VS,2003,"Finances, Impôts, monopoles, entreprises d'état.Finances.Contributions étatiques, subventions",1
VS,2003,"Finances, Impôts, monopoles, entreprises d'état.Impôts.Impôts sur le revenu et la fortune / impôts sur les bénéfices et les capitaux.Imputation forfaitaire d'impôt",1
VS,2003,"Aménagement du territoire et constructions, expropriation, travaux publics, énergie, transports, environnement.Travaux publics.Marchés publics",2
VS,2003,"Santé, travail, droit des assurances sociales, logement, homes",2
VS,2003,Economie.Arts et métiers.Services.Jeux de hasard et loteries.Maisons de jeu,1
VS,2004,"Etat.Dispositions générales.Droits fondamentaux, droits politiques.droits politiques.Elections et votations",1
VS,2004,Etat.Communes.Finances communales,1
VS,2004,"Aménagement du territoire et constructions, expropriation, travaux publics, énergie, transports, environnement",2
VS,2004,Economie,1
VS,2004,Economie.Agriculture.Culture des plantes.Vignoble,1
VS,2004,Economie.Arts et métiers.Services.Crédit à la consommation,1
VS,2005,Etat.Dispositions générales.Etablissement et séjour.Etablissement et séjour des étrangers.intégration,1
VS,2005,Etat.Autorités.Gouvernement et administration.Organisation.Délégation,1
VS,2005,Etat.Communes.Fusions communales,1
VS,2005,"Défense nationale, protection de la population, police",1
VS,2005,"Finances, Impôts, monopoles, entreprises d'état.Finances.Budget, comptes",1
VS,2005,"Finances, Impôts, monopoles, entreprises d'état.Finances.Contrôle des finances",1
VS,2005,Economie.Commerce.Poids et mesures. moyens de paiement,1
VS,2006,"Droit civil.Dispositions d'introduction du code civil.Droits réels.Registre foncier, mensurations cadastrales",2
VS,2006,"Finances, Impôts, monopoles, entreprises d'état.Finances.Budget, comptes",1
VS,2006,"Finances, Impôts, monopoles, entreprises d'état.Finances.Contributions étatiques, subventions",2
VS,2006,"Santé, travail, droit des assurances sociales, logement, homes",1
VS,2007,"Etat.Autorités.Gouvernement et administration.Droit du personnel.Traitements, indemnités",1
VS,2007,"Enseignement, sciences, documentation et culture.Degré prescolaire, école primaire, degré secondaire I.Ecole primaire, degré secondaire I",1
VS,2007,"Aménagement du territoire et constructions, expropriation, travaux publics, énergie, transports, environnement",1
VS,2007,"Santé, travail, droit des assurances sociales, logement, homes",2
VS,2007,"Santé, travail, droit des assurances sociales, logement, homes.Droit du travail.Marché du travail.Envoi de travailleurs à l'étranger",1
VS,2008,"Enseignement, sciences, documentation et culture.Corps enseignant.Formation",2
VS,2008,Economie.Arts et métiers.Services.Professions soumises à autorisation,1
VS,2009,"Santé, travail, droit des assurances sociales, logement, homes",2
VS,2009,"Santé, travail, droit des assurances sociales, logement, homes.Santé.Etablissements hospitaliers, cliniques.Droits des patients",1
VS,2009,"Santé, travail, droit des assurances sociales, logement, homes.Santé.Substances thérapeutiques, stupéfiants",1
VS,2009,"Santé, travail, droit des assurances sociales, logement, homes.Santé.Prévention des accidents",1
VS,2009,"Santé, travail, droit des assurances sociales, logement, homes.Santé.Prévention des dépendances.Interdictions de fumer",1
VS,2009,Economie.Promotion de l'économie,1
VS,2010,Etat.Autorités.Gouvernement et administration.Droit du personnel.Engagement,1
VS,2010,"Enseignement, sciences, documentation et culture.Documentation.Statistique",1
VS,2011,"Santé, travail, droit des assurances sociales, logement, homes",1
VS,2011,"Santé, travail, droit des assurances sociales, logement, homes.Assistance.Personnes handicapés.Ateliers protégés",1
VS,2012,Etat.Dispositions générales.Etablissement et séjour.Etablissement et séjour des étrangers.mesures de contrainte,1
VS,2012,Etat.Autorités.Gouvernement et administration.Administration.Directions et offices,1
VS,2012,"Etat.Autorités.Gouvernement et administration.Droit du personnel.Traitements, indemnités",1
VS,2012,"Enseignement, sciences, documentation et culture.Degré secondaire II: Formation professionnelle initiale.Orientation professionnelle",2
VS,2012,"Enseignement, sciences, documentation et culture.Corps enseignant.Engagement",1
VS,2012,"Enseignement, sciences, documentation et culture.Corps enseignant.Traitement, indemnités",1
VS,2012,"Enseignement, sciences, documentation et culture.Assurance de la qualité, surveillance, direction.Autorités scolaires",1
VS,2012,"Défense nationale, protection de la population, police",1
VS,2012,"Santé, travail, droit des assurances sociales, logement, homes",2
VS,2012,Economie.Promotion de l'économie,1
VS,2013,"Santé, travail, droit des assurances sociales, logement, homes",2
VS,2014,"Enseignement, sciences, documentation et culture",2
VS,2014,"Enseignement, sciences, documentation et culture.Formation continue (Degré quaternaire).Formation continue des enseignants",1
VS,2014,"Enseignement, sciences, documentation et culture.Corps enseignant.Engagement",1
VS,2014,"Enseignement, sciences, documentation et culture.Documentation.Statistique",1
VS,2014,"Aménagement du territoire et constructions, expropriation, travaux publics, énergie, transports, environnement",1
VS,2014,"Santé, travail, droit des assurances sociales, logement, homes",1
VS,2015,"Enseignement, sciences, documentation et culture.Degré prescolaire, école primaire, degré secondaire I.Ecole primaire, degré secondaire I",1
VS,2015,"Enseignement, sciences, documentation et culture.Assurance de la qualité, surveillance, direction.Médecine scolaire, services psychologiques scolaires",1
VS,2015,Economie.Arts et métiers.Services.Prostitution,1
VS,2016,"Etat.Dispositions générales.Droits fondamentaux, droits politiques.droits politiques.Récusation, incompatibilité",1
VS,2016,Droit pénal.Procédure pénale.Aide aux victimes d'infractions,1
VS,2016,"Santé, travail, droit des assurances sociales, logement, homes.Santé.Etablissements hospitaliers, cliniques.Hôpitaux cantonaux",1
VS,2017,Etat,1
VS,2017,"Etat.Autorités.Ombudsman, médiateur",1
VS,2017,Etat.Autorités.Protection des données,1
VS,2017,"Défense nationale, protection de la population, police",1
VS,2017,"Santé, travail, droit des assurances sociales, logement, homes",2
VS,2018,"Aménagement du territoire et constructions, expropriation, travaux publics, énergie, transports, environnement.Transports.Funiculaires, téléphériques, téléskis",1
VS,2019,"Enseignement, sciences, documentation et culture",1
VS,2019,"Défense nationale, protection de la population, police.Sécurité intérieure.Maintien de la tranquillité et de l'ordre public.Chiens, animaux dangereux",1
VS,2019,"Aménagement du territoire et constructions, expropriation, travaux publics, énergie, transports, environnement.Transports.Funiculaires, téléphériques, téléskis",1
VS,2020,"Enseignement, sciences, documentation et culture.Degré tertiaire: Hautes écoles.Pédagogie",2
VS,2020,"Santé, travail, droit des assurances sociales, logement, homes",1
VS,2020,"Santé, travail, droit des assurances sociales, logement, homes.Santé.Substances thérapeutiques, stupéfiants",1
VS,2021,Droit civil.Dispositions d'introduction du code civil.Droit de la famille.Tutelle,1
VS,2021,"Enseignement, sciences, documentation et culture.Documentation.Statistique",2
VS,2021,"Santé, travail, droit des assurances sociales, logement, homes",1
VS,2021,"Santé, travail, droit des assurances sociales, logement, homes.Santé.Etique",1
VS,2021,Economie,1
VS,2022,"Droit civil.Dispositions d'introduction du code civil.Droits réels.Registre foncier, mensurations cadastrales",2
VS,2022,"Santé, travail, droit des assurances sociales, logement, homes.Santé.Etique",1
VS,2024,"Etat.Autorités.Gouvernement et administration.Droit du personnel.Traitements, indemnités",1
VS,2024,Etat.Autorités.Informatique.E-Government,1
VS,2024,"Santé, travail, droit des assurances sociales, logement, homes",1
VS,2024,"Santé, travail, droit des assurances sociales, logement, homes.Droit du travail.Marché du travail.Travail au noir",1
VS,2025,"Aménagement du territoire et constructions, expropriation, travaux publics, énergie, transports, environnement.Protection de l'environnement.Protection contre les radiations",1
ZG,1912,Droit civil,1
ZG,1925,"Santé, travail, droit des assurances sociales, logement, homes.Droit du travail.Employés.Sécurité",1
ZG,1938,"Santé, travail, droit des assurances sociales, logement, homes.Droit du travail.Employés.Sécurité",1
ZG,1940,"Droit civil.Dispositions d'introduction du code civil.Droits réels.Registre foncier, mensurations cadastrales",1
ZG,1941,Droit civil.Dispositions générales d'introduction du code des obligations.Des divers contrats.Contrat de travail.Conventions collectives.Déclaration de force obligatoire générale,1
ZG,1943,Droit civil.Dispositions d'introduction du code civil.Droit de la famille.Tutelle,1
ZG,1951,Droit pénal,1
ZG,1951,"Aménagement du territoire et constructions, expropriation, travaux publics, énergie, transports, environnement",1
ZG,1953,"Santé, travail, droit des assurances sociales, logement, homes.Droit des assurances sociales.Allocation perte de gain",1
ZG,1962,"Economie.Arts et métiers.Services.Restauration, Etablissements publics.Camping",1
ZG,1964,"Santé, travail, droit des assurances sociales, logement, homes",1
ZG,1965,"Défense nationale, protection de la population, police",2
ZG,1966,"Santé, travail, droit des assurances sociales, logement, homes",1
ZG,1972,"Aménagement du territoire et constructions, expropriation, travaux publics, énergie, transports, environnement.Protection de l'environnement.Produits toxiques et chimiques",1
ZG,1973,Droit pénal.Amendes d'ordre,1
ZG,1974,"Défense nationale, protection de la population, police.Sécurité intérieure.Maintien de la tranquillité et de l'ordre public.Domaine public",1
ZG,1975,Droit civil.Dispositions d'introduction du code civil.Droits réels.Estimation officielle des immeubles,1
ZG,1977,"Etat.Autorités.Organisation judiciaire.Autorités judiciaires.Tribunaux administratifs, des assurances et des assurances sociales",1
ZG,1977,"Aménagement du territoire et constructions, expropriation, travaux publics, énergie, transports, environnement",1
ZG,1977,"Aménagement du territoire et constructions, expropriation, travaux publics, énergie, transports, environnement.Protection de l'environnement.Protection contre les radiations",1
ZG,1979,"Santé, travail, droit des assurances sociales, logement, homes.Santé.Prévention des accidents",1
ZG,1980,Droit pénal.Exécution des peines et des mesures.Patronage,1
ZG,1980,"Aménagement du territoire et constructions, expropriation, travaux publics, énergie, transports, environnement",1
ZG,1980,"Santé, travail, droit des assurances sociales, logement, homes.Santé.Substances thérapeutiques, stupéfiants",1
ZG,1980,"Santé, travail, droit des assurances sociales, logement, homes.Santé.Lutte contre les maladies.Epidémies, pandémies",1
ZG,1981,Droit civil,1
ZG,1981,"Défense nationale, protection de la population, police.Sécurité intérieure.Explosifs",1
ZG,1981,"Santé, travail, droit des assurances sociales, logement, homes.Santé.Professions médicales.Médecins",1
ZG,1981,"Santé, travail, droit des assurances sociales, logement, homes.Santé.Hygiène.Piscines",1
ZG,1982,"Défense nationale, protection de la population, police.Sécurité intérieure.Police.Coopération en matière de police",1
ZG,1982,Economie.Commerce.Poids et mesures. moyens de paiement,1
ZG,1983,"Défense nationale, protection de la population, police.Sécurité intérieure.Police.Personnel",1
ZG,1983,"Santé, travail, droit des assurances sociales, logement, homes",1
ZG,1983,"Santé, travail, droit des assurances sociales, logement, homes.Droit du travail.Travail à domicile",1
ZG,1983,"Santé, travail, droit des assurances sociales, logement, homes.Droit des assurances sociales.LAA",1
ZG,1983,"Santé, travail, droit des assurances sociales, logement, homes.Assistance.Aide sociale",1
ZG,1984,Droit civil.Dispositions générales d'introduction du code des obligations.Des divers contrats.Contrat de travail.Contrats-type.Employés de maison,1
ZG,1984,"Enseignement, sciences, documentation et culture",1
ZG,1985,"Droit civil.Dispositions d'introduction du code civil.Droit de la famille.Accueil familial, adoption",1
ZG,1985,"Défense nationale, protection de la population, police",1
ZG,1985,"Aménagement du territoire et constructions, expropriation, travaux publics, énergie, transports, environnement.Protection de la nature et du paysage.Protection des animaux",2
ZG,1989,Economie.Agriculture.Epizooties,4
ZG,1990,"Enseignement, sciences, documentation et culture.Corps enseignant.Traitement, indemnités",1
ZG,1990,"Santé, travail, droit des assurances sociales, logement, homes.Santé.Professions médicales.Psychothérapeutes",1
ZG,1991,"Aménagement du territoire et constructions, expropriation, travaux publics, énergie, transports, environnement.Protection de la nature et du paysage.Protection des animaux",1
ZG,1991,Economie.Commerce.Surveillance des prix,1
ZG,1992,Etat.Dispositions générales.Droit de cité,1
ZG,1992,Droit pénal.Procédure pénale.Aide aux victimes d'infractions,1
ZG,1992,"Enseignement, sciences, documentation et culture.Degré prescolaire, école primaire, degré secondaire I.Ecole primaire, degré secondaire I",3
ZG,1992,"Aménagement du territoire et constructions, expropriation, travaux publics, énergie, transports, environnement.Protection de la nature et du paysage.Protection des plantes",1
ZG,1993,"Défense nationale, protection de la population, police",1
ZG,1993,"Finances, Impôts, monopoles, entreprises d'état.Impôts.Impôts sur le revenu et la fortune / impôts sur les bénéfices et les capitaux.Impôt ecclésiastique",1
ZG,1993,"Santé, travail, droit des assurances sociales, logement, homes.Droit des assurances sociales.AVS/AI",1
ZG,1993,"Santé, travail, droit des assurances sociales, logement, homes.Assistance.Avances sur les pensions alimentaires",1
ZG,1994,Etat,1
ZG,1995,Etat.Autorités.Gouvernement et administration.Droit du personnel.Places de stationnement,1
ZG,1995,"Droit civil.Dispositions d'introduction du code civil.Droits réels.Registre foncier, mensurations cadastrales",2
ZG,1995,"Défense nationale, protection de la population, police.Protection de la population.Protection contre les incendies / éléments naturels.Protection contre le feu, pompiers",1
ZG,1995,"Aménagement du territoire et constructions, expropriation, travaux publics, énergie, transports, environnement",1
ZG,1995,"Santé, travail, droit des assurances sociales, logement, homes",1
ZG,1996,"Etat.Dispositions générales.Droits fondamentaux, droits politiques.égalité entre hommes et femmes",1
ZG,1996,"Etat.Autorités.Gouvernement et administration.Droit du personnel.Durée du travail, vacances, congés",1
ZG,1996,Etat.Professions juridiques.Avocats.Honoraires,1
ZG,1996,"Défense nationale, protection de la population, police.Défense.Taxe d'exemption",1
ZG,1996,"Santé, travail, droit des assurances sociales, logement, homes.Santé.Professions médicales.Personnel soignant",2
ZG,1996,Economie.Commerce.Horaires de fermeture des magasins,1
ZG,1997,"Enseignement, sciences, documentation et culture.Degré secondaire II.Ecole moyenne",1
ZG,1997,"Aménagement du territoire et constructions, expropriation, travaux publics, énergie, transports, environnement",1
ZG,1998,Etat.Autorités.Gouvernement et administration.Administration.Directions et offices,1
ZG,1998,Droit civil,1
ZG,1998,"Enseignement, sciences, documentation et culture.Degré secondaire II.Ecoles moyennes supérieures, écoles des culture générale, écoles de degré diplôme",1
ZG,1998,"Enseignement, sciences, documentation et culture.Pédagogie spécialisée.Ecoles spécialisées",1
ZG,1998,"Défense nationale, protection de la population, police.Protection de la population.Approvisionnement du pays",1
ZG,1998,"Défense nationale, protection de la population, police.Sécurité intérieure.Armes et munitions",1
ZG,1998,"Finances, Impôts, monopoles, entreprises d'état.Finances.Contributions étatiques, subventions",1
ZG,1998,"Santé, travail, droit des assurances sociales, logement, homes",1
ZG,1999,Etat.Autorités.Gouvernement et administration.Organisation.Délégation,1
ZG,1999,Etat.Autorités.Gouvernement et administration.Administration.Commissions,1
ZG,1999,"Etat.Autorités.Organisation judiciaire.Autorités judiciaires.Juges d'instruction, Ministère public.Ministère public",1
ZG,1999,"Aménagement du territoire et constructions, expropriation, travaux publics, énergie, transports, environnement",1
ZG,1999,"Aménagement du territoire et constructions, expropriation, travaux publics, énergie, transports, environnement.Transports.Circulation routière.Transport des personnes",1
ZG,1999,"Santé, travail, droit des assurances sociales, logement, homes.Droit du travail.Marché du travail.Service de l'emploi et location de services",1
ZG,1999,"Santé, travail, droit des assurances sociales, logement, homes.Assistance.Protection de la jeunesse, aide à la jeunesse",1
ZG,2000,Etat.Dispositions générales.Etablissement et séjour.Etablissement et séjour des étrangers.intégration,1
ZG,2000,"Enseignement, sciences, documentation et culture.Contributions à la formation.Ecolages",1
ZG,2000,"Finances, Impôts, monopoles, entreprises d'état.Finances.Contributions étatiques, subventions",1
ZG,2000,"Aménagement du territoire et constructions, expropriation, travaux publics, énergie, transports, environnement",1
ZG,2000,"Aménagement du territoire et constructions, expropriation, travaux publics, énergie, transports, environnement.Travaux publics.Aménagement des eaux.Utilisation des eaux",1
ZG,2000,"Santé, travail, droit des assurances sociales, logement, homes.Assistance.Consultation familiale et matrimoniale",1
ZG,2001,"Enseignement, sciences, documentation et culture",1
ZG,2001,"Enseignement, sciences, documentation et culture.Degré secondaire II: Formation professionnelle initiale.Solutions transitoires",1
ZG,2001,"Finances, Impôts, monopoles, entreprises d'état",1
ZG,2001,"Aménagement du territoire et constructions, expropriation, travaux publics, énergie, transports, environnement",1
ZG,2001,"Santé, travail, droit des assurances sociales, logement, homes.Droit du travail.Offices de conciliation",1
ZG,2002,Etat,1
ZG,2002,Etat.Dispositions générales.Documents d'identité,1
ZG,2002,Etat.Professions juridiques.Avocats.Formation,1
ZG,2002,Droit civil,1
ZG,2002,Droit civil.Dispositions d'introduction du code civil.Droits réels.Estimation officielle des immeubles,1
ZG,2002,Droit civil.Dispositions générales d'introduction du code des obligations.Des divers contrats.Contrat de travail.Contrats-type.Agriculture,1
ZG,2002,Droit pénal,1
ZG,2002,Droit pénal.Dispositions générales d'introduction du code pénal.Interruption de grossesse,1
ZG,2002,"Enseignement, sciences, documentation et culture.Degré secondaire II.Ecole moyenne",1
ZG,2002,"Défense nationale, protection de la population, police",1
ZG,2002,"Aménagement du territoire et constructions, expropriation, travaux publics, énergie, transports, environnement",1
ZG,2002,"Santé, travail, droit des assurances sociales, logement, homes.Droit des assurances sociales.LAMAL.Limitation de l'admission des fournisseurs de prestations",1
ZG,2003,Droit civil,1
ZG,2003,Droit pénal,1
ZG,2003,"Enseignement, sciences, documentation et culture.Reconnaissance des diplômes",1
ZG,2003,"Enseignement, sciences, documentation et culture.Sport scolaire",1
ZG,2003,"Défense nationale, protection de la population, police",1
ZG,2003,"Défense nationale, protection de la population, police.Défense.Administration militaire",1
ZG,2003,"Santé, travail, droit des assurances sociales, logement, homes",1
ZG,2003,"Santé, travail, droit des assurances sociales, logement, homes.Droit du travail.Marché du travail.Envoi de travailleurs à l'étranger",1
ZG,2003,Economie.Agriculture.Culture des plantes.Lutte contre les parasites,1
ZG,2004,Etat,1
ZG,2004,Etat.Autorités.Gouvernement et administration.New Public Management,1
ZG,2004,"Enseignement, sciences, documentation et culture.Art, culture, sport.Sport",3
ZG,2004,"Finances, Impôts, monopoles, entreprises d'état.Finances.Contributions étatiques, subventions",1
ZG,2004,"Aménagement du territoire et constructions, expropriation, travaux publics, énergie, transports, environnement",1
ZG,2004,"Santé, travail, droit des assurances sociales, logement, homes",1
ZG,2004,"Santé, travail, droit des assurances sociales, logement, homes.Santé.Soins à domicile",1
ZG,2004,"Santé, travail, droit des assurances sociales, logement, homes.Assistance.Avances sur les pensions alimentaires",1
ZG,2005,"Etat.Autorités.Gouvernement et administration.Droit du personnel.Traitements, indemnités",1
ZG,2005,"Droit civil.Dispositions d'introduction du code civil.Droits réels.Registre foncier, mensurations cadastrales",1
ZG,2005,Droit civil.Poursuites pour dettes et faillites.Organisation,1
ZG,2005,"Enseignement, sciences, documentation et culture",1
ZG,2005,"Enseignement, sciences, documentation et culture.Corps enseignant.Traitement, indemnités",1
ZG,2005,"Aménagement du territoire et constructions, expropriation, travaux publics, énergie, transports, environnement",1
ZG,2005,"Aménagement du territoire et constructions, expropriation, travaux publics, énergie, transports, environnement.Travaux publics.Marchés publics",1
ZG,2005,"Aménagement du territoire et constructions, expropriation, travaux publics, énergie, transports, environnement.Transports.Circulation routière.Impôts et taxes de la circulation",1
ZG,2005,"Aménagement du territoire et constructions, expropriation, travaux publics, énergie, transports, environnement.Transports.Navigation.Impôts et taxes sur les bateaux",1
ZG,2005,Economie.Arts et métiers.Services.Jeux de hasard et loteries.Sport-Toto,1
ZG,2006,Etat.Autorités.Gouvernement et administration.Administration.Directions et offices,1
ZG,2006,"Etat.Autorités.Gouvernement et administration.Droit du personnel.Traitements, indemnités",1
ZG,2006,"Droit civil.Procédure civile.Emoluments, frais",1
ZG,2006,"Enseignement, sciences, documentation et culture.Degré prescolaire, école primaire, degré secondaire I.Crèches",2
ZG,2006,"Santé, travail, droit des assurances sociales, logement, homes",1
ZG,2007,Etat,1
ZG,2007,Etat.Autorités.Protection des données,1
ZG,2007,Droit civil,2
ZG,2007,Droit pénal.Procédure pénale.Profils d'ADN,2
ZG,2007,Droit pénal.Droit pénal des mineurs et procédure pénale des mineurs,1
ZG,2007,"Défense nationale, protection de la population, police",1
ZG,2007,"Défense nationale, protection de la population, police.Sécurité intérieure.Police.Taxes",1
ZG,2007,"Défense nationale, protection de la population, police.Sécurité intérieure.Armes et munitions",1
ZG,2007,"Santé, travail, droit des assurances sociales, logement, homes.Droit des assurances sociales.Prestations complémentaires",2
ZG,2007,"Santé, travail, droit des assurances sociales, logement, homes.Droit des assurances sociales.LPP",1
ZG,2008,Etat,2
ZG,2008,"Etat.Dispositions générales.Droits fondamentaux, droits politiques.droits politiques.Elections et votations",5
ZG,2008,Etat.Autorités.Protection des données,2
ZG,2008,Droit civil,1
ZG,2008,"Enseignement, sciences, documentation et culture.Degré secondaire II: Formation professionnelle initiale.Solutions transitoires",1
ZG,2008,"Enseignement, sciences, documentation et culture.Corps enseignant.Traitement, indemnités",2
ZG,2008,"Santé, travail, droit des assurances sociales, logement, homes.Droit des assurances sociales.Allocations familiales.Travailleurs agricoles",1
ZG,2009,Etat.Dispositions générales.Etablissement et séjour.Etablissement et séjour des étrangers.asile,1
ZG,2009,"Etat.Autorités.Gouvernement et administration.Droit du personnel.Traitements, indemnités",1
ZG,2009,Etat.Autorités.Protection des données,1
ZG,2009,"Finances, Impôts, monopoles, entreprises d'état.Finances.Contributions étatiques, subventions",1
ZG,2010,Etat,1
ZG,2010,"Etat.Autorités.Gouvernement et administration.Droit du personnel.Traitements, indemnités",1
ZG,2010,Droit pénal,1
ZG,2010,"Défense nationale, protection de la population, police.Sécurité intérieure.Police.Coopération en matière de police",1
ZG,2010,"Santé, travail, droit des assurances sociales, logement, homes",2
ZG,2010,"Santé, travail, droit des assurances sociales, logement, homes.Assistance.Homes.Etablissements pour personnes âgées",1
ZG,2011,Etat,1
ZG,2011,Etat.Dispositions générales.Information du public,1
ZG,2011,Etat.Autorités.Gouvernement et administration.New Public Management,1
ZG,2011,"Droit civil.Procédure civile.Emoluments, frais",1
ZG,2011,"Défense nationale, protection de la population, police",4
ZG,2011,"Santé, travail, droit des assurances sociales, logement, homes.Droit des assurances sociales.Prestations complémentaires",1
ZG,2012,Droit civil.Dispositions d'introduction du code civil.Droit de la famille.Tutelle,1
ZG,2012,"Droit civil.Dispositions d'introduction du code civil.Droits réels.Registre foncier, mensurations cadastrales",5
ZG,2012,"Enseignement, sciences, documentation et culture.Documentation.Archives",1
ZG,2012,"Finances, Impôts, monopoles, entreprises d'état",2
ZG,2012,"Finances, Impôts, monopoles, entreprises d'état.Finances.Budget, comptes",1
ZG,2012,"Aménagement du territoire et constructions, expropriation, travaux publics, énergie, transports, environnement",1
ZG,2012,Economie.Agriculture.Epizooties,1
ZG,2013,Etat.Autorités.Gouvernement et administration.Procédure administrative,1
ZG,2013,Droit pénal,1
ZG,2013,"Enseignement, sciences, documentation et culture.Degré tertiaire: Hautes écoles.Pédagogie",2
ZG,2013,"Santé, travail, droit des assurances sociales, logement, homes",1
ZG,2014,Etat.Autorités.Gouvernement et administration.Organisation.Délégation,1
ZG,2015,Etat.Autorités.Gouvernement et administration.Procédure administrative,1
ZG,2015,"Droit civil.Procédure civile.Emoluments, frais",1
ZG,2015,"Enseignement, sciences, documentation et culture.Degré secondaire II.Ecole moyenne",1
ZG,2015,"Enseignement, sciences, documentation et culture.Corps enseignant.Traitement, indemnités",1
ZG,2015,"Aménagement du territoire et constructions, expropriation, travaux publics, énergie, transports, environnement",1
ZG,2016,"Etat.Dispositions générales.Droits fondamentaux, droits politiques.égalité entre hommes et femmes",1
ZG,2016,Etat.Autorités.Protection des données,1
ZG,2017,Etat.Dispositions générales.Droit de cité,1
ZG,2017,"Finances, Impôts, monopoles, entreprises d'état.Finances.Budget, comptes",1
ZG,2017,"Aménagement du territoire et constructions, expropriation, travaux publics, énergie, transports, environnement.Transports.Circulation routière.Impôts et taxes de la circulation",1
ZG,2017,"Santé, travail, droit des assurances sociales, logement, homes.Santé.Professions médicales.Médecins",1
ZG,2017,"Santé, travail, droit des assurances sociales, logement, homes.Droit des assurances sociales.LAMAL.Réduction des primes",1
ZG,2018,Droit pénal,1
ZG,2018,"Enseignement, sciences, documentation et culture.Degré secondaire II: Formation professionnelle initiale.Orientation professionnelle",2
ZG,2018,"Finances, Impôts, monopoles, entreprises d'état.Monopoles, régales, entreprises d'état.Mines",1
ZG,2018,"Santé, travail, droit des assurances sociales, logement, homes.Droit des assurances sociales.Assurance maternité, contributions financières aux mères",1
ZG,2019,Etat.Dispositions générales.Publications officielles.Recueils de législation,1
ZG,2020,"Enseignement, sciences, documentation et culture.Art, culture, sport.Encouragement à la culture",3
ZG,2020,"Finances, Impôts, monopoles, entreprises d'état.Entreprises d'Etat.Banques cantonales",1
ZG,2020,"Aménagement du territoire et constructions, expropriation, travaux publics, énergie, transports, environnement",1
ZG,2020,"Aménagement du territoire et constructions, expropriation, travaux publics, énergie, transports, environnement.Aménagement du territoire et constructions.Plans",1
ZG,2020,"Santé, travail, droit des assurances sociales, logement, homes.Santé.Lutte contre les maladies.Epidémies, pandémies",5
ZG,2021,Etat.Autorités.Gouvernement et administration.Procédure administrative,1
ZG,2021,Etat.Professions juridiques.Notaires.Légalisation,1
ZG,2021,"Santé, travail, droit des assurances sociales, logement, homes.Santé.Lutte contre les maladies.Epidémies, pandémies",1
ZG,2022,Etat.Dispositions générales.Publications officielles.feuilles officielles,1
ZG,2022,"Etat.Autorités.Gouvernement et administration.Droit du personnel.Traitements, indemnités",1
ZG,2022,"Défense nationale, protection de la population, police.Sécurité intérieure.Police.Personnel",1
ZG,2022,"Santé, travail, droit des assurances sociales, logement, homes.Santé.Lutte contre les maladies.Epidémies, pandémies",1
ZG,2023,"Aménagement du territoire et constructions, expropriation, travaux publics, énergie, transports, environnement",1
ZG,2023,"Santé, travail, droit des assurances sociales, logement, homes.Droit des assurances sociales.LAMAL.Limitation de l'admission des fournisseurs de prestations",1
ZG,2023,"Santé, travail, droit des assurances sociales, logement, homes.Assistance.Homes.Etablissements pour personnes âgées",1
ZG,2024,"Etat.Autorités.Organisation judiciaire.Autorités judiciaires.Tribunaux administratifs, des assurances et des assurances sociales",1
ZG,2024,"Etat.Autorités.Organisation judiciaire.Autorités judiciaires.Tribunaux de district / d'arrondissement, juges de paix",1
ZG,2024,"Enseignement, sciences, documentation et culture.Degré secondaire II.Ecole moyenne",1
ZG,2024,"Aménagement du territoire et constructions, expropriation, travaux publics, énergie, transports, environnement",1
ZG,2024,"Aménagement du territoire et constructions, expropriation, travaux publics, énergie, transports, environnement.Transports.Poste, télécommunications",1
ZG,2024,"Santé, travail, droit des assurances sociales, logement, homes.Santé.Professions médicales.Personnel soignant",1
ZG,2025,"Etat.Dispositions générales.Droits fondamentaux, droits politiques.droits politiques.Elections et votations",4
ZG,2025,Etat.Autorités.Gouvernement et administration.Gouvernement.Chancellerie de l'Etat,1
ZG,2025,Etat.Autorités.Informatique.E-Government,1
ZG,2025,"Enseignement, sciences, documentation et culture.Contributions à la formation.Bourses d'études",1
ZG,2025,Economie.Promotion de l'économie,1
ZG,2026,"Enseignement, sciences, documentation et culture",1
ZG,2026,"Enseignement, sciences, documentation et culture.Degré secondaire II.Ecole moyenne",1
ZG,2026,"Aménagement du territoire et constructions, expropriation, travaux publics, énergie, transports, environnement",1
ZH,1880,"Aménagement du territoire et constructions, expropriation, travaux publics, énergie, transports, environnement.Expropriation",1
ZH,1900,"Enseignement, sciences, documentation et culture.Degré prescolaire, école primaire, degré secondaire I.Ecole enfantine",1
ZH,1911,Droit civil.Dispositions d'introduction du code civil.Droit de la famille.Tutelle,1
ZH,1911,Droit civil.Dispositions d'introduction du code civil.Droits réels.Estimation officielle des immeubles,1
ZH,1911,Economie,1
ZH,1916,"Droit civil.Dispositions d'introduction du code civil.Droits réels.Registre foncier, mensurations cadastrales",1
ZH,1927,"Défense nationale, protection de la population, police.Protection de la population.Protection contre les incendies / éléments naturels.Assurances des bâtiments.Assurance contre les dommages causés par les éléments naturels",1
ZH,1927,"Santé, travail, droit des assurances sociales, logement, homes.Droit du travail.Employés.Sécurité",1
ZH,1932,"Défense nationale, protection de la population, police",1
ZH,1934,"Défense nationale, protection de la population, police.Sécurité intérieure.Police.Coopération en matière de police",1
ZH,1942,"Aménagement du territoire et constructions, expropriation, travaux publics, énergie, transports, environnement.Travaux publics.Bâtiments et terrains publics",1
ZH,1946,"Aménagement du territoire et constructions, expropriation, travaux publics, énergie, transports, environnement.Protection de la nature et du paysage.Protection du paysage",1
ZH,1949,Etat.Autorités.Gouvernement et administration.Procédure administrative,1
ZH,1951,"Aménagement du territoire et constructions, expropriation, travaux publics, énergie, transports, environnement.Protection de la nature et du paysage.Protection du paysage",1
ZH,1952,"Finances, Impôts, monopoles, entreprises d'état.Impôts.Double imposition",1
ZH,1953,"Aménagement du territoire et constructions, expropriation, travaux publics, énergie, transports, environnement.Protection de la nature et du paysage.Protection du paysage",1
ZH,1954,"Aménagement du territoire et constructions, expropriation, travaux publics, énergie, transports, environnement.Travaux publics.Bâtiments et terrains publics",1
ZH,1954,"Aménagement du territoire et constructions, expropriation, travaux publics, énergie, transports, environnement.Protection de la nature et du paysage.Protection du paysage",1
ZH,1955,"Santé, travail, droit des assurances sociales, logement, homes.Santé.Professions médicales.Vétérinaires",1
ZH,1956,"Aménagement du territoire et constructions, expropriation, travaux publics, énergie, transports, environnement",1
ZH,1957,Droit civil.Dispositions générales d'introduction du code des obligations.Des divers contrats.Contrat de travail.Conventions collectives.Déclaration de force obligatoire générale,1
ZH,1958,"Droit civil.Dispositions d'introduction du code civil.Droits réels.Registre foncier, mensurations cadastrales",1
ZH,1958,"Santé, travail, droit des assurances sociales, logement, homes.Droit des assurances sociales.Allocations familiales.Travailleurs agricoles",1
ZH,1959,Economie.Agriculture.Production animale.Commerce du bétail,1
ZH,1960,"Etat.Autorités.Organisation judiciaire.Autorités judiciaires.Cours supérieures, tribunaux fédéraux",1
ZH,1960,Droit civil,1
ZH,1960,"Aménagement du territoire et constructions, expropriation, travaux publics, énergie, transports, environnement.Expropriation",1
ZH,1960,"Santé, travail, droit des assurances sociales, logement, homes.Santé.Soins à domicile",1
ZH,1962,"Santé, travail, droit des assurances sociales, logement, homes.Assistance.Homes.Foyers pour enfants et adolescents",1
ZH,1963,"Santé, travail, droit des assurances sociales, logement, homes.Santé.Professions médicales.Médecins",1
ZH,1963,"Santé, travail, droit des assurances sociales, logement, homes.Santé.Hygiène.Inhumations, cimetières",1
ZH,1963,"Santé, travail, droit des assurances sociales, logement, homes.Droit des assurances sociales.Allocations familiales.Salariés et indépendants",1
ZH,1964,Etat.Eglise et Etat.Eglise évangélique réformée,1
ZH,1964,"Aménagement du territoire et constructions, expropriation, travaux publics, énergie, transports, environnement.Protection de la nature et du paysage.Protection des plantes",1
ZH,1964,"Santé, travail, droit des assurances sociales, logement, homes.Santé.Professions médicales.Chiropraticiens, physiothérapeutes",1
ZH,1965,"Enseignement, sciences, documentation et culture.Assurance de la qualité, surveillance, direction.Médecine scolaire, services psychologiques scolaires",1
ZH,1965,"Aménagement du territoire et constructions, expropriation, travaux publics, énergie, transports, environnement.Travaux publics.Routes.Routes nationales",1
ZH,1966,Etat.Autorités.Gouvernement et administration.Emoluments administratifs,1
ZH,1966,"Aménagement du territoire et constructions, expropriation, travaux publics, énergie, transports, environnement.Protection de la nature et du paysage.Protection des rives",1
ZH,1967,"Finances, Impôts, monopoles, entreprises d'état.Impôts.Impôts sur le revenu et la fortune / impôts sur les bénéfices et les capitaux.Impôt à la source",1
ZH,1967,"Aménagement du territoire et constructions, expropriation, travaux publics, énergie, transports, environnement",2
ZH,1967,"Aménagement du territoire et constructions, expropriation, travaux publics, énergie, transports, environnement.Protection de la nature et du paysage.Protection de la nature",1
ZH,1968,"Finances, Impôts, monopoles, entreprises d'état.Finances.Contributions étatiques, subventions",1
ZH,1969,"Aménagement du territoire et constructions, expropriation, travaux publics, énergie, transports, environnement",1
ZH,1969,"Aménagement du territoire et constructions, expropriation, travaux publics, énergie, transports, environnement.Protection de l'environnement.Protection contre le bruit",1
ZH,1969,"Aménagement du territoire et constructions, expropriation, travaux publics, énergie, transports, environnement.Protection de la nature et du paysage.Protection des animaux",1
ZH,1969,"Santé, travail, droit des assurances sociales, logement, homes.Assistance.Protection de la jeunesse, aide à la jeunesse",1
ZH,1970,Etat,1
ZH,1970,"Défense nationale, protection de la population, police",1
ZH,1970,"Aménagement du territoire et constructions, expropriation, travaux publics, énergie, transports, environnement",1
ZH,1970,"Aménagement du territoire et constructions, expropriation, travaux publics, énergie, transports, environnement.Protection de la nature et du paysage.Protection du paysage",1
ZH,1971,"Enseignement, sciences, documentation et culture.Art, culture, sport.Encouragement à la culture",1
ZH,1971,"Défense nationale, protection de la population, police.Sécurité intérieure.Maintien de la tranquillité et de l'ordre public.Chiens, animaux dangereux",1
ZH,1971,"Economie.Arts et métiers.Services.Cinéma, théâtre, divertissement",1
ZH,1972,"Aménagement du territoire et constructions, expropriation, travaux publics, énergie, transports, environnement.Protection de l'environnement.Produits toxiques et chimiques",1
ZH,1974,Etat.Professions juridiques.Avocats.Formation,1
ZH,1975,Droit pénal,1
ZH,1975,"Défense nationale, protection de la population, police",1
ZH,1975,"Aménagement du territoire et constructions, expropriation, travaux publics, énergie, transports, environnement.Protection de l'environnement.Protection des eaux",1
ZH,1975,"Aménagement du territoire et constructions, expropriation, travaux publics, énergie, transports, environnement.Protection de la nature et du paysage.Protection des animaux",1
ZH,1975,"Santé, travail, droit des assurances sociales, logement, homes.Santé.Lutte contre les maladies.Epidémies, pandémies",1
ZH,1976,Etat.Eglise et Etat.Eglise évangélique réformée,1
ZH,1976,Droit pénal.Droit pénal des mineurs et procédure pénale des mineurs,1
ZH,1976,"Enseignement, sciences, documentation et culture.Degré secondaire II: Formation professionnelle initiale.Ecoles professionnelles.Enseignement ménager",1
ZH,1976,"Enseignement, sciences, documentation et culture.Pédagogie spécialisée.Ecoles spécialisées",1
ZH,1976,"Aménagement du territoire et constructions, expropriation, travaux publics, énergie, transports, environnement.Aménagement du territoire et constructions.Plans",1
ZH,1977,Etat.Professions juridiques.Notaires.Légalisation,1
ZH,1977,"Droit civil.Dispositions d'introduction du code civil.Droits réels.Registre foncier, mensurations cadastrales",1
ZH,1977,"Aménagement du territoire et constructions, expropriation, travaux publics, énergie, transports, environnement",2
ZH,1977,"Aménagement du territoire et constructions, expropriation, travaux publics, énergie, transports, environnement.Aménagement du territoire et constructions.Procédure",1
ZH,1977,"Aménagement du territoire et constructions, expropriation, travaux publics, énergie, transports, environnement.Transports.Funiculaires, téléphériques, téléskis",1
ZH,1978,Etat,1
ZH,1978,Etat.Dispositions générales.Droit de cité,1
ZH,1978,"Etat.Autorités.Organisation judiciaire.Emoluments judiciaires, frais de justice",1
ZH,1978,"Défense nationale, protection de la population, police.Sécurité intérieure.Maintien de la tranquillité et de l'ordre public.Domaine public",1
ZH,1978,"Aménagement du territoire et constructions, expropriation, travaux publics, énergie, transports, environnement",1
ZH,1978,"Aménagement du territoire et constructions, expropriation, travaux publics, énergie, transports, environnement.Aménagement du territoire et constructions.Plans",2
ZH,1978,"Santé, travail, droit des assurances sociales, logement, homes.Santé.Substances thérapeutiques, stupéfiants",1
ZH,1979,Etat.Autorités.Organisation judiciaire.Personnel des tribunaux,1
ZH,1979,Droit civil.Dispositions générales d'introduction du code des obligations.Des divers contrats.Enchères,1
ZH,1979,Economie,1
ZH,1979,Economie.Agriculture.Améliorations foncières,1
ZH,1980,Etat.Autorités.Gouvernement et administration.Administration.Directions et offices,1
ZH,1980,Etat.Eglise et Etat.Eglise évangélique réformée,2
ZH,1980,"Défense nationale, protection de la population, police",1
ZH,1980,"Défense nationale, protection de la population, police.Sécurité intérieure.Explosifs",1
ZH,1980,"Aménagement du territoire et constructions, expropriation, travaux publics, énergie, transports, environnement",1
ZH,1980,"Santé, travail, droit des assurances sociales, logement, homes.Santé.Etablissements hospitaliers, cliniques.Hôpitaux cantonaux",1
ZH,1980,Economie.Agriculture.Culture des plantes.Vignoble,1
ZH,1981,Etat.Eglise et Etat.Eglise évangélique réformée,1
ZH,1981,"Aménagement du territoire et constructions, expropriation, travaux publics, énergie, transports, environnement",2
ZH,1981,"Santé, travail, droit des assurances sociales, logement, homes.Santé.Etablissements hospitaliers, cliniques.Hôpitaux cantonaux",1
ZH,1981,"Santé, travail, droit des assurances sociales, logement, homes.Assistance.Aide sociale",1
ZH,1981,"Santé, travail, droit des assurances sociales, logement, homes.Assistance.Protection de la jeunesse, aide à la jeunesse",1
ZH,1981,Economie.Agriculture.Mesures d'encouragement,1
ZH,1982,"Finances, Impôts, monopoles, entreprises d'état",1
ZH,1982,"Finances, Impôts, monopoles, entreprises d'état.Finances.Contributions étatiques, subventions",1
ZH,1983,"Aménagement du territoire et constructions, expropriation, travaux publics, énergie, transports, environnement",1
ZH,1983,"Aménagement du territoire et constructions, expropriation, travaux publics, énergie, transports, environnement.Transports.Circulation routière.Impôts et taxes de la circulation",1
ZH,1983,"Aménagement du territoire et constructions, expropriation, travaux publics, énergie, transports, environnement.Protection de la nature et du paysage.Champignons",1
ZH,1983,"Santé, travail, droit des assurances sociales, logement, homes.Droit des assurances sociales.LAA",1
ZH,1984,Etat.Communes.Finances communales,1
ZH,1984,"Enseignement, sciences, documentation et culture",1
ZH,1984,"Défense nationale, protection de la population, police.Sécurité intérieure.Police.Personnel",1
ZH,1984,"Santé, travail, droit des assurances sociales, logement, homes.Assistance.Conseil aux femmes enceintes",1
ZH,1985,Droit civil.Dispositions générales d'introduction du code des obligations.Des divers contrats.Bail à loyer et à ferme.Bail à ferme agricole,1
ZH,1985,"Enseignement, sciences, documentation et culture.Degré secondaire II.Ecole moyenne",1
ZH,1985,"Aménagement du territoire et constructions, expropriation, travaux publics, énergie, transports, environnement.Energie.Electricité",1
ZH,1986,Etat.Eglise et Etat.Eglise évangélique réformée,1
ZH,1986,"Droit civil.Dispositions d'introduction du code civil.Droit des personnes, état civil.Fondations, surveillance.Fondations LPP",1
ZH,1986,"Enseignement, sciences, documentation et culture",2
ZH,1986,"Enseignement, sciences, documentation et culture.Assurance de la qualité, surveillance, direction.Arrondissements scolaires",1
ZH,1986,"Finances, Impôts, monopoles, entreprises d'état.Finances.Contributions étatiques, subventions",1
ZH,1986,"Finances, Impôts, monopoles, entreprises d'état.Impôts.Impôts sur les successions et les donations",1
ZH,1987,Etat.Eglise et Etat.Eglise catholique romaine,1
ZH,1987,Etat.Professions juridiques.Avocats.Honoraires,1
ZH,1987,"Enseignement, sciences, documentation et culture",2
ZH,1987,"Enseignement, sciences, documentation et culture.Assurance de la qualité, surveillance, direction.Bâtiments scolaires",1
ZH,1987,"Aménagement du territoire et constructions, expropriation, travaux publics, énergie, transports, environnement",1
ZH,1988,Etat.Communes.Contributions financières des communes,1
ZH,1988,Etat.Professions juridiques.Notaires.Formation,1
ZH,1988,"Etat.Professions juridiques.Notaires.Taxes, tarifs",1
ZH,1988,"Enseignement, sciences, documentation et culture.Documentation.Archives",1
ZH,1988,"Aménagement du territoire et constructions, expropriation, travaux publics, énergie, transports, environnement",1
ZH,1988,"Santé, travail, droit des assurances sociales, logement, homes.Droit du travail.Marché du travail.Lutte contre les crises, réserves de crise bénéficiant d'allégements fiscaux",1
ZH,1990,"Etat.Autorités.Organisation judiciaire.Autorités judiciaires.Prud'hommes, Tribunaux des baux à loyer",1
ZH,1990,Etat.Eglise et Etat.Eglise évangélique réformée,1
ZH,1990,"Finances, Impôts, monopoles, entreprises d'état.Finances.Contributions étatiques, subventions",1
ZH,1991,"Défense nationale, protection de la population, police.Protection de la population.Protection contre les incendies / éléments naturels.Protection contre les incendies",1
ZH,1991,"Aménagement du territoire et constructions, expropriation, travaux publics, énergie, transports, environnement.Protection de l'environnement.Substances dangereuses pour l'environnement",1
ZH,1992,Etat.Eglise et Etat.Eglise catholique romaine,1
ZH,1992,Etat.Eglise et Etat.Eglise évangélique réformée,1
ZH,1992,Droit civil.Dispositions d'introduction du code civil.Droits réels.Acquisitions des terrains par des personnes domiciliées à l'étranger,1
ZH,1992,Droit pénal.Amendes d'ordre,1
ZH,1992,"Finances, Impôts, monopoles, entreprises d'état.Finances.Contributions étatiques, subventions",1
ZH,1992,"Aménagement du territoire et constructions, expropriation, travaux publics, énergie, transports, environnement",3
ZH,1992,"Aménagement du territoire et constructions, expropriation, travaux publics, énergie, transports, environnement.Travaux publics.Aménagement des eaux.Corrections des eaux / Protection contre les crues",1
ZH,1992,"Aménagement du territoire et constructions, expropriation, travaux publics, énergie, transports, environnement.Protection de la nature et du paysage.Protection des animaux",1
ZH,1992,"Santé, travail, droit des assurances sociales, logement, homes.Santé.Professions médicales.Personnel soignant",1
ZH,1992,"Santé, travail, droit des assurances sociales, logement, homes.Santé.Hygiène.Alimentation en eau",1
ZH,1993,"Etat.Dispositions générales.Droits fondamentaux, droits politiques.égalité entre hommes et femmes",1
ZH,1993,Etat.Autorités.Gouvernement et administration.Emoluments administratifs,1
ZH,1993,"Etat.Autorités.Organisation judiciaire.Autorités judiciaires.Cours supérieures, tribunaux fédéraux",1
ZH,1993,"Etat.Autorités.Organisation judiciaire.Emoluments judiciaires, frais de justice",1
ZH,1993,Etat.Eglise et Etat.Eglise évangélique réformée,2
ZH,1993,Droit pénal.Procédure pénale.Emoluments,1
ZH,1993,"Enseignement, sciences, documentation et culture.Contributions à la formation.Ecolages",2
ZH,1993,Economie.Agriculture.Mesures d'encouragement,1
ZH,1993,Economie.Agriculture.Droit foncier rural,1
ZH,1994,Etat.Autorités.Gouvernement et administration.Gouvernement.Pensions,1
ZH,1994,Etat.Autorités.Protection des données,1
ZH,1994,"Défense nationale, protection de la population, police.Protection de la population.Protection contre les incendies / éléments naturels.Protection contre le feu, pompiers",1
ZH,1994,"Finances, Impôts, monopoles, entreprises d'état.Impôts.Impôts sur le revenu et la fortune / impôts sur les bénéfices et les capitaux.Impôt à la source",2
ZH,1995,Etat.Autorités.Gouvernement et administration.Administration.Directions et offices,1
ZH,1995,"Aménagement du territoire et constructions, expropriation, travaux publics, énergie, transports, environnement",1
ZH,1995,"Aménagement du territoire et constructions, expropriation, travaux publics, énergie, transports, environnement.Protection de l'environnement.Déchets",1
ZH,1995,"Santé, travail, droit des assurances sociales, logement, homes",1
ZH,1995,Economie,1
ZH,1996,Etat,2
ZH,1996,Etat.Dispositions générales.Etablissement et séjour.Etablissement et séjour des étrangers.mesures de contrainte,1
ZH,1996,Droit pénal.Procédure pénale.Aide aux victimes d'infractions,1
ZH,1996,"Finances, Impôts, monopoles, entreprises d'état.Finances.Budget, comptes",1
ZH,1997,Etat,1
ZH,1997,Etat.Autorités.Gouvernement et administration.Procédure administrative,1
ZH,1997,"Etat.Autorités.Organisation judiciaire.Autorités judiciaires.Tribunaux administratifs, des assurances et des assurances sociales",2
ZH,1997,Etat.Communes.Finances communales,1
ZH,1997,"Droit civil.Dispositions d'introduction du code civil.Droits réels.Registre foncier, mensurations cadastrales",1
ZH,1997,"Enseignement, sciences, documentation et culture.Degré prescolaire, école primaire, degré secondaire I.Ecole primaire, degré secondaire I",1
ZH,1997,"Enseignement, sciences, documentation et culture.Degré secondaire II: Formation professionnelle initiale.Ecoles professionnelles.Enseignement ménager",1
ZH,1997,"Enseignement, sciences, documentation et culture.Pédagogie spécialisée.Ecoles spécialisées",1
ZH,1997,"Finances, Impôts, monopoles, entreprises d'état.Impôts.Impôt anticipé",1
ZH,1997,"Finances, Impôts, monopoles, entreprises d'état.Monopoles, régales, entreprises d'état.Alcool",1
ZH,1997,"Aménagement du territoire et constructions, expropriation, travaux publics, énergie, transports, environnement",1
ZH,1997,"Aménagement du territoire et constructions, expropriation, travaux publics, énergie, transports, environnement.Aménagement du territoire et constructions.Procédure",1
ZH,1997,"Aménagement du territoire et constructions, expropriation, travaux publics, énergie, transports, environnement.Transports.Navigation.Impôts et taxes sur les bateaux",1
ZH,1997,"Aménagement du territoire et constructions, expropriation, travaux publics, énergie, transports, environnement.Protection de l'environnement.Etude d'impact sur l'environnement",1
ZH,1997,"Santé, travail, droit des assurances sociales, logement, homes.Droit des assurances sociales.Prestations complémentaires",1
ZH,1997,Economie.Commerce.Poids et mesures. moyens de paiement,1
ZH,1998,Etat,2
ZH,1998,Etat.Dispositions générales.Etablissement et séjour.Etablissement et séjour des étrangers.intégration,1
ZH,1998,Etat.Autorités.Gouvernement et administration.Organisation.Délégation,1
ZH,1998,"Etat.Autorités.Organisation judiciaire.Autorités judiciaires.Tribunaux administratifs, des assurances et des assurances sociales",1
ZH,1998,Etat.Autorités.Organisation judiciaire.Autorités judiciaires.Commissions de recours,1
ZH,1998,Droit civil,2
ZH,1998,"Enseignement, sciences, documentation et culture.Degré prescolaire, école primaire, degré secondaire I.Crèches",1
ZH,1998,"Enseignement, sciences, documentation et culture.Degré tertiaire: universités.Faculté de médecine humaine et vétérinaire",1
ZH,1998,"Enseignement, sciences, documentation et culture.Contributions à la formation.Emoluments scolaires",1
ZH,1998,"Enseignement, sciences, documentation et culture.Assurance de la qualité, surveillance, direction.Matériel scolaire",1
ZH,1998,"Enseignement, sciences, documentation et culture.Assurance de la qualité, surveillance, direction.Bâtiments scolaires",1
ZH,1998,"Enseignement, sciences, documentation et culture.Assurance de la qualité, surveillance, direction.Autorités scolaires",1
ZH,1998,"Enseignement, sciences, documentation et culture.Documentation.Statistique",1
ZH,1998,"Enseignement, sciences, documentation et culture.Documentation.Archives",2
ZH,1998,"Défense nationale, protection de la population, police.Sécurité intérieure.Armes et munitions",1
ZH,1998,"Finances, Impôts, monopoles, entreprises d'état",1
ZH,1998,"Finances, Impôts, monopoles, entreprises d'état.Finances.Contributions étatiques, subventions",1
ZH,1998,"Finances, Impôts, monopoles, entreprises d'état.Impôts.Impôts sur le revenu et la fortune / impôts sur les bénéfices et les capitaux.Impôt fédéral",1
ZH,1998,"Aménagement du territoire et constructions, expropriation, travaux publics, énergie, transports, environnement.Protection de l'environnement.Lutte contre les dommages",1
ZH,1998,"Santé, travail, droit des assurances sociales, logement, homes",1
ZH,1998,"Santé, travail, droit des assurances sociales, logement, homes.Santé.Professions médicales.Médecins",1
ZH,1998,"Santé, travail, droit des assurances sociales, logement, homes.Santé.Professions médicales.Dentistes",2
ZH,1998,Economie,1
ZH,1999,Etat,1
ZH,1999,Etat.Autorités.Protection des données,1
ZH,1999,Etat.Autorités.Organisation judiciaire.Personnel des tribunaux,1
ZH,1999,Etat.Communes.Finances communales,1
ZH,1999,Droit civil,1
ZH,1999,Droit pénal,2
ZH,1999,Droit pénal.Amendes d'ordre,1
ZH,1999,"Enseignement, sciences, documentation et culture",1
ZH,1999,"Enseignement, sciences, documentation et culture.Corps enseignant.Engagement",2
ZH,1999,"Enseignement, sciences, documentation et culture.Corps enseignant.Prévoyance professionnelle, caisses de pensions",1
ZH,1999,"Enseignement, sciences, documentation et culture.Corps enseignant.Personnel des universités",1
ZH,1999,"Enseignement, sciences, documentation et culture.Sport scolaire",1
ZH,1999,"Défense nationale, protection de la population, police.Sécurité intérieure.Police.Police cantonale",1
ZH,1999,"Aménagement du territoire et constructions, expropriation, travaux publics, énergie, transports, environnement",1
ZH,1999,"Aménagement du territoire et constructions, expropriation, travaux publics, énergie, transports, environnement.Transports.Circulation routière.Transport des personnes",1
ZH,1999,"Aménagement du territoire et constructions, expropriation, travaux publics, énergie, transports, environnement.Protection de l'environnement.Déchets",1
ZH,1999,Economie,2
ZH,2000,Etat.Dispositions générales.Procédure législative,1
ZH,2000,"Etat.Autorités.Organisation judiciaire.Autorités judiciaires.Cours supérieures, tribunaux fédéraux",1
ZH,2000,"Droit civil.Dispositions d'introduction du code civil.Droit des personnes, état civil.Fondations, surveillance.Fondations LPP",1
ZH,2000,"Enseignement, sciences, documentation et culture",3
ZH,2000,"Enseignement, sciences, documentation et culture.Degré tertiaire: universités.Faculté de médecine humaine et vétérinaire",1
ZH,2000,"Enseignement, sciences, documentation et culture.Assurance de la qualité, surveillance, direction.Matériel scolaire",1
ZH,2000,"Aménagement du territoire et constructions, expropriation, travaux publics, énergie, transports, environnement.Protection de l'environnement.Déchets",1
ZH,2000,"Santé, travail, droit des assurances sociales, logement, homes",2
ZH,2000,"Santé, travail, droit des assurances sociales, logement, homes.Droit des assurances sociales.Assurance-chômage",1
ZH,2000,Economie.Agriculture.Epizooties,1
ZH,2001,"Etat.Autorités.Organisation judiciaire.Autorités judiciaires.Cours supérieures, tribunaux fédéraux",2
ZH,2001,"Etat.Autorités.Organisation judiciaire.Emoluments judiciaires, frais de justice",1
ZH,2001,"Droit civil.Dispositions d'introduction du code civil.Droits réels.Registre foncier, mensurations cadastrales",1
ZH,2001,Droit pénal,1
ZH,2001,"Finances, Impôts, monopoles, entreprises d'état.Impôts.Impôts sur le revenu et la fortune / impôts sur les bénéfices et les capitaux.Imputation forfaitaire d'impôt",1
ZH,2001,"Aménagement du territoire et constructions, expropriation, travaux publics, énergie, transports, environnement",1
ZH,2001,"Santé, travail, droit des assurances sociales, logement, homes",1
ZH,2002,Etat.Dispositions générales.Documents d'identité,1
ZH,2002,"Etat.Autorités.Organisation judiciaire.Autorités judiciaires.Cours supérieures, tribunaux fédéraux",1
ZH,2002,Etat.Eglise et Etat.Eglise évangélique réformée,1
ZH,2002,"Enseignement, sciences, documentation et culture",1
ZH,2002,"Enseignement, sciences, documentation et culture.Degré tertiaire: Hautes écoles.Pédagogie",1
ZH,2002,"Enseignement, sciences, documentation et culture.Corps enseignant.Formation",1
ZH,2002,"Aménagement du territoire et constructions, expropriation, travaux publics, énergie, transports, environnement.Protection de la nature et du paysage.Protection de la nature",1
ZH,2002,"Santé, travail, droit des assurances sociales, logement, homes",1
ZH,2002,"Santé, travail, droit des assurances sociales, logement, homes.Santé.Professions médicales.Médecins",1
ZH,2002,"Santé, travail, droit des assurances sociales, logement, homes.Droit du travail.Marché du travail.Envoi de travailleurs à l'étranger",1
ZH,2002,"Santé, travail, droit des assurances sociales, logement, homes.Droit du travail.Marché du travail.Libre circulation",1
ZH,2002,"Santé, travail, droit des assurances sociales, logement, homes.Droit des assurances sociales.LAMAL.Limitation de l'admission des fournisseurs de prestations",1
ZH,2002,Economie.Commerce.Commerce itinérant,1
ZH,2003,Etat,1
ZH,2003,"Etat.Autorités.Organisation judiciaire.Autorités judiciaires.Cours supérieures, tribunaux fédéraux",1
ZH,2003,Droit civil,3
ZH,2003,"Droit civil.Dispositions d'introduction du code civil.Droit des personnes, état civil.Partenariat enregistré",1
ZH,2003,"Enseignement, sciences, documentation et culture.Degré tertiaire: universités.Faculté de médecine humaine et vétérinaire",1
ZH,2003,"Finances, Impôts, monopoles, entreprises d'état.Monopoles, régales, entreprises d'état.Chasse.Chasseurs",1
ZH,2003,"Aménagement du territoire et constructions, expropriation, travaux publics, énergie, transports, environnement.Travaux publics.Marchés publics",1
ZH,2003,"Santé, travail, droit des assurances sociales, logement, homes.Droit du travail.Employés.Dimanches et jours fériés",1
ZH,2004,Etat,1
ZH,2004,Etat.Dispositions générales.Etablissement et séjour.Etablissement et séjour des étrangers.asile,1
ZH,2004,"Etat.Autorités.Organisation judiciaire.Autorités judiciaires.Juges d'instruction, Ministère public.Ministère public",1
ZH,2004,"Etat.Autorités.Organisation judiciaire.Autorités judiciaires.Cours supérieures, tribunaux fédéraux",1
ZH,2004,"Etat.Autorités.Organisation judiciaire.Autorités judiciaires.Tribunaux administratifs, des assurances et des assurances sociales",2
ZH,2004,Droit civil,4
ZH,2004,Droit civil.Arbitrage,1
ZH,2004,"Enseignement, sciences, documentation et culture.Contributions à la formation.Bourses d'études",1
ZH,2004,"Enseignement, sciences, documentation et culture.Contributions à la formation.Ecolages",1
ZH,2004,"Enseignement, sciences, documentation et culture.Assurance de la qualité, surveillance, direction.Direction",1
ZH,2004,"Enseignement, sciences, documentation et culture.Documentation.Archives",1
ZH,2004,"Défense nationale, protection de la population, police.Défense.Taxe d'exemption",1
ZH,2004,"Défense nationale, protection de la population, police.Protection de la population.Protection contre les incendies / éléments naturels.Protection contre les incendies",1
ZH,2004,"Finances, Impôts, monopoles, entreprises d'état",1
ZH,2004,"Aménagement du territoire et constructions, expropriation, travaux publics, énergie, transports, environnement.Transports.Navigation aérienne.Aéroports",1
ZH,2004,"Santé, travail, droit des assurances sociales, logement, homes.Santé.Etablissements hospitaliers, cliniques.Hôpitaux cantonaux",2
ZH,2004,"Santé, travail, droit des assurances sociales, logement, homes.Santé.Professions médicales.Psychothérapeutes",1
ZH,2004,Economie.Arts et métiers.Services.Crédit à la consommation,1
ZH,2005,Etat,1
ZH,2005,Etat.Dispositions générales.Etablissement et séjour.Etablissement et séjour des étrangers.asile,1
ZH,2005,"Etat.Autorités.Organisation judiciaire.Autorités judiciaires.Juges d'instruction, Ministère public.Ministère public",1
ZH,2005,"Etat.Autorités.Organisation judiciaire.Autorités judiciaires.Cours supérieures, tribunaux fédéraux",2
ZH,2005,Etat.Eglise et Etat.Eglise catholique romaine,1
ZH,2005,Droit civil,1
ZH,2005,Droit pénal.Procédure pénale.Profils d'ADN,1
ZH,2005,"Enseignement, sciences, documentation et culture.Contributions à la formation.Emoluments scolaires",1
ZH,2005,"Défense nationale, protection de la population, police",3
ZH,2005,"Défense nationale, protection de la population, police.Sécurité intérieure.Police.Police communale",1
ZH,2005,"Finances, Impôts, monopoles, entreprises d'état.Impôts.Impôts sur le revenu et la fortune / impôts sur les bénéfices et les capitaux.Impôt à la source",1
ZH,2005,"Aménagement du territoire et constructions, expropriation, travaux publics, énergie, transports, environnement",1
ZH,2005,"Santé, travail, droit des assurances sociales, logement, homes.Santé.Etablissements hospitaliers, cliniques.Cliniques psychiatriques",1
ZH,2005,"Santé, travail, droit des assurances sociales, logement, homes.Logement.Mesures d'encouragement à la construction de logements",1
ZH,2005,"Santé, travail, droit des assurances sociales, logement, homes.Assistance.Protection de la jeunesse, aide à la jeunesse",1
ZH,2006,Etat.Dispositions générales.Etablissement et séjour.Etablissement et séjour des étrangers.intégration,1
ZH,2006,Etat.Autorités.Protection des données,1
ZH,2006,Droit civil,2
ZH,2006,Droit pénal,1
ZH,2006,"Enseignement, sciences, documentation et culture.Degré prescolaire, école primaire, degré secondaire I.Ecole primaire, degré secondaire I",1
ZH,2006,"Aménagement du territoire et constructions, expropriation, travaux publics, énergie, transports, environnement.Protection de l'environnement.Déchets",1
ZH,2006,"Aménagement du territoire et constructions, expropriation, travaux publics, énergie, transports, environnement.Protection de l'environnement.Hygiène de l'air.Poussières fines/smog",1
ZH,2006,"Santé, travail, droit des assurances sociales, logement, homes.Droit du travail.Marché du travail.Service de l'emploi et location de services",1
ZH,2007,"Enseignement, sciences, documentation et culture",1
ZH,2007,"Enseignement, sciences, documentation et culture.Degré prescolaire, école primaire, degré secondaire I.Ecole primaire, degré secondaire I",1
ZH,2007,"Enseignement, sciences, documentation et culture.Formation continue (Degré quaternaire).Formation des adultes",1
ZH,2007,"Enseignement, sciences, documentation et culture.Pédagogie spécialisée.Ecoles spécialisées",2
ZH,2007,"Défense nationale, protection de la population, police.Protection de la population.Protection contre les incendies / éléments naturels.Protection contre le feu, pompiers",1
ZH,2007,"Finances, Impôts, monopoles, entreprises d'état.Finances.Budget, comptes",1
ZH,2007,"Aménagement du territoire et constructions, expropriation, travaux publics, énergie, transports, environnement.Protection de l'environnement.Produits toxiques et chimiques",1
ZH,2007,"Santé, travail, droit des assurances sociales, logement, homes",1
ZH,2007,"Santé, travail, droit des assurances sociales, logement, homes.Santé.Etique",1
ZH,2007,"Santé, travail, droit des assurances sociales, logement, homes.Assistance.Aide sociale",1
ZH,2008,Etat.Dispositions générales.Information du public,1
ZH,2008,"Etat.Autorités.Organisation judiciaire.Autorités judiciaires.Tribunaux de district / d'arrondissement, juges de paix",1
ZH,2008,Droit civil,1
ZH,2008,Droit pénal,1
ZH,2008,Droit pénal.Droit pénal des mineurs et procédure pénale des mineurs,1
ZH,2008,"Défense nationale, protection de la population, police",1
ZH,2008,"Finances, Impôts, monopoles, entreprises d'état.Finances.Budget, comptes",1
ZH,2008,"Santé, travail, droit des assurances sociales, logement, homes",1
ZH,2008,"Santé, travail, droit des assurances sociales, logement, homes.Santé.Substances thérapeutiques, stupéfiants",1
ZH,2008,"Santé, travail, droit des assurances sociales, logement, homes.Droit du travail.Marché du travail.Travail au noir",1
ZH,2008,"Santé, travail, droit des assurances sociales, logement, homes.Droit des assurances sociales.Allocations familiales.Salariés et indépendants",1
ZH,2009,Etat.Dispositions générales.Etablissement et séjour.Etablissement et séjour des étrangers.asile,1
ZH,2009,Etat.Autorités.Gouvernement et administration.Administration.Directions et offices,1
ZH,2009,"Enseignement, sciences, documentation et culture",1
ZH,2009,"Enseignement, sciences, documentation et culture.Degré secondaire II: Formation professionnelle initiale.Solutions transitoires",2
ZH,2009,"Enseignement, sciences, documentation et culture.Degré tertiaire: Hautes écoles.Autres filières d'études",1
ZH,2009,"Enseignement, sciences, documentation et culture.Pédagogie spécialisée.Ecoles spécialisées",1
ZH,2009,"Enseignement, sciences, documentation et culture.Art, culture, sport.Sport",1
ZH,2009,"Défense nationale, protection de la population, police",1
ZH,2009,"Aménagement du territoire et constructions, expropriation, travaux publics, énergie, transports, environnement.Protection de l'environnement.Protection contre le bruit",1
ZH,2009,"Santé, travail, droit des assurances sociales, logement, homes",1
ZH,2010,Etat.Autorités.Gouvernement et administration.Administration.Directions et offices,1
ZH,2010,Etat.Eglise et Etat.Eglise évangélique réformée,1
ZH,2010,Droit pénal.Procédure pénale.Codes de procédure pénale,1
ZH,2010,"Enseignement, sciences, documentation et culture",1
ZH,2010,"Défense nationale, protection de la population, police.Protection de la population.Approvisionnement du pays",1
ZH,2010,Economie.Promotion de l'économie,1
ZH,2011,Etat,1
ZH,2011,Etat.Autorités.Gouvernement et administration.Administration.Directions et offices,1
ZH,2011,"Etat.Autorités.Ombudsman, médiateur",1
ZH,2011,Droit civil,1
ZH,2011,"Enseignement, sciences, documentation et culture",1
ZH,2011,"Enseignement, sciences, documentation et culture.Pédagogie spécialisée.Logopédie",1
ZH,2011,"Enseignement, sciences, documentation et culture.Documentation.Bibliothèques",1
ZH,2011,"Finances, Impôts, monopoles, entreprises d'état.Impôts.Impôts sur le revenu et la fortune / impôts sur les bénéfices et les capitaux.Impôt à la source",1
ZH,2011,"Santé, travail, droit des assurances sociales, logement, homes",1
ZH,2012,Etat.Autorités.Gouvernement et administration.Administration.Directions et offices,2
ZH,2012,"Droit civil.Dispositions d'introduction du code civil.Droit des personnes, état civil.Fondations, surveillance.Fondations LPP",1
ZH,2012,Droit civil.Dispositions d'introduction du code civil.Droit de la famille.Tutelle,2
ZH,2012,"Droit civil.Dispositions d'introduction du code civil.Droits réels.Registre foncier, mensurations cadastrales",4
ZH,2012,"Enseignement, sciences, documentation et culture.Degré tertiaire: universités.Faculté de médecine humaine et vétérinaire",1
ZH,2012,"Santé, travail, droit des assurances sociales, logement, homes.Assistance.Protection de la jeunesse, aide à la jeunesse",2
ZH,2013,Droit civil.Dispositions d'introduction du code civil.Droit de la famille.Tutelle,1
ZH,2013,"Droit civil.Dispositions d'introduction du code civil.Droits réels.Registre foncier, mensurations cadastrales",1
ZH,2013,"Enseignement, sciences, documentation et culture",1
ZH,2013,"Enseignement, sciences, documentation et culture.Degré secondaire II: Formation professionnelle initiale.Solutions transitoires",1
ZH,2013,"Aménagement du territoire et constructions, expropriation, travaux publics, énergie, transports, environnement",1
ZH,2014,Etat.Eglise et Etat.Eglise évangélique réformée,1
ZH,2014,"Droit civil.Dispositions d'introduction du code civil.Droits réels.Registre foncier, mensurations cadastrales",1
ZH,2014,"Enseignement, sciences, documentation et culture.Corps enseignant.Formation",1
ZH,2014,"Finances, Impôts, monopoles, entreprises d'état.Impôts.Impôts sur le revenu et la fortune / impôts sur les bénéfices et les capitaux.Impôt à la source",1
ZH,2015,Etat.Autorités.Gouvernement et administration.Administration.Directions et offices,1
ZH,2015,Etat.Eglise et Etat.Eglise évangélique réformée,1
ZH,2015,"Enseignement, sciences, documentation et culture",1
ZH,2015,"Aménagement du territoire et constructions, expropriation, travaux publics, énergie, transports, environnement",1
ZH,2016,Etat,1
ZH,2016,Etat.Autorités.Protection des données,2
ZH,2016,Etat.Eglise et Etat.Eglise évangélique réformée,1
ZH,2017,Etat,1
ZH,2017,Etat.Autorités.Gouvernement et administration.Administration.Départements,1
ZH,2017,"Enseignement, sciences, documentation et culture",1
ZH,2017,"Enseignement, sciences, documentation et culture.Degré tertiaire: universités.Faculté de médecine humaine et vétérinaire",1
ZH,2017,"Santé, travail, droit des assurances sociales, logement, homes.Santé.Soins à domicile",1
ZH,2018,Etat.Dispositions générales.Etablissement et séjour.Etablissement et séjour Suisses.contrôle des habitants,1
ZH,2018,Droit civil,1
ZH,2018,"Enseignement, sciences, documentation et culture.Pédagogie spécialisée.Ecoles spécialisées",1
ZH,2018,"Enseignement, sciences, documentation et culture.Assurance de la qualité, surveillance, direction.Bâtiments scolaires",1
ZH,2018,"Défense nationale, protection de la population, police",1
ZH,2018,"Aménagement du territoire et constructions, expropriation, travaux publics, énergie, transports, environnement.Transports.Transports publics.Transports ferroviaires",1
ZH,2018,"Santé, travail, droit des assurances sociales, logement, homes.Santé.Professions médicales.Personnel soignant",1
ZH,2018,"Santé, travail, droit des assurances sociales, logement, homes.Santé.Urgences, ambulances",1
ZH,2018,"Santé, travail, droit des assurances sociales, logement, homes.Logement.Mesures d'encouragement à la construction de logements",1
ZH,2019,Etat.Eglise et Etat.Eglise évangélique réformée,1
ZH,2019,"Enseignement, sciences, documentation et culture",1
ZH,2019,Economie,1
ZH,2020,Etat.Eglise et Etat.Eglise évangélique réformée,1
ZH,2020,"Enseignement, sciences, documentation et culture.Degré prescolaire, école primaire, degré secondaire I.Crèches",2
ZH,2020,"Enseignement, sciences, documentation et culture.Degré tertiaire: universités.Faculté de droit",1
ZH,2020,"Enseignement, sciences, documentation et culture.Degré tertiaire: universités.Faculté de sciences économiques",1
ZH,2020,"Enseignement, sciences, documentation et culture.Degré tertiaire: universités.Faculté de philosophie",1
ZH,2020,"Enseignement, sciences, documentation et culture.Degré tertiaire: universités.Faculté de médecine humaine et vétérinaire",1
ZH,2020,"Finances, Impôts, monopoles, entreprises d'état.Impôts.Impôts sur le revenu et la fortune / impôts sur les bénéfices et les capitaux.Impôt à la source",1
ZH,2020,"Aménagement du territoire et constructions, expropriation, travaux publics, énergie, transports, environnement",1
ZH,2020,"Aménagement du territoire et constructions, expropriation, travaux publics, énergie, transports, environnement.Transports.Poste, télécommunications",1
ZH,2020,"Santé, travail, droit des assurances sociales, logement, homes.Santé.Lutte contre les maladies.Epidémies, pandémies",2
ZH,2020,Economie.Arts et métiers.Services.Jeux de hasard et loteries.Fonds de loterie,1
ZH,2021,Etat.Eglise et Etat.Eglise catholique romaine,1
ZH,2021,Etat.Eglise et Etat.Eglise évangélique réformée,1
ZH,2021,Droit pénal,1
ZH,2021,"Enseignement, sciences, documentation et culture",1
ZH,2021,"Enseignement, sciences, documentation et culture.Degré tertiaire: universités.Faculté de théologie",1
ZH,2021,"Enseignement, sciences, documentation et culture.Degré tertiaire: universités.Faculté de sciences naturelles",1
ZH,2021,"Enseignement, sciences, documentation et culture.Degré tertiaire: universités.Faculté de médecine humaine et vétérinaire",1
ZH,2021,"Enseignement, sciences, documentation et culture.Art, culture, sport.Encouragement à la culture",1
ZH,2021,"Santé, travail, droit des assurances sociales, logement, homes.Santé.Etique",1
ZH,2021,"Santé, travail, droit des assurances sociales, logement, homes.Santé.Lutte contre les maladies.Epidémies, pandémies",2
ZH,2022,Etat.Eglise et Etat.Eglise évangélique réformée,1
ZH,2022,"Enseignement, sciences, documentation et culture.Degré prescolaire, école primaire, degré secondaire I.Ecole primaire, degré secondaire I",1
ZH,2022,"Défense nationale, protection de la population, police",1
ZH,2022,"Aménagement du territoire et constructions, expropriation, travaux publics, énergie, transports, environnement",3
ZH,2022,"Santé, travail, droit des assurances sociales, logement, homes.Santé.Etablissements hospitaliers, cliniques.Hôpitaux cantonaux",1
ZH,2023,"Finances, Impôts, monopoles, entreprises d'état.Monopoles, régales, entreprises d'état.Mines",1
ZH,2023,"Aménagement du territoire et constructions, expropriation, travaux publics, énergie, transports, environnement.Aménagement du territoire et constructions.Zones",1
ZH,2023,"Santé, travail, droit des assurances sociales, logement, homes.Assistance.Homes.Etablissements pour personnes âgées",1
ZH,2023,Economie.Arts et métiers.Services.Taxis,1
ZH,2024,"Santé, travail, droit des assurances sociales, logement, homes.Santé.Professions médicales.Personnel soignant",1
ZH,2025,"Santé, travail, droit des assurances sociales, logement, homes.Santé.Professions médicales.Personnel soignant",2
ZH,2025,"Santé, travail, droit des assurances sociales, logement, homes.Assistance.Protection de la jeunesse, aide à la jeunesse",1
ZH,2026,Etat.Eglise et Etat.Eglise évangélique réformée,1
ZH,2026,"Enseignement, sciences, documentation et culture.Documentation.Statistique",1
