DATAFLOW,INSTRUMENT_TYPE,CANTON,DOMAIN,TIME_PERIOD,OBS_VALUE
SLC:DF_LAWS(1.0),reglement,BE,educ,1562,1
SLC:DF_LAWS(1.0),reglement,_T,_T,1562,1
SLC:DF_LAWS(1.0),_T,BE,_T,1562,1
SLC:DF_LAWS(1.0),_T,_T,educ,1562,1
SLC:DF_LAWS(1.0),_T,_T,_T,1562,1
SLC:DF_LAWS(1.0),interkantonale_vereinbarung,GE,etat,1564,1
SLC:DF_LAWS(1.0),interkantonale_vereinbarung,_T,_T,1564,1
SLC:DF_LAWS(1.0),_T,GE,_T,1564,1
SLC:DF_LAWS(1.0),_T,_T,etat,1564,1
SLC:DF_LAWS(1.0),_T,_T,_T,1564,1
SLC:DF_LAWS(1.0),interkantonale_vereinbarung,AG,infra,1632,3
SLC:DF_LAWS(1.0),interkantonale_vereinbarung,FR,fin,1632,1
SLC:DF_LAWS(1.0),interkantonale_vereinbarung,NW,fin,1632,1
SLC:DF_LAWS(1.0),interkantonale_vereinbarung,SG,sante,1632,7
SLC:DF_LAWS(1.0),interkantonale_vereinbarung,ZH,fin,1632,1
SLC:DF_LAWS(1.0),interkantonale_vereinbarung,_T,_T,1632,13
SLC:DF_LAWS(1.0),_T,AG,_T,1632,3
SLC:DF_LAWS(1.0),_T,FR,_T,1632,1
SLC:DF_LAWS(1.0),_T,NW,_T,1632,1
SLC:DF_LAWS(1.0),_T,SG,_T,1632,7
SLC:DF_LAWS(1.0),_T,ZH,_T,1632,1
SLC:DF_LAWS(1.0),_T,_T,fin,1632,3
SLC:DF_LAWS(1.0),_T,_T,infra,1632,3
SLC:DF_LAWS(1.0),_T,_T,sante,1632,7
SLC:DF_LAWS(1.0),_T,_T,_T,1632,13
SLC:DF_LAWS(1.0),interkantonale_vereinbarung,GE,etat,1726,1
SLC:DF_LAWS(1.0),interkantonale_vereinbarung,_T,_T,1726,1
SLC:DF_LAWS(1.0),_T,GE,_T,1726,1
SLC:DF_LAWS(1.0),_T,_T,etat,1726,1
SLC:DF_LAWS(1.0),_T,_T,_T,1726,1
SLC:DF_LAWS(1.0),staatsvertrag,GE,etat,1749,1
SLC:DF_LAWS(1.0),staatsvertrag,_T,_T,1749,1
SLC:DF_LAWS(1.0),_T,GE,_T,1749,1
SLC:DF_LAWS(1.0),_T,_T,etat,1749,1
SLC:DF_LAWS(1.0),_T,_T,_T,1749,1
SLC:DF_LAWS(1.0),staatsvertrag,BS,infra,1756,1
SLC:DF_LAWS(1.0),staatsvertrag,_T,_T,1756,1
SLC:DF_LAWS(1.0),_T,BS,_T,1756,1
SLC:DF_LAWS(1.0),_T,_T,infra,1756,1
SLC:DF_LAWS(1.0),_T,_T,_T,1756,1
SLC:DF_LAWS(1.0),interkantonale_vereinbarung,SO,infra,1780,1
SLC:DF_LAWS(1.0),interkantonale_vereinbarung,_T,_T,1780,1
SLC:DF_LAWS(1.0),_T,SO,_T,1780,1
SLC:DF_LAWS(1.0),_T,_T,infra,1780,1
SLC:DF_LAWS(1.0),_T,_T,_T,1780,1
SLC:DF_LAWS(1.0),anderes,NW,etat,1787,1
SLC:DF_LAWS(1.0),anderes,_T,_T,1787,1
SLC:DF_LAWS(1.0),_T,NW,_T,1787,1
SLC:DF_LAWS(1.0),_T,_T,etat,1787,1
SLC:DF_LAWS(1.0),_T,_T,_T,1787,1
SLC:DF_LAWS(1.0),anderes,GL,fin,1800,1
SLC:DF_LAWS(1.0),anderes,_T,_T,1800,1
SLC:DF_LAWS(1.0),_T,GL,_T,1800,1
SLC:DF_LAWS(1.0),_T,_T,fin,1800,1
SLC:DF_LAWS(1.0),_T,_T,_T,1800,1
SLC:DF_LAWS(1.0),anderes,SO,autres,1802,1
SLC:DF_LAWS(1.0),anderes,SO,educ,1802,1
SLC:DF_LAWS(1.0),gesetz,VS,etat,1802,1
SLC:DF_LAWS(1.0),anderes,_T,_T,1802,2
SLC:DF_LAWS(1.0),gesetz,_T,_T,1802,1
SLC:DF_LAWS(1.0),_T,SO,_T,1802,2
SLC:DF_LAWS(1.0),_T,VS,_T,1802,1
SLC:DF_LAWS(1.0),_T,_T,autres,1802,1
SLC:DF_LAWS(1.0),_T,_T,educ,1802,1
SLC:DF_LAWS(1.0),_T,_T,etat,1802,1
SLC:DF_LAWS(1.0),_T,_T,_T,1802,3
SLC:DF_LAWS(1.0),anderes,AG,etat,1803,1
SLC:DF_LAWS(1.0),anderes,SO,etat,1803,3
SLC:DF_LAWS(1.0),anderes,TG,etat,1803,1
SLC:DF_LAWS(1.0),anderes,VD,etat,1803,3
SLC:DF_LAWS(1.0),dekret,VD,etat,1803,1
SLC:DF_LAWS(1.0),gesetz,GE,etat,1803,1
SLC:DF_LAWS(1.0),gesetz,TI,etat,1803,2
SLC:DF_LAWS(1.0),gesetz,VD,etat,1803,2
SLC:DF_LAWS(1.0),anderes,_T,_T,1803,8
SLC:DF_LAWS(1.0),dekret,_T,_T,1803,1
SLC:DF_LAWS(1.0),gesetz,_T,_T,1803,5
SLC:DF_LAWS(1.0),_T,AG,_T,1803,1
SLC:DF_LAWS(1.0),_T,GE,_T,1803,1
SLC:DF_LAWS(1.0),_T,SO,_T,1803,3
SLC:DF_LAWS(1.0),_T,TG,_T,1803,1
SLC:DF_LAWS(1.0),_T,TI,_T,1803,2
SLC:DF_LAWS(1.0),_T,VD,_T,1803,6
SLC:DF_LAWS(1.0),_T,_T,etat,1803,14
SLC:DF_LAWS(1.0),_T,_T,_T,1803,14
SLC:DF_LAWS(1.0),gesetz,VD,autres,1804,1
SLC:DF_LAWS(1.0),gesetz,_T,_T,1804,1
SLC:DF_LAWS(1.0),_T,VD,_T,1804,1
SLC:DF_LAWS(1.0),_T,_T,autres,1804,1
SLC:DF_LAWS(1.0),_T,_T,_T,1804,1
SLC:DF_LAWS(1.0),anderes,GL,educ,1807,1
SLC:DF_LAWS(1.0),anderes,_T,_T,1807,1
SLC:DF_LAWS(1.0),_T,GL,_T,1807,1
SLC:DF_LAWS(1.0),_T,_T,educ,1807,1
SLC:DF_LAWS(1.0),_T,_T,_T,1807,1
SLC:DF_LAWS(1.0),staatsvertrag,FR,autres,1808,1
SLC:DF_LAWS(1.0),staatsvertrag,_T,_T,1808,1
SLC:DF_LAWS(1.0),_T,FR,_T,1808,1
SLC:DF_LAWS(1.0),_T,_T,autres,1808,1
SLC:DF_LAWS(1.0),_T,_T,_T,1808,1
SLC:DF_LAWS(1.0),anderes,GE,autres,1815,1
SLC:DF_LAWS(1.0),gesetz,GE,etat,1815,1
SLC:DF_LAWS(1.0),staatsvertrag,BL,etat,1815,1
SLC:DF_LAWS(1.0),staatsvertrag,GE,etat,1815,2
SLC:DF_LAWS(1.0),anderes,_T,_T,1815,1
SLC:DF_LAWS(1.0),gesetz,_T,_T,1815,1
SLC:DF_LAWS(1.0),staatsvertrag,_T,_T,1815,3
SLC:DF_LAWS(1.0),_T,BL,_T,1815,1
SLC:DF_LAWS(1.0),_T,GE,_T,1815,4
SLC:DF_LAWS(1.0),_T,_T,autres,1815,1
SLC:DF_LAWS(1.0),_T,_T,etat,1815,4
SLC:DF_LAWS(1.0),_T,_T,_T,1815,5
SLC:DF_LAWS(1.0),staatsvertrag,GE,etat,1816,1
SLC:DF_LAWS(1.0),staatsvertrag,_T,_T,1816,1
SLC:DF_LAWS(1.0),_T,GE,_T,1816,1
SLC:DF_LAWS(1.0),_T,_T,etat,1816,1
SLC:DF_LAWS(1.0),_T,_T,_T,1816,1
SLC:DF_LAWS(1.0),gesetz,GE,fin,1817,1
SLC:DF_LAWS(1.0),gesetz,_T,_T,1817,1
SLC:DF_LAWS(1.0),_T,GE,_T,1817,1
SLC:DF_LAWS(1.0),_T,_T,fin,1817,1
SLC:DF_LAWS(1.0),_T,_T,_T,1817,1
SLC:DF_LAWS(1.0),interkantonale_vereinbarung,SZ,etat,1824,1
SLC:DF_LAWS(1.0),staatsvertrag,SZ,etat,1824,1
SLC:DF_LAWS(1.0),interkantonale_vereinbarung,_T,_T,1824,1
SLC:DF_LAWS(1.0),staatsvertrag,_T,_T,1824,1
SLC:DF_LAWS(1.0),_T,SZ,_T,1824,2
SLC:DF_LAWS(1.0),_T,_T,etat,1824,2
SLC:DF_LAWS(1.0),_T,_T,_T,1824,2
SLC:DF_LAWS(1.0),staatsvertrag,BS,sante,1825,1
SLC:DF_LAWS(1.0),staatsvertrag,GE,etat,1825,1
SLC:DF_LAWS(1.0),staatsvertrag,OW,autres,1825,1
SLC:DF_LAWS(1.0),staatsvertrag,SO,autres,1825,1
SLC:DF_LAWS(1.0),staatsvertrag,SO,etat,1825,1
SLC:DF_LAWS(1.0),staatsvertrag,TG,sante,1825,1
SLC:DF_LAWS(1.0),staatsvertrag,VD,autres,1825,1
SLC:DF_LAWS(1.0),staatsvertrag,ZG,autres,1825,1
SLC:DF_LAWS(1.0),staatsvertrag,ZH,autres,1825,1
SLC:DF_LAWS(1.0),staatsvertrag,_T,_T,1825,9
SLC:DF_LAWS(1.0),_T,BS,_T,1825,1
SLC:DF_LAWS(1.0),_T,GE,_T,1825,1
SLC:DF_LAWS(1.0),_T,OW,_T,1825,1
SLC:DF_LAWS(1.0),_T,SO,_T,1825,2
SLC:DF_LAWS(1.0),_T,TG,_T,1825,1
SLC:DF_LAWS(1.0),_T,VD,_T,1825,1
SLC:DF_LAWS(1.0),_T,ZG,_T,1825,1
SLC:DF_LAWS(1.0),_T,ZH,_T,1825,1
SLC:DF_LAWS(1.0),_T,_T,autres,1825,5
SLC:DF_LAWS(1.0),_T,_T,etat,1825,2
SLC:DF_LAWS(1.0),_T,_T,sante,1825,2
SLC:DF_LAWS(1.0),_T,_T,_T,1825,9
SLC:DF_LAWS(1.0),staatsvertrag,FR,autres,1826,1
SLC:DF_LAWS(1.0),staatsvertrag,_T,_T,1826,1
SLC:DF_LAWS(1.0),_T,FR,_T,1826,1
SLC:DF_LAWS(1.0),_T,_T,autres,1826,1
SLC:DF_LAWS(1.0),_T,_T,_T,1826,1
SLC:DF_LAWS(1.0),anderes,SO,etat,1828,1
SLC:DF_LAWS(1.0),dekret,BE,etat,1828,1
SLC:DF_LAWS(1.0),dekret,JU,etat,1828,1
SLC:DF_LAWS(1.0),interkantonale_vereinbarung,BE,etat,1828,2
SLC:DF_LAWS(1.0),interkantonale_vereinbarung,BL,etat,1828,2
SLC:DF_LAWS(1.0),interkantonale_vereinbarung,BS,etat,1828,1
SLC:DF_LAWS(1.0),interkantonale_vereinbarung,SO,etat,1828,2
SLC:DF_LAWS(1.0),interkantonale_vereinbarung,TG,etat,1828,1
SLC:DF_LAWS(1.0),interkantonale_vereinbarung,ZG,etat,1828,1
SLC:DF_LAWS(1.0),staatsvertrag,AG,etat,1828,2
SLC:DF_LAWS(1.0),staatsvertrag,BL,etat,1828,1
SLC:DF_LAWS(1.0),staatsvertrag,BS,etat,1828,1
SLC:DF_LAWS(1.0),staatsvertrag,SH,etat,1828,1
SLC:DF_LAWS(1.0),staatsvertrag,SO,etat,1828,1
SLC:DF_LAWS(1.0),staatsvertrag,TG,etat,1828,1
SLC:DF_LAWS(1.0),staatsvertrag,ZG,etat,1828,1
SLC:DF_LAWS(1.0),anderes,_T,_T,1828,1
SLC:DF_LAWS(1.0),dekret,_T,_T,1828,2
SLC:DF_LAWS(1.0),interkantonale_vereinbarung,_T,_T,1828,9
SLC:DF_LAWS(1.0),staatsvertrag,_T,_T,1828,8
SLC:DF_LAWS(1.0),_T,AG,_T,1828,2
SLC:DF_LAWS(1.0),_T,BE,_T,1828,3
SLC:DF_LAWS(1.0),_T,BL,_T,1828,3
SLC:DF_LAWS(1.0),_T,BS,_T,1828,2
SLC:DF_LAWS(1.0),_T,JU,_T,1828,1
SLC:DF_LAWS(1.0),_T,SH,_T,1828,1
SLC:DF_LAWS(1.0),_T,SO,_T,1828,4
SLC:DF_LAWS(1.0),_T,TG,_T,1828,2
SLC:DF_LAWS(1.0),_T,ZG,_T,1828,2
SLC:DF_LAWS(1.0),_T,_T,etat,1828,20
SLC:DF_LAWS(1.0),_T,_T,_T,1828,20
SLC:DF_LAWS(1.0),anderes,BL,etat,1829,1
SLC:DF_LAWS(1.0),staatsvertrag,TG,etat,1829,1
SLC:DF_LAWS(1.0),anderes,_T,_T,1829,1
SLC:DF_LAWS(1.0),staatsvertrag,_T,_T,1829,1
SLC:DF_LAWS(1.0),_T,BL,_T,1829,1
SLC:DF_LAWS(1.0),_T,TG,_T,1829,1
SLC:DF_LAWS(1.0),_T,_T,etat,1829,2
SLC:DF_LAWS(1.0),_T,_T,_T,1829,2
SLC:DF_LAWS(1.0),anderes,SO,etat,1830,2
SLC:DF_LAWS(1.0),interkantonale_vereinbarung,SO,etat,1830,1
SLC:DF_LAWS(1.0),anderes,_T,_T,1830,2
SLC:DF_LAWS(1.0),interkantonale_vereinbarung,_T,_T,1830,1
SLC:DF_LAWS(1.0),_T,SO,_T,1830,3
SLC:DF_LAWS(1.0),_T,_T,etat,1830,3
SLC:DF_LAWS(1.0),_T,_T,_T,1830,3
SLC:DF_LAWS(1.0),dekret,FR,etat,1831,1
SLC:DF_LAWS(1.0),gesetz,VD,etat,1831,1
SLC:DF_LAWS(1.0),staatsvertrag,TG,etat,1831,1
SLC:DF_LAWS(1.0),dekret,_T,_T,1831,1
SLC:DF_LAWS(1.0),gesetz,_T,_T,1831,1
SLC:DF_LAWS(1.0),staatsvertrag,_T,_T,1831,1
SLC:DF_LAWS(1.0),_T,FR,_T,1831,1
SLC:DF_LAWS(1.0),_T,TG,_T,1831,1
SLC:DF_LAWS(1.0),_T,VD,_T,1831,1
SLC:DF_LAWS(1.0),_T,_T,etat,1831,3
SLC:DF_LAWS(1.0),_T,_T,_T,1831,3
SLC:DF_LAWS(1.0),anderes,AG,sante,1832,1
SLC:DF_LAWS(1.0),anderes,FR,etat,1832,1
SLC:DF_LAWS(1.0),anderes,NE,sante,1832,1
SLC:DF_LAWS(1.0),anderes,_T,_T,1832,3
SLC:DF_LAWS(1.0),_T,AG,_T,1832,1
SLC:DF_LAWS(1.0),_T,FR,_T,1832,1
SLC:DF_LAWS(1.0),_T,NE,_T,1832,1
SLC:DF_LAWS(1.0),_T,_T,etat,1832,1
SLC:DF_LAWS(1.0),_T,_T,sante,1832,2
SLC:DF_LAWS(1.0),_T,_T,_T,1832,3
SLC:DF_LAWS(1.0),interkantonale_vereinbarung,BL,etat,1834,1
SLC:DF_LAWS(1.0),staatsvertrag,BS,sante,1834,1
SLC:DF_LAWS(1.0),staatsvertrag,FR,autres,1834,1
SLC:DF_LAWS(1.0),staatsvertrag,GE,etat,1834,1
SLC:DF_LAWS(1.0),staatsvertrag,OW,autres,1834,1
SLC:DF_LAWS(1.0),staatsvertrag,SO,autres,1834,1
SLC:DF_LAWS(1.0),staatsvertrag,TG,sante,1834,1
SLC:DF_LAWS(1.0),staatsvertrag,VD,autres,1834,1
SLC:DF_LAWS(1.0),staatsvertrag,ZG,autres,1834,1
SLC:DF_LAWS(1.0),staatsvertrag,ZH,autres,1834,1
SLC:DF_LAWS(1.0),interkantonale_vereinbarung,_T,_T,1834,1
SLC:DF_LAWS(1.0),staatsvertrag,_T,_T,1834,9
SLC:DF_LAWS(1.0),_T,BL,_T,1834,1
SLC:DF_LAWS(1.0),_T,BS,_T,1834,1
SLC:DF_LAWS(1.0),_T,FR,_T,1834,1
SLC:DF_LAWS(1.0),_T,GE,_T,1834,1
SLC:DF_LAWS(1.0),_T,OW,_T,1834,1
SLC:DF_LAWS(1.0),_T,SO,_T,1834,1
SLC:DF_LAWS(1.0),_T,TG,_T,1834,1
SLC:DF_LAWS(1.0),_T,VD,_T,1834,1
SLC:DF_LAWS(1.0),_T,ZG,_T,1834,1
SLC:DF_LAWS(1.0),_T,ZH,_T,1834,1
SLC:DF_LAWS(1.0),_T,_T,autres,1834,6
SLC:DF_LAWS(1.0),_T,_T,etat,1834,2
SLC:DF_LAWS(1.0),_T,_T,sante,1834,2
SLC:DF_LAWS(1.0),_T,_T,_T,1834,10
SLC:DF_LAWS(1.0),gesetz,GL,etat,1835,1
SLC:DF_LAWS(1.0),gesetz,_T,_T,1835,1
SLC:DF_LAWS(1.0),_T,GL,_T,1835,1
SLC:DF_LAWS(1.0),_T,_T,etat,1835,1
SLC:DF_LAWS(1.0),_T,_T,_T,1835,1
SLC:DF_LAWS(1.0),anderes,BL,etat,1836,1
SLC:DF_LAWS(1.0),dekret,FR,etat,1836,1
SLC:DF_LAWS(1.0),anderes,_T,_T,1836,1
SLC:DF_LAWS(1.0),dekret,_T,_T,1836,1
SLC:DF_LAWS(1.0),_T,BL,_T,1836,1
SLC:DF_LAWS(1.0),_T,FR,_T,1836,1
SLC:DF_LAWS(1.0),_T,_T,etat,1836,2
SLC:DF_LAWS(1.0),_T,_T,_T,1836,2
SLC:DF_LAWS(1.0),gesetz,BE,sante,1837,1
SLC:DF_LAWS(1.0),staatsvertrag,FR,autres,1837,1
SLC:DF_LAWS(1.0),staatsvertrag,SO,autres,1837,1
SLC:DF_LAWS(1.0),gesetz,_T,_T,1837,1
SLC:DF_LAWS(1.0),staatsvertrag,_T,_T,1837,2
SLC:DF_LAWS(1.0),_T,BE,_T,1837,1
SLC:DF_LAWS(1.0),_T,FR,_T,1837,1
SLC:DF_LAWS(1.0),_T,SO,_T,1837,1
SLC:DF_LAWS(1.0),_T,_T,autres,1837,2
SLC:DF_LAWS(1.0),_T,_T,sante,1837,1
SLC:DF_LAWS(1.0),_T,_T,_T,1837,3
SLC:DF_LAWS(1.0),gesetz,AG,infra,1838,1
SLC:DF_LAWS(1.0),gesetz,_T,_T,1838,1
SLC:DF_LAWS(1.0),_T,AG,_T,1838,1
SLC:DF_LAWS(1.0),_T,_T,infra,1838,1
SLC:DF_LAWS(1.0),_T,_T,_T,1838,1
SLC:DF_LAWS(1.0),gesetz,AG,etat,1840,1
SLC:DF_LAWS(1.0),interkantonale_vereinbarung,SZ,sante,1840,1
SLC:DF_LAWS(1.0),gesetz,_T,_T,1840,1
SLC:DF_LAWS(1.0),interkantonale_vereinbarung,_T,_T,1840,1
SLC:DF_LAWS(1.0),_T,AG,_T,1840,1
SLC:DF_LAWS(1.0),_T,SZ,_T,1840,1
SLC:DF_LAWS(1.0),_T,_T,etat,1840,1
SLC:DF_LAWS(1.0),_T,_T,sante,1840,1
SLC:DF_LAWS(1.0),_T,_T,_T,1840,2
SLC:DF_LAWS(1.0),gesetz,GE,fin,1841,1
SLC:DF_LAWS(1.0),interkantonale_vereinbarung,SZ,fin,1841,1
SLC:DF_LAWS(1.0),interkantonale_vereinbarung,SZ,infra,1841,1
SLC:DF_LAWS(1.0),interkantonale_vereinbarung,ZH,etat,1841,1
SLC:DF_LAWS(1.0),interkantonale_vereinbarung,ZH,infra,1841,2
SLC:DF_LAWS(1.0),gesetz,_T,_T,1841,1
SLC:DF_LAWS(1.0),interkantonale_vereinbarung,_T,_T,1841,5
SLC:DF_LAWS(1.0),_T,GE,_T,1841,1
SLC:DF_LAWS(1.0),_T,SZ,_T,1841,2
SLC:DF_LAWS(1.0),_T,ZH,_T,1841,3
SLC:DF_LAWS(1.0),_T,_T,etat,1841,1
SLC:DF_LAWS(1.0),_T,_T,fin,1841,2
SLC:DF_LAWS(1.0),_T,_T,infra,1841,3
SLC:DF_LAWS(1.0),_T,_T,_T,1841,6
SLC:DF_LAWS(1.0),gesetz,LU,etat,1842,1
SLC:DF_LAWS(1.0),staatsvertrag,NW,autres,1842,1
SLC:DF_LAWS(1.0),staatsvertrag,SZ,etat,1842,1
SLC:DF_LAWS(1.0),gesetz,_T,_T,1842,1
SLC:DF_LAWS(1.0),staatsvertrag,_T,_T,1842,2
SLC:DF_LAWS(1.0),_T,LU,_T,1842,1
SLC:DF_LAWS(1.0),_T,NW,_T,1842,1
SLC:DF_LAWS(1.0),_T,SZ,_T,1842,1
SLC:DF_LAWS(1.0),_T,_T,autres,1842,1
SLC:DF_LAWS(1.0),_T,_T,etat,1842,2
SLC:DF_LAWS(1.0),_T,_T,_T,1842,3
SLC:DF_LAWS(1.0),staatsvertrag,SG,etat,1845,1
SLC:DF_LAWS(1.0),staatsvertrag,_T,_T,1845,1
SLC:DF_LAWS(1.0),_T,SG,_T,1845,1
SLC:DF_LAWS(1.0),_T,_T,etat,1845,1
SLC:DF_LAWS(1.0),_T,_T,_T,1845,1
SLC:DF_LAWS(1.0),dekret,BE,autres,1846,1
SLC:DF_LAWS(1.0),gesetz,BS,etat,1846,1
SLC:DF_LAWS(1.0),interkantonale_vereinbarung,TG,etat,1846,1
SLC:DF_LAWS(1.0),interkantonale_vereinbarung,ZH,etat,1846,1
SLC:DF_LAWS(1.0),dekret,_T,_T,1846,1
SLC:DF_LAWS(1.0),gesetz,_T,_T,1846,1
SLC:DF_LAWS(1.0),interkantonale_vereinbarung,_T,_T,1846,2
SLC:DF_LAWS(1.0),_T,BE,_T,1846,1
SLC:DF_LAWS(1.0),_T,BS,_T,1846,1
SLC:DF_LAWS(1.0),_T,TG,_T,1846,1
SLC:DF_LAWS(1.0),_T,ZH,_T,1846,1
SLC:DF_LAWS(1.0),_T,_T,autres,1846,1
SLC:DF_LAWS(1.0),_T,_T,etat,1846,3
SLC:DF_LAWS(1.0),_T,_T,_T,1846,4
SLC:DF_LAWS(1.0),verfassung,GE,etat,1847,1
SLC:DF_LAWS(1.0),verfassung,_T,_T,1847,1
SLC:DF_LAWS(1.0),_T,GE,_T,1847,1
SLC:DF_LAWS(1.0),_T,_T,etat,1847,1
SLC:DF_LAWS(1.0),_T,_T,_T,1847,1
SLC:DF_LAWS(1.0),anderes,FR,etat,1848,1
SLC:DF_LAWS(1.0),dekret,FR,etat,1848,1
SLC:DF_LAWS(1.0),gesetz,FR,etat,1848,1
SLC:DF_LAWS(1.0),interkantonale_vereinbarung,AI,etat,1848,1
SLC:DF_LAWS(1.0),anderes,_T,_T,1848,1
SLC:DF_LAWS(1.0),dekret,_T,_T,1848,1
SLC:DF_LAWS(1.0),gesetz,_T,_T,1848,1
SLC:DF_LAWS(1.0),interkantonale_vereinbarung,_T,_T,1848,1
SLC:DF_LAWS(1.0),_T,AI,_T,1848,1
SLC:DF_LAWS(1.0),_T,FR,_T,1848,3
SLC:DF_LAWS(1.0),_T,_T,etat,1848,4
SLC:DF_LAWS(1.0),_T,_T,_T,1848,4
SLC:DF_LAWS(1.0),gesetz,GE,autres,1849,1
SLC:DF_LAWS(1.0),gesetz,NE,infra,1849,1
SLC:DF_LAWS(1.0),gesetz,_T,_T,1849,2
SLC:DF_LAWS(1.0),_T,GE,_T,1849,1
SLC:DF_LAWS(1.0),_T,NE,_T,1849,1
SLC:DF_LAWS(1.0),_T,_T,autres,1849,1
SLC:DF_LAWS(1.0),_T,_T,infra,1849,1
SLC:DF_LAWS(1.0),_T,_T,_T,1849,2
SLC:DF_LAWS(1.0),dekret,OW,etat,1850,1
SLC:DF_LAWS(1.0),gesetz,FR,fin,1850,1
SLC:DF_LAWS(1.0),gesetz,VS,etat,1850,1
SLC:DF_LAWS(1.0),interkantonale_vereinbarung,NW,autres,1850,1
SLC:DF_LAWS(1.0),dekret,_T,_T,1850,1
SLC:DF_LAWS(1.0),gesetz,_T,_T,1850,2
SLC:DF_LAWS(1.0),interkantonale_vereinbarung,_T,_T,1850,1
SLC:DF_LAWS(1.0),_T,FR,_T,1850,1
SLC:DF_LAWS(1.0),_T,NW,_T,1850,1
SLC:DF_LAWS(1.0),_T,OW,_T,1850,1
SLC:DF_LAWS(1.0),_T,VS,_T,1850,1
SLC:DF_LAWS(1.0),_T,_T,autres,1850,1
SLC:DF_LAWS(1.0),_T,_T,etat,1850,2
SLC:DF_LAWS(1.0),_T,_T,fin,1850,1
SLC:DF_LAWS(1.0),_T,_T,_T,1850,4
SLC:DF_LAWS(1.0),gesetz,BL,etat,1851,1
SLC:DF_LAWS(1.0),interkantonale_vereinbarung,BE,etat,1851,1
SLC:DF_LAWS(1.0),interkantonale_vereinbarung,SO,etat,1851,1
SLC:DF_LAWS(1.0),gesetz,_T,_T,1851,1
SLC:DF_LAWS(1.0),interkantonale_vereinbarung,_T,_T,1851,2
SLC:DF_LAWS(1.0),_T,BE,_T,1851,1
SLC:DF_LAWS(1.0),_T,BL,_T,1851,1
SLC:DF_LAWS(1.0),_T,SO,_T,1851,1
SLC:DF_LAWS(1.0),_T,_T,etat,1851,3
SLC:DF_LAWS(1.0),_T,_T,_T,1851,3
SLC:DF_LAWS(1.0),dekret,BE,etat,1852,1
SLC:DF_LAWS(1.0),gesetz,FR,etat,1852,1
SLC:DF_LAWS(1.0),staatsvertrag,BS,infra,1852,1
SLC:DF_LAWS(1.0),verordnung,BS,infra,1852,1
SLC:DF_LAWS(1.0),dekret,_T,_T,1852,1
SLC:DF_LAWS(1.0),gesetz,_T,_T,1852,1
SLC:DF_LAWS(1.0),staatsvertrag,_T,_T,1852,1
SLC:DF_LAWS(1.0),verordnung,_T,_T,1852,1
SLC:DF_LAWS(1.0),_T,BE,_T,1852,1
SLC:DF_LAWS(1.0),_T,BS,_T,1852,2
SLC:DF_LAWS(1.0),_T,FR,_T,1852,1
SLC:DF_LAWS(1.0),_T,_T,etat,1852,2
SLC:DF_LAWS(1.0),_T,_T,infra,1852,2
SLC:DF_LAWS(1.0),_T,_T,_T,1852,4
SLC:DF_LAWS(1.0),staatsvertrag,BS,infra,1853,1
SLC:DF_LAWS(1.0),staatsvertrag,_T,_T,1853,1
SLC:DF_LAWS(1.0),_T,BS,_T,1853,1
SLC:DF_LAWS(1.0),_T,_T,infra,1853,1
SLC:DF_LAWS(1.0),_T,_T,_T,1853,1
SLC:DF_LAWS(1.0),gesetz,VS,etat,1855,1
SLC:DF_LAWS(1.0),gesetz,_T,_T,1855,1
SLC:DF_LAWS(1.0),_T,VS,_T,1855,1
SLC:DF_LAWS(1.0),_T,_T,etat,1855,1
SLC:DF_LAWS(1.0),_T,_T,_T,1855,1
SLC:DF_LAWS(1.0),gesetz,AG,infra,1856,1
SLC:DF_LAWS(1.0),gesetz,GE,eco,1856,1
SLC:DF_LAWS(1.0),gesetz,VS,fin,1856,1
SLC:DF_LAWS(1.0),gesetz,_T,_T,1856,3
SLC:DF_LAWS(1.0),_T,AG,_T,1856,1
SLC:DF_LAWS(1.0),_T,GE,_T,1856,1
SLC:DF_LAWS(1.0),_T,VS,_T,1856,1
SLC:DF_LAWS(1.0),_T,_T,eco,1856,1
SLC:DF_LAWS(1.0),_T,_T,fin,1856,1
SLC:DF_LAWS(1.0),_T,_T,infra,1856,1
SLC:DF_LAWS(1.0),_T,_T,_T,1856,3
SLC:DF_LAWS(1.0),gemeindeerlass,BS,etat,1857,1
SLC:DF_LAWS(1.0),staatsvertrag,NE,etat,1857,1
SLC:DF_LAWS(1.0),gemeindeerlass,_T,_T,1857,1
SLC:DF_LAWS(1.0),staatsvertrag,_T,_T,1857,1
SLC:DF_LAWS(1.0),_T,BS,_T,1857,1
SLC:DF_LAWS(1.0),_T,NE,_T,1857,1
SLC:DF_LAWS(1.0),_T,_T,etat,1857,2
SLC:DF_LAWS(1.0),_T,_T,_T,1857,2
SLC:DF_LAWS(1.0),interkantonale_vereinbarung,SZ,infra,1858,1
SLC:DF_LAWS(1.0),reglement,GE,autres,1858,1
SLC:DF_LAWS(1.0),interkantonale_vereinbarung,_T,_T,1858,1
SLC:DF_LAWS(1.0),reglement,_T,_T,1858,1
SLC:DF_LAWS(1.0),_T,GE,_T,1858,1
SLC:DF_LAWS(1.0),_T,SZ,_T,1858,1
SLC:DF_LAWS(1.0),_T,_T,autres,1858,1
SLC:DF_LAWS(1.0),_T,_T,infra,1858,1
SLC:DF_LAWS(1.0),_T,_T,_T,1858,2
SLC:DF_LAWS(1.0),anderes,GL,educ,1859,1
SLC:DF_LAWS(1.0),gesetz,BE,sante,1859,1
SLC:DF_LAWS(1.0),gesetz,FR,sante,1859,1
SLC:DF_LAWS(1.0),gesetz,LU,fin,1859,1
SLC:DF_LAWS(1.0),gesetz,UR,etat,1859,1
SLC:DF_LAWS(1.0),anderes,_T,_T,1859,1
SLC:DF_LAWS(1.0),gesetz,_T,_T,1859,4
SLC:DF_LAWS(1.0),_T,BE,_T,1859,1
SLC:DF_LAWS(1.0),_T,FR,_T,1859,1
SLC:DF_LAWS(1.0),_T,GL,_T,1859,1
SLC:DF_LAWS(1.0),_T,LU,_T,1859,1
SLC:DF_LAWS(1.0),_T,UR,_T,1859,1
SLC:DF_LAWS(1.0),_T,_T,educ,1859,1
SLC:DF_LAWS(1.0),_T,_T,etat,1859,1
SLC:DF_LAWS(1.0),_T,_T,fin,1859,1
SLC:DF_LAWS(1.0),_T,_T,sante,1859,2
SLC:DF_LAWS(1.0),_T,_T,_T,1859,5
SLC:DF_LAWS(1.0),dekret,LU,fin,1860,1
SLC:DF_LAWS(1.0),gesetz,SH,eco,1860,1
SLC:DF_LAWS(1.0),staatsvertrag,BS,infra,1860,1
SLC:DF_LAWS(1.0),dekret,_T,_T,1860,1
SLC:DF_LAWS(1.0),gesetz,_T,_T,1860,1
SLC:DF_LAWS(1.0),staatsvertrag,_T,_T,1860,1
SLC:DF_LAWS(1.0),_T,BS,_T,1860,1
SLC:DF_LAWS(1.0),_T,LU,_T,1860,1
SLC:DF_LAWS(1.0),_T,SH,_T,1860,1
SLC:DF_LAWS(1.0),_T,_T,eco,1860,1
SLC:DF_LAWS(1.0),_T,_T,fin,1860,1
SLC:DF_LAWS(1.0),_T,_T,infra,1860,1
SLC:DF_LAWS(1.0),_T,_T,_T,1860,3
SLC:DF_LAWS(1.0),gesetz,AG,sante,1861,1
SLC:DF_LAWS(1.0),gesetz,GE,autres,1861,1
SLC:DF_LAWS(1.0),gesetz,LU,autres,1861,1
SLC:DF_LAWS(1.0),gesetz,_T,_T,1861,3
SLC:DF_LAWS(1.0),_T,AG,_T,1861,1
SLC:DF_LAWS(1.0),_T,GE,_T,1861,1
SLC:DF_LAWS(1.0),_T,LU,_T,1861,1
SLC:DF_LAWS(1.0),_T,_T,autres,1861,2
SLC:DF_LAWS(1.0),_T,_T,sante,1861,1
SLC:DF_LAWS(1.0),_T,_T,_T,1861,3
SLC:DF_LAWS(1.0),dekret,VD,etat,1862,1
SLC:DF_LAWS(1.0),gesetz,AG,infra,1862,1
SLC:DF_LAWS(1.0),verordnung,BE,etat,1862,1
SLC:DF_LAWS(1.0),dekret,_T,_T,1862,1
SLC:DF_LAWS(1.0),gesetz,_T,_T,1862,1
SLC:DF_LAWS(1.0),verordnung,_T,_T,1862,1
SLC:DF_LAWS(1.0),_T,AG,_T,1862,1
SLC:DF_LAWS(1.0),_T,BE,_T,1862,1
SLC:DF_LAWS(1.0),_T,VD,_T,1862,1
SLC:DF_LAWS(1.0),_T,_T,etat,1862,2
SLC:DF_LAWS(1.0),_T,_T,infra,1862,1
SLC:DF_LAWS(1.0),_T,_T,_T,1862,3
SLC:DF_LAWS(1.0),interkantonale_vereinbarung,BS,etat,1863,1
SLC:DF_LAWS(1.0),interkantonale_vereinbarung,_T,_T,1863,1
SLC:DF_LAWS(1.0),_T,BS,_T,1863,1
SLC:DF_LAWS(1.0),_T,_T,etat,1863,1
SLC:DF_LAWS(1.0),_T,_T,_T,1863,1
SLC:DF_LAWS(1.0),anderes,NE,sante,1864,1
SLC:DF_LAWS(1.0),dekret,NE,sante,1864,1
SLC:DF_LAWS(1.0),gesetz,BS,sante,1864,1
SLC:DF_LAWS(1.0),gesetz,VS,etat,1864,1
SLC:DF_LAWS(1.0),staatsvertrag,BE,etat,1864,1
SLC:DF_LAWS(1.0),anderes,_T,_T,1864,1
SLC:DF_LAWS(1.0),dekret,_T,_T,1864,1
SLC:DF_LAWS(1.0),gesetz,_T,_T,1864,2
SLC:DF_LAWS(1.0),staatsvertrag,_T,_T,1864,1
SLC:DF_LAWS(1.0),_T,BE,_T,1864,1
SLC:DF_LAWS(1.0),_T,BS,_T,1864,1
SLC:DF_LAWS(1.0),_T,NE,_T,1864,2
SLC:DF_LAWS(1.0),_T,VS,_T,1864,1
SLC:DF_LAWS(1.0),_T,_T,etat,1864,2
SLC:DF_LAWS(1.0),_T,_T,sante,1864,3
SLC:DF_LAWS(1.0),_T,_T,_T,1864,5
SLC:DF_LAWS(1.0),dekret,VD,etat,1865,1
SLC:DF_LAWS(1.0),dekret,_T,_T,1865,1
SLC:DF_LAWS(1.0),_T,VD,_T,1865,1
SLC:DF_LAWS(1.0),_T,_T,etat,1865,1
SLC:DF_LAWS(1.0),_T,_T,_T,1865,1
SLC:DF_LAWS(1.0),anderes,FR,etat,1866,1
SLC:DF_LAWS(1.0),anderes,NE,etat,1866,1
SLC:DF_LAWS(1.0),dekret,FR,etat,1866,1
SLC:DF_LAWS(1.0),gesetz,ZH,autres,1866,1
SLC:DF_LAWS(1.0),anderes,_T,_T,1866,2
SLC:DF_LAWS(1.0),dekret,_T,_T,1866,1
SLC:DF_LAWS(1.0),gesetz,_T,_T,1866,1
SLC:DF_LAWS(1.0),_T,FR,_T,1866,2
SLC:DF_LAWS(1.0),_T,NE,_T,1866,1
SLC:DF_LAWS(1.0),_T,ZH,_T,1866,1
SLC:DF_LAWS(1.0),_T,_T,autres,1866,1
SLC:DF_LAWS(1.0),_T,_T,etat,1866,3
SLC:DF_LAWS(1.0),_T,_T,_T,1866,4
SLC:DF_LAWS(1.0),anderes,FR,etat,1867,1
SLC:DF_LAWS(1.0),reglement,LU,infra,1867,1
SLC:DF_LAWS(1.0),anderes,_T,_T,1867,1
SLC:DF_LAWS(1.0),reglement,_T,_T,1867,1
SLC:DF_LAWS(1.0),_T,FR,_T,1867,1
SLC:DF_LAWS(1.0),_T,LU,_T,1867,1
SLC:DF_LAWS(1.0),_T,_T,etat,1867,1
SLC:DF_LAWS(1.0),_T,_T,infra,1867,1
SLC:DF_LAWS(1.0),_T,_T,_T,1867,2
SLC:DF_LAWS(1.0),anderes,LU,infra,1868,1
SLC:DF_LAWS(1.0),dekret,FR,etat,1868,1
SLC:DF_LAWS(1.0),gesetz,BE,fin,1868,1
SLC:DF_LAWS(1.0),gesetz,FR,sante,1868,1
SLC:DF_LAWS(1.0),anderes,_T,_T,1868,1
SLC:DF_LAWS(1.0),dekret,_T,_T,1868,1
SLC:DF_LAWS(1.0),gesetz,_T,_T,1868,2
SLC:DF_LAWS(1.0),_T,BE,_T,1868,1
SLC:DF_LAWS(1.0),_T,FR,_T,1868,2
SLC:DF_LAWS(1.0),_T,LU,_T,1868,1
SLC:DF_LAWS(1.0),_T,_T,etat,1868,1
SLC:DF_LAWS(1.0),_T,_T,fin,1868,1
SLC:DF_LAWS(1.0),_T,_T,infra,1868,1
SLC:DF_LAWS(1.0),_T,_T,sante,1868,1
SLC:DF_LAWS(1.0),_T,_T,_T,1868,4
SLC:DF_LAWS(1.0),anderes,UR,etat,1869,1
SLC:DF_LAWS(1.0),dekret,AG,fin,1869,1
SLC:DF_LAWS(1.0),interkantonale_vereinbarung,TG,etat,1869,1
SLC:DF_LAWS(1.0),anderes,_T,_T,1869,1
SLC:DF_LAWS(1.0),dekret,_T,_T,1869,1
SLC:DF_LAWS(1.0),interkantonale_vereinbarung,_T,_T,1869,1
SLC:DF_LAWS(1.0),_T,AG,_T,1869,1
SLC:DF_LAWS(1.0),_T,TG,_T,1869,1
SLC:DF_LAWS(1.0),_T,UR,_T,1869,1
SLC:DF_LAWS(1.0),_T,_T,etat,1869,2
SLC:DF_LAWS(1.0),_T,_T,fin,1869,1
SLC:DF_LAWS(1.0),_T,_T,_T,1869,3
SLC:DF_LAWS(1.0),anderes,BL,infra,1870,1
SLC:DF_LAWS(1.0),gesetz,GR,infra,1870,1
SLC:DF_LAWS(1.0),gesetz,SZ,infra,1870,1
SLC:DF_LAWS(1.0),interkantonale_vereinbarung,SG,etat,1870,3
SLC:DF_LAWS(1.0),interkantonale_vereinbarung,TG,etat,1870,1
SLC:DF_LAWS(1.0),interkantonale_vereinbarung,ZH,etat,1870,3
SLC:DF_LAWS(1.0),staatsvertrag,BS,infra,1870,1
SLC:DF_LAWS(1.0),anderes,_T,_T,1870,1
SLC:DF_LAWS(1.0),gesetz,_T,_T,1870,2
SLC:DF_LAWS(1.0),interkantonale_vereinbarung,_T,_T,1870,7
SLC:DF_LAWS(1.0),staatsvertrag,_T,_T,1870,1
SLC:DF_LAWS(1.0),_T,BL,_T,1870,1
SLC:DF_LAWS(1.0),_T,BS,_T,1870,1
SLC:DF_LAWS(1.0),_T,GR,_T,1870,1
SLC:DF_LAWS(1.0),_T,SG,_T,1870,3
SLC:DF_LAWS(1.0),_T,SZ,_T,1870,1
SLC:DF_LAWS(1.0),_T,TG,_T,1870,1
SLC:DF_LAWS(1.0),_T,ZH,_T,1870,3
SLC:DF_LAWS(1.0),_T,_T,etat,1870,7
SLC:DF_LAWS(1.0),_T,_T,infra,1870,4
SLC:DF_LAWS(1.0),_T,_T,_T,1870,11
SLC:DF_LAWS(1.0),gesetz,AG,fin,1871,1
SLC:DF_LAWS(1.0),gesetz,LU,fin,1871,1
SLC:DF_LAWS(1.0),gesetz,NE,etat,1871,1
SLC:DF_LAWS(1.0),gesetz,_T,_T,1871,3
SLC:DF_LAWS(1.0),_T,AG,_T,1871,1
SLC:DF_LAWS(1.0),_T,LU,_T,1871,1
SLC:DF_LAWS(1.0),_T,NE,_T,1871,1
SLC:DF_LAWS(1.0),_T,_T,etat,1871,1
SLC:DF_LAWS(1.0),_T,_T,fin,1871,2
SLC:DF_LAWS(1.0),_T,_T,_T,1871,3
SLC:DF_LAWS(1.0),anderes,GL,infra,1872,1
SLC:DF_LAWS(1.0),gesetz,BS,etat,1872,1
SLC:DF_LAWS(1.0),gesetz,GE,educ,1872,1
SLC:DF_LAWS(1.0),gesetz,LU,etat,1872,1
SLC:DF_LAWS(1.0),verfassung,AI,etat,1872,1
SLC:DF_LAWS(1.0),anderes,_T,_T,1872,1
SLC:DF_LAWS(1.0),gesetz,_T,_T,1872,3
SLC:DF_LAWS(1.0),verfassung,_T,_T,1872,1
SLC:DF_LAWS(1.0),_T,AI,_T,1872,1
SLC:DF_LAWS(1.0),_T,BS,_T,1872,1
SLC:DF_LAWS(1.0),_T,GE,_T,1872,1
SLC:DF_LAWS(1.0),_T,GL,_T,1872,1
SLC:DF_LAWS(1.0),_T,LU,_T,1872,1
SLC:DF_LAWS(1.0),_T,_T,educ,1872,1
SLC:DF_LAWS(1.0),_T,_T,etat,1872,3
SLC:DF_LAWS(1.0),_T,_T,infra,1872,1
SLC:DF_LAWS(1.0),_T,_T,_T,1872,5
SLC:DF_LAWS(1.0),anderes,FR,etat,1873,1
SLC:DF_LAWS(1.0),gesetz,AG,fin,1873,1
SLC:DF_LAWS(1.0),gesetz,FR,etat,1873,2
SLC:DF_LAWS(1.0),gesetz,NE,etat,1873,1
SLC:DF_LAWS(1.0),gesetz,SO,sante,1873,1
SLC:DF_LAWS(1.0),anderes,_T,_T,1873,1
SLC:DF_LAWS(1.0),gesetz,_T,_T,1873,5
SLC:DF_LAWS(1.0),_T,AG,_T,1873,1
SLC:DF_LAWS(1.0),_T,FR,_T,1873,3
SLC:DF_LAWS(1.0),_T,NE,_T,1873,1
SLC:DF_LAWS(1.0),_T,SO,_T,1873,1
SLC:DF_LAWS(1.0),_T,_T,etat,1873,4
SLC:DF_LAWS(1.0),_T,_T,fin,1873,1
SLC:DF_LAWS(1.0),_T,_T,sante,1873,1
SLC:DF_LAWS(1.0),_T,_T,_T,1873,6
SLC:DF_LAWS(1.0),anderes,NE,autres,1874,1
SLC:DF_LAWS(1.0),anderes,SO,etat,1874,2
SLC:DF_LAWS(1.0),dekret,BE,sante,1874,1
SLC:DF_LAWS(1.0),dekret,SZ,etat,1874,1
SLC:DF_LAWS(1.0),interkantonale_vereinbarung,OW,infra,1874,1
SLC:DF_LAWS(1.0),anderes,_T,_T,1874,3
SLC:DF_LAWS(1.0),dekret,_T,_T,1874,2
SLC:DF_LAWS(1.0),interkantonale_vereinbarung,_T,_T,1874,1
SLC:DF_LAWS(1.0),_T,BE,_T,1874,1
SLC:DF_LAWS(1.0),_T,NE,_T,1874,1
SLC:DF_LAWS(1.0),_T,OW,_T,1874,1
SLC:DF_LAWS(1.0),_T,SO,_T,1874,2
SLC:DF_LAWS(1.0),_T,SZ,_T,1874,1
SLC:DF_LAWS(1.0),_T,_T,autres,1874,1
SLC:DF_LAWS(1.0),_T,_T,etat,1874,3
SLC:DF_LAWS(1.0),_T,_T,infra,1874,1
SLC:DF_LAWS(1.0),_T,_T,sante,1874,1
SLC:DF_LAWS(1.0),_T,_T,_T,1874,6
SLC:DF_LAWS(1.0),anderes,SO,etat,1875,1
SLC:DF_LAWS(1.0),dekret,BE,infra,1875,1
SLC:DF_LAWS(1.0),gesetz,BS,sante,1875,1
SLC:DF_LAWS(1.0),gesetz,FR,etat,1875,1
SLC:DF_LAWS(1.0),gesetz,GE,educ,1875,1
SLC:DF_LAWS(1.0),verfassung,LU,etat,1875,1
SLC:DF_LAWS(1.0),anderes,_T,_T,1875,1
SLC:DF_LAWS(1.0),dekret,_T,_T,1875,1
SLC:DF_LAWS(1.0),gesetz,_T,_T,1875,3
SLC:DF_LAWS(1.0),verfassung,_T,_T,1875,1
SLC:DF_LAWS(1.0),_T,BE,_T,1875,1
SLC:DF_LAWS(1.0),_T,BS,_T,1875,1
SLC:DF_LAWS(1.0),_T,FR,_T,1875,1
SLC:DF_LAWS(1.0),_T,GE,_T,1875,1
SLC:DF_LAWS(1.0),_T,LU,_T,1875,1
SLC:DF_LAWS(1.0),_T,SO,_T,1875,1
SLC:DF_LAWS(1.0),_T,_T,educ,1875,1
SLC:DF_LAWS(1.0),_T,_T,etat,1875,3
SLC:DF_LAWS(1.0),_T,_T,infra,1875,1
SLC:DF_LAWS(1.0),_T,_T,sante,1875,1
SLC:DF_LAWS(1.0),_T,_T,_T,1875,6
SLC:DF_LAWS(1.0),anderes,BS,etat,1876,2
SLC:DF_LAWS(1.0),dekret,AI,eco,1876,1
SLC:DF_LAWS(1.0),dekret,BE,sante,1876,1
SLC:DF_LAWS(1.0),dekret,VD,sante,1876,1
SLC:DF_LAWS(1.0),gemeindeerlass,BS,etat,1876,1
SLC:DF_LAWS(1.0),gesetz,BL,fin,1876,1
SLC:DF_LAWS(1.0),gesetz,BS,infra,1876,1
SLC:DF_LAWS(1.0),gesetz,GE,sante,1876,1
SLC:DF_LAWS(1.0),anderes,_T,_T,1876,2
SLC:DF_LAWS(1.0),dekret,_T,_T,1876,3
SLC:DF_LAWS(1.0),gemeindeerlass,_T,_T,1876,1
SLC:DF_LAWS(1.0),gesetz,_T,_T,1876,3
SLC:DF_LAWS(1.0),_T,AI,_T,1876,1
SLC:DF_LAWS(1.0),_T,BE,_T,1876,1
SLC:DF_LAWS(1.0),_T,BL,_T,1876,1
SLC:DF_LAWS(1.0),_T,BS,_T,1876,4
SLC:DF_LAWS(1.0),_T,GE,_T,1876,1
SLC:DF_LAWS(1.0),_T,VD,_T,1876,1
SLC:DF_LAWS(1.0),_T,_T,eco,1876,1
SLC:DF_LAWS(1.0),_T,_T,etat,1876,3
SLC:DF_LAWS(1.0),_T,_T,fin,1876,1
SLC:DF_LAWS(1.0),_T,_T,infra,1876,1
SLC:DF_LAWS(1.0),_T,_T,sante,1876,3
SLC:DF_LAWS(1.0),_T,_T,_T,1876,9
SLC:DF_LAWS(1.0),dekret,BE,etat,1877,1
SLC:DF_LAWS(1.0),dekret,GR,infra,1877,1
SLC:DF_LAWS(1.0),gesetz,GL,etat,1877,1
SLC:DF_LAWS(1.0),gesetz,OW,infra,1877,1
SLC:DF_LAWS(1.0),gesetz,VS,etat,1877,1
SLC:DF_LAWS(1.0),dekret,_T,_T,1877,2
SLC:DF_LAWS(1.0),gesetz,_T,_T,1877,3
SLC:DF_LAWS(1.0),_T,BE,_T,1877,1
SLC:DF_LAWS(1.0),_T,GL,_T,1877,1
SLC:DF_LAWS(1.0),_T,GR,_T,1877,1
SLC:DF_LAWS(1.0),_T,OW,_T,1877,1
SLC:DF_LAWS(1.0),_T,VS,_T,1877,1
SLC:DF_LAWS(1.0),_T,_T,etat,1877,3
SLC:DF_LAWS(1.0),_T,_T,infra,1877,2
SLC:DF_LAWS(1.0),_T,_T,_T,1877,5
SLC:DF_LAWS(1.0),gesetz,GE,sante,1878,1
SLC:DF_LAWS(1.0),reglement,OW,eco,1878,1
SLC:DF_LAWS(1.0),staatsvertrag,SH,infra,1878,1
SLC:DF_LAWS(1.0),verordnung,GL,infra,1878,1
SLC:DF_LAWS(1.0),verordnung,OW,eco,1878,1
SLC:DF_LAWS(1.0),gesetz,_T,_T,1878,1
SLC:DF_LAWS(1.0),reglement,_T,_T,1878,1
SLC:DF_LAWS(1.0),staatsvertrag,_T,_T,1878,1
SLC:DF_LAWS(1.0),verordnung,_T,_T,1878,2
SLC:DF_LAWS(1.0),_T,GE,_T,1878,1
SLC:DF_LAWS(1.0),_T,GL,_T,1878,1
SLC:DF_LAWS(1.0),_T,OW,_T,1878,2
SLC:DF_LAWS(1.0),_T,SH,_T,1878,1
SLC:DF_LAWS(1.0),_T,_T,eco,1878,2
SLC:DF_LAWS(1.0),_T,_T,infra,1878,2
SLC:DF_LAWS(1.0),_T,_T,sante,1878,1
SLC:DF_LAWS(1.0),_T,_T,_T,1878,5
SLC:DF_LAWS(1.0),anderes,FR,etat,1879,1
SLC:DF_LAWS(1.0),anderes,NE,etat,1879,1
SLC:DF_LAWS(1.0),gesetz,BS,sante,1879,1
SLC:DF_LAWS(1.0),gesetz,GL,autres,1879,1
SLC:DF_LAWS(1.0),gesetz,ZH,infra,1879,1
SLC:DF_LAWS(1.0),anderes,_T,_T,1879,2
SLC:DF_LAWS(1.0),gesetz,_T,_T,1879,3
SLC:DF_LAWS(1.0),_T,BS,_T,1879,1
SLC:DF_LAWS(1.0),_T,FR,_T,1879,1
SLC:DF_LAWS(1.0),_T,GL,_T,1879,1
SLC:DF_LAWS(1.0),_T,NE,_T,1879,1
SLC:DF_LAWS(1.0),_T,ZH,_T,1879,1
SLC:DF_LAWS(1.0),_T,_T,autres,1879,1
SLC:DF_LAWS(1.0),_T,_T,etat,1879,2
SLC:DF_LAWS(1.0),_T,_T,infra,1879,1
SLC:DF_LAWS(1.0),_T,_T,sante,1879,1
SLC:DF_LAWS(1.0),_T,_T,_T,1879,5
SLC:DF_LAWS(1.0),anderes,FR,sante,1880,1
SLC:DF_LAWS(1.0),anderes,ZH,infra,1880,1
SLC:DF_LAWS(1.0),verordnung,OW,eco,1880,1
SLC:DF_LAWS(1.0),verordnung,ZH,infra,1880,1
SLC:DF_LAWS(1.0),anderes,_T,_T,1880,2
SLC:DF_LAWS(1.0),verordnung,_T,_T,1880,2
SLC:DF_LAWS(1.0),_T,FR,_T,1880,1
SLC:DF_LAWS(1.0),_T,OW,_T,1880,1
SLC:DF_LAWS(1.0),_T,ZH,_T,1880,2
SLC:DF_LAWS(1.0),_T,_T,eco,1880,1
SLC:DF_LAWS(1.0),_T,_T,infra,1880,2
SLC:DF_LAWS(1.0),_T,_T,sante,1880,1
SLC:DF_LAWS(1.0),_T,_T,_T,1880,4
SLC:DF_LAWS(1.0),anderes,AR,etat,1881,1
SLC:DF_LAWS(1.0),anderes,BL,sante,1881,1
SLC:DF_LAWS(1.0),gesetz,GE,etat,1881,1
SLC:DF_LAWS(1.0),anderes,_T,_T,1881,2
SLC:DF_LAWS(1.0),gesetz,_T,_T,1881,1
SLC:DF_LAWS(1.0),_T,AR,_T,1881,1
SLC:DF_LAWS(1.0),_T,BL,_T,1881,1
SLC:DF_LAWS(1.0),_T,GE,_T,1881,1
SLC:DF_LAWS(1.0),_T,_T,etat,1881,2
SLC:DF_LAWS(1.0),_T,_T,sante,1881,1
SLC:DF_LAWS(1.0),_T,_T,_T,1881,3
SLC:DF_LAWS(1.0),anderes,BS,educ,1882,1
SLC:DF_LAWS(1.0),gesetz,AR,sante,1882,1
SLC:DF_LAWS(1.0),gesetz,VD,fin,1882,1
SLC:DF_LAWS(1.0),gesetz,VS,etat,1882,1
SLC:DF_LAWS(1.0),anderes,_T,_T,1882,1
SLC:DF_LAWS(1.0),gesetz,_T,_T,1882,3
SLC:DF_LAWS(1.0),_T,AR,_T,1882,1
SLC:DF_LAWS(1.0),_T,BS,_T,1882,1
SLC:DF_LAWS(1.0),_T,VD,_T,1882,1
SLC:DF_LAWS(1.0),_T,VS,_T,1882,1
SLC:DF_LAWS(1.0),_T,_T,educ,1882,1
SLC:DF_LAWS(1.0),_T,_T,etat,1882,1
SLC:DF_LAWS(1.0),_T,_T,fin,1882,1
SLC:DF_LAWS(1.0),_T,_T,sante,1882,1
SLC:DF_LAWS(1.0),_T,_T,_T,1882,4
SLC:DF_LAWS(1.0),dekret,BS,educ,1883,1
SLC:DF_LAWS(1.0),gesetz,AR,sante,1883,1
SLC:DF_LAWS(1.0),dekret,_T,_T,1883,1
SLC:DF_LAWS(1.0),gesetz,_T,_T,1883,1
SLC:DF_LAWS(1.0),_T,AR,_T,1883,1
SLC:DF_LAWS(1.0),_T,BS,_T,1883,1
SLC:DF_LAWS(1.0),_T,_T,educ,1883,1
SLC:DF_LAWS(1.0),_T,_T,sante,1883,1
SLC:DF_LAWS(1.0),_T,_T,_T,1883,2
SLC:DF_LAWS(1.0),gesetz,AI,autres,1884,1
SLC:DF_LAWS(1.0),staatsvertrag,TI,etat,1884,1
SLC:DF_LAWS(1.0),gesetz,_T,_T,1884,1
SLC:DF_LAWS(1.0),staatsvertrag,_T,_T,1884,1
SLC:DF_LAWS(1.0),_T,AI,_T,1884,1
SLC:DF_LAWS(1.0),_T,TI,_T,1884,1
SLC:DF_LAWS(1.0),_T,_T,autres,1884,1
SLC:DF_LAWS(1.0),_T,_T,etat,1884,1
SLC:DF_LAWS(1.0),_T,_T,_T,1884,2
SLC:DF_LAWS(1.0),dekret,NE,etat,1885,1
SLC:DF_LAWS(1.0),staatsvertrag,VD,autres,1885,1
SLC:DF_LAWS(1.0),verordnung,AG,etat,1885,1
SLC:DF_LAWS(1.0),dekret,_T,_T,1885,1
SLC:DF_LAWS(1.0),staatsvertrag,_T,_T,1885,1
SLC:DF_LAWS(1.0),verordnung,_T,_T,1885,1
SLC:DF_LAWS(1.0),_T,AG,_T,1885,1
SLC:DF_LAWS(1.0),_T,NE,_T,1885,1
SLC:DF_LAWS(1.0),_T,VD,_T,1885,1
SLC:DF_LAWS(1.0),_T,_T,autres,1885,1
SLC:DF_LAWS(1.0),_T,_T,etat,1885,2
SLC:DF_LAWS(1.0),_T,_T,_T,1885,3
SLC:DF_LAWS(1.0),dekret,BL,infra,1886,1
SLC:DF_LAWS(1.0),gesetz,GE,educ,1886,1
SLC:DF_LAWS(1.0),interkantonale_vereinbarung,TG,etat,1886,2
SLC:DF_LAWS(1.0),interkantonale_vereinbarung,ZH,etat,1886,1
SLC:DF_LAWS(1.0),staatsvertrag,BS,sante,1886,1
SLC:DF_LAWS(1.0),dekret,_T,_T,1886,1
SLC:DF_LAWS(1.0),gesetz,_T,_T,1886,1
SLC:DF_LAWS(1.0),interkantonale_vereinbarung,_T,_T,1886,3
SLC:DF_LAWS(1.0),staatsvertrag,_T,_T,1886,1
SLC:DF_LAWS(1.0),_T,BL,_T,1886,1
SLC:DF_LAWS(1.0),_T,BS,_T,1886,1
SLC:DF_LAWS(1.0),_T,GE,_T,1886,1
SLC:DF_LAWS(1.0),_T,TG,_T,1886,2
SLC:DF_LAWS(1.0),_T,ZH,_T,1886,1
SLC:DF_LAWS(1.0),_T,_T,educ,1886,1
SLC:DF_LAWS(1.0),_T,_T,etat,1886,3
SLC:DF_LAWS(1.0),_T,_T,infra,1886,1
SLC:DF_LAWS(1.0),_T,_T,sante,1886,1
SLC:DF_LAWS(1.0),_T,_T,_T,1886,6
SLC:DF_LAWS(1.0),anderes,NE,infra,1887,1
SLC:DF_LAWS(1.0),gesetz,GE,fin,1887,1
SLC:DF_LAWS(1.0),gesetz,VS,infra,1887,1
SLC:DF_LAWS(1.0),interkantonale_vereinbarung,ZH,fin,1887,1
SLC:DF_LAWS(1.0),anderes,_T,_T,1887,1
SLC:DF_LAWS(1.0),gesetz,_T,_T,1887,2
SLC:DF_LAWS(1.0),interkantonale_vereinbarung,_T,_T,1887,1
SLC:DF_LAWS(1.0),_T,GE,_T,1887,1
SLC:DF_LAWS(1.0),_T,NE,_T,1887,1
SLC:DF_LAWS(1.0),_T,VS,_T,1887,1
SLC:DF_LAWS(1.0),_T,ZH,_T,1887,1
SLC:DF_LAWS(1.0),_T,_T,fin,1887,2
SLC:DF_LAWS(1.0),_T,_T,infra,1887,2
SLC:DF_LAWS(1.0),_T,_T,_T,1887,4
SLC:DF_LAWS(1.0),anderes,NE,eco,1888,1
SLC:DF_LAWS(1.0),dekret,UR,sante,1888,1
SLC:DF_LAWS(1.0),interkantonale_vereinbarung,SO,fin,1888,1
SLC:DF_LAWS(1.0),verordnung,GL,sante,1888,1
SLC:DF_LAWS(1.0),anderes,_T,_T,1888,1
SLC:DF_LAWS(1.0),dekret,_T,_T,1888,1
SLC:DF_LAWS(1.0),interkantonale_vereinbarung,_T,_T,1888,1
SLC:DF_LAWS(1.0),verordnung,_T,_T,1888,1
SLC:DF_LAWS(1.0),_T,GL,_T,1888,1
SLC:DF_LAWS(1.0),_T,NE,_T,1888,1
SLC:DF_LAWS(1.0),_T,SO,_T,1888,1
SLC:DF_LAWS(1.0),_T,UR,_T,1888,1
SLC:DF_LAWS(1.0),_T,_T,eco,1888,1
SLC:DF_LAWS(1.0),_T,_T,fin,1888,1
SLC:DF_LAWS(1.0),_T,_T,sante,1888,2
SLC:DF_LAWS(1.0),_T,_T,_T,1888,4
SLC:DF_LAWS(1.0),dekret,SH,etat,1889,1
SLC:DF_LAWS(1.0),dekret,VD,sante,1889,1
SLC:DF_LAWS(1.0),interkantonale_vereinbarung,AG,sante,1889,1
SLC:DF_LAWS(1.0),interkantonale_vereinbarung,AI,educ,1889,1
SLC:DF_LAWS(1.0),interkantonale_vereinbarung,BE,etat,1889,1
SLC:DF_LAWS(1.0),interkantonale_vereinbarung,FR,etat,1889,1
SLC:DF_LAWS(1.0),interkantonale_vereinbarung,GL,autres,1889,1
SLC:DF_LAWS(1.0),interkantonale_vereinbarung,JU,etat,1889,1
SLC:DF_LAWS(1.0),interkantonale_vereinbarung,NE,autres,1889,1
SLC:DF_LAWS(1.0),interkantonale_vereinbarung,SO,autres,1889,1
SLC:DF_LAWS(1.0),interkantonale_vereinbarung,TG,etat,1889,1
SLC:DF_LAWS(1.0),interkantonale_vereinbarung,UR,autres,1889,1
SLC:DF_LAWS(1.0),reglement,GE,autres,1889,1
SLC:DF_LAWS(1.0),verfassung,BS,etat,1889,1
SLC:DF_LAWS(1.0),verordnung,NE,etat,1889,1
SLC:DF_LAWS(1.0),dekret,_T,_T,1889,2
SLC:DF_LAWS(1.0),interkantonale_vereinbarung,_T,_T,1889,10
SLC:DF_LAWS(1.0),reglement,_T,_T,1889,1
SLC:DF_LAWS(1.0),verfassung,_T,_T,1889,1
SLC:DF_LAWS(1.0),verordnung,_T,_T,1889,1
SLC:DF_LAWS(1.0),_T,AG,_T,1889,1
SLC:DF_LAWS(1.0),_T,AI,_T,1889,1
SLC:DF_LAWS(1.0),_T,BE,_T,1889,1
SLC:DF_LAWS(1.0),_T,BS,_T,1889,1
SLC:DF_LAWS(1.0),_T,FR,_T,1889,1
SLC:DF_LAWS(1.0),_T,GE,_T,1889,1
SLC:DF_LAWS(1.0),_T,GL,_T,1889,1
SLC:DF_LAWS(1.0),_T,JU,_T,1889,1
SLC:DF_LAWS(1.0),_T,NE,_T,1889,2
SLC:DF_LAWS(1.0),_T,SH,_T,1889,1
SLC:DF_LAWS(1.0),_T,SO,_T,1889,1
SLC:DF_LAWS(1.0),_T,TG,_T,1889,1
SLC:DF_LAWS(1.0),_T,UR,_T,1889,1
SLC:DF_LAWS(1.0),_T,VD,_T,1889,1
SLC:DF_LAWS(1.0),_T,_T,autres,1889,5
SLC:DF_LAWS(1.0),_T,_T,educ,1889,1
SLC:DF_LAWS(1.0),_T,_T,etat,1889,7
SLC:DF_LAWS(1.0),_T,_T,sante,1889,2
SLC:DF_LAWS(1.0),_T,_T,_T,1889,15
SLC:DF_LAWS(1.0),gesetz,SG,autres,1890,1
SLC:DF_LAWS(1.0),gesetz,UR,etat,1890,1
SLC:DF_LAWS(1.0),interkantonale_vereinbarung,NW,autres,1890,1
SLC:DF_LAWS(1.0),interkantonale_vereinbarung,TG,etat,1890,1
SLC:DF_LAWS(1.0),gesetz,_T,_T,1890,2
SLC:DF_LAWS(1.0),interkantonale_vereinbarung,_T,_T,1890,2
SLC:DF_LAWS(1.0),_T,NW,_T,1890,1
SLC:DF_LAWS(1.0),_T,SG,_T,1890,1
SLC:DF_LAWS(1.0),_T,TG,_T,1890,1
SLC:DF_LAWS(1.0),_T,UR,_T,1890,1
SLC:DF_LAWS(1.0),_T,_T,autres,1890,2
SLC:DF_LAWS(1.0),_T,_T,etat,1890,2
SLC:DF_LAWS(1.0),_T,_T,_T,1890,4
SLC:DF_LAWS(1.0),anderes,VS,infra,1891,1
SLC:DF_LAWS(1.0),dekret,BS,etat,1891,1
SLC:DF_LAWS(1.0),dekret,UR,infra,1891,1
SLC:DF_LAWS(1.0),gesetz,BS,sante,1891,1
SLC:DF_LAWS(1.0),gesetz,FR,autres,1891,1
SLC:DF_LAWS(1.0),gesetz,VD,fin,1891,1
SLC:DF_LAWS(1.0),interkantonale_vereinbarung,TG,etat,1891,1
SLC:DF_LAWS(1.0),interkantonale_vereinbarung,TG,infra,1891,1
SLC:DF_LAWS(1.0),reglement,VD,fin,1891,1
SLC:DF_LAWS(1.0),anderes,_T,_T,1891,1
SLC:DF_LAWS(1.0),dekret,_T,_T,1891,2
SLC:DF_LAWS(1.0),gesetz,_T,_T,1891,3
SLC:DF_LAWS(1.0),interkantonale_vereinbarung,_T,_T,1891,2
SLC:DF_LAWS(1.0),reglement,_T,_T,1891,1
SLC:DF_LAWS(1.0),_T,BS,_T,1891,2
SLC:DF_LAWS(1.0),_T,FR,_T,1891,1
SLC:DF_LAWS(1.0),_T,TG,_T,1891,2
SLC:DF_LAWS(1.0),_T,UR,_T,1891,1
SLC:DF_LAWS(1.0),_T,VD,_T,1891,2
SLC:DF_LAWS(1.0),_T,VS,_T,1891,1
SLC:DF_LAWS(1.0),_T,_T,autres,1891,1
SLC:DF_LAWS(1.0),_T,_T,etat,1891,2
SLC:DF_LAWS(1.0),_T,_T,fin,1891,2
SLC:DF_LAWS(1.0),_T,_T,infra,1891,3
SLC:DF_LAWS(1.0),_T,_T,sante,1891,1
SLC:DF_LAWS(1.0),_T,_T,_T,1891,9
SLC:DF_LAWS(1.0),dekret,OW,autres,1892,1
SLC:DF_LAWS(1.0),dekret,OW,etat,1892,1
SLC:DF_LAWS(1.0),dekret,VD,autres,1892,1
SLC:DF_LAWS(1.0),gesetz,BS,autres,1892,1
SLC:DF_LAWS(1.0),reglement,GE,eco,1892,1
SLC:DF_LAWS(1.0),verordnung,GL,autres,1892,1
SLC:DF_LAWS(1.0),dekret,_T,_T,1892,3
SLC:DF_LAWS(1.0),gesetz,_T,_T,1892,1
SLC:DF_LAWS(1.0),reglement,_T,_T,1892,1
SLC:DF_LAWS(1.0),verordnung,_T,_T,1892,1
SLC:DF_LAWS(1.0),_T,BS,_T,1892,1
SLC:DF_LAWS(1.0),_T,GE,_T,1892,1
SLC:DF_LAWS(1.0),_T,GL,_T,1892,1
SLC:DF_LAWS(1.0),_T,OW,_T,1892,2
SLC:DF_LAWS(1.0),_T,VD,_T,1892,1
SLC:DF_LAWS(1.0),_T,_T,autres,1892,4
SLC:DF_LAWS(1.0),_T,_T,eco,1892,1
SLC:DF_LAWS(1.0),_T,_T,etat,1892,1
SLC:DF_LAWS(1.0),_T,_T,_T,1892,6
SLC:DF_LAWS(1.0),gesetz,BE,autres,1893,1
SLC:DF_LAWS(1.0),gesetz,FR,autres,1893,1
SLC:DF_LAWS(1.0),gesetz,GL,fin,1893,1
SLC:DF_LAWS(1.0),interkantonale_vereinbarung,BE,autres,1893,1
SLC:DF_LAWS(1.0),interkantonale_vereinbarung,BE,sante,1893,1
SLC:DF_LAWS(1.0),reglement,GE,fin,1893,1
SLC:DF_LAWS(1.0),reglement,VD,sante,1893,1
SLC:DF_LAWS(1.0),verordnung,SO,sante,1893,1
SLC:DF_LAWS(1.0),gesetz,_T,_T,1893,3
SLC:DF_LAWS(1.0),interkantonale_vereinbarung,_T,_T,1893,2
SLC:DF_LAWS(1.0),reglement,_T,_T,1893,2
SLC:DF_LAWS(1.0),verordnung,_T,_T,1893,1
SLC:DF_LAWS(1.0),_T,BE,_T,1893,3
SLC:DF_LAWS(1.0),_T,FR,_T,1893,1
SLC:DF_LAWS(1.0),_T,GE,_T,1893,1
SLC:DF_LAWS(1.0),_T,GL,_T,1893,1
SLC:DF_LAWS(1.0),_T,SO,_T,1893,1
SLC:DF_LAWS(1.0),_T,VD,_T,1893,1
SLC:DF_LAWS(1.0),_T,_T,autres,1893,3
SLC:DF_LAWS(1.0),_T,_T,fin,1893,2
SLC:DF_LAWS(1.0),_T,_T,sante,1893,3
SLC:DF_LAWS(1.0),_T,_T,_T,1893,8
SLC:DF_LAWS(1.0),gesetz,NE,sante,1894,1
SLC:DF_LAWS(1.0),gesetz,VD,eco,1894,1
SLC:DF_LAWS(1.0),interkantonale_vereinbarung,AG,fin,1894,2
SLC:DF_LAWS(1.0),interkantonale_vereinbarung,LU,fin,1894,1
SLC:DF_LAWS(1.0),interkantonale_vereinbarung,UR,etat,1894,1
SLC:DF_LAWS(1.0),interkantonale_vereinbarung,ZH,autres,1894,1
SLC:DF_LAWS(1.0),interkantonale_vereinbarung,ZH,fin,1894,1
SLC:DF_LAWS(1.0),reglement,VD,eco,1894,1
SLC:DF_LAWS(1.0),staatsvertrag,BS,infra,1894,1
SLC:DF_LAWS(1.0),verfassung,ZG,etat,1894,1
SLC:DF_LAWS(1.0),verordnung,NE,sante,1894,1
SLC:DF_LAWS(1.0),gesetz,_T,_T,1894,2
SLC:DF_LAWS(1.0),interkantonale_vereinbarung,_T,_T,1894,6
SLC:DF_LAWS(1.0),reglement,_T,_T,1894,1
SLC:DF_LAWS(1.0),staatsvertrag,_T,_T,1894,1
SLC:DF_LAWS(1.0),verfassung,_T,_T,1894,1
SLC:DF_LAWS(1.0),verordnung,_T,_T,1894,1
SLC:DF_LAWS(1.0),_T,AG,_T,1894,2
SLC:DF_LAWS(1.0),_T,BS,_T,1894,1
SLC:DF_LAWS(1.0),_T,LU,_T,1894,1
SLC:DF_LAWS(1.0),_T,NE,_T,1894,2
SLC:DF_LAWS(1.0),_T,UR,_T,1894,1
SLC:DF_LAWS(1.0),_T,VD,_T,1894,2
SLC:DF_LAWS(1.0),_T,ZG,_T,1894,1
SLC:DF_LAWS(1.0),_T,ZH,_T,1894,2
SLC:DF_LAWS(1.0),_T,_T,autres,1894,1
SLC:DF_LAWS(1.0),_T,_T,eco,1894,2
SLC:DF_LAWS(1.0),_T,_T,etat,1894,2
SLC:DF_LAWS(1.0),_T,_T,fin,1894,4
SLC:DF_LAWS(1.0),_T,_T,infra,1894,1
SLC:DF_LAWS(1.0),_T,_T,sante,1894,2
SLC:DF_LAWS(1.0),_T,_T,_T,1894,12
SLC:DF_LAWS(1.0),dekret,NE,educ,1895,1
SLC:DF_LAWS(1.0),dekret,OW,fin,1895,1
SLC:DF_LAWS(1.0),gesetz,BS,etat,1895,1
SLC:DF_LAWS(1.0),interkantonale_vereinbarung,NE,etat,1895,1
SLC:DF_LAWS(1.0),reglement,GE,eco,1895,1
SLC:DF_LAWS(1.0),verordnung,BS,infra,1895,1
SLC:DF_LAWS(1.0),dekret,_T,_T,1895,2
SLC:DF_LAWS(1.0),gesetz,_T,_T,1895,1
SLC:DF_LAWS(1.0),interkantonale_vereinbarung,_T,_T,1895,1
SLC:DF_LAWS(1.0),reglement,_T,_T,1895,1
SLC:DF_LAWS(1.0),verordnung,_T,_T,1895,1
SLC:DF_LAWS(1.0),_T,BS,_T,1895,2
SLC:DF_LAWS(1.0),_T,GE,_T,1895,1
SLC:DF_LAWS(1.0),_T,NE,_T,1895,2
SLC:DF_LAWS(1.0),_T,OW,_T,1895,1
SLC:DF_LAWS(1.0),_T,_T,eco,1895,1
SLC:DF_LAWS(1.0),_T,_T,educ,1895,1
SLC:DF_LAWS(1.0),_T,_T,etat,1895,2
SLC:DF_LAWS(1.0),_T,_T,fin,1895,1
SLC:DF_LAWS(1.0),_T,_T,infra,1895,1
SLC:DF_LAWS(1.0),_T,_T,_T,1895,6
SLC:DF_LAWS(1.0),anderes,AR,educ,1896,1
SLC:DF_LAWS(1.0),dekret,BS,etat,1896,1
SLC:DF_LAWS(1.0),interkantonale_vereinbarung,AR,autres,1896,1
SLC:DF_LAWS(1.0),interkantonale_vereinbarung,LU,autres,1896,1
SLC:DF_LAWS(1.0),interkantonale_vereinbarung,NE,autres,1896,1
SLC:DF_LAWS(1.0),interkantonale_vereinbarung,SZ,autres,1896,1
SLC:DF_LAWS(1.0),interkantonale_vereinbarung,TG,autres,1896,1
SLC:DF_LAWS(1.0),interkantonale_vereinbarung,TI,autres,1896,1
SLC:DF_LAWS(1.0),interkantonale_vereinbarung,ZG,autres,1896,1
SLC:DF_LAWS(1.0),verordnung,AR,educ,1896,1
SLC:DF_LAWS(1.0),anderes,_T,_T,1896,1
SLC:DF_LAWS(1.0),dekret,_T,_T,1896,1
SLC:DF_LAWS(1.0),interkantonale_vereinbarung,_T,_T,1896,7
SLC:DF_LAWS(1.0),verordnung,_T,_T,1896,1
SLC:DF_LAWS(1.0),_T,AR,_T,1896,3
SLC:DF_LAWS(1.0),_T,BS,_T,1896,1
SLC:DF_LAWS(1.0),_T,LU,_T,1896,1
SLC:DF_LAWS(1.0),_T,NE,_T,1896,1
SLC:DF_LAWS(1.0),_T,SZ,_T,1896,1
SLC:DF_LAWS(1.0),_T,TG,_T,1896,1
SLC:DF_LAWS(1.0),_T,TI,_T,1896,1
SLC:DF_LAWS(1.0),_T,ZG,_T,1896,1
SLC:DF_LAWS(1.0),_T,_T,autres,1896,7
SLC:DF_LAWS(1.0),_T,_T,educ,1896,2
SLC:DF_LAWS(1.0),_T,_T,etat,1896,1
SLC:DF_LAWS(1.0),_T,_T,_T,1896,10
SLC:DF_LAWS(1.0),anderes,VD,fin,1897,1
SLC:DF_LAWS(1.0),dekret,AI,autres,1897,1
SLC:DF_LAWS(1.0),dekret,VD,sante,1897,1
SLC:DF_LAWS(1.0),anderes,_T,_T,1897,1
SLC:DF_LAWS(1.0),dekret,_T,_T,1897,2
SLC:DF_LAWS(1.0),_T,AI,_T,1897,1
SLC:DF_LAWS(1.0),_T,VD,_T,1897,2
SLC:DF_LAWS(1.0),_T,_T,autres,1897,1
SLC:DF_LAWS(1.0),_T,_T,fin,1897,1
SLC:DF_LAWS(1.0),_T,_T,sante,1897,1
SLC:DF_LAWS(1.0),_T,_T,_T,1897,3
SLC:DF_LAWS(1.0),anderes,SO,fin,1898,1
SLC:DF_LAWS(1.0),verfassung,SZ,etat,1898,1
SLC:DF_LAWS(1.0),anderes,_T,_T,1898,1
SLC:DF_LAWS(1.0),verfassung,_T,_T,1898,1
SLC:DF_LAWS(1.0),_T,SO,_T,1898,1
SLC:DF_LAWS(1.0),_T,SZ,_T,1898,1
SLC:DF_LAWS(1.0),_T,_T,etat,1898,1
SLC:DF_LAWS(1.0),_T,_T,fin,1898,1
SLC:DF_LAWS(1.0),_T,_T,_T,1898,2
SLC:DF_LAWS(1.0),anderes,FR,educ,1899,2
SLC:DF_LAWS(1.0),anderes,SO,etat,1899,1
SLC:DF_LAWS(1.0),anderes,VD,sante,1899,1
SLC:DF_LAWS(1.0),dekret,OW,etat,1899,1
SLC:DF_LAWS(1.0),dekret,SG,etat,1899,1
SLC:DF_LAWS(1.0),gesetz,GE,etat,1899,1
SLC:DF_LAWS(1.0),gesetz,GE,infra,1899,1
SLC:DF_LAWS(1.0),gesetz,ZH,educ,1899,1
SLC:DF_LAWS(1.0),gesetz,ZH,etat,1899,1
SLC:DF_LAWS(1.0),interkantonale_vereinbarung,SO,fin,1899,1
SLC:DF_LAWS(1.0),reglement,BE,etat,1899,1
SLC:DF_LAWS(1.0),anderes,_T,_T,1899,4
SLC:DF_LAWS(1.0),dekret,_T,_T,1899,2
SLC:DF_LAWS(1.0),gesetz,_T,_T,1899,4
SLC:DF_LAWS(1.0),interkantonale_vereinbarung,_T,_T,1899,1
SLC:DF_LAWS(1.0),reglement,_T,_T,1899,1
SLC:DF_LAWS(1.0),_T,BE,_T,1899,1
SLC:DF_LAWS(1.0),_T,FR,_T,1899,2
SLC:DF_LAWS(1.0),_T,GE,_T,1899,2
SLC:DF_LAWS(1.0),_T,OW,_T,1899,1
SLC:DF_LAWS(1.0),_T,SG,_T,1899,1
SLC:DF_LAWS(1.0),_T,SO,_T,1899,2
SLC:DF_LAWS(1.0),_T,VD,_T,1899,1
SLC:DF_LAWS(1.0),_T,ZH,_T,1899,2
SLC:DF_LAWS(1.0),_T,_T,educ,1899,3
SLC:DF_LAWS(1.0),_T,_T,etat,1899,6
SLC:DF_LAWS(1.0),_T,_T,fin,1899,1
SLC:DF_LAWS(1.0),_T,_T,infra,1899,1
SLC:DF_LAWS(1.0),_T,_T,sante,1899,1
SLC:DF_LAWS(1.0),_T,_T,_T,1899,12
SLC:DF_LAWS(1.0),anderes,BS,infra,1900,1
SLC:DF_LAWS(1.0),anderes,NE,etat,1900,3
SLC:DF_LAWS(1.0),dekret,BS,etat,1900,1
SLC:DF_LAWS(1.0),dekret,NE,infra,1900,1
SLC:DF_LAWS(1.0),gesetz,AR,etat,1900,1
SLC:DF_LAWS(1.0),gesetz,GL,sante,1900,1
SLC:DF_LAWS(1.0),gesetz,NW,sante,1900,1
SLC:DF_LAWS(1.0),gesetz,VS,infra,1900,1
SLC:DF_LAWS(1.0),gesetz,ZG,autres,1900,1
SLC:DF_LAWS(1.0),interkantonale_vereinbarung,NW,educ,1900,1
SLC:DF_LAWS(1.0),staatsvertrag,BS,infra,1900,1
SLC:DF_LAWS(1.0),verordnung,ZH,educ,1900,1
SLC:DF_LAWS(1.0),anderes,_T,_T,1900,4
SLC:DF_LAWS(1.0),dekret,_T,_T,1900,2
SLC:DF_LAWS(1.0),gesetz,_T,_T,1900,5
SLC:DF_LAWS(1.0),interkantonale_vereinbarung,_T,_T,1900,1
SLC:DF_LAWS(1.0),staatsvertrag,_T,_T,1900,1
SLC:DF_LAWS(1.0),verordnung,_T,_T,1900,1
SLC:DF_LAWS(1.0),_T,AR,_T,1900,1
SLC:DF_LAWS(1.0),_T,BS,_T,1900,3
SLC:DF_LAWS(1.0),_T,GL,_T,1900,1
SLC:DF_LAWS(1.0),_T,NE,_T,1900,4
SLC:DF_LAWS(1.0),_T,NW,_T,1900,2
SLC:DF_LAWS(1.0),_T,VS,_T,1900,1
SLC:DF_LAWS(1.0),_T,ZG,_T,1900,1
SLC:DF_LAWS(1.0),_T,ZH,_T,1900,1
SLC:DF_LAWS(1.0),_T,_T,autres,1900,1
SLC:DF_LAWS(1.0),_T,_T,educ,1900,2
SLC:DF_LAWS(1.0),_T,_T,etat,1900,5
SLC:DF_LAWS(1.0),_T,_T,infra,1900,4
SLC:DF_LAWS(1.0),_T,_T,sante,1900,2
SLC:DF_LAWS(1.0),_T,_T,_T,1900,14
SLC:DF_LAWS(1.0),anderes,GL,autres,1901,1
SLC:DF_LAWS(1.0),dekret,BS,infra,1901,1
SLC:DF_LAWS(1.0),dekret,SG,infra,1901,1
SLC:DF_LAWS(1.0),gesetz,SO,autres,1901,1
SLC:DF_LAWS(1.0),interkantonale_vereinbarung,AG,autres,1901,1
SLC:DF_LAWS(1.0),interkantonale_vereinbarung,GE,autres,1901,1
SLC:DF_LAWS(1.0),interkantonale_vereinbarung,GL,autres,1901,1
SLC:DF_LAWS(1.0),interkantonale_vereinbarung,GR,autres,1901,1
SLC:DF_LAWS(1.0),interkantonale_vereinbarung,LU,eco,1901,1
SLC:DF_LAWS(1.0),interkantonale_vereinbarung,SH,autres,1901,1
SLC:DF_LAWS(1.0),interkantonale_vereinbarung,SH,etat,1901,1
SLC:DF_LAWS(1.0),interkantonale_vereinbarung,SO,autres,1901,1
SLC:DF_LAWS(1.0),interkantonale_vereinbarung,UR,autres,1901,1
SLC:DF_LAWS(1.0),interkantonale_vereinbarung,ZH,autres,1901,1
SLC:DF_LAWS(1.0),interkantonale_vereinbarung,ZH,etat,1901,1
SLC:DF_LAWS(1.0),reglement,GE,educ,1901,1
SLC:DF_LAWS(1.0),verordnung,NW,sante,1901,1
SLC:DF_LAWS(1.0),anderes,_T,_T,1901,1
SLC:DF_LAWS(1.0),dekret,_T,_T,1901,2
SLC:DF_LAWS(1.0),gesetz,_T,_T,1901,1
SLC:DF_LAWS(1.0),interkantonale_vereinbarung,_T,_T,1901,11
SLC:DF_LAWS(1.0),reglement,_T,_T,1901,1
SLC:DF_LAWS(1.0),verordnung,_T,_T,1901,1
SLC:DF_LAWS(1.0),_T,AG,_T,1901,1
SLC:DF_LAWS(1.0),_T,BS,_T,1901,1
SLC:DF_LAWS(1.0),_T,GE,_T,1901,2
SLC:DF_LAWS(1.0),_T,GL,_T,1901,2
SLC:DF_LAWS(1.0),_T,GR,_T,1901,1
SLC:DF_LAWS(1.0),_T,LU,_T,1901,1
SLC:DF_LAWS(1.0),_T,NW,_T,1901,1
SLC:DF_LAWS(1.0),_T,SG,_T,1901,1
SLC:DF_LAWS(1.0),_T,SH,_T,1901,2
SLC:DF_LAWS(1.0),_T,SO,_T,1901,2
SLC:DF_LAWS(1.0),_T,UR,_T,1901,1
SLC:DF_LAWS(1.0),_T,ZH,_T,1901,2
SLC:DF_LAWS(1.0),_T,_T,autres,1901,10
SLC:DF_LAWS(1.0),_T,_T,eco,1901,1
SLC:DF_LAWS(1.0),_T,_T,educ,1901,1
SLC:DF_LAWS(1.0),_T,_T,etat,1901,2
SLC:DF_LAWS(1.0),_T,_T,infra,1901,2
SLC:DF_LAWS(1.0),_T,_T,sante,1901,1
SLC:DF_LAWS(1.0),_T,_T,_T,1901,17
SLC:DF_LAWS(1.0),anderes,SH,infra,1902,1
SLC:DF_LAWS(1.0),anderes,SZ,infra,1902,1
SLC:DF_LAWS(1.0),gesetz,AR,infra,1902,1
SLC:DF_LAWS(1.0),gesetz,BS,etat,1902,1
SLC:DF_LAWS(1.0),gesetz,GE,autres,1902,1
SLC:DF_LAWS(1.0),gesetz,LU,infra,1902,1
SLC:DF_LAWS(1.0),gesetz,NE,eco,1902,1
SLC:DF_LAWS(1.0),interkantonale_vereinbarung,BS,autres,1902,1
SLC:DF_LAWS(1.0),interkantonale_vereinbarung,ZH,etat,1902,1
SLC:DF_LAWS(1.0),verordnung,BE,infra,1902,1
SLC:DF_LAWS(1.0),verordnung,BL,infra,1902,1
SLC:DF_LAWS(1.0),verordnung,JU,infra,1902,1
SLC:DF_LAWS(1.0),verordnung,TG,infra,1902,1
SLC:DF_LAWS(1.0),verordnung,UR,infra,1902,1
SLC:DF_LAWS(1.0),anderes,_T,_T,1902,2
SLC:DF_LAWS(1.0),gesetz,_T,_T,1902,5
SLC:DF_LAWS(1.0),interkantonale_vereinbarung,_T,_T,1902,2
SLC:DF_LAWS(1.0),verordnung,_T,_T,1902,5
SLC:DF_LAWS(1.0),_T,AR,_T,1902,1
SLC:DF_LAWS(1.0),_T,BE,_T,1902,1
SLC:DF_LAWS(1.0),_T,BL,_T,1902,1
SLC:DF_LAWS(1.0),_T,BS,_T,1902,2
SLC:DF_LAWS(1.0),_T,GE,_T,1902,1
SLC:DF_LAWS(1.0),_T,JU,_T,1902,1
SLC:DF_LAWS(1.0),_T,LU,_T,1902,1
SLC:DF_LAWS(1.0),_T,NE,_T,1902,1
SLC:DF_LAWS(1.0),_T,SH,_T,1902,1
SLC:DF_LAWS(1.0),_T,SZ,_T,1902,1
SLC:DF_LAWS(1.0),_T,TG,_T,1902,1
SLC:DF_LAWS(1.0),_T,UR,_T,1902,1
SLC:DF_LAWS(1.0),_T,ZH,_T,1902,1
SLC:DF_LAWS(1.0),_T,_T,autres,1902,2
SLC:DF_LAWS(1.0),_T,_T,eco,1902,1
SLC:DF_LAWS(1.0),_T,_T,etat,1902,2
SLC:DF_LAWS(1.0),_T,_T,infra,1902,9
SLC:DF_LAWS(1.0),_T,_T,_T,1902,14
SLC:DF_LAWS(1.0),anderes,VD,infra,1903,1
SLC:DF_LAWS(1.0),dekret,SZ,autres,1903,1
SLC:DF_LAWS(1.0),interkantonale_vereinbarung,BL,autres,1903,1
SLC:DF_LAWS(1.0),interkantonale_vereinbarung,SG,autres,1903,1
SLC:DF_LAWS(1.0),interkantonale_vereinbarung,VD,autres,1903,1
SLC:DF_LAWS(1.0),reglement,GE,infra,1903,1
SLC:DF_LAWS(1.0),staatsvertrag,SO,fin,1903,1
SLC:DF_LAWS(1.0),verordnung,BE,fin,1903,1
SLC:DF_LAWS(1.0),verordnung,VD,infra,1903,1
SLC:DF_LAWS(1.0),anderes,_T,_T,1903,1
SLC:DF_LAWS(1.0),dekret,_T,_T,1903,1
SLC:DF_LAWS(1.0),interkantonale_vereinbarung,_T,_T,1903,3
SLC:DF_LAWS(1.0),reglement,_T,_T,1903,1
SLC:DF_LAWS(1.0),staatsvertrag,_T,_T,1903,1
SLC:DF_LAWS(1.0),verordnung,_T,_T,1903,2
SLC:DF_LAWS(1.0),_T,BE,_T,1903,1
SLC:DF_LAWS(1.0),_T,BL,_T,1903,1
SLC:DF_LAWS(1.0),_T,GE,_T,1903,1
SLC:DF_LAWS(1.0),_T,SG,_T,1903,1
SLC:DF_LAWS(1.0),_T,SO,_T,1903,1
SLC:DF_LAWS(1.0),_T,SZ,_T,1903,1
SLC:DF_LAWS(1.0),_T,VD,_T,1903,3
SLC:DF_LAWS(1.0),_T,_T,autres,1903,4
SLC:DF_LAWS(1.0),_T,_T,fin,1903,2
SLC:DF_LAWS(1.0),_T,_T,infra,1903,3
SLC:DF_LAWS(1.0),_T,_T,_T,1903,9
SLC:DF_LAWS(1.0),anderes,ZG,infra,1904,1
SLC:DF_LAWS(1.0),gesetz,SH,etat,1904,1
SLC:DF_LAWS(1.0),anderes,_T,_T,1904,1
SLC:DF_LAWS(1.0),gesetz,_T,_T,1904,1
SLC:DF_LAWS(1.0),_T,SH,_T,1904,1
SLC:DF_LAWS(1.0),_T,ZG,_T,1904,1
SLC:DF_LAWS(1.0),_T,_T,etat,1904,1
SLC:DF_LAWS(1.0),_T,_T,infra,1904,1
SLC:DF_LAWS(1.0),_T,_T,_T,1904,2
SLC:DF_LAWS(1.0),gesetz,NE,etat,1905,1
SLC:DF_LAWS(1.0),interkantonale_vereinbarung,LU,autres,1905,1
SLC:DF_LAWS(1.0),verordnung,SO,autres,1905,1
SLC:DF_LAWS(1.0),gesetz,_T,_T,1905,1
SLC:DF_LAWS(1.0),interkantonale_vereinbarung,_T,_T,1905,1
SLC:DF_LAWS(1.0),verordnung,_T,_T,1905,1
SLC:DF_LAWS(1.0),_T,LU,_T,1905,1
SLC:DF_LAWS(1.0),_T,NE,_T,1905,1
SLC:DF_LAWS(1.0),_T,SO,_T,1905,1
SLC:DF_LAWS(1.0),_T,_T,autres,1905,2
SLC:DF_LAWS(1.0),_T,_T,etat,1905,1
SLC:DF_LAWS(1.0),_T,_T,_T,1905,3
SLC:DF_LAWS(1.0),anderes,GL,eco,1906,1
SLC:DF_LAWS(1.0),anderes,GL,infra,1906,1
SLC:DF_LAWS(1.0),anderes,ZH,etat,1906,1
SLC:DF_LAWS(1.0),dekret,BS,infra,1906,1
SLC:DF_LAWS(1.0),dekret,SZ,eco,1906,1
SLC:DF_LAWS(1.0),gemeindeerlass,BS,etat,1906,1
SLC:DF_LAWS(1.0),gesetz,SZ,etat,1906,1
SLC:DF_LAWS(1.0),interkantonale_vereinbarung,BS,etat,1906,1
SLC:DF_LAWS(1.0),interkantonale_vereinbarung,TG,fin,1906,1
SLC:DF_LAWS(1.0),anderes,_T,_T,1906,3
SLC:DF_LAWS(1.0),dekret,_T,_T,1906,2
SLC:DF_LAWS(1.0),gemeindeerlass,_T,_T,1906,1
SLC:DF_LAWS(1.0),gesetz,_T,_T,1906,1
SLC:DF_LAWS(1.0),interkantonale_vereinbarung,_T,_T,1906,2
SLC:DF_LAWS(1.0),_T,BS,_T,1906,3
SLC:DF_LAWS(1.0),_T,GL,_T,1906,2
SLC:DF_LAWS(1.0),_T,SZ,_T,1906,2
SLC:DF_LAWS(1.0),_T,TG,_T,1906,1
SLC:DF_LAWS(1.0),_T,ZH,_T,1906,1
SLC:DF_LAWS(1.0),_T,_T,eco,1906,2
SLC:DF_LAWS(1.0),_T,_T,etat,1906,4
SLC:DF_LAWS(1.0),_T,_T,fin,1906,1
SLC:DF_LAWS(1.0),_T,_T,infra,1906,2
SLC:DF_LAWS(1.0),_T,_T,_T,1906,9
SLC:DF_LAWS(1.0),anderes,BS,etat,1907,1
SLC:DF_LAWS(1.0),anderes,NE,autres,1907,2
SLC:DF_LAWS(1.0),anderes,NE,etat,1907,1
SLC:DF_LAWS(1.0),anderes,SO,sante,1907,1
SLC:DF_LAWS(1.0),gesetz,BS,etat,1907,1
SLC:DF_LAWS(1.0),gesetz,BS,sante,1907,1
SLC:DF_LAWS(1.0),gesetz,GE,sante,1907,1
SLC:DF_LAWS(1.0),gesetz,TI,etat,1907,1
SLC:DF_LAWS(1.0),interkantonale_vereinbarung,NE,educ,1907,2
SLC:DF_LAWS(1.0),interkantonale_vereinbarung,TG,etat,1907,1
SLC:DF_LAWS(1.0),interkantonale_vereinbarung,VD,educ,1907,1
SLC:DF_LAWS(1.0),reglement,GE,autres,1907,1
SLC:DF_LAWS(1.0),verfassung,VS,etat,1907,1
SLC:DF_LAWS(1.0),verordnung,BE,etat,1907,1
SLC:DF_LAWS(1.0),verordnung,BE,sante,1907,1
SLC:DF_LAWS(1.0),verordnung,NE,educ,1907,2
SLC:DF_LAWS(1.0),anderes,_T,_T,1907,5
SLC:DF_LAWS(1.0),gesetz,_T,_T,1907,4
SLC:DF_LAWS(1.0),interkantonale_vereinbarung,_T,_T,1907,4
SLC:DF_LAWS(1.0),reglement,_T,_T,1907,1
SLC:DF_LAWS(1.0),verfassung,_T,_T,1907,1
SLC:DF_LAWS(1.0),verordnung,_T,_T,1907,4
SLC:DF_LAWS(1.0),_T,BE,_T,1907,2
SLC:DF_LAWS(1.0),_T,BS,_T,1907,3
SLC:DF_LAWS(1.0),_T,GE,_T,1907,2
SLC:DF_LAWS(1.0),_T,NE,_T,1907,7
SLC:DF_LAWS(1.0),_T,SO,_T,1907,1
SLC:DF_LAWS(1.0),_T,TG,_T,1907,1
SLC:DF_LAWS(1.0),_T,TI,_T,1907,1
SLC:DF_LAWS(1.0),_T,VD,_T,1907,1
SLC:DF_LAWS(1.0),_T,VS,_T,1907,1
SLC:DF_LAWS(1.0),_T,_T,autres,1907,3
SLC:DF_LAWS(1.0),_T,_T,educ,1907,5
SLC:DF_LAWS(1.0),_T,_T,etat,1907,7
SLC:DF_LAWS(1.0),_T,_T,sante,1907,4
SLC:DF_LAWS(1.0),_T,_T,_T,1907,19
SLC:DF_LAWS(1.0),anderes,NE,educ,1908,3
SLC:DF_LAWS(1.0),anderes,SO,fin,1908,1
SLC:DF_LAWS(1.0),dekret,AG,educ,1908,1
SLC:DF_LAWS(1.0),gesetz,GE,etat,1908,1
SLC:DF_LAWS(1.0),gesetz,LU,fin,1908,1
SLC:DF_LAWS(1.0),gesetz,NE,etat,1908,1
SLC:DF_LAWS(1.0),interkantonale_vereinbarung,ZH,infra,1908,1
SLC:DF_LAWS(1.0),reglement,GR,educ,1908,1
SLC:DF_LAWS(1.0),reglement,NE,educ,1908,1
SLC:DF_LAWS(1.0),verordnung,LU,fin,1908,1
SLC:DF_LAWS(1.0),anderes,_T,_T,1908,4
SLC:DF_LAWS(1.0),dekret,_T,_T,1908,1
SLC:DF_LAWS(1.0),gesetz,_T,_T,1908,3
SLC:DF_LAWS(1.0),interkantonale_vereinbarung,_T,_T,1908,1
SLC:DF_LAWS(1.0),reglement,_T,_T,1908,2
SLC:DF_LAWS(1.0),verordnung,_T,_T,1908,1
SLC:DF_LAWS(1.0),_T,AG,_T,1908,1
SLC:DF_LAWS(1.0),_T,GE,_T,1908,1
SLC:DF_LAWS(1.0),_T,GR,_T,1908,1
SLC:DF_LAWS(1.0),_T,LU,_T,1908,2
SLC:DF_LAWS(1.0),_T,NE,_T,1908,5
SLC:DF_LAWS(1.0),_T,SO,_T,1908,1
SLC:DF_LAWS(1.0),_T,ZH,_T,1908,1
SLC:DF_LAWS(1.0),_T,_T,educ,1908,6
SLC:DF_LAWS(1.0),_T,_T,etat,1908,2
SLC:DF_LAWS(1.0),_T,_T,fin,1908,3
SLC:DF_LAWS(1.0),_T,_T,infra,1908,1
SLC:DF_LAWS(1.0),_T,_T,_T,1908,12
SLC:DF_LAWS(1.0),anderes,NE,etat,1909,1
SLC:DF_LAWS(1.0),anderes,SO,autres,1909,1
SLC:DF_LAWS(1.0),anderes,SO,educ,1909,1
SLC:DF_LAWS(1.0),anderes,SO,fin,1909,2
SLC:DF_LAWS(1.0),dekret,AG,sante,1909,1
SLC:DF_LAWS(1.0),dekret,BE,etat,1909,1
SLC:DF_LAWS(1.0),gesetz,SO,educ,1909,1
SLC:DF_LAWS(1.0),interkantonale_vereinbarung,BL,etat,1909,1
SLC:DF_LAWS(1.0),interkantonale_vereinbarung,BS,etat,1909,1
SLC:DF_LAWS(1.0),interkantonale_vereinbarung,FR,etat,1909,1
SLC:DF_LAWS(1.0),interkantonale_vereinbarung,GE,etat,1909,1
SLC:DF_LAWS(1.0),interkantonale_vereinbarung,JU,etat,1909,1
SLC:DF_LAWS(1.0),interkantonale_vereinbarung,NW,etat,1909,1
SLC:DF_LAWS(1.0),interkantonale_vereinbarung,SO,etat,1909,1
SLC:DF_LAWS(1.0),interkantonale_vereinbarung,TG,etat,1909,1
SLC:DF_LAWS(1.0),interkantonale_vereinbarung,TI,educ,1909,1
SLC:DF_LAWS(1.0),interkantonale_vereinbarung,TI,etat,1909,2
SLC:DF_LAWS(1.0),interkantonale_vereinbarung,VD,etat,1909,1
SLC:DF_LAWS(1.0),interkantonale_vereinbarung,ZG,etat,1909,1
SLC:DF_LAWS(1.0),reglement,NE,eco,1909,1
SLC:DF_LAWS(1.0),reglement,SO,educ,1909,1
SLC:DF_LAWS(1.0),staatsvertrag,BS,infra,1909,1
SLC:DF_LAWS(1.0),staatsvertrag,SH,infra,1909,1
SLC:DF_LAWS(1.0),verordnung,BL,fin,1909,1
SLC:DF_LAWS(1.0),verordnung,GL,eco,1909,1
SLC:DF_LAWS(1.0),verordnung,SO,educ,1909,1
SLC:DF_LAWS(1.0),anderes,_T,_T,1909,5
SLC:DF_LAWS(1.0),dekret,_T,_T,1909,2
SLC:DF_LAWS(1.0),gesetz,_T,_T,1909,1
SLC:DF_LAWS(1.0),interkantonale_vereinbarung,_T,_T,1909,13
SLC:DF_LAWS(1.0),reglement,_T,_T,1909,2
SLC:DF_LAWS(1.0),staatsvertrag,_T,_T,1909,2
SLC:DF_LAWS(1.0),verordnung,_T,_T,1909,3
SLC:DF_LAWS(1.0),_T,AG,_T,1909,1
SLC:DF_LAWS(1.0),_T,BE,_T,1909,1
SLC:DF_LAWS(1.0),_T,BL,_T,1909,2
SLC:DF_LAWS(1.0),_T,BS,_T,1909,2
SLC:DF_LAWS(1.0),_T,FR,_T,1909,1
SLC:DF_LAWS(1.0),_T,GE,_T,1909,1
SLC:DF_LAWS(1.0),_T,GL,_T,1909,1
SLC:DF_LAWS(1.0),_T,JU,_T,1909,1
SLC:DF_LAWS(1.0),_T,NE,_T,1909,2
SLC:DF_LAWS(1.0),_T,NW,_T,1909,1
SLC:DF_LAWS(1.0),_T,SH,_T,1909,1
SLC:DF_LAWS(1.0),_T,SO,_T,1909,8
SLC:DF_LAWS(1.0),_T,TG,_T,1909,1
SLC:DF_LAWS(1.0),_T,TI,_T,1909,3
SLC:DF_LAWS(1.0),_T,VD,_T,1909,1
SLC:DF_LAWS(1.0),_T,ZG,_T,1909,1
SLC:DF_LAWS(1.0),_T,_T,autres,1909,1
SLC:DF_LAWS(1.0),_T,_T,eco,1909,2
SLC:DF_LAWS(1.0),_T,_T,educ,1909,5
SLC:DF_LAWS(1.0),_T,_T,etat,1909,14
SLC:DF_LAWS(1.0),_T,_T,fin,1909,3
SLC:DF_LAWS(1.0),_T,_T,infra,1909,2
SLC:DF_LAWS(1.0),_T,_T,sante,1909,1
SLC:DF_LAWS(1.0),_T,_T,_T,1909,28
SLC:DF_LAWS(1.0),anderes,AG,educ,1910,1
SLC:DF_LAWS(1.0),anderes,GL,infra,1910,1
SLC:DF_LAWS(1.0),anderes,NE,autres,1910,2
SLC:DF_LAWS(1.0),anderes,ZH,educ,1910,1
SLC:DF_LAWS(1.0),dekret,NE,etat,1910,1
SLC:DF_LAWS(1.0),gesetz,NE,autres,1910,1
SLC:DF_LAWS(1.0),gesetz,VD,autres,1910,1
SLC:DF_LAWS(1.0),interkantonale_vereinbarung,NE,infra,1910,1
SLC:DF_LAWS(1.0),interkantonale_vereinbarung,SO,fin,1910,1
SLC:DF_LAWS(1.0),staatsvertrag,BS,infra,1910,1
SLC:DF_LAWS(1.0),verordnung,LU,fin,1910,1
SLC:DF_LAWS(1.0),verordnung,NE,autres,1910,2
SLC:DF_LAWS(1.0),verordnung,NE,infra,1910,1
SLC:DF_LAWS(1.0),anderes,_T,_T,1910,5
SLC:DF_LAWS(1.0),dekret,_T,_T,1910,1
SLC:DF_LAWS(1.0),gesetz,_T,_T,1910,2
SLC:DF_LAWS(1.0),interkantonale_vereinbarung,_T,_T,1910,2
SLC:DF_LAWS(1.0),staatsvertrag,_T,_T,1910,1
SLC:DF_LAWS(1.0),verordnung,_T,_T,1910,4
SLC:DF_LAWS(1.0),_T,AG,_T,1910,1
SLC:DF_LAWS(1.0),_T,BS,_T,1910,1
SLC:DF_LAWS(1.0),_T,GL,_T,1910,1
SLC:DF_LAWS(1.0),_T,LU,_T,1910,1
SLC:DF_LAWS(1.0),_T,NE,_T,1910,8
SLC:DF_LAWS(1.0),_T,SO,_T,1910,1
SLC:DF_LAWS(1.0),_T,VD,_T,1910,1
SLC:DF_LAWS(1.0),_T,ZH,_T,1910,1
SLC:DF_LAWS(1.0),_T,_T,autres,1910,6
SLC:DF_LAWS(1.0),_T,_T,educ,1910,2
SLC:DF_LAWS(1.0),_T,_T,etat,1910,1
SLC:DF_LAWS(1.0),_T,_T,fin,1910,2
SLC:DF_LAWS(1.0),_T,_T,infra,1910,4
SLC:DF_LAWS(1.0),_T,_T,_T,1910,15
SLC:DF_LAWS(1.0),anderes,BE,infra,1911,3
SLC:DF_LAWS(1.0),anderes,NE,autres,1911,2
SLC:DF_LAWS(1.0),anderes,NE,eco,1911,1
SLC:DF_LAWS(1.0),anderes,NE,etat,1911,1
SLC:DF_LAWS(1.0),anderes,NE,sante,1911,19
SLC:DF_LAWS(1.0),anderes,SO,autres,1911,1
SLC:DF_LAWS(1.0),anderes,SO,etat,1911,1
SLC:DF_LAWS(1.0),dekret,AI,autres,1911,1
SLC:DF_LAWS(1.0),dekret,BE,autres,1911,1
SLC:DF_LAWS(1.0),dekret,BL,eco,1911,1
SLC:DF_LAWS(1.0),dekret,OW,autres,1911,1
SLC:DF_LAWS(1.0),dekret,UR,autres,1911,1
SLC:DF_LAWS(1.0),dekret,VD,sante,1911,1
SLC:DF_LAWS(1.0),gesetz,AG,autres,1911,1
SLC:DF_LAWS(1.0),gesetz,AG,sante,1911,1
SLC:DF_LAWS(1.0),gesetz,AI,autres,1911,1
SLC:DF_LAWS(1.0),gesetz,BE,sante,1911,1
SLC:DF_LAWS(1.0),gesetz,BL,sante,1911,1
SLC:DF_LAWS(1.0),gesetz,BS,sante,1911,2
SLC:DF_LAWS(1.0),gesetz,FR,autres,1911,1
SLC:DF_LAWS(1.0),gesetz,GL,autres,1911,1
SLC:DF_LAWS(1.0),gesetz,NW,sante,1911,1
SLC:DF_LAWS(1.0),gesetz,OW,autres,1911,1
SLC:DF_LAWS(1.0),gesetz,SG,sante,1911,1
SLC:DF_LAWS(1.0),gesetz,SH,sante,1911,1
SLC:DF_LAWS(1.0),gesetz,SO,autres,1911,1
SLC:DF_LAWS(1.0),gesetz,TI,autres,1911,1
SLC:DF_LAWS(1.0),gesetz,VD,eco,1911,1
SLC:DF_LAWS(1.0),gesetz,ZG,autres,1911,1
SLC:DF_LAWS(1.0),interkantonale_vereinbarung,VD,infra,1911,1
SLC:DF_LAWS(1.0),reglement,UR,autres,1911,1
SLC:DF_LAWS(1.0),reglement,VD,infra,1911,1
SLC:DF_LAWS(1.0),staatsvertrag,BS,infra,1911,1
SLC:DF_LAWS(1.0),verordnung,AG,autres,1911,1
SLC:DF_LAWS(1.0),verordnung,AG,sante,1911,1
SLC:DF_LAWS(1.0),verordnung,BE,autres,1911,2
SLC:DF_LAWS(1.0),verordnung,BE,eco,1911,1
SLC:DF_LAWS(1.0),verordnung,BE,infra,1911,1
SLC:DF_LAWS(1.0),verordnung,BS,sante,1911,1
SLC:DF_LAWS(1.0),verordnung,LU,autres,1911,1
SLC:DF_LAWS(1.0),verordnung,NE,autres,1911,1
SLC:DF_LAWS(1.0),verordnung,ZH,autres,1911,2
SLC:DF_LAWS(1.0),verordnung,ZH,eco,1911,1
SLC:DF_LAWS(1.0),anderes,_T,_T,1911,28
SLC:DF_LAWS(1.0),dekret,_T,_T,1911,6
SLC:DF_LAWS(1.0),gesetz,_T,_T,1911,17
SLC:DF_LAWS(1.0),interkantonale_vereinbarung,_T,_T,1911,1
SLC:DF_LAWS(1.0),reglement,_T,_T,1911,2
SLC:DF_LAWS(1.0),staatsvertrag,_T,_T,1911,1
SLC:DF_LAWS(1.0),verordnung,_T,_T,1911,12
SLC:DF_LAWS(1.0),_T,AG,_T,1911,4
SLC:DF_LAWS(1.0),_T,AI,_T,1911,2
SLC:DF_LAWS(1.0),_T,BE,_T,1911,9
SLC:DF_LAWS(1.0),_T,BL,_T,1911,2
SLC:DF_LAWS(1.0),_T,BS,_T,1911,4
SLC:DF_LAWS(1.0),_T,FR,_T,1911,1
SLC:DF_LAWS(1.0),_T,GL,_T,1911,1
SLC:DF_LAWS(1.0),_T,LU,_T,1911,1
SLC:DF_LAWS(1.0),_T,NE,_T,1911,24
SLC:DF_LAWS(1.0),_T,NW,_T,1911,1
SLC:DF_LAWS(1.0),_T,OW,_T,1911,2
SLC:DF_LAWS(1.0),_T,SG,_T,1911,1
SLC:DF_LAWS(1.0),_T,SH,_T,1911,1
SLC:DF_LAWS(1.0),_T,SO,_T,1911,3
SLC:DF_LAWS(1.0),_T,TI,_T,1911,1
SLC:DF_LAWS(1.0),_T,UR,_T,1911,2
SLC:DF_LAWS(1.0),_T,VD,_T,1911,4
SLC:DF_LAWS(1.0),_T,ZG,_T,1911,1
SLC:DF_LAWS(1.0),_T,ZH,_T,1911,3
SLC:DF_LAWS(1.0),_T,_T,autres,1911,23
SLC:DF_LAWS(1.0),_T,_T,eco,1911,5
SLC:DF_LAWS(1.0),_T,_T,etat,1911,2
SLC:DF_LAWS(1.0),_T,_T,infra,1911,7
SLC:DF_LAWS(1.0),_T,_T,sante,1911,30
SLC:DF_LAWS(1.0),_T,_T,_T,1911,67
SLC:DF_LAWS(1.0),anderes,NE,eco,1912,2
SLC:DF_LAWS(1.0),anderes,NE,fin,1912,1
SLC:DF_LAWS(1.0),anderes,SO,fin,1912,1
SLC:DF_LAWS(1.0),anderes,SO,sante,1912,1
SLC:DF_LAWS(1.0),dekret,AR,etat,1912,1
SLC:DF_LAWS(1.0),gemeindeerlass,BS,infra,1912,1
SLC:DF_LAWS(1.0),gesetz,GE,autres,1912,1
SLC:DF_LAWS(1.0),gesetz,SG,eco,1912,1
SLC:DF_LAWS(1.0),gesetz,TI,infra,1912,1
SLC:DF_LAWS(1.0),interkantonale_vereinbarung,NE,fin,1912,2
SLC:DF_LAWS(1.0),interkantonale_vereinbarung,SO,fin,1912,1
SLC:DF_LAWS(1.0),interkantonale_vereinbarung,SO,infra,1912,2
SLC:DF_LAWS(1.0),reglement,VS,autres,1912,1
SLC:DF_LAWS(1.0),verordnung,BS,sante,1912,1
SLC:DF_LAWS(1.0),verordnung,SO,etat,1912,1
SLC:DF_LAWS(1.0),verordnung,SO,fin,1912,1
SLC:DF_LAWS(1.0),verordnung,ZG,autres,1912,1
SLC:DF_LAWS(1.0),anderes,_T,_T,1912,5
SLC:DF_LAWS(1.0),dekret,_T,_T,1912,1
SLC:DF_LAWS(1.0),gemeindeerlass,_T,_T,1912,1
SLC:DF_LAWS(1.0),gesetz,_T,_T,1912,3
SLC:DF_LAWS(1.0),interkantonale_vereinbarung,_T,_T,1912,5
SLC:DF_LAWS(1.0),reglement,_T,_T,1912,1
SLC:DF_LAWS(1.0),verordnung,_T,_T,1912,4
SLC:DF_LAWS(1.0),_T,AR,_T,1912,1
SLC:DF_LAWS(1.0),_T,BS,_T,1912,2
SLC:DF_LAWS(1.0),_T,GE,_T,1912,1
SLC:DF_LAWS(1.0),_T,NE,_T,1912,5
SLC:DF_LAWS(1.0),_T,SG,_T,1912,1
SLC:DF_LAWS(1.0),_T,SO,_T,1912,7
SLC:DF_LAWS(1.0),_T,TI,_T,1912,1
SLC:DF_LAWS(1.0),_T,VS,_T,1912,1
SLC:DF_LAWS(1.0),_T,ZG,_T,1912,1
SLC:DF_LAWS(1.0),_T,_T,autres,1912,3
SLC:DF_LAWS(1.0),_T,_T,eco,1912,3
SLC:DF_LAWS(1.0),_T,_T,etat,1912,2
SLC:DF_LAWS(1.0),_T,_T,fin,1912,6
SLC:DF_LAWS(1.0),_T,_T,infra,1912,4
SLC:DF_LAWS(1.0),_T,_T,sante,1912,2
SLC:DF_LAWS(1.0),_T,_T,_T,1912,20
SLC:DF_LAWS(1.0),anderes,GR,autres,1913,1
SLC:DF_LAWS(1.0),anderes,GR,infra,1913,1
SLC:DF_LAWS(1.0),anderes,NE,etat,1913,1
SLC:DF_LAWS(1.0),dekret,AR,eco,1913,1
SLC:DF_LAWS(1.0),dekret,OW,autres,1913,1
SLC:DF_LAWS(1.0),gesetz,AR,infra,1913,1
SLC:DF_LAWS(1.0),gesetz,FR,etat,1913,1
SLC:DF_LAWS(1.0),gesetz,LU,etat,1913,1
SLC:DF_LAWS(1.0),gesetz,LU,infra,1913,1
SLC:DF_LAWS(1.0),gesetz,TI,infra,1913,1
SLC:DF_LAWS(1.0),gesetz,ZH,autres,1913,1
SLC:DF_LAWS(1.0),reglement,BS,etat,1913,1
SLC:DF_LAWS(1.0),verordnung,AG,eco,1913,1
SLC:DF_LAWS(1.0),anderes,_T,_T,1913,3
SLC:DF_LAWS(1.0),dekret,_T,_T,1913,2
SLC:DF_LAWS(1.0),gesetz,_T,_T,1913,6
SLC:DF_LAWS(1.0),reglement,_T,_T,1913,1
SLC:DF_LAWS(1.0),verordnung,_T,_T,1913,1
SLC:DF_LAWS(1.0),_T,AG,_T,1913,1
SLC:DF_LAWS(1.0),_T,AR,_T,1913,2
SLC:DF_LAWS(1.0),_T,BS,_T,1913,1
SLC:DF_LAWS(1.0),_T,FR,_T,1913,1
SLC:DF_LAWS(1.0),_T,GR,_T,1913,2
SLC:DF_LAWS(1.0),_T,LU,_T,1913,2
SLC:DF_LAWS(1.0),_T,NE,_T,1913,1
SLC:DF_LAWS(1.0),_T,OW,_T,1913,1
SLC:DF_LAWS(1.0),_T,TI,_T,1913,1
SLC:DF_LAWS(1.0),_T,ZH,_T,1913,1
SLC:DF_LAWS(1.0),_T,_T,autres,1913,3
SLC:DF_LAWS(1.0),_T,_T,eco,1913,2
SLC:DF_LAWS(1.0),_T,_T,etat,1913,4
SLC:DF_LAWS(1.0),_T,_T,infra,1913,4
SLC:DF_LAWS(1.0),_T,_T,_T,1913,13
SLC:DF_LAWS(1.0),anderes,NE,etat,1914,1
SLC:DF_LAWS(1.0),anderes,SH,infra,1914,1
SLC:DF_LAWS(1.0),anderes,SO,sante,1914,1
SLC:DF_LAWS(1.0),anderes,ZH,educ,1914,1
SLC:DF_LAWS(1.0),dekret,SG,infra,1914,1
SLC:DF_LAWS(1.0),gesetz,OW,autres,1914,1
SLC:DF_LAWS(1.0),gesetz,SG,etat,1914,1
SLC:DF_LAWS(1.0),gesetz,TI,etat,1914,1
SLC:DF_LAWS(1.0),interkantonale_vereinbarung,SG,infra,1914,1
SLC:DF_LAWS(1.0),interkantonale_vereinbarung,SH,infra,1914,1
SLC:DF_LAWS(1.0),interkantonale_vereinbarung,TG,infra,1914,1
SLC:DF_LAWS(1.0),interkantonale_vereinbarung,ZH,infra,1914,1
SLC:DF_LAWS(1.0),verordnung,AR,sante,1914,1
SLC:DF_LAWS(1.0),anderes,_T,_T,1914,4
SLC:DF_LAWS(1.0),dekret,_T,_T,1914,1
SLC:DF_LAWS(1.0),gesetz,_T,_T,1914,3
SLC:DF_LAWS(1.0),interkantonale_vereinbarung,_T,_T,1914,4
SLC:DF_LAWS(1.0),verordnung,_T,_T,1914,1
SLC:DF_LAWS(1.0),_T,AR,_T,1914,1
SLC:DF_LAWS(1.0),_T,NE,_T,1914,1
SLC:DF_LAWS(1.0),_T,OW,_T,1914,1
SLC:DF_LAWS(1.0),_T,SG,_T,1914,3
SLC:DF_LAWS(1.0),_T,SH,_T,1914,2
SLC:DF_LAWS(1.0),_T,SO,_T,1914,1
SLC:DF_LAWS(1.0),_T,TG,_T,1914,1
SLC:DF_LAWS(1.0),_T,TI,_T,1914,1
SLC:DF_LAWS(1.0),_T,ZH,_T,1914,2
SLC:DF_LAWS(1.0),_T,_T,autres,1914,1
SLC:DF_LAWS(1.0),_T,_T,educ,1914,1
SLC:DF_LAWS(1.0),_T,_T,etat,1914,3
SLC:DF_LAWS(1.0),_T,_T,infra,1914,6
SLC:DF_LAWS(1.0),_T,_T,sante,1914,2
SLC:DF_LAWS(1.0),_T,_T,_T,1914,13
SLC:DF_LAWS(1.0),anderes,GL,autres,1915,1
SLC:DF_LAWS(1.0),anderes,SH,infra,1915,1
SLC:DF_LAWS(1.0),anderes,SO,etat,1915,1
SLC:DF_LAWS(1.0),anderes,ZH,educ,1915,1
SLC:DF_LAWS(1.0),dekret,AG,autres,1915,1
SLC:DF_LAWS(1.0),dekret,OW,etat,1915,1
SLC:DF_LAWS(1.0),gesetz,BS,sante,1915,1
SLC:DF_LAWS(1.0),interkantonale_vereinbarung,GL,infra,1915,1
SLC:DF_LAWS(1.0),verordnung,AG,autres,1915,1
SLC:DF_LAWS(1.0),verordnung,AG,fin,1915,1
SLC:DF_LAWS(1.0),verordnung,AG,sante,1915,1
SLC:DF_LAWS(1.0),verordnung,TI,fin,1915,1
SLC:DF_LAWS(1.0),anderes,_T,_T,1915,4
SLC:DF_LAWS(1.0),dekret,_T,_T,1915,2
SLC:DF_LAWS(1.0),gesetz,_T,_T,1915,1
SLC:DF_LAWS(1.0),interkantonale_vereinbarung,_T,_T,1915,1
SLC:DF_LAWS(1.0),verordnung,_T,_T,1915,4
SLC:DF_LAWS(1.0),_T,AG,_T,1915,4
SLC:DF_LAWS(1.0),_T,BS,_T,1915,1
SLC:DF_LAWS(1.0),_T,GL,_T,1915,2
SLC:DF_LAWS(1.0),_T,OW,_T,1915,1
SLC:DF_LAWS(1.0),_T,SH,_T,1915,1
SLC:DF_LAWS(1.0),_T,SO,_T,1915,1
SLC:DF_LAWS(1.0),_T,TI,_T,1915,1
SLC:DF_LAWS(1.0),_T,ZH,_T,1915,1
SLC:DF_LAWS(1.0),_T,_T,autres,1915,3
SLC:DF_LAWS(1.0),_T,_T,educ,1915,1
SLC:DF_LAWS(1.0),_T,_T,etat,1915,2
SLC:DF_LAWS(1.0),_T,_T,fin,1915,2
SLC:DF_LAWS(1.0),_T,_T,infra,1915,2
SLC:DF_LAWS(1.0),_T,_T,sante,1915,2
SLC:DF_LAWS(1.0),_T,_T,_T,1915,12
SLC:DF_LAWS(1.0),dekret,OW,infra,1916,1
SLC:DF_LAWS(1.0),interkantonale_vereinbarung,SZ,infra,1916,1
SLC:DF_LAWS(1.0),verordnung,BL,sante,1916,1
SLC:DF_LAWS(1.0),verordnung,SH,infra,1916,1
SLC:DF_LAWS(1.0),verordnung,ZH,autres,1916,1
SLC:DF_LAWS(1.0),dekret,_T,_T,1916,1
SLC:DF_LAWS(1.0),interkantonale_vereinbarung,_T,_T,1916,1
SLC:DF_LAWS(1.0),verordnung,_T,_T,1916,3
SLC:DF_LAWS(1.0),_T,BL,_T,1916,1
SLC:DF_LAWS(1.0),_T,OW,_T,1916,1
SLC:DF_LAWS(1.0),_T,SH,_T,1916,1
SLC:DF_LAWS(1.0),_T,SZ,_T,1916,1
SLC:DF_LAWS(1.0),_T,ZH,_T,1916,1
SLC:DF_LAWS(1.0),_T,_T,autres,1916,1
SLC:DF_LAWS(1.0),_T,_T,infra,1916,3
SLC:DF_LAWS(1.0),_T,_T,sante,1916,1
SLC:DF_LAWS(1.0),_T,_T,_T,1916,5
SLC:DF_LAWS(1.0),anderes,FR,autres,1917,1
SLC:DF_LAWS(1.0),anderes,FR,infra,1917,1
SLC:DF_LAWS(1.0),dekret,AR,fin,1917,1
SLC:DF_LAWS(1.0),dekret,GR,infra,1917,1
SLC:DF_LAWS(1.0),reglement,BE,educ,1917,1
SLC:DF_LAWS(1.0),verordnung,AG,infra,1917,1
SLC:DF_LAWS(1.0),anderes,_T,_T,1917,2
SLC:DF_LAWS(1.0),dekret,_T,_T,1917,2
SLC:DF_LAWS(1.0),reglement,_T,_T,1917,1
SLC:DF_LAWS(1.0),verordnung,_T,_T,1917,1
SLC:DF_LAWS(1.0),_T,AG,_T,1917,1
SLC:DF_LAWS(1.0),_T,AR,_T,1917,1
SLC:DF_LAWS(1.0),_T,BE,_T,1917,1
SLC:DF_LAWS(1.0),_T,FR,_T,1917,2
SLC:DF_LAWS(1.0),_T,GR,_T,1917,1
SLC:DF_LAWS(1.0),_T,_T,autres,1917,1
SLC:DF_LAWS(1.0),_T,_T,educ,1917,1
SLC:DF_LAWS(1.0),_T,_T,fin,1917,1
SLC:DF_LAWS(1.0),_T,_T,infra,1917,3
SLC:DF_LAWS(1.0),_T,_T,_T,1917,6
SLC:DF_LAWS(1.0),anderes,FR,autres,1918,1
SLC:DF_LAWS(1.0),anderes,GL,infra,1918,1
SLC:DF_LAWS(1.0),anderes,TI,sante,1918,1
SLC:DF_LAWS(1.0),dekret,AI,autres,1918,1
SLC:DF_LAWS(1.0),dekret,AI,sante,1918,1
SLC:DF_LAWS(1.0),dekret,OW,autres,1918,1
SLC:DF_LAWS(1.0),dekret,UR,sante,1918,1
SLC:DF_LAWS(1.0),gesetz,BE,autres,1918,1
SLC:DF_LAWS(1.0),gesetz,BE,sante,1918,1
SLC:DF_LAWS(1.0),gesetz,BS,infra,1918,1
SLC:DF_LAWS(1.0),gesetz,LU,fin,1918,1
SLC:DF_LAWS(1.0),gesetz,SO,etat,1918,1
SLC:DF_LAWS(1.0),interkantonale_vereinbarung,SH,etat,1918,1
SLC:DF_LAWS(1.0),interkantonale_vereinbarung,TG,etat,1918,2
SLC:DF_LAWS(1.0),reglement,GE,sante,1918,1
SLC:DF_LAWS(1.0),verordnung,AG,eco,1918,1
SLC:DF_LAWS(1.0),verordnung,AG,fin,1918,1
SLC:DF_LAWS(1.0),verordnung,BS,etat,1918,1
SLC:DF_LAWS(1.0),verordnung,BS,infra,1918,1
SLC:DF_LAWS(1.0),verordnung,GR,autres,1918,1
SLC:DF_LAWS(1.0),verordnung,TG,sante,1918,2
SLC:DF_LAWS(1.0),anderes,_T,_T,1918,3
SLC:DF_LAWS(1.0),dekret,_T,_T,1918,4
SLC:DF_LAWS(1.0),gesetz,_T,_T,1918,5
SLC:DF_LAWS(1.0),interkantonale_vereinbarung,_T,_T,1918,3
SLC:DF_LAWS(1.0),reglement,_T,_T,1918,1
SLC:DF_LAWS(1.0),verordnung,_T,_T,1918,7
SLC:DF_LAWS(1.0),_T,AG,_T,1918,2
SLC:DF_LAWS(1.0),_T,AI,_T,1918,2
SLC:DF_LAWS(1.0),_T,BE,_T,1918,2
SLC:DF_LAWS(1.0),_T,BS,_T,1918,3
SLC:DF_LAWS(1.0),_T,FR,_T,1918,1
SLC:DF_LAWS(1.0),_T,GE,_T,1918,1
SLC:DF_LAWS(1.0),_T,GL,_T,1918,1
SLC:DF_LAWS(1.0),_T,GR,_T,1918,1
SLC:DF_LAWS(1.0),_T,LU,_T,1918,1
SLC:DF_LAWS(1.0),_T,OW,_T,1918,1
SLC:DF_LAWS(1.0),_T,SH,_T,1918,1
SLC:DF_LAWS(1.0),_T,SO,_T,1918,1
SLC:DF_LAWS(1.0),_T,TG,_T,1918,4
SLC:DF_LAWS(1.0),_T,TI,_T,1918,1
SLC:DF_LAWS(1.0),_T,UR,_T,1918,1
SLC:DF_LAWS(1.0),_T,_T,autres,1918,5
SLC:DF_LAWS(1.0),_T,_T,eco,1918,1
SLC:DF_LAWS(1.0),_T,_T,etat,1918,5
SLC:DF_LAWS(1.0),_T,_T,fin,1918,2
SLC:DF_LAWS(1.0),_T,_T,infra,1918,3
SLC:DF_LAWS(1.0),_T,_T,sante,1918,7
SLC:DF_LAWS(1.0),_T,_T,_T,1918,23
SLC:DF_LAWS(1.0),anderes,BS,infra,1919,1
SLC:DF_LAWS(1.0),anderes,NE,educ,1919,1
SLC:DF_LAWS(1.0),dekret,BL,fin,1919,1
SLC:DF_LAWS(1.0),gesetz,AG,educ,1919,1
SLC:DF_LAWS(1.0),gesetz,GE,etat,1919,1
SLC:DF_LAWS(1.0),gesetz,LU,fin,1919,1
SLC:DF_LAWS(1.0),gesetz,SG,fin,1919,1
SLC:DF_LAWS(1.0),gesetz,ZH,autres,1919,1
SLC:DF_LAWS(1.0),gesetz,ZH,educ,1919,1
SLC:DF_LAWS(1.0),interkantonale_vereinbarung,BS,infra,1919,1
SLC:DF_LAWS(1.0),interkantonale_vereinbarung,ZG,infra,1919,1
SLC:DF_LAWS(1.0),interkantonale_vereinbarung,ZH,infra,1919,1
SLC:DF_LAWS(1.0),verordnung,AG,etat,1919,1
SLC:DF_LAWS(1.0),verordnung,AG,fin,1919,1
SLC:DF_LAWS(1.0),verordnung,VS,autres,1919,1
SLC:DF_LAWS(1.0),anderes,_T,_T,1919,2
SLC:DF_LAWS(1.0),dekret,_T,_T,1919,1
SLC:DF_LAWS(1.0),gesetz,_T,_T,1919,6
SLC:DF_LAWS(1.0),interkantonale_vereinbarung,_T,_T,1919,3
SLC:DF_LAWS(1.0),verordnung,_T,_T,1919,3
SLC:DF_LAWS(1.0),_T,AG,_T,1919,3
SLC:DF_LAWS(1.0),_T,BL,_T,1919,1
SLC:DF_LAWS(1.0),_T,BS,_T,1919,2
SLC:DF_LAWS(1.0),_T,GE,_T,1919,1
SLC:DF_LAWS(1.0),_T,LU,_T,1919,1
SLC:DF_LAWS(1.0),_T,NE,_T,1919,1
SLC:DF_LAWS(1.0),_T,SG,_T,1919,1
SLC:DF_LAWS(1.0),_T,VS,_T,1919,1
SLC:DF_LAWS(1.0),_T,ZG,_T,1919,1
SLC:DF_LAWS(1.0),_T,ZH,_T,1919,3
SLC:DF_LAWS(1.0),_T,_T,autres,1919,2
SLC:DF_LAWS(1.0),_T,_T,educ,1919,3
SLC:DF_LAWS(1.0),_T,_T,etat,1919,2
SLC:DF_LAWS(1.0),_T,_T,fin,1919,4
SLC:DF_LAWS(1.0),_T,_T,infra,1919,4
SLC:DF_LAWS(1.0),_T,_T,_T,1919,15
SLC:DF_LAWS(1.0),anderes,BL,autres,1920,1
SLC:DF_LAWS(1.0),anderes,FR,etat,1920,1
SLC:DF_LAWS(1.0),anderes,NE,educ,1920,1
SLC:DF_LAWS(1.0),anderes,NE,fin,1920,1
SLC:DF_LAWS(1.0),anderes,SO,etat,1920,1
SLC:DF_LAWS(1.0),anderes,ZH,autres,1920,1
SLC:DF_LAWS(1.0),dekret,AI,etat,1920,1
SLC:DF_LAWS(1.0),dekret,BL,sante,1920,1
SLC:DF_LAWS(1.0),dekret,VD,etat,1920,1
SLC:DF_LAWS(1.0),gesetz,AR,sante,1920,1
SLC:DF_LAWS(1.0),gesetz,VD,infra,1920,1
SLC:DF_LAWS(1.0),verordnung,AR,autres,1920,1
SLC:DF_LAWS(1.0),verordnung,LU,etat,1920,1
SLC:DF_LAWS(1.0),verordnung,NE,etat,1920,2
SLC:DF_LAWS(1.0),verordnung,NE,infra,1920,1
SLC:DF_LAWS(1.0),verordnung,VS,autres,1920,1
SLC:DF_LAWS(1.0),anderes,_T,_T,1920,6
SLC:DF_LAWS(1.0),dekret,_T,_T,1920,3
SLC:DF_LAWS(1.0),gesetz,_T,_T,1920,2
SLC:DF_LAWS(1.0),verordnung,_T,_T,1920,6
SLC:DF_LAWS(1.0),_T,AI,_T,1920,1
SLC:DF_LAWS(1.0),_T,AR,_T,1920,2
SLC:DF_LAWS(1.0),_T,BL,_T,1920,2
SLC:DF_LAWS(1.0),_T,FR,_T,1920,1
SLC:DF_LAWS(1.0),_T,LU,_T,1920,1
SLC:DF_LAWS(1.0),_T,NE,_T,1920,5
SLC:DF_LAWS(1.0),_T,SO,_T,1920,1
SLC:DF_LAWS(1.0),_T,VD,_T,1920,2
SLC:DF_LAWS(1.0),_T,VS,_T,1920,1
SLC:DF_LAWS(1.0),_T,ZH,_T,1920,1
SLC:DF_LAWS(1.0),_T,_T,autres,1920,4
SLC:DF_LAWS(1.0),_T,_T,educ,1920,1
SLC:DF_LAWS(1.0),_T,_T,etat,1920,7
SLC:DF_LAWS(1.0),_T,_T,fin,1920,1
SLC:DF_LAWS(1.0),_T,_T,infra,1920,2
SLC:DF_LAWS(1.0),_T,_T,sante,1920,2
SLC:DF_LAWS(1.0),_T,_T,_T,1920,17
SLC:DF_LAWS(1.0),anderes,AG,autres,1921,1
SLC:DF_LAWS(1.0),anderes,BS,eco,1921,1
SLC:DF_LAWS(1.0),anderes,SO,eco,1921,1
SLC:DF_LAWS(1.0),anderes,SO,etat,1921,1
SLC:DF_LAWS(1.0),anderes,ZH,autres,1921,1
SLC:DF_LAWS(1.0),dekret,AI,etat,1921,2
SLC:DF_LAWS(1.0),dekret,BL,fin,1921,1
SLC:DF_LAWS(1.0),dekret,TI,infra,1921,1
SLC:DF_LAWS(1.0),dekret,ZG,fin,1921,1
SLC:DF_LAWS(1.0),gesetz,FR,eco,1921,1
SLC:DF_LAWS(1.0),anderes,_T,_T,1921,5
SLC:DF_LAWS(1.0),dekret,_T,_T,1921,5
SLC:DF_LAWS(1.0),gesetz,_T,_T,1921,1
SLC:DF_LAWS(1.0),_T,AG,_T,1921,1
SLC:DF_LAWS(1.0),_T,AI,_T,1921,2
SLC:DF_LAWS(1.0),_T,BL,_T,1921,1
SLC:DF_LAWS(1.0),_T,BS,_T,1921,1
SLC:DF_LAWS(1.0),_T,FR,_T,1921,1
SLC:DF_LAWS(1.0),_T,SO,_T,1921,2
SLC:DF_LAWS(1.0),_T,TI,_T,1921,1
SLC:DF_LAWS(1.0),_T,ZG,_T,1921,1
SLC:DF_LAWS(1.0),_T,ZH,_T,1921,1
SLC:DF_LAWS(1.0),_T,_T,autres,1921,2
SLC:DF_LAWS(1.0),_T,_T,eco,1921,3
SLC:DF_LAWS(1.0),_T,_T,etat,1921,3
SLC:DF_LAWS(1.0),_T,_T,fin,1921,2
SLC:DF_LAWS(1.0),_T,_T,infra,1921,1
SLC:DF_LAWS(1.0),_T,_T,_T,1921,11
SLC:DF_LAWS(1.0),anderes,BS,infra,1922,2
SLC:DF_LAWS(1.0),anderes,VS,educ,1922,2
SLC:DF_LAWS(1.0),anderes,ZH,etat,1922,1
SLC:DF_LAWS(1.0),dekret,FR,autres,1922,1
SLC:DF_LAWS(1.0),gesetz,GL,eco,1922,1
SLC:DF_LAWS(1.0),gesetz,SH,eco,1922,1
SLC:DF_LAWS(1.0),gesetz,VD,etat,1922,1
SLC:DF_LAWS(1.0),gesetz,ZH,eco,1922,1
SLC:DF_LAWS(1.0),interkantonale_vereinbarung,AG,fin,1922,2
SLC:DF_LAWS(1.0),interkantonale_vereinbarung,LU,infra,1922,1
SLC:DF_LAWS(1.0),interkantonale_vereinbarung,ZH,etat,1922,2
SLC:DF_LAWS(1.0),staatsvertrag,BS,infra,1922,1
SLC:DF_LAWS(1.0),verordnung,GL,etat,1922,1
SLC:DF_LAWS(1.0),anderes,_T,_T,1922,5
SLC:DF_LAWS(1.0),dekret,_T,_T,1922,1
SLC:DF_LAWS(1.0),gesetz,_T,_T,1922,4
SLC:DF_LAWS(1.0),interkantonale_vereinbarung,_T,_T,1922,5
SLC:DF_LAWS(1.0),staatsvertrag,_T,_T,1922,1
SLC:DF_LAWS(1.0),verordnung,_T,_T,1922,1
SLC:DF_LAWS(1.0),_T,AG,_T,1922,2
SLC:DF_LAWS(1.0),_T,BS,_T,1922,3
SLC:DF_LAWS(1.0),_T,FR,_T,1922,1
SLC:DF_LAWS(1.0),_T,GL,_T,1922,2
SLC:DF_LAWS(1.0),_T,LU,_T,1922,1
SLC:DF_LAWS(1.0),_T,SH,_T,1922,1
SLC:DF_LAWS(1.0),_T,VD,_T,1922,1
SLC:DF_LAWS(1.0),_T,VS,_T,1922,2
SLC:DF_LAWS(1.0),_T,ZH,_T,1922,4
SLC:DF_LAWS(1.0),_T,_T,autres,1922,1
SLC:DF_LAWS(1.0),_T,_T,eco,1922,3
SLC:DF_LAWS(1.0),_T,_T,educ,1922,2
SLC:DF_LAWS(1.0),_T,_T,etat,1922,5
SLC:DF_LAWS(1.0),_T,_T,fin,1922,2
SLC:DF_LAWS(1.0),_T,_T,infra,1922,4
SLC:DF_LAWS(1.0),_T,_T,_T,1922,17
SLC:DF_LAWS(1.0),anderes,BE,sante,1923,1
SLC:DF_LAWS(1.0),anderes,GL,etat,1923,1
SLC:DF_LAWS(1.0),anderes,NE,eco,1923,1
SLC:DF_LAWS(1.0),anderes,SO,infra,1923,1
SLC:DF_LAWS(1.0),anderes,VS,autres,1923,1
SLC:DF_LAWS(1.0),dekret,VD,sante,1923,1
SLC:DF_LAWS(1.0),gesetz,BS,autres,1923,1
SLC:DF_LAWS(1.0),gesetz,BS,eco,1923,1
SLC:DF_LAWS(1.0),gesetz,GE,eco,1923,1
SLC:DF_LAWS(1.0),gesetz,GL,autres,1923,1
SLC:DF_LAWS(1.0),gesetz,NE,eco,1923,1
SLC:DF_LAWS(1.0),gesetz,SG,etat,1923,1
SLC:DF_LAWS(1.0),gesetz,SG,sante,1923,1
SLC:DF_LAWS(1.0),gesetz,VD,eco,1923,1
SLC:DF_LAWS(1.0),gesetz,VD,infra,1923,1
SLC:DF_LAWS(1.0),interkantonale_vereinbarung,GR,eco,1923,1
SLC:DF_LAWS(1.0),reglement,NE,eco,1923,1
SLC:DF_LAWS(1.0),verordnung,BE,infra,1923,1
SLC:DF_LAWS(1.0),verordnung,BS,eco,1923,1
SLC:DF_LAWS(1.0),verordnung,JU,eco,1923,1
SLC:DF_LAWS(1.0),verordnung,JU,infra,1923,1
SLC:DF_LAWS(1.0),verordnung,LU,infra,1923,1
SLC:DF_LAWS(1.0),verordnung,LU,sante,1923,1
SLC:DF_LAWS(1.0),verordnung,TI,educ,1923,1
SLC:DF_LAWS(1.0),anderes,_T,_T,1923,5
SLC:DF_LAWS(1.0),dekret,_T,_T,1923,1
SLC:DF_LAWS(1.0),gesetz,_T,_T,1923,9
SLC:DF_LAWS(1.0),interkantonale_vereinbarung,_T,_T,1923,1
SLC:DF_LAWS(1.0),reglement,_T,_T,1923,1
SLC:DF_LAWS(1.0),verordnung,_T,_T,1923,7
SLC:DF_LAWS(1.0),_T,BE,_T,1923,2
SLC:DF_LAWS(1.0),_T,BS,_T,1923,3
SLC:DF_LAWS(1.0),_T,GE,_T,1923,1
SLC:DF_LAWS(1.0),_T,GL,_T,1923,2
SLC:DF_LAWS(1.0),_T,GR,_T,1923,1
SLC:DF_LAWS(1.0),_T,JU,_T,1923,2
SLC:DF_LAWS(1.0),_T,LU,_T,1923,2
SLC:DF_LAWS(1.0),_T,NE,_T,1923,3
SLC:DF_LAWS(1.0),_T,SG,_T,1923,2
SLC:DF_LAWS(1.0),_T,SO,_T,1923,1
SLC:DF_LAWS(1.0),_T,TI,_T,1923,1
SLC:DF_LAWS(1.0),_T,VD,_T,1923,3
SLC:DF_LAWS(1.0),_T,VS,_T,1923,1
SLC:DF_LAWS(1.0),_T,_T,autres,1923,3
SLC:DF_LAWS(1.0),_T,_T,eco,1923,9
SLC:DF_LAWS(1.0),_T,_T,educ,1923,1
SLC:DF_LAWS(1.0),_T,_T,etat,1923,2
SLC:DF_LAWS(1.0),_T,_T,infra,1923,5
SLC:DF_LAWS(1.0),_T,_T,sante,1923,4
SLC:DF_LAWS(1.0),_T,_T,_T,1923,24
SLC:DF_LAWS(1.0),anderes,BE,etat,1924,1
SLC:DF_LAWS(1.0),anderes,FR,etat,1924,1
SLC:DF_LAWS(1.0),anderes,FR,fin,1924,1
SLC:DF_LAWS(1.0),anderes,NE,etat,1924,1
SLC:DF_LAWS(1.0),anderes,SO,autres,1924,1
SLC:DF_LAWS(1.0),anderes,SO,educ,1924,1
SLC:DF_LAWS(1.0),anderes,VS,infra,1924,1
SLC:DF_LAWS(1.0),dekret,AG,etat,1924,1
SLC:DF_LAWS(1.0),dekret,AI,etat,1924,1
SLC:DF_LAWS(1.0),dekret,VD,sante,1924,1
SLC:DF_LAWS(1.0),gesetz,AR,eco,1924,1
SLC:DF_LAWS(1.0),gesetz,BS,etat,1924,1
SLC:DF_LAWS(1.0),gesetz,FR,etat,1924,1
SLC:DF_LAWS(1.0),gesetz,VS,eco,1924,1
SLC:DF_LAWS(1.0),gesetz,VS,infra,1924,1
SLC:DF_LAWS(1.0),interkantonale_vereinbarung,AR,sante,1924,1
SLC:DF_LAWS(1.0),reglement,TI,etat,1924,1
SLC:DF_LAWS(1.0),reglement,VD,sante,1924,1
SLC:DF_LAWS(1.0),verordnung,BS,etat,1924,1
SLC:DF_LAWS(1.0),anderes,_T,_T,1924,7
SLC:DF_LAWS(1.0),dekret,_T,_T,1924,3
SLC:DF_LAWS(1.0),gesetz,_T,_T,1924,5
SLC:DF_LAWS(1.0),interkantonale_vereinbarung,_T,_T,1924,1
SLC:DF_LAWS(1.0),reglement,_T,_T,1924,2
SLC:DF_LAWS(1.0),verordnung,_T,_T,1924,1
SLC:DF_LAWS(1.0),_T,AG,_T,1924,1
SLC:DF_LAWS(1.0),_T,AI,_T,1924,1
SLC:DF_LAWS(1.0),_T,AR,_T,1924,2
SLC:DF_LAWS(1.0),_T,BE,_T,1924,1
SLC:DF_LAWS(1.0),_T,BS,_T,1924,2
SLC:DF_LAWS(1.0),_T,FR,_T,1924,3
SLC:DF_LAWS(1.0),_T,NE,_T,1924,1
SLC:DF_LAWS(1.0),_T,SO,_T,1924,2
SLC:DF_LAWS(1.0),_T,TI,_T,1924,1
SLC:DF_LAWS(1.0),_T,VD,_T,1924,2
SLC:DF_LAWS(1.0),_T,VS,_T,1924,3
SLC:DF_LAWS(1.0),_T,_T,autres,1924,1
SLC:DF_LAWS(1.0),_T,_T,eco,1924,2
SLC:DF_LAWS(1.0),_T,_T,educ,1924,1
SLC:DF_LAWS(1.0),_T,_T,etat,1924,9
SLC:DF_LAWS(1.0),_T,_T,fin,1924,1
SLC:DF_LAWS(1.0),_T,_T,infra,1924,2
SLC:DF_LAWS(1.0),_T,_T,sante,1924,3
SLC:DF_LAWS(1.0),_T,_T,_T,1924,19
SLC:DF_LAWS(1.0),anderes,AI,sante,1925,2
SLC:DF_LAWS(1.0),anderes,AR,sante,1925,1
SLC:DF_LAWS(1.0),anderes,BS,educ,1925,1
SLC:DF_LAWS(1.0),anderes,BS,infra,1925,1
SLC:DF_LAWS(1.0),anderes,BS,sante,1925,1
SLC:DF_LAWS(1.0),anderes,NE,sante,1925,1
SLC:DF_LAWS(1.0),anderes,VD,eco,1925,1
SLC:DF_LAWS(1.0),anderes,VD,etat,1925,1
SLC:DF_LAWS(1.0),anderes,VD,fin,1925,1
SLC:DF_LAWS(1.0),dekret,AI,autres,1925,1
SLC:DF_LAWS(1.0),dekret,AI,fin,1925,1
SLC:DF_LAWS(1.0),gemeindeerlass,BS,etat,1925,1
SLC:DF_LAWS(1.0),gemeindeerlass,BS,sante,1925,1
SLC:DF_LAWS(1.0),gesetz,SO,infra,1925,1
SLC:DF_LAWS(1.0),gesetz,ZH,etat,1925,1
SLC:DF_LAWS(1.0),reglement,GE,etat,1925,1
SLC:DF_LAWS(1.0),reglement,GE,sante,1925,1
SLC:DF_LAWS(1.0),reglement,NE,sante,1925,1
SLC:DF_LAWS(1.0),verordnung,AG,sante,1925,1
SLC:DF_LAWS(1.0),verordnung,AI,sante,1925,1
SLC:DF_LAWS(1.0),verordnung,AR,sante,1925,1
SLC:DF_LAWS(1.0),verordnung,BL,sante,1925,2
SLC:DF_LAWS(1.0),verordnung,GR,sante,1925,1
SLC:DF_LAWS(1.0),verordnung,LU,sante,1925,1
SLC:DF_LAWS(1.0),verordnung,SO,infra,1925,1
SLC:DF_LAWS(1.0),verordnung,UR,sante,1925,1
SLC:DF_LAWS(1.0),verordnung,ZG,sante,1925,1
SLC:DF_LAWS(1.0),anderes,_T,_T,1925,10
SLC:DF_LAWS(1.0),dekret,_T,_T,1925,2
SLC:DF_LAWS(1.0),gemeindeerlass,_T,_T,1925,2
SLC:DF_LAWS(1.0),gesetz,_T,_T,1925,2
SLC:DF_LAWS(1.0),reglement,_T,_T,1925,3
SLC:DF_LAWS(1.0),verordnung,_T,_T,1925,10
SLC:DF_LAWS(1.0),_T,AG,_T,1925,1
SLC:DF_LAWS(1.0),_T,AI,_T,1925,5
SLC:DF_LAWS(1.0),_T,AR,_T,1925,2
SLC:DF_LAWS(1.0),_T,BL,_T,1925,2
SLC:DF_LAWS(1.0),_T,BS,_T,1925,5
SLC:DF_LAWS(1.0),_T,GE,_T,1925,2
SLC:DF_LAWS(1.0),_T,GR,_T,1925,1
SLC:DF_LAWS(1.0),_T,LU,_T,1925,1
SLC:DF_LAWS(1.0),_T,NE,_T,1925,2
SLC:DF_LAWS(1.0),_T,SO,_T,1925,2
SLC:DF_LAWS(1.0),_T,UR,_T,1925,1
SLC:DF_LAWS(1.0),_T,VD,_T,1925,3
SLC:DF_LAWS(1.0),_T,ZG,_T,1925,1
SLC:DF_LAWS(1.0),_T,ZH,_T,1925,1
SLC:DF_LAWS(1.0),_T,_T,autres,1925,1
SLC:DF_LAWS(1.0),_T,_T,eco,1925,1
SLC:DF_LAWS(1.0),_T,_T,educ,1925,1
SLC:DF_LAWS(1.0),_T,_T,etat,1925,4
SLC:DF_LAWS(1.0),_T,_T,fin,1925,2
SLC:DF_LAWS(1.0),_T,_T,infra,1925,3
SLC:DF_LAWS(1.0),_T,_T,sante,1925,17
SLC:DF_LAWS(1.0),_T,_T,_T,1925,29
SLC:DF_LAWS(1.0),anderes,FR,sante,1926,1
SLC:DF_LAWS(1.0),anderes,SO,etat,1926,2
SLC:DF_LAWS(1.0),dekret,NW,autres,1926,1
SLC:DF_LAWS(1.0),dekret,SZ,sante,1926,1
SLC:DF_LAWS(1.0),gesetz,LU,sante,1926,1
SLC:DF_LAWS(1.0),gesetz,NE,etat,1926,1
SLC:DF_LAWS(1.0),gesetz,SO,etat,1926,1
SLC:DF_LAWS(1.0),gesetz,VD,infra,1926,1
SLC:DF_LAWS(1.0),gesetz,VS,eco,1926,1
SLC:DF_LAWS(1.0),gesetz,ZH,etat,1926,2
SLC:DF_LAWS(1.0),interkantonale_vereinbarung,SO,fin,1926,1
SLC:DF_LAWS(1.0),interkantonale_vereinbarung,TG,etat,1926,2
SLC:DF_LAWS(1.0),interkantonale_vereinbarung,TG,fin,1926,1
SLC:DF_LAWS(1.0),interkantonale_vereinbarung,ZH,autres,1926,1
SLC:DF_LAWS(1.0),interkantonale_vereinbarung,ZH,etat,1926,1
SLC:DF_LAWS(1.0),interkantonale_vereinbarung,ZH,fin,1926,4
SLC:DF_LAWS(1.0),reglement,VD,infra,1926,1
SLC:DF_LAWS(1.0),staatsvertrag,BS,infra,1926,1
SLC:DF_LAWS(1.0),staatsvertrag,SO,infra,1926,1
SLC:DF_LAWS(1.0),verordnung,GL,eco,1926,1
SLC:DF_LAWS(1.0),verordnung,SH,sante,1926,1
SLC:DF_LAWS(1.0),verordnung,TI,infra,1926,1
SLC:DF_LAWS(1.0),anderes,_T,_T,1926,3
SLC:DF_LAWS(1.0),dekret,_T,_T,1926,2
SLC:DF_LAWS(1.0),gesetz,_T,_T,1926,7
SLC:DF_LAWS(1.0),interkantonale_vereinbarung,_T,_T,1926,10
SLC:DF_LAWS(1.0),reglement,_T,_T,1926,1
SLC:DF_LAWS(1.0),staatsvertrag,_T,_T,1926,2
SLC:DF_LAWS(1.0),verordnung,_T,_T,1926,3
SLC:DF_LAWS(1.0),_T,BS,_T,1926,1
SLC:DF_LAWS(1.0),_T,FR,_T,1926,1
SLC:DF_LAWS(1.0),_T,GL,_T,1926,1
SLC:DF_LAWS(1.0),_T,LU,_T,1926,1
SLC:DF_LAWS(1.0),_T,NE,_T,1926,1
SLC:DF_LAWS(1.0),_T,NW,_T,1926,1
SLC:DF_LAWS(1.0),_T,SH,_T,1926,1
SLC:DF_LAWS(1.0),_T,SO,_T,1926,5
SLC:DF_LAWS(1.0),_T,SZ,_T,1926,1
SLC:DF_LAWS(1.0),_T,TG,_T,1926,3
SLC:DF_LAWS(1.0),_T,TI,_T,1926,1
SLC:DF_LAWS(1.0),_T,VD,_T,1926,2
SLC:DF_LAWS(1.0),_T,VS,_T,1926,1
SLC:DF_LAWS(1.0),_T,ZH,_T,1926,8
SLC:DF_LAWS(1.0),_T,_T,autres,1926,2
SLC:DF_LAWS(1.0),_T,_T,eco,1926,2
SLC:DF_LAWS(1.0),_T,_T,etat,1926,9
SLC:DF_LAWS(1.0),_T,_T,fin,1926,6
SLC:DF_LAWS(1.0),_T,_T,infra,1926,5
SLC:DF_LAWS(1.0),_T,_T,sante,1926,4
SLC:DF_LAWS(1.0),_T,_T,_T,1926,28
SLC:DF_LAWS(1.0),anderes,BS,etat,1927,1
SLC:DF_LAWS(1.0),anderes,SH,autres,1927,1
SLC:DF_LAWS(1.0),dekret,GL,educ,1927,1
SLC:DF_LAWS(1.0),dekret,GR,sante,1927,1
SLC:DF_LAWS(1.0),dekret,OW,sante,1927,1
SLC:DF_LAWS(1.0),dekret,UR,autres,1927,1
SLC:DF_LAWS(1.0),gesetz,BS,etat,1927,1
SLC:DF_LAWS(1.0),gesetz,GE,educ,1927,1
SLC:DF_LAWS(1.0),gesetz,GE,etat,1927,1
SLC:DF_LAWS(1.0),gesetz,SG,etat,1927,1
SLC:DF_LAWS(1.0),gesetz,SZ,infra,1927,1
SLC:DF_LAWS(1.0),interkantonale_vereinbarung,SZ,infra,1927,1
SLC:DF_LAWS(1.0),reglement,NE,etat,1927,1
SLC:DF_LAWS(1.0),verordnung,GL,etat,1927,1
SLC:DF_LAWS(1.0),verordnung,ZH,etat,1927,1
SLC:DF_LAWS(1.0),verordnung,ZH,sante,1927,1
SLC:DF_LAWS(1.0),anderes,_T,_T,1927,2
SLC:DF_LAWS(1.0),dekret,_T,_T,1927,4
SLC:DF_LAWS(1.0),gesetz,_T,_T,1927,5
SLC:DF_LAWS(1.0),interkantonale_vereinbarung,_T,_T,1927,1
SLC:DF_LAWS(1.0),reglement,_T,_T,1927,1
SLC:DF_LAWS(1.0),verordnung,_T,_T,1927,3
SLC:DF_LAWS(1.0),_T,BS,_T,1927,2
SLC:DF_LAWS(1.0),_T,GE,_T,1927,2
SLC:DF_LAWS(1.0),_T,GL,_T,1927,2
SLC:DF_LAWS(1.0),_T,GR,_T,1927,1
SLC:DF_LAWS(1.0),_T,NE,_T,1927,1
SLC:DF_LAWS(1.0),_T,OW,_T,1927,1
SLC:DF_LAWS(1.0),_T,SG,_T,1927,1
SLC:DF_LAWS(1.0),_T,SH,_T,1927,1
SLC:DF_LAWS(1.0),_T,SZ,_T,1927,2
SLC:DF_LAWS(1.0),_T,UR,_T,1927,1
SLC:DF_LAWS(1.0),_T,ZH,_T,1927,2
SLC:DF_LAWS(1.0),_T,_T,autres,1927,2
SLC:DF_LAWS(1.0),_T,_T,educ,1927,2
SLC:DF_LAWS(1.0),_T,_T,etat,1927,7
SLC:DF_LAWS(1.0),_T,_T,infra,1927,2
SLC:DF_LAWS(1.0),_T,_T,sante,1927,3
SLC:DF_LAWS(1.0),_T,_T,_T,1927,16
SLC:DF_LAWS(1.0),anderes,BS,eco,1928,1
SLC:DF_LAWS(1.0),anderes,FR,fin,1928,1
SLC:DF_LAWS(1.0),anderes,GL,infra,1928,3
SLC:DF_LAWS(1.0),dekret,AG,etat,1928,1
SLC:DF_LAWS(1.0),dekret,OW,eco,1928,1
SLC:DF_LAWS(1.0),gesetz,BS,etat,1928,1
SLC:DF_LAWS(1.0),gesetz,TI,etat,1928,1
SLC:DF_LAWS(1.0),gesetz,TI,infra,1928,1
SLC:DF_LAWS(1.0),interkantonale_vereinbarung,AG,fin,1928,1
SLC:DF_LAWS(1.0),interkantonale_vereinbarung,FR,fin,1928,1
SLC:DF_LAWS(1.0),interkantonale_vereinbarung,SH,fin,1928,1
SLC:DF_LAWS(1.0),interkantonale_vereinbarung,ZH,fin,1928,1
SLC:DF_LAWS(1.0),reglement,GE,etat,1928,1
SLC:DF_LAWS(1.0),reglement,GE,fin,1928,1
SLC:DF_LAWS(1.0),staatsvertrag,SO,fin,1928,1
SLC:DF_LAWS(1.0),staatsvertrag,ZG,fin,1928,1
SLC:DF_LAWS(1.0),verordnung,TI,etat,1928,1
SLC:DF_LAWS(1.0),anderes,_T,_T,1928,5
SLC:DF_LAWS(1.0),dekret,_T,_T,1928,2
SLC:DF_LAWS(1.0),gesetz,_T,_T,1928,3
SLC:DF_LAWS(1.0),interkantonale_vereinbarung,_T,_T,1928,4
SLC:DF_LAWS(1.0),reglement,_T,_T,1928,2
SLC:DF_LAWS(1.0),staatsvertrag,_T,_T,1928,2
SLC:DF_LAWS(1.0),verordnung,_T,_T,1928,1
SLC:DF_LAWS(1.0),_T,AG,_T,1928,2
SLC:DF_LAWS(1.0),_T,BS,_T,1928,2
SLC:DF_LAWS(1.0),_T,FR,_T,1928,2
SLC:DF_LAWS(1.0),_T,GE,_T,1928,2
SLC:DF_LAWS(1.0),_T,GL,_T,1928,3
SLC:DF_LAWS(1.0),_T,OW,_T,1928,1
SLC:DF_LAWS(1.0),_T,SH,_T,1928,1
SLC:DF_LAWS(1.0),_T,SO,_T,1928,1
SLC:DF_LAWS(1.0),_T,TI,_T,1928,3
SLC:DF_LAWS(1.0),_T,ZG,_T,1928,1
SLC:DF_LAWS(1.0),_T,ZH,_T,1928,1
SLC:DF_LAWS(1.0),_T,_T,eco,1928,2
SLC:DF_LAWS(1.0),_T,_T,etat,1928,5
SLC:DF_LAWS(1.0),_T,_T,fin,1928,8
SLC:DF_LAWS(1.0),_T,_T,infra,1928,4
SLC:DF_LAWS(1.0),_T,_T,_T,1928,19
SLC:DF_LAWS(1.0),anderes,FR,eco,1929,1
SLC:DF_LAWS(1.0),anderes,SO,autres,1929,1
SLC:DF_LAWS(1.0),anderes,SO,educ,1929,2
SLC:DF_LAWS(1.0),anderes,TI,etat,1929,1
SLC:DF_LAWS(1.0),anderes,VD,sante,1929,2
SLC:DF_LAWS(1.0),anderes,ZG,infra,1929,1
SLC:DF_LAWS(1.0),anderes,ZH,infra,1929,1
SLC:DF_LAWS(1.0),dekret,SG,infra,1929,1
SLC:DF_LAWS(1.0),dekret,SH,etat,1929,1
SLC:DF_LAWS(1.0),dekret,SZ,infra,1929,1
SLC:DF_LAWS(1.0),gesetz,BS,autres,1929,1
SLC:DF_LAWS(1.0),gesetz,BS,educ,1929,1
SLC:DF_LAWS(1.0),gesetz,GE,fin,1929,1
SLC:DF_LAWS(1.0),gesetz,GE,infra,1929,1
SLC:DF_LAWS(1.0),gesetz,SZ,fin,1929,1
SLC:DF_LAWS(1.0),gesetz,ZH,infra,1929,1
SLC:DF_LAWS(1.0),interkantonale_vereinbarung,SZ,infra,1929,2
SLC:DF_LAWS(1.0),interkantonale_vereinbarung,ZH,educ,1929,1
SLC:DF_LAWS(1.0),interkantonale_vereinbarung,ZH,fin,1929,1
SLC:DF_LAWS(1.0),interkantonale_vereinbarung,ZH,infra,1929,1
SLC:DF_LAWS(1.0),reglement,GE,etat,1929,2
SLC:DF_LAWS(1.0),verordnung,BS,autres,1929,1
SLC:DF_LAWS(1.0),verordnung,BS,eco,1929,1
SLC:DF_LAWS(1.0),verordnung,BS,sante,1929,1
SLC:DF_LAWS(1.0),verordnung,VS,autres,1929,1
SLC:DF_LAWS(1.0),anderes,_T,_T,1929,9
SLC:DF_LAWS(1.0),dekret,_T,_T,1929,3
SLC:DF_LAWS(1.0),gesetz,_T,_T,1929,6
SLC:DF_LAWS(1.0),interkantonale_vereinbarung,_T,_T,1929,5
SLC:DF_LAWS(1.0),reglement,_T,_T,1929,2
SLC:DF_LAWS(1.0),verordnung,_T,_T,1929,4
SLC:DF_LAWS(1.0),_T,BS,_T,1929,5
SLC:DF_LAWS(1.0),_T,FR,_T,1929,1
SLC:DF_LAWS(1.0),_T,GE,_T,1929,4
SLC:DF_LAWS(1.0),_T,SG,_T,1929,1
SLC:DF_LAWS(1.0),_T,SH,_T,1929,1
SLC:DF_LAWS(1.0),_T,SO,_T,1929,3
SLC:DF_LAWS(1.0),_T,SZ,_T,1929,4
SLC:DF_LAWS(1.0),_T,TI,_T,1929,1
SLC:DF_LAWS(1.0),_T,VD,_T,1929,2
SLC:DF_LAWS(1.0),_T,VS,_T,1929,1
SLC:DF_LAWS(1.0),_T,ZG,_T,1929,1
SLC:DF_LAWS(1.0),_T,ZH,_T,1929,5
SLC:DF_LAWS(1.0),_T,_T,autres,1929,4
SLC:DF_LAWS(1.0),_T,_T,eco,1929,2
SLC:DF_LAWS(1.0),_T,_T,educ,1929,4
SLC:DF_LAWS(1.0),_T,_T,etat,1929,4
SLC:DF_LAWS(1.0),_T,_T,fin,1929,3
SLC:DF_LAWS(1.0),_T,_T,infra,1929,9
SLC:DF_LAWS(1.0),_T,_T,sante,1929,3
SLC:DF_LAWS(1.0),_T,_T,_T,1929,29
SLC:DF_LAWS(1.0),anderes,BS,infra,1930,2
SLC:DF_LAWS(1.0),anderes,BS,sante,1930,1
SLC:DF_LAWS(1.0),anderes,FR,sante,1930,1
SLC:DF_LAWS(1.0),anderes,NE,educ,1930,1
SLC:DF_LAWS(1.0),anderes,SH,autres,1930,1
SLC:DF_LAWS(1.0),anderes,SO,autres,1930,1
SLC:DF_LAWS(1.0),anderes,SO,etat,1930,1
SLC:DF_LAWS(1.0),anderes,SZ,infra,1930,1
SLC:DF_LAWS(1.0),anderes,VD,fin,1930,2
SLC:DF_LAWS(1.0),anderes,ZH,infra,1930,1
SLC:DF_LAWS(1.0),gemeindeerlass,BS,infra,1930,2
SLC:DF_LAWS(1.0),gesetz,GE,sante,1930,1
SLC:DF_LAWS(1.0),gesetz,LU,autres,1930,1
SLC:DF_LAWS(1.0),interkantonale_vereinbarung,AG,fin,1930,1
SLC:DF_LAWS(1.0),interkantonale_vereinbarung,SO,fin,1930,1
SLC:DF_LAWS(1.0),interkantonale_vereinbarung,SZ,infra,1930,1
SLC:DF_LAWS(1.0),reglement,GE,eco,1930,1
SLC:DF_LAWS(1.0),reglement,GE,infra,1930,1
SLC:DF_LAWS(1.0),reglement,VD,fin,1930,1
SLC:DF_LAWS(1.0),staatsvertrag,SO,infra,1930,1
SLC:DF_LAWS(1.0),verordnung,AG,sante,1930,1
SLC:DF_LAWS(1.0),verordnung,BS,educ,1930,2
SLC:DF_LAWS(1.0),verordnung,JU,infra,1930,1
SLC:DF_LAWS(1.0),anderes,_T,_T,1930,12
SLC:DF_LAWS(1.0),gemeindeerlass,_T,_T,1930,2
SLC:DF_LAWS(1.0),gesetz,_T,_T,1930,2
SLC:DF_LAWS(1.0),interkantonale_vereinbarung,_T,_T,1930,3
SLC:DF_LAWS(1.0),reglement,_T,_T,1930,3
SLC:DF_LAWS(1.0),staatsvertrag,_T,_T,1930,1
SLC:DF_LAWS(1.0),verordnung,_T,_T,1930,4
SLC:DF_LAWS(1.0),_T,AG,_T,1930,2
SLC:DF_LAWS(1.0),_T,BS,_T,1930,7
SLC:DF_LAWS(1.0),_T,FR,_T,1930,1
SLC:DF_LAWS(1.0),_T,GE,_T,1930,3
SLC:DF_LAWS(1.0),_T,JU,_T,1930,1
SLC:DF_LAWS(1.0),_T,LU,_T,1930,1
SLC:DF_LAWS(1.0),_T,NE,_T,1930,1
SLC:DF_LAWS(1.0),_T,SH,_T,1930,1
SLC:DF_LAWS(1.0),_T,SO,_T,1930,4
SLC:DF_LAWS(1.0),_T,SZ,_T,1930,2
SLC:DF_LAWS(1.0),_T,VD,_T,1930,3
SLC:DF_LAWS(1.0),_T,ZH,_T,1930,1
SLC:DF_LAWS(1.0),_T,_T,autres,1930,3
SLC:DF_LAWS(1.0),_T,_T,eco,1930,1
SLC:DF_LAWS(1.0),_T,_T,educ,1930,3
SLC:DF_LAWS(1.0),_T,_T,etat,1930,1
SLC:DF_LAWS(1.0),_T,_T,fin,1930,5
SLC:DF_LAWS(1.0),_T,_T,infra,1930,10
SLC:DF_LAWS(1.0),_T,_T,sante,1930,4
SLC:DF_LAWS(1.0),_T,_T,_T,1930,27
SLC:DF_LAWS(1.0),anderes,BE,etat,1931,1
SLC:DF_LAWS(1.0),anderes,BS,educ,1931,1
SLC:DF_LAWS(1.0),anderes,FR,infra,1931,1
SLC:DF_LAWS(1.0),anderes,LU,infra,1931,1
SLC:DF_LAWS(1.0),anderes,SO,autres,1931,1
SLC:DF_LAWS(1.0),anderes,SO,infra,1931,2
SLC:DF_LAWS(1.0),anderes,TG,etat,1931,1
SLC:DF_LAWS(1.0),anderes,UR,infra,1931,1
SLC:DF_LAWS(1.0),dekret,AR,sante,1931,1
SLC:DF_LAWS(1.0),dekret,OW,sante,1931,1
SLC:DF_LAWS(1.0),gesetz,AR,fin,1931,1
SLC:DF_LAWS(1.0),gesetz,BL,sante,1931,1
SLC:DF_LAWS(1.0),gesetz,BS,sante,1931,1
SLC:DF_LAWS(1.0),gesetz,TI,eco,1931,1
SLC:DF_LAWS(1.0),interkantonale_vereinbarung,FR,fin,1931,1
SLC:DF_LAWS(1.0),interkantonale_vereinbarung,GL,fin,1931,1
SLC:DF_LAWS(1.0),interkantonale_vereinbarung,SO,etat,1931,1
SLC:DF_LAWS(1.0),interkantonale_vereinbarung,SO,fin,1931,1
SLC:DF_LAWS(1.0),interkantonale_vereinbarung,TG,fin,1931,1
SLC:DF_LAWS(1.0),interkantonale_vereinbarung,ZH,fin,1931,2
SLC:DF_LAWS(1.0),interkantonale_vereinbarung,ZH,infra,1931,1
SLC:DF_LAWS(1.0),reglement,BE,educ,1931,1
SLC:DF_LAWS(1.0),reglement,GE,etat,1931,1
SLC:DF_LAWS(1.0),verordnung,AG,infra,1931,1
SLC:DF_LAWS(1.0),verordnung,BE,etat,1931,1
SLC:DF_LAWS(1.0),verordnung,BE,infra,1931,1
SLC:DF_LAWS(1.0),verordnung,BS,eco,1931,1
SLC:DF_LAWS(1.0),verordnung,BS,sante,1931,2
SLC:DF_LAWS(1.0),verordnung,NE,infra,1931,1
SLC:DF_LAWS(1.0),verordnung,NE,sante,1931,1
SLC:DF_LAWS(1.0),verordnung,TG,etat,1931,1
SLC:DF_LAWS(1.0),anderes,_T,_T,1931,9
SLC:DF_LAWS(1.0),dekret,_T,_T,1931,2
SLC:DF_LAWS(1.0),gesetz,_T,_T,1931,4
SLC:DF_LAWS(1.0),interkantonale_vereinbarung,_T,_T,1931,8
SLC:DF_LAWS(1.0),reglement,_T,_T,1931,2
SLC:DF_LAWS(1.0),verordnung,_T,_T,1931,9
SLC:DF_LAWS(1.0),_T,AG,_T,1931,1
SLC:DF_LAWS(1.0),_T,AR,_T,1931,2
SLC:DF_LAWS(1.0),_T,BE,_T,1931,4
SLC:DF_LAWS(1.0),_T,BL,_T,1931,1
SLC:DF_LAWS(1.0),_T,BS,_T,1931,5
SLC:DF_LAWS(1.0),_T,FR,_T,1931,2
SLC:DF_LAWS(1.0),_T,GE,_T,1931,1
SLC:DF_LAWS(1.0),_T,GL,_T,1931,1
SLC:DF_LAWS(1.0),_T,LU,_T,1931,1
SLC:DF_LAWS(1.0),_T,NE,_T,1931,2
SLC:DF_LAWS(1.0),_T,OW,_T,1931,1
SLC:DF_LAWS(1.0),_T,SO,_T,1931,5
SLC:DF_LAWS(1.0),_T,TG,_T,1931,3
SLC:DF_LAWS(1.0),_T,TI,_T,1931,1
SLC:DF_LAWS(1.0),_T,UR,_T,1931,1
SLC:DF_LAWS(1.0),_T,ZH,_T,1931,3
SLC:DF_LAWS(1.0),_T,_T,autres,1931,1
SLC:DF_LAWS(1.0),_T,_T,eco,1931,2
SLC:DF_LAWS(1.0),_T,_T,educ,1931,2
SLC:DF_LAWS(1.0),_T,_T,etat,1931,6
SLC:DF_LAWS(1.0),_T,_T,fin,1931,7
SLC:DF_LAWS(1.0),_T,_T,infra,1931,9
SLC:DF_LAWS(1.0),_T,_T,sante,1931,7
SLC:DF_LAWS(1.0),_T,_T,_T,1931,34
SLC:DF_LAWS(1.0),anderes,BS,etat,1932,1
SLC:DF_LAWS(1.0),anderes,SO,infra,1932,1
SLC:DF_LAWS(1.0),anderes,VD,sante,1932,1
SLC:DF_LAWS(1.0),dekret,AG,etat,1932,1
SLC:DF_LAWS(1.0),dekret,AR,eco,1932,1
SLC:DF_LAWS(1.0),dekret,NW,sante,1932,1
SLC:DF_LAWS(1.0),dekret,SZ,infra,1932,1
SLC:DF_LAWS(1.0),dekret,UR,infra,1932,1
SLC:DF_LAWS(1.0),dekret,ZG,etat,1932,1
SLC:DF_LAWS(1.0),gesetz,VS,infra,1932,1
SLC:DF_LAWS(1.0),interkantonale_vereinbarung,AG,fin,1932,1
SLC:DF_LAWS(1.0),verordnung,ZH,etat,1932,1
SLC:DF_LAWS(1.0),anderes,_T,_T,1932,3
SLC:DF_LAWS(1.0),dekret,_T,_T,1932,6
SLC:DF_LAWS(1.0),gesetz,_T,_T,1932,1
SLC:DF_LAWS(1.0),interkantonale_vereinbarung,_T,_T,1932,1
SLC:DF_LAWS(1.0),verordnung,_T,_T,1932,1
SLC:DF_LAWS(1.0),_T,AG,_T,1932,2
SLC:DF_LAWS(1.0),_T,AR,_T,1932,1
SLC:DF_LAWS(1.0),_T,BS,_T,1932,1
SLC:DF_LAWS(1.0),_T,NW,_T,1932,1
SLC:DF_LAWS(1.0),_T,SO,_T,1932,1
SLC:DF_LAWS(1.0),_T,SZ,_T,1932,1
SLC:DF_LAWS(1.0),_T,UR,_T,1932,1
SLC:DF_LAWS(1.0),_T,VD,_T,1932,1
SLC:DF_LAWS(1.0),_T,VS,_T,1932,1
SLC:DF_LAWS(1.0),_T,ZG,_T,1932,1
SLC:DF_LAWS(1.0),_T,ZH,_T,1932,1
SLC:DF_LAWS(1.0),_T,_T,eco,1932,1
SLC:DF_LAWS(1.0),_T,_T,etat,1932,4
SLC:DF_LAWS(1.0),_T,_T,fin,1932,1
SLC:DF_LAWS(1.0),_T,_T,infra,1932,4
SLC:DF_LAWS(1.0),_T,_T,sante,1932,2
SLC:DF_LAWS(1.0),_T,_T,_T,1932,12
SLC:DF_LAWS(1.0),anderes,GL,infra,1933,1
SLC:DF_LAWS(1.0),anderes,VS,infra,1933,2
SLC:DF_LAWS(1.0),anderes,ZH,educ,1933,1
SLC:DF_LAWS(1.0),anderes,ZH,etat,1933,1
SLC:DF_LAWS(1.0),dekret,UR,sante,1933,1
SLC:DF_LAWS(1.0),gesetz,BS,eco,1933,1
SLC:DF_LAWS(1.0),gesetz,FR,etat,1933,1
SLC:DF_LAWS(1.0),gesetz,GE,infra,1933,1
SLC:DF_LAWS(1.0),gesetz,NE,eco,1933,1
SLC:DF_LAWS(1.0),gesetz,VD,etat,1933,1
SLC:DF_LAWS(1.0),interkantonale_vereinbarung,SZ,infra,1933,1
SLC:DF_LAWS(1.0),interkantonale_vereinbarung,TG,fin,1933,1
SLC:DF_LAWS(1.0),verordnung,BS,infra,1933,1
SLC:DF_LAWS(1.0),verordnung,SG,infra,1933,1
SLC:DF_LAWS(1.0),verordnung,TI,autres,1933,1
SLC:DF_LAWS(1.0),anderes,_T,_T,1933,5
SLC:DF_LAWS(1.0),dekret,_T,_T,1933,1
SLC:DF_LAWS(1.0),gesetz,_T,_T,1933,5
SLC:DF_LAWS(1.0),interkantonale_vereinbarung,_T,_T,1933,2
SLC:DF_LAWS(1.0),verordnung,_T,_T,1933,3
SLC:DF_LAWS(1.0),_T,BS,_T,1933,2
SLC:DF_LAWS(1.0),_T,FR,_T,1933,1
SLC:DF_LAWS(1.0),_T,GE,_T,1933,1
SLC:DF_LAWS(1.0),_T,GL,_T,1933,1
SLC:DF_LAWS(1.0),_T,NE,_T,1933,1
SLC:DF_LAWS(1.0),_T,SG,_T,1933,1
SLC:DF_LAWS(1.0),_T,SZ,_T,1933,1
SLC:DF_LAWS(1.0),_T,TG,_T,1933,1
SLC:DF_LAWS(1.0),_T,TI,_T,1933,1
SLC:DF_LAWS(1.0),_T,UR,_T,1933,1
SLC:DF_LAWS(1.0),_T,VD,_T,1933,1
SLC:DF_LAWS(1.0),_T,VS,_T,1933,2
SLC:DF_LAWS(1.0),_T,ZH,_T,1933,2
SLC:DF_LAWS(1.0),_T,_T,autres,1933,1
SLC:DF_LAWS(1.0),_T,_T,eco,1933,2
SLC:DF_LAWS(1.0),_T,_T,educ,1933,1
SLC:DF_LAWS(1.0),_T,_T,etat,1933,3
SLC:DF_LAWS(1.0),_T,_T,fin,1933,1
SLC:DF_LAWS(1.0),_T,_T,infra,1933,7
SLC:DF_LAWS(1.0),_T,_T,sante,1933,1
SLC:DF_LAWS(1.0),_T,_T,_T,1933,16
SLC:DF_LAWS(1.0),anderes,AG,autres,1934,1
SLC:DF_LAWS(1.0),anderes,FR,etat,1934,1
SLC:DF_LAWS(1.0),anderes,NE,autres,1934,1
SLC:DF_LAWS(1.0),gesetz,AG,fin,1934,1
SLC:DF_LAWS(1.0),gesetz,FR,etat,1934,1
SLC:DF_LAWS(1.0),gesetz,GE,etat,1934,1
SLC:DF_LAWS(1.0),gesetz,TI,sante,1934,1
SLC:DF_LAWS(1.0),gesetz,VD,eco,1934,1
SLC:DF_LAWS(1.0),gesetz,VD,etat,1934,2
SLC:DF_LAWS(1.0),interkantonale_vereinbarung,TG,fin,1934,1
SLC:DF_LAWS(1.0),reglement,BL,autres,1934,1
SLC:DF_LAWS(1.0),reglement,GE,autres,1934,1
SLC:DF_LAWS(1.0),reglement,GE,eco,1934,1
SLC:DF_LAWS(1.0),reglement,GE,etat,1934,1
SLC:DF_LAWS(1.0),reglement,GE,sante,1934,1
SLC:DF_LAWS(1.0),staatsvertrag,TG,fin,1934,1
SLC:DF_LAWS(1.0),verordnung,BE,eco,1934,1
SLC:DF_LAWS(1.0),verordnung,BS,eco,1934,1
SLC:DF_LAWS(1.0),verordnung,GL,sante,1934,2
SLC:DF_LAWS(1.0),verordnung,JU,eco,1934,1
SLC:DF_LAWS(1.0),verordnung,SH,etat,1934,1
SLC:DF_LAWS(1.0),verordnung,SZ,infra,1934,1
SLC:DF_LAWS(1.0),verordnung,SZ,sante,1934,1
SLC:DF_LAWS(1.0),verordnung,ZH,etat,1934,1
SLC:DF_LAWS(1.0),anderes,_T,_T,1934,3
SLC:DF_LAWS(1.0),gesetz,_T,_T,1934,7
SLC:DF_LAWS(1.0),interkantonale_vereinbarung,_T,_T,1934,1
SLC:DF_LAWS(1.0),reglement,_T,_T,1934,5
SLC:DF_LAWS(1.0),staatsvertrag,_T,_T,1934,1
SLC:DF_LAWS(1.0),verordnung,_T,_T,1934,9
SLC:DF_LAWS(1.0),_T,AG,_T,1934,2
SLC:DF_LAWS(1.0),_T,BE,_T,1934,1
SLC:DF_LAWS(1.0),_T,BL,_T,1934,1
SLC:DF_LAWS(1.0),_T,BS,_T,1934,1
SLC:DF_LAWS(1.0),_T,FR,_T,1934,2
SLC:DF_LAWS(1.0),_T,GE,_T,1934,5
SLC:DF_LAWS(1.0),_T,GL,_T,1934,2
SLC:DF_LAWS(1.0),_T,JU,_T,1934,1
SLC:DF_LAWS(1.0),_T,NE,_T,1934,1
SLC:DF_LAWS(1.0),_T,SH,_T,1934,1
SLC:DF_LAWS(1.0),_T,SZ,_T,1934,2
SLC:DF_LAWS(1.0),_T,TG,_T,1934,2
SLC:DF_LAWS(1.0),_T,TI,_T,1934,1
SLC:DF_LAWS(1.0),_T,VD,_T,1934,3
SLC:DF_LAWS(1.0),_T,ZH,_T,1934,1
SLC:DF_LAWS(1.0),_T,_T,autres,1934,4
SLC:DF_LAWS(1.0),_T,_T,eco,1934,5
SLC:DF_LAWS(1.0),_T,_T,etat,1934,8
SLC:DF_LAWS(1.0),_T,_T,fin,1934,3
SLC:DF_LAWS(1.0),_T,_T,infra,1934,1
SLC:DF_LAWS(1.0),_T,_T,sante,1934,5
SLC:DF_LAWS(1.0),_T,_T,_T,1934,26
SLC:DF_LAWS(1.0),anderes,BS,eco,1935,1
SLC:DF_LAWS(1.0),anderes,FR,eco,1935,1
SLC:DF_LAWS(1.0),anderes,LU,eco,1935,1
SLC:DF_LAWS(1.0),anderes,SO,eco,1935,1
SLC:DF_LAWS(1.0),anderes,UR,sante,1935,1
SLC:DF_LAWS(1.0),anderes,VS,sante,1935,1
SLC:DF_LAWS(1.0),dekret,FR,eco,1935,1
SLC:DF_LAWS(1.0),dekret,OW,infra,1935,1
SLC:DF_LAWS(1.0),gesetz,TG,eco,1935,1
SLC:DF_LAWS(1.0),gesetz,UR,etat,1935,1
SLC:DF_LAWS(1.0),gesetz,VD,autres,1935,1
SLC:DF_LAWS(1.0),reglement,GE,infra,1935,1
SLC:DF_LAWS(1.0),reglement,LU,autres,1935,1
SLC:DF_LAWS(1.0),reglement,NE,fin,1935,1
SLC:DF_LAWS(1.0),reglement,TI,autres,1935,1
SLC:DF_LAWS(1.0),staatsvertrag,NE,autres,1935,1
SLC:DF_LAWS(1.0),verordnung,OW,autres,1935,1
SLC:DF_LAWS(1.0),verordnung,SO,sante,1935,1
SLC:DF_LAWS(1.0),verordnung,SZ,eco,1935,1
SLC:DF_LAWS(1.0),verordnung,TI,eco,1935,1
SLC:DF_LAWS(1.0),anderes,_T,_T,1935,6
SLC:DF_LAWS(1.0),dekret,_T,_T,1935,2
SLC:DF_LAWS(1.0),gesetz,_T,_T,1935,3
SLC:DF_LAWS(1.0),reglement,_T,_T,1935,4
SLC:DF_LAWS(1.0),staatsvertrag,_T,_T,1935,1
SLC:DF_LAWS(1.0),verordnung,_T,_T,1935,4
SLC:DF_LAWS(1.0),_T,BS,_T,1935,1
SLC:DF_LAWS(1.0),_T,FR,_T,1935,2
SLC:DF_LAWS(1.0),_T,GE,_T,1935,1
SLC:DF_LAWS(1.0),_T,LU,_T,1935,2
SLC:DF_LAWS(1.0),_T,NE,_T,1935,2
SLC:DF_LAWS(1.0),_T,OW,_T,1935,2
SLC:DF_LAWS(1.0),_T,SO,_T,1935,2
SLC:DF_LAWS(1.0),_T,SZ,_T,1935,1
SLC:DF_LAWS(1.0),_T,TG,_T,1935,1
SLC:DF_LAWS(1.0),_T,TI,_T,1935,2
SLC:DF_LAWS(1.0),_T,UR,_T,1935,2
SLC:DF_LAWS(1.0),_T,VD,_T,1935,1
SLC:DF_LAWS(1.0),_T,VS,_T,1935,1
SLC:DF_LAWS(1.0),_T,_T,autres,1935,5
SLC:DF_LAWS(1.0),_T,_T,eco,1935,8
SLC:DF_LAWS(1.0),_T,_T,etat,1935,1
SLC:DF_LAWS(1.0),_T,_T,fin,1935,1
SLC:DF_LAWS(1.0),_T,_T,infra,1935,2
SLC:DF_LAWS(1.0),_T,_T,sante,1935,3
SLC:DF_LAWS(1.0),_T,_T,_T,1935,20
SLC:DF_LAWS(1.0),anderes,BE,etat,1936,1
SLC:DF_LAWS(1.0),anderes,SH,autres,1936,1
SLC:DF_LAWS(1.0),gesetz,BS,autres,1936,1
SLC:DF_LAWS(1.0),gesetz,BS,fin,1936,1
SLC:DF_LAWS(1.0),gesetz,VD,autres,1936,1
SLC:DF_LAWS(1.0),gesetz,VS,sante,1936,1
SLC:DF_LAWS(1.0),interkantonale_vereinbarung,BL,fin,1936,1
SLC:DF_LAWS(1.0),interkantonale_vereinbarung,FR,fin,1936,1
SLC:DF_LAWS(1.0),interkantonale_vereinbarung,GR,fin,1936,1
SLC:DF_LAWS(1.0),interkantonale_vereinbarung,ZH,infra,1936,1
SLC:DF_LAWS(1.0),reglement,NE,eco,1936,1
SLC:DF_LAWS(1.0),reglement,VD,autres,1936,1
SLC:DF_LAWS(1.0),reglement,VS,sante,1936,1
SLC:DF_LAWS(1.0),verordnung,BS,etat,1936,1
SLC:DF_LAWS(1.0),verordnung,SZ,eco,1936,1
SLC:DF_LAWS(1.0),anderes,_T,_T,1936,2
SLC:DF_LAWS(1.0),gesetz,_T,_T,1936,4
SLC:DF_LAWS(1.0),interkantonale_vereinbarung,_T,_T,1936,4
SLC:DF_LAWS(1.0),reglement,_T,_T,1936,3
SLC:DF_LAWS(1.0),verordnung,_T,_T,1936,2
SLC:DF_LAWS(1.0),_T,BE,_T,1936,1
SLC:DF_LAWS(1.0),_T,BL,_T,1936,1
SLC:DF_LAWS(1.0),_T,BS,_T,1936,3
SLC:DF_LAWS(1.0),_T,FR,_T,1936,1
SLC:DF_LAWS(1.0),_T,GR,_T,1936,1
SLC:DF_LAWS(1.0),_T,NE,_T,1936,1
SLC:DF_LAWS(1.0),_T,SH,_T,1936,1
SLC:DF_LAWS(1.0),_T,SZ,_T,1936,1
SLC:DF_LAWS(1.0),_T,VD,_T,1936,2
SLC:DF_LAWS(1.0),_T,VS,_T,1936,2
SLC:DF_LAWS(1.0),_T,ZH,_T,1936,1
SLC:DF_LAWS(1.0),_T,_T,autres,1936,4
SLC:DF_LAWS(1.0),_T,_T,eco,1936,2
SLC:DF_LAWS(1.0),_T,_T,etat,1936,2
SLC:DF_LAWS(1.0),_T,_T,fin,1936,4
SLC:DF_LAWS(1.0),_T,_T,infra,1936,1
SLC:DF_LAWS(1.0),_T,_T,sante,1936,2
SLC:DF_LAWS(1.0),_T,_T,_T,1936,15
SLC:DF_LAWS(1.0),anderes,BS,educ,1937,2
SLC:DF_LAWS(1.0),anderes,NE,autres,1937,1
SLC:DF_LAWS(1.0),anderes,SO,etat,1937,1
SLC:DF_LAWS(1.0),anderes,VS,eco,1937,1
SLC:DF_LAWS(1.0),anderes,ZH,autres,1937,1
SLC:DF_LAWS(1.0),dekret,AI,autres,1937,1
SLC:DF_LAWS(1.0),dekret,OW,eco,1937,1
SLC:DF_LAWS(1.0),dekret,SH,sante,1937,1
SLC:DF_LAWS(1.0),dekret,SZ,infra,1937,1
SLC:DF_LAWS(1.0),gesetz,BS,sante,1937,1
SLC:DF_LAWS(1.0),gesetz,FR,autres,1937,2
SLC:DF_LAWS(1.0),gesetz,NE,autres,1937,1
SLC:DF_LAWS(1.0),gesetz,SG,autres,1937,1
SLC:DF_LAWS(1.0),gesetz,VD,educ,1937,1
SLC:DF_LAWS(1.0),interkantonale_vereinbarung,AG,infra,1937,1
SLC:DF_LAWS(1.0),interkantonale_vereinbarung,AI,autres,1937,1
SLC:DF_LAWS(1.0),interkantonale_vereinbarung,BE,eco,1937,1
SLC:DF_LAWS(1.0),interkantonale_vereinbarung,BL,eco,1937,1
SLC:DF_LAWS(1.0),interkantonale_vereinbarung,BS,etat,1937,1
SLC:DF_LAWS(1.0),interkantonale_vereinbarung,FR,infra,1937,1
SLC:DF_LAWS(1.0),interkantonale_vereinbarung,GR,eco,1937,1
SLC:DF_LAWS(1.0),interkantonale_vereinbarung,LU,autres,1937,1
SLC:DF_LAWS(1.0),interkantonale_vereinbarung,OW,eco,1937,1
SLC:DF_LAWS(1.0),interkantonale_vereinbarung,SG,autres,1937,1
SLC:DF_LAWS(1.0),interkantonale_vereinbarung,SG,fin,1937,1
SLC:DF_LAWS(1.0),interkantonale_vereinbarung,SH,infra,1937,1
SLC:DF_LAWS(1.0),interkantonale_vereinbarung,SO,etat,1937,1
SLC:DF_LAWS(1.0),interkantonale_vereinbarung,TG,eco,1937,1
SLC:DF_LAWS(1.0),interkantonale_vereinbarung,TI,autres,1937,1
SLC:DF_LAWS(1.0),interkantonale_vereinbarung,UR,sante,1937,1
SLC:DF_LAWS(1.0),interkantonale_vereinbarung,ZG,infra,1937,1
SLC:DF_LAWS(1.0),interkantonale_vereinbarung,ZH,etat,1937,1
SLC:DF_LAWS(1.0),reglement,GE,fin,1937,1
SLC:DF_LAWS(1.0),reglement,NE,autres,1937,1
SLC:DF_LAWS(1.0),reglement,VS,autres,1937,2
SLC:DF_LAWS(1.0),reglement,VS,eco,1937,1
SLC:DF_LAWS(1.0),verordnung,AG,sante,1937,1
SLC:DF_LAWS(1.0),verordnung,BL,infra,1937,1
SLC:DF_LAWS(1.0),verordnung,BS,sante,1937,1
SLC:DF_LAWS(1.0),verordnung,NW,eco,1937,1
SLC:DF_LAWS(1.0),anderes,_T,_T,1937,6
SLC:DF_LAWS(1.0),dekret,_T,_T,1937,4
SLC:DF_LAWS(1.0),gesetz,_T,_T,1937,6
SLC:DF_LAWS(1.0),interkantonale_vereinbarung,_T,_T,1937,18
SLC:DF_LAWS(1.0),reglement,_T,_T,1937,5
SLC:DF_LAWS(1.0),verordnung,_T,_T,1937,4
SLC:DF_LAWS(1.0),_T,AG,_T,1937,2
SLC:DF_LAWS(1.0),_T,AI,_T,1937,2
SLC:DF_LAWS(1.0),_T,BE,_T,1937,1
SLC:DF_LAWS(1.0),_T,BL,_T,1937,2
SLC:DF_LAWS(1.0),_T,BS,_T,1937,5
SLC:DF_LAWS(1.0),_T,FR,_T,1937,3
SLC:DF_LAWS(1.0),_T,GE,_T,1937,1
SLC:DF_LAWS(1.0),_T,GR,_T,1937,1
SLC:DF_LAWS(1.0),_T,LU,_T,1937,1
SLC:DF_LAWS(1.0),_T,NE,_T,1937,3
SLC:DF_LAWS(1.0),_T,NW,_T,1937,1
SLC:DF_LAWS(1.0),_T,OW,_T,1937,2
SLC:DF_LAWS(1.0),_T,SG,_T,1937,3
SLC:DF_LAWS(1.0),_T,SH,_T,1937,2
SLC:DF_LAWS(1.0),_T,SO,_T,1937,2
SLC:DF_LAWS(1.0),_T,SZ,_T,1937,1
SLC:DF_LAWS(1.0),_T,TG,_T,1937,1
SLC:DF_LAWS(1.0),_T,TI,_T,1937,1
SLC:DF_LAWS(1.0),_T,UR,_T,1937,1
SLC:DF_LAWS(1.0),_T,VD,_T,1937,1
SLC:DF_LAWS(1.0),_T,VS,_T,1937,4
SLC:DF_LAWS(1.0),_T,ZG,_T,1937,1
SLC:DF_LAWS(1.0),_T,ZH,_T,1937,2
SLC:DF_LAWS(1.0),_T,_T,autres,1937,14
SLC:DF_LAWS(1.0),_T,_T,eco,1937,9
SLC:DF_LAWS(1.0),_T,_T,educ,1937,3
SLC:DF_LAWS(1.0),_T,_T,etat,1937,4
SLC:DF_LAWS(1.0),_T,_T,fin,1937,2
SLC:DF_LAWS(1.0),_T,_T,infra,1937,6
SLC:DF_LAWS(1.0),_T,_T,sante,1937,5
SLC:DF_LAWS(1.0),_T,_T,_T,1937,43
SLC:DF_LAWS(1.0),anderes,BS,educ,1938,1
SLC:DF_LAWS(1.0),anderes,FR,eco,1938,1
SLC:DF_LAWS(1.0),anderes,FR,sante,1938,1
SLC:DF_LAWS(1.0),anderes,LU,sante,1938,1
SLC:DF_LAWS(1.0),anderes,NE,educ,1938,6
SLC:DF_LAWS(1.0),anderes,NE,fin,1938,1
SLC:DF_LAWS(1.0),anderes,NE,sante,1938,1
SLC:DF_LAWS(1.0),anderes,SO,infra,1938,2
SLC:DF_LAWS(1.0),anderes,SZ,infra,1938,1
SLC:DF_LAWS(1.0),anderes,TG,etat,1938,1
SLC:DF_LAWS(1.0),anderes,VD,educ,1938,1
SLC:DF_LAWS(1.0),anderes,VD,fin,1938,2
SLC:DF_LAWS(1.0),anderes,VD,sante,1938,2
SLC:DF_LAWS(1.0),anderes,VS,infra,1938,1
SLC:DF_LAWS(1.0),dekret,BE,etat,1938,1
SLC:DF_LAWS(1.0),dekret,OW,autres,1938,1
SLC:DF_LAWS(1.0),dekret,VD,sante,1938,1
SLC:DF_LAWS(1.0),gesetz,GE,eco,1938,1
SLC:DF_LAWS(1.0),gesetz,TG,eco,1938,1
SLC:DF_LAWS(1.0),gesetz,VD,etat,1938,1
SLC:DF_LAWS(1.0),interkantonale_vereinbarung,BS,etat,1938,1
SLC:DF_LAWS(1.0),interkantonale_vereinbarung,FR,infra,1938,1
SLC:DF_LAWS(1.0),interkantonale_vereinbarung,SG,etat,1938,1
SLC:DF_LAWS(1.0),interkantonale_vereinbarung,SZ,infra,1938,4
SLC:DF_LAWS(1.0),interkantonale_vereinbarung,TG,etat,1938,1
SLC:DF_LAWS(1.0),interkantonale_vereinbarung,VD,infra,1938,1
SLC:DF_LAWS(1.0),interkantonale_vereinbarung,ZH,infra,1938,1
SLC:DF_LAWS(1.0),reglement,SZ,sante,1938,1
SLC:DF_LAWS(1.0),verordnung,AG,sante,1938,1
SLC:DF_LAWS(1.0),verordnung,BL,sante,1938,1
SLC:DF_LAWS(1.0),verordnung,ZG,sante,1938,1
SLC:DF_LAWS(1.0),anderes,_T,_T,1938,22
SLC:DF_LAWS(1.0),dekret,_T,_T,1938,3
SLC:DF_LAWS(1.0),gesetz,_T,_T,1938,3
SLC:DF_LAWS(1.0),interkantonale_vereinbarung,_T,_T,1938,10
SLC:DF_LAWS(1.0),reglement,_T,_T,1938,1
SLC:DF_LAWS(1.0),verordnung,_T,_T,1938,3
SLC:DF_LAWS(1.0),_T,AG,_T,1938,1
SLC:DF_LAWS(1.0),_T,BE,_T,1938,1
SLC:DF_LAWS(1.0),_T,BL,_T,1938,1
SLC:DF_LAWS(1.0),_T,BS,_T,1938,2
SLC:DF_LAWS(1.0),_T,FR,_T,1938,3
SLC:DF_LAWS(1.0),_T,GE,_T,1938,1
SLC:DF_LAWS(1.0),_T,LU,_T,1938,1
SLC:DF_LAWS(1.0),_T,NE,_T,1938,8
SLC:DF_LAWS(1.0),_T,OW,_T,1938,1
SLC:DF_LAWS(1.0),_T,SG,_T,1938,1
SLC:DF_LAWS(1.0),_T,SO,_T,1938,2
SLC:DF_LAWS(1.0),_T,SZ,_T,1938,6
SLC:DF_LAWS(1.0),_T,TG,_T,1938,3
SLC:DF_LAWS(1.0),_T,VD,_T,1938,8
SLC:DF_LAWS(1.0),_T,VS,_T,1938,1
SLC:DF_LAWS(1.0),_T,ZG,_T,1938,1
SLC:DF_LAWS(1.0),_T,ZH,_T,1938,1
SLC:DF_LAWS(1.0),_T,_T,autres,1938,1
SLC:DF_LAWS(1.0),_T,_T,eco,1938,3
SLC:DF_LAWS(1.0),_T,_T,educ,1938,8
SLC:DF_LAWS(1.0),_T,_T,etat,1938,6
SLC:DF_LAWS(1.0),_T,_T,fin,1938,3
SLC:DF_LAWS(1.0),_T,_T,infra,1938,11
SLC:DF_LAWS(1.0),_T,_T,sante,1938,10
SLC:DF_LAWS(1.0),_T,_T,_T,1938,42
SLC:DF_LAWS(1.0),anderes,UR,autres,1939,1
SLC:DF_LAWS(1.0),anderes,UR,infra,1939,1
SLC:DF_LAWS(1.0),anderes,VD,fin,1939,2
SLC:DF_LAWS(1.0),dekret,BE,etat,1939,1
SLC:DF_LAWS(1.0),dekret,OW,sante,1939,1
SLC:DF_LAWS(1.0),dekret,SG,etat,1939,1
SLC:DF_LAWS(1.0),gesetz,AG,etat,1939,1
SLC:DF_LAWS(1.0),interkantonale_vereinbarung,AR,eco,1939,1
SLC:DF_LAWS(1.0),interkantonale_vereinbarung,SO,autres,1939,1
SLC:DF_LAWS(1.0),interkantonale_vereinbarung,SZ,fin,1939,1
SLC:DF_LAWS(1.0),interkantonale_vereinbarung,SZ,infra,1939,1
SLC:DF_LAWS(1.0),reglement,BE,educ,1939,1
SLC:DF_LAWS(1.0),reglement,VS,eco,1939,1
SLC:DF_LAWS(1.0),verordnung,BE,etat,1939,1
SLC:DF_LAWS(1.0),verordnung,SH,etat,1939,1
SLC:DF_LAWS(1.0),verordnung,SO,fin,1939,1
SLC:DF_LAWS(1.0),anderes,_T,_T,1939,4
SLC:DF_LAWS(1.0),dekret,_T,_T,1939,3
SLC:DF_LAWS(1.0),gesetz,_T,_T,1939,1
SLC:DF_LAWS(1.0),interkantonale_vereinbarung,_T,_T,1939,4
SLC:DF_LAWS(1.0),reglement,_T,_T,1939,2
SLC:DF_LAWS(1.0),verordnung,_T,_T,1939,3
SLC:DF_LAWS(1.0),_T,AG,_T,1939,1
SLC:DF_LAWS(1.0),_T,AR,_T,1939,1
SLC:DF_LAWS(1.0),_T,BE,_T,1939,3
SLC:DF_LAWS(1.0),_T,OW,_T,1939,1
SLC:DF_LAWS(1.0),_T,SG,_T,1939,1
SLC:DF_LAWS(1.0),_T,SH,_T,1939,1
SLC:DF_LAWS(1.0),_T,SO,_T,1939,2
SLC:DF_LAWS(1.0),_T,SZ,_T,1939,2
SLC:DF_LAWS(1.0),_T,UR,_T,1939,2
SLC:DF_LAWS(1.0),_T,VD,_T,1939,2
SLC:DF_LAWS(1.0),_T,VS,_T,1939,1
SLC:DF_LAWS(1.0),_T,_T,autres,1939,2
SLC:DF_LAWS(1.0),_T,_T,eco,1939,2
SLC:DF_LAWS(1.0),_T,_T,educ,1939,1
SLC:DF_LAWS(1.0),_T,_T,etat,1939,5
SLC:DF_LAWS(1.0),_T,_T,fin,1939,4
SLC:DF_LAWS(1.0),_T,_T,infra,1939,2
SLC:DF_LAWS(1.0),_T,_T,sante,1939,1
SLC:DF_LAWS(1.0),_T,_T,_T,1939,17
SLC:DF_LAWS(1.0),anderes,BE,sante,1940,1
SLC:DF_LAWS(1.0),dekret,BS,infra,1940,1
SLC:DF_LAWS(1.0),dekret,TI,infra,1940,1
SLC:DF_LAWS(1.0),dekret,UR,autres,1940,1
SLC:DF_LAWS(1.0),gesetz,AI,fin,1940,1
SLC:DF_LAWS(1.0),gesetz,BE,sante,1940,1
SLC:DF_LAWS(1.0),gesetz,SG,etat,1940,1
SLC:DF_LAWS(1.0),gesetz,VD,autres,1940,1
SLC:DF_LAWS(1.0),gesetz,VD,etat,1940,1
SLC:DF_LAWS(1.0),gesetz,ZG,autres,1940,2
SLC:DF_LAWS(1.0),gesetz,ZG,etat,1940,1
SLC:DF_LAWS(1.0),interkantonale_vereinbarung,AI,autres,1940,2
SLC:DF_LAWS(1.0),interkantonale_vereinbarung,AR,autres,1940,2
SLC:DF_LAWS(1.0),interkantonale_vereinbarung,BS,etat,1940,1
SLC:DF_LAWS(1.0),interkantonale_vereinbarung,SG,etat,1940,1
SLC:DF_LAWS(1.0),reglement,GE,fin,1940,1
SLC:DF_LAWS(1.0),reglement,GE,sante,1940,1
SLC:DF_LAWS(1.0),reglement,LU,educ,1940,1
SLC:DF_LAWS(1.0),verordnung,BS,sante,1940,1
SLC:DF_LAWS(1.0),verordnung,SO,autres,1940,1
SLC:DF_LAWS(1.0),verordnung,ZG,autres,1940,1
SLC:DF_LAWS(1.0),anderes,_T,_T,1940,1
SLC:DF_LAWS(1.0),dekret,_T,_T,1940,3
SLC:DF_LAWS(1.0),gesetz,_T,_T,1940,8
SLC:DF_LAWS(1.0),interkantonale_vereinbarung,_T,_T,1940,6
SLC:DF_LAWS(1.0),reglement,_T,_T,1940,3
SLC:DF_LAWS(1.0),verordnung,_T,_T,1940,3
SLC:DF_LAWS(1.0),_T,AI,_T,1940,3
SLC:DF_LAWS(1.0),_T,AR,_T,1940,2
SLC:DF_LAWS(1.0),_T,BE,_T,1940,2
SLC:DF_LAWS(1.0),_T,BS,_T,1940,3
SLC:DF_LAWS(1.0),_T,GE,_T,1940,2
SLC:DF_LAWS(1.0),_T,LU,_T,1940,1
SLC:DF_LAWS(1.0),_T,SG,_T,1940,2
SLC:DF_LAWS(1.0),_T,SO,_T,1940,1
SLC:DF_LAWS(1.0),_T,TI,_T,1940,1
SLC:DF_LAWS(1.0),_T,UR,_T,1940,1
SLC:DF_LAWS(1.0),_T,VD,_T,1940,2
SLC:DF_LAWS(1.0),_T,ZG,_T,1940,4
SLC:DF_LAWS(1.0),_T,_T,autres,1940,10
SLC:DF_LAWS(1.0),_T,_T,educ,1940,1
SLC:DF_LAWS(1.0),_T,_T,etat,1940,5
SLC:DF_LAWS(1.0),_T,_T,fin,1940,2
SLC:DF_LAWS(1.0),_T,_T,infra,1940,2
SLC:DF_LAWS(1.0),_T,_T,sante,1940,4
SLC:DF_LAWS(1.0),_T,_T,_T,1940,24
SLC:DF_LAWS(1.0),anderes,BS,etat,1941,1
SLC:DF_LAWS(1.0),anderes,GL,infra,1941,1
SLC:DF_LAWS(1.0),anderes,NE,etat,1941,1
SLC:DF_LAWS(1.0),anderes,SO,etat,1941,3
SLC:DF_LAWS(1.0),anderes,SO,infra,1941,1
SLC:DF_LAWS(1.0),anderes,VD,sante,1941,1
SLC:DF_LAWS(1.0),dekret,NE,autres,1941,1
SLC:DF_LAWS(1.0),dekret,TG,etat,1941,1
SLC:DF_LAWS(1.0),gesetz,BL,sante,1941,1
SLC:DF_LAWS(1.0),gesetz,BS,sante,1941,2
SLC:DF_LAWS(1.0),gesetz,GE,autres,1941,3
SLC:DF_LAWS(1.0),gesetz,SG,eco,1941,1
SLC:DF_LAWS(1.0),gesetz,SG,etat,1941,1
SLC:DF_LAWS(1.0),gesetz,SH,sante,1941,1
SLC:DF_LAWS(1.0),gesetz,SO,autres,1941,1
SLC:DF_LAWS(1.0),gesetz,TI,autres,1941,1
SLC:DF_LAWS(1.0),gesetz,VD,autres,1941,1
SLC:DF_LAWS(1.0),interkantonale_vereinbarung,SO,autres,1941,1
SLC:DF_LAWS(1.0),reglement,GE,autres,1941,1
SLC:DF_LAWS(1.0),verordnung,AR,sante,1941,1
SLC:DF_LAWS(1.0),verordnung,BS,sante,1941,2
SLC:DF_LAWS(1.0),verordnung,ZG,autres,1941,1
SLC:DF_LAWS(1.0),anderes,_T,_T,1941,8
SLC:DF_LAWS(1.0),dekret,_T,_T,1941,2
SLC:DF_LAWS(1.0),gesetz,_T,_T,1941,12
SLC:DF_LAWS(1.0),interkantonale_vereinbarung,_T,_T,1941,1
SLC:DF_LAWS(1.0),reglement,_T,_T,1941,1
SLC:DF_LAWS(1.0),verordnung,_T,_T,1941,4
SLC:DF_LAWS(1.0),_T,AR,_T,1941,1
SLC:DF_LAWS(1.0),_T,BL,_T,1941,1
SLC:DF_LAWS(1.0),_T,BS,_T,1941,5
SLC:DF_LAWS(1.0),_T,GE,_T,1941,4
SLC:DF_LAWS(1.0),_T,GL,_T,1941,1
SLC:DF_LAWS(1.0),_T,NE,_T,1941,2
SLC:DF_LAWS(1.0),_T,SG,_T,1941,2
SLC:DF_LAWS(1.0),_T,SH,_T,1941,1
SLC:DF_LAWS(1.0),_T,SO,_T,1941,6
SLC:DF_LAWS(1.0),_T,TG,_T,1941,1
SLC:DF_LAWS(1.0),_T,TI,_T,1941,1
SLC:DF_LAWS(1.0),_T,VD,_T,1941,2
SLC:DF_LAWS(1.0),_T,ZG,_T,1941,1
SLC:DF_LAWS(1.0),_T,_T,autres,1941,10
SLC:DF_LAWS(1.0),_T,_T,eco,1941,1
SLC:DF_LAWS(1.0),_T,_T,etat,1941,7
SLC:DF_LAWS(1.0),_T,_T,infra,1941,2
SLC:DF_LAWS(1.0),_T,_T,sante,1941,8
SLC:DF_LAWS(1.0),_T,_T,_T,1941,28
SLC:DF_LAWS(1.0),anderes,SO,etat,1942,1
SLC:DF_LAWS(1.0),anderes,VD,eco,1942,1
SLC:DF_LAWS(1.0),dekret,AI,sante,1942,1
SLC:DF_LAWS(1.0),dekret,AR,sante,1942,1
SLC:DF_LAWS(1.0),dekret,FR,infra,1942,1
SLC:DF_LAWS(1.0),dekret,NE,educ,1942,1
SLC:DF_LAWS(1.0),dekret,OW,autres,1942,1
SLC:DF_LAWS(1.0),dekret,SZ,fin,1942,1
SLC:DF_LAWS(1.0),dekret,VD,etat,1942,1
SLC:DF_LAWS(1.0),gesetz,AG,sante,1942,1
SLC:DF_LAWS(1.0),gesetz,BS,fin,1942,1
SLC:DF_LAWS(1.0),gesetz,FR,autres,1942,1
SLC:DF_LAWS(1.0),gesetz,LU,educ,1942,1
SLC:DF_LAWS(1.0),gesetz,NE,eco,1942,1
SLC:DF_LAWS(1.0),reglement,BE,educ,1942,1
SLC:DF_LAWS(1.0),reglement,GE,autres,1942,2
SLC:DF_LAWS(1.0),reglement,GE,eco,1942,2
SLC:DF_LAWS(1.0),verordnung,AG,sante,1942,1
SLC:DF_LAWS(1.0),verordnung,BE,autres,1942,1
SLC:DF_LAWS(1.0),verordnung,BE,etat,1942,1
SLC:DF_LAWS(1.0),verordnung,LU,educ,1942,1
SLC:DF_LAWS(1.0),verordnung,UR,autres,1942,1
SLC:DF_LAWS(1.0),verordnung,ZH,infra,1942,1
SLC:DF_LAWS(1.0),anderes,_T,_T,1942,2
SLC:DF_LAWS(1.0),dekret,_T,_T,1942,7
SLC:DF_LAWS(1.0),gesetz,_T,_T,1942,5
SLC:DF_LAWS(1.0),reglement,_T,_T,1942,5
SLC:DF_LAWS(1.0),verordnung,_T,_T,1942,6
SLC:DF_LAWS(1.0),_T,AG,_T,1942,2
SLC:DF_LAWS(1.0),_T,AI,_T,1942,1
SLC:DF_LAWS(1.0),_T,AR,_T,1942,1
SLC:DF_LAWS(1.0),_T,BE,_T,1942,3
SLC:DF_LAWS(1.0),_T,BS,_T,1942,1
SLC:DF_LAWS(1.0),_T,FR,_T,1942,2
SLC:DF_LAWS(1.0),_T,GE,_T,1942,4
SLC:DF_LAWS(1.0),_T,LU,_T,1942,2
SLC:DF_LAWS(1.0),_T,NE,_T,1942,2
SLC:DF_LAWS(1.0),_T,OW,_T,1942,1
SLC:DF_LAWS(1.0),_T,SO,_T,1942,1
SLC:DF_LAWS(1.0),_T,SZ,_T,1942,1
SLC:DF_LAWS(1.0),_T,UR,_T,1942,1
SLC:DF_LAWS(1.0),_T,VD,_T,1942,2
SLC:DF_LAWS(1.0),_T,ZH,_T,1942,1
SLC:DF_LAWS(1.0),_T,_T,autres,1942,6
SLC:DF_LAWS(1.0),_T,_T,eco,1942,4
SLC:DF_LAWS(1.0),_T,_T,educ,1942,4
SLC:DF_LAWS(1.0),_T,_T,etat,1942,3
SLC:DF_LAWS(1.0),_T,_T,fin,1942,2
SLC:DF_LAWS(1.0),_T,_T,infra,1942,2
SLC:DF_LAWS(1.0),_T,_T,sante,1942,4
SLC:DF_LAWS(1.0),_T,_T,_T,1942,25
SLC:DF_LAWS(1.0),anderes,BS,eco,1943,1
SLC:DF_LAWS(1.0),anderes,BS,educ,1943,1
SLC:DF_LAWS(1.0),anderes,BS,sante,1943,2
SLC:DF_LAWS(1.0),anderes,FR,etat,1943,1
SLC:DF_LAWS(1.0),anderes,SO,eco,1943,1
SLC:DF_LAWS(1.0),anderes,SO,etat,1943,1
SLC:DF_LAWS(1.0),anderes,ZH,etat,1943,1
SLC:DF_LAWS(1.0),dekret,AG,eco,1943,1
SLC:DF_LAWS(1.0),dekret,AG,fin,1943,1
SLC:DF_LAWS(1.0),dekret,AI,autres,1943,1
SLC:DF_LAWS(1.0),dekret,AI,eco,1943,1
SLC:DF_LAWS(1.0),dekret,BE,eco,1943,1
SLC:DF_LAWS(1.0),dekret,BL,etat,1943,1
SLC:DF_LAWS(1.0),dekret,BS,educ,1943,1
SLC:DF_LAWS(1.0),dekret,SH,eco,1943,1
SLC:DF_LAWS(1.0),dekret,TI,eco,1943,1
SLC:DF_LAWS(1.0),dekret,ZG,eco,1943,1
SLC:DF_LAWS(1.0),gesetz,GE,etat,1943,1
SLC:DF_LAWS(1.0),gesetz,SO,sante,1943,1
SLC:DF_LAWS(1.0),gesetz,SZ,sante,1943,1
SLC:DF_LAWS(1.0),gesetz,ZH,etat,1943,1
SLC:DF_LAWS(1.0),gesetz,ZH,sante,1943,1
SLC:DF_LAWS(1.0),interkantonale_vereinbarung,AG,eco,1943,1
SLC:DF_LAWS(1.0),interkantonale_vereinbarung,AI,eco,1943,1
SLC:DF_LAWS(1.0),interkantonale_vereinbarung,AR,eco,1943,1
SLC:DF_LAWS(1.0),interkantonale_vereinbarung,BE,eco,1943,1
SLC:DF_LAWS(1.0),interkantonale_vereinbarung,BL,eco,1943,1
SLC:DF_LAWS(1.0),interkantonale_vereinbarung,FR,eco,1943,1
SLC:DF_LAWS(1.0),interkantonale_vereinbarung,GE,eco,1943,1
SLC:DF_LAWS(1.0),interkantonale_vereinbarung,GL,eco,1943,1
SLC:DF_LAWS(1.0),interkantonale_vereinbarung,GR,eco,1943,1
SLC:DF_LAWS(1.0),interkantonale_vereinbarung,GR,fin,1943,1
SLC:DF_LAWS(1.0),interkantonale_vereinbarung,JU,eco,1943,1
SLC:DF_LAWS(1.0),interkantonale_vereinbarung,LU,eco,1943,1
SLC:DF_LAWS(1.0),interkantonale_vereinbarung,NE,eco,1943,2
SLC:DF_LAWS(1.0),interkantonale_vereinbarung,NE,educ,1943,1
SLC:DF_LAWS(1.0),interkantonale_vereinbarung,NW,eco,1943,1
SLC:DF_LAWS(1.0),interkantonale_vereinbarung,OW,eco,1943,1
SLC:DF_LAWS(1.0),interkantonale_vereinbarung,SG,eco,1943,1
SLC:DF_LAWS(1.0),interkantonale_vereinbarung,SH,eco,1943,2
SLC:DF_LAWS(1.0),interkantonale_vereinbarung,SO,eco,1943,1
SLC:DF_LAWS(1.0),interkantonale_vereinbarung,SZ,eco,1943,1
SLC:DF_LAWS(1.0),interkantonale_vereinbarung,SZ,fin,1943,1
SLC:DF_LAWS(1.0),interkantonale_vereinbarung,TG,eco,1943,1
SLC:DF_LAWS(1.0),interkantonale_vereinbarung,TI,eco,1943,1
SLC:DF_LAWS(1.0),interkantonale_vereinbarung,UR,eco,1943,1
SLC:DF_LAWS(1.0),interkantonale_vereinbarung,VD,eco,1943,1
SLC:DF_LAWS(1.0),interkantonale_vereinbarung,ZG,eco,1943,1
SLC:DF_LAWS(1.0),interkantonale_vereinbarung,ZH,eco,1943,1
SLC:DF_LAWS(1.0),reglement,GE,autres,1943,1
SLC:DF_LAWS(1.0),reglement,GE,eco,1943,1
SLC:DF_LAWS(1.0),reglement,NE,eco,1943,1
SLC:DF_LAWS(1.0),reglement,SO,sante,1943,1
SLC:DF_LAWS(1.0),reglement,VD,eco,1943,1
SLC:DF_LAWS(1.0),reglement,VS,eco,1943,1
SLC:DF_LAWS(1.0),verordnung,AG,eco,1943,1
SLC:DF_LAWS(1.0),verordnung,BE,educ,1943,1
SLC:DF_LAWS(1.0),verordnung,GL,eco,1943,1
SLC:DF_LAWS(1.0),verordnung,NE,infra,1943,1
SLC:DF_LAWS(1.0),verordnung,OW,eco,1943,1
SLC:DF_LAWS(1.0),verordnung,SG,eco,1943,2
SLC:DF_LAWS(1.0),verordnung,SO,eco,1943,1
SLC:DF_LAWS(1.0),verordnung,SO,sante,1943,1
SLC:DF_LAWS(1.0),verordnung,SZ,etat,1943,1
SLC:DF_LAWS(1.0),verordnung,ZG,autres,1943,1
SLC:DF_LAWS(1.0),anderes,_T,_T,1943,8
SLC:DF_LAWS(1.0),dekret,_T,_T,1943,10
SLC:DF_LAWS(1.0),gesetz,_T,_T,1943,5
SLC:DF_LAWS(1.0),interkantonale_vereinbarung,_T,_T,1943,29
SLC:DF_LAWS(1.0),reglement,_T,_T,1943,6
SLC:DF_LAWS(1.0),verordnung,_T,_T,1943,11
SLC:DF_LAWS(1.0),_T,AG,_T,1943,4
SLC:DF_LAWS(1.0),_T,AI,_T,1943,3
SLC:DF_LAWS(1.0),_T,AR,_T,1943,1
SLC:DF_LAWS(1.0),_T,BE,_T,1943,3
SLC:DF_LAWS(1.0),_T,BL,_T,1943,2
SLC:DF_LAWS(1.0),_T,BS,_T,1943,5
SLC:DF_LAWS(1.0),_T,FR,_T,1943,2
SLC:DF_LAWS(1.0),_T,GE,_T,1943,4
SLC:DF_LAWS(1.0),_T,GL,_T,1943,2
SLC:DF_LAWS(1.0),_T,GR,_T,1943,2
SLC:DF_LAWS(1.0),_T,JU,_T,1943,1
SLC:DF_LAWS(1.0),_T,LU,_T,1943,1
SLC:DF_LAWS(1.0),_T,NE,_T,1943,5
SLC:DF_LAWS(1.0),_T,NW,_T,1943,1
SLC:DF_LAWS(1.0),_T,OW,_T,1943,2
SLC:DF_LAWS(1.0),_T,SG,_T,1943,3
SLC:DF_LAWS(1.0),_T,SH,_T,1943,3
SLC:DF_LAWS(1.0),_T,SO,_T,1943,7
SLC:DF_LAWS(1.0),_T,SZ,_T,1943,4
SLC:DF_LAWS(1.0),_T,TG,_T,1943,1
SLC:DF_LAWS(1.0),_T,TI,_T,1943,2
SLC:DF_LAWS(1.0),_T,UR,_T,1943,1
SLC:DF_LAWS(1.0),_T,VD,_T,1943,2
SLC:DF_LAWS(1.0),_T,VS,_T,1943,1
SLC:DF_LAWS(1.0),_T,ZG,_T,1943,3
SLC:DF_LAWS(1.0),_T,ZH,_T,1943,4
SLC:DF_LAWS(1.0),_T,_T,autres,1943,3
SLC:DF_LAWS(1.0),_T,_T,eco,1943,44
SLC:DF_LAWS(1.0),_T,_T,educ,1943,4
SLC:DF_LAWS(1.0),_T,_T,etat,1943,7
SLC:DF_LAWS(1.0),_T,_T,fin,1943,3
SLC:DF_LAWS(1.0),_T,_T,infra,1943,1
SLC:DF_LAWS(1.0),_T,_T,sante,1943,7
SLC:DF_LAWS(1.0),_T,_T,_T,1943,69
SLC:DF_LAWS(1.0),anderes,BE,etat,1944,1
SLC:DF_LAWS(1.0),anderes,SO,autres,1944,1
SLC:DF_LAWS(1.0),anderes,VD,eco,1944,1
SLC:DF_LAWS(1.0),anderes,VS,infra,1944,1
SLC:DF_LAWS(1.0),dekret,AG,sante,1944,1
SLC:DF_LAWS(1.0),dekret,OW,eco,1944,1
SLC:DF_LAWS(1.0),dekret,SZ,eco,1944,1
SLC:DF_LAWS(1.0),dekret,SZ,infra,1944,1
SLC:DF_LAWS(1.0),dekret,UR,eco,1944,1
SLC:DF_LAWS(1.0),gesetz,AG,sante,1944,2
SLC:DF_LAWS(1.0),gesetz,BS,autres,1944,1
SLC:DF_LAWS(1.0),gesetz,GR,etat,1944,1
SLC:DF_LAWS(1.0),gesetz,SO,educ,1944,1
SLC:DF_LAWS(1.0),gesetz,TI,infra,1944,1
SLC:DF_LAWS(1.0),gesetz,VD,eco,1944,1
SLC:DF_LAWS(1.0),gesetz,VD,infra,1944,1
SLC:DF_LAWS(1.0),interkantonale_vereinbarung,AI,autres,1944,1
SLC:DF_LAWS(1.0),interkantonale_vereinbarung,FR,fin,1944,1
SLC:DF_LAWS(1.0),interkantonale_vereinbarung,SO,fin,1944,1
SLC:DF_LAWS(1.0),interkantonale_vereinbarung,SZ,fin,1944,1
SLC:DF_LAWS(1.0),interkantonale_vereinbarung,UR,autres,1944,1
SLC:DF_LAWS(1.0),interkantonale_vereinbarung,VD,autres,1944,1
SLC:DF_LAWS(1.0),interkantonale_vereinbarung,ZH,fin,1944,1
SLC:DF_LAWS(1.0),reglement,GE,etat,1944,1
SLC:DF_LAWS(1.0),reglement,NW,eco,1944,1
SLC:DF_LAWS(1.0),reglement,SG,eco,1944,1
SLC:DF_LAWS(1.0),reglement,TI,infra,1944,1
SLC:DF_LAWS(1.0),reglement,VD,etat,1944,1
SLC:DF_LAWS(1.0),reglement,VS,educ,1944,1
SLC:DF_LAWS(1.0),reglement,ZH,eco,1944,1
SLC:DF_LAWS(1.0),verordnung,AG,autres,1944,1
SLC:DF_LAWS(1.0),verordnung,AG,sante,1944,1
SLC:DF_LAWS(1.0),verordnung,BS,infra,1944,1
SLC:DF_LAWS(1.0),verordnung,FR,autres,1944,1
SLC:DF_LAWS(1.0),verordnung,SH,autres,1944,1
SLC:DF_LAWS(1.0),verordnung,SZ,eco,1944,1
SLC:DF_LAWS(1.0),anderes,_T,_T,1944,4
SLC:DF_LAWS(1.0),dekret,_T,_T,1944,5
SLC:DF_LAWS(1.0),gesetz,_T,_T,1944,8
SLC:DF_LAWS(1.0),interkantonale_vereinbarung,_T,_T,1944,7
SLC:DF_LAWS(1.0),reglement,_T,_T,1944,7
SLC:DF_LAWS(1.0),verordnung,_T,_T,1944,6
SLC:DF_LAWS(1.0),_T,AG,_T,1944,5
SLC:DF_LAWS(1.0),_T,AI,_T,1944,1
SLC:DF_LAWS(1.0),_T,BE,_T,1944,1
SLC:DF_LAWS(1.0),_T,BS,_T,1944,2
SLC:DF_LAWS(1.0),_T,FR,_T,1944,2
SLC:DF_LAWS(1.0),_T,GE,_T,1944,1
SLC:DF_LAWS(1.0),_T,GR,_T,1944,1
SLC:DF_LAWS(1.0),_T,NW,_T,1944,1
SLC:DF_LAWS(1.0),_T,OW,_T,1944,1
SLC:DF_LAWS(1.0),_T,SG,_T,1944,1
SLC:DF_LAWS(1.0),_T,SH,_T,1944,1
SLC:DF_LAWS(1.0),_T,SO,_T,1944,3
SLC:DF_LAWS(1.0),_T,SZ,_T,1944,4
SLC:DF_LAWS(1.0),_T,TI,_T,1944,2
SLC:DF_LAWS(1.0),_T,UR,_T,1944,2
SLC:DF_LAWS(1.0),_T,VD,_T,1944,5
SLC:DF_LAWS(1.0),_T,VS,_T,1944,2
SLC:DF_LAWS(1.0),_T,ZH,_T,1944,2
SLC:DF_LAWS(1.0),_T,_T,autres,1944,8
SLC:DF_LAWS(1.0),_T,_T,eco,1944,9
SLC:DF_LAWS(1.0),_T,_T,educ,1944,2
SLC:DF_LAWS(1.0),_T,_T,etat,1944,4
SLC:DF_LAWS(1.0),_T,_T,fin,1944,4
SLC:DF_LAWS(1.0),_T,_T,infra,1944,6
SLC:DF_LAWS(1.0),_T,_T,sante,1944,4
SLC:DF_LAWS(1.0),_T,_T,_T,1944,37
SLC:DF_LAWS(1.0),anderes,GL,fin,1945,1
SLC:DF_LAWS(1.0),anderes,LU,etat,1945,1
SLC:DF_LAWS(1.0),anderes,NE,autres,1945,2
SLC:DF_LAWS(1.0),dekret,ZH,sante,1945,1
SLC:DF_LAWS(1.0),gesetz,BE,etat,1945,1
SLC:DF_LAWS(1.0),gesetz,BS,autres,1945,1
SLC:DF_LAWS(1.0),gesetz,GE,fin,1945,1
SLC:DF_LAWS(1.0),gesetz,NE,autres,1945,1
SLC:DF_LAWS(1.0),gesetz,TI,autres,1945,1
SLC:DF_LAWS(1.0),gesetz,TI,etat,1945,1
SLC:DF_LAWS(1.0),interkantonale_vereinbarung,SG,fin,1945,1
SLC:DF_LAWS(1.0),reglement,GE,etat,1945,1
SLC:DF_LAWS(1.0),reglement,GE,sante,1945,1
SLC:DF_LAWS(1.0),reglement,NE,autres,1945,1
SLC:DF_LAWS(1.0),reglement,NE,educ,1945,1
SLC:DF_LAWS(1.0),reglement,NE,sante,1945,1
SLC:DF_LAWS(1.0),reglement,SH,fin,1945,1
SLC:DF_LAWS(1.0),reglement,VD,fin,1945,1
SLC:DF_LAWS(1.0),verordnung,BE,etat,1945,1
SLC:DF_LAWS(1.0),verordnung,BL,fin,1945,1
SLC:DF_LAWS(1.0),verordnung,BS,sante,1945,1
SLC:DF_LAWS(1.0),verordnung,NW,eco,1945,1
SLC:DF_LAWS(1.0),verordnung,SG,sante,1945,1
SLC:DF_LAWS(1.0),verordnung,SO,infra,1945,1
SLC:DF_LAWS(1.0),verordnung,TI,autres,1945,1
SLC:DF_LAWS(1.0),anderes,_T,_T,1945,4
SLC:DF_LAWS(1.0),dekret,_T,_T,1945,1
SLC:DF_LAWS(1.0),gesetz,_T,_T,1945,6
SLC:DF_LAWS(1.0),interkantonale_vereinbarung,_T,_T,1945,1
SLC:DF_LAWS(1.0),reglement,_T,_T,1945,7
SLC:DF_LAWS(1.0),verordnung,_T,_T,1945,7
SLC:DF_LAWS(1.0),_T,BE,_T,1945,2
SLC:DF_LAWS(1.0),_T,BL,_T,1945,1
SLC:DF_LAWS(1.0),_T,BS,_T,1945,2
SLC:DF_LAWS(1.0),_T,GE,_T,1945,3
SLC:DF_LAWS(1.0),_T,GL,_T,1945,1
SLC:DF_LAWS(1.0),_T,LU,_T,1945,1
SLC:DF_LAWS(1.0),_T,NE,_T,1945,6
SLC:DF_LAWS(1.0),_T,NW,_T,1945,1
SLC:DF_LAWS(1.0),_T,SG,_T,1945,2
SLC:DF_LAWS(1.0),_T,SH,_T,1945,1
SLC:DF_LAWS(1.0),_T,SO,_T,1945,1
SLC:DF_LAWS(1.0),_T,TI,_T,1945,3
SLC:DF_LAWS(1.0),_T,VD,_T,1945,1
SLC:DF_LAWS(1.0),_T,ZH,_T,1945,1
SLC:DF_LAWS(1.0),_T,_T,autres,1945,7
SLC:DF_LAWS(1.0),_T,_T,eco,1945,1
SLC:DF_LAWS(1.0),_T,_T,educ,1945,1
SLC:DF_LAWS(1.0),_T,_T,etat,1945,5
SLC:DF_LAWS(1.0),_T,_T,fin,1945,6
SLC:DF_LAWS(1.0),_T,_T,infra,1945,1
SLC:DF_LAWS(1.0),_T,_T,sante,1945,5
SLC:DF_LAWS(1.0),_T,_T,_T,1945,26
SLC:DF_LAWS(1.0),anderes,FR,sante,1946,1
SLC:DF_LAWS(1.0),anderes,GL,fin,1946,1
SLC:DF_LAWS(1.0),anderes,GL,infra,1946,1
SLC:DF_LAWS(1.0),anderes,LU,etat,1946,1
SLC:DF_LAWS(1.0),anderes,NE,sante,1946,2
SLC:DF_LAWS(1.0),anderes,SO,autres,1946,1
SLC:DF_LAWS(1.0),anderes,SO,etat,1946,1
SLC:DF_LAWS(1.0),anderes,SZ,infra,1946,1
SLC:DF_LAWS(1.0),anderes,VD,educ,1946,1
SLC:DF_LAWS(1.0),anderes,ZG,etat,1946,1
SLC:DF_LAWS(1.0),dekret,AI,fin,1946,1
SLC:DF_LAWS(1.0),dekret,GR,etat,1946,1
SLC:DF_LAWS(1.0),dekret,NE,sante,1946,1
SLC:DF_LAWS(1.0),dekret,SG,eco,1946,1
SLC:DF_LAWS(1.0),gesetz,GE,eco,1946,1
SLC:DF_LAWS(1.0),gesetz,GL,etat,1946,1
SLC:DF_LAWS(1.0),gesetz,JU,sante,1946,1
SLC:DF_LAWS(1.0),gesetz,LU,eco,1946,1
SLC:DF_LAWS(1.0),gesetz,NE,eco,1946,1
SLC:DF_LAWS(1.0),gesetz,SO,etat,1946,1
SLC:DF_LAWS(1.0),gesetz,SO,sante,1946,1
SLC:DF_LAWS(1.0),gesetz,SZ,sante,1946,1
SLC:DF_LAWS(1.0),gesetz,ZG,etat,1946,1
SLC:DF_LAWS(1.0),interkantonale_vereinbarung,SG,fin,1946,1
SLC:DF_LAWS(1.0),reglement,BS,educ,1946,1
SLC:DF_LAWS(1.0),reglement,GE,eco,1946,1
SLC:DF_LAWS(1.0),reglement,GE,etat,1946,2
SLC:DF_LAWS(1.0),reglement,NE,sante,1946,2
SLC:DF_LAWS(1.0),reglement,VD,etat,1946,1
SLC:DF_LAWS(1.0),verordnung,AG,autres,1946,1
SLC:DF_LAWS(1.0),verordnung,AG,sante,1946,1
SLC:DF_LAWS(1.0),verordnung,GR,educ,1946,1
SLC:DF_LAWS(1.0),verordnung,LU,eco,1946,1
SLC:DF_LAWS(1.0),verordnung,NE,etat,1946,1
SLC:DF_LAWS(1.0),verordnung,TG,educ,1946,1
SLC:DF_LAWS(1.0),verordnung,ZH,infra,1946,1
SLC:DF_LAWS(1.0),anderes,_T,_T,1946,11
SLC:DF_LAWS(1.0),dekret,_T,_T,1946,4
SLC:DF_LAWS(1.0),gesetz,_T,_T,1946,9
SLC:DF_LAWS(1.0),interkantonale_vereinbarung,_T,_T,1946,1
SLC:DF_LAWS(1.0),reglement,_T,_T,1946,7
SLC:DF_LAWS(1.0),verordnung,_T,_T,1946,7
SLC:DF_LAWS(1.0),_T,AG,_T,1946,2
SLC:DF_LAWS(1.0),_T,AI,_T,1946,1
SLC:DF_LAWS(1.0),_T,BS,_T,1946,1
SLC:DF_LAWS(1.0),_T,FR,_T,1946,1
SLC:DF_LAWS(1.0),_T,GE,_T,1946,4
SLC:DF_LAWS(1.0),_T,GL,_T,1946,3
SLC:DF_LAWS(1.0),_T,GR,_T,1946,2
SLC:DF_LAWS(1.0),_T,JU,_T,1946,1
SLC:DF_LAWS(1.0),_T,LU,_T,1946,3
SLC:DF_LAWS(1.0),_T,NE,_T,1946,7
SLC:DF_LAWS(1.0),_T,SG,_T,1946,2
SLC:DF_LAWS(1.0),_T,SO,_T,1946,4
SLC:DF_LAWS(1.0),_T,SZ,_T,1946,2
SLC:DF_LAWS(1.0),_T,TG,_T,1946,1
SLC:DF_LAWS(1.0),_T,VD,_T,1946,2
SLC:DF_LAWS(1.0),_T,ZG,_T,1946,2
SLC:DF_LAWS(1.0),_T,ZH,_T,1946,1
SLC:DF_LAWS(1.0),_T,_T,autres,1946,2
SLC:DF_LAWS(1.0),_T,_T,eco,1946,6
SLC:DF_LAWS(1.0),_T,_T,educ,1946,4
SLC:DF_LAWS(1.0),_T,_T,etat,1946,11
SLC:DF_LAWS(1.0),_T,_T,fin,1946,3
SLC:DF_LAWS(1.0),_T,_T,infra,1946,3
SLC:DF_LAWS(1.0),_T,_T,sante,1946,10
SLC:DF_LAWS(1.0),_T,_T,_T,1946,39
SLC:DF_LAWS(1.0),anderes,BL,eco,1947,1
SLC:DF_LAWS(1.0),anderes,BS,etat,1947,1
SLC:DF_LAWS(1.0),anderes,BS,infra,1947,1
SLC:DF_LAWS(1.0),anderes,GL,infra,1947,1
SLC:DF_LAWS(1.0),anderes,GR,educ,1947,1
SLC:DF_LAWS(1.0),anderes,NE,sante,1947,1
SLC:DF_LAWS(1.0),anderes,SH,infra,1947,1
SLC:DF_LAWS(1.0),anderes,SO,etat,1947,1
SLC:DF_LAWS(1.0),anderes,SO,infra,1947,1
SLC:DF_LAWS(1.0),anderes,VD,fin,1947,1
SLC:DF_LAWS(1.0),anderes,ZG,fin,1947,1
SLC:DF_LAWS(1.0),dekret,AI,autres,1947,1
SLC:DF_LAWS(1.0),dekret,AR,sante,1947,1
SLC:DF_LAWS(1.0),dekret,NE,sante,1947,1
SLC:DF_LAWS(1.0),dekret,SG,fin,1947,1
SLC:DF_LAWS(1.0),dekret,TI,autres,1947,1
SLC:DF_LAWS(1.0),gemeindeerlass,BS,infra,1947,2
SLC:DF_LAWS(1.0),gesetz,TG,sante,1947,1
SLC:DF_LAWS(1.0),gesetz,VD,autres,1947,1
SLC:DF_LAWS(1.0),gesetz,VD,etat,1947,1
SLC:DF_LAWS(1.0),gesetz,VD,fin,1947,1
SLC:DF_LAWS(1.0),interkantonale_vereinbarung,TI,sante,1947,1
SLC:DF_LAWS(1.0),interkantonale_vereinbarung,ZG,fin,1947,1
SLC:DF_LAWS(1.0),interkantonale_vereinbarung,ZH,fin,1947,2
SLC:DF_LAWS(1.0),reglement,GE,fin,1947,1
SLC:DF_LAWS(1.0),reglement,OW,eco,1947,1
SLC:DF_LAWS(1.0),staatsvertrag,SO,fin,1947,1
SLC:DF_LAWS(1.0),verordnung,JU,autres,1947,1
SLC:DF_LAWS(1.0),verordnung,SO,sante,1947,1
SLC:DF_LAWS(1.0),anderes,_T,_T,1947,11
SLC:DF_LAWS(1.0),dekret,_T,_T,1947,5
SLC:DF_LAWS(1.0),gemeindeerlass,_T,_T,1947,2
SLC:DF_LAWS(1.0),gesetz,_T,_T,1947,4
SLC:DF_LAWS(1.0),interkantonale_vereinbarung,_T,_T,1947,4
SLC:DF_LAWS(1.0),reglement,_T,_T,1947,2
SLC:DF_LAWS(1.0),staatsvertrag,_T,_T,1947,1
SLC:DF_LAWS(1.0),verordnung,_T,_T,1947,2
SLC:DF_LAWS(1.0),_T,AI,_T,1947,1
SLC:DF_LAWS(1.0),_T,AR,_T,1947,1
SLC:DF_LAWS(1.0),_T,BL,_T,1947,1
SLC:DF_LAWS(1.0),_T,BS,_T,1947,4
SLC:DF_LAWS(1.0),_T,GE,_T,1947,1
SLC:DF_LAWS(1.0),_T,GL,_T,1947,1
SLC:DF_LAWS(1.0),_T,GR,_T,1947,1
SLC:DF_LAWS(1.0),_T,JU,_T,1947,1
SLC:DF_LAWS(1.0),_T,NE,_T,1947,2
SLC:DF_LAWS(1.0),_T,OW,_T,1947,1
SLC:DF_LAWS(1.0),_T,SG,_T,1947,1
SLC:DF_LAWS(1.0),_T,SH,_T,1947,1
SLC:DF_LAWS(1.0),_T,SO,_T,1947,4
SLC:DF_LAWS(1.0),_T,TG,_T,1947,1
SLC:DF_LAWS(1.0),_T,TI,_T,1947,2
SLC:DF_LAWS(1.0),_T,VD,_T,1947,4
SLC:DF_LAWS(1.0),_T,ZG,_T,1947,2
SLC:DF_LAWS(1.0),_T,ZH,_T,1947,2
SLC:DF_LAWS(1.0),_T,_T,autres,1947,4
SLC:DF_LAWS(1.0),_T,_T,eco,1947,2
SLC:DF_LAWS(1.0),_T,_T,educ,1947,1
SLC:DF_LAWS(1.0),_T,_T,etat,1947,3
SLC:DF_LAWS(1.0),_T,_T,fin,1947,9
SLC:DF_LAWS(1.0),_T,_T,infra,1947,6
SLC:DF_LAWS(1.0),_T,_T,sante,1947,6
SLC:DF_LAWS(1.0),_T,_T,_T,1947,31
SLC:DF_LAWS(1.0),anderes,NE,infra,1948,1
SLC:DF_LAWS(1.0),anderes,SH,sante,1948,1
SLC:DF_LAWS(1.0),anderes,VD,infra,1948,1
SLC:DF_LAWS(1.0),anderes,VD,sante,1948,1
SLC:DF_LAWS(1.0),anderes,ZH,infra,1948,1
SLC:DF_LAWS(1.0),dekret,AG,infra,1948,1
SLC:DF_LAWS(1.0),dekret,AG,sante,1948,1
SLC:DF_LAWS(1.0),dekret,TI,sante,1948,1
SLC:DF_LAWS(1.0),dekret,UR,sante,1948,1
SLC:DF_LAWS(1.0),gemeindeerlass,BS,etat,1948,1
SLC:DF_LAWS(1.0),gesetz,AR,eco,1948,1
SLC:DF_LAWS(1.0),gesetz,BS,etat,1948,1
SLC:DF_LAWS(1.0),gesetz,GL,sante,1948,2
SLC:DF_LAWS(1.0),gesetz,LU,etat,1948,1
SLC:DF_LAWS(1.0),gesetz,VD,etat,1948,1
SLC:DF_LAWS(1.0),interkantonale_vereinbarung,AG,fin,1948,1
SLC:DF_LAWS(1.0),interkantonale_vereinbarung,AI,fin,1948,1
SLC:DF_LAWS(1.0),interkantonale_vereinbarung,AR,fin,1948,1
SLC:DF_LAWS(1.0),interkantonale_vereinbarung,BL,educ,1948,1
SLC:DF_LAWS(1.0),interkantonale_vereinbarung,BL,fin,1948,1
SLC:DF_LAWS(1.0),interkantonale_vereinbarung,BS,etat,1948,1
SLC:DF_LAWS(1.0),interkantonale_vereinbarung,BS,fin,1948,1
SLC:DF_LAWS(1.0),interkantonale_vereinbarung,FR,fin,1948,1
SLC:DF_LAWS(1.0),interkantonale_vereinbarung,GE,fin,1948,1
SLC:DF_LAWS(1.0),interkantonale_vereinbarung,GL,fin,1948,1
SLC:DF_LAWS(1.0),interkantonale_vereinbarung,GR,fin,1948,1
SLC:DF_LAWS(1.0),interkantonale_vereinbarung,JU,fin,1948,1
SLC:DF_LAWS(1.0),interkantonale_vereinbarung,LU,fin,1948,1
SLC:DF_LAWS(1.0),interkantonale_vereinbarung,NW,fin,1948,2
SLC:DF_LAWS(1.0),interkantonale_vereinbarung,OW,fin,1948,1
SLC:DF_LAWS(1.0),interkantonale_vereinbarung,SG,fin,1948,1
SLC:DF_LAWS(1.0),interkantonale_vereinbarung,SH,fin,1948,1
SLC:DF_LAWS(1.0),interkantonale_vereinbarung,SO,fin,1948,1
SLC:DF_LAWS(1.0),interkantonale_vereinbarung,SZ,fin,1948,1
SLC:DF_LAWS(1.0),interkantonale_vereinbarung,TG,fin,1948,1
SLC:DF_LAWS(1.0),interkantonale_vereinbarung,TI,fin,1948,1
SLC:DF_LAWS(1.0),interkantonale_vereinbarung,UR,fin,1948,1
SLC:DF_LAWS(1.0),interkantonale_vereinbarung,VD,fin,1948,1
SLC:DF_LAWS(1.0),interkantonale_vereinbarung,VS,fin,1948,1
SLC:DF_LAWS(1.0),interkantonale_vereinbarung,ZG,fin,1948,1
SLC:DF_LAWS(1.0),interkantonale_vereinbarung,ZH,fin,1948,1
SLC:DF_LAWS(1.0),reglement,GE,infra,1948,1
SLC:DF_LAWS(1.0),reglement,GL,sante,1948,1
SLC:DF_LAWS(1.0),reglement,NE,educ,1948,1
SLC:DF_LAWS(1.0),reglement,NE,sante,1948,1
SLC:DF_LAWS(1.0),reglement,UR,sante,1948,1
SLC:DF_LAWS(1.0),verordnung,AR,etat,1948,1
SLC:DF_LAWS(1.0),verordnung,BE,sante,1948,1
SLC:DF_LAWS(1.0),verordnung,BL,etat,1948,1
SLC:DF_LAWS(1.0),verordnung,GL,sante,1948,1
SLC:DF_LAWS(1.0),verordnung,OW,eco,1948,1
SLC:DF_LAWS(1.0),verordnung,SG,etat,1948,1
SLC:DF_LAWS(1.0),verordnung,SO,fin,1948,1
SLC:DF_LAWS(1.0),verordnung,TG,educ,1948,1
SLC:DF_LAWS(1.0),verordnung,TG,sante,1948,1
SLC:DF_LAWS(1.0),verordnung,TI,infra,1948,1
SLC:DF_LAWS(1.0),anderes,_T,_T,1948,5
SLC:DF_LAWS(1.0),dekret,_T,_T,1948,4
SLC:DF_LAWS(1.0),gemeindeerlass,_T,_T,1948,1
SLC:DF_LAWS(1.0),gesetz,_T,_T,1948,6
SLC:DF_LAWS(1.0),interkantonale_vereinbarung,_T,_T,1948,27
SLC:DF_LAWS(1.0),reglement,_T,_T,1948,5
SLC:DF_LAWS(1.0),verordnung,_T,_T,1948,10
SLC:DF_LAWS(1.0),_T,AG,_T,1948,3
SLC:DF_LAWS(1.0),_T,AI,_T,1948,1
SLC:DF_LAWS(1.0),_T,AR,_T,1948,3
SLC:DF_LAWS(1.0),_T,BE,_T,1948,1
SLC:DF_LAWS(1.0),_T,BL,_T,1948,3
SLC:DF_LAWS(1.0),_T,BS,_T,1948,4
SLC:DF_LAWS(1.0),_T,FR,_T,1948,1
SLC:DF_LAWS(1.0),_T,GE,_T,1948,2
SLC:DF_LAWS(1.0),_T,GL,_T,1948,5
SLC:DF_LAWS(1.0),_T,GR,_T,1948,1
SLC:DF_LAWS(1.0),_T,JU,_T,1948,1
SLC:DF_LAWS(1.0),_T,LU,_T,1948,2
SLC:DF_LAWS(1.0),_T,NE,_T,1948,3
SLC:DF_LAWS(1.0),_T,NW,_T,1948,2
SLC:DF_LAWS(1.0),_T,OW,_T,1948,2
SLC:DF_LAWS(1.0),_T,SG,_T,1948,2
SLC:DF_LAWS(1.0),_T,SH,_T,1948,2
SLC:DF_LAWS(1.0),_T,SO,_T,1948,2
SLC:DF_LAWS(1.0),_T,SZ,_T,1948,1
SLC:DF_LAWS(1.0),_T,TG,_T,1948,3
SLC:DF_LAWS(1.0),_T,TI,_T,1948,3
SLC:DF_LAWS(1.0),_T,UR,_T,1948,3
SLC:DF_LAWS(1.0),_T,VD,_T,1948,4
SLC:DF_LAWS(1.0),_T,VS,_T,1948,1
SLC:DF_LAWS(1.0),_T,ZG,_T,1948,1
SLC:DF_LAWS(1.0),_T,ZH,_T,1948,2
SLC:DF_LAWS(1.0),_T,_T,eco,1948,2
SLC:DF_LAWS(1.0),_T,_T,educ,1948,3
SLC:DF_LAWS(1.0),_T,_T,etat,1948,8
SLC:DF_LAWS(1.0),_T,_T,fin,1948,26
SLC:DF_LAWS(1.0),_T,_T,infra,1948,6
SLC:DF_LAWS(1.0),_T,_T,sante,1948,13
SLC:DF_LAWS(1.0),_T,_T,_T,1948,58
SLC:DF_LAWS(1.0),anderes,BS,fin,1949,1
SLC:DF_LAWS(1.0),anderes,GL,etat,1949,1
SLC:DF_LAWS(1.0),anderes,NE,sante,1949,1
SLC:DF_LAWS(1.0),anderes,SH,infra,1949,1
SLC:DF_LAWS(1.0),anderes,SO,fin,1949,1
SLC:DF_LAWS(1.0),anderes,VD,autres,1949,1
SLC:DF_LAWS(1.0),anderes,ZG,fin,1949,1
SLC:DF_LAWS(1.0),dekret,AR,sante,1949,1
SLC:DF_LAWS(1.0),dekret,BE,fin,1949,1
SLC:DF_LAWS(1.0),dekret,GL,autres,1949,1
SLC:DF_LAWS(1.0),dekret,SZ,fin,1949,1
SLC:DF_LAWS(1.0),dekret,TI,autres,1949,1
SLC:DF_LAWS(1.0),dekret,TI,fin,1949,2
SLC:DF_LAWS(1.0),dekret,ZG,etat,1949,1
SLC:DF_LAWS(1.0),gesetz,AI,autres,1949,1
SLC:DF_LAWS(1.0),gesetz,AR,sante,1949,1
SLC:DF_LAWS(1.0),gesetz,FR,autres,1949,1
SLC:DF_LAWS(1.0),gesetz,FR,etat,1949,1
SLC:DF_LAWS(1.0),gesetz,NE,eco,1949,1
SLC:DF_LAWS(1.0),gesetz,VS,sante,1949,1
SLC:DF_LAWS(1.0),interkantonale_vereinbarung,AG,fin,1949,2
SLC:DF_LAWS(1.0),interkantonale_vereinbarung,BS,etat,1949,1
SLC:DF_LAWS(1.0),interkantonale_vereinbarung,ZH,fin,1949,2
SLC:DF_LAWS(1.0),reglement,NE,eco,1949,1
SLC:DF_LAWS(1.0),reglement,NW,sante,1949,1
SLC:DF_LAWS(1.0),reglement,SG,infra,1949,1
SLC:DF_LAWS(1.0),reglement,VS,sante,1949,1
SLC:DF_LAWS(1.0),staatsvertrag,BS,infra,1949,1
SLC:DF_LAWS(1.0),verordnung,AI,fin,1949,1
SLC:DF_LAWS(1.0),verordnung,GL,autres,1949,1
SLC:DF_LAWS(1.0),verordnung,SH,etat,1949,1
SLC:DF_LAWS(1.0),verordnung,ZH,etat,1949,1
SLC:DF_LAWS(1.0),anderes,_T,_T,1949,7
SLC:DF_LAWS(1.0),dekret,_T,_T,1949,8
SLC:DF_LAWS(1.0),gesetz,_T,_T,1949,6
SLC:DF_LAWS(1.0),interkantonale_vereinbarung,_T,_T,1949,5
SLC:DF_LAWS(1.0),reglement,_T,_T,1949,4
SLC:DF_LAWS(1.0),staatsvertrag,_T,_T,1949,1
SLC:DF_LAWS(1.0),verordnung,_T,_T,1949,4
SLC:DF_LAWS(1.0),_T,AG,_T,1949,2
SLC:DF_LAWS(1.0),_T,AI,_T,1949,2
SLC:DF_LAWS(1.0),_T,AR,_T,1949,2
SLC:DF_LAWS(1.0),_T,BE,_T,1949,1
SLC:DF_LAWS(1.0),_T,BS,_T,1949,3
SLC:DF_LAWS(1.0),_T,FR,_T,1949,2
SLC:DF_LAWS(1.0),_T,GL,_T,1949,3
SLC:DF_LAWS(1.0),_T,NE,_T,1949,3
SLC:DF_LAWS(1.0),_T,NW,_T,1949,1
SLC:DF_LAWS(1.0),_T,SG,_T,1949,1
SLC:DF_LAWS(1.0),_T,SH,_T,1949,2
SLC:DF_LAWS(1.0),_T,SO,_T,1949,1
SLC:DF_LAWS(1.0),_T,SZ,_T,1949,1
SLC:DF_LAWS(1.0),_T,TI,_T,1949,3
SLC:DF_LAWS(1.0),_T,VD,_T,1949,1
SLC:DF_LAWS(1.0),_T,VS,_T,1949,2
SLC:DF_LAWS(1.0),_T,ZG,_T,1949,2
SLC:DF_LAWS(1.0),_T,ZH,_T,1949,3
SLC:DF_LAWS(1.0),_T,_T,autres,1949,6
SLC:DF_LAWS(1.0),_T,_T,eco,1949,2
SLC:DF_LAWS(1.0),_T,_T,etat,1949,6
SLC:DF_LAWS(1.0),_T,_T,fin,1949,12
SLC:DF_LAWS(1.0),_T,_T,infra,1949,3
SLC:DF_LAWS(1.0),_T,_T,sante,1949,6
SLC:DF_LAWS(1.0),_T,_T,_T,1949,35
SLC:DF_LAWS(1.0),anderes,BE,sante,1950,1
SLC:DF_LAWS(1.0),anderes,BS,etat,1950,1
SLC:DF_LAWS(1.0),anderes,BS,infra,1950,1
SLC:DF_LAWS(1.0),anderes,FR,etat,1950,1
SLC:DF_LAWS(1.0),anderes,VD,eco,1950,1
SLC:DF_LAWS(1.0),anderes,VD,fin,1950,1
SLC:DF_LAWS(1.0),anderes,VS,eco,1950,1
SLC:DF_LAWS(1.0),dekret,LU,fin,1950,1
SLC:DF_LAWS(1.0),dekret,SZ,infra,1950,1
SLC:DF_LAWS(1.0),dekret,TI,fin,1950,1
SLC:DF_LAWS(1.0),dekret,TI,sante,1950,1
SLC:DF_LAWS(1.0),dekret,ZG,fin,1950,1
SLC:DF_LAWS(1.0),gemeindeerlass,BS,etat,1950,1
SLC:DF_LAWS(1.0),gesetz,BL,etat,1950,1
SLC:DF_LAWS(1.0),gesetz,BL,infra,1950,2
SLC:DF_LAWS(1.0),gesetz,GE,eco,1950,1
SLC:DF_LAWS(1.0),gesetz,GL,sante,1950,1
SLC:DF_LAWS(1.0),gesetz,VS,sante,1950,1
SLC:DF_LAWS(1.0),interkantonale_vereinbarung,BL,infra,1950,2
SLC:DF_LAWS(1.0),interkantonale_vereinbarung,FR,infra,1950,1
SLC:DF_LAWS(1.0),interkantonale_vereinbarung,LU,autres,1950,1
SLC:DF_LAWS(1.0),interkantonale_vereinbarung,SO,infra,1950,1
SLC:DF_LAWS(1.0),reglement,GE,eco,1950,1
SLC:DF_LAWS(1.0),staatsvertrag,SH,etat,1950,1
SLC:DF_LAWS(1.0),verordnung,AG,sante,1950,1
SLC:DF_LAWS(1.0),verordnung,BL,etat,1950,1
SLC:DF_LAWS(1.0),verordnung,BS,etat,1950,1
SLC:DF_LAWS(1.0),verordnung,GL,infra,1950,1
SLC:DF_LAWS(1.0),verordnung,GR,sante,1950,1
SLC:DF_LAWS(1.0),verordnung,SZ,infra,1950,1
SLC:DF_LAWS(1.0),anderes,_T,_T,1950,7
SLC:DF_LAWS(1.0),dekret,_T,_T,1950,5
SLC:DF_LAWS(1.0),gemeindeerlass,_T,_T,1950,1
SLC:DF_LAWS(1.0),gesetz,_T,_T,1950,6
SLC:DF_LAWS(1.0),interkantonale_vereinbarung,_T,_T,1950,5
SLC:DF_LAWS(1.0),reglement,_T,_T,1950,1
SLC:DF_LAWS(1.0),staatsvertrag,_T,_T,1950,1
SLC:DF_LAWS(1.0),verordnung,_T,_T,1950,6
SLC:DF_LAWS(1.0),_T,AG,_T,1950,1
SLC:DF_LAWS(1.0),_T,BE,_T,1950,1
SLC:DF_LAWS(1.0),_T,BL,_T,1950,6
SLC:DF_LAWS(1.0),_T,BS,_T,1950,4
SLC:DF_LAWS(1.0),_T,FR,_T,1950,2
SLC:DF_LAWS(1.0),_T,GE,_T,1950,2
SLC:DF_LAWS(1.0),_T,GL,_T,1950,2
SLC:DF_LAWS(1.0),_T,GR,_T,1950,1
SLC:DF_LAWS(1.0),_T,LU,_T,1950,2
SLC:DF_LAWS(1.0),_T,SH,_T,1950,1
SLC:DF_LAWS(1.0),_T,SO,_T,1950,1
SLC:DF_LAWS(1.0),_T,SZ,_T,1950,2
SLC:DF_LAWS(1.0),_T,TI,_T,1950,2
SLC:DF_LAWS(1.0),_T,VD,_T,1950,2
SLC:DF_LAWS(1.0),_T,VS,_T,1950,2
SLC:DF_LAWS(1.0),_T,ZG,_T,1950,1
SLC:DF_LAWS(1.0),_T,_T,autres,1950,1
SLC:DF_LAWS(1.0),_T,_T,eco,1950,4
SLC:DF_LAWS(1.0),_T,_T,etat,1950,7
SLC:DF_LAWS(1.0),_T,_T,fin,1950,4
SLC:DF_LAWS(1.0),_T,_T,infra,1950,10
SLC:DF_LAWS(1.0),_T,_T,sante,1950,6
SLC:DF_LAWS(1.0),_T,_T,_T,1950,32
SLC:DF_LAWS(1.0),anderes,AR,infra,1951,1
SLC:DF_LAWS(1.0),anderes,BE,autres,1951,1
SLC:DF_LAWS(1.0),anderes,BS,educ,1951,1
SLC:DF_LAWS(1.0),anderes,NE,educ,1951,1
SLC:DF_LAWS(1.0),anderes,NE,etat,1951,2
SLC:DF_LAWS(1.0),anderes,NE,sante,1951,1
SLC:DF_LAWS(1.0),anderes,NW,educ,1951,1
SLC:DF_LAWS(1.0),anderes,OW,etat,1951,1
SLC:DF_LAWS(1.0),anderes,SO,etat,1951,1
SLC:DF_LAWS(1.0),anderes,SZ,infra,1951,1
SLC:DF_LAWS(1.0),anderes,VD,autres,1951,1
SLC:DF_LAWS(1.0),anderes,ZH,fin,1951,1
SLC:DF_LAWS(1.0),dekret,AI,autres,1951,1
SLC:DF_LAWS(1.0),dekret,BE,educ,1951,1
SLC:DF_LAWS(1.0),dekret,NE,sante,1951,1
SLC:DF_LAWS(1.0),gesetz,AG,sante,1951,1
SLC:DF_LAWS(1.0),gesetz,BS,sante,1951,1
SLC:DF_LAWS(1.0),gesetz,FR,educ,1951,1
SLC:DF_LAWS(1.0),gesetz,GE,sante,1951,1
SLC:DF_LAWS(1.0),gesetz,GL,sante,1951,2
SLC:DF_LAWS(1.0),gesetz,NE,etat,1951,2
SLC:DF_LAWS(1.0),gesetz,SH,sante,1951,1
SLC:DF_LAWS(1.0),gesetz,TI,infra,1951,1
SLC:DF_LAWS(1.0),interkantonale_vereinbarung,AG,infra,1951,1
SLC:DF_LAWS(1.0),interkantonale_vereinbarung,AI,infra,1951,2
SLC:DF_LAWS(1.0),interkantonale_vereinbarung,AR,infra,1951,1
SLC:DF_LAWS(1.0),interkantonale_vereinbarung,BE,infra,1951,1
SLC:DF_LAWS(1.0),interkantonale_vereinbarung,BL,infra,1951,1
SLC:DF_LAWS(1.0),interkantonale_vereinbarung,GL,infra,1951,1
SLC:DF_LAWS(1.0),interkantonale_vereinbarung,GR,infra,1951,1
SLC:DF_LAWS(1.0),interkantonale_vereinbarung,JU,infra,1951,1
SLC:DF_LAWS(1.0),interkantonale_vereinbarung,LU,infra,1951,1
SLC:DF_LAWS(1.0),interkantonale_vereinbarung,NE,infra,1951,1
SLC:DF_LAWS(1.0),interkantonale_vereinbarung,NW,infra,1951,2
SLC:DF_LAWS(1.0),interkantonale_vereinbarung,OW,infra,1951,1
SLC:DF_LAWS(1.0),interkantonale_vereinbarung,SG,infra,1951,2
SLC:DF_LAWS(1.0),interkantonale_vereinbarung,SO,infra,1951,1
SLC:DF_LAWS(1.0),interkantonale_vereinbarung,SZ,infra,1951,1
SLC:DF_LAWS(1.0),interkantonale_vereinbarung,TI,infra,1951,2
SLC:DF_LAWS(1.0),interkantonale_vereinbarung,UR,infra,1951,1
SLC:DF_LAWS(1.0),interkantonale_vereinbarung,VD,infra,1951,1
SLC:DF_LAWS(1.0),interkantonale_vereinbarung,VS,infra,1951,1
SLC:DF_LAWS(1.0),interkantonale_vereinbarung,ZH,autres,1951,1
SLC:DF_LAWS(1.0),interkantonale_vereinbarung,ZH,infra,1951,1
SLC:DF_LAWS(1.0),reglement,GE,autres,1951,1
SLC:DF_LAWS(1.0),reglement,GE,infra,1951,1
SLC:DF_LAWS(1.0),reglement,SG,etat,1951,1
SLC:DF_LAWS(1.0),reglement,VS,infra,1951,1
SLC:DF_LAWS(1.0),reglement,VS,sante,1951,1
SLC:DF_LAWS(1.0),reglement,ZH,etat,1951,1
SLC:DF_LAWS(1.0),verordnung,AG,fin,1951,1
SLC:DF_LAWS(1.0),verordnung,AG,infra,1951,1
SLC:DF_LAWS(1.0),verordnung,AR,fin,1951,1
SLC:DF_LAWS(1.0),verordnung,AR,infra,1951,1
SLC:DF_LAWS(1.0),verordnung,BE,etat,1951,1
SLC:DF_LAWS(1.0),verordnung,BL,etat,1951,2
SLC:DF_LAWS(1.0),verordnung,BL,infra,1951,1
SLC:DF_LAWS(1.0),verordnung,BL,sante,1951,1
SLC:DF_LAWS(1.0),verordnung,BS,infra,1951,1
SLC:DF_LAWS(1.0),verordnung,JU,sante,1951,1
SLC:DF_LAWS(1.0),verordnung,NE,infra,1951,1
SLC:DF_LAWS(1.0),verordnung,OW,educ,1951,1
SLC:DF_LAWS(1.0),verordnung,OW,infra,1951,1
SLC:DF_LAWS(1.0),verordnung,SG,autres,1951,1
SLC:DF_LAWS(1.0),verordnung,SG,etat,1951,1
SLC:DF_LAWS(1.0),verordnung,SG,infra,1951,1
SLC:DF_LAWS(1.0),verordnung,SH,sante,1951,1
SLC:DF_LAWS(1.0),verordnung,SO,etat,1951,1
SLC:DF_LAWS(1.0),verordnung,SO,infra,1951,1
SLC:DF_LAWS(1.0),verordnung,SZ,infra,1951,1
SLC:DF_LAWS(1.0),verordnung,TI,etat,1951,1
SLC:DF_LAWS(1.0),verordnung,UR,infra,1951,1
SLC:DF_LAWS(1.0),verordnung,VS,infra,1951,1
SLC:DF_LAWS(1.0),verordnung,ZG,autres,1951,1
SLC:DF_LAWS(1.0),verordnung,ZG,infra,1951,1
SLC:DF_LAWS(1.0),verordnung,ZH,infra,1951,1
SLC:DF_LAWS(1.0),anderes,_T,_T,1951,13
SLC:DF_LAWS(1.0),dekret,_T,_T,1951,3
SLC:DF_LAWS(1.0),gesetz,_T,_T,1951,10
SLC:DF_LAWS(1.0),interkantonale_vereinbarung,_T,_T,1951,25
SLC:DF_LAWS(1.0),reglement,_T,_T,1951,6
SLC:DF_LAWS(1.0),verordnung,_T,_T,1951,27
SLC:DF_LAWS(1.0),_T,AG,_T,1951,4
SLC:DF_LAWS(1.0),_T,AI,_T,1951,3
SLC:DF_LAWS(1.0),_T,AR,_T,1951,4
SLC:DF_LAWS(1.0),_T,BE,_T,1951,4
SLC:DF_LAWS(1.0),_T,BL,_T,1951,5
SLC:DF_LAWS(1.0),_T,BS,_T,1951,3
SLC:DF_LAWS(1.0),_T,FR,_T,1951,1
SLC:DF_LAWS(1.0),_T,GE,_T,1951,3
SLC:DF_LAWS(1.0),_T,GL,_T,1951,3
SLC:DF_LAWS(1.0),_T,GR,_T,1951,1
SLC:DF_LAWS(1.0),_T,JU,_T,1951,2
SLC:DF_LAWS(1.0),_T,LU,_T,1951,1
SLC:DF_LAWS(1.0),_T,NE,_T,1951,9
SLC:DF_LAWS(1.0),_T,NW,_T,1951,3
SLC:DF_LAWS(1.0),_T,OW,_T,1951,4
SLC:DF_LAWS(1.0),_T,SG,_T,1951,6
SLC:DF_LAWS(1.0),_T,SH,_T,1951,2
SLC:DF_LAWS(1.0),_T,SO,_T,1951,4
SLC:DF_LAWS(1.0),_T,SZ,_T,1951,3
SLC:DF_LAWS(1.0),_T,TI,_T,1951,4
SLC:DF_LAWS(1.0),_T,UR,_T,1951,2
SLC:DF_LAWS(1.0),_T,VD,_T,1951,2
SLC:DF_LAWS(1.0),_T,VS,_T,1951,4
SLC:DF_LAWS(1.0),_T,ZG,_T,1951,2
SLC:DF_LAWS(1.0),_T,ZH,_T,1951,5
SLC:DF_LAWS(1.0),_T,_T,autres,1951,7
SLC:DF_LAWS(1.0),_T,_T,educ,1951,6
SLC:DF_LAWS(1.0),_T,_T,etat,1951,14
SLC:DF_LAWS(1.0),_T,_T,fin,1951,3
SLC:DF_LAWS(1.0),_T,_T,infra,1951,42
SLC:DF_LAWS(1.0),_T,_T,sante,1951,12
SLC:DF_LAWS(1.0),_T,_T,_T,1951,84
SLC:DF_LAWS(1.0),anderes,AR,infra,1952,1
SLC:DF_LAWS(1.0),anderes,BL,etat,1952,1
SLC:DF_LAWS(1.0),anderes,GR,etat,1952,1
SLC:DF_LAWS(1.0),anderes,LU,autres,1952,1
SLC:DF_LAWS(1.0),anderes,SO,fin,1952,1
SLC:DF_LAWS(1.0),anderes,TI,infra,1952,10
SLC:DF_LAWS(1.0),anderes,VD,etat,1952,1
SLC:DF_LAWS(1.0),dekret,BL,infra,1952,2
SLC:DF_LAWS(1.0),dekret,OW,sante,1952,1
SLC:DF_LAWS(1.0),dekret,SZ,infra,1952,1
SLC:DF_LAWS(1.0),dekret,TI,fin,1952,1
SLC:DF_LAWS(1.0),dekret,TI,sante,1952,1
SLC:DF_LAWS(1.0),gesetz,BS,sante,1952,1
SLC:DF_LAWS(1.0),gesetz,GE,sante,1952,1
SLC:DF_LAWS(1.0),gesetz,SG,sante,1952,1
SLC:DF_LAWS(1.0),gesetz,UR,infra,1952,1
SLC:DF_LAWS(1.0),gesetz,VD,etat,1952,1
SLC:DF_LAWS(1.0),gesetz,VD,sante,1952,1
SLC:DF_LAWS(1.0),interkantonale_vereinbarung,ZH,fin,1952,1
SLC:DF_LAWS(1.0),reglement,GE,autres,1952,1
SLC:DF_LAWS(1.0),reglement,GE,eco,1952,2
SLC:DF_LAWS(1.0),reglement,GE,educ,1952,1
SLC:DF_LAWS(1.0),reglement,GE,etat,1952,1
SLC:DF_LAWS(1.0),reglement,GE,sante,1952,1
SLC:DF_LAWS(1.0),reglement,VD,etat,1952,1
SLC:DF_LAWS(1.0),verordnung,AG,sante,1952,1
SLC:DF_LAWS(1.0),verordnung,AR,infra,1952,1
SLC:DF_LAWS(1.0),verordnung,BL,etat,1952,1
SLC:DF_LAWS(1.0),verordnung,BS,sante,1952,1
SLC:DF_LAWS(1.0),verordnung,OW,etat,1952,1
SLC:DF_LAWS(1.0),verordnung,SG,autres,1952,1
SLC:DF_LAWS(1.0),verordnung,SG,infra,1952,1
SLC:DF_LAWS(1.0),verordnung,SG,sante,1952,3
SLC:DF_LAWS(1.0),verordnung,TI,autres,1952,1
SLC:DF_LAWS(1.0),verordnung,ZH,fin,1952,1
SLC:DF_LAWS(1.0),anderes,_T,_T,1952,16
SLC:DF_LAWS(1.0),dekret,_T,_T,1952,6
SLC:DF_LAWS(1.0),gesetz,_T,_T,1952,6
SLC:DF_LAWS(1.0),interkantonale_vereinbarung,_T,_T,1952,1
SLC:DF_LAWS(1.0),reglement,_T,_T,1952,7
SLC:DF_LAWS(1.0),verordnung,_T,_T,1952,12
SLC:DF_LAWS(1.0),_T,AG,_T,1952,1
SLC:DF_LAWS(1.0),_T,AR,_T,1952,2
SLC:DF_LAWS(1.0),_T,BL,_T,1952,4
SLC:DF_LAWS(1.0),_T,BS,_T,1952,2
SLC:DF_LAWS(1.0),_T,GE,_T,1952,7
SLC:DF_LAWS(1.0),_T,GR,_T,1952,1
SLC:DF_LAWS(1.0),_T,LU,_T,1952,1
SLC:DF_LAWS(1.0),_T,OW,_T,1952,2
SLC:DF_LAWS(1.0),_T,SG,_T,1952,6
SLC:DF_LAWS(1.0),_T,SO,_T,1952,1
SLC:DF_LAWS(1.0),_T,SZ,_T,1952,1
SLC:DF_LAWS(1.0),_T,TI,_T,1952,13
SLC:DF_LAWS(1.0),_T,UR,_T,1952,1
SLC:DF_LAWS(1.0),_T,VD,_T,1952,4
SLC:DF_LAWS(1.0),_T,ZH,_T,1952,2
SLC:DF_LAWS(1.0),_T,_T,autres,1952,4
SLC:DF_LAWS(1.0),_T,_T,eco,1952,2
SLC:DF_LAWS(1.0),_T,_T,educ,1952,1
SLC:DF_LAWS(1.0),_T,_T,etat,1952,8
SLC:DF_LAWS(1.0),_T,_T,fin,1952,4
SLC:DF_LAWS(1.0),_T,_T,infra,1952,17
SLC:DF_LAWS(1.0),_T,_T,sante,1952,12
SLC:DF_LAWS(1.0),_T,_T,_T,1952,48
SLC:DF_LAWS(1.0),anderes,FR,etat,1953,1
SLC:DF_LAWS(1.0),anderes,NE,infra,1953,1
SLC:DF_LAWS(1.0),anderes,OW,infra,1953,1
SLC:DF_LAWS(1.0),anderes,SG,educ,1953,1
SLC:DF_LAWS(1.0),anderes,SH,eco,1953,1
SLC:DF_LAWS(1.0),anderes,SO,infra,1953,1
SLC:DF_LAWS(1.0),anderes,ZH,fin,1953,1
SLC:DF_LAWS(1.0),dekret,AR,sante,1953,1
SLC:DF_LAWS(1.0),dekret,GR,etat,1953,1
SLC:DF_LAWS(1.0),dekret,LU,eco,1953,1
SLC:DF_LAWS(1.0),dekret,LU,etat,1953,1
SLC:DF_LAWS(1.0),dekret,SZ,infra,1953,2
SLC:DF_LAWS(1.0),dekret,SZ,sante,1953,1
SLC:DF_LAWS(1.0),dekret,VD,sante,1953,1
SLC:DF_LAWS(1.0),gesetz,FR,autres,1953,1
SLC:DF_LAWS(1.0),gesetz,FR,etat,1953,1
SLC:DF_LAWS(1.0),gesetz,GE,autres,1953,1
SLC:DF_LAWS(1.0),gesetz,GR,infra,1953,1
SLC:DF_LAWS(1.0),gesetz,LU,autres,1953,1
SLC:DF_LAWS(1.0),gesetz,NE,infra,1953,1
SLC:DF_LAWS(1.0),gesetz,SG,etat,1953,1
SLC:DF_LAWS(1.0),gesetz,SZ,sante,1953,2
SLC:DF_LAWS(1.0),gesetz,VS,etat,1953,1
SLC:DF_LAWS(1.0),gesetz,VS,fin,1953,1
SLC:DF_LAWS(1.0),gesetz,ZG,sante,1953,1
SLC:DF_LAWS(1.0),interkantonale_vereinbarung,JU,etat,1953,1
SLC:DF_LAWS(1.0),interkantonale_vereinbarung,SO,etat,1953,1
SLC:DF_LAWS(1.0),reglement,GE,etat,1953,3
SLC:DF_LAWS(1.0),reglement,GE,infra,1953,1
SLC:DF_LAWS(1.0),reglement,SO,etat,1953,1
SLC:DF_LAWS(1.0),staatsvertrag,BS,infra,1953,1
SLC:DF_LAWS(1.0),staatsvertrag,GE,etat,1953,1
SLC:DF_LAWS(1.0),staatsvertrag,SG,sante,1953,1
SLC:DF_LAWS(1.0),verordnung,AG,sante,1953,1
SLC:DF_LAWS(1.0),verordnung,LU,autres,1953,1
SLC:DF_LAWS(1.0),verordnung,LU,infra,1953,1
SLC:DF_LAWS(1.0),verordnung,LU,sante,1953,2
SLC:DF_LAWS(1.0),verordnung,SO,autres,1953,1
SLC:DF_LAWS(1.0),verordnung,ZG,sante,1953,1
SLC:DF_LAWS(1.0),verordnung,ZH,infra,1953,1
SLC:DF_LAWS(1.0),anderes,_T,_T,1953,7
SLC:DF_LAWS(1.0),dekret,_T,_T,1953,8
SLC:DF_LAWS(1.0),gesetz,_T,_T,1953,12
SLC:DF_LAWS(1.0),interkantonale_vereinbarung,_T,_T,1953,2
SLC:DF_LAWS(1.0),reglement,_T,_T,1953,5
SLC:DF_LAWS(1.0),staatsvertrag,_T,_T,1953,3
SLC:DF_LAWS(1.0),verordnung,_T,_T,1953,8
SLC:DF_LAWS(1.0),_T,AG,_T,1953,1
SLC:DF_LAWS(1.0),_T,AR,_T,1953,1
SLC:DF_LAWS(1.0),_T,BS,_T,1953,1
SLC:DF_LAWS(1.0),_T,FR,_T,1953,3
SLC:DF_LAWS(1.0),_T,GE,_T,1953,6
SLC:DF_LAWS(1.0),_T,GR,_T,1953,2
SLC:DF_LAWS(1.0),_T,JU,_T,1953,1
SLC:DF_LAWS(1.0),_T,LU,_T,1953,7
SLC:DF_LAWS(1.0),_T,NE,_T,1953,2
SLC:DF_LAWS(1.0),_T,OW,_T,1953,1
SLC:DF_LAWS(1.0),_T,SG,_T,1953,3
SLC:DF_LAWS(1.0),_T,SH,_T,1953,1
SLC:DF_LAWS(1.0),_T,SO,_T,1953,4
SLC:DF_LAWS(1.0),_T,SZ,_T,1953,5
SLC:DF_LAWS(1.0),_T,VD,_T,1953,1
SLC:DF_LAWS(1.0),_T,VS,_T,1953,2
SLC:DF_LAWS(1.0),_T,ZG,_T,1953,2
SLC:DF_LAWS(1.0),_T,ZH,_T,1953,2
SLC:DF_LAWS(1.0),_T,_T,autres,1953,5
SLC:DF_LAWS(1.0),_T,_T,eco,1953,2
SLC:DF_LAWS(1.0),_T,_T,educ,1953,1
SLC:DF_LAWS(1.0),_T,_T,etat,1953,13
SLC:DF_LAWS(1.0),_T,_T,fin,1953,2
SLC:DF_LAWS(1.0),_T,_T,infra,1953,11
SLC:DF_LAWS(1.0),_T,_T,sante,1953,11
SLC:DF_LAWS(1.0),_T,_T,_T,1953,45
SLC:DF_LAWS(1.0),anderes,BL,sante,1954,1
SLC:DF_LAWS(1.0),anderes,FR,eco,1954,1
SLC:DF_LAWS(1.0),anderes,FR,etat,1954,1
SLC:DF_LAWS(1.0),anderes,NE,eco,1954,1
SLC:DF_LAWS(1.0),anderes,NE,etat,1954,1
SLC:DF_LAWS(1.0),anderes,SH,etat,1954,1
SLC:DF_LAWS(1.0),anderes,SO,autres,1954,1
SLC:DF_LAWS(1.0),anderes,ZG,infra,1954,1
SLC:DF_LAWS(1.0),dekret,NE,etat,1954,1
SLC:DF_LAWS(1.0),dekret,NE,sante,1954,1
SLC:DF_LAWS(1.0),dekret,OW,sante,1954,1
SLC:DF_LAWS(1.0),dekret,SZ,infra,1954,2
SLC:DF_LAWS(1.0),dekret,SZ,sante,1954,1
SLC:DF_LAWS(1.0),dekret,UR,sante,1954,2
SLC:DF_LAWS(1.0),dekret,VD,etat,1954,1
SLC:DF_LAWS(1.0),gesetz,AG,infra,1954,1
SLC:DF_LAWS(1.0),gesetz,OW,sante,1954,1
SLC:DF_LAWS(1.0),gesetz,SO,autres,1954,1
SLC:DF_LAWS(1.0),gesetz,TI,etat,1954,1
SLC:DF_LAWS(1.0),gesetz,VD,etat,1954,1
SLC:DF_LAWS(1.0),gesetz,VD,sante,1954,1
SLC:DF_LAWS(1.0),interkantonale_vereinbarung,AI,fin,1954,1
SLC:DF_LAWS(1.0),interkantonale_vereinbarung,BS,etat,1954,1
SLC:DF_LAWS(1.0),interkantonale_vereinbarung,NW,infra,1954,1
SLC:DF_LAWS(1.0),interkantonale_vereinbarung,SG,infra,1954,1
SLC:DF_LAWS(1.0),interkantonale_vereinbarung,SZ,infra,1954,1
SLC:DF_LAWS(1.0),interkantonale_vereinbarung,ZG,fin,1954,1
SLC:DF_LAWS(1.0),reglement,AG,infra,1954,1
SLC:DF_LAWS(1.0),reglement,BL,etat,1954,1
SLC:DF_LAWS(1.0),reglement,GE,educ,1954,1
SLC:DF_LAWS(1.0),reglement,SO,infra,1954,1
SLC:DF_LAWS(1.0),reglement,SZ,infra,1954,1
SLC:DF_LAWS(1.0),reglement,UR,infra,1954,1
SLC:DF_LAWS(1.0),reglement,VD,fin,1954,1
SLC:DF_LAWS(1.0),reglement,VS,fin,1954,1
SLC:DF_LAWS(1.0),verordnung,AG,infra,1954,1
SLC:DF_LAWS(1.0),verordnung,BE,educ,1954,4
SLC:DF_LAWS(1.0),verordnung,LU,etat,1954,1
SLC:DF_LAWS(1.0),verordnung,NE,infra,1954,1
SLC:DF_LAWS(1.0),verordnung,SO,etat,1954,1
SLC:DF_LAWS(1.0),verordnung,SO,infra,1954,1
SLC:DF_LAWS(1.0),verordnung,SO,sante,1954,1
SLC:DF_LAWS(1.0),verordnung,TI,autres,1954,1
SLC:DF_LAWS(1.0),verordnung,ZH,infra,1954,2
SLC:DF_LAWS(1.0),anderes,_T,_T,1954,8
SLC:DF_LAWS(1.0),dekret,_T,_T,1954,9
SLC:DF_LAWS(1.0),gesetz,_T,_T,1954,6
SLC:DF_LAWS(1.0),interkantonale_vereinbarung,_T,_T,1954,6
SLC:DF_LAWS(1.0),reglement,_T,_T,1954,8
SLC:DF_LAWS(1.0),verordnung,_T,_T,1954,13
SLC:DF_LAWS(1.0),_T,AG,_T,1954,3
SLC:DF_LAWS(1.0),_T,AI,_T,1954,1
SLC:DF_LAWS(1.0),_T,BE,_T,1954,4
SLC:DF_LAWS(1.0),_T,BL,_T,1954,2
SLC:DF_LAWS(1.0),_T,BS,_T,1954,1
SLC:DF_LAWS(1.0),_T,FR,_T,1954,2
SLC:DF_LAWS(1.0),_T,GE,_T,1954,1
SLC:DF_LAWS(1.0),_T,LU,_T,1954,1
SLC:DF_LAWS(1.0),_T,NE,_T,1954,5
SLC:DF_LAWS(1.0),_T,NW,_T,1954,1
SLC:DF_LAWS(1.0),_T,OW,_T,1954,2
SLC:DF_LAWS(1.0),_T,SG,_T,1954,1
SLC:DF_LAWS(1.0),_T,SH,_T,1954,1
SLC:DF_LAWS(1.0),_T,SO,_T,1954,6
SLC:DF_LAWS(1.0),_T,SZ,_T,1954,5
SLC:DF_LAWS(1.0),_T,TI,_T,1954,2
SLC:DF_LAWS(1.0),_T,UR,_T,1954,3
SLC:DF_LAWS(1.0),_T,VD,_T,1954,4
SLC:DF_LAWS(1.0),_T,VS,_T,1954,1
SLC:DF_LAWS(1.0),_T,ZG,_T,1954,2
SLC:DF_LAWS(1.0),_T,ZH,_T,1954,2
SLC:DF_LAWS(1.0),_T,_T,autres,1954,3
SLC:DF_LAWS(1.0),_T,_T,eco,1954,2
SLC:DF_LAWS(1.0),_T,_T,educ,1954,5
SLC:DF_LAWS(1.0),_T,_T,etat,1954,11
SLC:DF_LAWS(1.0),_T,_T,fin,1954,4
SLC:DF_LAWS(1.0),_T,_T,infra,1954,16
SLC:DF_LAWS(1.0),_T,_T,sante,1954,9
SLC:DF_LAWS(1.0),_T,_T,_T,1954,50
SLC:DF_LAWS(1.0),anderes,AI,sante,1955,1
SLC:DF_LAWS(1.0),anderes,BS,etat,1955,1
SLC:DF_LAWS(1.0),anderes,BS,sante,1955,1
SLC:DF_LAWS(1.0),anderes,NE,etat,1955,1
SLC:DF_LAWS(1.0),anderes,SH,autres,1955,1
SLC:DF_LAWS(1.0),anderes,SO,autres,1955,1
SLC:DF_LAWS(1.0),anderes,VD,autres,1955,1
SLC:DF_LAWS(1.0),dekret,AG,sante,1955,1
SLC:DF_LAWS(1.0),dekret,BS,fin,1955,1
SLC:DF_LAWS(1.0),dekret,OW,infra,1955,1
SLC:DF_LAWS(1.0),dekret,SG,fin,1955,1
SLC:DF_LAWS(1.0),gemeindeerlass,BS,etat,1955,1
SLC:DF_LAWS(1.0),gemeindeerlass,BS,infra,1955,1
SLC:DF_LAWS(1.0),gesetz,AG,etat,1955,1
SLC:DF_LAWS(1.0),gesetz,BL,educ,1955,1
SLC:DF_LAWS(1.0),gesetz,NE,etat,1955,1
SLC:DF_LAWS(1.0),gesetz,SG,etat,1955,1
SLC:DF_LAWS(1.0),gesetz,SZ,autres,1955,1
SLC:DF_LAWS(1.0),gesetz,VD,autres,1955,2
SLC:DF_LAWS(1.0),interkantonale_vereinbarung,AG,fin,1955,1
SLC:DF_LAWS(1.0),interkantonale_vereinbarung,AI,eco,1955,1
SLC:DF_LAWS(1.0),interkantonale_vereinbarung,AI,fin,1955,1
SLC:DF_LAWS(1.0),interkantonale_vereinbarung,AR,autres,1955,1
SLC:DF_LAWS(1.0),interkantonale_vereinbarung,FR,fin,1955,1
SLC:DF_LAWS(1.0),interkantonale_vereinbarung,GR,fin,1955,1
SLC:DF_LAWS(1.0),interkantonale_vereinbarung,SG,fin,1955,1
SLC:DF_LAWS(1.0),interkantonale_vereinbarung,SH,fin,1955,1
SLC:DF_LAWS(1.0),interkantonale_vereinbarung,SZ,fin,1955,1
SLC:DF_LAWS(1.0),interkantonale_vereinbarung,TG,fin,1955,1
SLC:DF_LAWS(1.0),interkantonale_vereinbarung,ZG,fin,1955,1
SLC:DF_LAWS(1.0),interkantonale_vereinbarung,ZH,fin,1955,2
SLC:DF_LAWS(1.0),interkantonale_vereinbarung,ZH,infra,1955,2
SLC:DF_LAWS(1.0),reglement,BS,etat,1955,1
SLC:DF_LAWS(1.0),reglement,GE,educ,1955,2
SLC:DF_LAWS(1.0),reglement,GE,etat,1955,2
SLC:DF_LAWS(1.0),reglement,GE,sante,1955,1
SLC:DF_LAWS(1.0),reglement,VD,infra,1955,1
SLC:DF_LAWS(1.0),reglement,ZH,etat,1955,1
SLC:DF_LAWS(1.0),verordnung,SG,infra,1955,1
SLC:DF_LAWS(1.0),verordnung,SO,etat,1955,1
SLC:DF_LAWS(1.0),verordnung,SO,infra,1955,1
SLC:DF_LAWS(1.0),verordnung,VS,sante,1955,1
SLC:DF_LAWS(1.0),verordnung,ZH,sante,1955,1
SLC:DF_LAWS(1.0),anderes,_T,_T,1955,7
SLC:DF_LAWS(1.0),dekret,_T,_T,1955,4
SLC:DF_LAWS(1.0),gemeindeerlass,_T,_T,1955,2
SLC:DF_LAWS(1.0),gesetz,_T,_T,1955,7
SLC:DF_LAWS(1.0),interkantonale_vereinbarung,_T,_T,1955,15
SLC:DF_LAWS(1.0),reglement,_T,_T,1955,8
SLC:DF_LAWS(1.0),verordnung,_T,_T,1955,5
SLC:DF_LAWS(1.0),_T,AG,_T,1955,3
SLC:DF_LAWS(1.0),_T,AI,_T,1955,3
SLC:DF_LAWS(1.0),_T,AR,_T,1955,1
SLC:DF_LAWS(1.0),_T,BL,_T,1955,1
SLC:DF_LAWS(1.0),_T,BS,_T,1955,6
SLC:DF_LAWS(1.0),_T,FR,_T,1955,1
SLC:DF_LAWS(1.0),_T,GE,_T,1955,5
SLC:DF_LAWS(1.0),_T,GR,_T,1955,1
SLC:DF_LAWS(1.0),_T,NE,_T,1955,2
SLC:DF_LAWS(1.0),_T,OW,_T,1955,1
SLC:DF_LAWS(1.0),_T,SG,_T,1955,4
SLC:DF_LAWS(1.0),_T,SH,_T,1955,2
SLC:DF_LAWS(1.0),_T,SO,_T,1955,3
SLC:DF_LAWS(1.0),_T,SZ,_T,1955,2
SLC:DF_LAWS(1.0),_T,TG,_T,1955,1
SLC:DF_LAWS(1.0),_T,VD,_T,1955,4
SLC:DF_LAWS(1.0),_T,VS,_T,1955,1
SLC:DF_LAWS(1.0),_T,ZG,_T,1955,1
SLC:DF_LAWS(1.0),_T,ZH,_T,1955,6
SLC:DF_LAWS(1.0),_T,_T,autres,1955,7
SLC:DF_LAWS(1.0),_T,_T,eco,1955,1
SLC:DF_LAWS(1.0),_T,_T,educ,1955,3
SLC:DF_LAWS(1.0),_T,_T,etat,1955,11
SLC:DF_LAWS(1.0),_T,_T,fin,1955,13
SLC:DF_LAWS(1.0),_T,_T,infra,1955,7
SLC:DF_LAWS(1.0),_T,_T,sante,1955,6
SLC:DF_LAWS(1.0),_T,_T,_T,1955,48
SLC:DF_LAWS(1.0),anderes,BE,etat,1956,1
SLC:DF_LAWS(1.0),anderes,GR,educ,1956,1
SLC:DF_LAWS(1.0),anderes,OW,infra,1956,1
SLC:DF_LAWS(1.0),anderes,SO,infra,1956,1
SLC:DF_LAWS(1.0),dekret,BL,autres,1956,1
SLC:DF_LAWS(1.0),dekret,VD,autres,1956,1
SLC:DF_LAWS(1.0),dekret,VD,infra,1956,1
SLC:DF_LAWS(1.0),gemeindeerlass,BS,etat,1956,1
SLC:DF_LAWS(1.0),gesetz,GE,etat,1956,1
SLC:DF_LAWS(1.0),gesetz,GR,autres,1956,1
SLC:DF_LAWS(1.0),gesetz,NE,sante,1956,1
SLC:DF_LAWS(1.0),gesetz,SH,etat,1956,1
SLC:DF_LAWS(1.0),gesetz,TI,etat,1956,1
SLC:DF_LAWS(1.0),gesetz,VD,etat,1956,1
SLC:DF_LAWS(1.0),gesetz,VD,fin,1956,1
SLC:DF_LAWS(1.0),interkantonale_vereinbarung,AG,fin,1956,2
SLC:DF_LAWS(1.0),interkantonale_vereinbarung,ZH,fin,1956,1
SLC:DF_LAWS(1.0),reglement,BS,etat,1956,1
SLC:DF_LAWS(1.0),reglement,BS,sante,1956,1
SLC:DF_LAWS(1.0),reglement,GE,eco,1956,1
SLC:DF_LAWS(1.0),reglement,GE,educ,1956,1
SLC:DF_LAWS(1.0),reglement,GE,etat,1956,3
SLC:DF_LAWS(1.0),reglement,GE,sante,1956,1
SLC:DF_LAWS(1.0),verordnung,JU,autres,1956,1
SLC:DF_LAWS(1.0),verordnung,ZH,infra,1956,1
SLC:DF_LAWS(1.0),anderes,_T,_T,1956,4
SLC:DF_LAWS(1.0),dekret,_T,_T,1956,3
SLC:DF_LAWS(1.0),gemeindeerlass,_T,_T,1956,1
SLC:DF_LAWS(1.0),gesetz,_T,_T,1956,7
SLC:DF_LAWS(1.0),interkantonale_vereinbarung,_T,_T,1956,3
SLC:DF_LAWS(1.0),reglement,_T,_T,1956,8
SLC:DF_LAWS(1.0),verordnung,_T,_T,1956,2
SLC:DF_LAWS(1.0),_T,AG,_T,1956,2
SLC:DF_LAWS(1.0),_T,BE,_T,1956,1
SLC:DF_LAWS(1.0),_T,BL,_T,1956,1
SLC:DF_LAWS(1.0),_T,BS,_T,1956,3
SLC:DF_LAWS(1.0),_T,GE,_T,1956,7
SLC:DF_LAWS(1.0),_T,GR,_T,1956,2
SLC:DF_LAWS(1.0),_T,JU,_T,1956,1
SLC:DF_LAWS(1.0),_T,NE,_T,1956,1
SLC:DF_LAWS(1.0),_T,OW,_T,1956,1
SLC:DF_LAWS(1.0),_T,SH,_T,1956,1
SLC:DF_LAWS(1.0),_T,SO,_T,1956,1
SLC:DF_LAWS(1.0),_T,TI,_T,1956,1
SLC:DF_LAWS(1.0),_T,VD,_T,1956,4
SLC:DF_LAWS(1.0),_T,ZH,_T,1956,2
SLC:DF_LAWS(1.0),_T,_T,autres,1956,4
SLC:DF_LAWS(1.0),_T,_T,eco,1956,1
SLC:DF_LAWS(1.0),_T,_T,educ,1956,2
SLC:DF_LAWS(1.0),_T,_T,etat,1956,10
SLC:DF_LAWS(1.0),_T,_T,fin,1956,4
SLC:DF_LAWS(1.0),_T,_T,infra,1956,4
SLC:DF_LAWS(1.0),_T,_T,sante,1956,3
SLC:DF_LAWS(1.0),_T,_T,_T,1956,28
SLC:DF_LAWS(1.0),anderes,BS,educ,1957,1
SLC:DF_LAWS(1.0),anderes,FR,autres,1957,1
SLC:DF_LAWS(1.0),anderes,FR,etat,1957,1
SLC:DF_LAWS(1.0),anderes,GL,infra,1957,2
SLC:DF_LAWS(1.0),anderes,NE,infra,1957,1
SLC:DF_LAWS(1.0),anderes,SG,educ,1957,1
SLC:DF_LAWS(1.0),anderes,SO,autres,1957,1
SLC:DF_LAWS(1.0),anderes,SO,etat,1957,1
SLC:DF_LAWS(1.0),anderes,SO,sante,1957,1
SLC:DF_LAWS(1.0),anderes,VD,autres,1957,1
SLC:DF_LAWS(1.0),anderes,VD,fin,1957,1
SLC:DF_LAWS(1.0),dekret,AG,eco,1957,1
SLC:DF_LAWS(1.0),dekret,AR,autres,1957,1
SLC:DF_LAWS(1.0),dekret,GL,sante,1957,1
SLC:DF_LAWS(1.0),dekret,LU,eco,1957,1
SLC:DF_LAWS(1.0),dekret,NE,sante,1957,1
SLC:DF_LAWS(1.0),dekret,OW,infra,1957,1
SLC:DF_LAWS(1.0),dekret,TI,etat,1957,1
SLC:DF_LAWS(1.0),dekret,VD,sante,1957,1
SLC:DF_LAWS(1.0),gesetz,FR,fin,1957,1
SLC:DF_LAWS(1.0),gesetz,GE,eco,1957,1
SLC:DF_LAWS(1.0),gesetz,GE,etat,1957,1
SLC:DF_LAWS(1.0),gesetz,GE,infra,1957,1
SLC:DF_LAWS(1.0),gesetz,GR,sante,1957,2
SLC:DF_LAWS(1.0),gesetz,LU,autres,1957,1
SLC:DF_LAWS(1.0),gesetz,LU,etat,1957,1
SLC:DF_LAWS(1.0),gesetz,TI,autres,1957,1
SLC:DF_LAWS(1.0),gesetz,VD,eco,1957,1
SLC:DF_LAWS(1.0),gesetz,VD,etat,1957,2
SLC:DF_LAWS(1.0),gesetz,VD,fin,1957,1
SLC:DF_LAWS(1.0),interkantonale_vereinbarung,BE,autres,1957,1
SLC:DF_LAWS(1.0),interkantonale_vereinbarung,JU,autres,1957,1
SLC:DF_LAWS(1.0),interkantonale_vereinbarung,SH,autres,1957,1
SLC:DF_LAWS(1.0),interkantonale_vereinbarung,SH,infra,1957,1
SLC:DF_LAWS(1.0),interkantonale_vereinbarung,VD,autres,1957,1
SLC:DF_LAWS(1.0),interkantonale_vereinbarung,VS,autres,1957,1
SLC:DF_LAWS(1.0),interkantonale_vereinbarung,ZG,autres,1957,1
SLC:DF_LAWS(1.0),reglement,GE,etat,1957,1
SLC:DF_LAWS(1.0),reglement,SO,etat,1957,1
SLC:DF_LAWS(1.0),reglement,VD,eco,1957,1
SLC:DF_LAWS(1.0),reglement,VD,etat,1957,1
SLC:DF_LAWS(1.0),reglement,VD,sante,1957,1
SLC:DF_LAWS(1.0),staatsvertrag,FR,fin,1957,1
SLC:DF_LAWS(1.0),staatsvertrag,GR,fin,1957,1
SLC:DF_LAWS(1.0),staatsvertrag,SG,fin,1957,1
SLC:DF_LAWS(1.0),verordnung,AG,eco,1957,1
SLC:DF_LAWS(1.0),verordnung,BL,etat,1957,1
SLC:DF_LAWS(1.0),verordnung,BS,educ,1957,1
SLC:DF_LAWS(1.0),verordnung,GE,infra,1957,1
SLC:DF_LAWS(1.0),verordnung,LU,autres,1957,1
SLC:DF_LAWS(1.0),verordnung,SG,autres,1957,1
SLC:DF_LAWS(1.0),verordnung,ZH,autres,1957,1
SLC:DF_LAWS(1.0),anderes,_T,_T,1957,12
SLC:DF_LAWS(1.0),dekret,_T,_T,1957,8
SLC:DF_LAWS(1.0),gesetz,_T,_T,1957,13
SLC:DF_LAWS(1.0),interkantonale_vereinbarung,_T,_T,1957,7
SLC:DF_LAWS(1.0),reglement,_T,_T,1957,5
SLC:DF_LAWS(1.0),staatsvertrag,_T,_T,1957,3
SLC:DF_LAWS(1.0),verordnung,_T,_T,1957,7
SLC:DF_LAWS(1.0),_T,AG,_T,1957,2
SLC:DF_LAWS(1.0),_T,AR,_T,1957,1
SLC:DF_LAWS(1.0),_T,BE,_T,1957,1
SLC:DF_LAWS(1.0),_T,BL,_T,1957,1
SLC:DF_LAWS(1.0),_T,BS,_T,1957,2
SLC:DF_LAWS(1.0),_T,FR,_T,1957,4
SLC:DF_LAWS(1.0),_T,GE,_T,1957,5
SLC:DF_LAWS(1.0),_T,GL,_T,1957,3
SLC:DF_LAWS(1.0),_T,GR,_T,1957,3
SLC:DF_LAWS(1.0),_T,JU,_T,1957,1
SLC:DF_LAWS(1.0),_T,LU,_T,1957,4
SLC:DF_LAWS(1.0),_T,NE,_T,1957,2
SLC:DF_LAWS(1.0),_T,OW,_T,1957,1
SLC:DF_LAWS(1.0),_T,SG,_T,1957,3
SLC:DF_LAWS(1.0),_T,SH,_T,1957,2
SLC:DF_LAWS(1.0),_T,SO,_T,1957,4
SLC:DF_LAWS(1.0),_T,TI,_T,1957,2
SLC:DF_LAWS(1.0),_T,VD,_T,1957,11
SLC:DF_LAWS(1.0),_T,VS,_T,1957,1
SLC:DF_LAWS(1.0),_T,ZG,_T,1957,1
SLC:DF_LAWS(1.0),_T,ZH,_T,1957,1
SLC:DF_LAWS(1.0),_T,_T,autres,1957,15
SLC:DF_LAWS(1.0),_T,_T,eco,1957,6
SLC:DF_LAWS(1.0),_T,_T,educ,1957,3
SLC:DF_LAWS(1.0),_T,_T,etat,1957,11
SLC:DF_LAWS(1.0),_T,_T,fin,1957,6
SLC:DF_LAWS(1.0),_T,_T,infra,1957,7
SLC:DF_LAWS(1.0),_T,_T,sante,1957,7
SLC:DF_LAWS(1.0),_T,_T,_T,1957,55
SLC:DF_LAWS(1.0),anderes,BS,educ,1958,1
SLC:DF_LAWS(1.0),anderes,BS,sante,1958,2
SLC:DF_LAWS(1.0),anderes,NE,etat,1958,1
SLC:DF_LAWS(1.0),anderes,NE,infra,1958,1
SLC:DF_LAWS(1.0),anderes,SO,infra,1958,1
SLC:DF_LAWS(1.0),anderes,SZ,infra,1958,2
SLC:DF_LAWS(1.0),anderes,VD,etat,1958,1
SLC:DF_LAWS(1.0),anderes,ZG,fin,1958,1
SLC:DF_LAWS(1.0),anderes,ZH,infra,1958,4
SLC:DF_LAWS(1.0),dekret,AI,autres,1958,1
SLC:DF_LAWS(1.0),dekret,GR,infra,1958,1
SLC:DF_LAWS(1.0),dekret,NE,infra,1958,1
SLC:DF_LAWS(1.0),dekret,SZ,infra,1958,2
SLC:DF_LAWS(1.0),dekret,TI,sante,1958,1
SLC:DF_LAWS(1.0),gesetz,AG,autres,1958,1
SLC:DF_LAWS(1.0),gesetz,GE,eco,1958,1
SLC:DF_LAWS(1.0),gesetz,GE,educ,1958,1
SLC:DF_LAWS(1.0),gesetz,GE,etat,1958,1
SLC:DF_LAWS(1.0),gesetz,GE,sante,1958,2
SLC:DF_LAWS(1.0),gesetz,GR,fin,1958,1
SLC:DF_LAWS(1.0),gesetz,GR,infra,1958,1
SLC:DF_LAWS(1.0),gesetz,OW,infra,1958,1
SLC:DF_LAWS(1.0),gesetz,SZ,autres,1958,1
SLC:DF_LAWS(1.0),gesetz,SZ,etat,1958,1
SLC:DF_LAWS(1.0),gesetz,SZ,infra,1958,2
SLC:DF_LAWS(1.0),gesetz,SZ,sante,1958,1
SLC:DF_LAWS(1.0),gesetz,TI,infra,1958,1
SLC:DF_LAWS(1.0),gesetz,VS,sante,1958,1
SLC:DF_LAWS(1.0),gesetz,ZH,sante,1958,1
SLC:DF_LAWS(1.0),interkantonale_vereinbarung,BL,infra,1958,1
SLC:DF_LAWS(1.0),interkantonale_vereinbarung,GR,fin,1958,1
SLC:DF_LAWS(1.0),interkantonale_vereinbarung,SG,fin,1958,1
SLC:DF_LAWS(1.0),interkantonale_vereinbarung,SG,infra,1958,2
SLC:DF_LAWS(1.0),interkantonale_vereinbarung,SO,etat,1958,1
SLC:DF_LAWS(1.0),interkantonale_vereinbarung,SO,infra,1958,1
SLC:DF_LAWS(1.0),interkantonale_vereinbarung,TG,fin,1958,1
SLC:DF_LAWS(1.0),interkantonale_vereinbarung,VD,infra,1958,2
SLC:DF_LAWS(1.0),interkantonale_vereinbarung,ZG,fin,1958,1
SLC:DF_LAWS(1.0),interkantonale_vereinbarung,ZH,infra,1958,2
SLC:DF_LAWS(1.0),reglement,GE,educ,1958,1
SLC:DF_LAWS(1.0),reglement,GE,etat,1958,2
SLC:DF_LAWS(1.0),reglement,GE,fin,1958,3
SLC:DF_LAWS(1.0),reglement,TI,autres,1958,2
SLC:DF_LAWS(1.0),reglement,TI,sante,1958,2
SLC:DF_LAWS(1.0),reglement,VD,etat,1958,1
SLC:DF_LAWS(1.0),reglement,VS,infra,1958,1
SLC:DF_LAWS(1.0),staatsvertrag,VD,infra,1958,1
SLC:DF_LAWS(1.0),verordnung,AG,sante,1958,1
SLC:DF_LAWS(1.0),verordnung,AI,infra,1958,1
SLC:DF_LAWS(1.0),verordnung,BS,infra,1958,1
SLC:DF_LAWS(1.0),verordnung,GL,etat,1958,1
SLC:DF_LAWS(1.0),verordnung,GR,etat,1958,1
SLC:DF_LAWS(1.0),verordnung,LU,etat,1958,1
SLC:DF_LAWS(1.0),verordnung,LU,sante,1958,1
SLC:DF_LAWS(1.0),verordnung,SO,etat,1958,1
SLC:DF_LAWS(1.0),verordnung,VS,sante,1958,1
SLC:DF_LAWS(1.0),verordnung,ZH,autres,1958,1
SLC:DF_LAWS(1.0),verordnung,ZH,sante,1958,1
SLC:DF_LAWS(1.0),anderes,_T,_T,1958,14
SLC:DF_LAWS(1.0),dekret,_T,_T,1958,6
SLC:DF_LAWS(1.0),gesetz,_T,_T,1958,17
SLC:DF_LAWS(1.0),interkantonale_vereinbarung,_T,_T,1958,13
SLC:DF_LAWS(1.0),reglement,_T,_T,1958,12
SLC:DF_LAWS(1.0),staatsvertrag,_T,_T,1958,1
SLC:DF_LAWS(1.0),verordnung,_T,_T,1958,11
SLC:DF_LAWS(1.0),_T,AG,_T,1958,2
SLC:DF_LAWS(1.0),_T,AI,_T,1958,2
SLC:DF_LAWS(1.0),_T,BL,_T,1958,1
SLC:DF_LAWS(1.0),_T,BS,_T,1958,4
SLC:DF_LAWS(1.0),_T,GE,_T,1958,11
SLC:DF_LAWS(1.0),_T,GL,_T,1958,1
SLC:DF_LAWS(1.0),_T,GR,_T,1958,5
SLC:DF_LAWS(1.0),_T,LU,_T,1958,2
SLC:DF_LAWS(1.0),_T,NE,_T,1958,3
SLC:DF_LAWS(1.0),_T,OW,_T,1958,1
SLC:DF_LAWS(1.0),_T,SG,_T,1958,3
SLC:DF_LAWS(1.0),_T,SO,_T,1958,4
SLC:DF_LAWS(1.0),_T,SZ,_T,1958,9
SLC:DF_LAWS(1.0),_T,TG,_T,1958,1
SLC:DF_LAWS(1.0),_T,TI,_T,1958,6
SLC:DF_LAWS(1.0),_T,VD,_T,1958,5
SLC:DF_LAWS(1.0),_T,VS,_T,1958,3
SLC:DF_LAWS(1.0),_T,ZG,_T,1958,2
SLC:DF_LAWS(1.0),_T,ZH,_T,1958,9
SLC:DF_LAWS(1.0),_T,_T,autres,1958,6
SLC:DF_LAWS(1.0),_T,_T,eco,1958,1
SLC:DF_LAWS(1.0),_T,_T,educ,1958,3
SLC:DF_LAWS(1.0),_T,_T,etat,1958,12
SLC:DF_LAWS(1.0),_T,_T,fin,1958,9
SLC:DF_LAWS(1.0),_T,_T,infra,1958,29
SLC:DF_LAWS(1.0),_T,_T,sante,1958,14
SLC:DF_LAWS(1.0),_T,_T,_T,1958,74
SLC:DF_LAWS(1.0),anderes,GL,etat,1959,1
SLC:DF_LAWS(1.0),anderes,GL,infra,1959,1
SLC:DF_LAWS(1.0),anderes,GR,fin,1959,1
SLC:DF_LAWS(1.0),anderes,NE,etat,1959,1
SLC:DF_LAWS(1.0),anderes,NE,sante,1959,1
SLC:DF_LAWS(1.0),anderes,SZ,infra,1959,1
SLC:DF_LAWS(1.0),anderes,VD,educ,1959,2
SLC:DF_LAWS(1.0),anderes,VS,infra,1959,3
SLC:DF_LAWS(1.0),anderes,ZH,infra,1959,1
SLC:DF_LAWS(1.0),dekret,AG,autres,1959,1
SLC:DF_LAWS(1.0),dekret,AG,sante,1959,2
SLC:DF_LAWS(1.0),dekret,AI,sante,1959,1
SLC:DF_LAWS(1.0),dekret,AR,infra,1959,1
SLC:DF_LAWS(1.0),dekret,BE,sante,1959,1
SLC:DF_LAWS(1.0),dekret,NE,sante,1959,1
SLC:DF_LAWS(1.0),dekret,OW,autres,1959,1
SLC:DF_LAWS(1.0),dekret,OW,fin,1959,1
SLC:DF_LAWS(1.0),dekret,OW,sante,1959,1
SLC:DF_LAWS(1.0),dekret,SG,etat,1959,1
SLC:DF_LAWS(1.0),dekret,SZ,sante,1959,1
SLC:DF_LAWS(1.0),dekret,UR,etat,1959,1
SLC:DF_LAWS(1.0),dekret,ZG,sante,1959,1
SLC:DF_LAWS(1.0),gesetz,GE,fin,1959,1
SLC:DF_LAWS(1.0),gesetz,GR,educ,1959,1
SLC:DF_LAWS(1.0),gesetz,JU,sante,1959,1
SLC:DF_LAWS(1.0),gesetz,SG,eco,1959,1
SLC:DF_LAWS(1.0),gesetz,SG,etat,1959,1
SLC:DF_LAWS(1.0),gesetz,SZ,eco,1959,1
SLC:DF_LAWS(1.0),gesetz,VD,etat,1959,2
SLC:DF_LAWS(1.0),gesetz,VS,etat,1959,1
SLC:DF_LAWS(1.0),gesetz,ZH,etat,1959,1
SLC:DF_LAWS(1.0),interkantonale_vereinbarung,AG,sante,1959,1
SLC:DF_LAWS(1.0),interkantonale_vereinbarung,BE,etat,1959,1
SLC:DF_LAWS(1.0),interkantonale_vereinbarung,BL,sante,1959,1
SLC:DF_LAWS(1.0),interkantonale_vereinbarung,BS,sante,1959,1
SLC:DF_LAWS(1.0),interkantonale_vereinbarung,LU,autres,1959,1
SLC:DF_LAWS(1.0),interkantonale_vereinbarung,NW,infra,1959,4
SLC:DF_LAWS(1.0),interkantonale_vereinbarung,NW,sante,1959,1
SLC:DF_LAWS(1.0),interkantonale_vereinbarung,OW,autres,1959,1
SLC:DF_LAWS(1.0),interkantonale_vereinbarung,SO,autres,1959,1
SLC:DF_LAWS(1.0),interkantonale_vereinbarung,SZ,sante,1959,1
SLC:DF_LAWS(1.0),interkantonale_vereinbarung,UR,autres,1959,1
SLC:DF_LAWS(1.0),interkantonale_vereinbarung,VD,fin,1959,1
SLC:DF_LAWS(1.0),interkantonale_vereinbarung,ZG,autres,1959,1
SLC:DF_LAWS(1.0),reglement,BE,etat,1959,1
SLC:DF_LAWS(1.0),reglement,BE,sante,1959,1
SLC:DF_LAWS(1.0),reglement,FR,sante,1959,1
SLC:DF_LAWS(1.0),reglement,GE,autres,1959,1
SLC:DF_LAWS(1.0),reglement,GE,etat,1959,1
SLC:DF_LAWS(1.0),reglement,NE,eco,1959,1
SLC:DF_LAWS(1.0),reglement,NE,sante,1959,1
SLC:DF_LAWS(1.0),staatsvertrag,SO,sante,1959,1
SLC:DF_LAWS(1.0),verordnung,AG,sante,1959,1
SLC:DF_LAWS(1.0),verordnung,AR,infra,1959,1
SLC:DF_LAWS(1.0),verordnung,BL,infra,1959,1
SLC:DF_LAWS(1.0),verordnung,BL,sante,1959,1
SLC:DF_LAWS(1.0),verordnung,GE,infra,1959,1
SLC:DF_LAWS(1.0),verordnung,JU,etat,1959,1
SLC:DF_LAWS(1.0),verordnung,LU,sante,1959,1
SLC:DF_LAWS(1.0),verordnung,SO,autres,1959,1
SLC:DF_LAWS(1.0),verordnung,SO,etat,1959,1
SLC:DF_LAWS(1.0),verordnung,SZ,etat,1959,1
SLC:DF_LAWS(1.0),verordnung,SZ,sante,1959,1
SLC:DF_LAWS(1.0),verordnung,ZH,eco,1959,1
SLC:DF_LAWS(1.0),anderes,_T,_T,1959,12
SLC:DF_LAWS(1.0),dekret,_T,_T,1959,14
SLC:DF_LAWS(1.0),gesetz,_T,_T,1959,10
SLC:DF_LAWS(1.0),interkantonale_vereinbarung,_T,_T,1959,16
SLC:DF_LAWS(1.0),reglement,_T,_T,1959,7
SLC:DF_LAWS(1.0),staatsvertrag,_T,_T,1959,1
SLC:DF_LAWS(1.0),verordnung,_T,_T,1959,12
SLC:DF_LAWS(1.0),_T,AG,_T,1959,5
SLC:DF_LAWS(1.0),_T,AI,_T,1959,1
SLC:DF_LAWS(1.0),_T,AR,_T,1959,2
SLC:DF_LAWS(1.0),_T,BE,_T,1959,4
SLC:DF_LAWS(1.0),_T,BL,_T,1959,3
SLC:DF_LAWS(1.0),_T,BS,_T,1959,1
SLC:DF_LAWS(1.0),_T,FR,_T,1959,1
SLC:DF_LAWS(1.0),_T,GE,_T,1959,4
SLC:DF_LAWS(1.0),_T,GL,_T,1959,2
SLC:DF_LAWS(1.0),_T,GR,_T,1959,2
SLC:DF_LAWS(1.0),_T,JU,_T,1959,2
SLC:DF_LAWS(1.0),_T,LU,_T,1959,2
SLC:DF_LAWS(1.0),_T,NE,_T,1959,5
SLC:DF_LAWS(1.0),_T,NW,_T,1959,5
SLC:DF_LAWS(1.0),_T,OW,_T,1959,4
SLC:DF_LAWS(1.0),_T,SG,_T,1959,3
SLC:DF_LAWS(1.0),_T,SO,_T,1959,4
SLC:DF_LAWS(1.0),_T,SZ,_T,1959,6
SLC:DF_LAWS(1.0),_T,UR,_T,1959,2
SLC:DF_LAWS(1.0),_T,VD,_T,1959,5
SLC:DF_LAWS(1.0),_T,VS,_T,1959,4
SLC:DF_LAWS(1.0),_T,ZG,_T,1959,2
SLC:DF_LAWS(1.0),_T,ZH,_T,1959,3
SLC:DF_LAWS(1.0),_T,_T,autres,1959,9
SLC:DF_LAWS(1.0),_T,_T,eco,1959,4
SLC:DF_LAWS(1.0),_T,_T,educ,1959,3
SLC:DF_LAWS(1.0),_T,_T,etat,1959,15
SLC:DF_LAWS(1.0),_T,_T,fin,1959,4
SLC:DF_LAWS(1.0),_T,_T,infra,1959,14
SLC:DF_LAWS(1.0),_T,_T,sante,1959,23
SLC:DF_LAWS(1.0),_T,_T,_T,1959,72
SLC:DF_LAWS(1.0),anderes,BS,educ,1960,1
SLC:DF_LAWS(1.0),anderes,BS,sante,1960,1
SLC:DF_LAWS(1.0),anderes,GL,infra,1960,1
SLC:DF_LAWS(1.0),anderes,SG,eco,1960,1
SLC:DF_LAWS(1.0),anderes,SO,educ,1960,1
SLC:DF_LAWS(1.0),anderes,SO,etat,1960,3
SLC:DF_LAWS(1.0),anderes,SO,infra,1960,1
SLC:DF_LAWS(1.0),anderes,VD,fin,1960,1
SLC:DF_LAWS(1.0),anderes,VD,infra,1960,1
SLC:DF_LAWS(1.0),anderes,ZH,autres,1960,1
SLC:DF_LAWS(1.0),dekret,AG,infra,1960,1
SLC:DF_LAWS(1.0),dekret,AI,fin,1960,1
SLC:DF_LAWS(1.0),dekret,BL,infra,1960,1
SLC:DF_LAWS(1.0),dekret,GR,etat,1960,1
SLC:DF_LAWS(1.0),dekret,OW,eco,1960,1
SLC:DF_LAWS(1.0),dekret,SZ,infra,1960,1
SLC:DF_LAWS(1.0),dekret,ZH,etat,1960,1
SLC:DF_LAWS(1.0),gesetz,BS,etat,1960,1
SLC:DF_LAWS(1.0),gesetz,FR,fin,1960,1
SLC:DF_LAWS(1.0),gesetz,GE,educ,1960,1
SLC:DF_LAWS(1.0),gesetz,GE,fin,1960,1
SLC:DF_LAWS(1.0),gesetz,LU,infra,1960,1
SLC:DF_LAWS(1.0),gesetz,NW,fin,1960,1
SLC:DF_LAWS(1.0),gesetz,SG,etat,1960,1
SLC:DF_LAWS(1.0),gesetz,SG,infra,1960,1
SLC:DF_LAWS(1.0),gesetz,TI,infra,1960,1
SLC:DF_LAWS(1.0),interkantonale_vereinbarung,GE,infra,1960,1
SLC:DF_LAWS(1.0),interkantonale_vereinbarung,NE,fin,1960,1
SLC:DF_LAWS(1.0),interkantonale_vereinbarung,NE,infra,1960,1
SLC:DF_LAWS(1.0),interkantonale_vereinbarung,SG,fin,1960,1
SLC:DF_LAWS(1.0),interkantonale_vereinbarung,SO,infra,1960,1
SLC:DF_LAWS(1.0),interkantonale_vereinbarung,VD,fin,1960,1
SLC:DF_LAWS(1.0),interkantonale_vereinbarung,ZH,fin,1960,1
SLC:DF_LAWS(1.0),reglement,GE,autres,1960,1
SLC:DF_LAWS(1.0),reglement,ZH,educ,1960,1
SLC:DF_LAWS(1.0),reglement,ZH,sante,1960,1
SLC:DF_LAWS(1.0),verordnung,AG,infra,1960,1
SLC:DF_LAWS(1.0),verordnung,AR,infra,1960,1
SLC:DF_LAWS(1.0),verordnung,BE,infra,1960,1
SLC:DF_LAWS(1.0),verordnung,BL,infra,1960,4
SLC:DF_LAWS(1.0),verordnung,BS,sante,1960,1
SLC:DF_LAWS(1.0),verordnung,JU,infra,1960,2
SLC:DF_LAWS(1.0),verordnung,OW,sante,1960,1
SLC:DF_LAWS(1.0),verordnung,SG,infra,1960,1
SLC:DF_LAWS(1.0),verordnung,SH,etat,1960,1
SLC:DF_LAWS(1.0),verordnung,SO,autres,1960,1
SLC:DF_LAWS(1.0),verordnung,ZH,autres,1960,1
SLC:DF_LAWS(1.0),verordnung,ZH,etat,1960,1
SLC:DF_LAWS(1.0),verordnung,ZH,infra,1960,1
SLC:DF_LAWS(1.0),verordnung,ZH,sante,1960,1
SLC:DF_LAWS(1.0),anderes,_T,_T,1960,12
SLC:DF_LAWS(1.0),dekret,_T,_T,1960,7
SLC:DF_LAWS(1.0),gesetz,_T,_T,1960,9
SLC:DF_LAWS(1.0),interkantonale_vereinbarung,_T,_T,1960,7
SLC:DF_LAWS(1.0),reglement,_T,_T,1960,3
SLC:DF_LAWS(1.0),verordnung,_T,_T,1960,18
SLC:DF_LAWS(1.0),_T,AG,_T,1960,2
SLC:DF_LAWS(1.0),_T,AI,_T,1960,1
SLC:DF_LAWS(1.0),_T,AR,_T,1960,1
SLC:DF_LAWS(1.0),_T,BE,_T,1960,1
SLC:DF_LAWS(1.0),_T,BL,_T,1960,5
SLC:DF_LAWS(1.0),_T,BS,_T,1960,4
SLC:DF_LAWS(1.0),_T,FR,_T,1960,1
SLC:DF_LAWS(1.0),_T,GE,_T,1960,4
SLC:DF_LAWS(1.0),_T,GL,_T,1960,1
SLC:DF_LAWS(1.0),_T,GR,_T,1960,1
SLC:DF_LAWS(1.0),_T,JU,_T,1960,2
SLC:DF_LAWS(1.0),_T,LU,_T,1960,1
SLC:DF_LAWS(1.0),_T,NE,_T,1960,2
SLC:DF_LAWS(1.0),_T,NW,_T,1960,1
SLC:DF_LAWS(1.0),_T,OW,_T,1960,2
SLC:DF_LAWS(1.0),_T,SG,_T,1960,5
SLC:DF_LAWS(1.0),_T,SH,_T,1960,1
SLC:DF_LAWS(1.0),_T,SO,_T,1960,7
SLC:DF_LAWS(1.0),_T,SZ,_T,1960,1
SLC:DF_LAWS(1.0),_T,TI,_T,1960,1
SLC:DF_LAWS(1.0),_T,VD,_T,1960,3
SLC:DF_LAWS(1.0),_T,ZH,_T,1960,9
SLC:DF_LAWS(1.0),_T,_T,autres,1960,4
SLC:DF_LAWS(1.0),_T,_T,eco,1960,2
SLC:DF_LAWS(1.0),_T,_T,educ,1960,4
SLC:DF_LAWS(1.0),_T,_T,etat,1960,9
SLC:DF_LAWS(1.0),_T,_T,fin,1960,9
SLC:DF_LAWS(1.0),_T,_T,infra,1960,23
SLC:DF_LAWS(1.0),_T,_T,sante,1960,5
SLC:DF_LAWS(1.0),_T,_T,_T,1960,56
SLC:DF_LAWS(1.0),anderes,FR,etat,1961,1
SLC:DF_LAWS(1.0),anderes,GE,etat,1961,1
SLC:DF_LAWS(1.0),anderes,GR,etat,1961,1
SLC:DF_LAWS(1.0),anderes,GR,fin,1961,1
SLC:DF_LAWS(1.0),anderes,OW,infra,1961,1
SLC:DF_LAWS(1.0),anderes,SO,educ,1961,1
SLC:DF_LAWS(1.0),anderes,SO,infra,1961,1
SLC:DF_LAWS(1.0),anderes,SZ,infra,1961,2
SLC:DF_LAWS(1.0),anderes,UR,educ,1961,1
SLC:DF_LAWS(1.0),anderes,VS,infra,1961,1
SLC:DF_LAWS(1.0),dekret,BL,infra,1961,1
SLC:DF_LAWS(1.0),dekret,GL,etat,1961,1
SLC:DF_LAWS(1.0),dekret,GR,etat,1961,2
SLC:DF_LAWS(1.0),dekret,NE,sante,1961,1
SLC:DF_LAWS(1.0),dekret,NW,sante,1961,1
SLC:DF_LAWS(1.0),dekret,SZ,infra,1961,1
SLC:DF_LAWS(1.0),dekret,TI,fin,1961,1
SLC:DF_LAWS(1.0),dekret,UR,eco,1961,2
SLC:DF_LAWS(1.0),dekret,UR,infra,1961,1
SLC:DF_LAWS(1.0),gesetz,AI,infra,1961,1
SLC:DF_LAWS(1.0),gesetz,BE,sante,1961,1
SLC:DF_LAWS(1.0),gesetz,BL,sante,1961,1
SLC:DF_LAWS(1.0),gesetz,FR,eco,1961,1
SLC:DF_LAWS(1.0),gesetz,FR,infra,1961,1
SLC:DF_LAWS(1.0),gesetz,GE,etat,1961,3
SLC:DF_LAWS(1.0),gesetz,GE,infra,1961,1
SLC:DF_LAWS(1.0),gesetz,GE,sante,1961,1
SLC:DF_LAWS(1.0),gesetz,GR,fin,1961,1
SLC:DF_LAWS(1.0),gesetz,LU,autres,1961,1
SLC:DF_LAWS(1.0),gesetz,LU,fin,1961,1
SLC:DF_LAWS(1.0),gesetz,OW,sante,1961,1
SLC:DF_LAWS(1.0),gesetz,SO,infra,1961,2
SLC:DF_LAWS(1.0),gesetz,SZ,infra,1961,1
SLC:DF_LAWS(1.0),gesetz,TI,etat,1961,1
SLC:DF_LAWS(1.0),gesetz,TI,infra,1961,1
SLC:DF_LAWS(1.0),gesetz,VD,eco,1961,1
SLC:DF_LAWS(1.0),gesetz,VD,etat,1961,1
SLC:DF_LAWS(1.0),interkantonale_vereinbarung,BS,etat,1961,1
SLC:DF_LAWS(1.0),interkantonale_vereinbarung,SG,infra,1961,1
SLC:DF_LAWS(1.0),reglement,AG,eco,1961,1
SLC:DF_LAWS(1.0),reglement,BS,educ,1961,1
SLC:DF_LAWS(1.0),reglement,GE,etat,1961,2
SLC:DF_LAWS(1.0),reglement,GE,infra,1961,1
SLC:DF_LAWS(1.0),reglement,GE,sante,1961,1
SLC:DF_LAWS(1.0),reglement,NE,educ,1961,1
SLC:DF_LAWS(1.0),reglement,TG,sante,1961,1
SLC:DF_LAWS(1.0),reglement,TI,sante,1961,1
SLC:DF_LAWS(1.0),reglement,VD,autres,1961,1
SLC:DF_LAWS(1.0),reglement,VD,eco,1961,1
SLC:DF_LAWS(1.0),reglement,VD,sante,1961,1
SLC:DF_LAWS(1.0),reglement,ZH,autres,1961,1
SLC:DF_LAWS(1.0),reglement,ZH,etat,1961,1
SLC:DF_LAWS(1.0),verordnung,AG,eco,1961,2
SLC:DF_LAWS(1.0),verordnung,AG,sante,1961,1
SLC:DF_LAWS(1.0),verordnung,BE,eco,1961,1
SLC:DF_LAWS(1.0),verordnung,BE,infra,1961,1
SLC:DF_LAWS(1.0),verordnung,BE,sante,1961,2
SLC:DF_LAWS(1.0),verordnung,BL,educ,1961,1
SLC:DF_LAWS(1.0),verordnung,BS,infra,1961,1
SLC:DF_LAWS(1.0),verordnung,GR,autres,1961,1
SLC:DF_LAWS(1.0),verordnung,GR,educ,1961,1
SLC:DF_LAWS(1.0),verordnung,SG,etat,1961,1
SLC:DF_LAWS(1.0),verordnung,SG,infra,1961,1
SLC:DF_LAWS(1.0),verordnung,SH,sante,1961,1
SLC:DF_LAWS(1.0),verordnung,SO,etat,1961,1
SLC:DF_LAWS(1.0),verordnung,SO,infra,1961,1
SLC:DF_LAWS(1.0),verordnung,TG,eco,1961,1
SLC:DF_LAWS(1.0),verordnung,TI,sante,1961,1
SLC:DF_LAWS(1.0),anderes,_T,_T,1961,11
SLC:DF_LAWS(1.0),dekret,_T,_T,1961,11
SLC:DF_LAWS(1.0),gesetz,_T,_T,1961,21
SLC:DF_LAWS(1.0),interkantonale_vereinbarung,_T,_T,1961,2
SLC:DF_LAWS(1.0),reglement,_T,_T,1961,14
SLC:DF_LAWS(1.0),verordnung,_T,_T,1961,18
SLC:DF_LAWS(1.0),_T,AG,_T,1961,4
SLC:DF_LAWS(1.0),_T,AI,_T,1961,1
SLC:DF_LAWS(1.0),_T,BE,_T,1961,5
SLC:DF_LAWS(1.0),_T,BL,_T,1961,3
SLC:DF_LAWS(1.0),_T,BS,_T,1961,3
SLC:DF_LAWS(1.0),_T,FR,_T,1961,3
SLC:DF_LAWS(1.0),_T,GE,_T,1961,10
SLC:DF_LAWS(1.0),_T,GL,_T,1961,1
SLC:DF_LAWS(1.0),_T,GR,_T,1961,7
SLC:DF_LAWS(1.0),_T,LU,_T,1961,2
SLC:DF_LAWS(1.0),_T,NE,_T,1961,2
SLC:DF_LAWS(1.0),_T,NW,_T,1961,1
SLC:DF_LAWS(1.0),_T,OW,_T,1961,2
SLC:DF_LAWS(1.0),_T,SG,_T,1961,3
SLC:DF_LAWS(1.0),_T,SH,_T,1961,1
SLC:DF_LAWS(1.0),_T,SO,_T,1961,6
SLC:DF_LAWS(1.0),_T,SZ,_T,1961,4
SLC:DF_LAWS(1.0),_T,TG,_T,1961,2
SLC:DF_LAWS(1.0),_T,TI,_T,1961,5
SLC:DF_LAWS(1.0),_T,UR,_T,1961,4
SLC:DF_LAWS(1.0),_T,VD,_T,1961,5
SLC:DF_LAWS(1.0),_T,VS,_T,1961,1
SLC:DF_LAWS(1.0),_T,ZH,_T,1961,2
SLC:DF_LAWS(1.0),_T,_T,autres,1961,4
SLC:DF_LAWS(1.0),_T,_T,eco,1961,10
SLC:DF_LAWS(1.0),_T,_T,educ,1961,6
SLC:DF_LAWS(1.0),_T,_T,etat,1961,17
SLC:DF_LAWS(1.0),_T,_T,fin,1961,4
SLC:DF_LAWS(1.0),_T,_T,infra,1961,21
SLC:DF_LAWS(1.0),_T,_T,sante,1961,15
SLC:DF_LAWS(1.0),_T,_T,_T,1961,77
SLC:DF_LAWS(1.0),anderes,BL,fin,1962,1
SLC:DF_LAWS(1.0),anderes,BS,educ,1962,1
SLC:DF_LAWS(1.0),anderes,FR,eco,1962,1
SLC:DF_LAWS(1.0),anderes,GL,fin,1962,1
SLC:DF_LAWS(1.0),anderes,GL,infra,1962,1
SLC:DF_LAWS(1.0),anderes,SH,educ,1962,1
SLC:DF_LAWS(1.0),anderes,SO,etat,1962,1
SLC:DF_LAWS(1.0),anderes,SO,sante,1962,1
SLC:DF_LAWS(1.0),anderes,UR,infra,1962,1
SLC:DF_LAWS(1.0),anderes,VD,infra,1962,1
SLC:DF_LAWS(1.0),dekret,AI,etat,1962,1
SLC:DF_LAWS(1.0),dekret,AI,infra,1962,1
SLC:DF_LAWS(1.0),dekret,BS,fin,1962,1
SLC:DF_LAWS(1.0),dekret,BS,infra,1962,1
SLC:DF_LAWS(1.0),dekret,GR,autres,1962,1
SLC:DF_LAWS(1.0),dekret,SZ,fin,1962,1
SLC:DF_LAWS(1.0),dekret,SZ,infra,1962,1
SLC:DF_LAWS(1.0),gesetz,AI,autres,1962,1
SLC:DF_LAWS(1.0),gesetz,AI,sante,1962,1
SLC:DF_LAWS(1.0),gesetz,AR,sante,1962,1
SLC:DF_LAWS(1.0),gesetz,BS,educ,1962,1
SLC:DF_LAWS(1.0),gesetz,BS,sante,1962,2
SLC:DF_LAWS(1.0),gesetz,FR,eco,1962,1
SLC:DF_LAWS(1.0),gesetz,GE,sante,1962,1
SLC:DF_LAWS(1.0),gesetz,GR,educ,1962,1
SLC:DF_LAWS(1.0),gesetz,LU,etat,1962,1
SLC:DF_LAWS(1.0),gesetz,VD,eco,1962,1
SLC:DF_LAWS(1.0),gesetz,VD,infra,1962,1
SLC:DF_LAWS(1.0),gesetz,VS,autres,1962,1
SLC:DF_LAWS(1.0),gesetz,VS,educ,1962,1
SLC:DF_LAWS(1.0),gesetz,ZH,sante,1962,2
SLC:DF_LAWS(1.0),interkantonale_vereinbarung,BL,fin,1962,2
SLC:DF_LAWS(1.0),interkantonale_vereinbarung,BL,infra,1962,1
SLC:DF_LAWS(1.0),interkantonale_vereinbarung,SO,sante,1962,1
SLC:DF_LAWS(1.0),reglement,GE,etat,1962,2
SLC:DF_LAWS(1.0),reglement,NE,sante,1962,1
SLC:DF_LAWS(1.0),reglement,SG,eco,1962,1
SLC:DF_LAWS(1.0),reglement,TI,infra,1962,1
SLC:DF_LAWS(1.0),reglement,UR,etat,1962,1
SLC:DF_LAWS(1.0),reglement,UR,infra,1962,1
SLC:DF_LAWS(1.0),reglement,VS,educ,1962,1
SLC:DF_LAWS(1.0),verordnung,BS,sante,1962,1
SLC:DF_LAWS(1.0),verordnung,LU,infra,1962,1
SLC:DF_LAWS(1.0),verordnung,SH,educ,1962,1
SLC:DF_LAWS(1.0),verordnung,SH,etat,1962,1
SLC:DF_LAWS(1.0),verordnung,SO,infra,1962,1
SLC:DF_LAWS(1.0),verordnung,SO,sante,1962,1
SLC:DF_LAWS(1.0),verordnung,TI,etat,1962,1
SLC:DF_LAWS(1.0),verordnung,TI,infra,1962,1
SLC:DF_LAWS(1.0),verordnung,ZG,eco,1962,1
SLC:DF_LAWS(1.0),verordnung,ZH,sante,1962,1
SLC:DF_LAWS(1.0),anderes,_T,_T,1962,10
SLC:DF_LAWS(1.0),dekret,_T,_T,1962,7
SLC:DF_LAWS(1.0),gesetz,_T,_T,1962,16
SLC:DF_LAWS(1.0),interkantonale_vereinbarung,_T,_T,1962,4
SLC:DF_LAWS(1.0),reglement,_T,_T,1962,8
SLC:DF_LAWS(1.0),verordnung,_T,_T,1962,10
SLC:DF_LAWS(1.0),_T,AI,_T,1962,4
SLC:DF_LAWS(1.0),_T,AR,_T,1962,1
SLC:DF_LAWS(1.0),_T,BL,_T,1962,4
SLC:DF_LAWS(1.0),_T,BS,_T,1962,7
SLC:DF_LAWS(1.0),_T,FR,_T,1962,2
SLC:DF_LAWS(1.0),_T,GE,_T,1962,3
SLC:DF_LAWS(1.0),_T,GL,_T,1962,2
SLC:DF_LAWS(1.0),_T,GR,_T,1962,2
SLC:DF_LAWS(1.0),_T,LU,_T,1962,2
SLC:DF_LAWS(1.0),_T,NE,_T,1962,1
SLC:DF_LAWS(1.0),_T,SG,_T,1962,1
SLC:DF_LAWS(1.0),_T,SH,_T,1962,3
SLC:DF_LAWS(1.0),_T,SO,_T,1962,5
SLC:DF_LAWS(1.0),_T,SZ,_T,1962,2
SLC:DF_LAWS(1.0),_T,TI,_T,1962,3
SLC:DF_LAWS(1.0),_T,UR,_T,1962,3
SLC:DF_LAWS(1.0),_T,VD,_T,1962,3
SLC:DF_LAWS(1.0),_T,VS,_T,1962,3
SLC:DF_LAWS(1.0),_T,ZG,_T,1962,1
SLC:DF_LAWS(1.0),_T,ZH,_T,1962,3
SLC:DF_LAWS(1.0),_T,_T,autres,1962,3
SLC:DF_LAWS(1.0),_T,_T,eco,1962,5
SLC:DF_LAWS(1.0),_T,_T,educ,1962,7
SLC:DF_LAWS(1.0),_T,_T,etat,1962,8
SLC:DF_LAWS(1.0),_T,_T,fin,1962,6
SLC:DF_LAWS(1.0),_T,_T,infra,1962,13
SLC:DF_LAWS(1.0),_T,_T,sante,1962,13
SLC:DF_LAWS(1.0),_T,_T,_T,1962,55
SLC:DF_LAWS(1.0),anderes,BL,eco,1963,1
SLC:DF_LAWS(1.0),anderes,BL,fin,1963,1
SLC:DF_LAWS(1.0),anderes,BS,educ,1963,1
SLC:DF_LAWS(1.0),anderes,FR,eco,1963,1
SLC:DF_LAWS(1.0),anderes,FR,infra,1963,1
SLC:DF_LAWS(1.0),anderes,GL,infra,1963,2
SLC:DF_LAWS(1.0),anderes,LU,infra,1963,1
SLC:DF_LAWS(1.0),anderes,NE,infra,1963,1
SLC:DF_LAWS(1.0),anderes,SO,eco,1963,1
SLC:DF_LAWS(1.0),anderes,SO,educ,1963,1
SLC:DF_LAWS(1.0),anderes,SO,infra,1963,3
SLC:DF_LAWS(1.0),anderes,SO,sante,1963,1
SLC:DF_LAWS(1.0),anderes,TI,etat,1963,1
SLC:DF_LAWS(1.0),anderes,TI,sante,1963,1
SLC:DF_LAWS(1.0),anderes,VD,fin,1963,1
SLC:DF_LAWS(1.0),anderes,VD,sante,1963,2
SLC:DF_LAWS(1.0),anderes,VS,infra,1963,1
SLC:DF_LAWS(1.0),anderes,ZH,etat,1963,2
SLC:DF_LAWS(1.0),anderes,ZH,infra,1963,1
SLC:DF_LAWS(1.0),dekret,BS,fin,1963,1
SLC:DF_LAWS(1.0),dekret,NE,sante,1963,1
SLC:DF_LAWS(1.0),dekret,OW,infra,1963,1
SLC:DF_LAWS(1.0),dekret,SH,eco,1963,1
SLC:DF_LAWS(1.0),dekret,SH,etat,1963,1
SLC:DF_LAWS(1.0),dekret,VD,sante,1963,1
SLC:DF_LAWS(1.0),dekret,ZG,etat,1963,1
SLC:DF_LAWS(1.0),dekret,ZG,infra,1963,1
SLC:DF_LAWS(1.0),gesetz,AG,sante,1963,1
SLC:DF_LAWS(1.0),gesetz,AR,educ,1963,1
SLC:DF_LAWS(1.0),gesetz,BL,educ,1963,1
SLC:DF_LAWS(1.0),gesetz,BS,educ,1963,1
SLC:DF_LAWS(1.0),gesetz,BS,sante,1963,1
SLC:DF_LAWS(1.0),gesetz,FR,fin,1963,1
SLC:DF_LAWS(1.0),gesetz,GE,etat,1963,2
SLC:DF_LAWS(1.0),gesetz,GL,sante,1963,1
SLC:DF_LAWS(1.0),gesetz,GR,eco,1963,1
SLC:DF_LAWS(1.0),gesetz,NE,etat,1963,1
SLC:DF_LAWS(1.0),gesetz,SO,educ,1963,1
SLC:DF_LAWS(1.0),gesetz,SO,etat,1963,1
SLC:DF_LAWS(1.0),gesetz,TI,etat,1963,1
SLC:DF_LAWS(1.0),gesetz,VD,educ,1963,1
SLC:DF_LAWS(1.0),gesetz,VD,fin,1963,1
SLC:DF_LAWS(1.0),gesetz,VS,educ,1963,1
SLC:DF_LAWS(1.0),gesetz,ZH,etat,1963,2
SLC:DF_LAWS(1.0),gesetz,ZH,infra,1963,1
SLC:DF_LAWS(1.0),interkantonale_vereinbarung,BL,educ,1963,1
SLC:DF_LAWS(1.0),interkantonale_vereinbarung,BS,sante,1963,1
SLC:DF_LAWS(1.0),interkantonale_vereinbarung,SZ,fin,1963,1
SLC:DF_LAWS(1.0),reglement,GR,etat,1963,1
SLC:DF_LAWS(1.0),reglement,NE,educ,1963,2
SLC:DF_LAWS(1.0),reglement,SO,autres,1963,1
SLC:DF_LAWS(1.0),reglement,TI,autres,1963,1
SLC:DF_LAWS(1.0),reglement,VD,eco,1963,1
SLC:DF_LAWS(1.0),reglement,VS,educ,1963,1
SLC:DF_LAWS(1.0),reglement,VS,etat,1963,1
SLC:DF_LAWS(1.0),verordnung,AG,eco,1963,1
SLC:DF_LAWS(1.0),verordnung,AR,educ,1963,1
SLC:DF_LAWS(1.0),verordnung,BL,infra,1963,1
SLC:DF_LAWS(1.0),verordnung,GL,sante,1963,3
SLC:DF_LAWS(1.0),verordnung,LU,etat,1963,1
SLC:DF_LAWS(1.0),verordnung,NE,eco,1963,1
SLC:DF_LAWS(1.0),verordnung,SG,infra,1963,1
SLC:DF_LAWS(1.0),verordnung,SO,educ,1963,1
SLC:DF_LAWS(1.0),verordnung,SZ,etat,1963,1
SLC:DF_LAWS(1.0),verordnung,SZ,fin,1963,1
SLC:DF_LAWS(1.0),verordnung,ZH,sante,1963,3
SLC:DF_LAWS(1.0),anderes,_T,_T,1963,24
SLC:DF_LAWS(1.0),dekret,_T,_T,1963,8
SLC:DF_LAWS(1.0),gesetz,_T,_T,1963,20
SLC:DF_LAWS(1.0),interkantonale_vereinbarung,_T,_T,1963,3
SLC:DF_LAWS(1.0),reglement,_T,_T,1963,8
SLC:DF_LAWS(1.0),verordnung,_T,_T,1963,15
SLC:DF_LAWS(1.0),_T,AG,_T,1963,2
SLC:DF_LAWS(1.0),_T,AR,_T,1963,2
SLC:DF_LAWS(1.0),_T,BL,_T,1963,5
SLC:DF_LAWS(1.0),_T,BS,_T,1963,5
SLC:DF_LAWS(1.0),_T,FR,_T,1963,3
SLC:DF_LAWS(1.0),_T,GE,_T,1963,2
SLC:DF_LAWS(1.0),_T,GL,_T,1963,6
SLC:DF_LAWS(1.0),_T,GR,_T,1963,2
SLC:DF_LAWS(1.0),_T,LU,_T,1963,2
SLC:DF_LAWS(1.0),_T,NE,_T,1963,6
SLC:DF_LAWS(1.0),_T,OW,_T,1963,1
SLC:DF_LAWS(1.0),_T,SG,_T,1963,1
SLC:DF_LAWS(1.0),_T,SH,_T,1963,2
SLC:DF_LAWS(1.0),_T,SO,_T,1963,10
SLC:DF_LAWS(1.0),_T,SZ,_T,1963,3
SLC:DF_LAWS(1.0),_T,TI,_T,1963,4
SLC:DF_LAWS(1.0),_T,VD,_T,1963,7
SLC:DF_LAWS(1.0),_T,VS,_T,1963,4
SLC:DF_LAWS(1.0),_T,ZG,_T,1963,2
SLC:DF_LAWS(1.0),_T,ZH,_T,1963,9
SLC:DF_LAWS(1.0),_T,_T,autres,1963,2
SLC:DF_LAWS(1.0),_T,_T,eco,1963,8
SLC:DF_LAWS(1.0),_T,_T,educ,1963,14
SLC:DF_LAWS(1.0),_T,_T,etat,1963,16
SLC:DF_LAWS(1.0),_T,_T,fin,1963,7
SLC:DF_LAWS(1.0),_T,_T,infra,1963,15
SLC:DF_LAWS(1.0),_T,_T,sante,1963,16
SLC:DF_LAWS(1.0),_T,_T,_T,1963,78
SLC:DF_LAWS(1.0),anderes,BE,fin,1964,1
SLC:DF_LAWS(1.0),anderes,FR,autres,1964,1
SLC:DF_LAWS(1.0),anderes,FR,etat,1964,1
SLC:DF_LAWS(1.0),anderes,GL,eco,1964,1
SLC:DF_LAWS(1.0),anderes,GR,sante,1964,1
SLC:DF_LAWS(1.0),anderes,NE,infra,1964,1
SLC:DF_LAWS(1.0),anderes,NW,eco,1964,1
SLC:DF_LAWS(1.0),anderes,SG,eco,1964,1
SLC:DF_LAWS(1.0),anderes,SO,educ,1964,3
SLC:DF_LAWS(1.0),anderes,VS,etat,1964,1
SLC:DF_LAWS(1.0),anderes,VS,infra,1964,2
SLC:DF_LAWS(1.0),dekret,AG,etat,1964,1
SLC:DF_LAWS(1.0),dekret,BE,infra,1964,1
SLC:DF_LAWS(1.0),dekret,BS,fin,1964,2
SLC:DF_LAWS(1.0),dekret,GL,sante,1964,1
SLC:DF_LAWS(1.0),dekret,NW,autres,1964,1
SLC:DF_LAWS(1.0),dekret,NW,etat,1964,2
SLC:DF_LAWS(1.0),dekret,NW,fin,1964,1
SLC:DF_LAWS(1.0),dekret,OW,eco,1964,1
SLC:DF_LAWS(1.0),dekret,TI,eco,1964,1
SLC:DF_LAWS(1.0),dekret,VD,fin,1964,1
SLC:DF_LAWS(1.0),dekret,VD,infra,1964,1
SLC:DF_LAWS(1.0),dekret,ZG,eco,1964,1
SLC:DF_LAWS(1.0),dekret,ZG,sante,1964,1
SLC:DF_LAWS(1.0),gesetz,AG,fin,1964,1
SLC:DF_LAWS(1.0),gesetz,BE,infra,1964,1
SLC:DF_LAWS(1.0),gesetz,BS,autres,1964,1
SLC:DF_LAWS(1.0),gesetz,FR,etat,1964,1
SLC:DF_LAWS(1.0),gesetz,GE,infra,1964,1
SLC:DF_LAWS(1.0),gesetz,GL,etat,1964,2
SLC:DF_LAWS(1.0),gesetz,JU,sante,1964,1
SLC:DF_LAWS(1.0),gesetz,LU,etat,1964,1
SLC:DF_LAWS(1.0),gesetz,NE,etat,1964,1
SLC:DF_LAWS(1.0),gesetz,NE,sante,1964,1
SLC:DF_LAWS(1.0),gesetz,NW,autres,1964,1
SLC:DF_LAWS(1.0),gesetz,SG,sante,1964,1
SLC:DF_LAWS(1.0),gesetz,SH,infra,1964,1
SLC:DF_LAWS(1.0),gesetz,SO,sante,1964,1
SLC:DF_LAWS(1.0),gesetz,TI,etat,1964,1
SLC:DF_LAWS(1.0),gesetz,TI,sante,1964,1
SLC:DF_LAWS(1.0),gesetz,UR,fin,1964,1
SLC:DF_LAWS(1.0),gesetz,VD,eco,1964,1
SLC:DF_LAWS(1.0),gesetz,VD,sante,1964,1
SLC:DF_LAWS(1.0),gesetz,ZG,etat,1964,1
SLC:DF_LAWS(1.0),interkantonale_vereinbarung,AG,eco,1964,1
SLC:DF_LAWS(1.0),interkantonale_vereinbarung,AR,autres,1964,1
SLC:DF_LAWS(1.0),interkantonale_vereinbarung,BE,eco,1964,1
SLC:DF_LAWS(1.0),interkantonale_vereinbarung,BL,eco,1964,1
SLC:DF_LAWS(1.0),interkantonale_vereinbarung,BL,educ,1964,1
SLC:DF_LAWS(1.0),interkantonale_vereinbarung,BS,eco,1964,2
SLC:DF_LAWS(1.0),interkantonale_vereinbarung,BS,infra,1964,1
SLC:DF_LAWS(1.0),interkantonale_vereinbarung,FR,eco,1964,1
SLC:DF_LAWS(1.0),interkantonale_vereinbarung,GE,eco,1964,1
SLC:DF_LAWS(1.0),interkantonale_vereinbarung,GE,infra,1964,1
SLC:DF_LAWS(1.0),interkantonale_vereinbarung,JU,eco,1964,1
SLC:DF_LAWS(1.0),interkantonale_vereinbarung,LU,educ,1964,1
SLC:DF_LAWS(1.0),interkantonale_vereinbarung,OW,eco,1964,1
SLC:DF_LAWS(1.0),interkantonale_vereinbarung,SG,fin,1964,1
SLC:DF_LAWS(1.0),interkantonale_vereinbarung,SG,sante,1964,1
SLC:DF_LAWS(1.0),interkantonale_vereinbarung,SH,educ,1964,1
SLC:DF_LAWS(1.0),interkantonale_vereinbarung,SO,eco,1964,1
SLC:DF_LAWS(1.0),interkantonale_vereinbarung,SZ,educ,1964,1
SLC:DF_LAWS(1.0),interkantonale_vereinbarung,TG,sante,1964,1
SLC:DF_LAWS(1.0),interkantonale_vereinbarung,TI,eco,1964,1
SLC:DF_LAWS(1.0),interkantonale_vereinbarung,UR,eco,1964,1
SLC:DF_LAWS(1.0),interkantonale_vereinbarung,VD,eco,1964,1
SLC:DF_LAWS(1.0),interkantonale_vereinbarung,ZG,eco,1964,1
SLC:DF_LAWS(1.0),interkantonale_vereinbarung,ZH,fin,1964,1
SLC:DF_LAWS(1.0),reglement,FR,sante,1964,1
SLC:DF_LAWS(1.0),reglement,GE,autres,1964,2
SLC:DF_LAWS(1.0),reglement,GE,eco,1964,1
SLC:DF_LAWS(1.0),reglement,GE,educ,1964,1
SLC:DF_LAWS(1.0),reglement,GE,infra,1964,2
SLC:DF_LAWS(1.0),reglement,GL,sante,1964,1
SLC:DF_LAWS(1.0),reglement,NE,etat,1964,1
SLC:DF_LAWS(1.0),reglement,VD,sante,1964,1
SLC:DF_LAWS(1.0),reglement,ZH,etat,1964,1
SLC:DF_LAWS(1.0),staatsvertrag,SH,etat,1964,2
SLC:DF_LAWS(1.0),verordnung,AG,etat,1964,1
SLC:DF_LAWS(1.0),verordnung,AG,sante,1964,1
SLC:DF_LAWS(1.0),verordnung,BE,infra,1964,2
SLC:DF_LAWS(1.0),verordnung,BS,educ,1964,1
SLC:DF_LAWS(1.0),verordnung,BS,infra,1964,1
SLC:DF_LAWS(1.0),verordnung,BS,sante,1964,1
SLC:DF_LAWS(1.0),verordnung,FR,sante,1964,1
SLC:DF_LAWS(1.0),verordnung,GL,etat,1964,1
SLC:DF_LAWS(1.0),verordnung,GL,sante,1964,1
SLC:DF_LAWS(1.0),verordnung,JU,eco,1964,1
SLC:DF_LAWS(1.0),verordnung,LU,infra,1964,1
SLC:DF_LAWS(1.0),verordnung,NE,infra,1964,1
SLC:DF_LAWS(1.0),verordnung,SG,etat,1964,1
SLC:DF_LAWS(1.0),verordnung,SO,sante,1964,3
SLC:DF_LAWS(1.0),verordnung,SZ,fin,1964,1
SLC:DF_LAWS(1.0),verordnung,TG,infra,1964,1
SLC:DF_LAWS(1.0),verordnung,ZG,sante,1964,1
SLC:DF_LAWS(1.0),verordnung,ZH,etat,1964,1
SLC:DF_LAWS(1.0),verordnung,ZH,infra,1964,1
SLC:DF_LAWS(1.0),verordnung,ZH,sante,1964,1
SLC:DF_LAWS(1.0),anderes,_T,_T,1964,14
SLC:DF_LAWS(1.0),dekret,_T,_T,1964,15
SLC:DF_LAWS(1.0),gesetz,_T,_T,1964,21
SLC:DF_LAWS(1.0),interkantonale_vereinbarung,_T,_T,1964,25
SLC:DF_LAWS(1.0),reglement,_T,_T,1964,11
SLC:DF_LAWS(1.0),staatsvertrag,_T,_T,1964,2
SLC:DF_LAWS(1.0),verordnung,_T,_T,1964,23
SLC:DF_LAWS(1.0),_T,AG,_T,1964,5
SLC:DF_LAWS(1.0),_T,AR,_T,1964,1
SLC:DF_LAWS(1.0),_T,BE,_T,1964,6
SLC:DF_LAWS(1.0),_T,BL,_T,1964,2
SLC:DF_LAWS(1.0),_T,BS,_T,1964,9
SLC:DF_LAWS(1.0),_T,FR,_T,1964,6
SLC:DF_LAWS(1.0),_T,GE,_T,1964,9
SLC:DF_LAWS(1.0),_T,GL,_T,1964,7
SLC:DF_LAWS(1.0),_T,GR,_T,1964,1
SLC:DF_LAWS(1.0),_T,JU,_T,1964,3
SLC:DF_LAWS(1.0),_T,LU,_T,1964,3
SLC:DF_LAWS(1.0),_T,NE,_T,1964,5
SLC:DF_LAWS(1.0),_T,NW,_T,1964,6
SLC:DF_LAWS(1.0),_T,OW,_T,1964,2
SLC:DF_LAWS(1.0),_T,SG,_T,1964,5
SLC:DF_LAWS(1.0),_T,SH,_T,1964,4
SLC:DF_LAWS(1.0),_T,SO,_T,1964,8
SLC:DF_LAWS(1.0),_T,SZ,_T,1964,2
SLC:DF_LAWS(1.0),_T,TG,_T,1964,2
SLC:DF_LAWS(1.0),_T,TI,_T,1964,4
SLC:DF_LAWS(1.0),_T,UR,_T,1964,2
SLC:DF_LAWS(1.0),_T,VD,_T,1964,6
SLC:DF_LAWS(1.0),_T,VS,_T,1964,3
SLC:DF_LAWS(1.0),_T,ZG,_T,1964,5
SLC:DF_LAWS(1.0),_T,ZH,_T,1964,5
SLC:DF_LAWS(1.0),_T,_T,autres,1964,7
SLC:DF_LAWS(1.0),_T,_T,eco,1964,23
SLC:DF_LAWS(1.0),_T,_T,educ,1964,9
SLC:DF_LAWS(1.0),_T,_T,etat,1964,20
SLC:DF_LAWS(1.0),_T,_T,fin,1964,10
SLC:DF_LAWS(1.0),_T,_T,infra,1964,19
SLC:DF_LAWS(1.0),_T,_T,sante,1964,23
SLC:DF_LAWS(1.0),_T,_T,_T,1964,111
SLC:DF_LAWS(1.0),anderes,BS,infra,1965,1
SLC:DF_LAWS(1.0),anderes,BS,sante,1965,2
SLC:DF_LAWS(1.0),anderes,GL,sante,1965,1
SLC:DF_LAWS(1.0),anderes,LU,sante,1965,1
SLC:DF_LAWS(1.0),anderes,NE,educ,1965,1
SLC:DF_LAWS(1.0),anderes,NE,sante,1965,1
SLC:DF_LAWS(1.0),anderes,SG,etat,1965,2
SLC:DF_LAWS(1.0),anderes,SH,etat,1965,1
SLC:DF_LAWS(1.0),anderes,SO,educ,1965,1
SLC:DF_LAWS(1.0),anderes,VD,autres,1965,1
SLC:DF_LAWS(1.0),anderes,VS,etat,1965,1
SLC:DF_LAWS(1.0),dekret,AR,sante,1965,1
SLC:DF_LAWS(1.0),dekret,BS,fin,1965,1
SLC:DF_LAWS(1.0),dekret,GR,educ,1965,2
SLC:DF_LAWS(1.0),dekret,GR,fin,1965,1
SLC:DF_LAWS(1.0),dekret,NE,educ,1965,1
SLC:DF_LAWS(1.0),dekret,NE,sante,1965,2
SLC:DF_LAWS(1.0),dekret,NW,etat,1965,1
SLC:DF_LAWS(1.0),dekret,SG,etat,1965,1
SLC:DF_LAWS(1.0),dekret,SG,fin,1965,1
SLC:DF_LAWS(1.0),dekret,SZ,infra,1965,1
SLC:DF_LAWS(1.0),dekret,VD,educ,1965,1
SLC:DF_LAWS(1.0),gesetz,AG,infra,1965,1
SLC:DF_LAWS(1.0),gesetz,AR,sante,1965,1
SLC:DF_LAWS(1.0),gesetz,BE,infra,1965,1
SLC:DF_LAWS(1.0),gesetz,FR,etat,1965,2
SLC:DF_LAWS(1.0),gesetz,FR,sante,1965,3
SLC:DF_LAWS(1.0),gesetz,GE,eco,1965,1
SLC:DF_LAWS(1.0),gesetz,GE,etat,1965,2
SLC:DF_LAWS(1.0),gesetz,GE,infra,1965,1
SLC:DF_LAWS(1.0),gesetz,GE,sante,1965,3
SLC:DF_LAWS(1.0),gesetz,GL,autres,1965,2
SLC:DF_LAWS(1.0),gesetz,GL,sante,1965,1
SLC:DF_LAWS(1.0),gesetz,GR,educ,1965,1
SLC:DF_LAWS(1.0),gesetz,GR,etat,1965,1
SLC:DF_LAWS(1.0),gesetz,NW,etat,1965,1
SLC:DF_LAWS(1.0),gesetz,NW,sante,1965,1
SLC:DF_LAWS(1.0),gesetz,SG,etat,1965,1
SLC:DF_LAWS(1.0),gesetz,SG,infra,1965,1
SLC:DF_LAWS(1.0),gesetz,SH,etat,1965,1
SLC:DF_LAWS(1.0),gesetz,SZ,autres,1965,1
SLC:DF_LAWS(1.0),gesetz,SZ,infra,1965,1
SLC:DF_LAWS(1.0),gesetz,SZ,sante,1965,1
SLC:DF_LAWS(1.0),gesetz,TI,etat,1965,2
SLC:DF_LAWS(1.0),gesetz,VD,sante,1965,3
SLC:DF_LAWS(1.0),gesetz,VS,etat,1965,1
SLC:DF_LAWS(1.0),gesetz,VS,infra,1965,1
SLC:DF_LAWS(1.0),gesetz,ZG,educ,1965,1
SLC:DF_LAWS(1.0),gesetz,ZG,etat,1965,1
SLC:DF_LAWS(1.0),interkantonale_vereinbarung,SG,eco,1965,1
SLC:DF_LAWS(1.0),interkantonale_vereinbarung,SG,etat,1965,1
SLC:DF_LAWS(1.0),interkantonale_vereinbarung,SG,fin,1965,2
SLC:DF_LAWS(1.0),interkantonale_vereinbarung,SO,fin,1965,1
SLC:DF_LAWS(1.0),interkantonale_vereinbarung,TI,fin,1965,3
SLC:DF_LAWS(1.0),reglement,FR,etat,1965,1
SLC:DF_LAWS(1.0),reglement,FR,sante,1965,1
SLC:DF_LAWS(1.0),reglement,GE,eco,1965,1
SLC:DF_LAWS(1.0),reglement,GE,sante,1965,2
SLC:DF_LAWS(1.0),reglement,GR,fin,1965,1
SLC:DF_LAWS(1.0),reglement,VD,eco,1965,1
SLC:DF_LAWS(1.0),reglement,VD,sante,1965,1
SLC:DF_LAWS(1.0),reglement,VS,educ,1965,1
SLC:DF_LAWS(1.0),reglement,VS,infra,1965,1
SLC:DF_LAWS(1.0),staatsvertrag,BS,infra,1965,1
SLC:DF_LAWS(1.0),verfassung,NW,etat,1965,1
SLC:DF_LAWS(1.0),verordnung,BL,infra,1965,2
SLC:DF_LAWS(1.0),verordnung,LU,sante,1965,1
SLC:DF_LAWS(1.0),verordnung,NE,infra,1965,2
SLC:DF_LAWS(1.0),verordnung,OW,etat,1965,1
SLC:DF_LAWS(1.0),verordnung,SH,educ,1965,1
SLC:DF_LAWS(1.0),verordnung,SO,infra,1965,1
SLC:DF_LAWS(1.0),verordnung,TG,infra,1965,1
SLC:DF_LAWS(1.0),verordnung,ZG,etat,1965,2
SLC:DF_LAWS(1.0),verordnung,ZH,educ,1965,1
SLC:DF_LAWS(1.0),verordnung,ZH,infra,1965,1
SLC:DF_LAWS(1.0),anderes,_T,_T,1965,13
SLC:DF_LAWS(1.0),dekret,_T,_T,1965,13
SLC:DF_LAWS(1.0),gesetz,_T,_T,1965,37
SLC:DF_LAWS(1.0),interkantonale_vereinbarung,_T,_T,1965,8
SLC:DF_LAWS(1.0),reglement,_T,_T,1965,10
SLC:DF_LAWS(1.0),staatsvertrag,_T,_T,1965,1
SLC:DF_LAWS(1.0),verfassung,_T,_T,1965,1
SLC:DF_LAWS(1.0),verordnung,_T,_T,1965,13
SLC:DF_LAWS(1.0),_T,AG,_T,1965,1
SLC:DF_LAWS(1.0),_T,AR,_T,1965,2
SLC:DF_LAWS(1.0),_T,BE,_T,1965,1
SLC:DF_LAWS(1.0),_T,BL,_T,1965,2
SLC:DF_LAWS(1.0),_T,BS,_T,1965,5
SLC:DF_LAWS(1.0),_T,FR,_T,1965,7
SLC:DF_LAWS(1.0),_T,GE,_T,1965,10
SLC:DF_LAWS(1.0),_T,GL,_T,1965,4
SLC:DF_LAWS(1.0),_T,GR,_T,1965,6
SLC:DF_LAWS(1.0),_T,LU,_T,1965,2
SLC:DF_LAWS(1.0),_T,NE,_T,1965,7
SLC:DF_LAWS(1.0),_T,NW,_T,1965,4
SLC:DF_LAWS(1.0),_T,OW,_T,1965,1
SLC:DF_LAWS(1.0),_T,SG,_T,1965,10
SLC:DF_LAWS(1.0),_T,SH,_T,1965,3
SLC:DF_LAWS(1.0),_T,SO,_T,1965,3
SLC:DF_LAWS(1.0),_T,SZ,_T,1965,4
SLC:DF_LAWS(1.0),_T,TG,_T,1965,1
SLC:DF_LAWS(1.0),_T,TI,_T,1965,5
SLC:DF_LAWS(1.0),_T,VD,_T,1965,7
SLC:DF_LAWS(1.0),_T,VS,_T,1965,5
SLC:DF_LAWS(1.0),_T,ZG,_T,1965,4
SLC:DF_LAWS(1.0),_T,ZH,_T,1965,2
SLC:DF_LAWS(1.0),_T,_T,autres,1965,4
SLC:DF_LAWS(1.0),_T,_T,eco,1965,4
SLC:DF_LAWS(1.0),_T,_T,educ,1965,11
SLC:DF_LAWS(1.0),_T,_T,etat,1965,24
SLC:DF_LAWS(1.0),_T,_T,fin,1965,10
SLC:DF_LAWS(1.0),_T,_T,infra,1965,17
SLC:DF_LAWS(1.0),_T,_T,sante,1965,26
SLC:DF_LAWS(1.0),_T,_T,_T,1965,96
SLC:DF_LAWS(1.0),anderes,FR,autres,1966,1
SLC:DF_LAWS(1.0),anderes,FR,etat,1966,2
SLC:DF_LAWS(1.0),anderes,FR,infra,1966,1
SLC:DF_LAWS(1.0),anderes,GL,eco,1966,1
SLC:DF_LAWS(1.0),anderes,GL,sante,1966,1
SLC:DF_LAWS(1.0),anderes,NE,eco,1966,6
SLC:DF_LAWS(1.0),anderes,NE,infra,1966,3
SLC:DF_LAWS(1.0),anderes,SO,infra,1966,1
SLC:DF_LAWS(1.0),anderes,SO,sante,1966,1
SLC:DF_LAWS(1.0),anderes,TG,etat,1966,1
SLC:DF_LAWS(1.0),anderes,VD,eco,1966,1
SLC:DF_LAWS(1.0),anderes,VS,sante,1966,1
SLC:DF_LAWS(1.0),anderes,ZH,etat,1966,1
SLC:DF_LAWS(1.0),dekret,AG,infra,1966,1
SLC:DF_LAWS(1.0),dekret,AG,sante,1966,1
SLC:DF_LAWS(1.0),dekret,AI,sante,1966,1
SLC:DF_LAWS(1.0),dekret,AR,sante,1966,2
SLC:DF_LAWS(1.0),dekret,GL,infra,1966,1
SLC:DF_LAWS(1.0),dekret,GR,eco,1966,2
SLC:DF_LAWS(1.0),dekret,GR,educ,1966,1
SLC:DF_LAWS(1.0),dekret,NE,fin,1966,1
SLC:DF_LAWS(1.0),dekret,NE,infra,1966,1
SLC:DF_LAWS(1.0),dekret,NW,etat,1966,2
SLC:DF_LAWS(1.0),dekret,NW,infra,1966,2
SLC:DF_LAWS(1.0),dekret,NW,sante,1966,1
SLC:DF_LAWS(1.0),dekret,OW,sante,1966,1
SLC:DF_LAWS(1.0),dekret,ZG,infra,1966,1
SLC:DF_LAWS(1.0),dekret,ZG,sante,1966,1
SLC:DF_LAWS(1.0),gesetz,AG,sante,1966,1
SLC:DF_LAWS(1.0),gesetz,AI,etat,1966,2
SLC:DF_LAWS(1.0),gesetz,AR,sante,1966,2
SLC:DF_LAWS(1.0),gesetz,BS,infra,1966,1
SLC:DF_LAWS(1.0),gesetz,FR,etat,1966,1
SLC:DF_LAWS(1.0),gesetz,FR,sante,1966,1
SLC:DF_LAWS(1.0),gesetz,GL,sante,1966,1
SLC:DF_LAWS(1.0),gesetz,LU,etat,1966,1
SLC:DF_LAWS(1.0),gesetz,SG,eco,1966,1
SLC:DF_LAWS(1.0),gesetz,SO,autres,1966,1
SLC:DF_LAWS(1.0),gesetz,SO,etat,1966,1
SLC:DF_LAWS(1.0),gesetz,SO,sante,1966,1
SLC:DF_LAWS(1.0),gesetz,TG,sante,1966,1
SLC:DF_LAWS(1.0),gesetz,TI,autres,1966,1
SLC:DF_LAWS(1.0),gesetz,TI,etat,1966,1
SLC:DF_LAWS(1.0),gesetz,UR,educ,1966,2
SLC:DF_LAWS(1.0),gesetz,UR,sante,1966,1
SLC:DF_LAWS(1.0),gesetz,VD,autres,1966,1
SLC:DF_LAWS(1.0),gesetz,VD,eco,1966,1
SLC:DF_LAWS(1.0),gesetz,VD,etat,1966,2
SLC:DF_LAWS(1.0),gesetz,VS,sante,1966,1
SLC:DF_LAWS(1.0),gesetz,ZG,etat,1966,1
SLC:DF_LAWS(1.0),gesetz,ZH,etat,1966,1
SLC:DF_LAWS(1.0),gesetz,ZH,infra,1966,1
SLC:DF_LAWS(1.0),interkantonale_vereinbarung,NW,eco,1966,1
SLC:DF_LAWS(1.0),interkantonale_vereinbarung,SG,fin,1966,1
SLC:DF_LAWS(1.0),interkantonale_vereinbarung,SO,infra,1966,1
SLC:DF_LAWS(1.0),interkantonale_vereinbarung,ZG,infra,1966,1
SLC:DF_LAWS(1.0),reglement,BE,eco,1966,1
SLC:DF_LAWS(1.0),reglement,FR,etat,1966,1
SLC:DF_LAWS(1.0),reglement,GE,etat,1966,2
SLC:DF_LAWS(1.0),reglement,GE,infra,1966,1
SLC:DF_LAWS(1.0),reglement,NE,educ,1966,1
SLC:DF_LAWS(1.0),reglement,VD,etat,1966,1
SLC:DF_LAWS(1.0),reglement,VS,educ,1966,1
SLC:DF_LAWS(1.0),verordnung,AG,educ,1966,1
SLC:DF_LAWS(1.0),verordnung,AG,etat,1966,1
SLC:DF_LAWS(1.0),verordnung,AG,fin,1966,1
SLC:DF_LAWS(1.0),verordnung,AG,infra,1966,1
SLC:DF_LAWS(1.0),verordnung,AG,sante,1966,1
SLC:DF_LAWS(1.0),verordnung,BE,eco,1966,1
SLC:DF_LAWS(1.0),verordnung,BE,infra,1966,1
SLC:DF_LAWS(1.0),verordnung,BS,educ,1966,1
SLC:DF_LAWS(1.0),verordnung,BS,fin,1966,1
SLC:DF_LAWS(1.0),verordnung,FR,infra,1966,17
SLC:DF_LAWS(1.0),verordnung,GL,sante,1966,2
SLC:DF_LAWS(1.0),verordnung,GR,etat,1966,1
SLC:DF_LAWS(1.0),verordnung,LU,sante,1966,1
SLC:DF_LAWS(1.0),verordnung,SG,etat,1966,1
SLC:DF_LAWS(1.0),verordnung,SG,fin,1966,1
SLC:DF_LAWS(1.0),verordnung,SG,infra,1966,1
SLC:DF_LAWS(1.0),verordnung,SH,fin,1966,1
SLC:DF_LAWS(1.0),verordnung,TI,infra,1966,1
SLC:DF_LAWS(1.0),verordnung,UR,eco,1966,1
SLC:DF_LAWS(1.0),verordnung,ZG,sante,1966,1
SLC:DF_LAWS(1.0),verordnung,ZH,etat,1966,1
SLC:DF_LAWS(1.0),verordnung,ZH,infra,1966,1
SLC:DF_LAWS(1.0),anderes,_T,_T,1966,21
SLC:DF_LAWS(1.0),dekret,_T,_T,1966,19
SLC:DF_LAWS(1.0),gesetz,_T,_T,1966,28
SLC:DF_LAWS(1.0),interkantonale_vereinbarung,_T,_T,1966,4
SLC:DF_LAWS(1.0),reglement,_T,_T,1966,8
SLC:DF_LAWS(1.0),verordnung,_T,_T,1966,39
SLC:DF_LAWS(1.0),_T,AG,_T,1966,8
SLC:DF_LAWS(1.0),_T,AI,_T,1966,3
SLC:DF_LAWS(1.0),_T,AR,_T,1966,4
SLC:DF_LAWS(1.0),_T,BE,_T,1966,3
SLC:DF_LAWS(1.0),_T,BS,_T,1966,3
SLC:DF_LAWS(1.0),_T,FR,_T,1966,24
SLC:DF_LAWS(1.0),_T,GE,_T,1966,3
SLC:DF_LAWS(1.0),_T,GL,_T,1966,6
SLC:DF_LAWS(1.0),_T,GR,_T,1966,4
SLC:DF_LAWS(1.0),_T,LU,_T,1966,2
SLC:DF_LAWS(1.0),_T,NE,_T,1966,12
SLC:DF_LAWS(1.0),_T,NW,_T,1966,6
SLC:DF_LAWS(1.0),_T,OW,_T,1966,1
SLC:DF_LAWS(1.0),_T,SG,_T,1966,5
SLC:DF_LAWS(1.0),_T,SH,_T,1966,1
SLC:DF_LAWS(1.0),_T,SO,_T,1966,6
SLC:DF_LAWS(1.0),_T,TG,_T,1966,2
SLC:DF_LAWS(1.0),_T,TI,_T,1966,3
SLC:DF_LAWS(1.0),_T,UR,_T,1966,4
SLC:DF_LAWS(1.0),_T,VD,_T,1966,6
SLC:DF_LAWS(1.0),_T,VS,_T,1966,3
SLC:DF_LAWS(1.0),_T,ZG,_T,1966,5
SLC:DF_LAWS(1.0),_T,ZH,_T,1966,5
SLC:DF_LAWS(1.0),_T,_T,autres,1966,4
SLC:DF_LAWS(1.0),_T,_T,eco,1966,16
SLC:DF_LAWS(1.0),_T,_T,educ,1966,7
SLC:DF_LAWS(1.0),_T,_T,etat,1966,24
SLC:DF_LAWS(1.0),_T,_T,fin,1966,6
SLC:DF_LAWS(1.0),_T,_T,infra,1966,38
SLC:DF_LAWS(1.0),_T,_T,sante,1966,24
SLC:DF_LAWS(1.0),_T,_T,_T,1966,119
SLC:DF_LAWS(1.0),anderes,BL,sante,1967,1
SLC:DF_LAWS(1.0),anderes,BS,eco,1967,1
SLC:DF_LAWS(1.0),anderes,BS,educ,1967,1
SLC:DF_LAWS(1.0),anderes,FR,etat,1967,1
SLC:DF_LAWS(1.0),anderes,GR,educ,1967,1
SLC:DF_LAWS(1.0),anderes,NE,educ,1967,2
SLC:DF_LAWS(1.0),anderes,NE,fin,1967,1
SLC:DF_LAWS(1.0),anderes,NE,sante,1967,8
SLC:DF_LAWS(1.0),anderes,NW,sante,1967,1
SLC:DF_LAWS(1.0),anderes,SG,educ,1967,1
SLC:DF_LAWS(1.0),anderes,SO,autres,1967,1
SLC:DF_LAWS(1.0),anderes,SO,etat,1967,1
SLC:DF_LAWS(1.0),anderes,SO,sante,1967,1
SLC:DF_LAWS(1.0),anderes,VD,eco,1967,1
SLC:DF_LAWS(1.0),anderes,VS,etat,1967,1
SLC:DF_LAWS(1.0),anderes,ZH,etat,1967,2
SLC:DF_LAWS(1.0),anderes,ZH,infra,1967,1
SLC:DF_LAWS(1.0),dekret,AR,fin,1967,1
SLC:DF_LAWS(1.0),dekret,BL,etat,1967,1
SLC:DF_LAWS(1.0),dekret,BL,fin,1967,1
SLC:DF_LAWS(1.0),dekret,BS,fin,1967,1
SLC:DF_LAWS(1.0),dekret,FR,etat,1967,1
SLC:DF_LAWS(1.0),dekret,NW,infra,1967,1
SLC:DF_LAWS(1.0),dekret,OW,eco,1967,1
SLC:DF_LAWS(1.0),dekret,SG,sante,1967,1
SLC:DF_LAWS(1.0),dekret,SH,fin,1967,1
SLC:DF_LAWS(1.0),dekret,SZ,educ,1967,1
SLC:DF_LAWS(1.0),gemeindeerlass,BS,etat,1967,1
SLC:DF_LAWS(1.0),gesetz,AR,sante,1967,1
SLC:DF_LAWS(1.0),gesetz,BL,infra,1967,1
SLC:DF_LAWS(1.0),gesetz,BL,sante,1967,1
SLC:DF_LAWS(1.0),gesetz,BS,sante,1967,2
SLC:DF_LAWS(1.0),gesetz,FR,autres,1967,2
SLC:DF_LAWS(1.0),gesetz,FR,infra,1967,2
SLC:DF_LAWS(1.0),gesetz,GE,eco,1967,1
SLC:DF_LAWS(1.0),gesetz,GE,infra,1967,1
SLC:DF_LAWS(1.0),gesetz,GE,sante,1967,1
SLC:DF_LAWS(1.0),gesetz,GR,etat,1967,1
SLC:DF_LAWS(1.0),gesetz,LU,autres,1967,1
SLC:DF_LAWS(1.0),gesetz,NE,sante,1967,1
SLC:DF_LAWS(1.0),gesetz,NW,infra,1967,2
SLC:DF_LAWS(1.0),gesetz,SG,etat,1967,2
SLC:DF_LAWS(1.0),gesetz,SG,fin,1967,1
SLC:DF_LAWS(1.0),gesetz,SH,etat,1967,1
SLC:DF_LAWS(1.0),gesetz,SO,educ,1967,1
SLC:DF_LAWS(1.0),gesetz,SZ,infra,1967,1
SLC:DF_LAWS(1.0),gesetz,SZ,sante,1967,1
SLC:DF_LAWS(1.0),gesetz,VD,autres,1967,1
SLC:DF_LAWS(1.0),gesetz,VD,etat,1967,2
SLC:DF_LAWS(1.0),gesetz,VD,sante,1967,1
SLC:DF_LAWS(1.0),gesetz,VS,etat,1967,1
SLC:DF_LAWS(1.0),gesetz,ZG,sante,1967,1
SLC:DF_LAWS(1.0),interkantonale_vereinbarung,AG,infra,1967,1
SLC:DF_LAWS(1.0),interkantonale_vereinbarung,AI,etat,1967,1
SLC:DF_LAWS(1.0),interkantonale_vereinbarung,AR,etat,1967,1
SLC:DF_LAWS(1.0),interkantonale_vereinbarung,AR,fin,1967,1
SLC:DF_LAWS(1.0),interkantonale_vereinbarung,AR,infra,1967,1
SLC:DF_LAWS(1.0),interkantonale_vereinbarung,BS,etat,1967,1
SLC:DF_LAWS(1.0),interkantonale_vereinbarung,LU,fin,1967,1
SLC:DF_LAWS(1.0),interkantonale_vereinbarung,NW,etat,1967,1
SLC:DF_LAWS(1.0),interkantonale_vereinbarung,SG,fin,1967,1
SLC:DF_LAWS(1.0),interkantonale_vereinbarung,SG,infra,1967,3
SLC:DF_LAWS(1.0),interkantonale_vereinbarung,SO,infra,1967,1
SLC:DF_LAWS(1.0),interkantonale_vereinbarung,TG,infra,1967,2
SLC:DF_LAWS(1.0),interkantonale_vereinbarung,ZH,infra,1967,1
SLC:DF_LAWS(1.0),reglement,BS,educ,1967,1
SLC:DF_LAWS(1.0),reglement,FR,etat,1967,3
SLC:DF_LAWS(1.0),reglement,GE,educ,1967,1
SLC:DF_LAWS(1.0),reglement,SG,sante,1967,1
SLC:DF_LAWS(1.0),reglement,TI,infra,1967,1
SLC:DF_LAWS(1.0),reglement,UR,fin,1967,1
SLC:DF_LAWS(1.0),reglement,VS,etat,1967,1
SLC:DF_LAWS(1.0),reglement,VS,sante,1967,2
SLC:DF_LAWS(1.0),verordnung,AG,fin,1967,1
SLC:DF_LAWS(1.0),verordnung,BL,fin,1967,1
SLC:DF_LAWS(1.0),verordnung,BS,infra,1967,1
SLC:DF_LAWS(1.0),verordnung,BS,sante,1967,1
SLC:DF_LAWS(1.0),verordnung,FR,etat,1967,1
SLC:DF_LAWS(1.0),verordnung,GL,fin,1967,1
SLC:DF_LAWS(1.0),verordnung,LU,infra,1967,1
SLC:DF_LAWS(1.0),verordnung,NW,sante,1967,1
SLC:DF_LAWS(1.0),verordnung,SG,sante,1967,2
SLC:DF_LAWS(1.0),verordnung,SO,etat,1967,1
SLC:DF_LAWS(1.0),verordnung,SO,fin,1967,2
SLC:DF_LAWS(1.0),verordnung,SO,infra,1967,2
SLC:DF_LAWS(1.0),verordnung,SZ,infra,1967,1
SLC:DF_LAWS(1.0),verordnung,ZH,fin,1967,1
SLC:DF_LAWS(1.0),verordnung,ZH,infra,1967,3
SLC:DF_LAWS(1.0),anderes,_T,_T,1967,26
SLC:DF_LAWS(1.0),dekret,_T,_T,1967,10
SLC:DF_LAWS(1.0),gemeindeerlass,_T,_T,1967,1
SLC:DF_LAWS(1.0),gesetz,_T,_T,1967,30
SLC:DF_LAWS(1.0),interkantonale_vereinbarung,_T,_T,1967,16
SLC:DF_LAWS(1.0),reglement,_T,_T,1967,11
SLC:DF_LAWS(1.0),verordnung,_T,_T,1967,20
SLC:DF_LAWS(1.0),_T,AG,_T,1967,2
SLC:DF_LAWS(1.0),_T,AI,_T,1967,1
SLC:DF_LAWS(1.0),_T,AR,_T,1967,5
SLC:DF_LAWS(1.0),_T,BL,_T,1967,6
SLC:DF_LAWS(1.0),_T,BS,_T,1967,10
SLC:DF_LAWS(1.0),_T,FR,_T,1967,10
SLC:DF_LAWS(1.0),_T,GE,_T,1967,4
SLC:DF_LAWS(1.0),_T,GL,_T,1967,1
SLC:DF_LAWS(1.0),_T,GR,_T,1967,2
SLC:DF_LAWS(1.0),_T,LU,_T,1967,3
SLC:DF_LAWS(1.0),_T,NE,_T,1967,12
SLC:DF_LAWS(1.0),_T,NW,_T,1967,6
SLC:DF_LAWS(1.0),_T,OW,_T,1967,1
SLC:DF_LAWS(1.0),_T,SG,_T,1967,12
SLC:DF_LAWS(1.0),_T,SH,_T,1967,2
SLC:DF_LAWS(1.0),_T,SO,_T,1967,10
SLC:DF_LAWS(1.0),_T,SZ,_T,1967,4
SLC:DF_LAWS(1.0),_T,TG,_T,1967,2
SLC:DF_LAWS(1.0),_T,TI,_T,1967,1
SLC:DF_LAWS(1.0),_T,UR,_T,1967,1
SLC:DF_LAWS(1.0),_T,VD,_T,1967,5
SLC:DF_LAWS(1.0),_T,VS,_T,1967,5
SLC:DF_LAWS(1.0),_T,ZG,_T,1967,1
SLC:DF_LAWS(1.0),_T,ZH,_T,1967,8
SLC:DF_LAWS(1.0),_T,_T,autres,1967,5
SLC:DF_LAWS(1.0),_T,_T,eco,1967,4
SLC:DF_LAWS(1.0),_T,_T,educ,1967,9
SLC:DF_LAWS(1.0),_T,_T,etat,1967,25
SLC:DF_LAWS(1.0),_T,_T,fin,1967,16
SLC:DF_LAWS(1.0),_T,_T,infra,1967,27
SLC:DF_LAWS(1.0),_T,_T,sante,1967,28
SLC:DF_LAWS(1.0),_T,_T,_T,1967,114
SLC:DF_LAWS(1.0),anderes,BS,educ,1968,1
SLC:DF_LAWS(1.0),anderes,FR,autres,1968,1
SLC:DF_LAWS(1.0),anderes,FR,infra,1968,1
SLC:DF_LAWS(1.0),anderes,NE,eco,1968,1
SLC:DF_LAWS(1.0),anderes,NE,educ,1968,1
SLC:DF_LAWS(1.0),anderes,NE,etat,1968,1
SLC:DF_LAWS(1.0),anderes,NE,infra,1968,1
SLC:DF_LAWS(1.0),anderes,NW,autres,1968,1
SLC:DF_LAWS(1.0),anderes,SG,fin,1968,2
SLC:DF_LAWS(1.0),anderes,SO,eco,1968,1
SLC:DF_LAWS(1.0),anderes,SO,educ,1968,1
SLC:DF_LAWS(1.0),anderes,SO,etat,1968,2
SLC:DF_LAWS(1.0),anderes,SO,sante,1968,1
SLC:DF_LAWS(1.0),anderes,TG,etat,1968,1
SLC:DF_LAWS(1.0),anderes,UR,infra,1968,1
SLC:DF_LAWS(1.0),anderes,VD,fin,1968,1
SLC:DF_LAWS(1.0),anderes,VS,sante,1968,2
SLC:DF_LAWS(1.0),anderes,ZH,etat,1968,2
SLC:DF_LAWS(1.0),dekret,AG,etat,1968,1
SLC:DF_LAWS(1.0),dekret,AI,autres,1968,1
SLC:DF_LAWS(1.0),dekret,BS,fin,1968,1
SLC:DF_LAWS(1.0),dekret,LU,sante,1968,1
SLC:DF_LAWS(1.0),dekret,NE,sante,1968,2
SLC:DF_LAWS(1.0),dekret,NW,infra,1968,1
SLC:DF_LAWS(1.0),dekret,SG,educ,1968,1
SLC:DF_LAWS(1.0),dekret,SG,fin,1968,1
SLC:DF_LAWS(1.0),dekret,SH,autres,1968,1
SLC:DF_LAWS(1.0),dekret,SH,etat,1968,1
SLC:DF_LAWS(1.0),dekret,UR,sante,1968,1
SLC:DF_LAWS(1.0),dekret,ZG,fin,1968,1
SLC:DF_LAWS(1.0),gesetz,AG,educ,1968,2
SLC:DF_LAWS(1.0),gesetz,AG,etat,1968,1
SLC:DF_LAWS(1.0),gesetz,BE,fin,1968,1
SLC:DF_LAWS(1.0),gesetz,BL,sante,1968,1
SLC:DF_LAWS(1.0),gesetz,BS,autres,1968,1
SLC:DF_LAWS(1.0),gesetz,BS,etat,1968,3
SLC:DF_LAWS(1.0),gesetz,BS,infra,1968,1
SLC:DF_LAWS(1.0),gesetz,BS,sante,1968,1
SLC:DF_LAWS(1.0),gesetz,GE,eco,1968,1
SLC:DF_LAWS(1.0),gesetz,GE,etat,1968,1
SLC:DF_LAWS(1.0),gesetz,GE,fin,1968,1
SLC:DF_LAWS(1.0),gesetz,GE,sante,1968,2
SLC:DF_LAWS(1.0),gesetz,LU,eco,1968,1
SLC:DF_LAWS(1.0),gesetz,NE,educ,1968,1
SLC:DF_LAWS(1.0),gesetz,NE,infra,1968,1
SLC:DF_LAWS(1.0),gesetz,NW,eco,1968,1
SLC:DF_LAWS(1.0),gesetz,SG,educ,1968,1
SLC:DF_LAWS(1.0),gesetz,SG,etat,1968,1
SLC:DF_LAWS(1.0),gesetz,SH,educ,1968,1
SLC:DF_LAWS(1.0),gesetz,SH,infra,1968,1
SLC:DF_LAWS(1.0),gesetz,SO,etat,1968,1
SLC:DF_LAWS(1.0),gesetz,SO,infra,1968,1
SLC:DF_LAWS(1.0),gesetz,SZ,etat,1968,1
SLC:DF_LAWS(1.0),gesetz,TI,sante,1968,1
SLC:DF_LAWS(1.0),gesetz,VD,eco,1968,1
SLC:DF_LAWS(1.0),interkantonale_vereinbarung,FR,eco,1968,2
SLC:DF_LAWS(1.0),interkantonale_vereinbarung,GE,sante,1968,1
SLC:DF_LAWS(1.0),interkantonale_vereinbarung,GR,educ,1968,2
SLC:DF_LAWS(1.0),interkantonale_vereinbarung,JU,eco,1968,1
SLC:DF_LAWS(1.0),interkantonale_vereinbarung,NW,eco,1968,1
SLC:DF_LAWS(1.0),interkantonale_vereinbarung,SG,educ,1968,1
SLC:DF_LAWS(1.0),interkantonale_vereinbarung,SG,sante,1968,1
SLC:DF_LAWS(1.0),interkantonale_vereinbarung,SO,etat,1968,1
SLC:DF_LAWS(1.0),interkantonale_vereinbarung,SZ,infra,1968,1
SLC:DF_LAWS(1.0),interkantonale_vereinbarung,TG,fin,1968,1
SLC:DF_LAWS(1.0),interkantonale_vereinbarung,VD,eco,1968,1
SLC:DF_LAWS(1.0),interkantonale_vereinbarung,VD,educ,1968,1
SLC:DF_LAWS(1.0),reglement,BS,sante,1968,1
SLC:DF_LAWS(1.0),reglement,GE,fin,1968,1
SLC:DF_LAWS(1.0),reglement,GE,infra,1968,1
SLC:DF_LAWS(1.0),reglement,GL,autres,1968,1
SLC:DF_LAWS(1.0),reglement,LU,autres,1968,1
SLC:DF_LAWS(1.0),reglement,NE,educ,1968,1
SLC:DF_LAWS(1.0),reglement,ZH,educ,1968,1
SLC:DF_LAWS(1.0),staatsvertrag,GR,educ,1968,1
SLC:DF_LAWS(1.0),staatsvertrag,SG,educ,1968,1
SLC:DF_LAWS(1.0),staatsvertrag,TI,etat,1968,1
SLC:DF_LAWS(1.0),verfassung,OW,etat,1968,1
SLC:DF_LAWS(1.0),verordnung,AG,etat,1968,1
SLC:DF_LAWS(1.0),verordnung,AG,sante,1968,1
SLC:DF_LAWS(1.0),verordnung,BL,educ,1968,1
SLC:DF_LAWS(1.0),verordnung,BL,infra,1968,2
SLC:DF_LAWS(1.0),verordnung,BL,sante,1968,1
SLC:DF_LAWS(1.0),verordnung,BS,autres,1968,1
SLC:DF_LAWS(1.0),verordnung,BS,sante,1968,1
SLC:DF_LAWS(1.0),verordnung,LU,autres,1968,2
SLC:DF_LAWS(1.0),verordnung,LU,infra,1968,1
SLC:DF_LAWS(1.0),verordnung,NE,fin,1968,1
SLC:DF_LAWS(1.0),verordnung,NE,infra,1968,1
SLC:DF_LAWS(1.0),verordnung,SG,etat,1968,1
SLC:DF_LAWS(1.0),verordnung,SH,educ,1968,1
SLC:DF_LAWS(1.0),verordnung,SH,fin,1968,1
SLC:DF_LAWS(1.0),verordnung,SO,infra,1968,1
SLC:DF_LAWS(1.0),verordnung,TG,fin,1968,1
SLC:DF_LAWS(1.0),verordnung,ZH,fin,1968,1
SLC:DF_LAWS(1.0),anderes,_T,_T,1968,22
SLC:DF_LAWS(1.0),dekret,_T,_T,1968,13
SLC:DF_LAWS(1.0),gesetz,_T,_T,1968,29
SLC:DF_LAWS(1.0),interkantonale_vereinbarung,_T,_T,1968,14
SLC:DF_LAWS(1.0),reglement,_T,_T,1968,7
SLC:DF_LAWS(1.0),staatsvertrag,_T,_T,1968,3
SLC:DF_LAWS(1.0),verfassung,_T,_T,1968,1
SLC:DF_LAWS(1.0),verordnung,_T,_T,1968,19
SLC:DF_LAWS(1.0),_T,AG,_T,1968,6
SLC:DF_LAWS(1.0),_T,AI,_T,1968,1
SLC:DF_LAWS(1.0),_T,BE,_T,1968,1
SLC:DF_LAWS(1.0),_T,BL,_T,1968,5
SLC:DF_LAWS(1.0),_T,BS,_T,1968,11
SLC:DF_LAWS(1.0),_T,FR,_T,1968,4
SLC:DF_LAWS(1.0),_T,GE,_T,1968,8
SLC:DF_LAWS(1.0),_T,GL,_T,1968,1
SLC:DF_LAWS(1.0),_T,GR,_T,1968,3
SLC:DF_LAWS(1.0),_T,JU,_T,1968,1
SLC:DF_LAWS(1.0),_T,LU,_T,1968,6
SLC:DF_LAWS(1.0),_T,NE,_T,1968,11
SLC:DF_LAWS(1.0),_T,NW,_T,1968,4
SLC:DF_LAWS(1.0),_T,OW,_T,1968,1
SLC:DF_LAWS(1.0),_T,SG,_T,1968,10
SLC:DF_LAWS(1.0),_T,SH,_T,1968,6
SLC:DF_LAWS(1.0),_T,SO,_T,1968,9
SLC:DF_LAWS(1.0),_T,SZ,_T,1968,2
SLC:DF_LAWS(1.0),_T,TG,_T,1968,3
SLC:DF_LAWS(1.0),_T,TI,_T,1968,2
SLC:DF_LAWS(1.0),_T,UR,_T,1968,2
SLC:DF_LAWS(1.0),_T,VD,_T,1968,4
SLC:DF_LAWS(1.0),_T,VS,_T,1968,2
SLC:DF_LAWS(1.0),_T,ZG,_T,1968,1
SLC:DF_LAWS(1.0),_T,ZH,_T,1968,4
SLC:DF_LAWS(1.0),_T,_T,autres,1968,10
SLC:DF_LAWS(1.0),_T,_T,eco,1968,11
SLC:DF_LAWS(1.0),_T,_T,educ,1968,19
SLC:DF_LAWS(1.0),_T,_T,etat,1968,21
SLC:DF_LAWS(1.0),_T,_T,fin,1968,14
SLC:DF_LAWS(1.0),_T,_T,infra,1968,15
SLC:DF_LAWS(1.0),_T,_T,sante,1968,18
SLC:DF_LAWS(1.0),_T,_T,_T,1968,108
SLC:DF_LAWS(1.0),anderes,AR,infra,1969,1
SLC:DF_LAWS(1.0),anderes,BS,etat,1969,1
SLC:DF_LAWS(1.0),anderes,FR,autres,1969,1
SLC:DF_LAWS(1.0),anderes,GL,autres,1969,1
SLC:DF_LAWS(1.0),anderes,GR,autres,1969,1
SLC:DF_LAWS(1.0),anderes,GR,educ,1969,1
SLC:DF_LAWS(1.0),anderes,NE,educ,1969,1
SLC:DF_LAWS(1.0),anderes,NW,infra,1969,1
SLC:DF_LAWS(1.0),anderes,OW,infra,1969,1
SLC:DF_LAWS(1.0),anderes,SO,autres,1969,1
SLC:DF_LAWS(1.0),anderes,SO,educ,1969,1
SLC:DF_LAWS(1.0),anderes,SO,etat,1969,1
SLC:DF_LAWS(1.0),anderes,SO,sante,1969,1
SLC:DF_LAWS(1.0),anderes,VD,fin,1969,1
SLC:DF_LAWS(1.0),anderes,VS,eco,1969,1
SLC:DF_LAWS(1.0),anderes,VS,sante,1969,1
SLC:DF_LAWS(1.0),anderes,ZG,fin,1969,1
SLC:DF_LAWS(1.0),dekret,AG,infra,1969,1
SLC:DF_LAWS(1.0),dekret,AI,etat,1969,1
SLC:DF_LAWS(1.0),dekret,FR,etat,1969,3
SLC:DF_LAWS(1.0),dekret,GR,educ,1969,1
SLC:DF_LAWS(1.0),dekret,LU,etat,1969,2
SLC:DF_LAWS(1.0),dekret,NE,educ,1969,1
SLC:DF_LAWS(1.0),dekret,OW,sante,1969,1
SLC:DF_LAWS(1.0),dekret,SG,educ,1969,1
SLC:DF_LAWS(1.0),dekret,SZ,fin,1969,1
SLC:DF_LAWS(1.0),dekret,SZ,infra,1969,1
SLC:DF_LAWS(1.0),dekret,TI,etat,1969,1
SLC:DF_LAWS(1.0),dekret,ZH,etat,1969,1
SLC:DF_LAWS(1.0),gesetz,AG,infra,1969,3
SLC:DF_LAWS(1.0),gesetz,AG,sante,1969,1
SLC:DF_LAWS(1.0),gesetz,AR,etat,1969,1
SLC:DF_LAWS(1.0),gesetz,AR,sante,1969,1
SLC:DF_LAWS(1.0),gesetz,FR,sante,1969,1
SLC:DF_LAWS(1.0),gesetz,GE,fin,1969,1
SLC:DF_LAWS(1.0),gesetz,GE,sante,1969,1
SLC:DF_LAWS(1.0),gesetz,NW,etat,1969,2
SLC:DF_LAWS(1.0),gesetz,NW,sante,1969,1
SLC:DF_LAWS(1.0),gesetz,SZ,etat,1969,1
SLC:DF_LAWS(1.0),gesetz,TI,eco,1969,1
SLC:DF_LAWS(1.0),gesetz,VD,autres,1969,2
SLC:DF_LAWS(1.0),gesetz,VD,infra,1969,1
SLC:DF_LAWS(1.0),gesetz,VS,eco,1969,1
SLC:DF_LAWS(1.0),gesetz,ZG,etat,1969,1
SLC:DF_LAWS(1.0),gesetz,ZH,etat,1969,1
SLC:DF_LAWS(1.0),interkantonale_vereinbarung,AG,autres,1969,1
SLC:DF_LAWS(1.0),interkantonale_vereinbarung,AG,fin,1969,1
SLC:DF_LAWS(1.0),interkantonale_vereinbarung,AI,autres,1969,1
SLC:DF_LAWS(1.0),interkantonale_vereinbarung,AI,etat,1969,1
SLC:DF_LAWS(1.0),interkantonale_vereinbarung,AI,fin,1969,1
SLC:DF_LAWS(1.0),interkantonale_vereinbarung,AR,autres,1969,1
SLC:DF_LAWS(1.0),interkantonale_vereinbarung,AR,etat,1969,1
SLC:DF_LAWS(1.0),interkantonale_vereinbarung,AR,sante,1969,1
SLC:DF_LAWS(1.0),interkantonale_vereinbarung,BE,autres,1969,1
SLC:DF_LAWS(1.0),interkantonale_vereinbarung,BE,etat,1969,1
SLC:DF_LAWS(1.0),interkantonale_vereinbarung,BL,autres,1969,1
SLC:DF_LAWS(1.0),interkantonale_vereinbarung,FR,autres,1969,1
SLC:DF_LAWS(1.0),interkantonale_vereinbarung,FR,fin,1969,1
SLC:DF_LAWS(1.0),interkantonale_vereinbarung,GE,autres,1969,1
SLC:DF_LAWS(1.0),interkantonale_vereinbarung,GE,educ,1969,1
SLC:DF_LAWS(1.0),interkantonale_vereinbarung,GL,autres,1969,1
SLC:DF_LAWS(1.0),interkantonale_vereinbarung,GR,autres,1969,1
SLC:DF_LAWS(1.0),interkantonale_vereinbarung,JU,autres,1969,1
SLC:DF_LAWS(1.0),interkantonale_vereinbarung,LU,autres,1969,1
SLC:DF_LAWS(1.0),interkantonale_vereinbarung,LU,etat,1969,1
SLC:DF_LAWS(1.0),interkantonale_vereinbarung,LU,sante,1969,1
SLC:DF_LAWS(1.0),interkantonale_vereinbarung,NE,autres,1969,1
SLC:DF_LAWS(1.0),interkantonale_vereinbarung,NE,fin,1969,3
SLC:DF_LAWS(1.0),interkantonale_vereinbarung,NW,autres,1969,2
SLC:DF_LAWS(1.0),interkantonale_vereinbarung,OW,autres,1969,1
SLC:DF_LAWS(1.0),interkantonale_vereinbarung,SG,autres,1969,1
SLC:DF_LAWS(1.0),interkantonale_vereinbarung,SG,fin,1969,1
SLC:DF_LAWS(1.0),interkantonale_vereinbarung,SG,infra,1969,1
SLC:DF_LAWS(1.0),interkantonale_vereinbarung,SG,sante,1969,1
SLC:DF_LAWS(1.0),interkantonale_vereinbarung,SH,autres,1969,1
SLC:DF_LAWS(1.0),interkantonale_vereinbarung,SH,infra,1969,1
SLC:DF_LAWS(1.0),interkantonale_vereinbarung,SO,autres,1969,1
SLC:DF_LAWS(1.0),interkantonale_vereinbarung,SO,eco,1969,1
SLC:DF_LAWS(1.0),interkantonale_vereinbarung,SZ,autres,1969,1
SLC:DF_LAWS(1.0),interkantonale_vereinbarung,TG,autres,1969,1
SLC:DF_LAWS(1.0),interkantonale_vereinbarung,TG,fin,1969,1
SLC:DF_LAWS(1.0),interkantonale_vereinbarung,TG,infra,1969,2
SLC:DF_LAWS(1.0),interkantonale_vereinbarung,TI,autres,1969,1
SLC:DF_LAWS(1.0),interkantonale_vereinbarung,UR,autres,1969,1
SLC:DF_LAWS(1.0),interkantonale_vereinbarung,VD,autres,1969,1
SLC:DF_LAWS(1.0),interkantonale_vereinbarung,ZG,fin,1969,1
SLC:DF_LAWS(1.0),interkantonale_vereinbarung,ZH,autres,1969,1
SLC:DF_LAWS(1.0),reglement,BS,etat,1969,1
SLC:DF_LAWS(1.0),reglement,GE,eco,1969,3
SLC:DF_LAWS(1.0),reglement,GE,educ,1969,1
SLC:DF_LAWS(1.0),reglement,GE,infra,1969,1
SLC:DF_LAWS(1.0),reglement,LU,sante,1969,3
SLC:DF_LAWS(1.0),reglement,NE,educ,1969,1
SLC:DF_LAWS(1.0),reglement,TG,etat,1969,1
SLC:DF_LAWS(1.0),reglement,TI,eco,1969,1
SLC:DF_LAWS(1.0),reglement,TI,infra,1969,1
SLC:DF_LAWS(1.0),reglement,VS,fin,1969,1
SLC:DF_LAWS(1.0),reglement,ZH,educ,1969,1
SLC:DF_LAWS(1.0),verordnung,AG,eco,1969,1
SLC:DF_LAWS(1.0),verordnung,AG,educ,1969,2
SLC:DF_LAWS(1.0),verordnung,AG,infra,1969,1
SLC:DF_LAWS(1.0),verordnung,AG,sante,1969,2
SLC:DF_LAWS(1.0),verordnung,AR,etat,1969,1
SLC:DF_LAWS(1.0),verordnung,BE,infra,1969,1
SLC:DF_LAWS(1.0),verordnung,BL,eco,1969,2
SLC:DF_LAWS(1.0),verordnung,BS,educ,1969,1
SLC:DF_LAWS(1.0),verordnung,BS,etat,1969,1
SLC:DF_LAWS(1.0),verordnung,GR,etat,1969,1
SLC:DF_LAWS(1.0),verordnung,GR,infra,1969,1
SLC:DF_LAWS(1.0),verordnung,JU,etat,1969,1
SLC:DF_LAWS(1.0),verordnung,LU,infra,1969,2
SLC:DF_LAWS(1.0),verordnung,NE,eco,1969,1
SLC:DF_LAWS(1.0),verordnung,NE,infra,1969,1
SLC:DF_LAWS(1.0),verordnung,NW,eco,1969,1
SLC:DF_LAWS(1.0),verordnung,NW,etat,1969,1
SLC:DF_LAWS(1.0),verordnung,NW,fin,1969,3
SLC:DF_LAWS(1.0),verordnung,SG,etat,1969,2
SLC:DF_LAWS(1.0),verordnung,SG,sante,1969,1
SLC:DF_LAWS(1.0),verordnung,SO,eco,1969,1
SLC:DF_LAWS(1.0),verordnung,SO,etat,1969,1
SLC:DF_LAWS(1.0),verordnung,SO,sante,1969,1
SLC:DF_LAWS(1.0),verordnung,VS,eco,1969,1
SLC:DF_LAWS(1.0),verordnung,VS,sante,1969,1
SLC:DF_LAWS(1.0),verordnung,ZH,infra,1969,3
SLC:DF_LAWS(1.0),verordnung,ZH,sante,1969,1
SLC:DF_LAWS(1.0),anderes,_T,_T,1969,17
SLC:DF_LAWS(1.0),dekret,_T,_T,1969,15
SLC:DF_LAWS(1.0),gesetz,_T,_T,1969,20
SLC:DF_LAWS(1.0),interkantonale_vereinbarung,_T,_T,1969,46
SLC:DF_LAWS(1.0),reglement,_T,_T,1969,15
SLC:DF_LAWS(1.0),verordnung,_T,_T,1969,36
SLC:DF_LAWS(1.0),_T,AG,_T,1969,13
SLC:DF_LAWS(1.0),_T,AI,_T,1969,4
SLC:DF_LAWS(1.0),_T,AR,_T,1969,7
SLC:DF_LAWS(1.0),_T,BE,_T,1969,3
SLC:DF_LAWS(1.0),_T,BL,_T,1969,3
SLC:DF_LAWS(1.0),_T,BS,_T,1969,4
SLC:DF_LAWS(1.0),_T,FR,_T,1969,7
SLC:DF_LAWS(1.0),_T,GE,_T,1969,9
SLC:DF_LAWS(1.0),_T,GL,_T,1969,2
SLC:DF_LAWS(1.0),_T,GR,_T,1969,6
SLC:DF_LAWS(1.0),_T,JU,_T,1969,2
SLC:DF_LAWS(1.0),_T,LU,_T,1969,10
SLC:DF_LAWS(1.0),_T,NE,_T,1969,9
SLC:DF_LAWS(1.0),_T,NW,_T,1969,11
SLC:DF_LAWS(1.0),_T,OW,_T,1969,3
SLC:DF_LAWS(1.0),_T,SG,_T,1969,8
SLC:DF_LAWS(1.0),_T,SH,_T,1969,2
SLC:DF_LAWS(1.0),_T,SO,_T,1969,9
SLC:DF_LAWS(1.0),_T,SZ,_T,1969,4
SLC:DF_LAWS(1.0),_T,TG,_T,1969,5
SLC:DF_LAWS(1.0),_T,TI,_T,1969,5
SLC:DF_LAWS(1.0),_T,UR,_T,1969,1
SLC:DF_LAWS(1.0),_T,VD,_T,1969,5
SLC:DF_LAWS(1.0),_T,VS,_T,1969,6
SLC:DF_LAWS(1.0),_T,ZG,_T,1969,3
SLC:DF_LAWS(1.0),_T,ZH,_T,1969,8
SLC:DF_LAWS(1.0),_T,_T,autres,1969,30
SLC:DF_LAWS(1.0),_T,_T,eco,1969,15
SLC:DF_LAWS(1.0),_T,_T,educ,1969,13
SLC:DF_LAWS(1.0),_T,_T,etat,1969,30
SLC:DF_LAWS(1.0),_T,_T,fin,1969,17
SLC:DF_LAWS(1.0),_T,_T,infra,1969,24
SLC:DF_LAWS(1.0),_T,_T,sante,1969,20
SLC:DF_LAWS(1.0),_T,_T,_T,1969,149
SLC:DF_LAWS(1.0),anderes,BS,educ,1970,1
SLC:DF_LAWS(1.0),anderes,BS,fin,1970,1
SLC:DF_LAWS(1.0),anderes,BS,infra,1970,2
SLC:DF_LAWS(1.0),anderes,GL,sante,1970,1
SLC:DF_LAWS(1.0),anderes,GR,etat,1970,1
SLC:DF_LAWS(1.0),anderes,LU,etat,1970,1
SLC:DF_LAWS(1.0),anderes,NE,eco,1970,1
SLC:DF_LAWS(1.0),anderes,NE,educ,1970,6
SLC:DF_LAWS(1.0),anderes,NE,sante,1970,1
SLC:DF_LAWS(1.0),anderes,SH,etat,1970,1
SLC:DF_LAWS(1.0),anderes,SO,autres,1970,1
SLC:DF_LAWS(1.0),anderes,SO,educ,1970,1
SLC:DF_LAWS(1.0),anderes,SO,etat,1970,2
SLC:DF_LAWS(1.0),anderes,VD,educ,1970,1
SLC:DF_LAWS(1.0),anderes,VD,etat,1970,1
SLC:DF_LAWS(1.0),anderes,VD,infra,1970,1
SLC:DF_LAWS(1.0),anderes,VS,educ,1970,1
SLC:DF_LAWS(1.0),anderes,VS,infra,1970,1
SLC:DF_LAWS(1.0),dekret,AI,educ,1970,1
SLC:DF_LAWS(1.0),dekret,BE,infra,1970,1
SLC:DF_LAWS(1.0),dekret,BL,infra,1970,1
SLC:DF_LAWS(1.0),dekret,FR,etat,1970,1
SLC:DF_LAWS(1.0),dekret,GR,etat,1970,1
SLC:DF_LAWS(1.0),dekret,NE,infra,1970,1
SLC:DF_LAWS(1.0),dekret,OW,autres,1970,1
SLC:DF_LAWS(1.0),dekret,OW,etat,1970,1
SLC:DF_LAWS(1.0),dekret,SG,infra,1970,1
SLC:DF_LAWS(1.0),dekret,SZ,autres,1970,2
SLC:DF_LAWS(1.0),gesetz,BL,etat,1970,1
SLC:DF_LAWS(1.0),gesetz,GE,autres,1970,1
SLC:DF_LAWS(1.0),gesetz,GR,sante,1970,1
SLC:DF_LAWS(1.0),gesetz,LU,etat,1970,2
SLC:DF_LAWS(1.0),gesetz,LU,infra,1970,1
SLC:DF_LAWS(1.0),gesetz,NE,autres,1970,1
SLC:DF_LAWS(1.0),gesetz,NE,educ,1970,1
SLC:DF_LAWS(1.0),gesetz,SG,educ,1970,1
SLC:DF_LAWS(1.0),gesetz,SH,sante,1970,1
SLC:DF_LAWS(1.0),gesetz,SO,autres,1970,1
SLC:DF_LAWS(1.0),gesetz,SO,etat,1970,1
SLC:DF_LAWS(1.0),gesetz,SZ,etat,1970,3
SLC:DF_LAWS(1.0),gesetz,SZ,fin,1970,2
SLC:DF_LAWS(1.0),gesetz,TG,autres,1970,1
SLC:DF_LAWS(1.0),gesetz,TG,etat,1970,1
SLC:DF_LAWS(1.0),gesetz,TI,infra,1970,1
SLC:DF_LAWS(1.0),gesetz,UR,etat,1970,1
SLC:DF_LAWS(1.0),gesetz,UR,sante,1970,1
SLC:DF_LAWS(1.0),gesetz,VD,eco,1970,2
SLC:DF_LAWS(1.0),gesetz,VD,etat,1970,3
SLC:DF_LAWS(1.0),gesetz,ZG,sante,1970,1
SLC:DF_LAWS(1.0),gesetz,ZH,educ,1970,1
SLC:DF_LAWS(1.0),interkantonale_vereinbarung,AG,educ,1970,1
SLC:DF_LAWS(1.0),interkantonale_vereinbarung,AI,educ,1970,1
SLC:DF_LAWS(1.0),interkantonale_vereinbarung,AR,educ,1970,1
SLC:DF_LAWS(1.0),interkantonale_vereinbarung,BE,educ,1970,1
SLC:DF_LAWS(1.0),interkantonale_vereinbarung,BL,educ,1970,1
SLC:DF_LAWS(1.0),interkantonale_vereinbarung,BL,infra,1970,1
SLC:DF_LAWS(1.0),interkantonale_vereinbarung,BL,sante,1970,1
SLC:DF_LAWS(1.0),interkantonale_vereinbarung,BS,autres,1970,1
SLC:DF_LAWS(1.0),interkantonale_vereinbarung,BS,educ,1970,1
SLC:DF_LAWS(1.0),interkantonale_vereinbarung,FR,educ,1970,1
SLC:DF_LAWS(1.0),interkantonale_vereinbarung,GE,educ,1970,1
SLC:DF_LAWS(1.0),interkantonale_vereinbarung,GR,educ,1970,1
SLC:DF_LAWS(1.0),interkantonale_vereinbarung,JU,educ,1970,1
SLC:DF_LAWS(1.0),interkantonale_vereinbarung,LU,educ,1970,1
SLC:DF_LAWS(1.0),interkantonale_vereinbarung,LU,fin,1970,1
SLC:DF_LAWS(1.0),interkantonale_vereinbarung,NE,educ,1970,1
SLC:DF_LAWS(1.0),interkantonale_vereinbarung,NW,educ,1970,2
SLC:DF_LAWS(1.0),interkantonale_vereinbarung,OW,educ,1970,2
SLC:DF_LAWS(1.0),interkantonale_vereinbarung,SG,educ,1970,2
SLC:DF_LAWS(1.0),interkantonale_vereinbarung,SG,fin,1970,1
SLC:DF_LAWS(1.0),interkantonale_vereinbarung,SG,infra,1970,2
SLC:DF_LAWS(1.0),interkantonale_vereinbarung,SH,educ,1970,1
SLC:DF_LAWS(1.0),interkantonale_vereinbarung,SO,educ,1970,1
SLC:DF_LAWS(1.0),interkantonale_vereinbarung,SO,etat,1970,2
SLC:DF_LAWS(1.0),interkantonale_vereinbarung,SO,fin,1970,1
SLC:DF_LAWS(1.0),interkantonale_vereinbarung,SZ,educ,1970,1
SLC:DF_LAWS(1.0),interkantonale_vereinbarung,SZ,fin,1970,1
SLC:DF_LAWS(1.0),interkantonale_vereinbarung,TG,educ,1970,1
SLC:DF_LAWS(1.0),interkantonale_vereinbarung,TG,infra,1970,5
SLC:DF_LAWS(1.0),interkantonale_vereinbarung,UR,educ,1970,1
SLC:DF_LAWS(1.0),interkantonale_vereinbarung,VD,educ,1970,1
SLC:DF_LAWS(1.0),interkantonale_vereinbarung,VS,educ,1970,1
SLC:DF_LAWS(1.0),interkantonale_vereinbarung,ZG,educ,1970,1
SLC:DF_LAWS(1.0),reglement,AG,sante,1970,1
SLC:DF_LAWS(1.0),reglement,BS,educ,1970,1
SLC:DF_LAWS(1.0),reglement,GE,eco,1970,3
SLC:DF_LAWS(1.0),reglement,GE,etat,1970,1
SLC:DF_LAWS(1.0),reglement,GE,infra,1970,1
SLC:DF_LAWS(1.0),reglement,GE,sante,1970,1
SLC:DF_LAWS(1.0),reglement,GL,sante,1970,1
SLC:DF_LAWS(1.0),reglement,NE,eco,1970,1
SLC:DF_LAWS(1.0),reglement,SG,etat,1970,1
SLC:DF_LAWS(1.0),reglement,SO,etat,1970,1
SLC:DF_LAWS(1.0),reglement,TI,sante,1970,1
SLC:DF_LAWS(1.0),reglement,VD,autres,1970,1
SLC:DF_LAWS(1.0),reglement,VD,eco,1970,2
SLC:DF_LAWS(1.0),reglement,VD,etat,1970,1
SLC:DF_LAWS(1.0),reglement,VD,infra,1970,1
SLC:DF_LAWS(1.0),staatsvertrag,BS,infra,1970,1
SLC:DF_LAWS(1.0),verordnung,AG,etat,1970,1
SLC:DF_LAWS(1.0),verordnung,AR,autres,1970,1
SLC:DF_LAWS(1.0),verordnung,BE,infra,1970,1
SLC:DF_LAWS(1.0),verordnung,BL,etat,1970,1
SLC:DF_LAWS(1.0),verordnung,BS,infra,1970,1
SLC:DF_LAWS(1.0),verordnung,GR,etat,1970,1
SLC:DF_LAWS(1.0),verordnung,GR,sante,1970,2
SLC:DF_LAWS(1.0),verordnung,LU,infra,1970,3
SLC:DF_LAWS(1.0),verordnung,LU,sante,1970,1
SLC:DF_LAWS(1.0),verordnung,NE,fin,1970,1
SLC:DF_LAWS(1.0),verordnung,SG,eco,1970,1
SLC:DF_LAWS(1.0),verordnung,SG,etat,1970,4
SLC:DF_LAWS(1.0),verordnung,SG,infra,1970,1
SLC:DF_LAWS(1.0),verordnung,SO,autres,1970,1
SLC:DF_LAWS(1.0),verordnung,SO,educ,1970,1
SLC:DF_LAWS(1.0),verordnung,SO,etat,1970,1
SLC:DF_LAWS(1.0),verordnung,SZ,autres,1970,1
SLC:DF_LAWS(1.0),verordnung,SZ,etat,1970,1
SLC:DF_LAWS(1.0),verordnung,SZ,sante,1970,1
SLC:DF_LAWS(1.0),verordnung,ZH,etat,1970,2
SLC:DF_LAWS(1.0),verordnung,ZH,infra,1970,2
SLC:DF_LAWS(1.0),anderes,_T,_T,1970,25
SLC:DF_LAWS(1.0),dekret,_T,_T,1970,11
SLC:DF_LAWS(1.0),gesetz,_T,_T,1970,29
SLC:DF_LAWS(1.0),interkantonale_vereinbarung,_T,_T,1970,42
SLC:DF_LAWS(1.0),reglement,_T,_T,1970,18
SLC:DF_LAWS(1.0),staatsvertrag,_T,_T,1970,1
SLC:DF_LAWS(1.0),verordnung,_T,_T,1970,29
SLC:DF_LAWS(1.0),_T,AG,_T,1970,3
SLC:DF_LAWS(1.0),_T,AI,_T,1970,2
SLC:DF_LAWS(1.0),_T,AR,_T,1970,2
SLC:DF_LAWS(1.0),_T,BE,_T,1970,3
SLC:DF_LAWS(1.0),_T,BL,_T,1970,6
SLC:DF_LAWS(1.0),_T,BS,_T,1970,9
SLC:DF_LAWS(1.0),_T,FR,_T,1970,2
SLC:DF_LAWS(1.0),_T,GE,_T,1970,8
SLC:DF_LAWS(1.0),_T,GL,_T,1970,2
SLC:DF_LAWS(1.0),_T,GR,_T,1970,7
SLC:DF_LAWS(1.0),_T,JU,_T,1970,1
SLC:DF_LAWS(1.0),_T,LU,_T,1970,10
SLC:DF_LAWS(1.0),_T,NE,_T,1970,14
SLC:DF_LAWS(1.0),_T,NW,_T,1970,2
SLC:DF_LAWS(1.0),_T,OW,_T,1970,4
SLC:DF_LAWS(1.0),_T,SG,_T,1970,14
SLC:DF_LAWS(1.0),_T,SH,_T,1970,3
SLC:DF_LAWS(1.0),_T,SO,_T,1970,14
SLC:DF_LAWS(1.0),_T,SZ,_T,1970,12
SLC:DF_LAWS(1.0),_T,TG,_T,1970,8
SLC:DF_LAWS(1.0),_T,TI,_T,1970,2
SLC:DF_LAWS(1.0),_T,UR,_T,1970,3
SLC:DF_LAWS(1.0),_T,VD,_T,1970,14
SLC:DF_LAWS(1.0),_T,VS,_T,1970,3
SLC:DF_LAWS(1.0),_T,ZG,_T,1970,2
SLC:DF_LAWS(1.0),_T,ZH,_T,1970,5
SLC:DF_LAWS(1.0),_T,_T,autres,1970,13
SLC:DF_LAWS(1.0),_T,_T,eco,1970,10
SLC:DF_LAWS(1.0),_T,_T,educ,1970,42
SLC:DF_LAWS(1.0),_T,_T,etat,1970,38
SLC:DF_LAWS(1.0),_T,_T,fin,1970,8
SLC:DF_LAWS(1.0),_T,_T,infra,1970,29
SLC:DF_LAWS(1.0),_T,_T,sante,1970,15
SLC:DF_LAWS(1.0),_T,_T,_T,1970,155
SLC:DF_LAWS(1.0),anderes,BE,autres,1971,1
SLC:DF_LAWS(1.0),anderes,BE,fin,1971,1
SLC:DF_LAWS(1.0),anderes,BE,infra,1971,1
SLC:DF_LAWS(1.0),anderes,BE,sante,1971,1
SLC:DF_LAWS(1.0),anderes,BS,sante,1971,1
SLC:DF_LAWS(1.0),anderes,FR,educ,1971,1
SLC:DF_LAWS(1.0),anderes,FR,infra,1971,1
SLC:DF_LAWS(1.0),anderes,FR,sante,1971,1
SLC:DF_LAWS(1.0),anderes,GL,eco,1971,1
SLC:DF_LAWS(1.0),anderes,GL,educ,1971,1
SLC:DF_LAWS(1.0),anderes,GL,etat,1971,1
SLC:DF_LAWS(1.0),anderes,GL,fin,1971,2
SLC:DF_LAWS(1.0),anderes,GL,infra,1971,1
SLC:DF_LAWS(1.0),anderes,GR,autres,1971,1
SLC:DF_LAWS(1.0),anderes,GR,sante,1971,1
SLC:DF_LAWS(1.0),anderes,LU,autres,1971,1
SLC:DF_LAWS(1.0),anderes,NE,eco,1971,1
SLC:DF_LAWS(1.0),anderes,NE,etat,1971,1
SLC:DF_LAWS(1.0),anderes,NE,infra,1971,3
SLC:DF_LAWS(1.0),anderes,NE,sante,1971,2
SLC:DF_LAWS(1.0),anderes,OW,etat,1971,1
SLC:DF_LAWS(1.0),anderes,SG,educ,1971,1
SLC:DF_LAWS(1.0),anderes,SG,fin,1971,1
SLC:DF_LAWS(1.0),anderes,SO,autres,1971,1
SLC:DF_LAWS(1.0),anderes,SO,educ,1971,6
SLC:DF_LAWS(1.0),anderes,SO,etat,1971,2
SLC:DF_LAWS(1.0),anderes,UR,infra,1971,1
SLC:DF_LAWS(1.0),anderes,VD,etat,1971,1
SLC:DF_LAWS(1.0),anderes,VD,infra,1971,1
SLC:DF_LAWS(1.0),anderes,ZG,educ,1971,1
SLC:DF_LAWS(1.0),anderes,ZH,etat,1971,1
SLC:DF_LAWS(1.0),anderes,ZH,sante,1971,1
SLC:DF_LAWS(1.0),dekret,AG,etat,1971,2
SLC:DF_LAWS(1.0),dekret,AG,infra,1971,2
SLC:DF_LAWS(1.0),dekret,BE,educ,1971,1
SLC:DF_LAWS(1.0),dekret,BE,etat,1971,1
SLC:DF_LAWS(1.0),dekret,BE,sante,1971,1
SLC:DF_LAWS(1.0),dekret,BL,fin,1971,2
SLC:DF_LAWS(1.0),dekret,BS,educ,1971,1
SLC:DF_LAWS(1.0),dekret,BS,fin,1971,1
SLC:DF_LAWS(1.0),dekret,GR,fin,1971,1
SLC:DF_LAWS(1.0),dekret,GR,sante,1971,2
SLC:DF_LAWS(1.0),dekret,LU,etat,1971,1
SLC:DF_LAWS(1.0),dekret,NE,fin,1971,1
SLC:DF_LAWS(1.0),dekret,OW,educ,1971,2
SLC:DF_LAWS(1.0),dekret,OW,etat,1971,2
SLC:DF_LAWS(1.0),dekret,OW,sante,1971,1
SLC:DF_LAWS(1.0),dekret,SG,educ,1971,2
SLC:DF_LAWS(1.0),dekret,SH,educ,1971,1
SLC:DF_LAWS(1.0),dekret,SZ,educ,1971,1
SLC:DF_LAWS(1.0),dekret,TI,autres,1971,1
SLC:DF_LAWS(1.0),dekret,TI,fin,1971,1
SLC:DF_LAWS(1.0),dekret,UR,eco,1971,1
SLC:DF_LAWS(1.0),dekret,UR,sante,1971,1
SLC:DF_LAWS(1.0),dekret,VD,eco,1971,1
SLC:DF_LAWS(1.0),dekret,VD,sante,1971,1
SLC:DF_LAWS(1.0),gemeindeerlass,BS,etat,1971,1
SLC:DF_LAWS(1.0),gesetz,AG,etat,1971,1
SLC:DF_LAWS(1.0),gesetz,AG,sante,1971,1
SLC:DF_LAWS(1.0),gesetz,AI,educ,1971,1
SLC:DF_LAWS(1.0),gesetz,BE,autres,1971,1
SLC:DF_LAWS(1.0),gesetz,BE,sante,1971,1
SLC:DF_LAWS(1.0),gesetz,BL,fin,1971,1
SLC:DF_LAWS(1.0),gesetz,BS,eco,1971,1
SLC:DF_LAWS(1.0),gesetz,BS,educ,1971,1
SLC:DF_LAWS(1.0),gesetz,BS,infra,1971,1
SLC:DF_LAWS(1.0),gesetz,FR,autres,1971,1
SLC:DF_LAWS(1.0),gesetz,FR,educ,1971,1
SLC:DF_LAWS(1.0),gesetz,GE,educ,1971,1
SLC:DF_LAWS(1.0),gesetz,GE,fin,1971,1
SLC:DF_LAWS(1.0),gesetz,GL,autres,1971,1
SLC:DF_LAWS(1.0),gesetz,GL,eco,1971,1
SLC:DF_LAWS(1.0),gesetz,GL,educ,1971,1
SLC:DF_LAWS(1.0),gesetz,GL,infra,1971,1
SLC:DF_LAWS(1.0),gesetz,GR,sante,1971,1
SLC:DF_LAWS(1.0),gesetz,NE,infra,1971,1
SLC:DF_LAWS(1.0),gesetz,NW,eco,1971,1
SLC:DF_LAWS(1.0),gesetz,NW,etat,1971,2
SLC:DF_LAWS(1.0),gesetz,SG,educ,1971,1
SLC:DF_LAWS(1.0),gesetz,SG,etat,1971,1
SLC:DF_LAWS(1.0),gesetz,SG,fin,1971,1
SLC:DF_LAWS(1.0),gesetz,SG,infra,1971,1
SLC:DF_LAWS(1.0),gesetz,SG,sante,1971,1
SLC:DF_LAWS(1.0),gesetz,SH,educ,1971,1
SLC:DF_LAWS(1.0),gesetz,SH,etat,1971,1
SLC:DF_LAWS(1.0),gesetz,TG,sante,1971,1
SLC:DF_LAWS(1.0),gesetz,TI,autres,1971,1
SLC:DF_LAWS(1.0),gesetz,TI,infra,1971,1
SLC:DF_LAWS(1.0),gesetz,UR,eco,1971,1
SLC:DF_LAWS(1.0),gesetz,UR,infra,1971,1
SLC:DF_LAWS(1.0),gesetz,VD,autres,1971,1
SLC:DF_LAWS(1.0),gesetz,ZG,sante,1971,1
SLC:DF_LAWS(1.0),gesetz,ZH,eco,1971,1
SLC:DF_LAWS(1.0),gesetz,ZH,educ,1971,1
SLC:DF_LAWS(1.0),gesetz,ZH,etat,1971,1
SLC:DF_LAWS(1.0),gesetz,ZH,sante,1971,1
SLC:DF_LAWS(1.0),interkantonale_vereinbarung,AG,fin,1971,1
SLC:DF_LAWS(1.0),interkantonale_vereinbarung,AR,autres,1971,1
SLC:DF_LAWS(1.0),interkantonale_vereinbarung,AR,eco,1971,1
SLC:DF_LAWS(1.0),interkantonale_vereinbarung,AR,sante,1971,1
SLC:DF_LAWS(1.0),interkantonale_vereinbarung,BE,sante,1971,1
SLC:DF_LAWS(1.0),interkantonale_vereinbarung,BL,infra,1971,1
SLC:DF_LAWS(1.0),interkantonale_vereinbarung,BL,sante,1971,1
SLC:DF_LAWS(1.0),interkantonale_vereinbarung,BS,sante,1971,2
SLC:DF_LAWS(1.0),interkantonale_vereinbarung,FR,autres,1971,1
SLC:DF_LAWS(1.0),interkantonale_vereinbarung,FR,sante,1971,1
SLC:DF_LAWS(1.0),interkantonale_vereinbarung,GE,fin,1971,1
SLC:DF_LAWS(1.0),interkantonale_vereinbarung,GL,sante,1971,1
SLC:DF_LAWS(1.0),interkantonale_vereinbarung,GR,autres,1971,1
SLC:DF_LAWS(1.0),interkantonale_vereinbarung,GR,eco,1971,1
SLC:DF_LAWS(1.0),interkantonale_vereinbarung,JU,autres,1971,1
SLC:DF_LAWS(1.0),interkantonale_vereinbarung,JU,sante,1971,1
SLC:DF_LAWS(1.0),interkantonale_vereinbarung,LU,sante,1971,1
SLC:DF_LAWS(1.0),interkantonale_vereinbarung,NE,fin,1971,2
SLC:DF_LAWS(1.0),interkantonale_vereinbarung,NW,sante,1971,1
SLC:DF_LAWS(1.0),interkantonale_vereinbarung,OW,autres,1971,1
SLC:DF_LAWS(1.0),interkantonale_vereinbarung,OW,sante,1971,1
SLC:DF_LAWS(1.0),interkantonale_vereinbarung,SG,educ,1971,1
SLC:DF_LAWS(1.0),interkantonale_vereinbarung,SG,infra,1971,1
SLC:DF_LAWS(1.0),interkantonale_vereinbarung,SG,sante,1971,2
SLC:DF_LAWS(1.0),interkantonale_vereinbarung,SH,sante,1971,1
SLC:DF_LAWS(1.0),interkantonale_vereinbarung,SO,educ,1971,1
SLC:DF_LAWS(1.0),interkantonale_vereinbarung,SZ,educ,1971,1
SLC:DF_LAWS(1.0),interkantonale_vereinbarung,SZ,sante,1971,2
SLC:DF_LAWS(1.0),interkantonale_vereinbarung,TG,autres,1971,1
SLC:DF_LAWS(1.0),interkantonale_vereinbarung,TG,fin,1971,1
SLC:DF_LAWS(1.0),interkantonale_vereinbarung,TG,sante,1971,1
SLC:DF_LAWS(1.0),interkantonale_vereinbarung,TI,autres,1971,1
SLC:DF_LAWS(1.0),interkantonale_vereinbarung,UR,sante,1971,1
SLC:DF_LAWS(1.0),interkantonale_vereinbarung,VD,autres,1971,1
SLC:DF_LAWS(1.0),interkantonale_vereinbarung,VS,autres,1971,2
SLC:DF_LAWS(1.0),interkantonale_vereinbarung,VS,sante,1971,1
SLC:DF_LAWS(1.0),interkantonale_vereinbarung,ZG,sante,1971,1
SLC:DF_LAWS(1.0),interkantonale_vereinbarung,ZH,educ,1971,1
SLC:DF_LAWS(1.0),interkantonale_vereinbarung,ZH,etat,1971,1
SLC:DF_LAWS(1.0),interkantonale_vereinbarung,ZH,infra,1971,3
SLC:DF_LAWS(1.0),reglement,BS,educ,1971,1
SLC:DF_LAWS(1.0),reglement,GE,educ,1971,2
SLC:DF_LAWS(1.0),reglement,GE,sante,1971,1
SLC:DF_LAWS(1.0),reglement,SO,autres,1971,1
SLC:DF_LAWS(1.0),reglement,SO,educ,1971,1
SLC:DF_LAWS(1.0),reglement,TI,infra,1971,1
SLC:DF_LAWS(1.0),reglement,UR,sante,1971,1
SLC:DF_LAWS(1.0),reglement,VD,eco,1971,1
SLC:DF_LAWS(1.0),reglement,VD,educ,1971,1
SLC:DF_LAWS(1.0),reglement,VD,sante,1971,2
SLC:DF_LAWS(1.0),verordnung,AG,sante,1971,2
SLC:DF_LAWS(1.0),verordnung,AI,etat,1971,2
SLC:DF_LAWS(1.0),verordnung,AR,sante,1971,1
SLC:DF_LAWS(1.0),verordnung,BE,sante,1971,1
SLC:DF_LAWS(1.0),verordnung,BL,infra,1971,1
SLC:DF_LAWS(1.0),verordnung,BS,eco,1971,1
SLC:DF_LAWS(1.0),verordnung,BS,educ,1971,2
SLC:DF_LAWS(1.0),verordnung,BS,etat,1971,1
SLC:DF_LAWS(1.0),verordnung,BS,sante,1971,1
SLC:DF_LAWS(1.0),verordnung,FR,eco,1971,1
SLC:DF_LAWS(1.0),verordnung,GL,educ,1971,1
SLC:DF_LAWS(1.0),verordnung,GR,educ,1971,2
SLC:DF_LAWS(1.0),verordnung,GR,etat,1971,1
SLC:DF_LAWS(1.0),verordnung,GR,sante,1971,1
SLC:DF_LAWS(1.0),verordnung,LU,infra,1971,1
SLC:DF_LAWS(1.0),verordnung,LU,sante,1971,1
SLC:DF_LAWS(1.0),verordnung,SG,educ,1971,1
SLC:DF_LAWS(1.0),verordnung,SG,etat,1971,1
SLC:DF_LAWS(1.0),verordnung,SG,fin,1971,1
SLC:DF_LAWS(1.0),verordnung,SG,infra,1971,1
SLC:DF_LAWS(1.0),verordnung,SO,educ,1971,2
SLC:DF_LAWS(1.0),verordnung,SO,etat,1971,2
SLC:DF_LAWS(1.0),verordnung,SO,sante,1971,2
SLC:DF_LAWS(1.0),verordnung,TG,sante,1971,1
SLC:DF_LAWS(1.0),verordnung,TI,infra,1971,1
SLC:DF_LAWS(1.0),verordnung,ZH,eco,1971,1
SLC:DF_LAWS(1.0),verordnung,ZH,educ,1971,1
SLC:DF_LAWS(1.0),verordnung,ZH,etat,1971,1
SLC:DF_LAWS(1.0),anderes,_T,_T,1971,42
SLC:DF_LAWS(1.0),dekret,_T,_T,1971,31
SLC:DF_LAWS(1.0),gemeindeerlass,_T,_T,1971,1
SLC:DF_LAWS(1.0),gesetz,_T,_T,1971,40
SLC:DF_LAWS(1.0),interkantonale_vereinbarung,_T,_T,1971,47
SLC:DF_LAWS(1.0),reglement,_T,_T,1971,12
SLC:DF_LAWS(1.0),verordnung,_T,_T,1971,35
SLC:DF_LAWS(1.0),_T,AG,_T,1971,9
SLC:DF_LAWS(1.0),_T,AI,_T,1971,3
SLC:DF_LAWS(1.0),_T,AR,_T,1971,4
SLC:DF_LAWS(1.0),_T,BE,_T,1971,11
SLC:DF_LAWS(1.0),_T,BL,_T,1971,6
SLC:DF_LAWS(1.0),_T,BS,_T,1971,15
SLC:DF_LAWS(1.0),_T,FR,_T,1971,8
SLC:DF_LAWS(1.0),_T,GE,_T,1971,6
SLC:DF_LAWS(1.0),_T,GL,_T,1971,12
SLC:DF_LAWS(1.0),_T,GR,_T,1971,12
SLC:DF_LAWS(1.0),_T,JU,_T,1971,2
SLC:DF_LAWS(1.0),_T,LU,_T,1971,5
SLC:DF_LAWS(1.0),_T,NE,_T,1971,11
SLC:DF_LAWS(1.0),_T,NW,_T,1971,4
SLC:DF_LAWS(1.0),_T,OW,_T,1971,8
SLC:DF_LAWS(1.0),_T,SG,_T,1971,17
SLC:DF_LAWS(1.0),_T,SH,_T,1971,4
SLC:DF_LAWS(1.0),_T,SO,_T,1971,18
SLC:DF_LAWS(1.0),_T,SZ,_T,1971,4
SLC:DF_LAWS(1.0),_T,TG,_T,1971,5
SLC:DF_LAWS(1.0),_T,TI,_T,1971,7
SLC:DF_LAWS(1.0),_T,UR,_T,1971,7
SLC:DF_LAWS(1.0),_T,VD,_T,1971,10
SLC:DF_LAWS(1.0),_T,VS,_T,1971,3
SLC:DF_LAWS(1.0),_T,ZG,_T,1971,3
SLC:DF_LAWS(1.0),_T,ZH,_T,1971,14
SLC:DF_LAWS(1.0),_T,_T,autres,1971,21
SLC:DF_LAWS(1.0),_T,_T,eco,1971,15
SLC:DF_LAWS(1.0),_T,_T,educ,1971,44
SLC:DF_LAWS(1.0),_T,_T,etat,1971,29
SLC:DF_LAWS(1.0),_T,_T,fin,1971,19
SLC:DF_LAWS(1.0),_T,_T,infra,1971,26
SLC:DF_LAWS(1.0),_T,_T,sante,1971,54
SLC:DF_LAWS(1.0),_T,_T,_T,1971,208
SLC:DF_LAWS(1.0),anderes,AI,etat,1972,1
SLC:DF_LAWS(1.0),anderes,FR,autres,1972,2
SLC:DF_LAWS(1.0),anderes,FR,educ,1972,1
SLC:DF_LAWS(1.0),anderes,FR,sante,1972,1
SLC:DF_LAWS(1.0),anderes,GL,autres,1972,1
SLC:DF_LAWS(1.0),anderes,GL,educ,1972,2
SLC:DF_LAWS(1.0),anderes,GR,educ,1972,1
SLC:DF_LAWS(1.0),anderes,GR,etat,1972,1
SLC:DF_LAWS(1.0),anderes,GR,infra,1972,1
SLC:DF_LAWS(1.0),anderes,NE,eco,1972,1
SLC:DF_LAWS(1.0),anderes,NE,fin,1972,1
SLC:DF_LAWS(1.0),anderes,NE,sante,1972,5
SLC:DF_LAWS(1.0),anderes,OW,etat,1972,1
SLC:DF_LAWS(1.0),anderes,SH,educ,1972,1
SLC:DF_LAWS(1.0),anderes,SH,sante,1972,1
SLC:DF_LAWS(1.0),anderes,SO,autres,1972,3
SLC:DF_LAWS(1.0),anderes,SO,educ,1972,2
SLC:DF_LAWS(1.0),anderes,SO,sante,1972,1
SLC:DF_LAWS(1.0),anderes,SZ,infra,1972,1
SLC:DF_LAWS(1.0),anderes,TI,eco,1972,1
SLC:DF_LAWS(1.0),anderes,UR,eco,1972,1
SLC:DF_LAWS(1.0),anderes,VD,etat,1972,1
SLC:DF_LAWS(1.0),anderes,VD,fin,1972,1
SLC:DF_LAWS(1.0),anderes,VD,infra,1972,1
SLC:DF_LAWS(1.0),anderes,VS,infra,1972,1
SLC:DF_LAWS(1.0),anderes,ZG,autres,1972,1
SLC:DF_LAWS(1.0),anderes,ZH,etat,1972,1
SLC:DF_LAWS(1.0),dekret,AG,fin,1972,1
SLC:DF_LAWS(1.0),dekret,AG,infra,1972,1
SLC:DF_LAWS(1.0),dekret,BE,infra,1972,1
SLC:DF_LAWS(1.0),dekret,BE,sante,1972,1
SLC:DF_LAWS(1.0),dekret,FR,etat,1972,2
SLC:DF_LAWS(1.0),dekret,GL,etat,1972,1
SLC:DF_LAWS(1.0),dekret,GR,educ,1972,1
SLC:DF_LAWS(1.0),dekret,GR,infra,1972,1
SLC:DF_LAWS(1.0),dekret,NE,sante,1972,1
SLC:DF_LAWS(1.0),dekret,NW,eco,1972,1
SLC:DF_LAWS(1.0),dekret,OW,autres,1972,1
SLC:DF_LAWS(1.0),dekret,OW,educ,1972,1
SLC:DF_LAWS(1.0),dekret,OW,infra,1972,1
SLC:DF_LAWS(1.0),dekret,SG,autres,1972,1
SLC:DF_LAWS(1.0),dekret,SG,fin,1972,1
SLC:DF_LAWS(1.0),dekret,SG,sante,1972,1
SLC:DF_LAWS(1.0),dekret,SZ,sante,1972,2
SLC:DF_LAWS(1.0),dekret,TI,autres,1972,1
SLC:DF_LAWS(1.0),dekret,TI,infra,1972,1
SLC:DF_LAWS(1.0),dekret,UR,educ,1972,5
SLC:DF_LAWS(1.0),dekret,UR,infra,1972,2
SLC:DF_LAWS(1.0),gesetz,AR,infra,1972,1
SLC:DF_LAWS(1.0),gesetz,BL,etat,1972,1
SLC:DF_LAWS(1.0),gesetz,BS,etat,1972,1
SLC:DF_LAWS(1.0),gesetz,FR,etat,1972,1
SLC:DF_LAWS(1.0),gesetz,FR,infra,1972,1
SLC:DF_LAWS(1.0),gesetz,GL,educ,1972,1
SLC:DF_LAWS(1.0),gesetz,GL,etat,1972,1
SLC:DF_LAWS(1.0),gesetz,LU,etat,1972,1
SLC:DF_LAWS(1.0),gesetz,NE,etat,1972,1
SLC:DF_LAWS(1.0),gesetz,NE,sante,1972,2
SLC:DF_LAWS(1.0),gesetz,NW,infra,1972,1
SLC:DF_LAWS(1.0),gesetz,NW,sante,1972,1
SLC:DF_LAWS(1.0),gesetz,OW,etat,1972,3
SLC:DF_LAWS(1.0),gesetz,SO,etat,1972,3
SLC:DF_LAWS(1.0),gesetz,SZ,educ,1972,1
SLC:DF_LAWS(1.0),gesetz,SZ,fin,1972,1
SLC:DF_LAWS(1.0),gesetz,SZ,infra,1972,1
SLC:DF_LAWS(1.0),gesetz,SZ,sante,1972,1
SLC:DF_LAWS(1.0),gesetz,TI,sante,1972,1
SLC:DF_LAWS(1.0),gesetz,VD,autres,1972,2
SLC:DF_LAWS(1.0),gesetz,VS,infra,1972,1
SLC:DF_LAWS(1.0),gesetz,ZG,educ,1972,1
SLC:DF_LAWS(1.0),interkantonale_vereinbarung,AG,infra,1972,1
SLC:DF_LAWS(1.0),interkantonale_vereinbarung,AI,eco,1972,1
SLC:DF_LAWS(1.0),interkantonale_vereinbarung,BE,etat,1972,2
SLC:DF_LAWS(1.0),interkantonale_vereinbarung,BS,sante,1972,1
SLC:DF_LAWS(1.0),interkantonale_vereinbarung,GR,eco,1972,1
SLC:DF_LAWS(1.0),interkantonale_vereinbarung,JU,eco,1972,1
SLC:DF_LAWS(1.0),interkantonale_vereinbarung,JU,educ,1972,1
SLC:DF_LAWS(1.0),interkantonale_vereinbarung,NE,fin,1972,3
SLC:DF_LAWS(1.0),interkantonale_vereinbarung,OW,sante,1972,1
SLC:DF_LAWS(1.0),interkantonale_vereinbarung,SG,sante,1972,1
SLC:DF_LAWS(1.0),interkantonale_vereinbarung,TG,infra,1972,1
SLC:DF_LAWS(1.0),interkantonale_vereinbarung,TI,educ,1972,2
SLC:DF_LAWS(1.0),interkantonale_vereinbarung,UR,educ,1972,1
SLC:DF_LAWS(1.0),interkantonale_vereinbarung,UR,infra,1972,1
SLC:DF_LAWS(1.0),interkantonale_vereinbarung,ZG,autres,1972,1
SLC:DF_LAWS(1.0),interkantonale_vereinbarung,ZH,educ,1972,1
SLC:DF_LAWS(1.0),reglement,BE,infra,1972,1
SLC:DF_LAWS(1.0),reglement,BS,sante,1972,1
SLC:DF_LAWS(1.0),reglement,GL,educ,1972,1
SLC:DF_LAWS(1.0),reglement,TI,eco,1972,1
SLC:DF_LAWS(1.0),reglement,TI,fin,1972,1
SLC:DF_LAWS(1.0),reglement,VS,educ,1972,1
SLC:DF_LAWS(1.0),verordnung,AG,autres,1972,1
SLC:DF_LAWS(1.0),verordnung,AG,eco,1972,1
SLC:DF_LAWS(1.0),verordnung,AG,educ,1972,1
SLC:DF_LAWS(1.0),verordnung,AG,etat,1972,1
SLC:DF_LAWS(1.0),verordnung,AG,sante,1972,1
SLC:DF_LAWS(1.0),verordnung,AI,autres,1972,1
SLC:DF_LAWS(1.0),verordnung,AI,eco,1972,1
SLC:DF_LAWS(1.0),verordnung,AI,sante,1972,1
SLC:DF_LAWS(1.0),verordnung,BE,etat,1972,1
SLC:DF_LAWS(1.0),verordnung,BE,sante,1972,1
SLC:DF_LAWS(1.0),verordnung,BL,etat,1972,2
SLC:DF_LAWS(1.0),verordnung,BL,fin,1972,1
SLC:DF_LAWS(1.0),verordnung,BL,infra,1972,2
SLC:DF_LAWS(1.0),verordnung,BS,educ,1972,1
SLC:DF_LAWS(1.0),verordnung,BS,etat,1972,1
SLC:DF_LAWS(1.0),verordnung,BS,infra,1972,1
SLC:DF_LAWS(1.0),verordnung,BS,sante,1972,1
SLC:DF_LAWS(1.0),verordnung,FR,infra,1972,1
SLC:DF_LAWS(1.0),verordnung,GL,educ,1972,1
SLC:DF_LAWS(1.0),verordnung,GR,autres,1972,1
SLC:DF_LAWS(1.0),verordnung,GR,etat,1972,1
SLC:DF_LAWS(1.0),verordnung,LU,autres,1972,1
SLC:DF_LAWS(1.0),verordnung,LU,etat,1972,1
SLC:DF_LAWS(1.0),verordnung,NE,etat,1972,1
SLC:DF_LAWS(1.0),verordnung,NE,infra,1972,1
SLC:DF_LAWS(1.0),verordnung,NW,infra,1972,1
SLC:DF_LAWS(1.0),verordnung,OW,autres,1972,1
SLC:DF_LAWS(1.0),verordnung,OW,infra,1972,1
SLC:DF_LAWS(1.0),verordnung,SG,etat,1972,1
SLC:DF_LAWS(1.0),verordnung,SG,fin,1972,2
SLC:DF_LAWS(1.0),verordnung,SG,infra,1972,1
SLC:DF_LAWS(1.0),verordnung,SH,sante,1972,1
SLC:DF_LAWS(1.0),verordnung,SO,autres,1972,1
SLC:DF_LAWS(1.0),verordnung,SO,infra,1972,1
SLC:DF_LAWS(1.0),verordnung,SZ,autres,1972,1
SLC:DF_LAWS(1.0),verordnung,TG,etat,1972,1
SLC:DF_LAWS(1.0),verordnung,ZG,infra,1972,1
SLC:DF_LAWS(1.0),verordnung,ZH,infra,1972,1
SLC:DF_LAWS(1.0),anderes,_T,_T,1972,36
SLC:DF_LAWS(1.0),dekret,_T,_T,1972,28
SLC:DF_LAWS(1.0),gesetz,_T,_T,1972,28
SLC:DF_LAWS(1.0),interkantonale_vereinbarung,_T,_T,1972,20
SLC:DF_LAWS(1.0),reglement,_T,_T,1972,6
SLC:DF_LAWS(1.0),verordnung,_T,_T,1972,41
SLC:DF_LAWS(1.0),_T,AG,_T,1972,8
SLC:DF_LAWS(1.0),_T,AI,_T,1972,5
SLC:DF_LAWS(1.0),_T,AR,_T,1972,1
SLC:DF_LAWS(1.0),_T,BE,_T,1972,7
SLC:DF_LAWS(1.0),_T,BL,_T,1972,6
SLC:DF_LAWS(1.0),_T,BS,_T,1972,7
SLC:DF_LAWS(1.0),_T,FR,_T,1972,9
SLC:DF_LAWS(1.0),_T,GL,_T,1972,8
SLC:DF_LAWS(1.0),_T,GR,_T,1972,8
SLC:DF_LAWS(1.0),_T,JU,_T,1972,2
SLC:DF_LAWS(1.0),_T,LU,_T,1972,3
SLC:DF_LAWS(1.0),_T,NE,_T,1972,16
SLC:DF_LAWS(1.0),_T,NW,_T,1972,4
SLC:DF_LAWS(1.0),_T,OW,_T,1972,10
SLC:DF_LAWS(1.0),_T,SG,_T,1972,8
SLC:DF_LAWS(1.0),_T,SH,_T,1972,3
SLC:DF_LAWS(1.0),_T,SO,_T,1972,11
SLC:DF_LAWS(1.0),_T,SZ,_T,1972,8
SLC:DF_LAWS(1.0),_T,TG,_T,1972,2
SLC:DF_LAWS(1.0),_T,TI,_T,1972,8
SLC:DF_LAWS(1.0),_T,UR,_T,1972,10
SLC:DF_LAWS(1.0),_T,VD,_T,1972,5
SLC:DF_LAWS(1.0),_T,VS,_T,1972,3
SLC:DF_LAWS(1.0),_T,ZG,_T,1972,4
SLC:DF_LAWS(1.0),_T,ZH,_T,1972,3
SLC:DF_LAWS(1.0),_T,_T,autres,1972,20
SLC:DF_LAWS(1.0),_T,_T,eco,1972,10
SLC:DF_LAWS(1.0),_T,_T,educ,1972,27
SLC:DF_LAWS(1.0),_T,_T,etat,1972,32
SLC:DF_LAWS(1.0),_T,_T,fin,1972,12
SLC:DF_LAWS(1.0),_T,_T,infra,1972,31
SLC:DF_LAWS(1.0),_T,_T,sante,1972,27
SLC:DF_LAWS(1.0),_T,_T,_T,1972,159
SLC:DF_LAWS(1.0),anderes,BE,sante,1973,1
SLC:DF_LAWS(1.0),anderes,BS,educ,1973,2
SLC:DF_LAWS(1.0),anderes,BS,etat,1973,2
SLC:DF_LAWS(1.0),anderes,BS,sante,1973,1
SLC:DF_LAWS(1.0),anderes,FR,autres,1973,1
SLC:DF_LAWS(1.0),anderes,FR,educ,1973,2
SLC:DF_LAWS(1.0),anderes,FR,etat,1973,1
SLC:DF_LAWS(1.0),anderes,FR,infra,1973,3
SLC:DF_LAWS(1.0),anderes,GL,autres,1973,1
SLC:DF_LAWS(1.0),anderes,GL,eco,1973,1
SLC:DF_LAWS(1.0),anderes,GL,etat,1973,1
SLC:DF_LAWS(1.0),anderes,GR,educ,1973,1
SLC:DF_LAWS(1.0),anderes,LU,etat,1973,1
SLC:DF_LAWS(1.0),anderes,NE,eco,1973,1
SLC:DF_LAWS(1.0),anderes,NE,educ,1973,3
SLC:DF_LAWS(1.0),anderes,OW,autres,1973,1
SLC:DF_LAWS(1.0),anderes,OW,etat,1973,1
SLC:DF_LAWS(1.0),anderes,SG,sante,1973,1
SLC:DF_LAWS(1.0),anderes,SO,educ,1973,4
SLC:DF_LAWS(1.0),anderes,SO,etat,1973,2
SLC:DF_LAWS(1.0),anderes,SO,fin,1973,1
SLC:DF_LAWS(1.0),anderes,SO,infra,1973,3
SLC:DF_LAWS(1.0),anderes,SO,sante,1973,1
SLC:DF_LAWS(1.0),anderes,VD,fin,1973,1
SLC:DF_LAWS(1.0),anderes,VS,sante,1973,1
SLC:DF_LAWS(1.0),anderes,ZH,educ,1973,1
SLC:DF_LAWS(1.0),dekret,AG,educ,1973,1
SLC:DF_LAWS(1.0),dekret,AG,infra,1973,1
SLC:DF_LAWS(1.0),dekret,AI,eco,1973,1
SLC:DF_LAWS(1.0),dekret,AI,educ,1973,1
SLC:DF_LAWS(1.0),dekret,AR,autres,1973,1
SLC:DF_LAWS(1.0),dekret,BE,etat,1973,1
SLC:DF_LAWS(1.0),dekret,BE,fin,1973,1
SLC:DF_LAWS(1.0),dekret,BL,sante,1973,1
SLC:DF_LAWS(1.0),dekret,BS,sante,1973,1
SLC:DF_LAWS(1.0),dekret,GL,sante,1973,1
SLC:DF_LAWS(1.0),dekret,LU,educ,1973,1
SLC:DF_LAWS(1.0),dekret,NE,fin,1973,1
SLC:DF_LAWS(1.0),dekret,OW,autres,1973,2
SLC:DF_LAWS(1.0),dekret,OW,etat,1973,4
SLC:DF_LAWS(1.0),dekret,OW,fin,1973,1
SLC:DF_LAWS(1.0),dekret,OW,infra,1973,1
SLC:DF_LAWS(1.0),dekret,OW,sante,1973,1
SLC:DF_LAWS(1.0),dekret,UR,educ,1973,1
SLC:DF_LAWS(1.0),dekret,ZG,fin,1973,1
SLC:DF_LAWS(1.0),gemeindeerlass,BS,etat,1973,1
SLC:DF_LAWS(1.0),gesetz,AG,fin,1973,1
SLC:DF_LAWS(1.0),gesetz,BE,infra,1973,1
SLC:DF_LAWS(1.0),gesetz,BE,sante,1973,1
SLC:DF_LAWS(1.0),gesetz,BL,sante,1973,2
SLC:DF_LAWS(1.0),gesetz,BS,etat,1973,2
SLC:DF_LAWS(1.0),gesetz,BS,infra,1973,1
SLC:DF_LAWS(1.0),gesetz,FR,autres,1973,1
SLC:DF_LAWS(1.0),gesetz,GE,autres,1973,1
SLC:DF_LAWS(1.0),gesetz,GE,educ,1973,1
SLC:DF_LAWS(1.0),gesetz,GE,etat,1973,1
SLC:DF_LAWS(1.0),gesetz,GE,fin,1973,1
SLC:DF_LAWS(1.0),gesetz,GE,infra,1973,1
SLC:DF_LAWS(1.0),gesetz,GL,educ,1973,2
SLC:DF_LAWS(1.0),gesetz,GL,etat,1973,1
SLC:DF_LAWS(1.0),gesetz,GL,sante,1973,1
SLC:DF_LAWS(1.0),gesetz,LU,etat,1973,2
SLC:DF_LAWS(1.0),gesetz,LU,infra,1973,1
SLC:DF_LAWS(1.0),gesetz,NE,educ,1973,1
SLC:DF_LAWS(1.0),gesetz,NW,etat,1973,1
SLC:DF_LAWS(1.0),gesetz,NW,infra,1973,1
SLC:DF_LAWS(1.0),gesetz,OW,fin,1973,1
SLC:DF_LAWS(1.0),gesetz,OW,infra,1973,1
SLC:DF_LAWS(1.0),gesetz,OW,sante,1973,1
SLC:DF_LAWS(1.0),gesetz,SG,infra,1973,1
SLC:DF_LAWS(1.0),gesetz,SO,etat,1973,1
SLC:DF_LAWS(1.0),gesetz,SZ,educ,1973,2
SLC:DF_LAWS(1.0),gesetz,SZ,infra,1973,1
SLC:DF_LAWS(1.0),gesetz,TI,educ,1973,2
SLC:DF_LAWS(1.0),gesetz,TI,etat,1973,1
SLC:DF_LAWS(1.0),gesetz,TI,sante,1973,1
SLC:DF_LAWS(1.0),gesetz,VD,autres,1973,4
SLC:DF_LAWS(1.0),gesetz,VD,eco,1973,1
SLC:DF_LAWS(1.0),gesetz,VD,educ,1973,1
SLC:DF_LAWS(1.0),gesetz,VD,etat,1973,1
SLC:DF_LAWS(1.0),gesetz,VD,fin,1973,1
SLC:DF_LAWS(1.0),gesetz,VD,sante,1973,1
SLC:DF_LAWS(1.0),gesetz,ZG,fin,1973,1
SLC:DF_LAWS(1.0),gesetz,ZH,sante,1973,1
SLC:DF_LAWS(1.0),interkantonale_vereinbarung,AG,fin,1973,2
SLC:DF_LAWS(1.0),interkantonale_vereinbarung,AI,fin,1973,1
SLC:DF_LAWS(1.0),interkantonale_vereinbarung,AR,educ,1973,2
SLC:DF_LAWS(1.0),interkantonale_vereinbarung,AR,fin,1973,1
SLC:DF_LAWS(1.0),interkantonale_vereinbarung,BE,fin,1973,1
SLC:DF_LAWS(1.0),interkantonale_vereinbarung,BL,fin,1973,1
SLC:DF_LAWS(1.0),interkantonale_vereinbarung,BL,infra,1973,1
SLC:DF_LAWS(1.0),interkantonale_vereinbarung,BS,fin,1973,1
SLC:DF_LAWS(1.0),interkantonale_vereinbarung,FR,fin,1973,3
SLC:DF_LAWS(1.0),interkantonale_vereinbarung,GE,fin,1973,1
SLC:DF_LAWS(1.0),interkantonale_vereinbarung,GL,fin,1973,1
SLC:DF_LAWS(1.0),interkantonale_vereinbarung,GR,fin,1973,1
SLC:DF_LAWS(1.0),interkantonale_vereinbarung,LU,fin,1973,1
SLC:DF_LAWS(1.0),interkantonale_vereinbarung,NE,educ,1973,1
SLC:DF_LAWS(1.0),interkantonale_vereinbarung,NE,fin,1973,2
SLC:DF_LAWS(1.0),interkantonale_vereinbarung,NE,infra,1973,1
SLC:DF_LAWS(1.0),interkantonale_vereinbarung,NW,fin,1973,1
SLC:DF_LAWS(1.0),interkantonale_vereinbarung,OW,fin,1973,1
SLC:DF_LAWS(1.0),interkantonale_vereinbarung,SG,educ,1973,2
SLC:DF_LAWS(1.0),interkantonale_vereinbarung,SG,fin,1973,2
SLC:DF_LAWS(1.0),interkantonale_vereinbarung,SG,infra,1973,1
SLC:DF_LAWS(1.0),interkantonale_vereinbarung,SH,fin,1973,1
SLC:DF_LAWS(1.0),interkantonale_vereinbarung,SO,fin,1973,2
SLC:DF_LAWS(1.0),interkantonale_vereinbarung,SZ,fin,1973,1
SLC:DF_LAWS(1.0),interkantonale_vereinbarung,TG,fin,1973,1
SLC:DF_LAWS(1.0),interkantonale_vereinbarung,TI,fin,1973,1
SLC:DF_LAWS(1.0),interkantonale_vereinbarung,UR,fin,1973,1
SLC:DF_LAWS(1.0),interkantonale_vereinbarung,VD,fin,1973,1
SLC:DF_LAWS(1.0),interkantonale_vereinbarung,VS,fin,1973,1
SLC:DF_LAWS(1.0),interkantonale_vereinbarung,ZG,autres,1973,1
SLC:DF_LAWS(1.0),interkantonale_vereinbarung,ZG,fin,1973,1
SLC:DF_LAWS(1.0),interkantonale_vereinbarung,ZH,autres,1973,1
SLC:DF_LAWS(1.0),reglement,BS,etat,1973,1
SLC:DF_LAWS(1.0),reglement,FR,educ,1973,1
SLC:DF_LAWS(1.0),reglement,GE,eco,1973,1
SLC:DF_LAWS(1.0),reglement,GE,fin,1973,1
SLC:DF_LAWS(1.0),reglement,GE,infra,1973,5
SLC:DF_LAWS(1.0),reglement,GL,educ,1973,1
SLC:DF_LAWS(1.0),reglement,NE,educ,1973,2
SLC:DF_LAWS(1.0),reglement,NE,sante,1973,1
SLC:DF_LAWS(1.0),reglement,SG,educ,1973,1
SLC:DF_LAWS(1.0),reglement,SO,educ,1973,1
SLC:DF_LAWS(1.0),reglement,UR,autres,1973,1
SLC:DF_LAWS(1.0),reglement,UR,sante,1973,1
SLC:DF_LAWS(1.0),reglement,VS,eco,1973,1
SLC:DF_LAWS(1.0),reglement,VS,educ,1973,1
SLC:DF_LAWS(1.0),staatsvertrag,GE,etat,1973,1
SLC:DF_LAWS(1.0),staatsvertrag,GE,fin,1973,1
SLC:DF_LAWS(1.0),verordnung,AG,etat,1973,1
SLC:DF_LAWS(1.0),verordnung,AG,sante,1973,1
SLC:DF_LAWS(1.0),verordnung,AI,etat,1973,1
SLC:DF_LAWS(1.0),verordnung,AI,infra,1973,1
SLC:DF_LAWS(1.0),verordnung,AI,sante,1973,1
SLC:DF_LAWS(1.0),verordnung,AR,fin,1973,1
SLC:DF_LAWS(1.0),verordnung,AR,infra,1973,1
SLC:DF_LAWS(1.0),verordnung,BE,educ,1973,1
SLC:DF_LAWS(1.0),verordnung,BE,fin,1973,1
SLC:DF_LAWS(1.0),verordnung,BL,infra,1973,1
SLC:DF_LAWS(1.0),verordnung,BL,sante,1973,1
SLC:DF_LAWS(1.0),verordnung,BS,educ,1973,3
SLC:DF_LAWS(1.0),verordnung,BS,etat,1973,1
SLC:DF_LAWS(1.0),verordnung,BS,infra,1973,1
SLC:DF_LAWS(1.0),verordnung,BS,sante,1973,2
SLC:DF_LAWS(1.0),verordnung,FR,autres,1973,1
SLC:DF_LAWS(1.0),verordnung,LU,etat,1973,4
SLC:DF_LAWS(1.0),verordnung,LU,infra,1973,1
SLC:DF_LAWS(1.0),verordnung,NW,autres,1973,1
SLC:DF_LAWS(1.0),verordnung,OW,infra,1973,2
SLC:DF_LAWS(1.0),verordnung,OW,sante,1973,1
SLC:DF_LAWS(1.0),verordnung,SH,educ,1973,1
SLC:DF_LAWS(1.0),verordnung,SH,etat,1973,1
SLC:DF_LAWS(1.0),verordnung,SH,sante,1973,1
SLC:DF_LAWS(1.0),verordnung,SO,educ,1973,2
SLC:DF_LAWS(1.0),verordnung,SZ,educ,1973,1
SLC:DF_LAWS(1.0),verordnung,SZ,infra,1973,1
SLC:DF_LAWS(1.0),verordnung,TG,eco,1973,1
SLC:DF_LAWS(1.0),verordnung,TG,infra,1973,1
SLC:DF_LAWS(1.0),verordnung,ZG,autres,1973,1
SLC:DF_LAWS(1.0),anderes,_T,_T,1973,39
SLC:DF_LAWS(1.0),dekret,_T,_T,1973,23
SLC:DF_LAWS(1.0),gemeindeerlass,_T,_T,1973,1
SLC:DF_LAWS(1.0),gesetz,_T,_T,1973,47
SLC:DF_LAWS(1.0),interkantonale_vereinbarung,_T,_T,1973,40
SLC:DF_LAWS(1.0),reglement,_T,_T,1973,19
SLC:DF_LAWS(1.0),staatsvertrag,_T,_T,1973,2
SLC:DF_LAWS(1.0),verordnung,_T,_T,1973,38
SLC:DF_LAWS(1.0),_T,AG,_T,1973,7
SLC:DF_LAWS(1.0),_T,AI,_T,1973,6
SLC:DF_LAWS(1.0),_T,AR,_T,1973,6
SLC:DF_LAWS(1.0),_T,BE,_T,1973,8
SLC:DF_LAWS(1.0),_T,BL,_T,1973,7
SLC:DF_LAWS(1.0),_T,BS,_T,1973,19
SLC:DF_LAWS(1.0),_T,FR,_T,1973,13
SLC:DF_LAWS(1.0),_T,GE,_T,1973,15
SLC:DF_LAWS(1.0),_T,GL,_T,1973,10
SLC:DF_LAWS(1.0),_T,GR,_T,1973,2
SLC:DF_LAWS(1.0),_T,LU,_T,1973,11
SLC:DF_LAWS(1.0),_T,NE,_T,1973,13
SLC:DF_LAWS(1.0),_T,NW,_T,1973,4
SLC:DF_LAWS(1.0),_T,OW,_T,1973,18
SLC:DF_LAWS(1.0),_T,SG,_T,1973,8
SLC:DF_LAWS(1.0),_T,SH,_T,1973,4
SLC:DF_LAWS(1.0),_T,SO,_T,1973,17
SLC:DF_LAWS(1.0),_T,SZ,_T,1973,6
SLC:DF_LAWS(1.0),_T,TG,_T,1973,3
SLC:DF_LAWS(1.0),_T,TI,_T,1973,5
SLC:DF_LAWS(1.0),_T,UR,_T,1973,4
SLC:DF_LAWS(1.0),_T,VD,_T,1973,11
SLC:DF_LAWS(1.0),_T,VS,_T,1973,4
SLC:DF_LAWS(1.0),_T,ZG,_T,1973,5
SLC:DF_LAWS(1.0),_T,ZH,_T,1973,3
SLC:DF_LAWS(1.0),_T,_T,autres,1973,18
SLC:DF_LAWS(1.0),_T,_T,eco,1973,7
SLC:DF_LAWS(1.0),_T,_T,educ,1973,46
SLC:DF_LAWS(1.0),_T,_T,etat,1973,34
SLC:DF_LAWS(1.0),_T,_T,fin,1973,45
SLC:DF_LAWS(1.0),_T,_T,infra,1973,33
SLC:DF_LAWS(1.0),_T,_T,sante,1973,26
SLC:DF_LAWS(1.0),_T,_T,_T,1973,209
SLC:DF_LAWS(1.0),anderes,AG,infra,1974,1
SLC:DF_LAWS(1.0),anderes,BL,sante,1974,1
SLC:DF_LAWS(1.0),anderes,BS,educ,1974,1
SLC:DF_LAWS(1.0),anderes,BS,etat,1974,1
SLC:DF_LAWS(1.0),anderes,BS,sante,1974,1
SLC:DF_LAWS(1.0),anderes,FR,autres,1974,1
SLC:DF_LAWS(1.0),anderes,FR,educ,1974,1
SLC:DF_LAWS(1.0),anderes,FR,etat,1974,2
SLC:DF_LAWS(1.0),anderes,GL,eco,1974,1
SLC:DF_LAWS(1.0),anderes,GL,fin,1974,1
SLC:DF_LAWS(1.0),anderes,GL,infra,1974,1
SLC:DF_LAWS(1.0),anderes,GR,autres,1974,1
SLC:DF_LAWS(1.0),anderes,NE,eco,1974,2
SLC:DF_LAWS(1.0),anderes,NE,etat,1974,1
SLC:DF_LAWS(1.0),anderes,NE,sante,1974,1
SLC:DF_LAWS(1.0),anderes,SG,eco,1974,1
SLC:DF_LAWS(1.0),anderes,SG,etat,1974,2
SLC:DF_LAWS(1.0),anderes,SH,educ,1974,1
SLC:DF_LAWS(1.0),anderes,SH,sante,1974,1
SLC:DF_LAWS(1.0),anderes,SO,autres,1974,1
SLC:DF_LAWS(1.0),anderes,SO,educ,1974,1
SLC:DF_LAWS(1.0),anderes,SO,etat,1974,1
SLC:DF_LAWS(1.0),anderes,SZ,educ,1974,3
SLC:DF_LAWS(1.0),anderes,TI,sante,1974,1
SLC:DF_LAWS(1.0),anderes,UR,infra,1974,1
SLC:DF_LAWS(1.0),anderes,VD,etat,1974,1
SLC:DF_LAWS(1.0),anderes,VD,infra,1974,1
SLC:DF_LAWS(1.0),anderes,ZH,autres,1974,1
SLC:DF_LAWS(1.0),anderes,ZH,sante,1974,1
SLC:DF_LAWS(1.0),dekret,AG,etat,1974,1
SLC:DF_LAWS(1.0),dekret,AI,eco,1974,1
SLC:DF_LAWS(1.0),dekret,AI,fin,1974,1
SLC:DF_LAWS(1.0),dekret,BE,sante,1974,1
SLC:DF_LAWS(1.0),dekret,BL,fin,1974,2
SLC:DF_LAWS(1.0),dekret,FR,etat,1974,2
SLC:DF_LAWS(1.0),dekret,GL,educ,1974,1
SLC:DF_LAWS(1.0),dekret,GL,fin,1974,1
SLC:DF_LAWS(1.0),dekret,GR,autres,1974,2
SLC:DF_LAWS(1.0),dekret,GR,fin,1974,1
SLC:DF_LAWS(1.0),dekret,LU,infra,1974,1
SLC:DF_LAWS(1.0),dekret,NW,etat,1974,1
SLC:DF_LAWS(1.0),dekret,OW,etat,1974,1
SLC:DF_LAWS(1.0),dekret,OW,fin,1974,1
SLC:DF_LAWS(1.0),dekret,SG,fin,1974,1
SLC:DF_LAWS(1.0),dekret,SG,sante,1974,1
SLC:DF_LAWS(1.0),dekret,SZ,autres,1974,1
SLC:DF_LAWS(1.0),dekret,SZ,fin,1974,1
SLC:DF_LAWS(1.0),dekret,SZ,sante,1974,1
SLC:DF_LAWS(1.0),dekret,TI,fin,1974,1
SLC:DF_LAWS(1.0),dekret,UR,etat,1974,1
SLC:DF_LAWS(1.0),dekret,VD,infra,1974,1
SLC:DF_LAWS(1.0),dekret,ZG,autres,1974,1
SLC:DF_LAWS(1.0),dekret,ZG,educ,1974,2
SLC:DF_LAWS(1.0),gemeindeerlass,BS,infra,1974,2
SLC:DF_LAWS(1.0),gesetz,AR,sante,1974,1
SLC:DF_LAWS(1.0),gesetz,BE,fin,1974,1
SLC:DF_LAWS(1.0),gesetz,BL,fin,1974,1
SLC:DF_LAWS(1.0),gesetz,BS,infra,1974,1
SLC:DF_LAWS(1.0),gesetz,FR,infra,1974,1
SLC:DF_LAWS(1.0),gesetz,GE,fin,1974,1
SLC:DF_LAWS(1.0),gesetz,GL,infra,1974,1
SLC:DF_LAWS(1.0),gesetz,GL,sante,1974,1
SLC:DF_LAWS(1.0),gesetz,GR,etat,1974,1
SLC:DF_LAWS(1.0),gesetz,GR,infra,1974,1
SLC:DF_LAWS(1.0),gesetz,LU,fin,1974,1
SLC:DF_LAWS(1.0),gesetz,NE,autres,1974,1
SLC:DF_LAWS(1.0),gesetz,NW,eco,1974,1
SLC:DF_LAWS(1.0),gesetz,NW,etat,1974,3
SLC:DF_LAWS(1.0),gesetz,NW,fin,1974,1
SLC:DF_LAWS(1.0),gesetz,OW,etat,1974,1
SLC:DF_LAWS(1.0),gesetz,SG,educ,1974,2
SLC:DF_LAWS(1.0),gesetz,SG,etat,1974,1
SLC:DF_LAWS(1.0),gesetz,SG,fin,1974,1
SLC:DF_LAWS(1.0),gesetz,SG,infra,1974,1
SLC:DF_LAWS(1.0),gesetz,SH,autres,1974,1
SLC:DF_LAWS(1.0),gesetz,SH,fin,1974,1
SLC:DF_LAWS(1.0),gesetz,SO,fin,1974,1
SLC:DF_LAWS(1.0),gesetz,SZ,etat,1974,1
SLC:DF_LAWS(1.0),gesetz,SZ,sante,1974,3
SLC:DF_LAWS(1.0),gesetz,TG,fin,1974,1
SLC:DF_LAWS(1.0),gesetz,TI,autres,1974,1
SLC:DF_LAWS(1.0),gesetz,TI,educ,1974,1
SLC:DF_LAWS(1.0),gesetz,TI,etat,1974,1
SLC:DF_LAWS(1.0),gesetz,VD,infra,1974,4
SLC:DF_LAWS(1.0),gesetz,VS,educ,1974,3
SLC:DF_LAWS(1.0),gesetz,ZH,autres,1974,1
SLC:DF_LAWS(1.0),gesetz,ZH,infra,1974,2
SLC:DF_LAWS(1.0),interkantonale_vereinbarung,AI,autres,1974,1
SLC:DF_LAWS(1.0),interkantonale_vereinbarung,AR,autres,1974,2
SLC:DF_LAWS(1.0),interkantonale_vereinbarung,BL,autres,1974,1
SLC:DF_LAWS(1.0),interkantonale_vereinbarung,BL,eco,1974,1
SLC:DF_LAWS(1.0),interkantonale_vereinbarung,BL,infra,1974,3
SLC:DF_LAWS(1.0),interkantonale_vereinbarung,BL,sante,1974,3
SLC:DF_LAWS(1.0),interkantonale_vereinbarung,BS,etat,1974,1
SLC:DF_LAWS(1.0),interkantonale_vereinbarung,BS,infra,1974,3
SLC:DF_LAWS(1.0),interkantonale_vereinbarung,BS,sante,1974,2
SLC:DF_LAWS(1.0),interkantonale_vereinbarung,FR,autres,1974,1
SLC:DF_LAWS(1.0),interkantonale_vereinbarung,FR,eco,1974,1
SLC:DF_LAWS(1.0),interkantonale_vereinbarung,GE,autres,1974,1
SLC:DF_LAWS(1.0),interkantonale_vereinbarung,GR,autres,1974,1
SLC:DF_LAWS(1.0),interkantonale_vereinbarung,GR,eco,1974,1
SLC:DF_LAWS(1.0),interkantonale_vereinbarung,JU,eco,1974,1
SLC:DF_LAWS(1.0),interkantonale_vereinbarung,LU,autres,1974,1
SLC:DF_LAWS(1.0),interkantonale_vereinbarung,NE,autres,1974,1
SLC:DF_LAWS(1.0),interkantonale_vereinbarung,NE,educ,1974,1
SLC:DF_LAWS(1.0),interkantonale_vereinbarung,NW,autres,1974,2
SLC:DF_LAWS(1.0),interkantonale_vereinbarung,NW,eco,1974,1
SLC:DF_LAWS(1.0),interkantonale_vereinbarung,NW,sante,1974,1
SLC:DF_LAWS(1.0),interkantonale_vereinbarung,OW,autres,1974,1
SLC:DF_LAWS(1.0),interkantonale_vereinbarung,SG,infra,1974,4
SLC:DF_LAWS(1.0),interkantonale_vereinbarung,SH,autres,1974,1
SLC:DF_LAWS(1.0),interkantonale_vereinbarung,SH,eco,1974,1
SLC:DF_LAWS(1.0),interkantonale_vereinbarung,SO,autres,1974,1
SLC:DF_LAWS(1.0),interkantonale_vereinbarung,SO,eco,1974,1
SLC:DF_LAWS(1.0),interkantonale_vereinbarung,SZ,eco,1974,1
SLC:DF_LAWS(1.0),interkantonale_vereinbarung,TG,eco,1974,1
SLC:DF_LAWS(1.0),interkantonale_vereinbarung,TG,etat,1974,1
SLC:DF_LAWS(1.0),interkantonale_vereinbarung,TG,infra,1974,1
SLC:DF_LAWS(1.0),interkantonale_vereinbarung,TG,sante,1974,2
SLC:DF_LAWS(1.0),interkantonale_vereinbarung,TI,autres,1974,1
SLC:DF_LAWS(1.0),interkantonale_vereinbarung,UR,autres,1974,1
SLC:DF_LAWS(1.0),interkantonale_vereinbarung,UR,educ,1974,1
SLC:DF_LAWS(1.0),interkantonale_vereinbarung,ZH,etat,1974,1
SLC:DF_LAWS(1.0),interkantonale_vereinbarung,ZH,fin,1974,1
SLC:DF_LAWS(1.0),interkantonale_vereinbarung,ZH,sante,1974,1
SLC:DF_LAWS(1.0),reglement,FR,educ,1974,1
SLC:DF_LAWS(1.0),reglement,GE,eco,1974,1
SLC:DF_LAWS(1.0),reglement,GE,educ,1974,1
SLC:DF_LAWS(1.0),reglement,GE,etat,1974,3
SLC:DF_LAWS(1.0),reglement,GR,educ,1974,2
SLC:DF_LAWS(1.0),reglement,LU,infra,1974,2
SLC:DF_LAWS(1.0),reglement,SG,educ,1974,1
SLC:DF_LAWS(1.0),reglement,SO,educ,1974,1
SLC:DF_LAWS(1.0),reglement,SZ,sante,1974,1
SLC:DF_LAWS(1.0),reglement,TI,autres,1974,1
SLC:DF_LAWS(1.0),reglement,TI,educ,1974,1
SLC:DF_LAWS(1.0),reglement,TI,infra,1974,2
SLC:DF_LAWS(1.0),reglement,VD,infra,1974,1
SLC:DF_LAWS(1.0),reglement,VD,sante,1974,1
SLC:DF_LAWS(1.0),reglement,ZH,etat,1974,1
SLC:DF_LAWS(1.0),verordnung,BE,sante,1974,2
SLC:DF_LAWS(1.0),verordnung,BL,educ,1974,1
SLC:DF_LAWS(1.0),verordnung,BL,etat,1974,1
SLC:DF_LAWS(1.0),verordnung,BL,fin,1974,1
SLC:DF_LAWS(1.0),verordnung,BS,etat,1974,2
SLC:DF_LAWS(1.0),verordnung,BS,infra,1974,3
SLC:DF_LAWS(1.0),verordnung,GL,educ,1974,1
SLC:DF_LAWS(1.0),verordnung,GL,etat,1974,1
SLC:DF_LAWS(1.0),verordnung,GR,autres,1974,2
SLC:DF_LAWS(1.0),verordnung,GR,educ,1974,2
SLC:DF_LAWS(1.0),verordnung,GR,etat,1974,1
SLC:DF_LAWS(1.0),verordnung,GR,sante,1974,1
SLC:DF_LAWS(1.0),verordnung,JU,eco,1974,1
SLC:DF_LAWS(1.0),verordnung,JU,sante,1974,1
SLC:DF_LAWS(1.0),verordnung,LU,infra,1974,2
SLC:DF_LAWS(1.0),verordnung,NW,infra,1974,1
SLC:DF_LAWS(1.0),verordnung,SG,educ,1974,1
SLC:DF_LAWS(1.0),verordnung,SG,etat,1974,1
SLC:DF_LAWS(1.0),verordnung,SG,fin,1974,1
SLC:DF_LAWS(1.0),verordnung,SG,infra,1974,3
SLC:DF_LAWS(1.0),verordnung,SH,etat,1974,1
SLC:DF_LAWS(1.0),verordnung,SO,educ,1974,2
SLC:DF_LAWS(1.0),verordnung,SO,etat,1974,2
SLC:DF_LAWS(1.0),verordnung,SO,infra,1974,1
SLC:DF_LAWS(1.0),verordnung,SZ,educ,1974,1
SLC:DF_LAWS(1.0),verordnung,SZ,fin,1974,1
SLC:DF_LAWS(1.0),verordnung,SZ,infra,1974,1
SLC:DF_LAWS(1.0),verordnung,TG,infra,1974,1
SLC:DF_LAWS(1.0),verordnung,TG,sante,1974,1
SLC:DF_LAWS(1.0),verordnung,TI,infra,1974,1
SLC:DF_LAWS(1.0),verordnung,VS,educ,1974,1
SLC:DF_LAWS(1.0),verordnung,VS,sante,1974,1
SLC:DF_LAWS(1.0),verordnung,ZG,etat,1974,1
SLC:DF_LAWS(1.0),verordnung,ZH,etat,1974,1
SLC:DF_LAWS(1.0),anderes,_T,_T,1974,34
SLC:DF_LAWS(1.0),dekret,_T,_T,1974,28
SLC:DF_LAWS(1.0),gemeindeerlass,_T,_T,1974,2
SLC:DF_LAWS(1.0),gesetz,_T,_T,1974,44
SLC:DF_LAWS(1.0),interkantonale_vereinbarung,_T,_T,1974,51
SLC:DF_LAWS(1.0),reglement,_T,_T,1974,20
SLC:DF_LAWS(1.0),verordnung,_T,_T,1974,45
SLC:DF_LAWS(1.0),_T,AG,_T,1974,2
SLC:DF_LAWS(1.0),_T,AI,_T,1974,3
SLC:DF_LAWS(1.0),_T,AR,_T,1974,3
SLC:DF_LAWS(1.0),_T,BE,_T,1974,4
SLC:DF_LAWS(1.0),_T,BL,_T,1974,15
SLC:DF_LAWS(1.0),_T,BS,_T,1974,17
SLC:DF_LAWS(1.0),_T,FR,_T,1974,10
SLC:DF_LAWS(1.0),_T,GE,_T,1974,7
SLC:DF_LAWS(1.0),_T,GL,_T,1974,9
SLC:DF_LAWS(1.0),_T,GR,_T,1974,16
SLC:DF_LAWS(1.0),_T,JU,_T,1974,3
SLC:DF_LAWS(1.0),_T,LU,_T,1974,7
SLC:DF_LAWS(1.0),_T,NE,_T,1974,7
SLC:DF_LAWS(1.0),_T,NW,_T,1974,11
SLC:DF_LAWS(1.0),_T,OW,_T,1974,4
SLC:DF_LAWS(1.0),_T,SG,_T,1974,21
SLC:DF_LAWS(1.0),_T,SH,_T,1974,7
SLC:DF_LAWS(1.0),_T,SO,_T,1974,12
SLC:DF_LAWS(1.0),_T,SZ,_T,1974,15
SLC:DF_LAWS(1.0),_T,TG,_T,1974,8
SLC:DF_LAWS(1.0),_T,TI,_T,1974,11
SLC:DF_LAWS(1.0),_T,UR,_T,1974,4
SLC:DF_LAWS(1.0),_T,VD,_T,1974,9
SLC:DF_LAWS(1.0),_T,VS,_T,1974,5
SLC:DF_LAWS(1.0),_T,ZG,_T,1974,4
SLC:DF_LAWS(1.0),_T,ZH,_T,1974,10
SLC:DF_LAWS(1.0),_T,_T,autres,1974,31
SLC:DF_LAWS(1.0),_T,_T,eco,1974,17
SLC:DF_LAWS(1.0),_T,_T,educ,1974,34
SLC:DF_LAWS(1.0),_T,_T,etat,1974,40
SLC:DF_LAWS(1.0),_T,_T,fin,1974,23
SLC:DF_LAWS(1.0),_T,_T,infra,1974,48
SLC:DF_LAWS(1.0),_T,_T,sante,1974,31
SLC:DF_LAWS(1.0),_T,_T,_T,1974,224
SLC:DF_LAWS(1.0),anderes,AG,eco,1975,1
SLC:DF_LAWS(1.0),anderes,BL,fin,1975,1
SLC:DF_LAWS(1.0),anderes,BS,educ,1975,1
SLC:DF_LAWS(1.0),anderes,BS,infra,1975,2
SLC:DF_LAWS(1.0),anderes,FR,sante,1975,1
SLC:DF_LAWS(1.0),anderes,GL,eco,1975,1
SLC:DF_LAWS(1.0),anderes,GL,etat,1975,1
SLC:DF_LAWS(1.0),anderes,GR,eco,1975,1
SLC:DF_LAWS(1.0),anderes,GR,infra,1975,1
SLC:DF_LAWS(1.0),anderes,LU,sante,1975,1
SLC:DF_LAWS(1.0),anderes,NE,educ,1975,1
SLC:DF_LAWS(1.0),anderes,NE,etat,1975,1
SLC:DF_LAWS(1.0),anderes,NE,infra,1975,1
SLC:DF_LAWS(1.0),anderes,NE,sante,1975,1
SLC:DF_LAWS(1.0),anderes,NW,etat,1975,1
SLC:DF_LAWS(1.0),anderes,SH,sante,1975,1
SLC:DF_LAWS(1.0),anderes,SO,educ,1975,7
SLC:DF_LAWS(1.0),anderes,SO,etat,1975,1
SLC:DF_LAWS(1.0),anderes,SO,infra,1975,4
SLC:DF_LAWS(1.0),anderes,SO,sante,1975,1
SLC:DF_LAWS(1.0),anderes,SZ,autres,1975,1
SLC:DF_LAWS(1.0),anderes,SZ,educ,1975,3
SLC:DF_LAWS(1.0),anderes,SZ,etat,1975,2
SLC:DF_LAWS(1.0),anderes,VD,etat,1975,1
SLC:DF_LAWS(1.0),anderes,ZG,educ,1975,1
SLC:DF_LAWS(1.0),anderes,ZG,fin,1975,1
SLC:DF_LAWS(1.0),anderes,ZG,sante,1975,1
SLC:DF_LAWS(1.0),anderes,ZH,etat,1975,1
SLC:DF_LAWS(1.0),dekret,AG,etat,1975,2
SLC:DF_LAWS(1.0),dekret,AG,infra,1975,2
SLC:DF_LAWS(1.0),dekret,AR,infra,1975,1
SLC:DF_LAWS(1.0),dekret,BE,educ,1975,2
SLC:DF_LAWS(1.0),dekret,BL,eco,1975,1
SLC:DF_LAWS(1.0),dekret,BS,fin,1975,1
SLC:DF_LAWS(1.0),dekret,FR,etat,1975,1
SLC:DF_LAWS(1.0),dekret,GL,etat,1975,1
SLC:DF_LAWS(1.0),dekret,GR,etat,1975,1
SLC:DF_LAWS(1.0),dekret,NE,autres,1975,2
SLC:DF_LAWS(1.0),dekret,NW,educ,1975,1
SLC:DF_LAWS(1.0),dekret,NW,infra,1975,1
SLC:DF_LAWS(1.0),dekret,SG,educ,1975,1
SLC:DF_LAWS(1.0),dekret,SG,fin,1975,1
SLC:DF_LAWS(1.0),dekret,SG,infra,1975,2
SLC:DF_LAWS(1.0),dekret,SZ,autres,1975,1
SLC:DF_LAWS(1.0),dekret,SZ,infra,1975,1
SLC:DF_LAWS(1.0),dekret,ZH,etat,1975,1
SLC:DF_LAWS(1.0),dekret,ZH,infra,1975,1
SLC:DF_LAWS(1.0),gemeindeerlass,BS,etat,1975,2
SLC:DF_LAWS(1.0),gemeindeerlass,BS,infra,1975,1
SLC:DF_LAWS(1.0),gesetz,AG,infra,1975,1
SLC:DF_LAWS(1.0),gesetz,BE,educ,1975,1
SLC:DF_LAWS(1.0),gesetz,BE,sante,1975,1
SLC:DF_LAWS(1.0),gesetz,BS,etat,1975,1
SLC:DF_LAWS(1.0),gesetz,BS,sante,1975,1
SLC:DF_LAWS(1.0),gesetz,FR,etat,1975,1
SLC:DF_LAWS(1.0),gesetz,FR,infra,1975,1
SLC:DF_LAWS(1.0),gesetz,GE,autres,1975,2
SLC:DF_LAWS(1.0),gesetz,GE,eco,1975,1
SLC:DF_LAWS(1.0),gesetz,GE,infra,1975,1
SLC:DF_LAWS(1.0),gesetz,GR,etat,1975,1
SLC:DF_LAWS(1.0),gesetz,NW,infra,1975,1
SLC:DF_LAWS(1.0),gesetz,OW,sante,1975,1
SLC:DF_LAWS(1.0),gesetz,TG,infra,1975,1
SLC:DF_LAWS(1.0),gesetz,TI,infra,1975,1
SLC:DF_LAWS(1.0),gesetz,VD,educ,1975,1
SLC:DF_LAWS(1.0),gesetz,VD,etat,1975,1
SLC:DF_LAWS(1.0),gesetz,VD,sante,1975,1
SLC:DF_LAWS(1.0),gesetz,ZG,fin,1975,1
SLC:DF_LAWS(1.0),gesetz,ZH,etat,1975,1
SLC:DF_LAWS(1.0),gesetz,ZH,infra,1975,1
SLC:DF_LAWS(1.0),gesetz,ZH,sante,1975,1
SLC:DF_LAWS(1.0),interkantonale_vereinbarung,AG,autres,1975,1
SLC:DF_LAWS(1.0),interkantonale_vereinbarung,AG,fin,1975,1
SLC:DF_LAWS(1.0),interkantonale_vereinbarung,BE,autres,1975,1
SLC:DF_LAWS(1.0),interkantonale_vereinbarung,BL,infra,1975,1
SLC:DF_LAWS(1.0),interkantonale_vereinbarung,BL,sante,1975,2
SLC:DF_LAWS(1.0),interkantonale_vereinbarung,BS,infra,1975,2
SLC:DF_LAWS(1.0),interkantonale_vereinbarung,BS,sante,1975,2
SLC:DF_LAWS(1.0),interkantonale_vereinbarung,FR,infra,1975,1
SLC:DF_LAWS(1.0),interkantonale_vereinbarung,FR,sante,1975,1
SLC:DF_LAWS(1.0),interkantonale_vereinbarung,GR,educ,1975,1
SLC:DF_LAWS(1.0),interkantonale_vereinbarung,NE,autres,1975,1
SLC:DF_LAWS(1.0),interkantonale_vereinbarung,SG,educ,1975,2
SLC:DF_LAWS(1.0),interkantonale_vereinbarung,SG,etat,1975,1
SLC:DF_LAWS(1.0),interkantonale_vereinbarung,SG,fin,1975,2
SLC:DF_LAWS(1.0),interkantonale_vereinbarung,SG,infra,1975,1
SLC:DF_LAWS(1.0),interkantonale_vereinbarung,SO,infra,1975,1
SLC:DF_LAWS(1.0),interkantonale_vereinbarung,SZ,autres,1975,1
SLC:DF_LAWS(1.0),interkantonale_vereinbarung,TG,sante,1975,1
SLC:DF_LAWS(1.0),interkantonale_vereinbarung,VD,autres,1975,1
SLC:DF_LAWS(1.0),interkantonale_vereinbarung,VD,eco,1975,1
SLC:DF_LAWS(1.0),interkantonale_vereinbarung,ZH,infra,1975,1
SLC:DF_LAWS(1.0),reglement,BS,etat,1975,1
SLC:DF_LAWS(1.0),reglement,GE,autres,1975,1
SLC:DF_LAWS(1.0),reglement,GE,eco,1975,1
SLC:DF_LAWS(1.0),reglement,GE,etat,1975,2
SLC:DF_LAWS(1.0),reglement,GE,infra,1975,1
SLC:DF_LAWS(1.0),reglement,GR,infra,1975,1
SLC:DF_LAWS(1.0),reglement,LU,sante,1975,1
SLC:DF_LAWS(1.0),reglement,NW,etat,1975,1
SLC:DF_LAWS(1.0),reglement,TG,eco,1975,1
SLC:DF_LAWS(1.0),reglement,TI,etat,1975,1
SLC:DF_LAWS(1.0),reglement,TI,fin,1975,1
SLC:DF_LAWS(1.0),reglement,TI,infra,1975,1
SLC:DF_LAWS(1.0),reglement,TI,sante,1975,1
SLC:DF_LAWS(1.0),reglement,VD,educ,1975,1
SLC:DF_LAWS(1.0),reglement,VD,etat,1975,1
SLC:DF_LAWS(1.0),reglement,VD,infra,1975,1
SLC:DF_LAWS(1.0),reglement,VD,sante,1975,1
SLC:DF_LAWS(1.0),reglement,VS,autres,1975,1
SLC:DF_LAWS(1.0),reglement,VS,educ,1975,2
SLC:DF_LAWS(1.0),reglement,VS,infra,1975,1
SLC:DF_LAWS(1.0),reglement,ZH,educ,1975,1
SLC:DF_LAWS(1.0),staatsvertrag,GR,fin,1975,1
SLC:DF_LAWS(1.0),verordnung,AG,educ,1975,1
SLC:DF_LAWS(1.0),verordnung,AG,infra,1975,1
SLC:DF_LAWS(1.0),verordnung,AI,autres,1975,1
SLC:DF_LAWS(1.0),verordnung,BE,educ,1975,4
SLC:DF_LAWS(1.0),verordnung,BE,sante,1975,1
SLC:DF_LAWS(1.0),verordnung,BL,eco,1975,1
SLC:DF_LAWS(1.0),verordnung,BL,fin,1975,1
SLC:DF_LAWS(1.0),verordnung,BL,sante,1975,1
SLC:DF_LAWS(1.0),verordnung,BS,eco,1975,1
SLC:DF_LAWS(1.0),verordnung,BS,educ,1975,3
SLC:DF_LAWS(1.0),verordnung,BS,etat,1975,1
SLC:DF_LAWS(1.0),verordnung,BS,sante,1975,1
SLC:DF_LAWS(1.0),verordnung,FR,autres,1975,1
SLC:DF_LAWS(1.0),verordnung,GL,eco,1975,2
SLC:DF_LAWS(1.0),verordnung,GR,educ,1975,1
SLC:DF_LAWS(1.0),verordnung,GR,infra,1975,1
SLC:DF_LAWS(1.0),verordnung,GR,sante,1975,1
SLC:DF_LAWS(1.0),verordnung,LU,autres,1975,3
SLC:DF_LAWS(1.0),verordnung,LU,etat,1975,1
SLC:DF_LAWS(1.0),verordnung,NE,infra,1975,19
SLC:DF_LAWS(1.0),verordnung,NW,infra,1975,1
SLC:DF_LAWS(1.0),verordnung,OW,etat,1975,1
SLC:DF_LAWS(1.0),verordnung,OW,infra,1975,1
SLC:DF_LAWS(1.0),verordnung,SG,etat,1975,1
SLC:DF_LAWS(1.0),verordnung,SG,infra,1975,4
SLC:DF_LAWS(1.0),verordnung,SG,sante,1975,1
SLC:DF_LAWS(1.0),verordnung,SZ,eco,1975,1
SLC:DF_LAWS(1.0),verordnung,SZ,educ,1975,1
SLC:DF_LAWS(1.0),verordnung,SZ,etat,1975,1
SLC:DF_LAWS(1.0),verordnung,TG,infra,1975,1
SLC:DF_LAWS(1.0),verordnung,ZG,autres,1975,1
SLC:DF_LAWS(1.0),verordnung,ZH,autres,1975,1
SLC:DF_LAWS(1.0),verordnung,ZH,etat,1975,1
SLC:DF_LAWS(1.0),verordnung,ZH,infra,1975,2
SLC:DF_LAWS(1.0),verordnung,ZH,sante,1975,1
SLC:DF_LAWS(1.0),anderes,_T,_T,1975,41
SLC:DF_LAWS(1.0),dekret,_T,_T,1975,24
SLC:DF_LAWS(1.0),gemeindeerlass,_T,_T,1975,3
SLC:DF_LAWS(1.0),gesetz,_T,_T,1975,23
SLC:DF_LAWS(1.0),interkantonale_vereinbarung,_T,_T,1975,26
SLC:DF_LAWS(1.0),reglement,_T,_T,1975,23
SLC:DF_LAWS(1.0),staatsvertrag,_T,_T,1975,1
SLC:DF_LAWS(1.0),verordnung,_T,_T,1975,65
SLC:DF_LAWS(1.0),_T,AG,_T,1975,10
SLC:DF_LAWS(1.0),_T,AI,_T,1975,1
SLC:DF_LAWS(1.0),_T,AR,_T,1975,1
SLC:DF_LAWS(1.0),_T,BE,_T,1975,10
SLC:DF_LAWS(1.0),_T,BL,_T,1975,8
SLC:DF_LAWS(1.0),_T,BS,_T,1975,20
SLC:DF_LAWS(1.0),_T,FR,_T,1975,7
SLC:DF_LAWS(1.0),_T,GE,_T,1975,9
SLC:DF_LAWS(1.0),_T,GL,_T,1975,5
SLC:DF_LAWS(1.0),_T,GR,_T,1975,10
SLC:DF_LAWS(1.0),_T,LU,_T,1975,6
SLC:DF_LAWS(1.0),_T,NE,_T,1975,26
SLC:DF_LAWS(1.0),_T,NW,_T,1975,6
SLC:DF_LAWS(1.0),_T,OW,_T,1975,3
SLC:DF_LAWS(1.0),_T,SG,_T,1975,16
SLC:DF_LAWS(1.0),_T,SH,_T,1975,1
SLC:DF_LAWS(1.0),_T,SO,_T,1975,14
SLC:DF_LAWS(1.0),_T,SZ,_T,1975,12
SLC:DF_LAWS(1.0),_T,TG,_T,1975,4
SLC:DF_LAWS(1.0),_T,TI,_T,1975,5
SLC:DF_LAWS(1.0),_T,VD,_T,1975,10
SLC:DF_LAWS(1.0),_T,VS,_T,1975,4
SLC:DF_LAWS(1.0),_T,ZG,_T,1975,5
SLC:DF_LAWS(1.0),_T,ZH,_T,1975,13
SLC:DF_LAWS(1.0),_T,_T,autres,1975,20
SLC:DF_LAWS(1.0),_T,_T,eco,1975,13
SLC:DF_LAWS(1.0),_T,_T,educ,1975,36
SLC:DF_LAWS(1.0),_T,_T,etat,1975,34
SLC:DF_LAWS(1.0),_T,_T,fin,1975,11
SLC:DF_LAWS(1.0),_T,_T,infra,1975,66
SLC:DF_LAWS(1.0),_T,_T,sante,1975,26
SLC:DF_LAWS(1.0),_T,_T,_T,1975,206
SLC:DF_LAWS(1.0),anderes,AR,infra,1976,1
SLC:DF_LAWS(1.0),anderes,BL,etat,1976,2
SLC:DF_LAWS(1.0),anderes,BL,sante,1976,1
SLC:DF_LAWS(1.0),anderes,GL,autres,1976,1
SLC:DF_LAWS(1.0),anderes,GL,educ,1976,1
SLC:DF_LAWS(1.0),anderes,GL,etat,1976,1
SLC:DF_LAWS(1.0),anderes,GL,infra,1976,1
SLC:DF_LAWS(1.0),anderes,GR,educ,1976,1
SLC:DF_LAWS(1.0),anderes,NE,eco,1976,4
SLC:DF_LAWS(1.0),anderes,NE,etat,1976,1
SLC:DF_LAWS(1.0),anderes,NE,sante,1976,2
SLC:DF_LAWS(1.0),anderes,SG,educ,1976,2
SLC:DF_LAWS(1.0),anderes,SG,etat,1976,1
SLC:DF_LAWS(1.0),anderes,SH,etat,1976,1
SLC:DF_LAWS(1.0),anderes,SH,sante,1976,1
SLC:DF_LAWS(1.0),anderes,SO,eco,1976,1
SLC:DF_LAWS(1.0),anderes,SO,educ,1976,5
SLC:DF_LAWS(1.0),anderes,SO,etat,1976,2
SLC:DF_LAWS(1.0),anderes,SZ,educ,1976,3
SLC:DF_LAWS(1.0),anderes,TI,etat,1976,1
SLC:DF_LAWS(1.0),anderes,UR,educ,1976,1
SLC:DF_LAWS(1.0),anderes,VD,eco,1976,1
SLC:DF_LAWS(1.0),anderes,VD,educ,1976,1
SLC:DF_LAWS(1.0),anderes,VD,fin,1976,1
SLC:DF_LAWS(1.0),anderes,VD,infra,1976,1
SLC:DF_LAWS(1.0),anderes,VS,fin,1976,1
SLC:DF_LAWS(1.0),anderes,VS,infra,1976,1
SLC:DF_LAWS(1.0),anderes,ZG,educ,1976,4
SLC:DF_LAWS(1.0),anderes,ZH,educ,1976,1
SLC:DF_LAWS(1.0),anderes,ZH,infra,1976,1
SLC:DF_LAWS(1.0),dekret,AG,etat,1976,1
SLC:DF_LAWS(1.0),dekret,AI,autres,1976,2
SLC:DF_LAWS(1.0),dekret,AI,etat,1976,1
SLC:DF_LAWS(1.0),dekret,AR,sante,1976,1
SLC:DF_LAWS(1.0),dekret,BS,infra,1976,1
SLC:DF_LAWS(1.0),dekret,FR,etat,1976,2
SLC:DF_LAWS(1.0),dekret,FR,infra,1976,1
SLC:DF_LAWS(1.0),dekret,GR,educ,1976,1
SLC:DF_LAWS(1.0),dekret,GR,sante,1976,1
SLC:DF_LAWS(1.0),dekret,LU,autres,1976,2
SLC:DF_LAWS(1.0),dekret,NE,sante,1976,2
SLC:DF_LAWS(1.0),dekret,NW,sante,1976,1
SLC:DF_LAWS(1.0),dekret,OW,autres,1976,1
SLC:DF_LAWS(1.0),dekret,OW,infra,1976,1
SLC:DF_LAWS(1.0),dekret,SG,eco,1976,1
SLC:DF_LAWS(1.0),dekret,SG,etat,1976,1
SLC:DF_LAWS(1.0),dekret,SG,sante,1976,1
SLC:DF_LAWS(1.0),dekret,SH,fin,1976,1
SLC:DF_LAWS(1.0),dekret,TG,etat,1976,1
SLC:DF_LAWS(1.0),dekret,TG,sante,1976,1
SLC:DF_LAWS(1.0),dekret,UR,infra,1976,1
SLC:DF_LAWS(1.0),dekret,ZG,etat,1976,1
SLC:DF_LAWS(1.0),dekret,ZG,fin,1976,1
SLC:DF_LAWS(1.0),gesetz,AR,eco,1976,1
SLC:DF_LAWS(1.0),gesetz,BL,sante,1976,1
SLC:DF_LAWS(1.0),gesetz,BS,etat,1976,1
SLC:DF_LAWS(1.0),gesetz,BS,sante,1976,1
SLC:DF_LAWS(1.0),gesetz,FR,educ,1976,1
SLC:DF_LAWS(1.0),gesetz,GE,etat,1976,1
SLC:DF_LAWS(1.0),gesetz,GE,infra,1976,1
SLC:DF_LAWS(1.0),gesetz,GR,educ,1976,1
SLC:DF_LAWS(1.0),gesetz,LU,autres,1976,1
SLC:DF_LAWS(1.0),gesetz,LU,etat,1976,3
SLC:DF_LAWS(1.0),gesetz,LU,sante,1976,1
SLC:DF_LAWS(1.0),gesetz,NW,sante,1976,1
SLC:DF_LAWS(1.0),gesetz,SG,educ,1976,1
SLC:DF_LAWS(1.0),gesetz,SG,fin,1976,1
SLC:DF_LAWS(1.0),gesetz,SH,fin,1976,1
SLC:DF_LAWS(1.0),gesetz,SH,sante,1976,1
SLC:DF_LAWS(1.0),gesetz,SO,etat,1976,1
SLC:DF_LAWS(1.0),gesetz,SZ,infra,1976,2
SLC:DF_LAWS(1.0),gesetz,TG,eco,1976,2
SLC:DF_LAWS(1.0),gesetz,TI,educ,1976,1
SLC:DF_LAWS(1.0),gesetz,TI,etat,1976,2
SLC:DF_LAWS(1.0),gesetz,VD,infra,1976,1
SLC:DF_LAWS(1.0),gesetz,VS,etat,1976,1
SLC:DF_LAWS(1.0),gesetz,VS,fin,1976,1
SLC:DF_LAWS(1.0),gesetz,ZG,educ,1976,1
SLC:DF_LAWS(1.0),gesetz,ZG,etat,1976,1
SLC:DF_LAWS(1.0),gesetz,ZH,autres,1976,2
SLC:DF_LAWS(1.0),gesetz,ZH,eco,1976,1
SLC:DF_LAWS(1.0),interkantonale_vereinbarung,AG,eco,1976,1
SLC:DF_LAWS(1.0),interkantonale_vereinbarung,AG,educ,1976,1
SLC:DF_LAWS(1.0),interkantonale_vereinbarung,AI,autres,1976,1
SLC:DF_LAWS(1.0),interkantonale_vereinbarung,AI,etat,1976,1
SLC:DF_LAWS(1.0),interkantonale_vereinbarung,AR,etat,1976,1
SLC:DF_LAWS(1.0),interkantonale_vereinbarung,AR,sante,1976,3
SLC:DF_LAWS(1.0),interkantonale_vereinbarung,BE,infra,1976,1
SLC:DF_LAWS(1.0),interkantonale_vereinbarung,BL,educ,1976,1
SLC:DF_LAWS(1.0),interkantonale_vereinbarung,BS,autres,1976,1
SLC:DF_LAWS(1.0),interkantonale_vereinbarung,BS,sante,1976,1
SLC:DF_LAWS(1.0),interkantonale_vereinbarung,FR,sante,1976,1
SLC:DF_LAWS(1.0),interkantonale_vereinbarung,GL,etat,1976,2
SLC:DF_LAWS(1.0),interkantonale_vereinbarung,GL,fin,1976,1
SLC:DF_LAWS(1.0),interkantonale_vereinbarung,GR,fin,1976,1
SLC:DF_LAWS(1.0),interkantonale_vereinbarung,GR,sante,1976,2
SLC:DF_LAWS(1.0),interkantonale_vereinbarung,JU,etat,1976,1
SLC:DF_LAWS(1.0),interkantonale_vereinbarung,NW,etat,1976,1
SLC:DF_LAWS(1.0),interkantonale_vereinbarung,OW,educ,1976,1
SLC:DF_LAWS(1.0),interkantonale_vereinbarung,SG,autres,1976,1
SLC:DF_LAWS(1.0),interkantonale_vereinbarung,SG,etat,1976,1
SLC:DF_LAWS(1.0),interkantonale_vereinbarung,SG,fin,1976,1
SLC:DF_LAWS(1.0),interkantonale_vereinbarung,SG,sante,1976,2
SLC:DF_LAWS(1.0),interkantonale_vereinbarung,SH,etat,1976,1
SLC:DF_LAWS(1.0),interkantonale_vereinbarung,SH,sante,1976,1
SLC:DF_LAWS(1.0),interkantonale_vereinbarung,SO,sante,1976,2
SLC:DF_LAWS(1.0),interkantonale_vereinbarung,SZ,educ,1976,1
SLC:DF_LAWS(1.0),interkantonale_vereinbarung,TG,eco,1976,1
SLC:DF_LAWS(1.0),interkantonale_vereinbarung,TG,etat,1976,1
SLC:DF_LAWS(1.0),interkantonale_vereinbarung,TG,infra,1976,1
SLC:DF_LAWS(1.0),interkantonale_vereinbarung,TG,sante,1976,2
SLC:DF_LAWS(1.0),interkantonale_vereinbarung,VS,autres,1976,1
SLC:DF_LAWS(1.0),interkantonale_vereinbarung,ZH,autres,1976,2
SLC:DF_LAWS(1.0),interkantonale_vereinbarung,ZH,infra,1976,1
SLC:DF_LAWS(1.0),reglement,BL,eco,1976,1
SLC:DF_LAWS(1.0),reglement,BS,fin,1976,1
SLC:DF_LAWS(1.0),reglement,FR,eco,1976,1
SLC:DF_LAWS(1.0),reglement,GE,etat,1976,3
SLC:DF_LAWS(1.0),reglement,GE,infra,1976,2
SLC:DF_LAWS(1.0),reglement,GE,sante,1976,1
SLC:DF_LAWS(1.0),reglement,GL,autres,1976,1
SLC:DF_LAWS(1.0),reglement,NE,educ,1976,1
SLC:DF_LAWS(1.0),reglement,SG,educ,1976,2
SLC:DF_LAWS(1.0),reglement,SZ,educ,1976,1
SLC:DF_LAWS(1.0),reglement,TG,eco,1976,1
SLC:DF_LAWS(1.0),reglement,TI,etat,1976,1
SLC:DF_LAWS(1.0),reglement,VD,infra,1976,2
SLC:DF_LAWS(1.0),reglement,VS,fin,1976,1
SLC:DF_LAWS(1.0),reglement,VS,sante,1976,1
SLC:DF_LAWS(1.0),staatsvertrag,AG,infra,1976,1
SLC:DF_LAWS(1.0),staatsvertrag,SH,infra,1976,1
SLC:DF_LAWS(1.0),staatsvertrag,VD,infra,1976,1
SLC:DF_LAWS(1.0),verordnung,AG,etat,1976,1
SLC:DF_LAWS(1.0),verordnung,AG,infra,1976,1
SLC:DF_LAWS(1.0),verordnung,BE,etat,1976,1
SLC:DF_LAWS(1.0),verordnung,BL,eco,1976,1
SLC:DF_LAWS(1.0),verordnung,BL,infra,1976,1
SLC:DF_LAWS(1.0),verordnung,BL,sante,1976,1
SLC:DF_LAWS(1.0),verordnung,BS,etat,1976,1
SLC:DF_LAWS(1.0),verordnung,BS,sante,1976,1
SLC:DF_LAWS(1.0),verordnung,GL,sante,1976,1
SLC:DF_LAWS(1.0),verordnung,GR,educ,1976,2
SLC:DF_LAWS(1.0),verordnung,GR,sante,1976,1
SLC:DF_LAWS(1.0),verordnung,JU,sante,1976,2
SLC:DF_LAWS(1.0),verordnung,LU,autres,1976,1
SLC:DF_LAWS(1.0),verordnung,LU,eco,1976,1
SLC:DF_LAWS(1.0),verordnung,LU,etat,1976,1
SLC:DF_LAWS(1.0),verordnung,LU,sante,1976,2
SLC:DF_LAWS(1.0),verordnung,NE,etat,1976,1
SLC:DF_LAWS(1.0),verordnung,NW,etat,1976,1
SLC:DF_LAWS(1.0),verordnung,OW,eco,1976,1
SLC:DF_LAWS(1.0),verordnung,OW,infra,1976,1
SLC:DF_LAWS(1.0),verordnung,SG,autres,1976,1
SLC:DF_LAWS(1.0),verordnung,SG,eco,1976,1
SLC:DF_LAWS(1.0),verordnung,SG,educ,1976,1
SLC:DF_LAWS(1.0),verordnung,SG,sante,1976,1
SLC:DF_LAWS(1.0),verordnung,SH,sante,1976,1
SLC:DF_LAWS(1.0),verordnung,SO,educ,1976,2
SLC:DF_LAWS(1.0),verordnung,SZ,infra,1976,1
SLC:DF_LAWS(1.0),verordnung,TG,etat,1976,1
SLC:DF_LAWS(1.0),verordnung,TG,infra,1976,1
SLC:DF_LAWS(1.0),verordnung,TG,sante,1976,1
SLC:DF_LAWS(1.0),verordnung,TI,sante,1976,1
SLC:DF_LAWS(1.0),verordnung,VS,fin,1976,3
SLC:DF_LAWS(1.0),verordnung,ZH,autres,1976,1
SLC:DF_LAWS(1.0),verordnung,ZH,educ,1976,2
SLC:DF_LAWS(1.0),verordnung,ZH,etat,1976,1
SLC:DF_LAWS(1.0),verordnung,ZH,infra,1976,1
SLC:DF_LAWS(1.0),anderes,_T,_T,1976,46
SLC:DF_LAWS(1.0),dekret,_T,_T,1976,27
SLC:DF_LAWS(1.0),gesetz,_T,_T,1976,34
SLC:DF_LAWS(1.0),interkantonale_vereinbarung,_T,_T,1976,41
SLC:DF_LAWS(1.0),reglement,_T,_T,1976,20
SLC:DF_LAWS(1.0),staatsvertrag,_T,_T,1976,3
SLC:DF_LAWS(1.0),verordnung,_T,_T,1976,43
SLC:DF_LAWS(1.0),_T,AG,_T,1976,6
SLC:DF_LAWS(1.0),_T,AI,_T,1976,5
SLC:DF_LAWS(1.0),_T,AR,_T,1976,7
SLC:DF_LAWS(1.0),_T,BE,_T,1976,2
SLC:DF_LAWS(1.0),_T,BL,_T,1976,9
SLC:DF_LAWS(1.0),_T,BS,_T,1976,8
SLC:DF_LAWS(1.0),_T,FR,_T,1976,6
SLC:DF_LAWS(1.0),_T,GE,_T,1976,8
SLC:DF_LAWS(1.0),_T,GL,_T,1976,9
SLC:DF_LAWS(1.0),_T,GR,_T,1976,10
SLC:DF_LAWS(1.0),_T,JU,_T,1976,3
SLC:DF_LAWS(1.0),_T,LU,_T,1976,12
SLC:DF_LAWS(1.0),_T,NE,_T,1976,11
SLC:DF_LAWS(1.0),_T,NW,_T,1976,4
SLC:DF_LAWS(1.0),_T,OW,_T,1976,5
SLC:DF_LAWS(1.0),_T,SG,_T,1976,19
SLC:DF_LAWS(1.0),_T,SH,_T,1976,9
SLC:DF_LAWS(1.0),_T,SO,_T,1976,13
SLC:DF_LAWS(1.0),_T,SZ,_T,1976,8
SLC:DF_LAWS(1.0),_T,TG,_T,1976,13
SLC:DF_LAWS(1.0),_T,TI,_T,1976,6
SLC:DF_LAWS(1.0),_T,UR,_T,1976,2
SLC:DF_LAWS(1.0),_T,VD,_T,1976,8
SLC:DF_LAWS(1.0),_T,VS,_T,1976,10
SLC:DF_LAWS(1.0),_T,ZG,_T,1976,8
SLC:DF_LAWS(1.0),_T,ZH,_T,1976,13
SLC:DF_LAWS(1.0),_T,_T,autres,1976,19
SLC:DF_LAWS(1.0),_T,_T,eco,1976,20
SLC:DF_LAWS(1.0),_T,_T,educ,1976,40
SLC:DF_LAWS(1.0),_T,_T,etat,1976,47
SLC:DF_LAWS(1.0),_T,_T,fin,1976,15
SLC:DF_LAWS(1.0),_T,_T,infra,1976,29
SLC:DF_LAWS(1.0),_T,_T,sante,1976,44
SLC:DF_LAWS(1.0),_T,_T,_T,1976,214
SLC:DF_LAWS(1.0),anderes,BL,etat,1977,1
SLC:DF_LAWS(1.0),anderes,BS,educ,1977,1
SLC:DF_LAWS(1.0),anderes,BS,etat,1977,1
SLC:DF_LAWS(1.0),anderes,BS,infra,1977,1
SLC:DF_LAWS(1.0),anderes,BS,sante,1977,2
SLC:DF_LAWS(1.0),anderes,FR,autres,1977,2
SLC:DF_LAWS(1.0),anderes,FR,etat,1977,2
SLC:DF_LAWS(1.0),anderes,GL,autres,1977,2
SLC:DF_LAWS(1.0),anderes,GL,etat,1977,1
SLC:DF_LAWS(1.0),anderes,GR,autres,1977,1
SLC:DF_LAWS(1.0),anderes,GR,etat,1977,1
SLC:DF_LAWS(1.0),anderes,OW,educ,1977,1
SLC:DF_LAWS(1.0),anderes,OW,infra,1977,1
SLC:DF_LAWS(1.0),anderes,SG,etat,1977,2
SLC:DF_LAWS(1.0),anderes,SH,eco,1977,1
SLC:DF_LAWS(1.0),anderes,SO,educ,1977,1
SLC:DF_LAWS(1.0),anderes,SO,etat,1977,1
SLC:DF_LAWS(1.0),anderes,SO,sante,1977,1
SLC:DF_LAWS(1.0),anderes,TG,eco,1977,1
SLC:DF_LAWS(1.0),anderes,VD,etat,1977,1
SLC:DF_LAWS(1.0),anderes,VD,infra,1977,1
SLC:DF_LAWS(1.0),anderes,VS,etat,1977,1
SLC:DF_LAWS(1.0),anderes,ZG,infra,1977,1
SLC:DF_LAWS(1.0),dekret,AG,etat,1977,1
SLC:DF_LAWS(1.0),dekret,AG,infra,1977,2
SLC:DF_LAWS(1.0),dekret,FR,etat,1977,3
SLC:DF_LAWS(1.0),dekret,FR,sante,1977,1
SLC:DF_LAWS(1.0),dekret,GL,infra,1977,1
SLC:DF_LAWS(1.0),dekret,OW,autres,1977,1
SLC:DF_LAWS(1.0),dekret,OW,eco,1977,2
SLC:DF_LAWS(1.0),dekret,SG,autres,1977,1
SLC:DF_LAWS(1.0),dekret,SZ,autres,1977,1
SLC:DF_LAWS(1.0),dekret,SZ,fin,1977,1
SLC:DF_LAWS(1.0),dekret,SZ,infra,1977,1
SLC:DF_LAWS(1.0),dekret,TI,fin,1977,1
SLC:DF_LAWS(1.0),dekret,ZG,fin,1977,1
SLC:DF_LAWS(1.0),dekret,ZG,infra,1977,1
SLC:DF_LAWS(1.0),gesetz,AG,infra,1977,1
SLC:DF_LAWS(1.0),gesetz,AI,fin,1977,1
SLC:DF_LAWS(1.0),gesetz,AR,sante,1977,1
SLC:DF_LAWS(1.0),gesetz,FR,educ,1977,1
SLC:DF_LAWS(1.0),gesetz,GE,autres,1977,2
SLC:DF_LAWS(1.0),gesetz,GE,eco,1977,1
SLC:DF_LAWS(1.0),gesetz,GE,etat,1977,1
SLC:DF_LAWS(1.0),gesetz,GE,fin,1977,1
SLC:DF_LAWS(1.0),gesetz,GE,infra,1977,2
SLC:DF_LAWS(1.0),gesetz,GE,sante,1977,1
SLC:DF_LAWS(1.0),gesetz,GL,eco,1977,1
SLC:DF_LAWS(1.0),gesetz,GL,infra,1977,1
SLC:DF_LAWS(1.0),gesetz,GR,sante,1977,1
SLC:DF_LAWS(1.0),gesetz,LU,fin,1977,1
SLC:DF_LAWS(1.0),gesetz,NW,etat,1977,1
SLC:DF_LAWS(1.0),gesetz,SG,eco,1977,1
SLC:DF_LAWS(1.0),gesetz,SG,educ,1977,1
SLC:DF_LAWS(1.0),gesetz,SH,sante,1977,1
SLC:DF_LAWS(1.0),gesetz,SO,etat,1977,1
SLC:DF_LAWS(1.0),gesetz,SZ,fin,1977,1
SLC:DF_LAWS(1.0),gesetz,TI,autres,1977,1
SLC:DF_LAWS(1.0),gesetz,TI,eco,1977,1
SLC:DF_LAWS(1.0),gesetz,TI,infra,1977,1
SLC:DF_LAWS(1.0),gesetz,UR,etat,1977,1
SLC:DF_LAWS(1.0),gesetz,VD,educ,1977,1
SLC:DF_LAWS(1.0),gesetz,VD,etat,1977,1
SLC:DF_LAWS(1.0),gesetz,VS,etat,1977,1
SLC:DF_LAWS(1.0),interkantonale_vereinbarung,AR,infra,1977,1
SLC:DF_LAWS(1.0),interkantonale_vereinbarung,BL,etat,1977,1
SLC:DF_LAWS(1.0),interkantonale_vereinbarung,BL,infra,1977,2
SLC:DF_LAWS(1.0),interkantonale_vereinbarung,BS,etat,1977,1
SLC:DF_LAWS(1.0),interkantonale_vereinbarung,BS,infra,1977,1
SLC:DF_LAWS(1.0),interkantonale_vereinbarung,FR,autres,1977,1
SLC:DF_LAWS(1.0),interkantonale_vereinbarung,GE,autres,1977,1
SLC:DF_LAWS(1.0),interkantonale_vereinbarung,GL,fin,1977,1
SLC:DF_LAWS(1.0),interkantonale_vereinbarung,GL,infra,1977,1
SLC:DF_LAWS(1.0),interkantonale_vereinbarung,GR,autres,1977,1
SLC:DF_LAWS(1.0),interkantonale_vereinbarung,GR,etat,1977,1
SLC:DF_LAWS(1.0),interkantonale_vereinbarung,JU,autres,1977,1
SLC:DF_LAWS(1.0),interkantonale_vereinbarung,LU,autres,1977,1
SLC:DF_LAWS(1.0),interkantonale_vereinbarung,NE,autres,1977,1
SLC:DF_LAWS(1.0),interkantonale_vereinbarung,NE,etat,1977,1
SLC:DF_LAWS(1.0),interkantonale_vereinbarung,NW,autres,1977,2
SLC:DF_LAWS(1.0),interkantonale_vereinbarung,OW,autres,1977,1
SLC:DF_LAWS(1.0),interkantonale_vereinbarung,SG,eco,1977,2
SLC:DF_LAWS(1.0),interkantonale_vereinbarung,SG,educ,1977,1
SLC:DF_LAWS(1.0),interkantonale_vereinbarung,SG,infra,1977,3
SLC:DF_LAWS(1.0),interkantonale_vereinbarung,SG,sante,1977,1
SLC:DF_LAWS(1.0),interkantonale_vereinbarung,SH,autres,1977,1
SLC:DF_LAWS(1.0),interkantonale_vereinbarung,SO,educ,1977,1
SLC:DF_LAWS(1.0),interkantonale_vereinbarung,SO,sante,1977,1
SLC:DF_LAWS(1.0),interkantonale_vereinbarung,SZ,autres,1977,1
SLC:DF_LAWS(1.0),interkantonale_vereinbarung,TG,autres,1977,1
SLC:DF_LAWS(1.0),interkantonale_vereinbarung,TG,eco,1977,2
SLC:DF_LAWS(1.0),interkantonale_vereinbarung,TG,infra,1977,1
SLC:DF_LAWS(1.0),interkantonale_vereinbarung,TI,autres,1977,1
SLC:DF_LAWS(1.0),interkantonale_vereinbarung,UR,autres,1977,1
SLC:DF_LAWS(1.0),interkantonale_vereinbarung,UR,educ,1977,1
SLC:DF_LAWS(1.0),interkantonale_vereinbarung,UR,fin,1977,1
SLC:DF_LAWS(1.0),interkantonale_vereinbarung,VD,autres,1977,1
SLC:DF_LAWS(1.0),interkantonale_vereinbarung,ZH,autres,1977,1
SLC:DF_LAWS(1.0),interkantonale_vereinbarung,ZH,fin,1977,1
SLC:DF_LAWS(1.0),reglement,FR,etat,1977,1
SLC:DF_LAWS(1.0),reglement,GE,autres,1977,1
SLC:DF_LAWS(1.0),reglement,GE,educ,1977,1
SLC:DF_LAWS(1.0),reglement,GE,etat,1977,1
SLC:DF_LAWS(1.0),reglement,GE,infra,1977,1
SLC:DF_LAWS(1.0),reglement,GE,sante,1977,1
SLC:DF_LAWS(1.0),reglement,NE,autres,1977,1
SLC:DF_LAWS(1.0),reglement,SG,educ,1977,1
SLC:DF_LAWS(1.0),reglement,SG,sante,1977,1
SLC:DF_LAWS(1.0),reglement,TG,eco,1977,2
SLC:DF_LAWS(1.0),reglement,VD,autres,1977,2
SLC:DF_LAWS(1.0),reglement,VD,educ,1977,2
SLC:DF_LAWS(1.0),reglement,VD,infra,1977,1
SLC:DF_LAWS(1.0),reglement,VS,educ,1977,1
SLC:DF_LAWS(1.0),reglement,ZG,etat,1977,1
SLC:DF_LAWS(1.0),staatsvertrag,BS,infra,1977,1
SLC:DF_LAWS(1.0),verfassung,JU,etat,1977,1
SLC:DF_LAWS(1.0),verordnung,AG,infra,1977,1
SLC:DF_LAWS(1.0),verordnung,AI,autres,1977,1
SLC:DF_LAWS(1.0),verordnung,BL,etat,1977,1
SLC:DF_LAWS(1.0),verordnung,BL,infra,1977,3
SLC:DF_LAWS(1.0),verordnung,BL,sante,1977,1
SLC:DF_LAWS(1.0),verordnung,BS,etat,1977,2
SLC:DF_LAWS(1.0),verordnung,BS,infra,1977,1
SLC:DF_LAWS(1.0),verordnung,BS,sante,1977,1
SLC:DF_LAWS(1.0),verordnung,GR,autres,1977,1
SLC:DF_LAWS(1.0),verordnung,GR,infra,1977,1
SLC:DF_LAWS(1.0),verordnung,GR,sante,1977,1
SLC:DF_LAWS(1.0),verordnung,JU,sante,1977,1
SLC:DF_LAWS(1.0),verordnung,LU,autres,1977,1
SLC:DF_LAWS(1.0),verordnung,LU,etat,1977,1
SLC:DF_LAWS(1.0),verordnung,LU,infra,1977,1
SLC:DF_LAWS(1.0),verordnung,OW,autres,1977,1
SLC:DF_LAWS(1.0),verordnung,SG,autres,1977,2
SLC:DF_LAWS(1.0),verordnung,SG,eco,1977,1
SLC:DF_LAWS(1.0),verordnung,SG,educ,1977,1
SLC:DF_LAWS(1.0),verordnung,SG,etat,1977,1
SLC:DF_LAWS(1.0),verordnung,SG,fin,1977,1
SLC:DF_LAWS(1.0),verordnung,SG,infra,1977,1
SLC:DF_LAWS(1.0),verordnung,SH,autres,1977,1
SLC:DF_LAWS(1.0),verordnung,SH,fin,1977,1
SLC:DF_LAWS(1.0),verordnung,SH,infra,1977,1
SLC:DF_LAWS(1.0),verordnung,SO,autres,1977,1
SLC:DF_LAWS(1.0),verordnung,SO,educ,1977,2
SLC:DF_LAWS(1.0),verordnung,SO,etat,1977,1
SLC:DF_LAWS(1.0),verordnung,TG,eco,1977,1
SLC:DF_LAWS(1.0),verordnung,TG,etat,1977,2
SLC:DF_LAWS(1.0),verordnung,TI,infra,1977,1
SLC:DF_LAWS(1.0),verordnung,ZG,etat,1977,1
SLC:DF_LAWS(1.0),verordnung,ZG,infra,1977,2
SLC:DF_LAWS(1.0),verordnung,ZH,autres,1977,1
SLC:DF_LAWS(1.0),verordnung,ZH,etat,1977,1
SLC:DF_LAWS(1.0),verordnung,ZH,infra,1977,4
SLC:DF_LAWS(1.0),anderes,_T,_T,1977,28
SLC:DF_LAWS(1.0),dekret,_T,_T,1977,18
SLC:DF_LAWS(1.0),gesetz,_T,_T,1977,29
SLC:DF_LAWS(1.0),interkantonale_vereinbarung,_T,_T,1977,41
SLC:DF_LAWS(1.0),reglement,_T,_T,1977,18
SLC:DF_LAWS(1.0),staatsvertrag,_T,_T,1977,1
SLC:DF_LAWS(1.0),verfassung,_T,_T,1977,1
SLC:DF_LAWS(1.0),verordnung,_T,_T,1977,46
SLC:DF_LAWS(1.0),_T,AG,_T,1977,5
SLC:DF_LAWS(1.0),_T,AI,_T,1977,2
SLC:DF_LAWS(1.0),_T,AR,_T,1977,2
SLC:DF_LAWS(1.0),_T,BL,_T,1977,9
SLC:DF_LAWS(1.0),_T,BS,_T,1977,12
SLC:DF_LAWS(1.0),_T,FR,_T,1977,11
SLC:DF_LAWS(1.0),_T,GE,_T,1977,14
SLC:DF_LAWS(1.0),_T,GL,_T,1977,8
SLC:DF_LAWS(1.0),_T,GR,_T,1977,8
SLC:DF_LAWS(1.0),_T,JU,_T,1977,3
SLC:DF_LAWS(1.0),_T,LU,_T,1977,5
SLC:DF_LAWS(1.0),_T,NE,_T,1977,3
SLC:DF_LAWS(1.0),_T,NW,_T,1977,3
SLC:DF_LAWS(1.0),_T,OW,_T,1977,7
SLC:DF_LAWS(1.0),_T,SG,_T,1977,21
SLC:DF_LAWS(1.0),_T,SH,_T,1977,6
SLC:DF_LAWS(1.0),_T,SO,_T,1977,10
SLC:DF_LAWS(1.0),_T,SZ,_T,1977,5
SLC:DF_LAWS(1.0),_T,TG,_T,1977,10
SLC:DF_LAWS(1.0),_T,TI,_T,1977,6
SLC:DF_LAWS(1.0),_T,UR,_T,1977,4
SLC:DF_LAWS(1.0),_T,VD,_T,1977,10
SLC:DF_LAWS(1.0),_T,VS,_T,1977,3
SLC:DF_LAWS(1.0),_T,ZG,_T,1977,7
SLC:DF_LAWS(1.0),_T,ZH,_T,1977,8
SLC:DF_LAWS(1.0),_T,_T,autres,1977,40
SLC:DF_LAWS(1.0),_T,_T,eco,1977,16
SLC:DF_LAWS(1.0),_T,_T,educ,1977,17
SLC:DF_LAWS(1.0),_T,_T,etat,1977,39
SLC:DF_LAWS(1.0),_T,_T,fin,1977,12
SLC:DF_LAWS(1.0),_T,_T,infra,1977,42
SLC:DF_LAWS(1.0),_T,_T,sante,1977,16
SLC:DF_LAWS(1.0),_T,_T,_T,1977,182
SLC:DF_LAWS(1.0),anderes,BL,sante,1978,1
SLC:DF_LAWS(1.0),anderes,BS,educ,1978,1
SLC:DF_LAWS(1.0),anderes,BS,infra,1978,1
SLC:DF_LAWS(1.0),anderes,FR,fin,1978,1
SLC:DF_LAWS(1.0),anderes,FR,infra,1978,1
SLC:DF_LAWS(1.0),anderes,GL,etat,1978,3
SLC:DF_LAWS(1.0),anderes,GL,infra,1978,2
SLC:DF_LAWS(1.0),anderes,JU,autres,1978,1
SLC:DF_LAWS(1.0),anderes,JU,eco,1978,1
SLC:DF_LAWS(1.0),anderes,JU,etat,1978,1
SLC:DF_LAWS(1.0),anderes,JU,infra,1978,1
SLC:DF_LAWS(1.0),anderes,JU,sante,1978,1
SLC:DF_LAWS(1.0),anderes,NE,educ,1978,11
SLC:DF_LAWS(1.0),anderes,NE,sante,1978,1
SLC:DF_LAWS(1.0),anderes,NW,eco,1978,1
SLC:DF_LAWS(1.0),anderes,SG,fin,1978,1
SLC:DF_LAWS(1.0),anderes,SH,autres,1978,2
SLC:DF_LAWS(1.0),anderes,SH,etat,1978,1
SLC:DF_LAWS(1.0),anderes,SO,autres,1978,1
SLC:DF_LAWS(1.0),anderes,SO,educ,1978,4
SLC:DF_LAWS(1.0),anderes,SO,etat,1978,2
SLC:DF_LAWS(1.0),anderes,SO,infra,1978,10
SLC:DF_LAWS(1.0),anderes,SO,sante,1978,1
SLC:DF_LAWS(1.0),anderes,SZ,educ,1978,2
SLC:DF_LAWS(1.0),anderes,TG,eco,1978,1
SLC:DF_LAWS(1.0),anderes,TG,etat,1978,2
SLC:DF_LAWS(1.0),anderes,VD,fin,1978,1
SLC:DF_LAWS(1.0),anderes,VS,infra,1978,2
SLC:DF_LAWS(1.0),anderes,VS,sante,1978,1
SLC:DF_LAWS(1.0),anderes,ZG,etat,1978,1
SLC:DF_LAWS(1.0),dekret,AR,etat,1978,1
SLC:DF_LAWS(1.0),dekret,BE,etat,1978,1
SLC:DF_LAWS(1.0),dekret,BL,etat,1978,1
SLC:DF_LAWS(1.0),dekret,FR,etat,1978,1
SLC:DF_LAWS(1.0),dekret,GL,educ,1978,1
SLC:DF_LAWS(1.0),dekret,GR,infra,1978,1
SLC:DF_LAWS(1.0),dekret,GR,sante,1978,1
SLC:DF_LAWS(1.0),dekret,JU,autres,1978,8
SLC:DF_LAWS(1.0),dekret,JU,eco,1978,1
SLC:DF_LAWS(1.0),dekret,JU,educ,1978,2
SLC:DF_LAWS(1.0),dekret,JU,etat,1978,17
SLC:DF_LAWS(1.0),dekret,JU,fin,1978,7
SLC:DF_LAWS(1.0),dekret,JU,infra,1978,4
SLC:DF_LAWS(1.0),dekret,JU,sante,1978,4
SLC:DF_LAWS(1.0),dekret,NW,etat,1978,1
SLC:DF_LAWS(1.0),dekret,OW,educ,1978,3
SLC:DF_LAWS(1.0),dekret,SG,educ,1978,2
SLC:DF_LAWS(1.0),dekret,SH,etat,1978,1
SLC:DF_LAWS(1.0),dekret,SZ,educ,1978,1
SLC:DF_LAWS(1.0),dekret,SZ,fin,1978,1
SLC:DF_LAWS(1.0),dekret,UR,sante,1978,1
SLC:DF_LAWS(1.0),dekret,VD,infra,1978,1
SLC:DF_LAWS(1.0),dekret,ZH,etat,1978,1
SLC:DF_LAWS(1.0),gemeindeerlass,BS,etat,1978,2
SLC:DF_LAWS(1.0),gesetz,AG,educ,1978,1
SLC:DF_LAWS(1.0),gesetz,AG,etat,1978,1
SLC:DF_LAWS(1.0),gesetz,AR,autres,1978,1
SLC:DF_LAWS(1.0),gesetz,BE,sante,1978,2
SLC:DF_LAWS(1.0),gesetz,BS,eco,1978,1
SLC:DF_LAWS(1.0),gesetz,BS,infra,1978,2
SLC:DF_LAWS(1.0),gesetz,BS,sante,1978,1
SLC:DF_LAWS(1.0),gesetz,GE,infra,1978,1
SLC:DF_LAWS(1.0),gesetz,GE,sante,1978,1
SLC:DF_LAWS(1.0),gesetz,GL,eco,1978,1
SLC:DF_LAWS(1.0),gesetz,GR,sante,1978,2
SLC:DF_LAWS(1.0),gesetz,JU,autres,1978,7
SLC:DF_LAWS(1.0),gesetz,JU,eco,1978,6
SLC:DF_LAWS(1.0),gesetz,JU,educ,1978,4
SLC:DF_LAWS(1.0),gesetz,JU,etat,1978,14
SLC:DF_LAWS(1.0),gesetz,JU,fin,1978,5
SLC:DF_LAWS(1.0),gesetz,JU,infra,1978,8
SLC:DF_LAWS(1.0),gesetz,JU,sante,1978,5
SLC:DF_LAWS(1.0),gesetz,NE,eco,1978,1
SLC:DF_LAWS(1.0),gesetz,NE,sante,1978,2
SLC:DF_LAWS(1.0),gesetz,NW,sante,1978,1
SLC:DF_LAWS(1.0),gesetz,SG,infra,1978,1
SLC:DF_LAWS(1.0),gesetz,SH,infra,1978,1
SLC:DF_LAWS(1.0),gesetz,SZ,sante,1978,1
SLC:DF_LAWS(1.0),gesetz,TG,educ,1978,1
SLC:DF_LAWS(1.0),gesetz,TG,etat,1978,1
SLC:DF_LAWS(1.0),gesetz,TI,infra,1978,1
SLC:DF_LAWS(1.0),gesetz,TI,sante,1978,2
SLC:DF_LAWS(1.0),gesetz,VD,eco,1978,2
SLC:DF_LAWS(1.0),gesetz,VD,educ,1978,1
SLC:DF_LAWS(1.0),gesetz,VD,sante,1978,1
SLC:DF_LAWS(1.0),gesetz,VS,etat,1978,1
SLC:DF_LAWS(1.0),gesetz,VS,infra,1978,1
SLC:DF_LAWS(1.0),gesetz,ZG,infra,1978,1
SLC:DF_LAWS(1.0),gesetz,ZH,etat,1978,1
SLC:DF_LAWS(1.0),interkantonale_vereinbarung,AG,etat,1978,1
SLC:DF_LAWS(1.0),interkantonale_vereinbarung,AG,fin,1978,1
SLC:DF_LAWS(1.0),interkantonale_vereinbarung,BE,etat,1978,1
SLC:DF_LAWS(1.0),interkantonale_vereinbarung,BL,etat,1978,1
SLC:DF_LAWS(1.0),interkantonale_vereinbarung,BL,sante,1978,2
SLC:DF_LAWS(1.0),interkantonale_vereinbarung,BS,etat,1978,1
SLC:DF_LAWS(1.0),interkantonale_vereinbarung,FR,autres,1978,1
SLC:DF_LAWS(1.0),interkantonale_vereinbarung,FR,eco,1978,1
SLC:DF_LAWS(1.0),interkantonale_vereinbarung,FR,fin,1978,1
SLC:DF_LAWS(1.0),interkantonale_vereinbarung,GL,fin,1978,1
SLC:DF_LAWS(1.0),interkantonale_vereinbarung,GR,fin,1978,1
SLC:DF_LAWS(1.0),interkantonale_vereinbarung,JU,autres,1978,8
SLC:DF_LAWS(1.0),interkantonale_vereinbarung,JU,eco,1978,1
SLC:DF_LAWS(1.0),interkantonale_vereinbarung,JU,educ,1978,5
SLC:DF_LAWS(1.0),interkantonale_vereinbarung,JU,sante,1978,1
SLC:DF_LAWS(1.0),interkantonale_vereinbarung,LU,etat,1978,1
SLC:DF_LAWS(1.0),interkantonale_vereinbarung,LU,fin,1978,1
SLC:DF_LAWS(1.0),interkantonale_vereinbarung,NE,fin,1978,1
SLC:DF_LAWS(1.0),interkantonale_vereinbarung,NW,eco,1978,1
SLC:DF_LAWS(1.0),interkantonale_vereinbarung,NW,etat,1978,1
SLC:DF_LAWS(1.0),interkantonale_vereinbarung,NW,fin,1978,1
SLC:DF_LAWS(1.0),interkantonale_vereinbarung,OW,etat,1978,2
SLC:DF_LAWS(1.0),interkantonale_vereinbarung,OW,fin,1978,1
SLC:DF_LAWS(1.0),interkantonale_vereinbarung,SG,eco,1978,1
SLC:DF_LAWS(1.0),interkantonale_vereinbarung,SG,etat,1978,1
SLC:DF_LAWS(1.0),interkantonale_vereinbarung,SG,fin,1978,1
SLC:DF_LAWS(1.0),interkantonale_vereinbarung,SO,fin,1978,1
SLC:DF_LAWS(1.0),interkantonale_vereinbarung,SO,infra,1978,1
SLC:DF_LAWS(1.0),interkantonale_vereinbarung,SO,sante,1978,1
SLC:DF_LAWS(1.0),interkantonale_vereinbarung,SZ,etat,1978,1
SLC:DF_LAWS(1.0),interkantonale_vereinbarung,SZ,fin,1978,1
SLC:DF_LAWS(1.0),interkantonale_vereinbarung,TG,educ,1978,1
SLC:DF_LAWS(1.0),interkantonale_vereinbarung,TG,fin,1978,1
SLC:DF_LAWS(1.0),interkantonale_vereinbarung,TG,infra,1978,1
SLC:DF_LAWS(1.0),interkantonale_vereinbarung,UR,etat,1978,1
SLC:DF_LAWS(1.0),interkantonale_vereinbarung,UR,fin,1978,1
SLC:DF_LAWS(1.0),interkantonale_vereinbarung,VD,eco,1978,1
SLC:DF_LAWS(1.0),interkantonale_vereinbarung,ZH,fin,1978,1
SLC:DF_LAWS(1.0),reglement,BL,educ,1978,1
SLC:DF_LAWS(1.0),reglement,BL,sante,1978,1
SLC:DF_LAWS(1.0),reglement,BS,etat,1978,1
SLC:DF_LAWS(1.0),reglement,FR,educ,1978,1
SLC:DF_LAWS(1.0),reglement,FR,etat,1978,1
SLC:DF_LAWS(1.0),reglement,GE,autres,1978,1
SLC:DF_LAWS(1.0),reglement,GE,eco,1978,1
SLC:DF_LAWS(1.0),reglement,GE,etat,1978,2
SLC:DF_LAWS(1.0),reglement,GE,infra,1978,2
SLC:DF_LAWS(1.0),reglement,GE,sante,1978,1
SLC:DF_LAWS(1.0),reglement,GL,autres,1978,1
SLC:DF_LAWS(1.0),reglement,GL,etat,1978,2
SLC:DF_LAWS(1.0),reglement,GR,educ,1978,1
SLC:DF_LAWS(1.0),reglement,JU,autres,1978,1
SLC:DF_LAWS(1.0),reglement,JU,educ,1978,5
SLC:DF_LAWS(1.0),reglement,JU,etat,1978,1
SLC:DF_LAWS(1.0),reglement,JU,infra,1978,1
SLC:DF_LAWS(1.0),reglement,JU,sante,1978,2
SLC:DF_LAWS(1.0),reglement,NE,eco,1978,2
SLC:DF_LAWS(1.0),reglement,NE,educ,1978,12
SLC:DF_LAWS(1.0),reglement,NE,sante,1978,4
SLC:DF_LAWS(1.0),reglement,TI,autres,1978,2
SLC:DF_LAWS(1.0),reglement,VD,eco,1978,2
SLC:DF_LAWS(1.0),reglement,VD,etat,1978,1
SLC:DF_LAWS(1.0),reglement,VD,sante,1978,1
SLC:DF_LAWS(1.0),reglement,VS,fin,1978,1
SLC:DF_LAWS(1.0),staatsvertrag,BS,infra,1978,1
SLC:DF_LAWS(1.0),staatsvertrag,SG,educ,1978,1
SLC:DF_LAWS(1.0),staatsvertrag,SH,etat,1978,1
SLC:DF_LAWS(1.0),staatsvertrag,TG,etat,1978,1
SLC:DF_LAWS(1.0),verordnung,AG,educ,1978,1
SLC:DF_LAWS(1.0),verordnung,AG,infra,1978,1
SLC:DF_LAWS(1.0),verordnung,AG,sante,1978,1
SLC:DF_LAWS(1.0),verordnung,AI,fin,1978,1
SLC:DF_LAWS(1.0),verordnung,BE,infra,1978,1
SLC:DF_LAWS(1.0),verordnung,BE,sante,1978,1
SLC:DF_LAWS(1.0),verordnung,BL,autres,1978,1
SLC:DF_LAWS(1.0),verordnung,BS,autres,1978,1
SLC:DF_LAWS(1.0),verordnung,BS,educ,1978,1
SLC:DF_LAWS(1.0),verordnung,FR,sante,1978,1
SLC:DF_LAWS(1.0),verordnung,GL,eco,1978,1
SLC:DF_LAWS(1.0),verordnung,GR,autres,1978,1
SLC:DF_LAWS(1.0),verordnung,GR,etat,1978,1
SLC:DF_LAWS(1.0),verordnung,JU,autres,1978,9
SLC:DF_LAWS(1.0),verordnung,JU,eco,1978,26
SLC:DF_LAWS(1.0),verordnung,JU,educ,1978,20
SLC:DF_LAWS(1.0),verordnung,JU,etat,1978,25
SLC:DF_LAWS(1.0),verordnung,JU,fin,1978,8
SLC:DF_LAWS(1.0),verordnung,JU,infra,1978,20
SLC:DF_LAWS(1.0),verordnung,JU,sante,1978,21
SLC:DF_LAWS(1.0),verordnung,LU,educ,1978,1
SLC:DF_LAWS(1.0),verordnung,LU,etat,1978,2
SLC:DF_LAWS(1.0),verordnung,LU,infra,1978,1
SLC:DF_LAWS(1.0),verordnung,NE,infra,1978,1
SLC:DF_LAWS(1.0),verordnung,NW,eco,1978,1
SLC:DF_LAWS(1.0),verordnung,OW,sante,1978,1
SLC:DF_LAWS(1.0),verordnung,SG,autres,1978,2
SLC:DF_LAWS(1.0),verordnung,SG,sante,1978,2
SLC:DF_LAWS(1.0),verordnung,SH,educ,1978,1
SLC:DF_LAWS(1.0),verordnung,SH,etat,1978,2
SLC:DF_LAWS(1.0),verordnung,SH,sante,1978,2
SLC:DF_LAWS(1.0),verordnung,SO,autres,1978,3
SLC:DF_LAWS(1.0),verordnung,SO,educ,1978,2
SLC:DF_LAWS(1.0),verordnung,SO,infra,1978,5
SLC:DF_LAWS(1.0),verordnung,SZ,sante,1978,1
SLC:DF_LAWS(1.0),verordnung,TG,autres,1978,1
SLC:DF_LAWS(1.0),verordnung,TG,etat,1978,1
SLC:DF_LAWS(1.0),verordnung,TI,sante,1978,1
SLC:DF_LAWS(1.0),verordnung,ZH,etat,1978,4
SLC:DF_LAWS(1.0),verordnung,ZH,infra,1978,3
SLC:DF_LAWS(1.0),verordnung,ZH,sante,1978,1
SLC:DF_LAWS(1.0),anderes,_T,_T,1978,60
SLC:DF_LAWS(1.0),dekret,_T,_T,1978,62
SLC:DF_LAWS(1.0),gemeindeerlass,_T,_T,1978,2
SLC:DF_LAWS(1.0),gesetz,_T,_T,1978,83
SLC:DF_LAWS(1.0),interkantonale_vereinbarung,_T,_T,1978,51
SLC:DF_LAWS(1.0),reglement,_T,_T,1978,51
SLC:DF_LAWS(1.0),staatsvertrag,_T,_T,1978,4
SLC:DF_LAWS(1.0),verordnung,_T,_T,1978,180
SLC:DF_LAWS(1.0),_T,AG,_T,1978,7
SLC:DF_LAWS(1.0),_T,AI,_T,1978,1
SLC:DF_LAWS(1.0),_T,AR,_T,1978,2
SLC:DF_LAWS(1.0),_T,BE,_T,1978,6
SLC:DF_LAWS(1.0),_T,BL,_T,1978,8
SLC:DF_LAWS(1.0),_T,BS,_T,1978,13
SLC:DF_LAWS(1.0),_T,FR,_T,1978,9
SLC:DF_LAWS(1.0),_T,GE,_T,1978,9
SLC:DF_LAWS(1.0),_T,GL,_T,1978,12
SLC:DF_LAWS(1.0),_T,GR,_T,1978,8
SLC:DF_LAWS(1.0),_T,JU,_T,1978,251
SLC:DF_LAWS(1.0),_T,LU,_T,1978,6
SLC:DF_LAWS(1.0),_T,NE,_T,1978,35
SLC:DF_LAWS(1.0),_T,NW,_T,1978,7
SLC:DF_LAWS(1.0),_T,OW,_T,1978,7
SLC:DF_LAWS(1.0),_T,SG,_T,1978,12
SLC:DF_LAWS(1.0),_T,SH,_T,1978,11
SLC:DF_LAWS(1.0),_T,SO,_T,1978,31
SLC:DF_LAWS(1.0),_T,SZ,_T,1978,8
SLC:DF_LAWS(1.0),_T,TG,_T,1978,11
SLC:DF_LAWS(1.0),_T,TI,_T,1978,6
SLC:DF_LAWS(1.0),_T,UR,_T,1978,3
SLC:DF_LAWS(1.0),_T,VD,_T,1978,11
SLC:DF_LAWS(1.0),_T,VS,_T,1978,6
SLC:DF_LAWS(1.0),_T,ZG,_T,1978,2
SLC:DF_LAWS(1.0),_T,ZH,_T,1978,11
SLC:DF_LAWS(1.0),_T,_T,autres,1978,52
SLC:DF_LAWS(1.0),_T,_T,eco,1978,53
SLC:DF_LAWS(1.0),_T,_T,educ,1978,87
SLC:DF_LAWS(1.0),_T,_T,etat,1978,110
SLC:DF_LAWS(1.0),_T,_T,fin,1978,40
SLC:DF_LAWS(1.0),_T,_T,infra,1978,77
SLC:DF_LAWS(1.0),_T,_T,sante,1978,74
SLC:DF_LAWS(1.0),_T,_T,_T,1978,493
SLC:DF_LAWS(1.0),anderes,AR,etat,1979,1
SLC:DF_LAWS(1.0),anderes,BL,sante,1979,2
SLC:DF_LAWS(1.0),anderes,FR,educ,1979,2
SLC:DF_LAWS(1.0),anderes,FR,infra,1979,3
SLC:DF_LAWS(1.0),anderes,FR,sante,1979,1
SLC:DF_LAWS(1.0),anderes,GR,educ,1979,1
SLC:DF_LAWS(1.0),anderes,LU,infra,1979,1
SLC:DF_LAWS(1.0),anderes,NE,autres,1979,1
SLC:DF_LAWS(1.0),anderes,NE,educ,1979,1
SLC:DF_LAWS(1.0),anderes,NE,etat,1979,1
SLC:DF_LAWS(1.0),anderes,NE,fin,1979,1
SLC:DF_LAWS(1.0),anderes,NE,infra,1979,11
SLC:DF_LAWS(1.0),anderes,NE,sante,1979,1
SLC:DF_LAWS(1.0),anderes,NW,sante,1979,2
SLC:DF_LAWS(1.0),anderes,OW,educ,1979,1
SLC:DF_LAWS(1.0),anderes,OW,etat,1979,1
SLC:DF_LAWS(1.0),anderes,SG,etat,1979,1
SLC:DF_LAWS(1.0),anderes,SH,autres,1979,1
SLC:DF_LAWS(1.0),anderes,SO,autres,1979,1
SLC:DF_LAWS(1.0),anderes,SO,eco,1979,1
SLC:DF_LAWS(1.0),anderes,SO,educ,1979,3
SLC:DF_LAWS(1.0),anderes,SO,etat,1979,1
SLC:DF_LAWS(1.0),anderes,SO,infra,1979,2
SLC:DF_LAWS(1.0),anderes,ZH,fin,1979,1
SLC:DF_LAWS(1.0),dekret,AI,autres,1979,1
SLC:DF_LAWS(1.0),dekret,AI,etat,1979,1
SLC:DF_LAWS(1.0),dekret,AR,etat,1979,1
SLC:DF_LAWS(1.0),dekret,BE,etat,1979,1
SLC:DF_LAWS(1.0),dekret,BL,etat,1979,1
SLC:DF_LAWS(1.0),dekret,GR,autres,1979,1
SLC:DF_LAWS(1.0),dekret,JU,sante,1979,1
SLC:DF_LAWS(1.0),dekret,OW,educ,1979,1
SLC:DF_LAWS(1.0),dekret,OW,etat,1979,2
SLC:DF_LAWS(1.0),dekret,OW,fin,1979,1
SLC:DF_LAWS(1.0),dekret,SG,eco,1979,2
SLC:DF_LAWS(1.0),dekret,SG,educ,1979,1
SLC:DF_LAWS(1.0),dekret,SG,etat,1979,1
SLC:DF_LAWS(1.0),dekret,SG,fin,1979,1
SLC:DF_LAWS(1.0),dekret,SG,sante,1979,1
SLC:DF_LAWS(1.0),dekret,SZ,etat,1979,1
SLC:DF_LAWS(1.0),dekret,UR,autres,1979,1
SLC:DF_LAWS(1.0),dekret,UR,eco,1979,1
SLC:DF_LAWS(1.0),dekret,UR,infra,1979,1
SLC:DF_LAWS(1.0),dekret,ZG,sante,1979,1
SLC:DF_LAWS(1.0),gesetz,BL,infra,1979,1
SLC:DF_LAWS(1.0),gesetz,FR,eco,1979,1
SLC:DF_LAWS(1.0),gesetz,FR,etat,1979,1
SLC:DF_LAWS(1.0),gesetz,FR,sante,1979,1
SLC:DF_LAWS(1.0),gesetz,GE,autres,1979,2
SLC:DF_LAWS(1.0),gesetz,GE,etat,1979,1
SLC:DF_LAWS(1.0),gesetz,GE,sante,1979,1
SLC:DF_LAWS(1.0),gesetz,GL,educ,1979,1
SLC:DF_LAWS(1.0),gesetz,GL,infra,1979,2
SLC:DF_LAWS(1.0),gesetz,GR,sante,1979,2
SLC:DF_LAWS(1.0),gesetz,JU,etat,1979,2
SLC:DF_LAWS(1.0),gesetz,LU,infra,1979,1
SLC:DF_LAWS(1.0),gesetz,NE,etat,1979,2
SLC:DF_LAWS(1.0),gesetz,NE,infra,1979,1
SLC:DF_LAWS(1.0),gesetz,NW,etat,1979,2
SLC:DF_LAWS(1.0),gesetz,NW,fin,1979,2
SLC:DF_LAWS(1.0),gesetz,OW,fin,1979,1
SLC:DF_LAWS(1.0),gesetz,SG,autres,1979,1
SLC:DF_LAWS(1.0),gesetz,SG,etat,1979,1
SLC:DF_LAWS(1.0),gesetz,SG,sante,1979,2
SLC:DF_LAWS(1.0),gesetz,SO,sante,1979,1
SLC:DF_LAWS(1.0),gesetz,SZ,eco,1979,3
SLC:DF_LAWS(1.0),gesetz,SZ,infra,1979,1
SLC:DF_LAWS(1.0),gesetz,TG,etat,1979,1
SLC:DF_LAWS(1.0),gesetz,TI,sante,1979,1
SLC:DF_LAWS(1.0),gesetz,UR,etat,1979,1
SLC:DF_LAWS(1.0),gesetz,VD,etat,1979,1
SLC:DF_LAWS(1.0),gesetz,VD,infra,1979,1
SLC:DF_LAWS(1.0),gesetz,ZG,etat,1979,1
SLC:DF_LAWS(1.0),gesetz,ZG,infra,1979,1
SLC:DF_LAWS(1.0),gesetz,ZG,sante,1979,1
SLC:DF_LAWS(1.0),gesetz,ZH,eco,1979,2
SLC:DF_LAWS(1.0),gesetz,ZH,fin,1979,1
SLC:DF_LAWS(1.0),gesetz,ZH,infra,1979,1
SLC:DF_LAWS(1.0),interkantonale_vereinbarung,BL,etat,1979,1
SLC:DF_LAWS(1.0),interkantonale_vereinbarung,BL,infra,1979,1
SLC:DF_LAWS(1.0),interkantonale_vereinbarung,BS,infra,1979,1
SLC:DF_LAWS(1.0),interkantonale_vereinbarung,BS,sante,1979,1
SLC:DF_LAWS(1.0),interkantonale_vereinbarung,FR,etat,1979,1
SLC:DF_LAWS(1.0),interkantonale_vereinbarung,GE,eco,1979,1
SLC:DF_LAWS(1.0),interkantonale_vereinbarung,GE,etat,1979,1
SLC:DF_LAWS(1.0),interkantonale_vereinbarung,GL,infra,1979,1
SLC:DF_LAWS(1.0),interkantonale_vereinbarung,GR,fin,1979,1
SLC:DF_LAWS(1.0),interkantonale_vereinbarung,JU,educ,1979,1
SLC:DF_LAWS(1.0),interkantonale_vereinbarung,JU,sante,1979,2
SLC:DF_LAWS(1.0),interkantonale_vereinbarung,NW,etat,1979,1
SLC:DF_LAWS(1.0),interkantonale_vereinbarung,SG,infra,1979,3
SLC:DF_LAWS(1.0),interkantonale_vereinbarung,SO,etat,1979,3
SLC:DF_LAWS(1.0),interkantonale_vereinbarung,SO,fin,1979,1
SLC:DF_LAWS(1.0),interkantonale_vereinbarung,SO,sante,1979,1
SLC:DF_LAWS(1.0),interkantonale_vereinbarung,SZ,infra,1979,1
SLC:DF_LAWS(1.0),interkantonale_vereinbarung,TG,etat,1979,1
SLC:DF_LAWS(1.0),interkantonale_vereinbarung,ZG,etat,1979,1
SLC:DF_LAWS(1.0),interkantonale_vereinbarung,ZH,fin,1979,1
SLC:DF_LAWS(1.0),interkantonale_vereinbarung,ZH,infra,1979,1
SLC:DF_LAWS(1.0),reglement,FR,educ,1979,1
SLC:DF_LAWS(1.0),reglement,GE,autres,1979,1
SLC:DF_LAWS(1.0),reglement,GE,etat,1979,2
SLC:DF_LAWS(1.0),reglement,GE,sante,1979,6
SLC:DF_LAWS(1.0),reglement,GR,sante,1979,1
SLC:DF_LAWS(1.0),reglement,JU,etat,1979,1
SLC:DF_LAWS(1.0),reglement,LU,educ,1979,1
SLC:DF_LAWS(1.0),reglement,NE,etat,1979,2
SLC:DF_LAWS(1.0),reglement,SG,etat,1979,1
SLC:DF_LAWS(1.0),reglement,TG,etat,1979,1
SLC:DF_LAWS(1.0),reglement,TI,etat,1979,1
SLC:DF_LAWS(1.0),reglement,TI,infra,1979,1
SLC:DF_LAWS(1.0),reglement,TI,sante,1979,2
SLC:DF_LAWS(1.0),reglement,VD,educ,1979,2
SLC:DF_LAWS(1.0),reglement,VD,etat,1979,2
SLC:DF_LAWS(1.0),reglement,VD,infra,1979,1
SLC:DF_LAWS(1.0),reglement,VS,etat,1979,1
SLC:DF_LAWS(1.0),reglement,ZH,etat,1979,1
SLC:DF_LAWS(1.0),staatsvertrag,AG,fin,1979,1
SLC:DF_LAWS(1.0),staatsvertrag,BS,fin,1979,1
SLC:DF_LAWS(1.0),staatsvertrag,JU,fin,1979,1
SLC:DF_LAWS(1.0),staatsvertrag,SG,fin,1979,1
SLC:DF_LAWS(1.0),staatsvertrag,TG,fin,1979,1
SLC:DF_LAWS(1.0),staatsvertrag,VS,fin,1979,1
SLC:DF_LAWS(1.0),staatsvertrag,ZH,fin,1979,1
SLC:DF_LAWS(1.0),verordnung,AG,sante,1979,1
SLC:DF_LAWS(1.0),verordnung,AI,autres,1979,1
SLC:DF_LAWS(1.0),verordnung,BE,autres,1979,1
SLC:DF_LAWS(1.0),verordnung,BE,educ,1979,1
SLC:DF_LAWS(1.0),verordnung,BE,sante,1979,1
SLC:DF_LAWS(1.0),verordnung,BL,etat,1979,1
SLC:DF_LAWS(1.0),verordnung,BL,infra,1979,5
SLC:DF_LAWS(1.0),verordnung,BL,sante,1979,1
SLC:DF_LAWS(1.0),verordnung,BS,etat,1979,1
SLC:DF_LAWS(1.0),verordnung,BS,infra,1979,1
SLC:DF_LAWS(1.0),verordnung,BS,sante,1979,1
SLC:DF_LAWS(1.0),verordnung,FR,fin,1979,1
SLC:DF_LAWS(1.0),verordnung,FR,infra,1979,6
SLC:DF_LAWS(1.0),verordnung,GL,infra,1979,1
SLC:DF_LAWS(1.0),verordnung,GR,sante,1979,1
SLC:DF_LAWS(1.0),verordnung,JU,educ,1979,1
SLC:DF_LAWS(1.0),verordnung,JU,etat,1979,2
SLC:DF_LAWS(1.0),verordnung,JU,fin,1979,1
SLC:DF_LAWS(1.0),verordnung,JU,sante,1979,3
SLC:DF_LAWS(1.0),verordnung,LU,autres,1979,1
SLC:DF_LAWS(1.0),verordnung,NE,educ,1979,1
SLC:DF_LAWS(1.0),verordnung,NE,infra,1979,1
SLC:DF_LAWS(1.0),verordnung,NE,sante,1979,1
SLC:DF_LAWS(1.0),verordnung,SG,eco,1979,2
SLC:DF_LAWS(1.0),verordnung,SG,infra,1979,1
SLC:DF_LAWS(1.0),verordnung,SG,sante,1979,1
SLC:DF_LAWS(1.0),verordnung,SH,etat,1979,1
SLC:DF_LAWS(1.0),verordnung,SH,infra,1979,2
SLC:DF_LAWS(1.0),verordnung,SO,educ,1979,1
SLC:DF_LAWS(1.0),verordnung,SO,etat,1979,3
SLC:DF_LAWS(1.0),verordnung,SO,infra,1979,1
SLC:DF_LAWS(1.0),verordnung,SO,sante,1979,2
SLC:DF_LAWS(1.0),verordnung,SZ,infra,1979,1
SLC:DF_LAWS(1.0),verordnung,TG,etat,1979,2
SLC:DF_LAWS(1.0),verordnung,TI,infra,1979,1
SLC:DF_LAWS(1.0),verordnung,ZG,sante,1979,1
SLC:DF_LAWS(1.0),verordnung,ZH,autres,1979,1
SLC:DF_LAWS(1.0),verordnung,ZH,eco,1979,2
SLC:DF_LAWS(1.0),verordnung,ZH,etat,1979,1
SLC:DF_LAWS(1.0),anderes,_T,_T,1979,42
SLC:DF_LAWS(1.0),dekret,_T,_T,1979,22
SLC:DF_LAWS(1.0),gesetz,_T,_T,1979,45
SLC:DF_LAWS(1.0),interkantonale_vereinbarung,_T,_T,1979,26
SLC:DF_LAWS(1.0),reglement,_T,_T,1979,28
SLC:DF_LAWS(1.0),staatsvertrag,_T,_T,1979,7
SLC:DF_LAWS(1.0),verordnung,_T,_T,1979,58
SLC:DF_LAWS(1.0),_T,AG,_T,1979,2
SLC:DF_LAWS(1.0),_T,AI,_T,1979,3
SLC:DF_LAWS(1.0),_T,AR,_T,1979,2
SLC:DF_LAWS(1.0),_T,BE,_T,1979,4
SLC:DF_LAWS(1.0),_T,BL,_T,1979,13
SLC:DF_LAWS(1.0),_T,BS,_T,1979,6
SLC:DF_LAWS(1.0),_T,FR,_T,1979,18
SLC:DF_LAWS(1.0),_T,GE,_T,1979,15
SLC:DF_LAWS(1.0),_T,GL,_T,1979,5
SLC:DF_LAWS(1.0),_T,GR,_T,1979,7
SLC:DF_LAWS(1.0),_T,JU,_T,1979,15
SLC:DF_LAWS(1.0),_T,LU,_T,1979,4
SLC:DF_LAWS(1.0),_T,NE,_T,1979,24
SLC:DF_LAWS(1.0),_T,NW,_T,1979,7
SLC:DF_LAWS(1.0),_T,OW,_T,1979,7
SLC:DF_LAWS(1.0),_T,SG,_T,1979,20
SLC:DF_LAWS(1.0),_T,SH,_T,1979,4
SLC:DF_LAWS(1.0),_T,SO,_T,1979,21
SLC:DF_LAWS(1.0),_T,SZ,_T,1979,7
SLC:DF_LAWS(1.0),_T,TG,_T,1979,6
SLC:DF_LAWS(1.0),_T,TI,_T,1979,6
SLC:DF_LAWS(1.0),_T,UR,_T,1979,4
SLC:DF_LAWS(1.0),_T,VD,_T,1979,7
SLC:DF_LAWS(1.0),_T,VS,_T,1979,2
SLC:DF_LAWS(1.0),_T,ZG,_T,1979,6
SLC:DF_LAWS(1.0),_T,ZH,_T,1979,13
SLC:DF_LAWS(1.0),_T,_T,autres,1979,14
SLC:DF_LAWS(1.0),_T,_T,eco,1979,15
SLC:DF_LAWS(1.0),_T,_T,educ,1979,20
SLC:DF_LAWS(1.0),_T,_T,etat,1979,58
SLC:DF_LAWS(1.0),_T,_T,fin,1979,20
SLC:DF_LAWS(1.0),_T,_T,infra,1979,57
SLC:DF_LAWS(1.0),_T,_T,sante,1979,44
SLC:DF_LAWS(1.0),_T,_T,_T,1979,228
SLC:DF_LAWS(1.0),anderes,BL,etat,1980,1
SLC:DF_LAWS(1.0),anderes,BL,fin,1980,1
SLC:DF_LAWS(1.0),anderes,BS,educ,1980,1
SLC:DF_LAWS(1.0),anderes,BS,sante,1980,2
SLC:DF_LAWS(1.0),anderes,FR,educ,1980,1
SLC:DF_LAWS(1.0),anderes,FR,etat,1980,1
SLC:DF_LAWS(1.0),anderes,FR,infra,1980,1
SLC:DF_LAWS(1.0),anderes,FR,sante,1980,1
SLC:DF_LAWS(1.0),anderes,GL,fin,1980,1
SLC:DF_LAWS(1.0),anderes,GL,infra,1980,4
SLC:DF_LAWS(1.0),anderes,GR,infra,1980,1
SLC:DF_LAWS(1.0),anderes,JU,etat,1980,1
SLC:DF_LAWS(1.0),anderes,NE,educ,1980,2
SLC:DF_LAWS(1.0),anderes,NE,etat,1980,2
SLC:DF_LAWS(1.0),anderes,NE,fin,1980,2
SLC:DF_LAWS(1.0),anderes,NE,sante,1980,1
SLC:DF_LAWS(1.0),anderes,OW,educ,1980,1
SLC:DF_LAWS(1.0),anderes,SG,educ,1980,1
SLC:DF_LAWS(1.0),anderes,SG,etat,1980,1
SLC:DF_LAWS(1.0),anderes,SO,educ,1980,2
SLC:DF_LAWS(1.0),anderes,SO,infra,1980,1
SLC:DF_LAWS(1.0),anderes,SO,sante,1980,2
SLC:DF_LAWS(1.0),anderes,TG,etat,1980,1
SLC:DF_LAWS(1.0),anderes,VS,eco,1980,1
SLC:DF_LAWS(1.0),anderes,VS,etat,1980,1
SLC:DF_LAWS(1.0),anderes,ZH,etat,1980,2
SLC:DF_LAWS(1.0),anderes,ZH,sante,1980,2
SLC:DF_LAWS(1.0),dekret,AG,autres,1980,1
SLC:DF_LAWS(1.0),dekret,AI,autres,1980,2
SLC:DF_LAWS(1.0),dekret,BE,etat,1980,3
SLC:DF_LAWS(1.0),dekret,BE,sante,1980,1
SLC:DF_LAWS(1.0),dekret,BL,eco,1980,1
SLC:DF_LAWS(1.0),dekret,BL,fin,1980,1
SLC:DF_LAWS(1.0),dekret,BS,infra,1980,1
SLC:DF_LAWS(1.0),dekret,FR,etat,1980,3
SLC:DF_LAWS(1.0),dekret,GR,eco,1980,1
SLC:DF_LAWS(1.0),dekret,GR,sante,1980,1
SLC:DF_LAWS(1.0),dekret,JU,etat,1980,2
SLC:DF_LAWS(1.0),dekret,NW,eco,1980,1
SLC:DF_LAWS(1.0),dekret,NW,etat,1980,1
SLC:DF_LAWS(1.0),dekret,OW,autres,1980,1
SLC:DF_LAWS(1.0),dekret,OW,etat,1980,2
SLC:DF_LAWS(1.0),dekret,OW,fin,1980,1
SLC:DF_LAWS(1.0),dekret,SG,etat,1980,1
SLC:DF_LAWS(1.0),dekret,SG,infra,1980,1
SLC:DF_LAWS(1.0),dekret,UR,educ,1980,1
SLC:DF_LAWS(1.0),dekret,ZH,etat,1980,1
SLC:DF_LAWS(1.0),gemeindeerlass,BS,infra,1980,1
SLC:DF_LAWS(1.0),gesetz,AG,autres,1980,1
SLC:DF_LAWS(1.0),gesetz,AG,educ,1980,1
SLC:DF_LAWS(1.0),gesetz,AG,infra,1980,2
SLC:DF_LAWS(1.0),gesetz,AI,educ,1980,2
SLC:DF_LAWS(1.0),gesetz,AR,sante,1980,2
SLC:DF_LAWS(1.0),gesetz,BE,etat,1980,1
SLC:DF_LAWS(1.0),gesetz,BE,sante,1980,1
SLC:DF_LAWS(1.0),gesetz,BL,autres,1980,1
SLC:DF_LAWS(1.0),gesetz,BL,eco,1980,2
SLC:DF_LAWS(1.0),gesetz,BL,fin,1980,1
SLC:DF_LAWS(1.0),gesetz,BS,etat,1980,2
SLC:DF_LAWS(1.0),gesetz,BS,infra,1980,2
SLC:DF_LAWS(1.0),gesetz,FR,etat,1980,1
SLC:DF_LAWS(1.0),gesetz,GE,etat,1980,1
SLC:DF_LAWS(1.0),gesetz,GE,sante,1980,2
SLC:DF_LAWS(1.0),gesetz,GL,infra,1980,1
SLC:DF_LAWS(1.0),gesetz,GR,infra,1980,1
SLC:DF_LAWS(1.0),gesetz,JU,educ,1980,1
SLC:DF_LAWS(1.0),gesetz,LU,etat,1980,1
SLC:DF_LAWS(1.0),gesetz,NE,autres,1980,1
SLC:DF_LAWS(1.0),gesetz,NE,etat,1980,1
SLC:DF_LAWS(1.0),gesetz,NW,etat,1980,1
SLC:DF_LAWS(1.0),gesetz,OW,etat,1980,2
SLC:DF_LAWS(1.0),gesetz,SG,educ,1980,2
SLC:DF_LAWS(1.0),gesetz,SG,etat,1980,1
SLC:DF_LAWS(1.0),gesetz,SG,sante,1980,1
SLC:DF_LAWS(1.0),gesetz,SH,infra,1980,1
SLC:DF_LAWS(1.0),gesetz,SO,educ,1980,1
SLC:DF_LAWS(1.0),gesetz,SO,infra,1980,1
SLC:DF_LAWS(1.0),gesetz,SO,sante,1980,1
SLC:DF_LAWS(1.0),gesetz,SZ,fin,1980,1
SLC:DF_LAWS(1.0),gesetz,SZ,sante,1980,2
SLC:DF_LAWS(1.0),gesetz,TG,etat,1980,1
SLC:DF_LAWS(1.0),gesetz,TI,etat,1980,1
SLC:DF_LAWS(1.0),gesetz,TI,fin,1980,1
SLC:DF_LAWS(1.0),gesetz,UR,autres,1980,1
SLC:DF_LAWS(1.0),gesetz,UR,eco,1980,1
SLC:DF_LAWS(1.0),gesetz,UR,sante,1980,1
SLC:DF_LAWS(1.0),gesetz,VD,educ,1980,1
SLC:DF_LAWS(1.0),gesetz,VD,etat,1980,1
SLC:DF_LAWS(1.0),gesetz,VS,autres,1980,1
SLC:DF_LAWS(1.0),gesetz,VS,etat,1980,1
SLC:DF_LAWS(1.0),gesetz,VS,fin,1980,1
SLC:DF_LAWS(1.0),gesetz,ZG,autres,1980,1
SLC:DF_LAWS(1.0),gesetz,ZG,etat,1980,1
SLC:DF_LAWS(1.0),gesetz,ZH,sante,1980,1
SLC:DF_LAWS(1.0),interkantonale_vereinbarung,AI,fin,1980,1
SLC:DF_LAWS(1.0),interkantonale_vereinbarung,BE,eco,1980,1
SLC:DF_LAWS(1.0),interkantonale_vereinbarung,BE,etat,1980,2
SLC:DF_LAWS(1.0),interkantonale_vereinbarung,BL,eco,1980,1
SLC:DF_LAWS(1.0),interkantonale_vereinbarung,BS,eco,1980,1
SLC:DF_LAWS(1.0),interkantonale_vereinbarung,FR,fin,1980,1
SLC:DF_LAWS(1.0),interkantonale_vereinbarung,GL,educ,1980,1
SLC:DF_LAWS(1.0),interkantonale_vereinbarung,GL,infra,1980,1
SLC:DF_LAWS(1.0),interkantonale_vereinbarung,JU,eco,1980,1
SLC:DF_LAWS(1.0),interkantonale_vereinbarung,JU,etat,1980,2
SLC:DF_LAWS(1.0),interkantonale_vereinbarung,NE,educ,1980,1
SLC:DF_LAWS(1.0),interkantonale_vereinbarung,NW,sante,1980,1
SLC:DF_LAWS(1.0),interkantonale_vereinbarung,SG,educ,1980,2
SLC:DF_LAWS(1.0),interkantonale_vereinbarung,SG,infra,1980,1
SLC:DF_LAWS(1.0),interkantonale_vereinbarung,SO,autres,1980,1
SLC:DF_LAWS(1.0),interkantonale_vereinbarung,SZ,educ,1980,1
SLC:DF_LAWS(1.0),interkantonale_vereinbarung,VD,sante,1980,1
SLC:DF_LAWS(1.0),interkantonale_vereinbarung,ZG,autres,1980,2
SLC:DF_LAWS(1.0),interkantonale_vereinbarung,ZH,fin,1980,1
SLC:DF_LAWS(1.0),interkantonale_vereinbarung,ZH,sante,1980,1
SLC:DF_LAWS(1.0),reglement,BS,etat,1980,2
SLC:DF_LAWS(1.0),reglement,GE,eco,1980,1
SLC:DF_LAWS(1.0),reglement,JU,autres,1980,1
SLC:DF_LAWS(1.0),reglement,JU,eco,1980,1
SLC:DF_LAWS(1.0),reglement,NE,educ,1980,1
SLC:DF_LAWS(1.0),reglement,NE,fin,1980,1
SLC:DF_LAWS(1.0),reglement,NE,infra,1980,1
SLC:DF_LAWS(1.0),reglement,NE,sante,1980,2
SLC:DF_LAWS(1.0),reglement,NW,etat,1980,1
SLC:DF_LAWS(1.0),reglement,SG,educ,1980,1
SLC:DF_LAWS(1.0),reglement,SZ,etat,1980,1
SLC:DF_LAWS(1.0),reglement,TI,sante,1980,2
SLC:DF_LAWS(1.0),reglement,VD,educ,1980,1
SLC:DF_LAWS(1.0),reglement,VS,eco,1980,2
SLC:DF_LAWS(1.0),reglement,ZG,infra,1980,3
SLC:DF_LAWS(1.0),staatsvertrag,GE,autres,1980,1
SLC:DF_LAWS(1.0),staatsvertrag,VD,fin,1980,1
SLC:DF_LAWS(1.0),staatsvertrag,VS,fin,1980,1
SLC:DF_LAWS(1.0),verfassung,AG,etat,1980,1
SLC:DF_LAWS(1.0),verordnung,AG,autres,1980,1
SLC:DF_LAWS(1.0),verordnung,AG,sante,1980,1
SLC:DF_LAWS(1.0),verordnung,BE,etat,1980,3
SLC:DF_LAWS(1.0),verordnung,BE,fin,1980,1
SLC:DF_LAWS(1.0),verordnung,BE,sante,1980,1
SLC:DF_LAWS(1.0),verordnung,BL,eco,1980,1
SLC:DF_LAWS(1.0),verordnung,BL,etat,1980,1
SLC:DF_LAWS(1.0),verordnung,BL,infra,1980,4
SLC:DF_LAWS(1.0),verordnung,BS,eco,1980,1
SLC:DF_LAWS(1.0),verordnung,BS,educ,1980,1
SLC:DF_LAWS(1.0),verordnung,BS,etat,1980,4
SLC:DF_LAWS(1.0),verordnung,BS,infra,1980,1
SLC:DF_LAWS(1.0),verordnung,FR,educ,1980,1
SLC:DF_LAWS(1.0),verordnung,FR,etat,1980,1
SLC:DF_LAWS(1.0),verordnung,GR,etat,1980,3
SLC:DF_LAWS(1.0),verordnung,JU,autres,1980,1
SLC:DF_LAWS(1.0),verordnung,JU,educ,1980,1
SLC:DF_LAWS(1.0),verordnung,JU,etat,1980,11
SLC:DF_LAWS(1.0),verordnung,JU,infra,1980,10
SLC:DF_LAWS(1.0),verordnung,JU,sante,1980,2
SLC:DF_LAWS(1.0),verordnung,LU,etat,1980,1
SLC:DF_LAWS(1.0),verordnung,LU,sante,1980,1
SLC:DF_LAWS(1.0),verordnung,OW,autres,1980,2
SLC:DF_LAWS(1.0),verordnung,OW,eco,1980,1
SLC:DF_LAWS(1.0),verordnung,SG,educ,1980,2
SLC:DF_LAWS(1.0),verordnung,SG,etat,1980,7
SLC:DF_LAWS(1.0),verordnung,SG,infra,1980,1
SLC:DF_LAWS(1.0),verordnung,SG,sante,1980,1
SLC:DF_LAWS(1.0),verordnung,SH,etat,1980,2
SLC:DF_LAWS(1.0),verordnung,SH,infra,1980,2
SLC:DF_LAWS(1.0),verordnung,SO,educ,1980,2
SLC:DF_LAWS(1.0),verordnung,SO,etat,1980,1
SLC:DF_LAWS(1.0),verordnung,SZ,infra,1980,3
SLC:DF_LAWS(1.0),verordnung,TG,autres,1980,1
SLC:DF_LAWS(1.0),verordnung,TG,etat,1980,3
SLC:DF_LAWS(1.0),verordnung,TG,sante,1980,1
SLC:DF_LAWS(1.0),verordnung,TI,etat,1980,1
SLC:DF_LAWS(1.0),verordnung,ZG,autres,1980,1
SLC:DF_LAWS(1.0),verordnung,ZG,infra,1980,1
SLC:DF_LAWS(1.0),verordnung,ZG,sante,1980,2
SLC:DF_LAWS(1.0),verordnung,ZH,eco,1980,1
SLC:DF_LAWS(1.0),verordnung,ZH,etat,1980,5
SLC:DF_LAWS(1.0),verordnung,ZH,infra,1980,1
SLC:DF_LAWS(1.0),verordnung,ZH,sante,1980,1
SLC:DF_LAWS(1.0),anderes,_T,_T,1980,38
SLC:DF_LAWS(1.0),dekret,_T,_T,1980,27
SLC:DF_LAWS(1.0),gemeindeerlass,_T,_T,1980,1
SLC:DF_LAWS(1.0),gesetz,_T,_T,1980,56
SLC:DF_LAWS(1.0),interkantonale_vereinbarung,_T,_T,1980,24
SLC:DF_LAWS(1.0),reglement,_T,_T,1980,21
SLC:DF_LAWS(1.0),staatsvertrag,_T,_T,1980,3
SLC:DF_LAWS(1.0),verfassung,_T,_T,1980,1
SLC:DF_LAWS(1.0),verordnung,_T,_T,1980,94
SLC:DF_LAWS(1.0),_T,AG,_T,1980,8
SLC:DF_LAWS(1.0),_T,AI,_T,1980,5
SLC:DF_LAWS(1.0),_T,AR,_T,1980,2
SLC:DF_LAWS(1.0),_T,BE,_T,1980,14
SLC:DF_LAWS(1.0),_T,BL,_T,1980,15
SLC:DF_LAWS(1.0),_T,BS,_T,1980,19
SLC:DF_LAWS(1.0),_T,FR,_T,1980,11
SLC:DF_LAWS(1.0),_T,GE,_T,1980,5
SLC:DF_LAWS(1.0),_T,GL,_T,1980,8
SLC:DF_LAWS(1.0),_T,GR,_T,1980,7
SLC:DF_LAWS(1.0),_T,JU,_T,1980,34
SLC:DF_LAWS(1.0),_T,LU,_T,1980,3
SLC:DF_LAWS(1.0),_T,NE,_T,1980,15
SLC:DF_LAWS(1.0),_T,NW,_T,1980,5
SLC:DF_LAWS(1.0),_T,OW,_T,1980,10
SLC:DF_LAWS(1.0),_T,SG,_T,1980,23
SLC:DF_LAWS(1.0),_T,SH,_T,1980,5
SLC:DF_LAWS(1.0),_T,SO,_T,1980,12
SLC:DF_LAWS(1.0),_T,SZ,_T,1980,8
SLC:DF_LAWS(1.0),_T,TG,_T,1980,7
SLC:DF_LAWS(1.0),_T,TI,_T,1980,5
SLC:DF_LAWS(1.0),_T,UR,_T,1980,4
SLC:DF_LAWS(1.0),_T,VD,_T,1980,5
SLC:DF_LAWS(1.0),_T,VS,_T,1980,8
SLC:DF_LAWS(1.0),_T,ZG,_T,1980,11
SLC:DF_LAWS(1.0),_T,ZH,_T,1980,16
SLC:DF_LAWS(1.0),_T,_T,autres,1980,21
SLC:DF_LAWS(1.0),_T,_T,eco,1980,19
SLC:DF_LAWS(1.0),_T,_T,educ,1980,32
SLC:DF_LAWS(1.0),_T,_T,etat,1980,91
SLC:DF_LAWS(1.0),_T,_T,fin,1980,17
SLC:DF_LAWS(1.0),_T,_T,infra,1980,47
SLC:DF_LAWS(1.0),_T,_T,sante,1980,38
SLC:DF_LAWS(1.0),_T,_T,_T,1980,265
SLC:DF_LAWS(1.0),anderes,AG,infra,1981,1
SLC:DF_LAWS(1.0),anderes,BL,sante,1981,2
SLC:DF_LAWS(1.0),anderes,BS,educ,1981,2
SLC:DF_LAWS(1.0),anderes,BS,infra,1981,1
SLC:DF_LAWS(1.0),anderes,FR,educ,1981,1
SLC:DF_LAWS(1.0),anderes,FR,etat,1981,1
SLC:DF_LAWS(1.0),anderes,FR,infra,1981,4
SLC:DF_LAWS(1.0),anderes,GL,educ,1981,1
SLC:DF_LAWS(1.0),anderes,GL,etat,1981,2
SLC:DF_LAWS(1.0),anderes,GL,infra,1981,2
SLC:DF_LAWS(1.0),anderes,GR,autres,1981,1
SLC:DF_LAWS(1.0),anderes,JU,etat,1981,2
SLC:DF_LAWS(1.0),anderes,LU,etat,1981,1
SLC:DF_LAWS(1.0),anderes,NE,educ,1981,7
SLC:DF_LAWS(1.0),anderes,NE,etat,1981,6
SLC:DF_LAWS(1.0),anderes,NW,autres,1981,1
SLC:DF_LAWS(1.0),anderes,NW,eco,1981,1
SLC:DF_LAWS(1.0),anderes,SG,etat,1981,1
SLC:DF_LAWS(1.0),anderes,SH,educ,1981,2
SLC:DF_LAWS(1.0),anderes,SO,autres,1981,1
SLC:DF_LAWS(1.0),anderes,SO,eco,1981,1
SLC:DF_LAWS(1.0),anderes,SO,infra,1981,2
SLC:DF_LAWS(1.0),anderes,VD,infra,1981,1
SLC:DF_LAWS(1.0),anderes,VS,etat,1981,1
SLC:DF_LAWS(1.0),anderes,VS,infra,1981,1
SLC:DF_LAWS(1.0),anderes,ZH,etat,1981,1
SLC:DF_LAWS(1.0),anderes,ZH,sante,1981,1
SLC:DF_LAWS(1.0),dekret,AG,etat,1981,1
SLC:DF_LAWS(1.0),dekret,AG,sante,1981,1
SLC:DF_LAWS(1.0),dekret,AI,eco,1981,1
SLC:DF_LAWS(1.0),dekret,AI,etat,1981,1
SLC:DF_LAWS(1.0),dekret,AR,autres,1981,1
SLC:DF_LAWS(1.0),dekret,AR,eco,1981,1
SLC:DF_LAWS(1.0),dekret,AR,etat,1981,3
SLC:DF_LAWS(1.0),dekret,AR,infra,1981,1
SLC:DF_LAWS(1.0),dekret,BE,fin,1981,1
SLC:DF_LAWS(1.0),dekret,BE,infra,1981,1
SLC:DF_LAWS(1.0),dekret,BL,etat,1981,1
SLC:DF_LAWS(1.0),dekret,FR,etat,1981,1
SLC:DF_LAWS(1.0),dekret,GL,infra,1981,1
SLC:DF_LAWS(1.0),dekret,JU,etat,1981,2
SLC:DF_LAWS(1.0),dekret,NW,etat,1981,1
SLC:DF_LAWS(1.0),dekret,NW,sante,1981,1
SLC:DF_LAWS(1.0),dekret,SG,etat,1981,2
SLC:DF_LAWS(1.0),dekret,SH,educ,1981,1
SLC:DF_LAWS(1.0),dekret,UR,fin,1981,1
SLC:DF_LAWS(1.0),dekret,UR,infra,1981,1
SLC:DF_LAWS(1.0),dekret,UR,sante,1981,1
SLC:DF_LAWS(1.0),dekret,ZG,sante,1981,1
SLC:DF_LAWS(1.0),gemeindeerlass,BS,eco,1981,2
SLC:DF_LAWS(1.0),gemeindeerlass,BS,etat,1981,3
SLC:DF_LAWS(1.0),gemeindeerlass,BS,infra,1981,1
SLC:DF_LAWS(1.0),gesetz,AG,educ,1981,1
SLC:DF_LAWS(1.0),gesetz,AR,eco,1981,1
SLC:DF_LAWS(1.0),gesetz,BE,infra,1981,1
SLC:DF_LAWS(1.0),gesetz,BL,etat,1981,2
SLC:DF_LAWS(1.0),gesetz,BL,fin,1981,1
SLC:DF_LAWS(1.0),gesetz,BL,infra,1981,1
SLC:DF_LAWS(1.0),gesetz,BS,sante,1981,1
SLC:DF_LAWS(1.0),gesetz,FR,infra,1981,1
SLC:DF_LAWS(1.0),gesetz,GE,autres,1981,1
SLC:DF_LAWS(1.0),gesetz,GE,etat,1981,2
SLC:DF_LAWS(1.0),gesetz,GL,educ,1981,1
SLC:DF_LAWS(1.0),gesetz,GR,eco,1981,1
SLC:DF_LAWS(1.0),gesetz,JU,etat,1981,2
SLC:DF_LAWS(1.0),gesetz,JU,infra,1981,1
SLC:DF_LAWS(1.0),gesetz,JU,sante,1981,1
SLC:DF_LAWS(1.0),gesetz,LU,autres,1981,1
SLC:DF_LAWS(1.0),gesetz,LU,sante,1981,2
SLC:DF_LAWS(1.0),gesetz,NE,autres,1981,1
SLC:DF_LAWS(1.0),gesetz,NE,educ,1981,1
SLC:DF_LAWS(1.0),gesetz,NW,etat,1981,1
SLC:DF_LAWS(1.0),gesetz,OW,autres,1981,1
SLC:DF_LAWS(1.0),gesetz,SH,educ,1981,1
SLC:DF_LAWS(1.0),gesetz,SO,etat,1981,1
SLC:DF_LAWS(1.0),gesetz,SZ,etat,1981,1
SLC:DF_LAWS(1.0),gesetz,SZ,sante,1981,1
SLC:DF_LAWS(1.0),gesetz,TG,etat,1981,1
SLC:DF_LAWS(1.0),gesetz,TI,etat,1981,1
SLC:DF_LAWS(1.0),gesetz,TI,sante,1981,1
SLC:DF_LAWS(1.0),gesetz,UR,fin,1981,1
SLC:DF_LAWS(1.0),gesetz,UR,infra,1981,1
SLC:DF_LAWS(1.0),gesetz,VD,etat,1981,3
SLC:DF_LAWS(1.0),gesetz,VS,etat,1981,1
SLC:DF_LAWS(1.0),gesetz,ZG,autres,1981,1
SLC:DF_LAWS(1.0),gesetz,ZG,etat,1981,1
SLC:DF_LAWS(1.0),gesetz,ZH,eco,1981,1
SLC:DF_LAWS(1.0),gesetz,ZH,etat,1981,1
SLC:DF_LAWS(1.0),gesetz,ZH,infra,1981,1
SLC:DF_LAWS(1.0),gesetz,ZH,sante,1981,2
SLC:DF_LAWS(1.0),interkantonale_vereinbarung,AG,fin,1981,1
SLC:DF_LAWS(1.0),interkantonale_vereinbarung,AI,fin,1981,1
SLC:DF_LAWS(1.0),interkantonale_vereinbarung,AR,educ,1981,1
SLC:DF_LAWS(1.0),interkantonale_vereinbarung,AR,fin,1981,1
SLC:DF_LAWS(1.0),interkantonale_vereinbarung,AR,sante,1981,1
SLC:DF_LAWS(1.0),interkantonale_vereinbarung,GL,fin,1981,1
SLC:DF_LAWS(1.0),interkantonale_vereinbarung,GL,sante,1981,1
SLC:DF_LAWS(1.0),interkantonale_vereinbarung,JU,etat,1981,1
SLC:DF_LAWS(1.0),interkantonale_vereinbarung,SG,eco,1981,1
SLC:DF_LAWS(1.0),interkantonale_vereinbarung,SG,educ,1981,2
SLC:DF_LAWS(1.0),interkantonale_vereinbarung,SG,fin,1981,3
SLC:DF_LAWS(1.0),interkantonale_vereinbarung,SG,sante,1981,1
SLC:DF_LAWS(1.0),interkantonale_vereinbarung,SH,sante,1981,1
SLC:DF_LAWS(1.0),interkantonale_vereinbarung,SO,etat,1981,1
SLC:DF_LAWS(1.0),interkantonale_vereinbarung,SO,fin,1981,1
SLC:DF_LAWS(1.0),interkantonale_vereinbarung,TG,sante,1981,1
SLC:DF_LAWS(1.0),interkantonale_vereinbarung,VD,sante,1981,1
SLC:DF_LAWS(1.0),interkantonale_vereinbarung,ZG,autres,1981,1
SLC:DF_LAWS(1.0),interkantonale_vereinbarung,ZH,fin,1981,1
SLC:DF_LAWS(1.0),reglement,FR,etat,1981,1
SLC:DF_LAWS(1.0),reglement,FR,sante,1981,1
SLC:DF_LAWS(1.0),reglement,GE,eco,1981,1
SLC:DF_LAWS(1.0),reglement,GE,educ,1981,1
SLC:DF_LAWS(1.0),reglement,GE,etat,1981,2
SLC:DF_LAWS(1.0),reglement,GE,sante,1981,1
SLC:DF_LAWS(1.0),reglement,GL,educ,1981,2
SLC:DF_LAWS(1.0),reglement,JU,etat,1981,1
SLC:DF_LAWS(1.0),reglement,NE,educ,1981,1
SLC:DF_LAWS(1.0),reglement,NE,etat,1981,2
SLC:DF_LAWS(1.0),reglement,SG,educ,1981,1
SLC:DF_LAWS(1.0),reglement,SO,infra,1981,1
SLC:DF_LAWS(1.0),reglement,TI,educ,1981,1
SLC:DF_LAWS(1.0),reglement,VD,autres,1981,1
SLC:DF_LAWS(1.0),reglement,VD,educ,1981,1
SLC:DF_LAWS(1.0),reglement,VD,etat,1981,1
SLC:DF_LAWS(1.0),reglement,VD,sante,1981,2
SLC:DF_LAWS(1.0),reglement,VS,autres,1981,1
SLC:DF_LAWS(1.0),reglement,VS,fin,1981,1
SLC:DF_LAWS(1.0),staatsvertrag,SG,educ,1981,1
SLC:DF_LAWS(1.0),verordnung,AG,autres,1981,1
SLC:DF_LAWS(1.0),verordnung,AG,eco,1981,1
SLC:DF_LAWS(1.0),verordnung,AG,etat,1981,2
SLC:DF_LAWS(1.0),verordnung,AG,fin,1981,2
SLC:DF_LAWS(1.0),verordnung,AG,infra,1981,1
SLC:DF_LAWS(1.0),verordnung,AR,sante,1981,1
SLC:DF_LAWS(1.0),verordnung,BE,etat,1981,1
SLC:DF_LAWS(1.0),verordnung,BL,etat,1981,3
SLC:DF_LAWS(1.0),verordnung,BL,fin,1981,2
SLC:DF_LAWS(1.0),verordnung,BL,infra,1981,1
SLC:DF_LAWS(1.0),verordnung,BS,etat,1981,2
SLC:DF_LAWS(1.0),verordnung,BS,infra,1981,3
SLC:DF_LAWS(1.0),verordnung,FR,etat,1981,1
SLC:DF_LAWS(1.0),verordnung,GL,eco,1981,1
SLC:DF_LAWS(1.0),verordnung,GL,etat,1981,1
SLC:DF_LAWS(1.0),verordnung,JU,autres,1981,1
SLC:DF_LAWS(1.0),verordnung,JU,educ,1981,1
SLC:DF_LAWS(1.0),verordnung,JU,etat,1981,5
SLC:DF_LAWS(1.0),verordnung,JU,sante,1981,3
SLC:DF_LAWS(1.0),verordnung,LU,etat,1981,1
SLC:DF_LAWS(1.0),verordnung,LU,sante,1981,1
SLC:DF_LAWS(1.0),verordnung,NE,educ,1981,1
SLC:DF_LAWS(1.0),verordnung,NE,etat,1981,1
SLC:DF_LAWS(1.0),verordnung,NE,infra,1981,1
SLC:DF_LAWS(1.0),verordnung,NW,etat,1981,2
SLC:DF_LAWS(1.0),verordnung,OW,autres,1981,1
SLC:DF_LAWS(1.0),verordnung,OW,etat,1981,3
SLC:DF_LAWS(1.0),verordnung,SG,educ,1981,2
SLC:DF_LAWS(1.0),verordnung,SG,etat,1981,3
SLC:DF_LAWS(1.0),verordnung,SG,sante,1981,3
SLC:DF_LAWS(1.0),verordnung,SH,eco,1981,1
SLC:DF_LAWS(1.0),verordnung,SO,autres,1981,1
SLC:DF_LAWS(1.0),verordnung,SO,eco,1981,1
SLC:DF_LAWS(1.0),verordnung,SO,etat,1981,1
SLC:DF_LAWS(1.0),verordnung,SZ,etat,1981,1
SLC:DF_LAWS(1.0),verordnung,SZ,sante,1981,1
SLC:DF_LAWS(1.0),verordnung,TG,infra,1981,3
SLC:DF_LAWS(1.0),verordnung,TG,sante,1981,1
SLC:DF_LAWS(1.0),verordnung,ZG,autres,1981,1
SLC:DF_LAWS(1.0),verordnung,ZG,etat,1981,1
SLC:DF_LAWS(1.0),verordnung,ZG,sante,1981,2
SLC:DF_LAWS(1.0),verordnung,ZH,eco,1981,1
SLC:DF_LAWS(1.0),verordnung,ZH,etat,1981,1
SLC:DF_LAWS(1.0),verordnung,ZH,infra,1981,2
SLC:DF_LAWS(1.0),verordnung,ZH,sante,1981,3
SLC:DF_LAWS(1.0),anderes,_T,_T,1981,48
SLC:DF_LAWS(1.0),dekret,_T,_T,1981,26
SLC:DF_LAWS(1.0),gemeindeerlass,_T,_T,1981,6
SLC:DF_LAWS(1.0),gesetz,_T,_T,1981,45
SLC:DF_LAWS(1.0),interkantonale_vereinbarung,_T,_T,1981,22
SLC:DF_LAWS(1.0),reglement,_T,_T,1981,23
SLC:DF_LAWS(1.0),staatsvertrag,_T,_T,1981,1
SLC:DF_LAWS(1.0),verordnung,_T,_T,1981,73
SLC:DF_LAWS(1.0),_T,AG,_T,1981,12
SLC:DF_LAWS(1.0),_T,AI,_T,1981,3
SLC:DF_LAWS(1.0),_T,AR,_T,1981,11
SLC:DF_LAWS(1.0),_T,BE,_T,1981,4
SLC:DF_LAWS(1.0),_T,BL,_T,1981,13
SLC:DF_LAWS(1.0),_T,BS,_T,1981,15
SLC:DF_LAWS(1.0),_T,FR,_T,1981,11
SLC:DF_LAWS(1.0),_T,GE,_T,1981,8
SLC:DF_LAWS(1.0),_T,GL,_T,1981,13
SLC:DF_LAWS(1.0),_T,GR,_T,1981,2
SLC:DF_LAWS(1.0),_T,JU,_T,1981,20
SLC:DF_LAWS(1.0),_T,LU,_T,1981,6
SLC:DF_LAWS(1.0),_T,NE,_T,1981,21
SLC:DF_LAWS(1.0),_T,NW,_T,1981,7
SLC:DF_LAWS(1.0),_T,OW,_T,1981,5
SLC:DF_LAWS(1.0),_T,SG,_T,1981,20
SLC:DF_LAWS(1.0),_T,SH,_T,1981,6
SLC:DF_LAWS(1.0),_T,SO,_T,1981,11
SLC:DF_LAWS(1.0),_T,SZ,_T,1981,4
SLC:DF_LAWS(1.0),_T,TG,_T,1981,6
SLC:DF_LAWS(1.0),_T,TI,_T,1981,3
SLC:DF_LAWS(1.0),_T,UR,_T,1981,5
SLC:DF_LAWS(1.0),_T,VD,_T,1981,10
SLC:DF_LAWS(1.0),_T,VS,_T,1981,5
SLC:DF_LAWS(1.0),_T,ZG,_T,1981,8
SLC:DF_LAWS(1.0),_T,ZH,_T,1981,15
SLC:DF_LAWS(1.0),_T,_T,autres,1981,17
SLC:DF_LAWS(1.0),_T,_T,eco,1981,16
SLC:DF_LAWS(1.0),_T,_T,educ,1981,33
SLC:DF_LAWS(1.0),_T,_T,etat,1981,85
SLC:DF_LAWS(1.0),_T,_T,fin,1981,18
SLC:DF_LAWS(1.0),_T,_T,infra,1981,35
SLC:DF_LAWS(1.0),_T,_T,sante,1981,40
SLC:DF_LAWS(1.0),_T,_T,_T,1981,244
SLC:DF_LAWS(1.0),anderes,BL,infra,1982,2
SLC:DF_LAWS(1.0),anderes,BS,educ,1982,1
SLC:DF_LAWS(1.0),anderes,BS,sante,1982,2
SLC:DF_LAWS(1.0),anderes,FR,educ,1982,1
SLC:DF_LAWS(1.0),anderes,FR,etat,1982,1
SLC:DF_LAWS(1.0),anderes,FR,fin,1982,1
SLC:DF_LAWS(1.0),anderes,FR,infra,1982,3
SLC:DF_LAWS(1.0),anderes,FR,sante,1982,1
SLC:DF_LAWS(1.0),anderes,GE,etat,1982,2
SLC:DF_LAWS(1.0),anderes,GL,sante,1982,1
SLC:DF_LAWS(1.0),anderes,GR,autres,1982,1
SLC:DF_LAWS(1.0),anderes,GR,infra,1982,1
SLC:DF_LAWS(1.0),anderes,JU,eco,1982,1
SLC:DF_LAWS(1.0),anderes,JU,etat,1982,1
SLC:DF_LAWS(1.0),anderes,LU,autres,1982,1
SLC:DF_LAWS(1.0),anderes,LU,eco,1982,1
SLC:DF_LAWS(1.0),anderes,LU,etat,1982,1
SLC:DF_LAWS(1.0),anderes,NE,sante,1982,1
SLC:DF_LAWS(1.0),anderes,NW,etat,1982,1
SLC:DF_LAWS(1.0),anderes,OW,infra,1982,1
SLC:DF_LAWS(1.0),anderes,SH,educ,1982,1
SLC:DF_LAWS(1.0),anderes,SH,sante,1982,2
SLC:DF_LAWS(1.0),anderes,SO,educ,1982,2
SLC:DF_LAWS(1.0),anderes,SO,etat,1982,2
SLC:DF_LAWS(1.0),anderes,SO,infra,1982,1
SLC:DF_LAWS(1.0),anderes,SZ,educ,1982,1
SLC:DF_LAWS(1.0),anderes,TG,sante,1982,1
SLC:DF_LAWS(1.0),anderes,TI,infra,1982,1
SLC:DF_LAWS(1.0),anderes,UR,infra,1982,2
SLC:DF_LAWS(1.0),anderes,VD,fin,1982,1
SLC:DF_LAWS(1.0),anderes,VS,eco,1982,1
SLC:DF_LAWS(1.0),anderes,VS,infra,1982,1
SLC:DF_LAWS(1.0),anderes,VS,sante,1982,1
SLC:DF_LAWS(1.0),anderes,ZH,etat,1982,2
SLC:DF_LAWS(1.0),anderes,ZH,fin,1982,1
SLC:DF_LAWS(1.0),anderes,ZH,sante,1982,1
SLC:DF_LAWS(1.0),dekret,AG,infra,1982,1
SLC:DF_LAWS(1.0),dekret,BE,etat,1982,1
SLC:DF_LAWS(1.0),dekret,BL,autres,1982,1
SLC:DF_LAWS(1.0),dekret,FR,etat,1982,1
SLC:DF_LAWS(1.0),dekret,GR,educ,1982,1
SLC:DF_LAWS(1.0),dekret,GR,etat,1982,1
SLC:DF_LAWS(1.0),dekret,LU,etat,1982,1
SLC:DF_LAWS(1.0),dekret,NW,etat,1982,1
SLC:DF_LAWS(1.0),dekret,NW,sante,1982,2
SLC:DF_LAWS(1.0),dekret,OW,infra,1982,1
SLC:DF_LAWS(1.0),dekret,SG,educ,1982,4
SLC:DF_LAWS(1.0),dekret,SG,etat,1982,1
SLC:DF_LAWS(1.0),dekret,SG,fin,1982,1
SLC:DF_LAWS(1.0),dekret,SG,infra,1982,1
SLC:DF_LAWS(1.0),dekret,SG,sante,1982,1
SLC:DF_LAWS(1.0),dekret,SH,educ,1982,1
SLC:DF_LAWS(1.0),dekret,SZ,sante,1982,1
SLC:DF_LAWS(1.0),dekret,UR,eco,1982,1
SLC:DF_LAWS(1.0),dekret,UR,educ,1982,1
SLC:DF_LAWS(1.0),dekret,UR,etat,1982,2
SLC:DF_LAWS(1.0),dekret,UR,sante,1982,1
SLC:DF_LAWS(1.0),dekret,VD,fin,1982,1
SLC:DF_LAWS(1.0),dekret,ZG,sante,1982,1
SLC:DF_LAWS(1.0),gemeindeerlass,BS,sante,1982,1
SLC:DF_LAWS(1.0),gesetz,AG,sante,1982,1
SLC:DF_LAWS(1.0),gesetz,AI,sante,1982,1
SLC:DF_LAWS(1.0),gesetz,AR,etat,1982,1
SLC:DF_LAWS(1.0),gesetz,AR,sante,1982,1
SLC:DF_LAWS(1.0),gesetz,BE,educ,1982,1
SLC:DF_LAWS(1.0),gesetz,BE,etat,1982,1
SLC:DF_LAWS(1.0),gesetz,BE,infra,1982,1
SLC:DF_LAWS(1.0),gesetz,BL,fin,1982,1
SLC:DF_LAWS(1.0),gesetz,BS,etat,1982,1
SLC:DF_LAWS(1.0),gesetz,BS,sante,1982,2
SLC:DF_LAWS(1.0),gesetz,FR,etat,1982,1
SLC:DF_LAWS(1.0),gesetz,FR,fin,1982,1
SLC:DF_LAWS(1.0),gesetz,GE,autres,1982,1
SLC:DF_LAWS(1.0),gesetz,GE,eco,1982,1
SLC:DF_LAWS(1.0),gesetz,GR,educ,1982,1
SLC:DF_LAWS(1.0),gesetz,JU,etat,1982,3
SLC:DF_LAWS(1.0),gesetz,JU,fin,1982,1
SLC:DF_LAWS(1.0),gesetz,NW,fin,1982,1
SLC:DF_LAWS(1.0),gesetz,SG,eco,1982,1
SLC:DF_LAWS(1.0),gesetz,SG,sante,1982,1
SLC:DF_LAWS(1.0),gesetz,SH,etat,1982,1
SLC:DF_LAWS(1.0),gesetz,SO,fin,1982,1
SLC:DF_LAWS(1.0),gesetz,TG,educ,1982,1
SLC:DF_LAWS(1.0),gesetz,TI,educ,1982,1
SLC:DF_LAWS(1.0),gesetz,TI,infra,1982,2
SLC:DF_LAWS(1.0),gesetz,VD,etat,1982,1
SLC:DF_LAWS(1.0),gesetz,VS,eco,1982,1
SLC:DF_LAWS(1.0),gesetz,VS,educ,1982,1
SLC:DF_LAWS(1.0),gesetz,VS,etat,1982,1
SLC:DF_LAWS(1.0),gesetz,VS,infra,1982,1
SLC:DF_LAWS(1.0),gesetz,ZG,autres,1982,1
SLC:DF_LAWS(1.0),gesetz,ZG,infra,1982,1
SLC:DF_LAWS(1.0),gesetz,ZG,sante,1982,2
SLC:DF_LAWS(1.0),interkantonale_vereinbarung,AG,fin,1982,1
SLC:DF_LAWS(1.0),interkantonale_vereinbarung,AI,fin,1982,1
SLC:DF_LAWS(1.0),interkantonale_vereinbarung,BL,educ,1982,1
SLC:DF_LAWS(1.0),interkantonale_vereinbarung,BL,infra,1982,1
SLC:DF_LAWS(1.0),interkantonale_vereinbarung,BS,infra,1982,1
SLC:DF_LAWS(1.0),interkantonale_vereinbarung,LU,educ,1982,1
SLC:DF_LAWS(1.0),interkantonale_vereinbarung,LU,sante,1982,1
SLC:DF_LAWS(1.0),interkantonale_vereinbarung,OW,sante,1982,1
SLC:DF_LAWS(1.0),interkantonale_vereinbarung,SG,educ,1982,1
SLC:DF_LAWS(1.0),interkantonale_vereinbarung,SG,infra,1982,2
SLC:DF_LAWS(1.0),interkantonale_vereinbarung,SG,sante,1982,1
SLC:DF_LAWS(1.0),interkantonale_vereinbarung,SO,etat,1982,1
SLC:DF_LAWS(1.0),interkantonale_vereinbarung,SZ,sante,1982,2
SLC:DF_LAWS(1.0),interkantonale_vereinbarung,UR,educ,1982,1
SLC:DF_LAWS(1.0),interkantonale_vereinbarung,UR,sante,1982,1
SLC:DF_LAWS(1.0),interkantonale_vereinbarung,VD,educ,1982,1
SLC:DF_LAWS(1.0),interkantonale_vereinbarung,VD,infra,1982,1
SLC:DF_LAWS(1.0),interkantonale_vereinbarung,ZG,sante,1982,1
SLC:DF_LAWS(1.0),interkantonale_vereinbarung,ZH,fin,1982,1
SLC:DF_LAWS(1.0),reglement,FR,etat,1982,1
SLC:DF_LAWS(1.0),reglement,FR,infra,1982,1
SLC:DF_LAWS(1.0),reglement,GE,eco,1982,2
SLC:DF_LAWS(1.0),reglement,GE,etat,1982,5
SLC:DF_LAWS(1.0),reglement,GE,infra,1982,2
SLC:DF_LAWS(1.0),reglement,GR,educ,1982,1
SLC:DF_LAWS(1.0),reglement,LU,educ,1982,2
SLC:DF_LAWS(1.0),reglement,LU,etat,1982,1
SLC:DF_LAWS(1.0),reglement,NE,educ,1982,1
SLC:DF_LAWS(1.0),reglement,NE,etat,1982,2
SLC:DF_LAWS(1.0),reglement,TI,infra,1982,2
SLC:DF_LAWS(1.0),reglement,UR,eco,1982,1
SLC:DF_LAWS(1.0),reglement,UR,etat,1982,1
SLC:DF_LAWS(1.0),reglement,UR,infra,1982,1
SLC:DF_LAWS(1.0),reglement,VD,autres,1982,2
SLC:DF_LAWS(1.0),reglement,VD,educ,1982,1
SLC:DF_LAWS(1.0),reglement,VD,etat,1982,1
SLC:DF_LAWS(1.0),reglement,VD,infra,1982,2
SLC:DF_LAWS(1.0),reglement,VS,educ,1982,2
SLC:DF_LAWS(1.0),reglement,VS,etat,1982,2
SLC:DF_LAWS(1.0),verordnung,AG,etat,1982,2
SLC:DF_LAWS(1.0),verordnung,AG,infra,1982,1
SLC:DF_LAWS(1.0),verordnung,AI,fin,1982,1
SLC:DF_LAWS(1.0),verordnung,BE,autres,1982,1
SLC:DF_LAWS(1.0),verordnung,BE,eco,1982,1
SLC:DF_LAWS(1.0),verordnung,BE,etat,1982,2
SLC:DF_LAWS(1.0),verordnung,BE,sante,1982,1
SLC:DF_LAWS(1.0),verordnung,BL,autres,1982,1
SLC:DF_LAWS(1.0),verordnung,BL,etat,1982,1
SLC:DF_LAWS(1.0),verordnung,BL,fin,1982,1
SLC:DF_LAWS(1.0),verordnung,BS,educ,1982,2
SLC:DF_LAWS(1.0),verordnung,BS,etat,1982,1
SLC:DF_LAWS(1.0),verordnung,BS,infra,1982,1
SLC:DF_LAWS(1.0),verordnung,BS,sante,1982,5
SLC:DF_LAWS(1.0),verordnung,GR,educ,1982,2
SLC:DF_LAWS(1.0),verordnung,GR,etat,1982,2
SLC:DF_LAWS(1.0),verordnung,JU,autres,1982,2
SLC:DF_LAWS(1.0),verordnung,JU,eco,1982,2
SLC:DF_LAWS(1.0),verordnung,JU,educ,1982,1
SLC:DF_LAWS(1.0),verordnung,JU,etat,1982,5
SLC:DF_LAWS(1.0),verordnung,JU,fin,1982,2
SLC:DF_LAWS(1.0),verordnung,JU,infra,1982,1
SLC:DF_LAWS(1.0),verordnung,LU,autres,1982,1
SLC:DF_LAWS(1.0),verordnung,NE,etat,1982,1
SLC:DF_LAWS(1.0),verordnung,NE,sante,1982,1
SLC:DF_LAWS(1.0),verordnung,NW,sante,1982,1
SLC:DF_LAWS(1.0),verordnung,OW,infra,1982,1
SLC:DF_LAWS(1.0),verordnung,OW,sante,1982,1
SLC:DF_LAWS(1.0),verordnung,SG,eco,1982,1
SLC:DF_LAWS(1.0),verordnung,SG,educ,1982,1
SLC:DF_LAWS(1.0),verordnung,SG,fin,1982,1
SLC:DF_LAWS(1.0),verordnung,SG,infra,1982,1
SLC:DF_LAWS(1.0),verordnung,SG,sante,1982,2
SLC:DF_LAWS(1.0),verordnung,SH,sante,1982,3
SLC:DF_LAWS(1.0),verordnung,SO,educ,1982,2
SLC:DF_LAWS(1.0),verordnung,SZ,autres,1982,1
SLC:DF_LAWS(1.0),verordnung,TG,eco,1982,1
SLC:DF_LAWS(1.0),verordnung,TG,etat,1982,3
SLC:DF_LAWS(1.0),verordnung,TG,sante,1982,1
SLC:DF_LAWS(1.0),verordnung,UR,sante,1982,1
SLC:DF_LAWS(1.0),verordnung,VD,educ,1982,1
SLC:DF_LAWS(1.0),verordnung,ZG,eco,1982,1
SLC:DF_LAWS(1.0),verordnung,ZG,etat,1982,1
SLC:DF_LAWS(1.0),verordnung,ZH,fin,1982,2
SLC:DF_LAWS(1.0),anderes,_T,_T,1982,46
SLC:DF_LAWS(1.0),dekret,_T,_T,1982,28
SLC:DF_LAWS(1.0),gemeindeerlass,_T,_T,1982,1
SLC:DF_LAWS(1.0),gesetz,_T,_T,1982,38
SLC:DF_LAWS(1.0),interkantonale_vereinbarung,_T,_T,1982,21
SLC:DF_LAWS(1.0),reglement,_T,_T,1982,33
SLC:DF_LAWS(1.0),verordnung,_T,_T,1982,67
SLC:DF_LAWS(1.0),_T,AG,_T,1982,6
SLC:DF_LAWS(1.0),_T,AI,_T,1982,3
SLC:DF_LAWS(1.0),_T,AR,_T,1982,2
SLC:DF_LAWS(1.0),_T,BE,_T,1982,9
SLC:DF_LAWS(1.0),_T,BL,_T,1982,9
SLC:DF_LAWS(1.0),_T,BS,_T,1982,17
SLC:DF_LAWS(1.0),_T,FR,_T,1982,12
SLC:DF_LAWS(1.0),_T,GE,_T,1982,13
SLC:DF_LAWS(1.0),_T,GL,_T,1982,1
SLC:DF_LAWS(1.0),_T,GR,_T,1982,10
SLC:DF_LAWS(1.0),_T,JU,_T,1982,19
SLC:DF_LAWS(1.0),_T,LU,_T,1982,10
SLC:DF_LAWS(1.0),_T,NE,_T,1982,6
SLC:DF_LAWS(1.0),_T,NW,_T,1982,6
SLC:DF_LAWS(1.0),_T,OW,_T,1982,5
SLC:DF_LAWS(1.0),_T,SG,_T,1982,20
SLC:DF_LAWS(1.0),_T,SH,_T,1982,8
SLC:DF_LAWS(1.0),_T,SO,_T,1982,9
SLC:DF_LAWS(1.0),_T,SZ,_T,1982,5
SLC:DF_LAWS(1.0),_T,TG,_T,1982,7
SLC:DF_LAWS(1.0),_T,TI,_T,1982,6
SLC:DF_LAWS(1.0),_T,UR,_T,1982,13
SLC:DF_LAWS(1.0),_T,VD,_T,1982,12
SLC:DF_LAWS(1.0),_T,VS,_T,1982,11
SLC:DF_LAWS(1.0),_T,ZG,_T,1982,8
SLC:DF_LAWS(1.0),_T,ZH,_T,1982,7
SLC:DF_LAWS(1.0),_T,_T,autres,1982,13
SLC:DF_LAWS(1.0),_T,_T,eco,1982,16
SLC:DF_LAWS(1.0),_T,_T,educ,1982,39
SLC:DF_LAWS(1.0),_T,_T,etat,1982,60
SLC:DF_LAWS(1.0),_T,_T,fin,1982,20
SLC:DF_LAWS(1.0),_T,_T,infra,1982,38
SLC:DF_LAWS(1.0),_T,_T,sante,1982,48
SLC:DF_LAWS(1.0),_T,_T,_T,1982,234
SLC:DF_LAWS(1.0),anderes,BL,etat,1983,1
SLC:DF_LAWS(1.0),anderes,BL,sante,1983,1
SLC:DF_LAWS(1.0),anderes,BS,sante,1983,1
SLC:DF_LAWS(1.0),anderes,FR,etat,1983,1
SLC:DF_LAWS(1.0),anderes,FR,fin,1983,1
SLC:DF_LAWS(1.0),anderes,FR,infra,1983,1
SLC:DF_LAWS(1.0),anderes,FR,sante,1983,2
SLC:DF_LAWS(1.0),anderes,GL,etat,1983,1
SLC:DF_LAWS(1.0),anderes,GR,educ,1983,1
SLC:DF_LAWS(1.0),anderes,NE,educ,1983,13
SLC:DF_LAWS(1.0),anderes,NE,etat,1983,6
SLC:DF_LAWS(1.0),anderes,NE,infra,1983,9
SLC:DF_LAWS(1.0),anderes,NE,sante,1983,1
SLC:DF_LAWS(1.0),anderes,OW,infra,1983,1
SLC:DF_LAWS(1.0),anderes,SG,educ,1983,1
SLC:DF_LAWS(1.0),anderes,SG,etat,1983,2
SLC:DF_LAWS(1.0),anderes,SH,sante,1983,2
SLC:DF_LAWS(1.0),anderes,SO,educ,1983,2
SLC:DF_LAWS(1.0),anderes,SO,etat,1983,1
SLC:DF_LAWS(1.0),anderes,SO,infra,1983,1
SLC:DF_LAWS(1.0),anderes,SZ,educ,1983,1
SLC:DF_LAWS(1.0),anderes,SZ,infra,1983,1
SLC:DF_LAWS(1.0),anderes,TG,etat,1983,1
SLC:DF_LAWS(1.0),anderes,VD,autres,1983,2
SLC:DF_LAWS(1.0),anderes,VD,etat,1983,1
SLC:DF_LAWS(1.0),anderes,VD,infra,1983,1
SLC:DF_LAWS(1.0),anderes,VS,infra,1983,1
SLC:DF_LAWS(1.0),anderes,ZH,educ,1983,1
SLC:DF_LAWS(1.0),dekret,AI,sante,1983,1
SLC:DF_LAWS(1.0),dekret,AR,infra,1983,2
SLC:DF_LAWS(1.0),dekret,BL,etat,1983,1
SLC:DF_LAWS(1.0),dekret,BL,fin,1983,1
SLC:DF_LAWS(1.0),dekret,BL,sante,1983,3
SLC:DF_LAWS(1.0),dekret,GR,educ,1983,1
SLC:DF_LAWS(1.0),dekret,GR,etat,1983,1
SLC:DF_LAWS(1.0),dekret,GR,infra,1983,1
SLC:DF_LAWS(1.0),dekret,GR,sante,1983,1
SLC:DF_LAWS(1.0),dekret,LU,etat,1983,2
SLC:DF_LAWS(1.0),dekret,LU,sante,1983,1
SLC:DF_LAWS(1.0),dekret,NE,autres,1983,1
SLC:DF_LAWS(1.0),dekret,NE,etat,1983,1
SLC:DF_LAWS(1.0),dekret,NE,sante,1983,1
SLC:DF_LAWS(1.0),dekret,NW,infra,1983,2
SLC:DF_LAWS(1.0),dekret,OW,sante,1983,2
SLC:DF_LAWS(1.0),dekret,SG,infra,1983,1
SLC:DF_LAWS(1.0),dekret,SG,sante,1983,1
SLC:DF_LAWS(1.0),dekret,SZ,infra,1983,1
SLC:DF_LAWS(1.0),dekret,SZ,sante,1983,1
SLC:DF_LAWS(1.0),dekret,UR,eco,1983,2
SLC:DF_LAWS(1.0),dekret,UR,educ,1983,1
SLC:DF_LAWS(1.0),dekret,UR,etat,1983,1
SLC:DF_LAWS(1.0),dekret,UR,infra,1983,2
SLC:DF_LAWS(1.0),dekret,UR,sante,1983,2
SLC:DF_LAWS(1.0),dekret,VD,autres,1983,1
SLC:DF_LAWS(1.0),dekret,VD,fin,1983,1
SLC:DF_LAWS(1.0),gemeindeerlass,BS,infra,1983,1
SLC:DF_LAWS(1.0),gesetz,AG,educ,1983,1
SLC:DF_LAWS(1.0),gesetz,AG,etat,1983,3
SLC:DF_LAWS(1.0),gesetz,AG,fin,1983,1
SLC:DF_LAWS(1.0),gesetz,AR,infra,1983,1
SLC:DF_LAWS(1.0),gesetz,BE,educ,1983,1
SLC:DF_LAWS(1.0),gesetz,BL,etat,1983,2
SLC:DF_LAWS(1.0),gesetz,BS,infra,1983,2
SLC:DF_LAWS(1.0),gesetz,FR,autres,1983,1
SLC:DF_LAWS(1.0),gesetz,FR,etat,1983,1
SLC:DF_LAWS(1.0),gesetz,FR,infra,1983,1
SLC:DF_LAWS(1.0),gesetz,FR,sante,1983,1
SLC:DF_LAWS(1.0),gesetz,GE,autres,1983,1
SLC:DF_LAWS(1.0),gesetz,GE,etat,1983,1
SLC:DF_LAWS(1.0),gesetz,GE,sante,1983,2
SLC:DF_LAWS(1.0),gesetz,GL,etat,1983,1
SLC:DF_LAWS(1.0),gesetz,GL,infra,1983,1
SLC:DF_LAWS(1.0),gesetz,GR,etat,1983,1
SLC:DF_LAWS(1.0),gesetz,JU,autres,1983,1
SLC:DF_LAWS(1.0),gesetz,JU,etat,1983,2
SLC:DF_LAWS(1.0),gesetz,JU,infra,1983,1
SLC:DF_LAWS(1.0),gesetz,LU,fin,1983,1
SLC:DF_LAWS(1.0),gesetz,LU,sante,1983,1
SLC:DF_LAWS(1.0),gesetz,NE,educ,1983,1
SLC:DF_LAWS(1.0),gesetz,NW,etat,1983,1
SLC:DF_LAWS(1.0),gesetz,OW,sante,1983,1
SLC:DF_LAWS(1.0),gesetz,SG,educ,1983,2
SLC:DF_LAWS(1.0),gesetz,SH,educ,1983,1
SLC:DF_LAWS(1.0),gesetz,SH,etat,1983,1
SLC:DF_LAWS(1.0),gesetz,SH,fin,1983,1
SLC:DF_LAWS(1.0),gesetz,SH,infra,1983,1
SLC:DF_LAWS(1.0),gesetz,SZ,educ,1983,2
SLC:DF_LAWS(1.0),gesetz,SZ,etat,1983,1
SLC:DF_LAWS(1.0),gesetz,SZ,sante,1983,1
SLC:DF_LAWS(1.0),gesetz,TG,etat,1983,1
SLC:DF_LAWS(1.0),gesetz,TG,infra,1983,2
SLC:DF_LAWS(1.0),gesetz,TI,eco,1983,1
SLC:DF_LAWS(1.0),gesetz,TI,etat,1983,1
SLC:DF_LAWS(1.0),gesetz,TI,infra,1983,1
SLC:DF_LAWS(1.0),gesetz,VD,autres,1983,1
SLC:DF_LAWS(1.0),gesetz,VD,etat,1983,1
SLC:DF_LAWS(1.0),gesetz,VD,infra,1983,1
SLC:DF_LAWS(1.0),gesetz,VS,etat,1983,1
SLC:DF_LAWS(1.0),gesetz,ZG,etat,1983,1
SLC:DF_LAWS(1.0),gesetz,ZH,infra,1983,1
SLC:DF_LAWS(1.0),interkantonale_vereinbarung,AI,fin,1983,1
SLC:DF_LAWS(1.0),interkantonale_vereinbarung,AI,infra,1983,1
SLC:DF_LAWS(1.0),interkantonale_vereinbarung,AR,educ,1983,1
SLC:DF_LAWS(1.0),interkantonale_vereinbarung,AR,infra,1983,1
SLC:DF_LAWS(1.0),interkantonale_vereinbarung,BL,etat,1983,2
SLC:DF_LAWS(1.0),interkantonale_vereinbarung,BS,etat,1983,1
SLC:DF_LAWS(1.0),interkantonale_vereinbarung,NW,infra,1983,1
SLC:DF_LAWS(1.0),interkantonale_vereinbarung,SG,fin,1983,1
SLC:DF_LAWS(1.0),interkantonale_vereinbarung,SG,sante,1983,1
SLC:DF_LAWS(1.0),interkantonale_vereinbarung,SH,educ,1983,1
SLC:DF_LAWS(1.0),interkantonale_vereinbarung,SO,fin,1983,2
SLC:DF_LAWS(1.0),interkantonale_vereinbarung,TG,educ,1983,1
SLC:DF_LAWS(1.0),interkantonale_vereinbarung,TG,etat,1983,2
SLC:DF_LAWS(1.0),reglement,BS,etat,1983,1
SLC:DF_LAWS(1.0),reglement,FR,etat,1983,1
SLC:DF_LAWS(1.0),reglement,FR,infra,1983,2
SLC:DF_LAWS(1.0),reglement,GE,autres,1983,1
SLC:DF_LAWS(1.0),reglement,GE,eco,1983,1
SLC:DF_LAWS(1.0),reglement,GE,educ,1983,2
SLC:DF_LAWS(1.0),reglement,GE,etat,1983,2
SLC:DF_LAWS(1.0),reglement,GE,infra,1983,1
SLC:DF_LAWS(1.0),reglement,GE,sante,1983,5
SLC:DF_LAWS(1.0),reglement,GL,educ,1983,1
SLC:DF_LAWS(1.0),reglement,GR,sante,1983,1
SLC:DF_LAWS(1.0),reglement,NE,eco,1983,1
SLC:DF_LAWS(1.0),reglement,NE,educ,1983,1
SLC:DF_LAWS(1.0),reglement,NE,etat,1983,3
SLC:DF_LAWS(1.0),reglement,NE,sante,1983,1
SLC:DF_LAWS(1.0),reglement,NW,infra,1983,1
SLC:DF_LAWS(1.0),reglement,SG,educ,1983,1
SLC:DF_LAWS(1.0),reglement,SO,educ,1983,1
SLC:DF_LAWS(1.0),reglement,SZ,educ,1983,1
SLC:DF_LAWS(1.0),reglement,UR,autres,1983,1
SLC:DF_LAWS(1.0),reglement,UR,educ,1983,1
SLC:DF_LAWS(1.0),reglement,UR,etat,1983,2
SLC:DF_LAWS(1.0),reglement,UR,sante,1983,3
SLC:DF_LAWS(1.0),reglement,VD,eco,1983,1
SLC:DF_LAWS(1.0),reglement,VD,educ,1983,1
SLC:DF_LAWS(1.0),reglement,VD,etat,1983,2
SLC:DF_LAWS(1.0),reglement,VD,sante,1983,2
SLC:DF_LAWS(1.0),reglement,VS,eco,1983,2
SLC:DF_LAWS(1.0),reglement,ZH,etat,1983,1
SLC:DF_LAWS(1.0),staatsvertrag,BE,educ,1983,1
SLC:DF_LAWS(1.0),staatsvertrag,BL,fin,1983,1
SLC:DF_LAWS(1.0),staatsvertrag,BS,etat,1983,1
SLC:DF_LAWS(1.0),staatsvertrag,BS,infra,1983,2
SLC:DF_LAWS(1.0),staatsvertrag,JU,eco,1983,2
SLC:DF_LAWS(1.0),staatsvertrag,JU,fin,1983,1
SLC:DF_LAWS(1.0),staatsvertrag,SO,fin,1983,1
SLC:DF_LAWS(1.0),staatsvertrag,VD,autres,1983,1
SLC:DF_LAWS(1.0),staatsvertrag,VS,fin,1983,1
SLC:DF_LAWS(1.0),verordnung,AG,etat,1983,2
SLC:DF_LAWS(1.0),verordnung,AG,infra,1983,1
SLC:DF_LAWS(1.0),verordnung,AG,sante,1983,2
SLC:DF_LAWS(1.0),verordnung,AI,sante,1983,1
SLC:DF_LAWS(1.0),verordnung,BE,educ,1983,2
SLC:DF_LAWS(1.0),verordnung,BE,infra,1983,1
SLC:DF_LAWS(1.0),verordnung,BE,sante,1983,2
SLC:DF_LAWS(1.0),verordnung,BL,autres,1983,1
SLC:DF_LAWS(1.0),verordnung,BL,educ,1983,1
SLC:DF_LAWS(1.0),verordnung,BL,infra,1983,1
SLC:DF_LAWS(1.0),verordnung,BS,etat,1983,1
SLC:DF_LAWS(1.0),verordnung,BS,infra,1983,1
SLC:DF_LAWS(1.0),verordnung,BS,sante,1983,2
SLC:DF_LAWS(1.0),verordnung,FR,autres,1983,1
SLC:DF_LAWS(1.0),verordnung,FR,etat,1983,1
SLC:DF_LAWS(1.0),verordnung,GL,autres,1983,1
SLC:DF_LAWS(1.0),verordnung,GL,infra,1983,1
SLC:DF_LAWS(1.0),verordnung,GL,sante,1983,1
SLC:DF_LAWS(1.0),verordnung,JU,autres,1983,1
SLC:DF_LAWS(1.0),verordnung,JU,eco,1983,1
SLC:DF_LAWS(1.0),verordnung,JU,educ,1983,6
SLC:DF_LAWS(1.0),verordnung,JU,etat,1983,2
SLC:DF_LAWS(1.0),verordnung,JU,infra,1983,1
SLC:DF_LAWS(1.0),verordnung,JU,sante,1983,1
SLC:DF_LAWS(1.0),verordnung,LU,autres,1983,1
SLC:DF_LAWS(1.0),verordnung,LU,sante,1983,4
SLC:DF_LAWS(1.0),verordnung,NE,etat,1983,1
SLC:DF_LAWS(1.0),verordnung,NE,infra,1983,2
SLC:DF_LAWS(1.0),verordnung,NE,sante,1983,1
SLC:DF_LAWS(1.0),verordnung,OW,etat,1983,3
SLC:DF_LAWS(1.0),verordnung,OW,infra,1983,1
SLC:DF_LAWS(1.0),verordnung,OW,sante,1983,2
SLC:DF_LAWS(1.0),verordnung,SG,autres,1983,1
SLC:DF_LAWS(1.0),verordnung,SG,educ,1983,1
SLC:DF_LAWS(1.0),verordnung,SG,etat,1983,1
SLC:DF_LAWS(1.0),verordnung,SG,sante,1983,1
SLC:DF_LAWS(1.0),verordnung,SH,autres,1983,1
SLC:DF_LAWS(1.0),verordnung,SH,educ,1983,2
SLC:DF_LAWS(1.0),verordnung,SH,fin,1983,1
SLC:DF_LAWS(1.0),verordnung,SO,educ,1983,1
SLC:DF_LAWS(1.0),verordnung,SO,etat,1983,2
SLC:DF_LAWS(1.0),verordnung,SO,sante,1983,3
SLC:DF_LAWS(1.0),verordnung,SZ,infra,1983,1
SLC:DF_LAWS(1.0),verordnung,SZ,sante,1983,2
SLC:DF_LAWS(1.0),verordnung,TG,educ,1983,1
SLC:DF_LAWS(1.0),verordnung,TG,infra,1983,2
SLC:DF_LAWS(1.0),verordnung,TG,sante,1983,2
SLC:DF_LAWS(1.0),verordnung,VS,eco,1983,1
SLC:DF_LAWS(1.0),verordnung,VS,educ,1983,1
SLC:DF_LAWS(1.0),verordnung,VS,etat,1983,1
SLC:DF_LAWS(1.0),verordnung,ZG,etat,1983,1
SLC:DF_LAWS(1.0),verordnung,ZG,sante,1983,4
SLC:DF_LAWS(1.0),verordnung,ZH,infra,1983,3
SLC:DF_LAWS(1.0),verordnung,ZH,sante,1983,1
SLC:DF_LAWS(1.0),anderes,_T,_T,1983,58
SLC:DF_LAWS(1.0),dekret,_T,_T,1983,36
SLC:DF_LAWS(1.0),gemeindeerlass,_T,_T,1983,1
SLC:DF_LAWS(1.0),gesetz,_T,_T,1983,53
SLC:DF_LAWS(1.0),interkantonale_vereinbarung,_T,_T,1983,16
SLC:DF_LAWS(1.0),reglement,_T,_T,1983,44
SLC:DF_LAWS(1.0),staatsvertrag,_T,_T,1983,11
SLC:DF_LAWS(1.0),verordnung,_T,_T,1983,84
SLC:DF_LAWS(1.0),_T,AG,_T,1983,10
SLC:DF_LAWS(1.0),_T,AI,_T,1983,4
SLC:DF_LAWS(1.0),_T,AR,_T,1983,5
SLC:DF_LAWS(1.0),_T,BE,_T,1983,7
SLC:DF_LAWS(1.0),_T,BL,_T,1983,15
SLC:DF_LAWS(1.0),_T,BS,_T,1983,13
SLC:DF_LAWS(1.0),_T,FR,_T,1983,14
SLC:DF_LAWS(1.0),_T,GE,_T,1983,16
SLC:DF_LAWS(1.0),_T,GL,_T,1983,7
SLC:DF_LAWS(1.0),_T,GR,_T,1983,7
SLC:DF_LAWS(1.0),_T,JU,_T,1983,19
SLC:DF_LAWS(1.0),_T,LU,_T,1983,10
SLC:DF_LAWS(1.0),_T,NE,_T,1983,43
SLC:DF_LAWS(1.0),_T,NW,_T,1983,5
SLC:DF_LAWS(1.0),_T,OW,_T,1983,10
SLC:DF_LAWS(1.0),_T,SG,_T,1983,14
SLC:DF_LAWS(1.0),_T,SH,_T,1983,11
SLC:DF_LAWS(1.0),_T,SO,_T,1983,14
SLC:DF_LAWS(1.0),_T,SZ,_T,1983,12
SLC:DF_LAWS(1.0),_T,TG,_T,1983,12
SLC:DF_LAWS(1.0),_T,TI,_T,1983,3
SLC:DF_LAWS(1.0),_T,UR,_T,1983,15
SLC:DF_LAWS(1.0),_T,VD,_T,1983,16
SLC:DF_LAWS(1.0),_T,VS,_T,1983,8
SLC:DF_LAWS(1.0),_T,ZG,_T,1983,6
SLC:DF_LAWS(1.0),_T,ZH,_T,1983,7
SLC:DF_LAWS(1.0),_T,_T,autres,1983,18
SLC:DF_LAWS(1.0),_T,_T,eco,1983,12
SLC:DF_LAWS(1.0),_T,_T,educ,1983,57
SLC:DF_LAWS(1.0),_T,_T,etat,1983,72
SLC:DF_LAWS(1.0),_T,_T,fin,1983,15
SLC:DF_LAWS(1.0),_T,_T,infra,1983,61
SLC:DF_LAWS(1.0),_T,_T,sante,1983,68
SLC:DF_LAWS(1.0),_T,_T,_T,1983,303
SLC:DF_LAWS(1.0),anderes,AR,educ,1984,1
SLC:DF_LAWS(1.0),anderes,AR,sante,1984,1
SLC:DF_LAWS(1.0),anderes,BE,sante,1984,1
SLC:DF_LAWS(1.0),anderes,BL,etat,1984,2
SLC:DF_LAWS(1.0),anderes,BS,etat,1984,1
SLC:DF_LAWS(1.0),anderes,BS,sante,1984,2
SLC:DF_LAWS(1.0),anderes,FR,educ,1984,1
SLC:DF_LAWS(1.0),anderes,FR,etat,1984,1
SLC:DF_LAWS(1.0),anderes,GL,educ,1984,1
SLC:DF_LAWS(1.0),anderes,GL,infra,1984,1
SLC:DF_LAWS(1.0),anderes,JU,autres,1984,1
SLC:DF_LAWS(1.0),anderes,LU,sante,1984,1
SLC:DF_LAWS(1.0),anderes,NE,autres,1984,2
SLC:DF_LAWS(1.0),anderes,NE,educ,1984,19
SLC:DF_LAWS(1.0),anderes,NE,etat,1984,3
SLC:DF_LAWS(1.0),anderes,NE,sante,1984,1
SLC:DF_LAWS(1.0),anderes,OW,autres,1984,1
SLC:DF_LAWS(1.0),anderes,SG,educ,1984,1
SLC:DF_LAWS(1.0),anderes,SG,infra,1984,1
SLC:DF_LAWS(1.0),anderes,SG,sante,1984,1
SLC:DF_LAWS(1.0),anderes,SH,educ,1984,1
SLC:DF_LAWS(1.0),anderes,SO,eco,1984,1
SLC:DF_LAWS(1.0),anderes,SO,educ,1984,7
SLC:DF_LAWS(1.0),anderes,SO,fin,1984,1
SLC:DF_LAWS(1.0),anderes,SO,infra,1984,1
SLC:DF_LAWS(1.0),anderes,SZ,educ,1984,1
SLC:DF_LAWS(1.0),anderes,TI,etat,1984,1
SLC:DF_LAWS(1.0),anderes,VD,autres,1984,1
SLC:DF_LAWS(1.0),anderes,VD,infra,1984,1
SLC:DF_LAWS(1.0),anderes,VS,etat,1984,1
SLC:DF_LAWS(1.0),anderes,VS,infra,1984,1
SLC:DF_LAWS(1.0),anderes,VS,sante,1984,1
SLC:DF_LAWS(1.0),anderes,ZG,autres,1984,3
SLC:DF_LAWS(1.0),anderes,ZH,educ,1984,2
SLC:DF_LAWS(1.0),anderes,ZH,etat,1984,2
SLC:DF_LAWS(1.0),anderes,ZH,sante,1984,1
SLC:DF_LAWS(1.0),dekret,AG,educ,1984,1
SLC:DF_LAWS(1.0),dekret,AG,fin,1984,1
SLC:DF_LAWS(1.0),dekret,AI,etat,1984,1
SLC:DF_LAWS(1.0),dekret,AI,fin,1984,1
SLC:DF_LAWS(1.0),dekret,AI,infra,1984,1
SLC:DF_LAWS(1.0),dekret,BL,educ,1984,1
SLC:DF_LAWS(1.0),dekret,GL,etat,1984,1
SLC:DF_LAWS(1.0),dekret,GR,autres,1984,1
SLC:DF_LAWS(1.0),dekret,GR,sante,1984,2
SLC:DF_LAWS(1.0),dekret,JU,etat,1984,1
SLC:DF_LAWS(1.0),dekret,LU,etat,1984,4
SLC:DF_LAWS(1.0),dekret,NW,sante,1984,2
SLC:DF_LAWS(1.0),dekret,OW,educ,1984,1
SLC:DF_LAWS(1.0),dekret,OW,sante,1984,2
SLC:DF_LAWS(1.0),dekret,UR,autres,1984,1
SLC:DF_LAWS(1.0),dekret,UR,educ,1984,1
SLC:DF_LAWS(1.0),dekret,UR,etat,1984,1
SLC:DF_LAWS(1.0),dekret,VD,infra,1984,1
SLC:DF_LAWS(1.0),dekret,ZG,educ,1984,1
SLC:DF_LAWS(1.0),dekret,ZH,educ,1984,1
SLC:DF_LAWS(1.0),gemeindeerlass,BS,etat,1984,1
SLC:DF_LAWS(1.0),gemeindeerlass,BS,sante,1984,2
SLC:DF_LAWS(1.0),gesetz,AG,etat,1984,1
SLC:DF_LAWS(1.0),gesetz,AG,infra,1984,1
SLC:DF_LAWS(1.0),gesetz,AG,sante,1984,1
SLC:DF_LAWS(1.0),gesetz,AR,sante,1984,1
SLC:DF_LAWS(1.0),gesetz,BE,etat,1984,1
SLC:DF_LAWS(1.0),gesetz,BS,etat,1984,1
SLC:DF_LAWS(1.0),gesetz,BS,fin,1984,1
SLC:DF_LAWS(1.0),gesetz,BS,sante,1984,1
SLC:DF_LAWS(1.0),gesetz,FR,infra,1984,1
SLC:DF_LAWS(1.0),gesetz,FR,sante,1984,1
SLC:DF_LAWS(1.0),gesetz,GE,autres,1984,1
SLC:DF_LAWS(1.0),gesetz,GE,eco,1984,1
SLC:DF_LAWS(1.0),gesetz,GE,educ,1984,1
SLC:DF_LAWS(1.0),gesetz,GE,etat,1984,1
SLC:DF_LAWS(1.0),gesetz,GE,fin,1984,1
SLC:DF_LAWS(1.0),gesetz,GE,infra,1984,2
SLC:DF_LAWS(1.0),gesetz,GE,sante,1984,1
SLC:DF_LAWS(1.0),gesetz,GL,sante,1984,1
SLC:DF_LAWS(1.0),gesetz,GR,etat,1984,1
SLC:DF_LAWS(1.0),gesetz,GR,sante,1984,2
SLC:DF_LAWS(1.0),gesetz,JU,educ,1984,2
SLC:DF_LAWS(1.0),gesetz,LU,autres,1984,1
SLC:DF_LAWS(1.0),gesetz,NE,infra,1984,2
SLC:DF_LAWS(1.0),gesetz,NW,fin,1984,1
SLC:DF_LAWS(1.0),gesetz,OW,etat,1984,1
SLC:DF_LAWS(1.0),gesetz,SG,infra,1984,1
SLC:DF_LAWS(1.0),gesetz,SG,sante,1984,1
SLC:DF_LAWS(1.0),gesetz,SO,etat,1984,1
SLC:DF_LAWS(1.0),gesetz,SO,sante,1984,1
SLC:DF_LAWS(1.0),gesetz,TG,eco,1984,1
SLC:DF_LAWS(1.0),gesetz,TG,etat,1984,1
SLC:DF_LAWS(1.0),gesetz,TG,infra,1984,1
SLC:DF_LAWS(1.0),gesetz,TG,sante,1984,1
SLC:DF_LAWS(1.0),gesetz,TI,eco,1984,1
SLC:DF_LAWS(1.0),gesetz,TI,etat,1984,1
SLC:DF_LAWS(1.0),gesetz,TI,sante,1984,1
SLC:DF_LAWS(1.0),gesetz,VD,educ,1984,2
SLC:DF_LAWS(1.0),gesetz,VD,etat,1984,2
SLC:DF_LAWS(1.0),gesetz,VS,educ,1984,1
SLC:DF_LAWS(1.0),gesetz,VS,etat,1984,1
SLC:DF_LAWS(1.0),gesetz,VS,infra,1984,1
SLC:DF_LAWS(1.0),gesetz,VS,sante,1984,1
SLC:DF_LAWS(1.0),gesetz,ZG,educ,1984,1
SLC:DF_LAWS(1.0),gesetz,ZH,educ,1984,1
SLC:DF_LAWS(1.0),interkantonale_vereinbarung,AR,autres,1984,1
SLC:DF_LAWS(1.0),interkantonale_vereinbarung,BL,educ,1984,2
SLC:DF_LAWS(1.0),interkantonale_vereinbarung,BS,sante,1984,1
SLC:DF_LAWS(1.0),interkantonale_vereinbarung,FR,autres,1984,1
SLC:DF_LAWS(1.0),interkantonale_vereinbarung,FR,sante,1984,1
SLC:DF_LAWS(1.0),interkantonale_vereinbarung,GE,autres,1984,1
SLC:DF_LAWS(1.0),interkantonale_vereinbarung,GE,infra,1984,1
SLC:DF_LAWS(1.0),interkantonale_vereinbarung,GL,sante,1984,1
SLC:DF_LAWS(1.0),interkantonale_vereinbarung,LU,sante,1984,1
SLC:DF_LAWS(1.0),interkantonale_vereinbarung,NE,autres,1984,2
SLC:DF_LAWS(1.0),interkantonale_vereinbarung,OW,infra,1984,1
SLC:DF_LAWS(1.0),interkantonale_vereinbarung,SG,fin,1984,1
SLC:DF_LAWS(1.0),interkantonale_vereinbarung,SG,sante,1984,1
SLC:DF_LAWS(1.0),interkantonale_vereinbarung,SH,fin,1984,1
SLC:DF_LAWS(1.0),interkantonale_vereinbarung,TG,fin,1984,1
SLC:DF_LAWS(1.0),interkantonale_vereinbarung,TG,sante,1984,1
SLC:DF_LAWS(1.0),interkantonale_vereinbarung,TI,autres,1984,1
SLC:DF_LAWS(1.0),interkantonale_vereinbarung,UR,sante,1984,1
SLC:DF_LAWS(1.0),interkantonale_vereinbarung,VD,autres,1984,1
SLC:DF_LAWS(1.0),interkantonale_vereinbarung,VD,fin,1984,1
SLC:DF_LAWS(1.0),interkantonale_vereinbarung,VD,infra,1984,1
SLC:DF_LAWS(1.0),interkantonale_vereinbarung,ZG,sante,1984,1
SLC:DF_LAWS(1.0),interkantonale_vereinbarung,ZH,fin,1984,1
SLC:DF_LAWS(1.0),reglement,BL,educ,1984,1
SLC:DF_LAWS(1.0),reglement,BS,sante,1984,2
SLC:DF_LAWS(1.0),reglement,FR,autres,1984,1
SLC:DF_LAWS(1.0),reglement,FR,infra,1984,1
SLC:DF_LAWS(1.0),reglement,GE,autres,1984,2
SLC:DF_LAWS(1.0),reglement,GE,educ,1984,2
SLC:DF_LAWS(1.0),reglement,GE,etat,1984,1
SLC:DF_LAWS(1.0),reglement,GE,infra,1984,1
SLC:DF_LAWS(1.0),reglement,GE,sante,1984,5
SLC:DF_LAWS(1.0),reglement,LU,educ,1984,1
SLC:DF_LAWS(1.0),reglement,NE,educ,1984,4
SLC:DF_LAWS(1.0),reglement,NE,infra,1984,1
SLC:DF_LAWS(1.0),reglement,NE,sante,1984,1
SLC:DF_LAWS(1.0),reglement,SG,educ,1984,1
SLC:DF_LAWS(1.0),reglement,SG,etat,1984,1
SLC:DF_LAWS(1.0),reglement,TI,eco,1984,1
SLC:DF_LAWS(1.0),reglement,TI,sante,1984,1
SLC:DF_LAWS(1.0),reglement,UR,eco,1984,1
SLC:DF_LAWS(1.0),reglement,VD,autres,1984,1
SLC:DF_LAWS(1.0),reglement,VD,eco,1984,1
SLC:DF_LAWS(1.0),reglement,VD,educ,1984,2
SLC:DF_LAWS(1.0),reglement,VD,etat,1984,1
SLC:DF_LAWS(1.0),reglement,VD,infra,1984,1
SLC:DF_LAWS(1.0),reglement,VD,sante,1984,1
SLC:DF_LAWS(1.0),reglement,VS,educ,1984,2
SLC:DF_LAWS(1.0),reglement,VS,etat,1984,1
SLC:DF_LAWS(1.0),reglement,ZH,educ,1984,2
SLC:DF_LAWS(1.0),staatsvertrag,SG,educ,1984,1
SLC:DF_LAWS(1.0),staatsvertrag,SH,etat,1984,1
SLC:DF_LAWS(1.0),verfassung,UR,etat,1984,1
SLC:DF_LAWS(1.0),verordnung,AG,educ,1984,1
SLC:DF_LAWS(1.0),verordnung,AG,etat,1984,5
SLC:DF_LAWS(1.0),verordnung,AG,infra,1984,2
SLC:DF_LAWS(1.0),verordnung,AG,sante,1984,1
SLC:DF_LAWS(1.0),verordnung,AR,autres,1984,1
SLC:DF_LAWS(1.0),verordnung,AR,eco,1984,1
SLC:DF_LAWS(1.0),verordnung,AR,sante,1984,1
SLC:DF_LAWS(1.0),verordnung,BE,etat,1984,1
SLC:DF_LAWS(1.0),verordnung,BL,autres,1984,1
SLC:DF_LAWS(1.0),verordnung,BL,eco,1984,2
SLC:DF_LAWS(1.0),verordnung,BL,educ,1984,6
SLC:DF_LAWS(1.0),verordnung,BL,etat,1984,2
SLC:DF_LAWS(1.0),verordnung,BL,fin,1984,1
SLC:DF_LAWS(1.0),verordnung,BL,infra,1984,1
SLC:DF_LAWS(1.0),verordnung,BL,sante,1984,6
SLC:DF_LAWS(1.0),verordnung,BS,autres,1984,1
SLC:DF_LAWS(1.0),verordnung,BS,eco,1984,2
SLC:DF_LAWS(1.0),verordnung,BS,etat,1984,3
SLC:DF_LAWS(1.0),verordnung,BS,infra,1984,1
SLC:DF_LAWS(1.0),verordnung,BS,sante,1984,2
SLC:DF_LAWS(1.0),verordnung,GL,fin,1984,1
SLC:DF_LAWS(1.0),verordnung,GL,sante,1984,2
SLC:DF_LAWS(1.0),verordnung,GR,educ,1984,1
SLC:DF_LAWS(1.0),verordnung,GR,etat,1984,1
SLC:DF_LAWS(1.0),verordnung,GR,infra,1984,1
SLC:DF_LAWS(1.0),verordnung,GR,sante,1984,2
SLC:DF_LAWS(1.0),verordnung,JU,eco,1984,1
SLC:DF_LAWS(1.0),verordnung,JU,educ,1984,4
SLC:DF_LAWS(1.0),verordnung,JU,etat,1984,2
SLC:DF_LAWS(1.0),verordnung,JU,sante,1984,1
SLC:DF_LAWS(1.0),verordnung,LU,infra,1984,2
SLC:DF_LAWS(1.0),verordnung,NE,infra,1984,2
SLC:DF_LAWS(1.0),verordnung,NE,sante,1984,1
SLC:DF_LAWS(1.0),verordnung,OW,eco,1984,1
SLC:DF_LAWS(1.0),verordnung,OW,infra,1984,1
SLC:DF_LAWS(1.0),verordnung,SG,educ,1984,2
SLC:DF_LAWS(1.0),verordnung,SG,etat,1984,3
SLC:DF_LAWS(1.0),verordnung,SG,fin,1984,1
SLC:DF_LAWS(1.0),verordnung,SG,infra,1984,1
SLC:DF_LAWS(1.0),verordnung,SH,educ,1984,3
SLC:DF_LAWS(1.0),verordnung,SH,etat,1984,2
SLC:DF_LAWS(1.0),verordnung,SH,sante,1984,3
SLC:DF_LAWS(1.0),verordnung,SO,etat,1984,1
SLC:DF_LAWS(1.0),verordnung,SO,infra,1984,1
SLC:DF_LAWS(1.0),verordnung,SZ,educ,1984,1
SLC:DF_LAWS(1.0),verordnung,SZ,sante,1984,2
SLC:DF_LAWS(1.0),verordnung,TG,etat,1984,3
SLC:DF_LAWS(1.0),verordnung,TG,sante,1984,1
SLC:DF_LAWS(1.0),verordnung,ZG,autres,1984,1
SLC:DF_LAWS(1.0),verordnung,ZG,educ,1984,1
SLC:DF_LAWS(1.0),verordnung,ZH,educ,1984,1
SLC:DF_LAWS(1.0),verordnung,ZH,etat,1984,2
SLC:DF_LAWS(1.0),verordnung,ZH,sante,1984,1
SLC:DF_LAWS(1.0),anderes,_T,_T,1984,69
SLC:DF_LAWS(1.0),dekret,_T,_T,1984,26
SLC:DF_LAWS(1.0),gemeindeerlass,_T,_T,1984,3
SLC:DF_LAWS(1.0),gesetz,_T,_T,1984,50
SLC:DF_LAWS(1.0),interkantonale_vereinbarung,_T,_T,1984,25
SLC:DF_LAWS(1.0),reglement,_T,_T,1984,40
SLC:DF_LAWS(1.0),staatsvertrag,_T,_T,1984,2
SLC:DF_LAWS(1.0),verfassung,_T,_T,1984,1
SLC:DF_LAWS(1.0),verordnung,_T,_T,1984,94
SLC:DF_LAWS(1.0),_T,AG,_T,1984,14
SLC:DF_LAWS(1.0),_T,AI,_T,1984,3
SLC:DF_LAWS(1.0),_T,AR,_T,1984,7
SLC:DF_LAWS(1.0),_T,BE,_T,1984,3
SLC:DF_LAWS(1.0),_T,BL,_T,1984,25
SLC:DF_LAWS(1.0),_T,BS,_T,1984,21
SLC:DF_LAWS(1.0),_T,FR,_T,1984,8
SLC:DF_LAWS(1.0),_T,GE,_T,1984,21
SLC:DF_LAWS(1.0),_T,GL,_T,1984,8
SLC:DF_LAWS(1.0),_T,GR,_T,1984,11
SLC:DF_LAWS(1.0),_T,JU,_T,1984,12
SLC:DF_LAWS(1.0),_T,LU,_T,1984,10
SLC:DF_LAWS(1.0),_T,NE,_T,1984,38
SLC:DF_LAWS(1.0),_T,NW,_T,1984,3
SLC:DF_LAWS(1.0),_T,OW,_T,1984,8
SLC:DF_LAWS(1.0),_T,SG,_T,1984,17
SLC:DF_LAWS(1.0),_T,SH,_T,1984,11
SLC:DF_LAWS(1.0),_T,SO,_T,1984,14
SLC:DF_LAWS(1.0),_T,SZ,_T,1984,4
SLC:DF_LAWS(1.0),_T,TG,_T,1984,10
SLC:DF_LAWS(1.0),_T,TI,_T,1984,7
SLC:DF_LAWS(1.0),_T,UR,_T,1984,6
SLC:DF_LAWS(1.0),_T,VD,_T,1984,17
SLC:DF_LAWS(1.0),_T,VS,_T,1984,10
SLC:DF_LAWS(1.0),_T,ZG,_T,1984,8
SLC:DF_LAWS(1.0),_T,ZH,_T,1984,14
SLC:DF_LAWS(1.0),_T,_T,autres,1984,27
SLC:DF_LAWS(1.0),_T,_T,eco,1984,14
SLC:DF_LAWS(1.0),_T,_T,educ,1984,86
SLC:DF_LAWS(1.0),_T,_T,etat,1984,63
SLC:DF_LAWS(1.0),_T,_T,fin,1984,14
SLC:DF_LAWS(1.0),_T,_T,infra,1984,35
SLC:DF_LAWS(1.0),_T,_T,sante,1984,71
SLC:DF_LAWS(1.0),_T,_T,_T,1984,310
SLC:DF_LAWS(1.0),anderes,AG,autres,1985,1
SLC:DF_LAWS(1.0),anderes,BE,infra,1985,1
SLC:DF_LAWS(1.0),anderes,BS,sante,1985,3
SLC:DF_LAWS(1.0),anderes,FR,educ,1985,1
SLC:DF_LAWS(1.0),anderes,FR,etat,1985,1
SLC:DF_LAWS(1.0),anderes,FR,infra,1985,2
SLC:DF_LAWS(1.0),anderes,FR,sante,1985,3
SLC:DF_LAWS(1.0),anderes,GL,eco,1985,1
SLC:DF_LAWS(1.0),anderes,GL,fin,1985,1
SLC:DF_LAWS(1.0),anderes,JU,educ,1985,1
SLC:DF_LAWS(1.0),anderes,NE,autres,1985,1
SLC:DF_LAWS(1.0),anderes,NE,infra,1985,1
SLC:DF_LAWS(1.0),anderes,NE,sante,1985,1
SLC:DF_LAWS(1.0),anderes,NW,autres,1985,1
SLC:DF_LAWS(1.0),anderes,NW,fin,1985,1
SLC:DF_LAWS(1.0),anderes,SH,sante,1985,1
SLC:DF_LAWS(1.0),anderes,SO,educ,1985,2
SLC:DF_LAWS(1.0),anderes,SO,etat,1985,1
SLC:DF_LAWS(1.0),anderes,SO,sante,1985,1
SLC:DF_LAWS(1.0),anderes,UR,educ,1985,1
SLC:DF_LAWS(1.0),anderes,VD,etat,1985,1
SLC:DF_LAWS(1.0),anderes,VS,educ,1985,1
SLC:DF_LAWS(1.0),anderes,VS,infra,1985,1
SLC:DF_LAWS(1.0),anderes,ZG,etat,1985,1
SLC:DF_LAWS(1.0),dekret,AG,educ,1985,2
SLC:DF_LAWS(1.0),dekret,AG,infra,1985,1
SLC:DF_LAWS(1.0),dekret,AR,sante,1985,1
SLC:DF_LAWS(1.0),dekret,BE,etat,1985,2
SLC:DF_LAWS(1.0),dekret,BE,infra,1985,2
SLC:DF_LAWS(1.0),dekret,BL,eco,1985,2
SLC:DF_LAWS(1.0),dekret,GL,infra,1985,1
SLC:DF_LAWS(1.0),dekret,JU,autres,1985,1
SLC:DF_LAWS(1.0),dekret,JU,etat,1985,1
SLC:DF_LAWS(1.0),dekret,LU,etat,1985,2
SLC:DF_LAWS(1.0),dekret,NE,autres,1985,1
SLC:DF_LAWS(1.0),dekret,NW,etat,1985,1
SLC:DF_LAWS(1.0),dekret,NW,sante,1985,1
SLC:DF_LAWS(1.0),dekret,OW,autres,1985,2
SLC:DF_LAWS(1.0),dekret,OW,educ,1985,2
SLC:DF_LAWS(1.0),dekret,OW,etat,1985,1
SLC:DF_LAWS(1.0),dekret,SG,educ,1985,2
SLC:DF_LAWS(1.0),dekret,SG,fin,1985,1
SLC:DF_LAWS(1.0),dekret,SG,infra,1985,1
SLC:DF_LAWS(1.0),dekret,TI,etat,1985,1
SLC:DF_LAWS(1.0),dekret,ZG,eco,1985,1
SLC:DF_LAWS(1.0),dekret,ZG,fin,1985,1
SLC:DF_LAWS(1.0),dekret,ZG,infra,1985,1
SLC:DF_LAWS(1.0),gemeindeerlass,BS,etat,1985,8
SLC:DF_LAWS(1.0),gesetz,AG,etat,1985,1
SLC:DF_LAWS(1.0),gesetz,BE,educ,1985,1
SLC:DF_LAWS(1.0),gesetz,BE,etat,1985,1
SLC:DF_LAWS(1.0),gesetz,BE,infra,1985,1
SLC:DF_LAWS(1.0),gesetz,BL,infra,1985,1
SLC:DF_LAWS(1.0),gesetz,BS,sante,1985,1
SLC:DF_LAWS(1.0),gesetz,FR,educ,1985,3
SLC:DF_LAWS(1.0),gesetz,FR,sante,1985,1
SLC:DF_LAWS(1.0),gesetz,GE,educ,1985,1
SLC:DF_LAWS(1.0),gesetz,GE,etat,1985,2
SLC:DF_LAWS(1.0),gesetz,GE,sante,1985,1
SLC:DF_LAWS(1.0),gesetz,GL,infra,1985,4
SLC:DF_LAWS(1.0),gesetz,GR,sante,1985,2
SLC:DF_LAWS(1.0),gesetz,JU,autres,1985,2
SLC:DF_LAWS(1.0),gesetz,JU,educ,1985,1
SLC:DF_LAWS(1.0),gesetz,JU,infra,1985,1
SLC:DF_LAWS(1.0),gesetz,JU,sante,1985,1
SLC:DF_LAWS(1.0),gesetz,NE,educ,1985,1
SLC:DF_LAWS(1.0),gesetz,NW,etat,1985,1
SLC:DF_LAWS(1.0),gesetz,SG,eco,1985,1
SLC:DF_LAWS(1.0),gesetz,SG,educ,1985,1
SLC:DF_LAWS(1.0),gesetz,SG,etat,1985,2
SLC:DF_LAWS(1.0),gesetz,SG,sante,1985,1
SLC:DF_LAWS(1.0),gesetz,SH,etat,1985,2
SLC:DF_LAWS(1.0),gesetz,SH,infra,1985,1
SLC:DF_LAWS(1.0),gesetz,SO,eco,1985,1
SLC:DF_LAWS(1.0),gesetz,SO,educ,1985,3
SLC:DF_LAWS(1.0),gesetz,SO,fin,1985,1
SLC:DF_LAWS(1.0),gesetz,SZ,autres,1985,1
SLC:DF_LAWS(1.0),gesetz,TG,educ,1985,1
SLC:DF_LAWS(1.0),gesetz,TG,sante,1985,1
SLC:DF_LAWS(1.0),gesetz,TI,etat,1985,1
SLC:DF_LAWS(1.0),gesetz,TI,infra,1985,1
SLC:DF_LAWS(1.0),gesetz,TI,sante,1985,1
SLC:DF_LAWS(1.0),gesetz,UR,sante,1985,1
SLC:DF_LAWS(1.0),gesetz,VD,autres,1985,1
SLC:DF_LAWS(1.0),gesetz,VD,eco,1985,1
SLC:DF_LAWS(1.0),gesetz,VD,educ,1985,1
SLC:DF_LAWS(1.0),gesetz,VD,infra,1985,1
SLC:DF_LAWS(1.0),gesetz,VD,sante,1985,2
SLC:DF_LAWS(1.0),gesetz,VS,eco,1985,1
SLC:DF_LAWS(1.0),gesetz,VS,sante,1985,1
SLC:DF_LAWS(1.0),gesetz,ZG,autres,1985,1
SLC:DF_LAWS(1.0),gesetz,ZH,autres,1985,1
SLC:DF_LAWS(1.0),gesetz,ZH,etat,1985,2
SLC:DF_LAWS(1.0),interkantonale_vereinbarung,AG,educ,1985,1
SLC:DF_LAWS(1.0),interkantonale_vereinbarung,BE,fin,1985,1
SLC:DF_LAWS(1.0),interkantonale_vereinbarung,BL,etat,1985,1
SLC:DF_LAWS(1.0),interkantonale_vereinbarung,BS,educ,1985,1
SLC:DF_LAWS(1.0),interkantonale_vereinbarung,BS,infra,1985,1
SLC:DF_LAWS(1.0),interkantonale_vereinbarung,FR,fin,1985,1
SLC:DF_LAWS(1.0),interkantonale_vereinbarung,GR,educ,1985,1
SLC:DF_LAWS(1.0),interkantonale_vereinbarung,GR,infra,1985,1
SLC:DF_LAWS(1.0),interkantonale_vereinbarung,LU,infra,1985,1
SLC:DF_LAWS(1.0),interkantonale_vereinbarung,NE,sante,1985,1
SLC:DF_LAWS(1.0),interkantonale_vereinbarung,NW,infra,1985,1
SLC:DF_LAWS(1.0),interkantonale_vereinbarung,OW,fin,1985,1
SLC:DF_LAWS(1.0),interkantonale_vereinbarung,SG,educ,1985,2
SLC:DF_LAWS(1.0),interkantonale_vereinbarung,SG,infra,1985,2
SLC:DF_LAWS(1.0),interkantonale_vereinbarung,TG,educ,1985,2
SLC:DF_LAWS(1.0),reglement,BL,sante,1985,1
SLC:DF_LAWS(1.0),reglement,BS,educ,1985,1
SLC:DF_LAWS(1.0),reglement,FR,eco,1985,1
SLC:DF_LAWS(1.0),reglement,FR,sante,1985,1
SLC:DF_LAWS(1.0),reglement,GE,autres,1985,1
SLC:DF_LAWS(1.0),reglement,GE,educ,1985,1
SLC:DF_LAWS(1.0),reglement,GE,etat,1985,3
SLC:DF_LAWS(1.0),reglement,GE,fin,1985,2
SLC:DF_LAWS(1.0),reglement,GE,sante,1985,1
SLC:DF_LAWS(1.0),reglement,JU,educ,1985,1
SLC:DF_LAWS(1.0),reglement,JU,etat,1985,2
SLC:DF_LAWS(1.0),reglement,NE,eco,1985,1
SLC:DF_LAWS(1.0),reglement,NE,educ,1985,1
SLC:DF_LAWS(1.0),reglement,SH,educ,1985,1
SLC:DF_LAWS(1.0),reglement,TI,autres,1985,1
SLC:DF_LAWS(1.0),reglement,TI,eco,1985,1
SLC:DF_LAWS(1.0),reglement,TI,etat,1985,1
SLC:DF_LAWS(1.0),reglement,TI,infra,1985,1
SLC:DF_LAWS(1.0),reglement,TI,sante,1985,1
SLC:DF_LAWS(1.0),reglement,UR,autres,1985,1
SLC:DF_LAWS(1.0),reglement,UR,educ,1985,1
SLC:DF_LAWS(1.0),reglement,UR,etat,1985,2
SLC:DF_LAWS(1.0),reglement,VD,eco,1985,3
SLC:DF_LAWS(1.0),reglement,VD,infra,1985,1
SLC:DF_LAWS(1.0),reglement,VD,sante,1985,1
SLC:DF_LAWS(1.0),reglement,VS,educ,1985,2
SLC:DF_LAWS(1.0),reglement,ZG,etat,1985,1
SLC:DF_LAWS(1.0),reglement,ZH,educ,1985,1
SLC:DF_LAWS(1.0),reglement,ZH,etat,1985,1
SLC:DF_LAWS(1.0),staatsvertrag,FR,educ,1985,1
SLC:DF_LAWS(1.0),verordnung,AG,autres,1985,1
SLC:DF_LAWS(1.0),verordnung,AG,educ,1985,6
SLC:DF_LAWS(1.0),verordnung,AG,etat,1985,1
SLC:DF_LAWS(1.0),verordnung,AG,sante,1985,1
SLC:DF_LAWS(1.0),verordnung,AI,eco,1985,1
SLC:DF_LAWS(1.0),verordnung,BE,educ,1985,1
SLC:DF_LAWS(1.0),verordnung,BE,fin,1985,1
SLC:DF_LAWS(1.0),verordnung,BE,infra,1985,6
SLC:DF_LAWS(1.0),verordnung,BE,sante,1985,2
SLC:DF_LAWS(1.0),verordnung,BL,infra,1985,1
SLC:DF_LAWS(1.0),verordnung,BL,sante,1985,2
SLC:DF_LAWS(1.0),verordnung,BS,educ,1985,1
SLC:DF_LAWS(1.0),verordnung,GL,infra,1985,1
SLC:DF_LAWS(1.0),verordnung,GR,educ,1985,1
SLC:DF_LAWS(1.0),verordnung,GR,sante,1985,2
SLC:DF_LAWS(1.0),verordnung,JU,etat,1985,6
SLC:DF_LAWS(1.0),verordnung,JU,infra,1985,2
SLC:DF_LAWS(1.0),verordnung,LU,sante,1985,5
SLC:DF_LAWS(1.0),verordnung,NE,fin,1985,1
SLC:DF_LAWS(1.0),verordnung,NE,sante,1985,1
SLC:DF_LAWS(1.0),verordnung,OW,autres,1985,1
SLC:DF_LAWS(1.0),verordnung,OW,educ,1985,1
SLC:DF_LAWS(1.0),verordnung,SG,etat,1985,1
SLC:DF_LAWS(1.0),verordnung,SG,sante,1985,3
SLC:DF_LAWS(1.0),verordnung,SH,educ,1985,3
SLC:DF_LAWS(1.0),verordnung,SH,infra,1985,1
SLC:DF_LAWS(1.0),verordnung,SO,autres,1985,1
SLC:DF_LAWS(1.0),verordnung,SO,eco,1985,1
SLC:DF_LAWS(1.0),verordnung,SO,sante,1985,1
SLC:DF_LAWS(1.0),verordnung,TG,etat,1985,1
SLC:DF_LAWS(1.0),verordnung,TG,sante,1985,1
SLC:DF_LAWS(1.0),verordnung,TI,eco,1985,1
SLC:DF_LAWS(1.0),verordnung,VS,eco,1985,2
SLC:DF_LAWS(1.0),verordnung,VS,educ,1985,1
SLC:DF_LAWS(1.0),verordnung,VS,infra,1985,1
SLC:DF_LAWS(1.0),verordnung,ZG,autres,1985,1
SLC:DF_LAWS(1.0),verordnung,ZG,etat,1985,1
SLC:DF_LAWS(1.0),verordnung,ZG,infra,1985,2
SLC:DF_LAWS(1.0),verordnung,ZH,autres,1985,1
SLC:DF_LAWS(1.0),verordnung,ZH,educ,1985,1
SLC:DF_LAWS(1.0),verordnung,ZH,infra,1985,1
SLC:DF_LAWS(1.0),anderes,_T,_T,1985,30
SLC:DF_LAWS(1.0),dekret,_T,_T,1985,31
SLC:DF_LAWS(1.0),gemeindeerlass,_T,_T,1985,8
SLC:DF_LAWS(1.0),gesetz,_T,_T,1985,59
SLC:DF_LAWS(1.0),interkantonale_vereinbarung,_T,_T,1985,18
SLC:DF_LAWS(1.0),reglement,_T,_T,1985,37
SLC:DF_LAWS(1.0),staatsvertrag,_T,_T,1985,1
SLC:DF_LAWS(1.0),verordnung,_T,_T,1985,70
SLC:DF_LAWS(1.0),_T,AG,_T,1985,15
SLC:DF_LAWS(1.0),_T,AI,_T,1985,1
SLC:DF_LAWS(1.0),_T,AR,_T,1985,1
SLC:DF_LAWS(1.0),_T,BE,_T,1985,19
SLC:DF_LAWS(1.0),_T,BL,_T,1985,8
SLC:DF_LAWS(1.0),_T,BS,_T,1985,16
SLC:DF_LAWS(1.0),_T,FR,_T,1985,15
SLC:DF_LAWS(1.0),_T,GE,_T,1985,12
SLC:DF_LAWS(1.0),_T,GL,_T,1985,8
SLC:DF_LAWS(1.0),_T,GR,_T,1985,7
SLC:DF_LAWS(1.0),_T,JU,_T,1985,19
SLC:DF_LAWS(1.0),_T,LU,_T,1985,8
SLC:DF_LAWS(1.0),_T,NE,_T,1985,10
SLC:DF_LAWS(1.0),_T,NW,_T,1985,6
SLC:DF_LAWS(1.0),_T,OW,_T,1985,8
SLC:DF_LAWS(1.0),_T,SG,_T,1985,17
SLC:DF_LAWS(1.0),_T,SH,_T,1985,9
SLC:DF_LAWS(1.0),_T,SO,_T,1985,12
SLC:DF_LAWS(1.0),_T,SZ,_T,1985,1
SLC:DF_LAWS(1.0),_T,TG,_T,1985,6
SLC:DF_LAWS(1.0),_T,TI,_T,1985,10
SLC:DF_LAWS(1.0),_T,UR,_T,1985,6
SLC:DF_LAWS(1.0),_T,VD,_T,1985,12
SLC:DF_LAWS(1.0),_T,VS,_T,1985,10
SLC:DF_LAWS(1.0),_T,ZG,_T,1985,10
SLC:DF_LAWS(1.0),_T,ZH,_T,1985,8
SLC:DF_LAWS(1.0),_T,_T,autres,1985,21
SLC:DF_LAWS(1.0),_T,_T,eco,1985,19
SLC:DF_LAWS(1.0),_T,_T,educ,1985,57
SLC:DF_LAWS(1.0),_T,_T,etat,1985,53
SLC:DF_LAWS(1.0),_T,_T,fin,1985,12
SLC:DF_LAWS(1.0),_T,_T,infra,1985,44
SLC:DF_LAWS(1.0),_T,_T,sante,1985,48
SLC:DF_LAWS(1.0),_T,_T,_T,1985,254
SLC:DF_LAWS(1.0),anderes,AR,autres,1986,1
SLC:DF_LAWS(1.0),anderes,BE,educ,1986,1
SLC:DF_LAWS(1.0),anderes,BL,autres,1986,1
SLC:DF_LAWS(1.0),anderes,BS,sante,1986,1
SLC:DF_LAWS(1.0),anderes,FR,autres,1986,2
SLC:DF_LAWS(1.0),anderes,FR,educ,1986,1
SLC:DF_LAWS(1.0),anderes,FR,etat,1986,4
SLC:DF_LAWS(1.0),anderes,FR,sante,1986,1
SLC:DF_LAWS(1.0),anderes,GR,etat,1986,1
SLC:DF_LAWS(1.0),anderes,LU,autres,1986,1
SLC:DF_LAWS(1.0),anderes,NE,eco,1986,1
SLC:DF_LAWS(1.0),anderes,NE,sante,1986,1
SLC:DF_LAWS(1.0),anderes,OW,autres,1986,1
SLC:DF_LAWS(1.0),anderes,SG,autres,1986,1
SLC:DF_LAWS(1.0),anderes,SH,autres,1986,1
SLC:DF_LAWS(1.0),anderes,SO,autres,1986,2
SLC:DF_LAWS(1.0),anderes,SO,educ,1986,1
SLC:DF_LAWS(1.0),anderes,SO,etat,1986,1
SLC:DF_LAWS(1.0),anderes,SO,fin,1986,1
SLC:DF_LAWS(1.0),anderes,TG,sante,1986,1
SLC:DF_LAWS(1.0),anderes,TI,etat,1986,1
SLC:DF_LAWS(1.0),anderes,VD,autres,1986,1
SLC:DF_LAWS(1.0),anderes,VS,eco,1986,1
SLC:DF_LAWS(1.0),anderes,ZH,educ,1986,1
SLC:DF_LAWS(1.0),dekret,AG,educ,1986,1
SLC:DF_LAWS(1.0),dekret,AG,infra,1986,1
SLC:DF_LAWS(1.0),dekret,AI,autres,1986,1
SLC:DF_LAWS(1.0),dekret,AI,fin,1986,1
SLC:DF_LAWS(1.0),dekret,AR,autres,1986,1
SLC:DF_LAWS(1.0),dekret,BE,etat,1986,1
SLC:DF_LAWS(1.0),dekret,BE,fin,1986,1
SLC:DF_LAWS(1.0),dekret,GR,fin,1986,1
SLC:DF_LAWS(1.0),dekret,GR,sante,1986,1
SLC:DF_LAWS(1.0),dekret,JU,autres,1986,2
SLC:DF_LAWS(1.0),dekret,JU,etat,1986,2
SLC:DF_LAWS(1.0),dekret,JU,fin,1986,2
SLC:DF_LAWS(1.0),dekret,LU,etat,1986,3
SLC:DF_LAWS(1.0),dekret,LU,fin,1986,1
SLC:DF_LAWS(1.0),dekret,NE,autres,1986,1
SLC:DF_LAWS(1.0),dekret,NW,etat,1986,1
SLC:DF_LAWS(1.0),dekret,NW,infra,1986,2
SLC:DF_LAWS(1.0),dekret,OW,autres,1986,1
SLC:DF_LAWS(1.0),dekret,OW,etat,1986,1
SLC:DF_LAWS(1.0),dekret,SG,educ,1986,1
SLC:DF_LAWS(1.0),dekret,SG,fin,1986,1
SLC:DF_LAWS(1.0),dekret,SG,infra,1986,2
SLC:DF_LAWS(1.0),dekret,SG,sante,1986,3
SLC:DF_LAWS(1.0),dekret,TI,autres,1986,1
SLC:DF_LAWS(1.0),dekret,UR,sante,1986,1
SLC:DF_LAWS(1.0),dekret,ZG,educ,1986,1
SLC:DF_LAWS(1.0),dekret,ZH,etat,1986,1
SLC:DF_LAWS(1.0),dekret,ZH,fin,1986,1
SLC:DF_LAWS(1.0),gemeindeerlass,BS,etat,1986,6
SLC:DF_LAWS(1.0),gesetz,AG,etat,1986,1
SLC:DF_LAWS(1.0),gesetz,AI,autres,1986,1
SLC:DF_LAWS(1.0),gesetz,BE,educ,1986,1
SLC:DF_LAWS(1.0),gesetz,BE,etat,1986,1
SLC:DF_LAWS(1.0),gesetz,BL,infra,1986,1
SLC:DF_LAWS(1.0),gesetz,BS,etat,1986,1
SLC:DF_LAWS(1.0),gesetz,FR,autres,1986,1
SLC:DF_LAWS(1.0),gesetz,FR,etat,1986,3
SLC:DF_LAWS(1.0),gesetz,FR,infra,1986,3
SLC:DF_LAWS(1.0),gesetz,FR,sante,1986,1
SLC:DF_LAWS(1.0),gesetz,GE,autres,1986,2
SLC:DF_LAWS(1.0),gesetz,GE,infra,1986,1
SLC:DF_LAWS(1.0),gesetz,GL,autres,1986,1
SLC:DF_LAWS(1.0),gesetz,GL,etat,1986,1
SLC:DF_LAWS(1.0),gesetz,GR,fin,1986,1
SLC:DF_LAWS(1.0),gesetz,GR,sante,1986,1
SLC:DF_LAWS(1.0),gesetz,LU,autres,1986,1
SLC:DF_LAWS(1.0),gesetz,LU,educ,1986,1
SLC:DF_LAWS(1.0),gesetz,LU,sante,1986,1
SLC:DF_LAWS(1.0),gesetz,NE,eco,1986,1
SLC:DF_LAWS(1.0),gesetz,NE,infra,1986,1
SLC:DF_LAWS(1.0),gesetz,NW,etat,1986,2
SLC:DF_LAWS(1.0),gesetz,NW,sante,1986,1
SLC:DF_LAWS(1.0),gesetz,OW,autres,1986,1
SLC:DF_LAWS(1.0),gesetz,SH,autres,1986,1
SLC:DF_LAWS(1.0),gesetz,SH,educ,1986,2
SLC:DF_LAWS(1.0),gesetz,SO,fin,1986,1
SLC:DF_LAWS(1.0),gesetz,SZ,eco,1986,1
SLC:DF_LAWS(1.0),gesetz,SZ,educ,1986,1
SLC:DF_LAWS(1.0),gesetz,SZ,fin,1986,2
SLC:DF_LAWS(1.0),gesetz,TG,infra,1986,1
SLC:DF_LAWS(1.0),gesetz,TG,sante,1986,1
SLC:DF_LAWS(1.0),gesetz,TI,etat,1986,2
SLC:DF_LAWS(1.0),gesetz,TI,fin,1986,2
SLC:DF_LAWS(1.0),gesetz,UR,etat,1986,1
SLC:DF_LAWS(1.0),gesetz,VS,educ,1986,2
SLC:DF_LAWS(1.0),gesetz,VS,sante,1986,1
SLC:DF_LAWS(1.0),gesetz,ZG,infra,1986,1
SLC:DF_LAWS(1.0),gesetz,ZH,educ,1986,1
SLC:DF_LAWS(1.0),gesetz,ZH,etat,1986,1
SLC:DF_LAWS(1.0),gesetz,ZH,fin,1986,1
SLC:DF_LAWS(1.0),interkantonale_vereinbarung,BE,infra,1986,1
SLC:DF_LAWS(1.0),interkantonale_vereinbarung,GL,sante,1986,1
SLC:DF_LAWS(1.0),interkantonale_vereinbarung,JU,autres,1986,1
SLC:DF_LAWS(1.0),interkantonale_vereinbarung,JU,etat,1986,1
SLC:DF_LAWS(1.0),interkantonale_vereinbarung,JU,sante,1986,1
SLC:DF_LAWS(1.0),interkantonale_vereinbarung,NW,sante,1986,1
SLC:DF_LAWS(1.0),interkantonale_vereinbarung,SG,infra,1986,1
SLC:DF_LAWS(1.0),interkantonale_vereinbarung,SO,educ,1986,1
SLC:DF_LAWS(1.0),interkantonale_vereinbarung,TI,autres,1986,1
SLC:DF_LAWS(1.0),interkantonale_vereinbarung,UR,autres,1986,1
SLC:DF_LAWS(1.0),interkantonale_vereinbarung,VD,educ,1986,1
SLC:DF_LAWS(1.0),interkantonale_vereinbarung,VS,sante,1986,1
SLC:DF_LAWS(1.0),reglement,FR,autres,1986,3
SLC:DF_LAWS(1.0),reglement,FR,eco,1986,1
SLC:DF_LAWS(1.0),reglement,FR,educ,1986,2
SLC:DF_LAWS(1.0),reglement,FR,etat,1986,1
SLC:DF_LAWS(1.0),reglement,FR,infra,1986,1
SLC:DF_LAWS(1.0),reglement,GE,eco,1986,2
SLC:DF_LAWS(1.0),reglement,GE,educ,1986,2
SLC:DF_LAWS(1.0),reglement,GE,etat,1986,5
SLC:DF_LAWS(1.0),reglement,GE,infra,1986,4
SLC:DF_LAWS(1.0),reglement,GE,sante,1986,2
SLC:DF_LAWS(1.0),reglement,GL,etat,1986,1
SLC:DF_LAWS(1.0),reglement,JU,eco,1986,1
SLC:DF_LAWS(1.0),reglement,JU,etat,1986,1
SLC:DF_LAWS(1.0),reglement,LU,autres,1986,1
SLC:DF_LAWS(1.0),reglement,NE,infra,1986,1
SLC:DF_LAWS(1.0),reglement,NE,sante,1986,1
SLC:DF_LAWS(1.0),reglement,SO,autres,1986,1
SLC:DF_LAWS(1.0),reglement,TI,eco,1986,2
SLC:DF_LAWS(1.0),reglement,TI,infra,1986,2
SLC:DF_LAWS(1.0),reglement,UR,eco,1986,1
SLC:DF_LAWS(1.0),reglement,UR,etat,1986,1
SLC:DF_LAWS(1.0),reglement,UR,infra,1986,1
SLC:DF_LAWS(1.0),reglement,UR,sante,1986,1
SLC:DF_LAWS(1.0),reglement,VD,autres,1986,2
SLC:DF_LAWS(1.0),reglement,VD,eco,1986,1
SLC:DF_LAWS(1.0),reglement,VD,educ,1986,1
SLC:DF_LAWS(1.0),reglement,VD,etat,1986,1
SLC:DF_LAWS(1.0),reglement,VD,sante,1986,3
SLC:DF_LAWS(1.0),reglement,VS,etat,1986,1
SLC:DF_LAWS(1.0),reglement,VS,sante,1986,1
SLC:DF_LAWS(1.0),reglement,ZH,educ,1986,1
SLC:DF_LAWS(1.0),reglement,ZH,etat,1986,1
SLC:DF_LAWS(1.0),verfassung,SO,etat,1986,1
SLC:DF_LAWS(1.0),verordnung,AG,autres,1986,1
SLC:DF_LAWS(1.0),verordnung,AG,educ,1986,1
SLC:DF_LAWS(1.0),verordnung,AG,etat,1986,2
SLC:DF_LAWS(1.0),verordnung,AI,eco,1986,1
SLC:DF_LAWS(1.0),verordnung,AR,autres,1986,1
SLC:DF_LAWS(1.0),verordnung,AR,sante,1986,1
SLC:DF_LAWS(1.0),verordnung,BE,educ,1986,2
SLC:DF_LAWS(1.0),verordnung,BE,etat,1986,2
SLC:DF_LAWS(1.0),verordnung,BS,autres,1986,1
SLC:DF_LAWS(1.0),verordnung,BS,infra,1986,1
SLC:DF_LAWS(1.0),verordnung,BS,sante,1986,2
SLC:DF_LAWS(1.0),verordnung,FR,autres,1986,1
SLC:DF_LAWS(1.0),verordnung,FR,eco,1986,1
SLC:DF_LAWS(1.0),verordnung,FR,infra,1986,1
SLC:DF_LAWS(1.0),verordnung,GL,educ,1986,1
SLC:DF_LAWS(1.0),verordnung,GR,etat,1986,1
SLC:DF_LAWS(1.0),verordnung,JU,eco,1986,2
SLC:DF_LAWS(1.0),verordnung,JU,educ,1986,3
SLC:DF_LAWS(1.0),verordnung,JU,etat,1986,3
SLC:DF_LAWS(1.0),verordnung,JU,infra,1986,1
SLC:DF_LAWS(1.0),verordnung,LU,autres,1986,1
SLC:DF_LAWS(1.0),verordnung,LU,infra,1986,1
SLC:DF_LAWS(1.0),verordnung,NE,educ,1986,2
SLC:DF_LAWS(1.0),verordnung,NE,fin,1986,1
SLC:DF_LAWS(1.0),verordnung,NE,infra,1986,2
SLC:DF_LAWS(1.0),verordnung,OW,etat,1986,1
SLC:DF_LAWS(1.0),verordnung,OW,fin,1986,1
SLC:DF_LAWS(1.0),verordnung,SG,autres,1986,1
SLC:DF_LAWS(1.0),verordnung,SG,eco,1986,1
SLC:DF_LAWS(1.0),verordnung,SG,educ,1986,3
SLC:DF_LAWS(1.0),verordnung,SG,etat,1986,1
SLC:DF_LAWS(1.0),verordnung,SG,sante,1986,3
SLC:DF_LAWS(1.0),verordnung,SH,etat,1986,1
SLC:DF_LAWS(1.0),verordnung,SH,infra,1986,1
SLC:DF_LAWS(1.0),verordnung,SH,sante,1986,1
SLC:DF_LAWS(1.0),verordnung,SO,autres,1986,1
SLC:DF_LAWS(1.0),verordnung,SO,etat,1986,5
SLC:DF_LAWS(1.0),verordnung,SO,fin,1986,12
SLC:DF_LAWS(1.0),verordnung,SO,infra,1986,1
SLC:DF_LAWS(1.0),verordnung,SO,sante,1986,5
SLC:DF_LAWS(1.0),verordnung,SZ,fin,1986,1
SLC:DF_LAWS(1.0),verordnung,SZ,infra,1986,1
SLC:DF_LAWS(1.0),verordnung,TG,autres,1986,1
SLC:DF_LAWS(1.0),verordnung,TG,sante,1986,1
SLC:DF_LAWS(1.0),verordnung,TI,eco,1986,1
SLC:DF_LAWS(1.0),verordnung,VS,educ,1986,1
SLC:DF_LAWS(1.0),verordnung,VS,etat,1986,1
SLC:DF_LAWS(1.0),verordnung,ZH,autres,1986,1
SLC:DF_LAWS(1.0),verordnung,ZH,educ,1986,3
SLC:DF_LAWS(1.0),verordnung,ZH,etat,1986,1
SLC:DF_LAWS(1.0),verordnung,ZH,fin,1986,2
SLC:DF_LAWS(1.0),anderes,_T,_T,1986,29
SLC:DF_LAWS(1.0),dekret,_T,_T,1986,37
SLC:DF_LAWS(1.0),gemeindeerlass,_T,_T,1986,6
SLC:DF_LAWS(1.0),gesetz,_T,_T,1986,52
SLC:DF_LAWS(1.0),interkantonale_vereinbarung,_T,_T,1986,12
SLC:DF_LAWS(1.0),reglement,_T,_T,1986,50
SLC:DF_LAWS(1.0),verfassung,_T,_T,1986,1
SLC:DF_LAWS(1.0),verordnung,_T,_T,1986,88
SLC:DF_LAWS(1.0),_T,AG,_T,1986,7
SLC:DF_LAWS(1.0),_T,AI,_T,1986,4
SLC:DF_LAWS(1.0),_T,AR,_T,1986,4
SLC:DF_LAWS(1.0),_T,BE,_T,1986,10
SLC:DF_LAWS(1.0),_T,BL,_T,1986,2
SLC:DF_LAWS(1.0),_T,BS,_T,1986,12
SLC:DF_LAWS(1.0),_T,FR,_T,1986,27
SLC:DF_LAWS(1.0),_T,GE,_T,1986,18
SLC:DF_LAWS(1.0),_T,GL,_T,1986,5
SLC:DF_LAWS(1.0),_T,GR,_T,1986,6
SLC:DF_LAWS(1.0),_T,JU,_T,1986,20
SLC:DF_LAWS(1.0),_T,LU,_T,1986,11
SLC:DF_LAWS(1.0),_T,NE,_T,1986,12
SLC:DF_LAWS(1.0),_T,NW,_T,1986,7
SLC:DF_LAWS(1.0),_T,OW,_T,1986,6
SLC:DF_LAWS(1.0),_T,SG,_T,1986,18
SLC:DF_LAWS(1.0),_T,SH,_T,1986,7
SLC:DF_LAWS(1.0),_T,SO,_T,1986,33
SLC:DF_LAWS(1.0),_T,SZ,_T,1986,6
SLC:DF_LAWS(1.0),_T,TG,_T,1986,5
SLC:DF_LAWS(1.0),_T,TI,_T,1986,12
SLC:DF_LAWS(1.0),_T,UR,_T,1986,7
SLC:DF_LAWS(1.0),_T,VD,_T,1986,10
SLC:DF_LAWS(1.0),_T,VS,_T,1986,9
SLC:DF_LAWS(1.0),_T,ZG,_T,1986,2
SLC:DF_LAWS(1.0),_T,ZH,_T,1986,15
SLC:DF_LAWS(1.0),_T,_T,autres,1986,45
SLC:DF_LAWS(1.0),_T,_T,eco,1986,18
SLC:DF_LAWS(1.0),_T,_T,educ,1986,39
SLC:DF_LAWS(1.0),_T,_T,etat,1986,67
SLC:DF_LAWS(1.0),_T,_T,fin,1986,33
SLC:DF_LAWS(1.0),_T,_T,infra,1986,33
SLC:DF_LAWS(1.0),_T,_T,sante,1986,40
SLC:DF_LAWS(1.0),_T,_T,_T,1986,275
SLC:DF_LAWS(1.0),anderes,AG,etat,1987,1
SLC:DF_LAWS(1.0),anderes,BE,autres,1987,1
SLC:DF_LAWS(1.0),anderes,BL,educ,1987,1
SLC:DF_LAWS(1.0),anderes,BS,educ,1987,2
SLC:DF_LAWS(1.0),anderes,BS,sante,1987,1
SLC:DF_LAWS(1.0),anderes,FR,etat,1987,1
SLC:DF_LAWS(1.0),anderes,FR,fin,1987,1
SLC:DF_LAWS(1.0),anderes,FR,infra,1987,2
SLC:DF_LAWS(1.0),anderes,GE,infra,1987,1
SLC:DF_LAWS(1.0),anderes,GL,educ,1987,1
SLC:DF_LAWS(1.0),anderes,GL,etat,1987,1
SLC:DF_LAWS(1.0),anderes,GR,autres,1987,1
SLC:DF_LAWS(1.0),anderes,GR,fin,1987,1
SLC:DF_LAWS(1.0),anderes,JU,educ,1987,2
SLC:DF_LAWS(1.0),anderes,SG,eco,1987,1
SLC:DF_LAWS(1.0),anderes,SH,educ,1987,1
SLC:DF_LAWS(1.0),anderes,SO,eco,1987,1
SLC:DF_LAWS(1.0),anderes,SO,educ,1987,12
SLC:DF_LAWS(1.0),anderes,SO,etat,1987,4
SLC:DF_LAWS(1.0),anderes,SZ,educ,1987,1
SLC:DF_LAWS(1.0),anderes,SZ,etat,1987,1
SLC:DF_LAWS(1.0),anderes,UR,fin,1987,1
SLC:DF_LAWS(1.0),anderes,VD,infra,1987,1
SLC:DF_LAWS(1.0),anderes,VD,sante,1987,1
SLC:DF_LAWS(1.0),anderes,VS,etat,1987,2
SLC:DF_LAWS(1.0),anderes,VS,infra,1987,1
SLC:DF_LAWS(1.0),anderes,ZH,infra,1987,2
SLC:DF_LAWS(1.0),anderes,ZH,sante,1987,1
SLC:DF_LAWS(1.0),dekret,AG,autres,1987,1
SLC:DF_LAWS(1.0),dekret,AG,eco,1987,1
SLC:DF_LAWS(1.0),dekret,AG,educ,1987,1
SLC:DF_LAWS(1.0),dekret,AG,etat,1987,3
SLC:DF_LAWS(1.0),dekret,AI,autres,1987,2
SLC:DF_LAWS(1.0),dekret,BE,etat,1987,1
SLC:DF_LAWS(1.0),dekret,GL,autres,1987,1
SLC:DF_LAWS(1.0),dekret,GL,etat,1987,1
SLC:DF_LAWS(1.0),dekret,JU,etat,1987,1
SLC:DF_LAWS(1.0),dekret,LU,etat,1987,3
SLC:DF_LAWS(1.0),dekret,NW,autres,1987,1
SLC:DF_LAWS(1.0),dekret,NW,fin,1987,1
SLC:DF_LAWS(1.0),dekret,OW,autres,1987,2
SLC:DF_LAWS(1.0),dekret,OW,educ,1987,2
SLC:DF_LAWS(1.0),dekret,OW,infra,1987,2
SLC:DF_LAWS(1.0),dekret,SG,infra,1987,2
SLC:DF_LAWS(1.0),dekret,SG,sante,1987,2
SLC:DF_LAWS(1.0),dekret,TI,educ,1987,1
SLC:DF_LAWS(1.0),dekret,UR,autres,1987,1
SLC:DF_LAWS(1.0),dekret,UR,etat,1987,1
SLC:DF_LAWS(1.0),dekret,VD,etat,1987,2
SLC:DF_LAWS(1.0),dekret,VD,infra,1987,1
SLC:DF_LAWS(1.0),dekret,ZG,educ,1987,1
SLC:DF_LAWS(1.0),gesetz,AG,autres,1987,1
SLC:DF_LAWS(1.0),gesetz,AG,sante,1987,1
SLC:DF_LAWS(1.0),gesetz,AI,autres,1987,1
SLC:DF_LAWS(1.0),gesetz,AI,educ,1987,1
SLC:DF_LAWS(1.0),gesetz,AR,autres,1987,1
SLC:DF_LAWS(1.0),gesetz,AR,educ,1987,1
SLC:DF_LAWS(1.0),gesetz,BL,autres,1987,1
SLC:DF_LAWS(1.0),gesetz,BL,fin,1987,1
SLC:DF_LAWS(1.0),gesetz,BS,sante,1987,1
SLC:DF_LAWS(1.0),gesetz,FR,autres,1987,2
SLC:DF_LAWS(1.0),gesetz,FR,etat,1987,1
SLC:DF_LAWS(1.0),gesetz,GE,autres,1987,1
SLC:DF_LAWS(1.0),gesetz,GE,eco,1987,2
SLC:DF_LAWS(1.0),gesetz,GE,etat,1987,1
SLC:DF_LAWS(1.0),gesetz,GE,infra,1987,3
SLC:DF_LAWS(1.0),gesetz,GE,sante,1987,1
SLC:DF_LAWS(1.0),gesetz,GL,autres,1987,1
SLC:DF_LAWS(1.0),gesetz,GR,autres,1987,1
SLC:DF_LAWS(1.0),gesetz,JU,educ,1987,1
SLC:DF_LAWS(1.0),gesetz,LU,autres,1987,2
SLC:DF_LAWS(1.0),gesetz,LU,sante,1987,2
SLC:DF_LAWS(1.0),gesetz,NE,etat,1987,1
SLC:DF_LAWS(1.0),gesetz,NE,sante,1987,2
SLC:DF_LAWS(1.0),gesetz,NW,educ,1987,1
SLC:DF_LAWS(1.0),gesetz,NW,etat,1987,2
SLC:DF_LAWS(1.0),gesetz,SG,infra,1987,1
SLC:DF_LAWS(1.0),gesetz,SG,sante,1987,1
SLC:DF_LAWS(1.0),gesetz,SH,autres,1987,1
SLC:DF_LAWS(1.0),gesetz,SO,autres,1987,1
SLC:DF_LAWS(1.0),gesetz,SZ,autres,1987,1
SLC:DF_LAWS(1.0),gesetz,SZ,etat,1987,1
SLC:DF_LAWS(1.0),gesetz,SZ,fin,1987,1
SLC:DF_LAWS(1.0),gesetz,SZ,infra,1987,2
SLC:DF_LAWS(1.0),gesetz,TG,autres,1987,1
SLC:DF_LAWS(1.0),gesetz,TG,etat,1987,1
SLC:DF_LAWS(1.0),gesetz,TI,etat,1987,2
SLC:DF_LAWS(1.0),gesetz,TI,infra,1987,1
SLC:DF_LAWS(1.0),gesetz,TI,sante,1987,1
SLC:DF_LAWS(1.0),gesetz,UR,educ,1987,1
SLC:DF_LAWS(1.0),gesetz,UR,sante,1987,1
SLC:DF_LAWS(1.0),gesetz,VD,autres,1987,1
SLC:DF_LAWS(1.0),gesetz,VD,eco,1987,2
SLC:DF_LAWS(1.0),gesetz,VS,educ,1987,1
SLC:DF_LAWS(1.0),gesetz,VS,infra,1987,2
SLC:DF_LAWS(1.0),gesetz,VS,sante,1987,1
SLC:DF_LAWS(1.0),gesetz,ZG,autres,1987,1
SLC:DF_LAWS(1.0),gesetz,ZG,infra,1987,1
SLC:DF_LAWS(1.0),gesetz,ZH,educ,1987,1
SLC:DF_LAWS(1.0),interkantonale_vereinbarung,AR,educ,1987,1
SLC:DF_LAWS(1.0),interkantonale_vereinbarung,BS,sante,1987,2
SLC:DF_LAWS(1.0),interkantonale_vereinbarung,FR,autres,1987,1
SLC:DF_LAWS(1.0),interkantonale_vereinbarung,FR,eco,1987,1
SLC:DF_LAWS(1.0),interkantonale_vereinbarung,NE,autres,1987,1
SLC:DF_LAWS(1.0),interkantonale_vereinbarung,OW,fin,1987,1
SLC:DF_LAWS(1.0),interkantonale_vereinbarung,SG,educ,1987,2
SLC:DF_LAWS(1.0),interkantonale_vereinbarung,TG,educ,1987,1
SLC:DF_LAWS(1.0),interkantonale_vereinbarung,VD,autres,1987,1
SLC:DF_LAWS(1.0),interkantonale_vereinbarung,VS,sante,1987,1
SLC:DF_LAWS(1.0),interkantonale_vereinbarung,ZH,fin,1987,1
SLC:DF_LAWS(1.0),reglement,AG,sante,1987,1
SLC:DF_LAWS(1.0),reglement,AR,sante,1987,1
SLC:DF_LAWS(1.0),reglement,FR,autres,1987,1
SLC:DF_LAWS(1.0),reglement,FR,educ,1987,1
SLC:DF_LAWS(1.0),reglement,FR,infra,1987,1
SLC:DF_LAWS(1.0),reglement,GE,educ,1987,1
SLC:DF_LAWS(1.0),reglement,GE,etat,1987,2
SLC:DF_LAWS(1.0),reglement,GE,infra,1987,1
SLC:DF_LAWS(1.0),reglement,GE,sante,1987,3
SLC:DF_LAWS(1.0),reglement,LU,educ,1987,1
SLC:DF_LAWS(1.0),reglement,NE,educ,1987,1
SLC:DF_LAWS(1.0),reglement,NE,infra,1987,1
SLC:DF_LAWS(1.0),reglement,SG,etat,1987,3
SLC:DF_LAWS(1.0),reglement,SH,etat,1987,1
SLC:DF_LAWS(1.0),reglement,SZ,fin,1987,1
SLC:DF_LAWS(1.0),reglement,TG,educ,1987,1
SLC:DF_LAWS(1.0),reglement,TI,educ,1987,1
SLC:DF_LAWS(1.0),reglement,TI,etat,1987,3
SLC:DF_LAWS(1.0),reglement,TI,infra,1987,1
SLC:DF_LAWS(1.0),reglement,VD,autres,1987,3
SLC:DF_LAWS(1.0),reglement,VD,etat,1987,1
SLC:DF_LAWS(1.0),reglement,VD,fin,1987,1
SLC:DF_LAWS(1.0),reglement,VD,sante,1987,4
SLC:DF_LAWS(1.0),reglement,VS,etat,1987,1
SLC:DF_LAWS(1.0),reglement,VS,infra,1987,1
SLC:DF_LAWS(1.0),reglement,VS,sante,1987,1
SLC:DF_LAWS(1.0),reglement,ZH,etat,1987,1
SLC:DF_LAWS(1.0),staatsvertrag,BS,etat,1987,1
SLC:DF_LAWS(1.0),verfassung,TG,etat,1987,1
SLC:DF_LAWS(1.0),verordnung,AG,autres,1987,1
SLC:DF_LAWS(1.0),verordnung,AG,educ,1987,1
SLC:DF_LAWS(1.0),verordnung,AG,etat,1987,1
SLC:DF_LAWS(1.0),verordnung,AI,etat,1987,1
SLC:DF_LAWS(1.0),verordnung,AR,infra,1987,1
SLC:DF_LAWS(1.0),verordnung,BE,educ,1987,1
SLC:DF_LAWS(1.0),verordnung,BE,etat,1987,3
SLC:DF_LAWS(1.0),verordnung,BE,infra,1987,1
SLC:DF_LAWS(1.0),verordnung,BL,eco,1987,1
SLC:DF_LAWS(1.0),verordnung,BL,fin,1987,1
SLC:DF_LAWS(1.0),verordnung,BS,eco,1987,1
SLC:DF_LAWS(1.0),verordnung,BS,etat,1987,1
SLC:DF_LAWS(1.0),verordnung,FR,educ,1987,1
SLC:DF_LAWS(1.0),verordnung,FR,etat,1987,1
SLC:DF_LAWS(1.0),verordnung,GL,etat,1987,1
SLC:DF_LAWS(1.0),verordnung,GR,educ,1987,1
SLC:DF_LAWS(1.0),verordnung,JU,educ,1987,1
SLC:DF_LAWS(1.0),verordnung,JU,etat,1987,1
SLC:DF_LAWS(1.0),verordnung,JU,fin,1987,1
SLC:DF_LAWS(1.0),verordnung,JU,sante,1987,2
SLC:DF_LAWS(1.0),verordnung,LU,autres,1987,2
SLC:DF_LAWS(1.0),verordnung,LU,etat,1987,1
SLC:DF_LAWS(1.0),verordnung,NE,autres,1987,1
SLC:DF_LAWS(1.0),verordnung,NE,infra,1987,3
SLC:DF_LAWS(1.0),verordnung,NW,educ,1987,1
SLC:DF_LAWS(1.0),verordnung,NW,etat,1987,1
SLC:DF_LAWS(1.0),verordnung,OW,autres,1987,1
SLC:DF_LAWS(1.0),verordnung,OW,etat,1987,2
SLC:DF_LAWS(1.0),verordnung,OW,infra,1987,2
SLC:DF_LAWS(1.0),verordnung,OW,sante,1987,1
SLC:DF_LAWS(1.0),verordnung,SG,eco,1987,1
SLC:DF_LAWS(1.0),verordnung,SG,etat,1987,2
SLC:DF_LAWS(1.0),verordnung,SG,infra,1987,1
SLC:DF_LAWS(1.0),verordnung,SG,sante,1987,1
SLC:DF_LAWS(1.0),verordnung,SH,educ,1987,1
SLC:DF_LAWS(1.0),verordnung,SH,etat,1987,1
SLC:DF_LAWS(1.0),verordnung,SH,infra,1987,1
SLC:DF_LAWS(1.0),verordnung,SO,autres,1987,2
SLC:DF_LAWS(1.0),verordnung,SO,eco,1987,1
SLC:DF_LAWS(1.0),verordnung,SO,educ,1987,4
SLC:DF_LAWS(1.0),verordnung,SO,etat,1987,7
SLC:DF_LAWS(1.0),verordnung,SO,fin,1987,2
SLC:DF_LAWS(1.0),verordnung,SO,infra,1987,1
SLC:DF_LAWS(1.0),verordnung,SO,sante,1987,1
SLC:DF_LAWS(1.0),verordnung,SZ,fin,1987,1
SLC:DF_LAWS(1.0),verordnung,SZ,sante,1987,2
SLC:DF_LAWS(1.0),verordnung,TI,infra,1987,1
SLC:DF_LAWS(1.0),verordnung,TI,sante,1987,1
SLC:DF_LAWS(1.0),verordnung,VS,educ,1987,2
SLC:DF_LAWS(1.0),verordnung,ZH,educ,1987,3
SLC:DF_LAWS(1.0),verordnung,ZH,etat,1987,2
SLC:DF_LAWS(1.0),verordnung,ZH,infra,1987,1
SLC:DF_LAWS(1.0),anderes,_T,_T,1987,47
SLC:DF_LAWS(1.0),dekret,_T,_T,1987,34
SLC:DF_LAWS(1.0),gesetz,_T,_T,1987,60
SLC:DF_LAWS(1.0),interkantonale_vereinbarung,_T,_T,1987,13
SLC:DF_LAWS(1.0),reglement,_T,_T,1987,39
SLC:DF_LAWS(1.0),staatsvertrag,_T,_T,1987,1
SLC:DF_LAWS(1.0),verfassung,_T,_T,1987,1
SLC:DF_LAWS(1.0),verordnung,_T,_T,1987,77
SLC:DF_LAWS(1.0),_T,AG,_T,1987,13
SLC:DF_LAWS(1.0),_T,AI,_T,1987,5
SLC:DF_LAWS(1.0),_T,AR,_T,1987,5
SLC:DF_LAWS(1.0),_T,BE,_T,1987,7
SLC:DF_LAWS(1.0),_T,BL,_T,1987,5
SLC:DF_LAWS(1.0),_T,BS,_T,1987,9
SLC:DF_LAWS(1.0),_T,FR,_T,1987,14
SLC:DF_LAWS(1.0),_T,GE,_T,1987,16
SLC:DF_LAWS(1.0),_T,GL,_T,1987,6
SLC:DF_LAWS(1.0),_T,GR,_T,1987,4
SLC:DF_LAWS(1.0),_T,JU,_T,1987,9
SLC:DF_LAWS(1.0),_T,LU,_T,1987,11
SLC:DF_LAWS(1.0),_T,NE,_T,1987,10
SLC:DF_LAWS(1.0),_T,NW,_T,1987,7
SLC:DF_LAWS(1.0),_T,OW,_T,1987,13
SLC:DF_LAWS(1.0),_T,SG,_T,1987,17
SLC:DF_LAWS(1.0),_T,SH,_T,1987,6
SLC:DF_LAWS(1.0),_T,SO,_T,1987,36
SLC:DF_LAWS(1.0),_T,SZ,_T,1987,11
SLC:DF_LAWS(1.0),_T,TG,_T,1987,5
SLC:DF_LAWS(1.0),_T,TI,_T,1987,12
SLC:DF_LAWS(1.0),_T,UR,_T,1987,5
SLC:DF_LAWS(1.0),_T,VD,_T,1987,18
SLC:DF_LAWS(1.0),_T,VS,_T,1987,13
SLC:DF_LAWS(1.0),_T,ZG,_T,1987,3
SLC:DF_LAWS(1.0),_T,ZH,_T,1987,12
SLC:DF_LAWS(1.0),_T,_T,autres,1987,41
SLC:DF_LAWS(1.0),_T,_T,eco,1987,12
SLC:DF_LAWS(1.0),_T,_T,educ,1987,58
SLC:DF_LAWS(1.0),_T,_T,etat,1987,70
SLC:DF_LAWS(1.0),_T,_T,fin,1987,15
SLC:DF_LAWS(1.0),_T,_T,infra,1987,39
SLC:DF_LAWS(1.0),_T,_T,sante,1987,37
SLC:DF_LAWS(1.0),_T,_T,_T,1987,272
SLC:DF_LAWS(1.0),anderes,BL,etat,1988,1
SLC:DF_LAWS(1.0),anderes,BL,fin,1988,1
SLC:DF_LAWS(1.0),anderes,BL,infra,1988,1
SLC:DF_LAWS(1.0),anderes,BS,educ,1988,2
SLC:DF_LAWS(1.0),anderes,BS,infra,1988,1
SLC:DF_LAWS(1.0),anderes,BS,sante,1988,1
SLC:DF_LAWS(1.0),anderes,FR,autres,1988,2
SLC:DF_LAWS(1.0),anderes,FR,eco,1988,1
SLC:DF_LAWS(1.0),anderes,FR,educ,1988,1
SLC:DF_LAWS(1.0),anderes,FR,etat,1988,3
SLC:DF_LAWS(1.0),anderes,FR,infra,1988,1
SLC:DF_LAWS(1.0),anderes,FR,sante,1988,3
SLC:DF_LAWS(1.0),anderes,GL,autres,1988,1
SLC:DF_LAWS(1.0),anderes,GL,educ,1988,3
SLC:DF_LAWS(1.0),anderes,GL,infra,1988,1
SLC:DF_LAWS(1.0),anderes,GR,educ,1988,1
SLC:DF_LAWS(1.0),anderes,NE,autres,1988,1
SLC:DF_LAWS(1.0),anderes,NE,infra,1988,1
SLC:DF_LAWS(1.0),anderes,NE,sante,1988,1
SLC:DF_LAWS(1.0),anderes,NW,educ,1988,2
SLC:DF_LAWS(1.0),anderes,OW,eco,1988,1
SLC:DF_LAWS(1.0),anderes,SG,eco,1988,1
SLC:DF_LAWS(1.0),anderes,SG,educ,1988,2
SLC:DF_LAWS(1.0),anderes,SH,eco,1988,1
SLC:DF_LAWS(1.0),anderes,SH,sante,1988,1
SLC:DF_LAWS(1.0),anderes,SO,educ,1988,7
SLC:DF_LAWS(1.0),anderes,SO,etat,1988,1
SLC:DF_LAWS(1.0),anderes,SO,sante,1988,1
SLC:DF_LAWS(1.0),anderes,SZ,educ,1988,1
SLC:DF_LAWS(1.0),anderes,VD,educ,1988,1
SLC:DF_LAWS(1.0),anderes,VS,etat,1988,1
SLC:DF_LAWS(1.0),anderes,VS,sante,1988,1
SLC:DF_LAWS(1.0),anderes,ZG,infra,1988,2
SLC:DF_LAWS(1.0),anderes,ZH,autres,1988,1
SLC:DF_LAWS(1.0),anderes,ZH,eco,1988,1
SLC:DF_LAWS(1.0),anderes,ZH,educ,1988,1
SLC:DF_LAWS(1.0),dekret,AG,educ,1988,1
SLC:DF_LAWS(1.0),dekret,AG,infra,1988,1
SLC:DF_LAWS(1.0),dekret,AI,sante,1988,1
SLC:DF_LAWS(1.0),dekret,AR,educ,1988,2
SLC:DF_LAWS(1.0),dekret,AR,etat,1988,1
SLC:DF_LAWS(1.0),dekret,BE,etat,1988,1
SLC:DF_LAWS(1.0),dekret,BS,etat,1988,1
SLC:DF_LAWS(1.0),dekret,BS,sante,1988,1
SLC:DF_LAWS(1.0),dekret,FR,etat,1988,1
SLC:DF_LAWS(1.0),dekret,FR,infra,1988,1
SLC:DF_LAWS(1.0),dekret,JU,etat,1988,1
SLC:DF_LAWS(1.0),dekret,JU,fin,1988,5
SLC:DF_LAWS(1.0),dekret,LU,etat,1988,4
SLC:DF_LAWS(1.0),dekret,NE,educ,1988,1
SLC:DF_LAWS(1.0),dekret,OW,educ,1988,1
SLC:DF_LAWS(1.0),dekret,OW,etat,1988,1
SLC:DF_LAWS(1.0),dekret,OW,fin,1988,1
SLC:DF_LAWS(1.0),dekret,OW,infra,1988,2
SLC:DF_LAWS(1.0),dekret,OW,sante,1988,2
SLC:DF_LAWS(1.0),dekret,SG,educ,1988,2
SLC:DF_LAWS(1.0),dekret,SG,etat,1988,2
SLC:DF_LAWS(1.0),dekret,SG,fin,1988,1
SLC:DF_LAWS(1.0),dekret,SG,sante,1988,3
SLC:DF_LAWS(1.0),dekret,SH,autres,1988,1
SLC:DF_LAWS(1.0),dekret,SH,etat,1988,1
SLC:DF_LAWS(1.0),dekret,UR,eco,1988,1
SLC:DF_LAWS(1.0),dekret,UR,infra,1988,1
SLC:DF_LAWS(1.0),dekret,VD,infra,1988,1
SLC:DF_LAWS(1.0),dekret,ZG,etat,1988,1
SLC:DF_LAWS(1.0),dekret,ZG,fin,1988,1
SLC:DF_LAWS(1.0),dekret,ZG,sante,1988,1
SLC:DF_LAWS(1.0),gesetz,AG,etat,1988,1
SLC:DF_LAWS(1.0),gesetz,AR,educ,1988,1
SLC:DF_LAWS(1.0),gesetz,AR,etat,1988,1
SLC:DF_LAWS(1.0),gesetz,AR,sante,1988,1
SLC:DF_LAWS(1.0),gesetz,BE,autres,1988,1
SLC:DF_LAWS(1.0),gesetz,BE,etat,1988,1
SLC:DF_LAWS(1.0),gesetz,BL,etat,1988,2
SLC:DF_LAWS(1.0),gesetz,BL,sante,1988,2
SLC:DF_LAWS(1.0),gesetz,BS,autres,1988,1
SLC:DF_LAWS(1.0),gesetz,BS,etat,1988,1
SLC:DF_LAWS(1.0),gesetz,BS,infra,1988,1
SLC:DF_LAWS(1.0),gesetz,FR,etat,1988,1
SLC:DF_LAWS(1.0),gesetz,FR,fin,1988,1
SLC:DF_LAWS(1.0),gesetz,FR,sante,1988,2
SLC:DF_LAWS(1.0),gesetz,GE,autres,1988,3
SLC:DF_LAWS(1.0),gesetz,GE,eco,1988,1
SLC:DF_LAWS(1.0),gesetz,GE,etat,1988,3
SLC:DF_LAWS(1.0),gesetz,GE,infra,1988,1
SLC:DF_LAWS(1.0),gesetz,GE,sante,1988,1
SLC:DF_LAWS(1.0),gesetz,GL,infra,1988,1
SLC:DF_LAWS(1.0),gesetz,GL,sante,1988,1
SLC:DF_LAWS(1.0),gesetz,JU,fin,1988,1
SLC:DF_LAWS(1.0),gesetz,JU,infra,1988,1
SLC:DF_LAWS(1.0),gesetz,JU,sante,1988,3
SLC:DF_LAWS(1.0),gesetz,LU,etat,1988,2
SLC:DF_LAWS(1.0),gesetz,LU,sante,1988,1
SLC:DF_LAWS(1.0),gesetz,NE,etat,1988,1
SLC:DF_LAWS(1.0),gesetz,NW,etat,1988,1
SLC:DF_LAWS(1.0),gesetz,NW,infra,1988,1
SLC:DF_LAWS(1.0),gesetz,NW,sante,1988,1
SLC:DF_LAWS(1.0),gesetz,SG,autres,1988,1
SLC:DF_LAWS(1.0),gesetz,SG,educ,1988,1
SLC:DF_LAWS(1.0),gesetz,SG,infra,1988,2
SLC:DF_LAWS(1.0),gesetz,SG,sante,1988,1
SLC:DF_LAWS(1.0),gesetz,SH,sante,1988,1
SLC:DF_LAWS(1.0),gesetz,SO,etat,1988,1
SLC:DF_LAWS(1.0),gesetz,SO,infra,1988,1
SLC:DF_LAWS(1.0),gesetz,SZ,sante,1988,1
SLC:DF_LAWS(1.0),gesetz,TG,eco,1988,1
SLC:DF_LAWS(1.0),gesetz,TG,etat,1988,1
SLC:DF_LAWS(1.0),gesetz,TG,fin,1988,1
SLC:DF_LAWS(1.0),gesetz,TG,infra,1988,1
SLC:DF_LAWS(1.0),gesetz,TG,sante,1988,2
SLC:DF_LAWS(1.0),gesetz,TI,autres,1988,4
SLC:DF_LAWS(1.0),gesetz,TI,etat,1988,2
SLC:DF_LAWS(1.0),gesetz,TI,fin,1988,1
SLC:DF_LAWS(1.0),gesetz,TI,infra,1988,1
SLC:DF_LAWS(1.0),gesetz,TI,sante,1988,1
SLC:DF_LAWS(1.0),gesetz,UR,autres,1988,1
SLC:DF_LAWS(1.0),gesetz,VD,autres,1988,1
SLC:DF_LAWS(1.0),gesetz,VD,fin,1988,1
SLC:DF_LAWS(1.0),gesetz,VD,infra,1988,1
SLC:DF_LAWS(1.0),gesetz,VD,sante,1988,1
SLC:DF_LAWS(1.0),gesetz,VS,educ,1988,2
SLC:DF_LAWS(1.0),gesetz,VS,etat,1988,2
SLC:DF_LAWS(1.0),gesetz,VS,infra,1988,2
SLC:DF_LAWS(1.0),gesetz,VS,sante,1988,2
SLC:DF_LAWS(1.0),gesetz,ZG,autres,1988,1
SLC:DF_LAWS(1.0),gesetz,ZG,infra,1988,2
SLC:DF_LAWS(1.0),gesetz,ZG,sante,1988,2
SLC:DF_LAWS(1.0),gesetz,ZH,autres,1988,1
SLC:DF_LAWS(1.0),gesetz,ZH,infra,1988,1
SLC:DF_LAWS(1.0),gesetz,ZH,sante,1988,1
SLC:DF_LAWS(1.0),interkantonale_vereinbarung,BE,educ,1988,1
SLC:DF_LAWS(1.0),interkantonale_vereinbarung,BL,infra,1988,1
SLC:DF_LAWS(1.0),interkantonale_vereinbarung,BS,infra,1988,1
SLC:DF_LAWS(1.0),interkantonale_vereinbarung,FR,autres,1988,1
SLC:DF_LAWS(1.0),interkantonale_vereinbarung,FR,etat,1988,1
SLC:DF_LAWS(1.0),interkantonale_vereinbarung,GE,autres,1988,1
SLC:DF_LAWS(1.0),interkantonale_vereinbarung,GE,etat,1988,1
SLC:DF_LAWS(1.0),interkantonale_vereinbarung,GR,infra,1988,1
SLC:DF_LAWS(1.0),interkantonale_vereinbarung,SG,eco,1988,1
SLC:DF_LAWS(1.0),interkantonale_vereinbarung,VD,etat,1988,1
SLC:DF_LAWS(1.0),reglement,BE,etat,1988,1
SLC:DF_LAWS(1.0),reglement,BL,etat,1988,1
SLC:DF_LAWS(1.0),reglement,BL,fin,1988,1
SLC:DF_LAWS(1.0),reglement,BS,educ,1988,1
SLC:DF_LAWS(1.0),reglement,FR,educ,1988,1
SLC:DF_LAWS(1.0),reglement,FR,etat,1988,2
SLC:DF_LAWS(1.0),reglement,GE,autres,1988,2
SLC:DF_LAWS(1.0),reglement,GE,eco,1988,2
SLC:DF_LAWS(1.0),reglement,GE,educ,1988,1
SLC:DF_LAWS(1.0),reglement,GE,etat,1988,5
SLC:DF_LAWS(1.0),reglement,GE,infra,1988,3
SLC:DF_LAWS(1.0),reglement,GE,sante,1988,2
SLC:DF_LAWS(1.0),reglement,GL,educ,1988,1
SLC:DF_LAWS(1.0),reglement,JU,eco,1988,1
SLC:DF_LAWS(1.0),reglement,NE,educ,1988,1
SLC:DF_LAWS(1.0),reglement,NE,etat,1988,1
SLC:DF_LAWS(1.0),reglement,NE,sante,1988,1
SLC:DF_LAWS(1.0),reglement,NW,etat,1988,2
SLC:DF_LAWS(1.0),reglement,NW,fin,1988,1
SLC:DF_LAWS(1.0),reglement,SZ,educ,1988,1
SLC:DF_LAWS(1.0),reglement,TG,educ,1988,1
SLC:DF_LAWS(1.0),reglement,TI,autres,1988,1
SLC:DF_LAWS(1.0),reglement,TI,sante,1988,1
SLC:DF_LAWS(1.0),reglement,UR,autres,1988,1
SLC:DF_LAWS(1.0),reglement,UR,etat,1988,1
SLC:DF_LAWS(1.0),reglement,UR,infra,1988,1
SLC:DF_LAWS(1.0),reglement,UR,sante,1988,1
SLC:DF_LAWS(1.0),reglement,VD,autres,1988,1
SLC:DF_LAWS(1.0),reglement,VD,eco,1988,2
SLC:DF_LAWS(1.0),reglement,VD,fin,1988,2
SLC:DF_LAWS(1.0),reglement,VD,infra,1988,1
SLC:DF_LAWS(1.0),reglement,VD,sante,1988,2
SLC:DF_LAWS(1.0),reglement,VS,educ,1988,2
SLC:DF_LAWS(1.0),reglement,VS,fin,1988,1
SLC:DF_LAWS(1.0),reglement,ZH,educ,1988,3
SLC:DF_LAWS(1.0),staatsvertrag,SG,infra,1988,1
SLC:DF_LAWS(1.0),staatsvertrag,SG,sante,1988,1
SLC:DF_LAWS(1.0),verfassung,GL,etat,1988,1
SLC:DF_LAWS(1.0),verordnung,AG,educ,1988,1
SLC:DF_LAWS(1.0),verordnung,AG,etat,1988,2
SLC:DF_LAWS(1.0),verordnung,AR,educ,1988,1
SLC:DF_LAWS(1.0),verordnung,BE,educ,1988,2
SLC:DF_LAWS(1.0),verordnung,BL,autres,1988,1
SLC:DF_LAWS(1.0),verordnung,BL,etat,1988,1
SLC:DF_LAWS(1.0),verordnung,BL,infra,1988,2
SLC:DF_LAWS(1.0),verordnung,BL,sante,1988,2
SLC:DF_LAWS(1.0),verordnung,BS,etat,1988,3
SLC:DF_LAWS(1.0),verordnung,BS,fin,1988,1
SLC:DF_LAWS(1.0),verordnung,FR,etat,1988,1
SLC:DF_LAWS(1.0),verordnung,FR,infra,1988,2
SLC:DF_LAWS(1.0),verordnung,GE,autres,1988,1
SLC:DF_LAWS(1.0),verordnung,GL,etat,1988,1
SLC:DF_LAWS(1.0),verordnung,GR,educ,1988,2
SLC:DF_LAWS(1.0),verordnung,JU,autres,1988,1
SLC:DF_LAWS(1.0),verordnung,JU,educ,1988,2
SLC:DF_LAWS(1.0),verordnung,JU,etat,1988,4
SLC:DF_LAWS(1.0),verordnung,JU,fin,1988,2
SLC:DF_LAWS(1.0),verordnung,JU,sante,1988,3
SLC:DF_LAWS(1.0),verordnung,LU,autres,1988,2
SLC:DF_LAWS(1.0),verordnung,LU,infra,1988,1
SLC:DF_LAWS(1.0),verordnung,LU,sante,1988,2
SLC:DF_LAWS(1.0),verordnung,NE,autres,1988,1
SLC:DF_LAWS(1.0),verordnung,NE,etat,1988,1
SLC:DF_LAWS(1.0),verordnung,NE,infra,1988,1
SLC:DF_LAWS(1.0),verordnung,NW,infra,1988,1
SLC:DF_LAWS(1.0),verordnung,OW,autres,1988,1
SLC:DF_LAWS(1.0),verordnung,OW,sante,1988,1
SLC:DF_LAWS(1.0),verordnung,SG,eco,1988,2
SLC:DF_LAWS(1.0),verordnung,SG,educ,1988,1
SLC:DF_LAWS(1.0),verordnung,SG,infra,1988,2
SLC:DF_LAWS(1.0),verordnung,SG,sante,1988,1
SLC:DF_LAWS(1.0),verordnung,SH,autres,1988,3
SLC:DF_LAWS(1.0),verordnung,SH,eco,1988,1
SLC:DF_LAWS(1.0),verordnung,SH,educ,1988,2
SLC:DF_LAWS(1.0),verordnung,SH,etat,1988,2
SLC:DF_LAWS(1.0),verordnung,SH,infra,1988,2
SLC:DF_LAWS(1.0),verordnung,SH,sante,1988,3
SLC:DF_LAWS(1.0),verordnung,SO,autres,1988,1
SLC:DF_LAWS(1.0),verordnung,SO,eco,1988,1
SLC:DF_LAWS(1.0),verordnung,SO,educ,1988,5
SLC:DF_LAWS(1.0),verordnung,SO,etat,1988,7
SLC:DF_LAWS(1.0),verordnung,SZ,infra,1988,3
SLC:DF_LAWS(1.0),verordnung,TG,autres,1988,1
SLC:DF_LAWS(1.0),verordnung,TG,eco,1988,1
SLC:DF_LAWS(1.0),verordnung,TG,etat,1988,2
SLC:DF_LAWS(1.0),verordnung,TG,fin,1988,1
SLC:DF_LAWS(1.0),verordnung,TG,sante,1988,2
SLC:DF_LAWS(1.0),verordnung,VD,educ,1988,1
SLC:DF_LAWS(1.0),verordnung,ZH,educ,1988,1
SLC:DF_LAWS(1.0),verordnung,ZH,etat,1988,3
SLC:DF_LAWS(1.0),verordnung,ZH,infra,1988,1
SLC:DF_LAWS(1.0),verordnung,ZH,sante,1988,1
SLC:DF_LAWS(1.0),anderes,_T,_T,1988,53
SLC:DF_LAWS(1.0),dekret,_T,_T,1988,45
SLC:DF_LAWS(1.0),gesetz,_T,_T,1988,85
SLC:DF_LAWS(1.0),interkantonale_vereinbarung,_T,_T,1988,10
SLC:DF_LAWS(1.0),reglement,_T,_T,1988,52
SLC:DF_LAWS(1.0),staatsvertrag,_T,_T,1988,2
SLC:DF_LAWS(1.0),verfassung,_T,_T,1988,1
SLC:DF_LAWS(1.0),verordnung,_T,_T,1988,96
SLC:DF_LAWS(1.0),_T,AG,_T,1988,6
SLC:DF_LAWS(1.0),_T,AI,_T,1988,1
SLC:DF_LAWS(1.0),_T,AR,_T,1988,7
SLC:DF_LAWS(1.0),_T,BE,_T,1988,7
SLC:DF_LAWS(1.0),_T,BL,_T,1988,16
SLC:DF_LAWS(1.0),_T,BS,_T,1988,15
SLC:DF_LAWS(1.0),_T,FR,_T,1988,25
SLC:DF_LAWS(1.0),_T,GE,_T,1988,27
SLC:DF_LAWS(1.0),_T,GL,_T,1988,10
SLC:DF_LAWS(1.0),_T,GR,_T,1988,4
SLC:DF_LAWS(1.0),_T,JU,_T,1988,24
SLC:DF_LAWS(1.0),_T,LU,_T,1988,12
SLC:DF_LAWS(1.0),_T,NE,_T,1988,11
SLC:DF_LAWS(1.0),_T,NW,_T,1988,9
SLC:DF_LAWS(1.0),_T,OW,_T,1988,10
SLC:DF_LAWS(1.0),_T,SG,_T,1988,25
SLC:DF_LAWS(1.0),_T,SH,_T,1988,18
SLC:DF_LAWS(1.0),_T,SO,_T,1988,25
SLC:DF_LAWS(1.0),_T,SZ,_T,1988,6
SLC:DF_LAWS(1.0),_T,TG,_T,1988,14
SLC:DF_LAWS(1.0),_T,TI,_T,1988,11
SLC:DF_LAWS(1.0),_T,UR,_T,1988,7
SLC:DF_LAWS(1.0),_T,VD,_T,1988,16
SLC:DF_LAWS(1.0),_T,VS,_T,1988,13
SLC:DF_LAWS(1.0),_T,ZG,_T,1988,10
SLC:DF_LAWS(1.0),_T,ZH,_T,1988,15
SLC:DF_LAWS(1.0),_T,_T,autres,1988,39
SLC:DF_LAWS(1.0),_T,_T,eco,1988,19
SLC:DF_LAWS(1.0),_T,_T,educ,1988,63
SLC:DF_LAWS(1.0),_T,_T,etat,1988,84
SLC:DF_LAWS(1.0),_T,_T,fin,1988,23
SLC:DF_LAWS(1.0),_T,_T,infra,1988,53
SLC:DF_LAWS(1.0),_T,_T,sante,1988,63
SLC:DF_LAWS(1.0),_T,_T,_T,1988,344
SLC:DF_LAWS(1.0),anderes,BL,sante,1989,2
SLC:DF_LAWS(1.0),anderes,BS,educ,1989,1
SLC:DF_LAWS(1.0),anderes,BS,infra,1989,2
SLC:DF_LAWS(1.0),anderes,FR,eco,1989,1
SLC:DF_LAWS(1.0),anderes,FR,educ,1989,1
SLC:DF_LAWS(1.0),anderes,GR,infra,1989,1
SLC:DF_LAWS(1.0),anderes,JU,autres,1989,1
SLC:DF_LAWS(1.0),anderes,LU,etat,1989,2
SLC:DF_LAWS(1.0),anderes,LU,sante,1989,1
SLC:DF_LAWS(1.0),anderes,NE,autres,1989,1
SLC:DF_LAWS(1.0),anderes,NE,educ,1989,1
SLC:DF_LAWS(1.0),anderes,NW,eco,1989,1
SLC:DF_LAWS(1.0),anderes,OW,etat,1989,1
SLC:DF_LAWS(1.0),anderes,SH,sante,1989,1
SLC:DF_LAWS(1.0),anderes,SO,educ,1989,6
SLC:DF_LAWS(1.0),anderes,SO,etat,1989,3
SLC:DF_LAWS(1.0),anderes,SZ,educ,1989,2
SLC:DF_LAWS(1.0),anderes,TG,etat,1989,1
SLC:DF_LAWS(1.0),anderes,TI,educ,1989,1
SLC:DF_LAWS(1.0),anderes,VS,autres,1989,1
SLC:DF_LAWS(1.0),anderes,VS,infra,1989,1
SLC:DF_LAWS(1.0),dekret,AG,educ,1989,1
SLC:DF_LAWS(1.0),dekret,AG,etat,1989,2
SLC:DF_LAWS(1.0),dekret,AG,infra,1989,2
SLC:DF_LAWS(1.0),dekret,AI,eco,1989,2
SLC:DF_LAWS(1.0),dekret,AI,infra,1989,1
SLC:DF_LAWS(1.0),dekret,AI,sante,1989,1
SLC:DF_LAWS(1.0),dekret,AR,fin,1989,1
SLC:DF_LAWS(1.0),dekret,BE,etat,1989,1
SLC:DF_LAWS(1.0),dekret,BL,educ,1989,1
SLC:DF_LAWS(1.0),dekret,BL,etat,1989,1
SLC:DF_LAWS(1.0),dekret,GL,etat,1989,1
SLC:DF_LAWS(1.0),dekret,GL,infra,1989,3
SLC:DF_LAWS(1.0),dekret,GR,autres,1989,1
SLC:DF_LAWS(1.0),dekret,JU,etat,1989,1
SLC:DF_LAWS(1.0),dekret,LU,etat,1989,3
SLC:DF_LAWS(1.0),dekret,LU,fin,1989,1
SLC:DF_LAWS(1.0),dekret,NE,sante,1989,1
SLC:DF_LAWS(1.0),dekret,NW,autres,1989,1
SLC:DF_LAWS(1.0),dekret,NW,etat,1989,1
SLC:DF_LAWS(1.0),dekret,NW,infra,1989,2
SLC:DF_LAWS(1.0),dekret,NW,sante,1989,1
SLC:DF_LAWS(1.0),dekret,OW,autres,1989,1
SLC:DF_LAWS(1.0),dekret,OW,etat,1989,1
SLC:DF_LAWS(1.0),dekret,OW,infra,1989,2
SLC:DF_LAWS(1.0),dekret,SG,eco,1989,1
SLC:DF_LAWS(1.0),dekret,SG,fin,1989,1
SLC:DF_LAWS(1.0),dekret,SG,infra,1989,1
SLC:DF_LAWS(1.0),dekret,SG,sante,1989,1
SLC:DF_LAWS(1.0),dekret,TI,fin,1989,1
SLC:DF_LAWS(1.0),dekret,UR,sante,1989,1
SLC:DF_LAWS(1.0),gemeindeerlass,BS,educ,1989,1
SLC:DF_LAWS(1.0),gemeindeerlass,BS,etat,1989,1
SLC:DF_LAWS(1.0),gesetz,AG,etat,1989,1
SLC:DF_LAWS(1.0),gesetz,AI,eco,1989,2
SLC:DF_LAWS(1.0),gesetz,AR,sante,1989,1
SLC:DF_LAWS(1.0),gesetz,BE,autres,1989,1
SLC:DF_LAWS(1.0),gesetz,BE,etat,1989,1
SLC:DF_LAWS(1.0),gesetz,BE,fin,1989,1
SLC:DF_LAWS(1.0),gesetz,BE,infra,1989,1
SLC:DF_LAWS(1.0),gesetz,BE,sante,1989,3
SLC:DF_LAWS(1.0),gesetz,BS,sante,1989,2
SLC:DF_LAWS(1.0),gesetz,FR,autres,1989,1
SLC:DF_LAWS(1.0),gesetz,FR,etat,1989,2
SLC:DF_LAWS(1.0),gesetz,GE,autres,1989,1
SLC:DF_LAWS(1.0),gesetz,GE,educ,1989,1
SLC:DF_LAWS(1.0),gesetz,GE,etat,1989,1
SLC:DF_LAWS(1.0),gesetz,GE,infra,1989,1
SLC:DF_LAWS(1.0),gesetz,GL,etat,1989,1
SLC:DF_LAWS(1.0),gesetz,GL,sante,1989,1
SLC:DF_LAWS(1.0),gesetz,GR,eco,1989,1
SLC:DF_LAWS(1.0),gesetz,GR,etat,1989,2
SLC:DF_LAWS(1.0),gesetz,JU,sante,1989,1
SLC:DF_LAWS(1.0),gesetz,LU,etat,1989,1
SLC:DF_LAWS(1.0),gesetz,LU,infra,1989,2
SLC:DF_LAWS(1.0),gesetz,LU,sante,1989,2
SLC:DF_LAWS(1.0),gesetz,NE,educ,1989,1
SLC:DF_LAWS(1.0),gesetz,NE,etat,1989,2
SLC:DF_LAWS(1.0),gesetz,NE,sante,1989,1
SLC:DF_LAWS(1.0),gesetz,NW,sante,1989,1
SLC:DF_LAWS(1.0),gesetz,OW,etat,1989,1
SLC:DF_LAWS(1.0),gesetz,SH,etat,1989,1
SLC:DF_LAWS(1.0),gesetz,SH,fin,1989,1
SLC:DF_LAWS(1.0),gesetz,SO,educ,1989,1
SLC:DF_LAWS(1.0),gesetz,SO,sante,1989,2
SLC:DF_LAWS(1.0),gesetz,SZ,infra,1989,2
SLC:DF_LAWS(1.0),gesetz,TG,etat,1989,1
SLC:DF_LAWS(1.0),gesetz,TG,fin,1989,1
SLC:DF_LAWS(1.0),gesetz,TG,sante,1989,1
SLC:DF_LAWS(1.0),gesetz,TI,autres,1989,1
SLC:DF_LAWS(1.0),gesetz,TI,eco,1989,1
SLC:DF_LAWS(1.0),gesetz,TI,sante,1989,2
SLC:DF_LAWS(1.0),gesetz,UR,autres,1989,1
SLC:DF_LAWS(1.0),gesetz,UR,sante,1989,1
SLC:DF_LAWS(1.0),gesetz,VD,etat,1989,2
SLC:DF_LAWS(1.0),gesetz,VD,infra,1989,2
SLC:DF_LAWS(1.0),gesetz,VD,sante,1989,2
SLC:DF_LAWS(1.0),gesetz,VS,educ,1989,1
SLC:DF_LAWS(1.0),gesetz,VS,etat,1989,1
SLC:DF_LAWS(1.0),gesetz,VS,infra,1989,1
SLC:DF_LAWS(1.0),gesetz,ZG,fin,1989,2
SLC:DF_LAWS(1.0),interkantonale_vereinbarung,AG,fin,1989,1
SLC:DF_LAWS(1.0),interkantonale_vereinbarung,AG,infra,1989,1
SLC:DF_LAWS(1.0),interkantonale_vereinbarung,BL,etat,1989,1
SLC:DF_LAWS(1.0),interkantonale_vereinbarung,BS,autres,1989,1
SLC:DF_LAWS(1.0),interkantonale_vereinbarung,BS,infra,1989,1
SLC:DF_LAWS(1.0),interkantonale_vereinbarung,FR,autres,1989,1
SLC:DF_LAWS(1.0),interkantonale_vereinbarung,GR,sante,1989,1
SLC:DF_LAWS(1.0),interkantonale_vereinbarung,JU,sante,1989,2
SLC:DF_LAWS(1.0),interkantonale_vereinbarung,LU,infra,1989,1
SLC:DF_LAWS(1.0),interkantonale_vereinbarung,NE,autres,1989,1
SLC:DF_LAWS(1.0),interkantonale_vereinbarung,SG,educ,1989,1
SLC:DF_LAWS(1.0),interkantonale_vereinbarung,SG,sante,1989,1
SLC:DF_LAWS(1.0),interkantonale_vereinbarung,UR,educ,1989,1
SLC:DF_LAWS(1.0),interkantonale_vereinbarung,VS,sante,1989,1
SLC:DF_LAWS(1.0),reglement,BS,educ,1989,1
SLC:DF_LAWS(1.0),reglement,BS,etat,1989,1
SLC:DF_LAWS(1.0),reglement,FR,educ,1989,2
SLC:DF_LAWS(1.0),reglement,GE,autres,1989,2
SLC:DF_LAWS(1.0),reglement,GE,eco,1989,1
SLC:DF_LAWS(1.0),reglement,GE,educ,1989,2
SLC:DF_LAWS(1.0),reglement,GE,etat,1989,2
SLC:DF_LAWS(1.0),reglement,GE,infra,1989,3
SLC:DF_LAWS(1.0),reglement,GE,sante,1989,1
SLC:DF_LAWS(1.0),reglement,GL,etat,1989,3
SLC:DF_LAWS(1.0),reglement,GR,educ,1989,1
SLC:DF_LAWS(1.0),reglement,JU,etat,1989,1
SLC:DF_LAWS(1.0),reglement,LU,educ,1989,1
SLC:DF_LAWS(1.0),reglement,NE,educ,1989,1
SLC:DF_LAWS(1.0),reglement,NE,infra,1989,1
SLC:DF_LAWS(1.0),reglement,NE,sante,1989,1
SLC:DF_LAWS(1.0),reglement,NW,sante,1989,1
SLC:DF_LAWS(1.0),reglement,SO,educ,1989,2
SLC:DF_LAWS(1.0),reglement,SO,etat,1989,1
SLC:DF_LAWS(1.0),reglement,SZ,educ,1989,1
SLC:DF_LAWS(1.0),reglement,TG,sante,1989,1
SLC:DF_LAWS(1.0),reglement,TI,educ,1989,2
SLC:DF_LAWS(1.0),reglement,TI,etat,1989,1
SLC:DF_LAWS(1.0),reglement,UR,autres,1989,1
SLC:DF_LAWS(1.0),reglement,UR,sante,1989,2
SLC:DF_LAWS(1.0),reglement,VD,autres,1989,1
SLC:DF_LAWS(1.0),reglement,VD,eco,1989,1
SLC:DF_LAWS(1.0),reglement,VD,educ,1989,1
SLC:DF_LAWS(1.0),reglement,VD,infra,1989,3
SLC:DF_LAWS(1.0),reglement,VS,educ,1989,1
SLC:DF_LAWS(1.0),reglement,VS,sante,1989,1
SLC:DF_LAWS(1.0),reglement,ZG,educ,1989,1
SLC:DF_LAWS(1.0),reglement,ZG,etat,1989,1
SLC:DF_LAWS(1.0),reglement,ZH,educ,1989,3
SLC:DF_LAWS(1.0),verordnung,AG,infra,1989,1
SLC:DF_LAWS(1.0),verordnung,AI,educ,1989,1
SLC:DF_LAWS(1.0),verordnung,AR,infra,1989,1
SLC:DF_LAWS(1.0),verordnung,BE,etat,1989,2
SLC:DF_LAWS(1.0),verordnung,BE,infra,1989,2
SLC:DF_LAWS(1.0),verordnung,BE,sante,1989,1
SLC:DF_LAWS(1.0),verordnung,BL,educ,1989,1
SLC:DF_LAWS(1.0),verordnung,BL,etat,1989,2
SLC:DF_LAWS(1.0),verordnung,BS,etat,1989,2
SLC:DF_LAWS(1.0),verordnung,BS,infra,1989,4
SLC:DF_LAWS(1.0),verordnung,BS,sante,1989,3
SLC:DF_LAWS(1.0),verordnung,FR,autres,1989,2
SLC:DF_LAWS(1.0),verordnung,FR,eco,1989,1
SLC:DF_LAWS(1.0),verordnung,GL,eco,1989,1
SLC:DF_LAWS(1.0),verordnung,GL,infra,1989,1
SLC:DF_LAWS(1.0),verordnung,JU,etat,1989,2
SLC:DF_LAWS(1.0),verordnung,JU,fin,1989,5
SLC:DF_LAWS(1.0),verordnung,JU,sante,1989,3
SLC:DF_LAWS(1.0),verordnung,LU,etat,1989,1
SLC:DF_LAWS(1.0),verordnung,LU,fin,1989,1
SLC:DF_LAWS(1.0),verordnung,LU,infra,1989,1
SLC:DF_LAWS(1.0),verordnung,LU,sante,1989,1
SLC:DF_LAWS(1.0),verordnung,NE,infra,1989,3
SLC:DF_LAWS(1.0),verordnung,NE,sante,1989,1
SLC:DF_LAWS(1.0),verordnung,OW,autres,1989,1
SLC:DF_LAWS(1.0),verordnung,OW,educ,1989,1
SLC:DF_LAWS(1.0),verordnung,SG,etat,1989,1
SLC:DF_LAWS(1.0),verordnung,SG,infra,1989,1
SLC:DF_LAWS(1.0),verordnung,SG,sante,1989,2
SLC:DF_LAWS(1.0),verordnung,SH,autres,1989,1
SLC:DF_LAWS(1.0),verordnung,SO,autres,1989,1
SLC:DF_LAWS(1.0),verordnung,SO,educ,1989,1
SLC:DF_LAWS(1.0),verordnung,SO,etat,1989,1
SLC:DF_LAWS(1.0),verordnung,SO,fin,1989,1
SLC:DF_LAWS(1.0),verordnung,SO,infra,1989,3
SLC:DF_LAWS(1.0),verordnung,SO,sante,1989,2
SLC:DF_LAWS(1.0),verordnung,SZ,etat,1989,1
SLC:DF_LAWS(1.0),verordnung,SZ,sante,1989,1
SLC:DF_LAWS(1.0),verordnung,TG,infra,1989,1
SLC:DF_LAWS(1.0),verordnung,TI,autres,1989,1
SLC:DF_LAWS(1.0),verordnung,TI,sante,1989,1
SLC:DF_LAWS(1.0),verordnung,VS,eco,1989,1
SLC:DF_LAWS(1.0),verordnung,ZG,eco,1989,4
SLC:DF_LAWS(1.0),anderes,_T,_T,1989,32
SLC:DF_LAWS(1.0),dekret,_T,_T,1989,39
SLC:DF_LAWS(1.0),gemeindeerlass,_T,_T,1989,2
SLC:DF_LAWS(1.0),gesetz,_T,_T,1989,64
SLC:DF_LAWS(1.0),interkantonale_vereinbarung,_T,_T,1989,15
SLC:DF_LAWS(1.0),reglement,_T,_T,1989,49
SLC:DF_LAWS(1.0),verordnung,_T,_T,1989,69
SLC:DF_LAWS(1.0),_T,AG,_T,1989,9
SLC:DF_LAWS(1.0),_T,AI,_T,1989,7
SLC:DF_LAWS(1.0),_T,AR,_T,1989,3
SLC:DF_LAWS(1.0),_T,BE,_T,1989,13
SLC:DF_LAWS(1.0),_T,BL,_T,1989,8
SLC:DF_LAWS(1.0),_T,BS,_T,1989,20
SLC:DF_LAWS(1.0),_T,FR,_T,1989,11
SLC:DF_LAWS(1.0),_T,GE,_T,1989,15
SLC:DF_LAWS(1.0),_T,GL,_T,1989,11
SLC:DF_LAWS(1.0),_T,GR,_T,1989,7
SLC:DF_LAWS(1.0),_T,JU,_T,1989,16
SLC:DF_LAWS(1.0),_T,LU,_T,1989,18
SLC:DF_LAWS(1.0),_T,NE,_T,1989,15
SLC:DF_LAWS(1.0),_T,NW,_T,1989,8
SLC:DF_LAWS(1.0),_T,OW,_T,1989,8
SLC:DF_LAWS(1.0),_T,SG,_T,1989,10
SLC:DF_LAWS(1.0),_T,SH,_T,1989,4
SLC:DF_LAWS(1.0),_T,SO,_T,1989,24
SLC:DF_LAWS(1.0),_T,SZ,_T,1989,7
SLC:DF_LAWS(1.0),_T,TG,_T,1989,6
SLC:DF_LAWS(1.0),_T,TI,_T,1989,11
SLC:DF_LAWS(1.0),_T,UR,_T,1989,7
SLC:DF_LAWS(1.0),_T,VD,_T,1989,12
SLC:DF_LAWS(1.0),_T,VS,_T,1989,9
SLC:DF_LAWS(1.0),_T,ZG,_T,1989,8
SLC:DF_LAWS(1.0),_T,ZH,_T,1989,3
SLC:DF_LAWS(1.0),_T,_T,autres,1989,24
SLC:DF_LAWS(1.0),_T,_T,eco,1989,18
SLC:DF_LAWS(1.0),_T,_T,educ,1989,44
SLC:DF_LAWS(1.0),_T,_T,etat,1989,59
SLC:DF_LAWS(1.0),_T,_T,fin,1989,17
SLC:DF_LAWS(1.0),_T,_T,infra,1989,52
SLC:DF_LAWS(1.0),_T,_T,sante,1989,56
SLC:DF_LAWS(1.0),_T,_T,_T,1989,270
SLC:DF_LAWS(1.0),anderes,AG,educ,1990,1
SLC:DF_LAWS(1.0),anderes,AR,sante,1990,1
SLC:DF_LAWS(1.0),anderes,BL,etat,1990,1
SLC:DF_LAWS(1.0),anderes,BL,sante,1990,2
SLC:DF_LAWS(1.0),anderes,BS,autres,1990,1
SLC:DF_LAWS(1.0),anderes,BS,sante,1990,2
SLC:DF_LAWS(1.0),anderes,FR,educ,1990,2
SLC:DF_LAWS(1.0),anderes,FR,etat,1990,3
SLC:DF_LAWS(1.0),anderes,FR,infra,1990,1
SLC:DF_LAWS(1.0),anderes,FR,sante,1990,2
SLC:DF_LAWS(1.0),anderes,GL,etat,1990,5
SLC:DF_LAWS(1.0),anderes,GL,infra,1990,1
SLC:DF_LAWS(1.0),anderes,LU,autres,1990,1
SLC:DF_LAWS(1.0),anderes,NE,educ,1990,1
SLC:DF_LAWS(1.0),anderes,NE,etat,1990,3
SLC:DF_LAWS(1.0),anderes,NE,sante,1990,2
SLC:DF_LAWS(1.0),anderes,OW,etat,1990,3
SLC:DF_LAWS(1.0),anderes,OW,sante,1990,2
SLC:DF_LAWS(1.0),anderes,SO,etat,1990,3
SLC:DF_LAWS(1.0),anderes,SO,sante,1990,3
SLC:DF_LAWS(1.0),anderes,SZ,educ,1990,1
SLC:DF_LAWS(1.0),anderes,VD,eco,1990,1
SLC:DF_LAWS(1.0),anderes,VD,etat,1990,1
SLC:DF_LAWS(1.0),anderes,VD,fin,1990,1
SLC:DF_LAWS(1.0),anderes,VD,sante,1990,1
SLC:DF_LAWS(1.0),anderes,VS,etat,1990,1
SLC:DF_LAWS(1.0),anderes,ZH,educ,1990,1
SLC:DF_LAWS(1.0),anderes,ZH,infra,1990,1
SLC:DF_LAWS(1.0),anderes,ZH,sante,1990,1
SLC:DF_LAWS(1.0),dekret,AG,etat,1990,2
SLC:DF_LAWS(1.0),dekret,AG,infra,1990,1
SLC:DF_LAWS(1.0),dekret,AG,sante,1990,1
SLC:DF_LAWS(1.0),dekret,AR,etat,1990,1
SLC:DF_LAWS(1.0),dekret,AR,sante,1990,1
SLC:DF_LAWS(1.0),dekret,BE,infra,1990,1
SLC:DF_LAWS(1.0),dekret,BL,infra,1990,1
SLC:DF_LAWS(1.0),dekret,BL,sante,1990,1
SLC:DF_LAWS(1.0),dekret,FR,etat,1990,2
SLC:DF_LAWS(1.0),dekret,GL,infra,1990,1
SLC:DF_LAWS(1.0),dekret,GR,fin,1990,1
SLC:DF_LAWS(1.0),dekret,JU,educ,1990,1
SLC:DF_LAWS(1.0),dekret,JU,etat,1990,1
SLC:DF_LAWS(1.0),dekret,LU,autres,1990,1
SLC:DF_LAWS(1.0),dekret,LU,etat,1990,11
SLC:DF_LAWS(1.0),dekret,NE,infra,1990,1
SLC:DF_LAWS(1.0),dekret,NW,autres,1990,1
SLC:DF_LAWS(1.0),dekret,NW,etat,1990,1
SLC:DF_LAWS(1.0),dekret,NW,sante,1990,1
SLC:DF_LAWS(1.0),dekret,OW,etat,1990,1
SLC:DF_LAWS(1.0),dekret,OW,infra,1990,2
SLC:DF_LAWS(1.0),dekret,SG,educ,1990,1
SLC:DF_LAWS(1.0),dekret,SG,fin,1990,3
SLC:DF_LAWS(1.0),dekret,SG,infra,1990,2
SLC:DF_LAWS(1.0),dekret,SG,sante,1990,5
SLC:DF_LAWS(1.0),dekret,SO,educ,1990,1
SLC:DF_LAWS(1.0),dekret,SZ,eco,1990,1
SLC:DF_LAWS(1.0),dekret,SZ,fin,1990,1
SLC:DF_LAWS(1.0),dekret,TI,educ,1990,1
SLC:DF_LAWS(1.0),dekret,TI,etat,1990,1
SLC:DF_LAWS(1.0),dekret,TI,infra,1990,1
SLC:DF_LAWS(1.0),dekret,UR,eco,1990,1
SLC:DF_LAWS(1.0),dekret,UR,infra,1990,1
SLC:DF_LAWS(1.0),dekret,UR,sante,1990,1
SLC:DF_LAWS(1.0),dekret,VD,etat,1990,1
SLC:DF_LAWS(1.0),dekret,ZG,etat,1990,1
SLC:DF_LAWS(1.0),gemeindeerlass,BS,etat,1990,5
SLC:DF_LAWS(1.0),gesetz,AG,etat,1990,1
SLC:DF_LAWS(1.0),gesetz,AI,infra,1990,1
SLC:DF_LAWS(1.0),gesetz,BE,infra,1990,1
SLC:DF_LAWS(1.0),gesetz,BS,infra,1990,1
SLC:DF_LAWS(1.0),gesetz,BS,sante,1990,4
SLC:DF_LAWS(1.0),gesetz,FR,eco,1990,1
SLC:DF_LAWS(1.0),gesetz,FR,educ,1990,2
SLC:DF_LAWS(1.0),gesetz,FR,etat,1990,4
SLC:DF_LAWS(1.0),gesetz,FR,sante,1990,2
SLC:DF_LAWS(1.0),gesetz,GE,etat,1990,1
SLC:DF_LAWS(1.0),gesetz,GL,autres,1990,1
SLC:DF_LAWS(1.0),gesetz,JU,autres,1990,1
SLC:DF_LAWS(1.0),gesetz,JU,eco,1990,1
SLC:DF_LAWS(1.0),gesetz,JU,educ,1990,3
SLC:DF_LAWS(1.0),gesetz,JU,etat,1990,2
SLC:DF_LAWS(1.0),gesetz,JU,infra,1990,1
SLC:DF_LAWS(1.0),gesetz,JU,sante,1990,3
SLC:DF_LAWS(1.0),gesetz,LU,autres,1990,1
SLC:DF_LAWS(1.0),gesetz,LU,etat,1990,1
SLC:DF_LAWS(1.0),gesetz,LU,infra,1990,2
SLC:DF_LAWS(1.0),gesetz,NE,etat,1990,2
SLC:DF_LAWS(1.0),gesetz,NW,infra,1990,1
SLC:DF_LAWS(1.0),gesetz,SG,sante,1990,1
SLC:DF_LAWS(1.0),gesetz,SO,etat,1990,1
SLC:DF_LAWS(1.0),gesetz,SO,sante,1990,1
SLC:DF_LAWS(1.0),gesetz,SZ,infra,1990,1
SLC:DF_LAWS(1.0),gesetz,TG,educ,1990,1
SLC:DF_LAWS(1.0),gesetz,TI,educ,1990,3
SLC:DF_LAWS(1.0),gesetz,TI,infra,1990,4
SLC:DF_LAWS(1.0),gesetz,TI,sante,1990,1
SLC:DF_LAWS(1.0),gesetz,VD,educ,1990,1
SLC:DF_LAWS(1.0),gesetz,VD,infra,1990,1
SLC:DF_LAWS(1.0),gesetz,VS,infra,1990,1
SLC:DF_LAWS(1.0),gesetz,VS,sante,1990,2
SLC:DF_LAWS(1.0),gesetz,ZG,educ,1990,2
SLC:DF_LAWS(1.0),gesetz,ZG,etat,1990,1
SLC:DF_LAWS(1.0),gesetz,ZG,infra,1990,2
SLC:DF_LAWS(1.0),gesetz,ZH,fin,1990,1
SLC:DF_LAWS(1.0),interkantonale_vereinbarung,AG,fin,1990,1
SLC:DF_LAWS(1.0),interkantonale_vereinbarung,AI,eco,1990,1
SLC:DF_LAWS(1.0),interkantonale_vereinbarung,AR,educ,1990,2
SLC:DF_LAWS(1.0),interkantonale_vereinbarung,AR,infra,1990,1
SLC:DF_LAWS(1.0),interkantonale_vereinbarung,BL,educ,1990,1
SLC:DF_LAWS(1.0),interkantonale_vereinbarung,BL,sante,1990,1
SLC:DF_LAWS(1.0),interkantonale_vereinbarung,BS,infra,1990,1
SLC:DF_LAWS(1.0),interkantonale_vereinbarung,GE,educ,1990,1
SLC:DF_LAWS(1.0),interkantonale_vereinbarung,JU,etat,1990,2
SLC:DF_LAWS(1.0),interkantonale_vereinbarung,OW,eco,1990,1
SLC:DF_LAWS(1.0),interkantonale_vereinbarung,SG,eco,1990,1
SLC:DF_LAWS(1.0),interkantonale_vereinbarung,SG,educ,1990,1
SLC:DF_LAWS(1.0),interkantonale_vereinbarung,SG,sante,1990,1
SLC:DF_LAWS(1.0),interkantonale_vereinbarung,SH,eco,1990,1
SLC:DF_LAWS(1.0),interkantonale_vereinbarung,SO,educ,1990,1
SLC:DF_LAWS(1.0),interkantonale_vereinbarung,SO,fin,1990,3
SLC:DF_LAWS(1.0),interkantonale_vereinbarung,SZ,eco,1990,1
SLC:DF_LAWS(1.0),interkantonale_vereinbarung,TG,eco,1990,1
SLC:DF_LAWS(1.0),interkantonale_vereinbarung,TG,fin,1990,2
SLC:DF_LAWS(1.0),interkantonale_vereinbarung,UR,autres,1990,1
SLC:DF_LAWS(1.0),interkantonale_vereinbarung,VS,etat,1990,1
SLC:DF_LAWS(1.0),interkantonale_vereinbarung,ZH,fin,1990,1
SLC:DF_LAWS(1.0),reglement,BL,fin,1990,1
SLC:DF_LAWS(1.0),reglement,BL,sante,1990,1
SLC:DF_LAWS(1.0),reglement,BS,educ,1990,1
SLC:DF_LAWS(1.0),reglement,FR,educ,1990,1
SLC:DF_LAWS(1.0),reglement,FR,etat,1990,2
SLC:DF_LAWS(1.0),reglement,FR,sante,1990,1
SLC:DF_LAWS(1.0),reglement,GE,autres,1990,1
SLC:DF_LAWS(1.0),reglement,GE,eco,1990,4
SLC:DF_LAWS(1.0),reglement,GE,educ,1990,1
SLC:DF_LAWS(1.0),reglement,GE,etat,1990,1
SLC:DF_LAWS(1.0),reglement,GE,fin,1990,1
SLC:DF_LAWS(1.0),reglement,GE,infra,1990,1
SLC:DF_LAWS(1.0),reglement,GE,sante,1990,1
SLC:DF_LAWS(1.0),reglement,GL,etat,1990,1
SLC:DF_LAWS(1.0),reglement,JU,educ,1990,1
SLC:DF_LAWS(1.0),reglement,JU,etat,1990,1
SLC:DF_LAWS(1.0),reglement,NE,sante,1990,2
SLC:DF_LAWS(1.0),reglement,SG,educ,1990,1
SLC:DF_LAWS(1.0),reglement,SO,educ,1990,1
SLC:DF_LAWS(1.0),reglement,SZ,educ,1990,1
SLC:DF_LAWS(1.0),reglement,TI,autres,1990,1
SLC:DF_LAWS(1.0),reglement,TI,educ,1990,2
SLC:DF_LAWS(1.0),reglement,TI,etat,1990,1
SLC:DF_LAWS(1.0),reglement,UR,autres,1990,1
SLC:DF_LAWS(1.0),reglement,UR,etat,1990,1
SLC:DF_LAWS(1.0),reglement,VD,eco,1990,2
SLC:DF_LAWS(1.0),reglement,VD,infra,1990,1
SLC:DF_LAWS(1.0),reglement,VD,sante,1990,2
SLC:DF_LAWS(1.0),reglement,VS,etat,1990,1
SLC:DF_LAWS(1.0),reglement,VS,infra,1990,5
SLC:DF_LAWS(1.0),reglement,VS,sante,1990,1
SLC:DF_LAWS(1.0),reglement,ZH,infra,1990,1
SLC:DF_LAWS(1.0),staatsvertrag,BS,etat,1990,1
SLC:DF_LAWS(1.0),staatsvertrag,JU,eco,1990,10
SLC:DF_LAWS(1.0),staatsvertrag,JU,etat,1990,1
SLC:DF_LAWS(1.0),verordnung,AG,etat,1990,1
SLC:DF_LAWS(1.0),verordnung,AG,infra,1990,1
SLC:DF_LAWS(1.0),verordnung,AG,sante,1990,2
SLC:DF_LAWS(1.0),verordnung,AI,eco,1990,1
SLC:DF_LAWS(1.0),verordnung,AI,etat,1990,1
SLC:DF_LAWS(1.0),verordnung,BE,etat,1990,2
SLC:DF_LAWS(1.0),verordnung,BE,infra,1990,3
SLC:DF_LAWS(1.0),verordnung,BE,sante,1990,3
SLC:DF_LAWS(1.0),verordnung,BL,educ,1990,1
SLC:DF_LAWS(1.0),verordnung,BL,etat,1990,4
SLC:DF_LAWS(1.0),verordnung,BL,infra,1990,3
SLC:DF_LAWS(1.0),verordnung,BL,sante,1990,2
SLC:DF_LAWS(1.0),verordnung,BS,infra,1990,1
SLC:DF_LAWS(1.0),verordnung,BS,sante,1990,2
SLC:DF_LAWS(1.0),verordnung,FR,etat,1990,2
SLC:DF_LAWS(1.0),verordnung,FR,sante,1990,1
SLC:DF_LAWS(1.0),verordnung,GL,sante,1990,4
SLC:DF_LAWS(1.0),verordnung,GR,autres,1990,1
SLC:DF_LAWS(1.0),verordnung,GR,educ,1990,1
SLC:DF_LAWS(1.0),verordnung,GR,fin,1990,1
SLC:DF_LAWS(1.0),verordnung,GR,sante,1990,2
SLC:DF_LAWS(1.0),verordnung,JU,educ,1990,3
SLC:DF_LAWS(1.0),verordnung,JU,etat,1990,4
SLC:DF_LAWS(1.0),verordnung,JU,fin,1990,2
SLC:DF_LAWS(1.0),verordnung,JU,sante,1990,2
SLC:DF_LAWS(1.0),verordnung,LU,infra,1990,2
SLC:DF_LAWS(1.0),verordnung,LU,sante,1990,1
SLC:DF_LAWS(1.0),verordnung,NE,educ,1990,1
SLC:DF_LAWS(1.0),verordnung,NE,etat,1990,1
SLC:DF_LAWS(1.0),verordnung,NE,infra,1990,2
SLC:DF_LAWS(1.0),verordnung,NE,sante,1990,1
SLC:DF_LAWS(1.0),verordnung,NW,etat,1990,1
SLC:DF_LAWS(1.0),verordnung,OW,autres,1990,1
SLC:DF_LAWS(1.0),verordnung,OW,infra,1990,1
SLC:DF_LAWS(1.0),verordnung,OW,sante,1990,1
SLC:DF_LAWS(1.0),verordnung,SG,educ,1990,1
SLC:DF_LAWS(1.0),verordnung,SG,infra,1990,1
SLC:DF_LAWS(1.0),verordnung,SG,sante,1990,2
SLC:DF_LAWS(1.0),verordnung,SH,educ,1990,1
SLC:DF_LAWS(1.0),verordnung,SH,infra,1990,1
SLC:DF_LAWS(1.0),verordnung,SH,sante,1990,1
SLC:DF_LAWS(1.0),verordnung,SO,autres,1990,2
SLC:DF_LAWS(1.0),verordnung,SO,eco,1990,1
SLC:DF_LAWS(1.0),verordnung,SO,educ,1990,3
SLC:DF_LAWS(1.0),verordnung,SO,etat,1990,4
SLC:DF_LAWS(1.0),verordnung,SO,sante,1990,1
SLC:DF_LAWS(1.0),verordnung,SZ,sante,1990,1
SLC:DF_LAWS(1.0),verordnung,TG,educ,1990,1
SLC:DF_LAWS(1.0),verordnung,TG,etat,1990,1
SLC:DF_LAWS(1.0),verordnung,TI,etat,1990,2
SLC:DF_LAWS(1.0),verordnung,TI,sante,1990,1
SLC:DF_LAWS(1.0),verordnung,ZG,educ,1990,1
SLC:DF_LAWS(1.0),verordnung,ZG,sante,1990,1
SLC:DF_LAWS(1.0),verordnung,ZH,etat,1990,2
SLC:DF_LAWS(1.0),verordnung,ZH,fin,1990,1
SLC:DF_LAWS(1.0),anderes,_T,_T,1990,49
SLC:DF_LAWS(1.0),dekret,_T,_T,1990,56
SLC:DF_LAWS(1.0),gemeindeerlass,_T,_T,1990,5
SLC:DF_LAWS(1.0),gesetz,_T,_T,1990,61
SLC:DF_LAWS(1.0),interkantonale_vereinbarung,_T,_T,1990,27
SLC:DF_LAWS(1.0),reglement,_T,_T,1990,44
SLC:DF_LAWS(1.0),staatsvertrag,_T,_T,1990,12
SLC:DF_LAWS(1.0),verordnung,_T,_T,1990,91
SLC:DF_LAWS(1.0),_T,AG,_T,1990,11
SLC:DF_LAWS(1.0),_T,AI,_T,1990,4
SLC:DF_LAWS(1.0),_T,AR,_T,1990,6
SLC:DF_LAWS(1.0),_T,BE,_T,1990,10
SLC:DF_LAWS(1.0),_T,BL,_T,1990,19
SLC:DF_LAWS(1.0),_T,BS,_T,1990,19
SLC:DF_LAWS(1.0),_T,FR,_T,1990,26
SLC:DF_LAWS(1.0),_T,GE,_T,1990,12
SLC:DF_LAWS(1.0),_T,GL,_T,1990,13
SLC:DF_LAWS(1.0),_T,GR,_T,1990,6
SLC:DF_LAWS(1.0),_T,JU,_T,1990,39
SLC:DF_LAWS(1.0),_T,LU,_T,1990,20
SLC:DF_LAWS(1.0),_T,NE,_T,1990,16
SLC:DF_LAWS(1.0),_T,NW,_T,1990,5
SLC:DF_LAWS(1.0),_T,OW,_T,1990,12
SLC:DF_LAWS(1.0),_T,SG,_T,1990,20
SLC:DF_LAWS(1.0),_T,SH,_T,1990,4
SLC:DF_LAWS(1.0),_T,SO,_T,1990,25
SLC:DF_LAWS(1.0),_T,SZ,_T,1990,7
SLC:DF_LAWS(1.0),_T,TG,_T,1990,6
SLC:DF_LAWS(1.0),_T,TI,_T,1990,18
SLC:DF_LAWS(1.0),_T,UR,_T,1990,6
SLC:DF_LAWS(1.0),_T,VD,_T,1990,12
SLC:DF_LAWS(1.0),_T,VS,_T,1990,12
SLC:DF_LAWS(1.0),_T,ZG,_T,1990,8
SLC:DF_LAWS(1.0),_T,ZH,_T,1990,9
SLC:DF_LAWS(1.0),_T,_T,autres,1990,15
SLC:DF_LAWS(1.0),_T,_T,eco,1990,29
SLC:DF_LAWS(1.0),_T,_T,educ,1990,50
SLC:DF_LAWS(1.0),_T,_T,etat,1990,98
SLC:DF_LAWS(1.0),_T,_T,fin,1990,20
SLC:DF_LAWS(1.0),_T,_T,infra,1990,55
SLC:DF_LAWS(1.0),_T,_T,sante,1990,78
SLC:DF_LAWS(1.0),_T,_T,_T,1990,345
SLC:DF_LAWS(1.0),anderes,BL,educ,1991,1
SLC:DF_LAWS(1.0),anderes,BL,sante,1991,1
SLC:DF_LAWS(1.0),anderes,BS,educ,1991,1
SLC:DF_LAWS(1.0),anderes,BS,etat,1991,1
SLC:DF_LAWS(1.0),anderes,BS,sante,1991,4
SLC:DF_LAWS(1.0),anderes,FR,eco,1991,1
SLC:DF_LAWS(1.0),anderes,FR,educ,1991,1
SLC:DF_LAWS(1.0),anderes,FR,etat,1991,5
SLC:DF_LAWS(1.0),anderes,FR,fin,1991,1
SLC:DF_LAWS(1.0),anderes,FR,infra,1991,4
SLC:DF_LAWS(1.0),anderes,GL,eco,1991,1
SLC:DF_LAWS(1.0),anderes,GL,etat,1991,3
SLC:DF_LAWS(1.0),anderes,GL,fin,1991,1
SLC:DF_LAWS(1.0),anderes,GL,infra,1991,1
SLC:DF_LAWS(1.0),anderes,NE,eco,1991,2
SLC:DF_LAWS(1.0),anderes,NE,fin,1991,4
SLC:DF_LAWS(1.0),anderes,NE,infra,1991,2
SLC:DF_LAWS(1.0),anderes,NE,sante,1991,1
SLC:DF_LAWS(1.0),anderes,NW,sante,1991,1
SLC:DF_LAWS(1.0),anderes,OW,infra,1991,1
SLC:DF_LAWS(1.0),anderes,SG,educ,1991,1
SLC:DF_LAWS(1.0),anderes,SG,etat,1991,1
SLC:DF_LAWS(1.0),anderes,SG,sante,1991,1
SLC:DF_LAWS(1.0),anderes,SO,autres,1991,1
SLC:DF_LAWS(1.0),anderes,SO,eco,1991,1
SLC:DF_LAWS(1.0),anderes,SO,etat,1991,6
SLC:DF_LAWS(1.0),anderes,TG,etat,1991,1
SLC:DF_LAWS(1.0),anderes,TG,sante,1991,2
SLC:DF_LAWS(1.0),anderes,TI,eco,1991,2
SLC:DF_LAWS(1.0),anderes,VD,etat,1991,1
SLC:DF_LAWS(1.0),anderes,VD,fin,1991,1
SLC:DF_LAWS(1.0),anderes,VD,infra,1991,1
SLC:DF_LAWS(1.0),anderes,VS,infra,1991,2
SLC:DF_LAWS(1.0),anderes,VS,sante,1991,1
SLC:DF_LAWS(1.0),anderes,ZH,autres,1991,1
SLC:DF_LAWS(1.0),anderes,ZH,educ,1991,1
SLC:DF_LAWS(1.0),anderes,ZH,etat,1991,1
SLC:DF_LAWS(1.0),anderes,ZH,sante,1991,1
SLC:DF_LAWS(1.0),dekret,AG,educ,1991,2
SLC:DF_LAWS(1.0),dekret,AG,etat,1991,1
SLC:DF_LAWS(1.0),dekret,AI,educ,1991,1
SLC:DF_LAWS(1.0),dekret,AR,fin,1991,1
SLC:DF_LAWS(1.0),dekret,AR,infra,1991,1
SLC:DF_LAWS(1.0),dekret,BE,infra,1991,1
SLC:DF_LAWS(1.0),dekret,BL,sante,1991,1
SLC:DF_LAWS(1.0),dekret,FR,etat,1991,2
SLC:DF_LAWS(1.0),dekret,JU,infra,1991,1
SLC:DF_LAWS(1.0),dekret,JU,sante,1991,1
SLC:DF_LAWS(1.0),dekret,LU,autres,1991,1
SLC:DF_LAWS(1.0),dekret,LU,etat,1991,6
SLC:DF_LAWS(1.0),dekret,LU,fin,1991,1
SLC:DF_LAWS(1.0),dekret,NE,infra,1991,1
SLC:DF_LAWS(1.0),dekret,NW,fin,1991,2
SLC:DF_LAWS(1.0),dekret,NW,sante,1991,1
SLC:DF_LAWS(1.0),dekret,OW,educ,1991,1
SLC:DF_LAWS(1.0),dekret,OW,infra,1991,1
SLC:DF_LAWS(1.0),dekret,OW,sante,1991,8
SLC:DF_LAWS(1.0),dekret,SG,educ,1991,1
SLC:DF_LAWS(1.0),dekret,SG,etat,1991,1
SLC:DF_LAWS(1.0),dekret,SG,fin,1991,2
SLC:DF_LAWS(1.0),dekret,SG,infra,1991,2
SLC:DF_LAWS(1.0),dekret,SG,sante,1991,2
SLC:DF_LAWS(1.0),dekret,SZ,infra,1991,1
SLC:DF_LAWS(1.0),dekret,TI,eco,1991,1
SLC:DF_LAWS(1.0),dekret,TI,etat,1991,1
SLC:DF_LAWS(1.0),dekret,UR,educ,1991,2
SLC:DF_LAWS(1.0),dekret,UR,sante,1991,1
SLC:DF_LAWS(1.0),dekret,VD,fin,1991,1
SLC:DF_LAWS(1.0),dekret,ZG,eco,1991,1
SLC:DF_LAWS(1.0),dekret,ZG,fin,1991,1
SLC:DF_LAWS(1.0),dekret,ZH,etat,1991,2
SLC:DF_LAWS(1.0),dekret,ZH,sante,1991,1
SLC:DF_LAWS(1.0),gemeindeerlass,BS,infra,1991,1
SLC:DF_LAWS(1.0),gesetz,AR,infra,1991,1
SLC:DF_LAWS(1.0),gesetz,BL,educ,1991,1
SLC:DF_LAWS(1.0),gesetz,BL,etat,1991,1
SLC:DF_LAWS(1.0),gesetz,BL,infra,1991,3
SLC:DF_LAWS(1.0),gesetz,BL,sante,1991,1
SLC:DF_LAWS(1.0),gesetz,BS,etat,1991,1
SLC:DF_LAWS(1.0),gesetz,BS,infra,1991,1
SLC:DF_LAWS(1.0),gesetz,BS,sante,1991,2
SLC:DF_LAWS(1.0),gesetz,FR,educ,1991,3
SLC:DF_LAWS(1.0),gesetz,FR,etat,1991,1
SLC:DF_LAWS(1.0),gesetz,FR,fin,1991,1
SLC:DF_LAWS(1.0),gesetz,FR,infra,1991,3
SLC:DF_LAWS(1.0),gesetz,FR,sante,1991,2
SLC:DF_LAWS(1.0),gesetz,GE,autres,1991,1
SLC:DF_LAWS(1.0),gesetz,GE,eco,1991,1
SLC:DF_LAWS(1.0),gesetz,GL,autres,1991,1
SLC:DF_LAWS(1.0),gesetz,GL,eco,1991,1
SLC:DF_LAWS(1.0),gesetz,GL,etat,1991,1
SLC:DF_LAWS(1.0),gesetz,GL,sante,1991,1
SLC:DF_LAWS(1.0),gesetz,GR,educ,1991,1
SLC:DF_LAWS(1.0),gesetz,GR,sante,1991,2
SLC:DF_LAWS(1.0),gesetz,NE,autres,1991,1
SLC:DF_LAWS(1.0),gesetz,NE,eco,1991,1
SLC:DF_LAWS(1.0),gesetz,NE,educ,1991,1
SLC:DF_LAWS(1.0),gesetz,NE,fin,1991,1
SLC:DF_LAWS(1.0),gesetz,NE,infra,1991,1
SLC:DF_LAWS(1.0),gesetz,NE,sante,1991,1
SLC:DF_LAWS(1.0),gesetz,OW,sante,1991,1
SLC:DF_LAWS(1.0),gesetz,SG,infra,1991,1
SLC:DF_LAWS(1.0),gesetz,SG,sante,1991,1
SLC:DF_LAWS(1.0),gesetz,SH,etat,1991,1
SLC:DF_LAWS(1.0),gesetz,SO,autres,1991,1
SLC:DF_LAWS(1.0),gesetz,SZ,eco,1991,1
SLC:DF_LAWS(1.0),gesetz,SZ,etat,1991,1
SLC:DF_LAWS(1.0),gesetz,SZ,infra,1991,1
SLC:DF_LAWS(1.0),gesetz,SZ,sante,1991,2
SLC:DF_LAWS(1.0),gesetz,TG,etat,1991,1
SLC:DF_LAWS(1.0),gesetz,TI,autres,1991,1
SLC:DF_LAWS(1.0),gesetz,TI,educ,1991,1
SLC:DF_LAWS(1.0),gesetz,TI,infra,1991,1
SLC:DF_LAWS(1.0),gesetz,UR,etat,1991,1
SLC:DF_LAWS(1.0),gesetz,UR,fin,1991,1
SLC:DF_LAWS(1.0),gesetz,VD,eco,1991,2
SLC:DF_LAWS(1.0),gesetz,VD,infra,1991,1
SLC:DF_LAWS(1.0),gesetz,VS,autres,1991,2
SLC:DF_LAWS(1.0),gesetz,VS,educ,1991,1
SLC:DF_LAWS(1.0),gesetz,VS,etat,1991,2
SLC:DF_LAWS(1.0),gesetz,VS,fin,1991,1
SLC:DF_LAWS(1.0),gesetz,VS,infra,1991,1
SLC:DF_LAWS(1.0),gesetz,VS,sante,1991,1
SLC:DF_LAWS(1.0),gesetz,ZH,infra,1991,2
SLC:DF_LAWS(1.0),interkantonale_vereinbarung,AG,eco,1991,1
SLC:DF_LAWS(1.0),interkantonale_vereinbarung,AG,etat,1991,1
SLC:DF_LAWS(1.0),interkantonale_vereinbarung,AG,infra,1991,2
SLC:DF_LAWS(1.0),interkantonale_vereinbarung,BL,etat,1991,1
SLC:DF_LAWS(1.0),interkantonale_vereinbarung,BL,infra,1991,1
SLC:DF_LAWS(1.0),interkantonale_vereinbarung,FR,fin,1991,4
SLC:DF_LAWS(1.0),interkantonale_vereinbarung,GE,educ,1991,1
SLC:DF_LAWS(1.0),interkantonale_vereinbarung,GR,eco,1991,1
SLC:DF_LAWS(1.0),interkantonale_vereinbarung,NE,eco,1991,1
SLC:DF_LAWS(1.0),interkantonale_vereinbarung,NE,fin,1991,3
SLC:DF_LAWS(1.0),interkantonale_vereinbarung,SG,educ,1991,1
SLC:DF_LAWS(1.0),interkantonale_vereinbarung,SG,fin,1991,1
SLC:DF_LAWS(1.0),interkantonale_vereinbarung,SG,infra,1991,1
SLC:DF_LAWS(1.0),interkantonale_vereinbarung,SO,fin,1991,1
SLC:DF_LAWS(1.0),interkantonale_vereinbarung,SZ,educ,1991,1
SLC:DF_LAWS(1.0),interkantonale_vereinbarung,SZ,infra,1991,1
SLC:DF_LAWS(1.0),reglement,BS,educ,1991,2
SLC:DF_LAWS(1.0),reglement,FR,educ,1991,3
SLC:DF_LAWS(1.0),reglement,FR,etat,1991,3
SLC:DF_LAWS(1.0),reglement,FR,fin,1991,1
SLC:DF_LAWS(1.0),reglement,FR,sante,1991,1
SLC:DF_LAWS(1.0),reglement,GE,autres,1991,1
SLC:DF_LAWS(1.0),reglement,GE,educ,1991,2
SLC:DF_LAWS(1.0),reglement,GE,etat,1991,6
SLC:DF_LAWS(1.0),reglement,GL,autres,1991,1
SLC:DF_LAWS(1.0),reglement,GL,etat,1991,1
SLC:DF_LAWS(1.0),reglement,GR,sante,1991,1
SLC:DF_LAWS(1.0),reglement,NE,eco,1991,1
SLC:DF_LAWS(1.0),reglement,NE,educ,1991,1
SLC:DF_LAWS(1.0),reglement,NE,fin,1991,1
SLC:DF_LAWS(1.0),reglement,SG,educ,1991,1
SLC:DF_LAWS(1.0),reglement,SO,etat,1991,1
SLC:DF_LAWS(1.0),reglement,SZ,educ,1991,2
SLC:DF_LAWS(1.0),reglement,SZ,fin,1991,1
SLC:DF_LAWS(1.0),reglement,TG,etat,1991,1
SLC:DF_LAWS(1.0),reglement,TI,autres,1991,1
SLC:DF_LAWS(1.0),reglement,TI,infra,1991,1
SLC:DF_LAWS(1.0),reglement,UR,educ,1991,1
SLC:DF_LAWS(1.0),reglement,VD,autres,1991,1
SLC:DF_LAWS(1.0),reglement,VD,eco,1991,1
SLC:DF_LAWS(1.0),reglement,VD,fin,1991,2
SLC:DF_LAWS(1.0),reglement,VD,infra,1991,1
SLC:DF_LAWS(1.0),reglement,VD,sante,1991,1
SLC:DF_LAWS(1.0),reglement,VS,autres,1991,1
SLC:DF_LAWS(1.0),reglement,VS,eco,1991,1
SLC:DF_LAWS(1.0),reglement,VS,etat,1991,1
SLC:DF_LAWS(1.0),reglement,VS,infra,1991,1
SLC:DF_LAWS(1.0),reglement,ZG,educ,1991,1
SLC:DF_LAWS(1.0),reglement,ZG,etat,1991,1
SLC:DF_LAWS(1.0),reglement,ZH,educ,1991,2
SLC:DF_LAWS(1.0),verordnung,AG,educ,1991,2
SLC:DF_LAWS(1.0),verordnung,AG,etat,1991,4
SLC:DF_LAWS(1.0),verordnung,AG,fin,1991,1
SLC:DF_LAWS(1.0),verordnung,AG,infra,1991,1
SLC:DF_LAWS(1.0),verordnung,AR,etat,1991,1
SLC:DF_LAWS(1.0),verordnung,AR,infra,1991,1
SLC:DF_LAWS(1.0),verordnung,AR,sante,1991,1
SLC:DF_LAWS(1.0),verordnung,BE,eco,1991,1
SLC:DF_LAWS(1.0),verordnung,BE,educ,1991,3
SLC:DF_LAWS(1.0),verordnung,BE,fin,1991,1
SLC:DF_LAWS(1.0),verordnung,BE,infra,1991,3
SLC:DF_LAWS(1.0),verordnung,BL,educ,1991,3
SLC:DF_LAWS(1.0),verordnung,BL,etat,1991,4
SLC:DF_LAWS(1.0),verordnung,BL,infra,1991,2
SLC:DF_LAWS(1.0),verordnung,BL,sante,1991,2
SLC:DF_LAWS(1.0),verordnung,BS,educ,1991,1
SLC:DF_LAWS(1.0),verordnung,BS,etat,1991,1
SLC:DF_LAWS(1.0),verordnung,BS,infra,1991,1
SLC:DF_LAWS(1.0),verordnung,BS,sante,1991,3
SLC:DF_LAWS(1.0),verordnung,FR,etat,1991,1
SLC:DF_LAWS(1.0),verordnung,FR,infra,1991,1
SLC:DF_LAWS(1.0),verordnung,GL,eco,1991,1
SLC:DF_LAWS(1.0),verordnung,GL,educ,1991,2
SLC:DF_LAWS(1.0),verordnung,GL,fin,1991,1
SLC:DF_LAWS(1.0),verordnung,GL,sante,1991,6
SLC:DF_LAWS(1.0),verordnung,GR,eco,1991,1
SLC:DF_LAWS(1.0),verordnung,GR,educ,1991,1
SLC:DF_LAWS(1.0),verordnung,GR,etat,1991,1
SLC:DF_LAWS(1.0),verordnung,GR,infra,1991,1
SLC:DF_LAWS(1.0),verordnung,GR,sante,1991,1
SLC:DF_LAWS(1.0),verordnung,JU,eco,1991,1
SLC:DF_LAWS(1.0),verordnung,JU,educ,1991,2
SLC:DF_LAWS(1.0),verordnung,JU,etat,1991,6
SLC:DF_LAWS(1.0),verordnung,JU,fin,1991,2
SLC:DF_LAWS(1.0),verordnung,JU,infra,1991,1
SLC:DF_LAWS(1.0),verordnung,JU,sante,1991,3
SLC:DF_LAWS(1.0),verordnung,LU,autres,1991,1
SLC:DF_LAWS(1.0),verordnung,LU,educ,1991,1
SLC:DF_LAWS(1.0),verordnung,LU,etat,1991,1
SLC:DF_LAWS(1.0),verordnung,LU,infra,1991,1
SLC:DF_LAWS(1.0),verordnung,LU,sante,1991,2
SLC:DF_LAWS(1.0),verordnung,NE,autres,1991,1
SLC:DF_LAWS(1.0),verordnung,NE,eco,1991,1
SLC:DF_LAWS(1.0),verordnung,NE,infra,1991,1
SLC:DF_LAWS(1.0),verordnung,OW,autres,1991,2
SLC:DF_LAWS(1.0),verordnung,OW,etat,1991,1
SLC:DF_LAWS(1.0),verordnung,OW,infra,1991,2
SLC:DF_LAWS(1.0),verordnung,SG,educ,1991,1
SLC:DF_LAWS(1.0),verordnung,SG,etat,1991,3
SLC:DF_LAWS(1.0),verordnung,SG,fin,1991,2
SLC:DF_LAWS(1.0),verordnung,SG,sante,1991,3
SLC:DF_LAWS(1.0),verordnung,SH,etat,1991,1
SLC:DF_LAWS(1.0),verordnung,SH,infra,1991,2
SLC:DF_LAWS(1.0),verordnung,SH,sante,1991,1
SLC:DF_LAWS(1.0),verordnung,SO,autres,1991,1
SLC:DF_LAWS(1.0),verordnung,SO,educ,1991,3
SLC:DF_LAWS(1.0),verordnung,SO,etat,1991,4
SLC:DF_LAWS(1.0),verordnung,SO,sante,1991,1
SLC:DF_LAWS(1.0),verordnung,SZ,etat,1991,1
SLC:DF_LAWS(1.0),verordnung,SZ,fin,1991,1
SLC:DF_LAWS(1.0),verordnung,SZ,infra,1991,1
SLC:DF_LAWS(1.0),verordnung,TG,autres,1991,3
SLC:DF_LAWS(1.0),verordnung,TG,eco,1991,1
SLC:DF_LAWS(1.0),verordnung,TG,educ,1991,1
SLC:DF_LAWS(1.0),verordnung,TG,etat,1991,4
SLC:DF_LAWS(1.0),verordnung,TG,sante,1991,1
SLC:DF_LAWS(1.0),verordnung,TI,eco,1991,1
SLC:DF_LAWS(1.0),verordnung,TI,infra,1991,2
SLC:DF_LAWS(1.0),verordnung,VS,educ,1991,1
SLC:DF_LAWS(1.0),verordnung,ZG,eco,1991,1
SLC:DF_LAWS(1.0),verordnung,ZG,infra,1991,1
SLC:DF_LAWS(1.0),verordnung,ZH,etat,1991,1
SLC:DF_LAWS(1.0),verordnung,ZH,infra,1991,1
SLC:DF_LAWS(1.0),anderes,_T,_T,1991,63
SLC:DF_LAWS(1.0),dekret,_T,_T,1991,54
SLC:DF_LAWS(1.0),gemeindeerlass,_T,_T,1991,1
SLC:DF_LAWS(1.0),gesetz,_T,_T,1991,65
SLC:DF_LAWS(1.0),interkantonale_vereinbarung,_T,_T,1991,22
SLC:DF_LAWS(1.0),reglement,_T,_T,1991,48
SLC:DF_LAWS(1.0),verordnung,_T,_T,1991,125
SLC:DF_LAWS(1.0),_T,AG,_T,1991,15
SLC:DF_LAWS(1.0),_T,AI,_T,1991,1
SLC:DF_LAWS(1.0),_T,AR,_T,1991,6
SLC:DF_LAWS(1.0),_T,BE,_T,1991,9
SLC:DF_LAWS(1.0),_T,BL,_T,1991,22
SLC:DF_LAWS(1.0),_T,BS,_T,1991,19
SLC:DF_LAWS(1.0),_T,FR,_T,1991,38
SLC:DF_LAWS(1.0),_T,GE,_T,1991,12
SLC:DF_LAWS(1.0),_T,GL,_T,1991,22
SLC:DF_LAWS(1.0),_T,GR,_T,1991,10
SLC:DF_LAWS(1.0),_T,JU,_T,1991,17
SLC:DF_LAWS(1.0),_T,LU,_T,1991,14
SLC:DF_LAWS(1.0),_T,NE,_T,1991,26
SLC:DF_LAWS(1.0),_T,NW,_T,1991,4
SLC:DF_LAWS(1.0),_T,OW,_T,1991,17
SLC:DF_LAWS(1.0),_T,SG,_T,1991,26
SLC:DF_LAWS(1.0),_T,SH,_T,1991,5
SLC:DF_LAWS(1.0),_T,SO,_T,1991,20
SLC:DF_LAWS(1.0),_T,SZ,_T,1991,14
SLC:DF_LAWS(1.0),_T,TG,_T,1991,15
SLC:DF_LAWS(1.0),_T,TI,_T,1991,12
SLC:DF_LAWS(1.0),_T,UR,_T,1991,6
SLC:DF_LAWS(1.0),_T,VD,_T,1991,13
SLC:DF_LAWS(1.0),_T,VS,_T,1991,16
SLC:DF_LAWS(1.0),_T,ZG,_T,1991,6
SLC:DF_LAWS(1.0),_T,ZH,_T,1991,13
SLC:DF_LAWS(1.0),_T,_T,autres,1991,23
SLC:DF_LAWS(1.0),_T,_T,eco,1991,29
SLC:DF_LAWS(1.0),_T,_T,educ,1991,59
SLC:DF_LAWS(1.0),_T,_T,etat,1991,92
SLC:DF_LAWS(1.0),_T,_T,fin,1991,41
SLC:DF_LAWS(1.0),_T,_T,infra,1991,66
SLC:DF_LAWS(1.0),_T,_T,sante,1991,68
SLC:DF_LAWS(1.0),_T,_T,_T,1991,378
SLC:DF_LAWS(1.0),anderes,AR,educ,1992,1
SLC:DF_LAWS(1.0),anderes,BL,sante,1992,3
SLC:DF_LAWS(1.0),anderes,BS,educ,1992,2
SLC:DF_LAWS(1.0),anderes,BS,infra,1992,1
SLC:DF_LAWS(1.0),anderes,FR,autres,1992,1
SLC:DF_LAWS(1.0),anderes,FR,fin,1992,1
SLC:DF_LAWS(1.0),anderes,FR,infra,1992,2
SLC:DF_LAWS(1.0),anderes,FR,sante,1992,2
SLC:DF_LAWS(1.0),anderes,GL,autres,1992,2
SLC:DF_LAWS(1.0),anderes,GL,fin,1992,1
SLC:DF_LAWS(1.0),anderes,GR,autres,1992,1
SLC:DF_LAWS(1.0),anderes,GR,educ,1992,1
SLC:DF_LAWS(1.0),anderes,NE,etat,1992,1
SLC:DF_LAWS(1.0),anderes,NE,sante,1992,2
SLC:DF_LAWS(1.0),anderes,NW,fin,1992,5
SLC:DF_LAWS(1.0),anderes,NW,sante,1992,2
SLC:DF_LAWS(1.0),anderes,SG,fin,1992,2
SLC:DF_LAWS(1.0),anderes,SH,autres,1992,1
SLC:DF_LAWS(1.0),anderes,SO,autres,1992,1
SLC:DF_LAWS(1.0),anderes,SO,educ,1992,2
SLC:DF_LAWS(1.0),anderes,SO,etat,1992,2
SLC:DF_LAWS(1.0),anderes,SO,infra,1992,2
SLC:DF_LAWS(1.0),anderes,SO,sante,1992,1
SLC:DF_LAWS(1.0),anderes,UR,infra,1992,1
SLC:DF_LAWS(1.0),anderes,VD,autres,1992,1
SLC:DF_LAWS(1.0),anderes,VD,etat,1992,1
SLC:DF_LAWS(1.0),anderes,VS,fin,1992,2
SLC:DF_LAWS(1.0),anderes,VS,infra,1992,1
SLC:DF_LAWS(1.0),anderes,VS,sante,1992,1
SLC:DF_LAWS(1.0),anderes,ZG,eco,1992,1
SLC:DF_LAWS(1.0),anderes,ZG,educ,1992,1
SLC:DF_LAWS(1.0),anderes,ZH,educ,1992,1
SLC:DF_LAWS(1.0),dekret,AI,infra,1992,1
SLC:DF_LAWS(1.0),dekret,AI,sante,1992,2
SLC:DF_LAWS(1.0),dekret,AR,autres,1992,1
SLC:DF_LAWS(1.0),dekret,AR,eco,1992,1
SLC:DF_LAWS(1.0),dekret,AR,etat,1992,1
SLC:DF_LAWS(1.0),dekret,AR,sante,1992,2
SLC:DF_LAWS(1.0),dekret,BE,autres,1992,1
SLC:DF_LAWS(1.0),dekret,BE,etat,1992,1
SLC:DF_LAWS(1.0),dekret,BE,sante,1992,1
SLC:DF_LAWS(1.0),dekret,BL,infra,1992,1
SLC:DF_LAWS(1.0),dekret,FR,etat,1992,1
SLC:DF_LAWS(1.0),dekret,GL,autres,1992,1
SLC:DF_LAWS(1.0),dekret,GL,fin,1992,1
SLC:DF_LAWS(1.0),dekret,GR,autres,1992,2
SLC:DF_LAWS(1.0),dekret,GR,sante,1992,1
SLC:DF_LAWS(1.0),dekret,JU,infra,1992,4
SLC:DF_LAWS(1.0),dekret,LU,autres,1992,1
SLC:DF_LAWS(1.0),dekret,LU,etat,1992,3
SLC:DF_LAWS(1.0),dekret,LU,fin,1992,1
SLC:DF_LAWS(1.0),dekret,NE,educ,1992,1
SLC:DF_LAWS(1.0),dekret,NW,infra,1992,1
SLC:DF_LAWS(1.0),dekret,NW,sante,1992,1
SLC:DF_LAWS(1.0),dekret,OW,sante,1992,4
SLC:DF_LAWS(1.0),dekret,SG,fin,1992,1
SLC:DF_LAWS(1.0),dekret,SG,infra,1992,2
SLC:DF_LAWS(1.0),dekret,SG,sante,1992,2
SLC:DF_LAWS(1.0),dekret,SZ,educ,1992,1
SLC:DF_LAWS(1.0),dekret,SZ,infra,1992,1
SLC:DF_LAWS(1.0),dekret,TG,educ,1992,1
SLC:DF_LAWS(1.0),dekret,TG,etat,1992,2
SLC:DF_LAWS(1.0),dekret,TI,fin,1992,1
SLC:DF_LAWS(1.0),dekret,UR,etat,1992,1
SLC:DF_LAWS(1.0),dekret,UR,infra,1992,1
SLC:DF_LAWS(1.0),dekret,ZG,etat,1992,1
SLC:DF_LAWS(1.0),dekret,ZG,infra,1992,1
SLC:DF_LAWS(1.0),gemeindeerlass,BS,etat,1992,2
SLC:DF_LAWS(1.0),gemeindeerlass,BS,infra,1992,1
SLC:DF_LAWS(1.0),gesetz,AG,etat,1992,3
SLC:DF_LAWS(1.0),gesetz,AI,infra,1992,1
SLC:DF_LAWS(1.0),gesetz,AR,etat,1992,1
SLC:DF_LAWS(1.0),gesetz,BE,eco,1992,1
SLC:DF_LAWS(1.0),gesetz,BE,educ,1992,1
SLC:DF_LAWS(1.0),gesetz,BE,fin,1992,2
SLC:DF_LAWS(1.0),gesetz,BE,infra,1992,1
SLC:DF_LAWS(1.0),gesetz,BE,sante,1992,1
SLC:DF_LAWS(1.0),gesetz,BL,infra,1992,3
SLC:DF_LAWS(1.0),gesetz,BS,etat,1992,3
SLC:DF_LAWS(1.0),gesetz,FR,autres,1992,2
SLC:DF_LAWS(1.0),gesetz,FR,eco,1992,3
SLC:DF_LAWS(1.0),gesetz,GE,educ,1992,3
SLC:DF_LAWS(1.0),gesetz,GE,etat,1992,1
SLC:DF_LAWS(1.0),gesetz,GE,infra,1992,2
SLC:DF_LAWS(1.0),gesetz,GE,sante,1992,3
SLC:DF_LAWS(1.0),gesetz,GL,etat,1992,1
SLC:DF_LAWS(1.0),gesetz,GL,sante,1992,1
SLC:DF_LAWS(1.0),gesetz,LU,sante,1992,2
SLC:DF_LAWS(1.0),gesetz,NE,sante,1992,1
SLC:DF_LAWS(1.0),gesetz,NW,autres,1992,1
SLC:DF_LAWS(1.0),gesetz,NW,etat,1992,1
SLC:DF_LAWS(1.0),gesetz,OW,etat,1992,1
SLC:DF_LAWS(1.0),gesetz,OW,sante,1992,1
SLC:DF_LAWS(1.0),gesetz,SG,sante,1992,1
SLC:DF_LAWS(1.0),gesetz,SH,educ,1992,1
SLC:DF_LAWS(1.0),gesetz,SH,infra,1992,1
SLC:DF_LAWS(1.0),gesetz,SO,etat,1992,1
SLC:DF_LAWS(1.0),gesetz,SO,infra,1992,1
SLC:DF_LAWS(1.0),gesetz,SZ,educ,1992,1
SLC:DF_LAWS(1.0),gesetz,SZ,etat,1992,1
SLC:DF_LAWS(1.0),gesetz,SZ,infra,1992,1
SLC:DF_LAWS(1.0),gesetz,TG,educ,1992,1
SLC:DF_LAWS(1.0),gesetz,TG,fin,1992,1
SLC:DF_LAWS(1.0),gesetz,TG,infra,1992,2
SLC:DF_LAWS(1.0),gesetz,TI,autres,1992,2
SLC:DF_LAWS(1.0),gesetz,TI,etat,1992,1
SLC:DF_LAWS(1.0),gesetz,UR,etat,1992,1
SLC:DF_LAWS(1.0),gesetz,UR,fin,1992,1
SLC:DF_LAWS(1.0),gesetz,UR,infra,1992,1
SLC:DF_LAWS(1.0),gesetz,VD,autres,1992,1
SLC:DF_LAWS(1.0),gesetz,VD,sante,1992,1
SLC:DF_LAWS(1.0),gesetz,VS,autres,1992,1
SLC:DF_LAWS(1.0),gesetz,ZG,etat,1992,1
SLC:DF_LAWS(1.0),interkantonale_vereinbarung,AG,autres,1992,1
SLC:DF_LAWS(1.0),interkantonale_vereinbarung,AI,autres,1992,1
SLC:DF_LAWS(1.0),interkantonale_vereinbarung,AR,educ,1992,1
SLC:DF_LAWS(1.0),interkantonale_vereinbarung,BL,autres,1992,1
SLC:DF_LAWS(1.0),interkantonale_vereinbarung,BL,educ,1992,1
SLC:DF_LAWS(1.0),interkantonale_vereinbarung,BL,sante,1992,1
SLC:DF_LAWS(1.0),interkantonale_vereinbarung,BS,infra,1992,1
SLC:DF_LAWS(1.0),interkantonale_vereinbarung,FR,autres,1992,1
SLC:DF_LAWS(1.0),interkantonale_vereinbarung,GE,autres,1992,1
SLC:DF_LAWS(1.0),interkantonale_vereinbarung,GL,autres,1992,1
SLC:DF_LAWS(1.0),interkantonale_vereinbarung,GR,autres,1992,1
SLC:DF_LAWS(1.0),interkantonale_vereinbarung,JU,sante,1992,1
SLC:DF_LAWS(1.0),interkantonale_vereinbarung,LU,autres,1992,1
SLC:DF_LAWS(1.0),interkantonale_vereinbarung,NE,autres,1992,1
SLC:DF_LAWS(1.0),interkantonale_vereinbarung,NW,autres,1992,1
SLC:DF_LAWS(1.0),interkantonale_vereinbarung,NW,sante,1992,1
SLC:DF_LAWS(1.0),interkantonale_vereinbarung,OW,sante,1992,1
SLC:DF_LAWS(1.0),interkantonale_vereinbarung,SG,autres,1992,1
SLC:DF_LAWS(1.0),interkantonale_vereinbarung,SG,educ,1992,1
SLC:DF_LAWS(1.0),interkantonale_vereinbarung,SG,etat,1992,1
SLC:DF_LAWS(1.0),interkantonale_vereinbarung,SG,fin,1992,1
SLC:DF_LAWS(1.0),interkantonale_vereinbarung,SH,autres,1992,1
SLC:DF_LAWS(1.0),interkantonale_vereinbarung,SO,autres,1992,1
SLC:DF_LAWS(1.0),interkantonale_vereinbarung,SZ,autres,1992,1
SLC:DF_LAWS(1.0),interkantonale_vereinbarung,TG,autres,1992,1
SLC:DF_LAWS(1.0),interkantonale_vereinbarung,TI,autres,1992,1
SLC:DF_LAWS(1.0),interkantonale_vereinbarung,VD,autres,1992,1
SLC:DF_LAWS(1.0),interkantonale_vereinbarung,ZG,eco,1992,2
SLC:DF_LAWS(1.0),reglement,BL,etat,1992,1
SLC:DF_LAWS(1.0),reglement,BS,educ,1992,1
SLC:DF_LAWS(1.0),reglement,FR,eco,1992,1
SLC:DF_LAWS(1.0),reglement,FR,educ,1992,2
SLC:DF_LAWS(1.0),reglement,FR,etat,1992,2
SLC:DF_LAWS(1.0),reglement,FR,fin,1992,1
SLC:DF_LAWS(1.0),reglement,FR,infra,1992,2
SLC:DF_LAWS(1.0),reglement,FR,sante,1992,1
SLC:DF_LAWS(1.0),reglement,GE,eco,1992,1
SLC:DF_LAWS(1.0),reglement,GE,educ,1992,2
SLC:DF_LAWS(1.0),reglement,GE,etat,1992,4
SLC:DF_LAWS(1.0),reglement,GE,fin,1992,1
SLC:DF_LAWS(1.0),reglement,GE,infra,1992,1
SLC:DF_LAWS(1.0),reglement,GE,sante,1992,1
SLC:DF_LAWS(1.0),reglement,LU,educ,1992,1
SLC:DF_LAWS(1.0),reglement,NE,eco,1992,1
SLC:DF_LAWS(1.0),reglement,NW,etat,1992,1
SLC:DF_LAWS(1.0),reglement,SG,educ,1992,1
SLC:DF_LAWS(1.0),reglement,TI,educ,1992,4
SLC:DF_LAWS(1.0),reglement,TI,etat,1992,2
SLC:DF_LAWS(1.0),reglement,TI,infra,1992,2
SLC:DF_LAWS(1.0),reglement,TI,sante,1992,4
SLC:DF_LAWS(1.0),reglement,UR,autres,1992,1
SLC:DF_LAWS(1.0),reglement,UR,eco,1992,2
SLC:DF_LAWS(1.0),reglement,UR,infra,1992,1
SLC:DF_LAWS(1.0),reglement,VD,autres,1992,2
SLC:DF_LAWS(1.0),reglement,VD,eco,1992,1
SLC:DF_LAWS(1.0),reglement,VD,educ,1992,3
SLC:DF_LAWS(1.0),reglement,VD,etat,1992,2
SLC:DF_LAWS(1.0),reglement,VD,sante,1992,3
SLC:DF_LAWS(1.0),reglement,VS,autres,1992,1
SLC:DF_LAWS(1.0),reglement,VS,eco,1992,1
SLC:DF_LAWS(1.0),reglement,VS,educ,1992,1
SLC:DF_LAWS(1.0),reglement,VS,etat,1992,1
SLC:DF_LAWS(1.0),reglement,VS,sante,1992,1
SLC:DF_LAWS(1.0),reglement,ZG,educ,1992,1
SLC:DF_LAWS(1.0),reglement,ZH,educ,1992,1
SLC:DF_LAWS(1.0),staatsvertrag,BS,infra,1992,1
SLC:DF_LAWS(1.0),staatsvertrag,JU,eco,1992,3
SLC:DF_LAWS(1.0),verordnung,AG,autres,1992,1
SLC:DF_LAWS(1.0),verordnung,AG,eco,1992,1
SLC:DF_LAWS(1.0),verordnung,AG,etat,1992,1
SLC:DF_LAWS(1.0),verordnung,AG,infra,1992,1
SLC:DF_LAWS(1.0),verordnung,AI,educ,1992,1
SLC:DF_LAWS(1.0),verordnung,AI,sante,1992,1
SLC:DF_LAWS(1.0),verordnung,AR,etat,1992,1
SLC:DF_LAWS(1.0),verordnung,BE,eco,1992,2
SLC:DF_LAWS(1.0),verordnung,BE,educ,1992,9
SLC:DF_LAWS(1.0),verordnung,BE,etat,1992,1
SLC:DF_LAWS(1.0),verordnung,BE,sante,1992,1
SLC:DF_LAWS(1.0),verordnung,BL,infra,1992,3
SLC:DF_LAWS(1.0),verordnung,BL,sante,1992,2
SLC:DF_LAWS(1.0),verordnung,BS,autres,1992,1
SLC:DF_LAWS(1.0),verordnung,BS,educ,1992,2
SLC:DF_LAWS(1.0),verordnung,BS,etat,1992,2
SLC:DF_LAWS(1.0),verordnung,BS,infra,1992,5
SLC:DF_LAWS(1.0),verordnung,BS,sante,1992,2
SLC:DF_LAWS(1.0),verordnung,FR,educ,1992,2
SLC:DF_LAWS(1.0),verordnung,FR,etat,1992,3
SLC:DF_LAWS(1.0),verordnung,GL,fin,1992,1
SLC:DF_LAWS(1.0),verordnung,GR,autres,1992,1
SLC:DF_LAWS(1.0),verordnung,GR,sante,1992,1
SLC:DF_LAWS(1.0),verordnung,JU,autres,1992,2
SLC:DF_LAWS(1.0),verordnung,JU,educ,1992,2
SLC:DF_LAWS(1.0),verordnung,JU,etat,1992,3
SLC:DF_LAWS(1.0),verordnung,JU,fin,1992,3
SLC:DF_LAWS(1.0),verordnung,LU,educ,1992,1
SLC:DF_LAWS(1.0),verordnung,LU,etat,1992,1
SLC:DF_LAWS(1.0),verordnung,LU,infra,1992,1
SLC:DF_LAWS(1.0),verordnung,NE,eco,1992,1
SLC:DF_LAWS(1.0),verordnung,NE,educ,1992,1
SLC:DF_LAWS(1.0),verordnung,NE,etat,1992,1
SLC:DF_LAWS(1.0),verordnung,NE,infra,1992,3
SLC:DF_LAWS(1.0),verordnung,NW,infra,1992,1
SLC:DF_LAWS(1.0),verordnung,OW,educ,1992,2
SLC:DF_LAWS(1.0),verordnung,OW,etat,1992,3
SLC:DF_LAWS(1.0),verordnung,OW,infra,1992,2
SLC:DF_LAWS(1.0),verordnung,OW,sante,1992,1
SLC:DF_LAWS(1.0),verordnung,SG,etat,1992,2
SLC:DF_LAWS(1.0),verordnung,SG,infra,1992,1
SLC:DF_LAWS(1.0),verordnung,SG,sante,1992,1
SLC:DF_LAWS(1.0),verordnung,SH,educ,1992,2
SLC:DF_LAWS(1.0),verordnung,SH,etat,1992,1
SLC:DF_LAWS(1.0),verordnung,SH,infra,1992,3
SLC:DF_LAWS(1.0),verordnung,SH,sante,1992,1
SLC:DF_LAWS(1.0),verordnung,SO,autres,1992,2
SLC:DF_LAWS(1.0),verordnung,SO,eco,1992,1
SLC:DF_LAWS(1.0),verordnung,SO,educ,1992,1
SLC:DF_LAWS(1.0),verordnung,SO,fin,1992,1
SLC:DF_LAWS(1.0),verordnung,SO,infra,1992,1
SLC:DF_LAWS(1.0),verordnung,SO,sante,1992,2
SLC:DF_LAWS(1.0),verordnung,SZ,eco,1992,1
SLC:DF_LAWS(1.0),verordnung,SZ,etat,1992,1
SLC:DF_LAWS(1.0),verordnung,SZ,fin,1992,1
SLC:DF_LAWS(1.0),verordnung,SZ,sante,1992,2
SLC:DF_LAWS(1.0),verordnung,TG,autres,1992,3
SLC:DF_LAWS(1.0),verordnung,TG,etat,1992,4
SLC:DF_LAWS(1.0),verordnung,TG,fin,1992,4
SLC:DF_LAWS(1.0),verordnung,TG,infra,1992,3
SLC:DF_LAWS(1.0),verordnung,TI,infra,1992,1
SLC:DF_LAWS(1.0),verordnung,VS,etat,1992,2
SLC:DF_LAWS(1.0),verordnung,VS,sante,1992,1
SLC:DF_LAWS(1.0),verordnung,ZG,autres,1992,1
SLC:DF_LAWS(1.0),verordnung,ZG,educ,1992,3
SLC:DF_LAWS(1.0),verordnung,ZG,etat,1992,1
SLC:DF_LAWS(1.0),verordnung,ZG,infra,1992,1
SLC:DF_LAWS(1.0),verordnung,ZH,autres,1992,2
SLC:DF_LAWS(1.0),verordnung,ZH,etat,1992,2
SLC:DF_LAWS(1.0),verordnung,ZH,fin,1992,1
SLC:DF_LAWS(1.0),verordnung,ZH,infra,1992,5
SLC:DF_LAWS(1.0),verordnung,ZH,sante,1992,2
SLC:DF_LAWS(1.0),anderes,_T,_T,1992,49
SLC:DF_LAWS(1.0),dekret,_T,_T,1992,49
SLC:DF_LAWS(1.0),gemeindeerlass,_T,_T,1992,3
SLC:DF_LAWS(1.0),gesetz,_T,_T,1992,62
SLC:DF_LAWS(1.0),interkantonale_vereinbarung,_T,_T,1992,29
SLC:DF_LAWS(1.0),reglement,_T,_T,1992,59
SLC:DF_LAWS(1.0),staatsvertrag,_T,_T,1992,4
SLC:DF_LAWS(1.0),verordnung,_T,_T,1992,133
SLC:DF_LAWS(1.0),_T,AG,_T,1992,8
SLC:DF_LAWS(1.0),_T,AI,_T,1992,7
SLC:DF_LAWS(1.0),_T,AR,_T,1992,9
SLC:DF_LAWS(1.0),_T,BE,_T,1992,22
SLC:DF_LAWS(1.0),_T,BL,_T,1992,16
SLC:DF_LAWS(1.0),_T,BS,_T,1992,24
SLC:DF_LAWS(1.0),_T,FR,_T,1992,27
SLC:DF_LAWS(1.0),_T,GE,_T,1992,20
SLC:DF_LAWS(1.0),_T,GL,_T,1992,9
SLC:DF_LAWS(1.0),_T,GR,_T,1992,8
SLC:DF_LAWS(1.0),_T,JU,_T,1992,18
SLC:DF_LAWS(1.0),_T,LU,_T,1992,12
SLC:DF_LAWS(1.0),_T,NE,_T,1992,13
SLC:DF_LAWS(1.0),_T,NW,_T,1992,15
SLC:DF_LAWS(1.0),_T,OW,_T,1992,15
SLC:DF_LAWS(1.0),_T,SG,_T,1992,17
SLC:DF_LAWS(1.0),_T,SH,_T,1992,11
SLC:DF_LAWS(1.0),_T,SO,_T,1992,19
SLC:DF_LAWS(1.0),_T,SZ,_T,1992,11
SLC:DF_LAWS(1.0),_T,TG,_T,1992,22
SLC:DF_LAWS(1.0),_T,TI,_T,1992,18
SLC:DF_LAWS(1.0),_T,UR,_T,1992,10
SLC:DF_LAWS(1.0),_T,VD,_T,1992,16
SLC:DF_LAWS(1.0),_T,VS,_T,1992,13
SLC:DF_LAWS(1.0),_T,ZG,_T,1992,14
SLC:DF_LAWS(1.0),_T,ZH,_T,1992,14
SLC:DF_LAWS(1.0),_T,_T,autres,1992,54
SLC:DF_LAWS(1.0),_T,_T,eco,1992,24
SLC:DF_LAWS(1.0),_T,_T,educ,1992,64
SLC:DF_LAWS(1.0),_T,_T,etat,1992,75
SLC:DF_LAWS(1.0),_T,_T,fin,1992,33
SLC:DF_LAWS(1.0),_T,_T,infra,1992,72
SLC:DF_LAWS(1.0),_T,_T,sante,1992,66
SLC:DF_LAWS(1.0),_T,_T,_T,1992,388
SLC:DF_LAWS(1.0),anderes,AR,educ,1993,1
SLC:DF_LAWS(1.0),anderes,AR,infra,1993,1
SLC:DF_LAWS(1.0),anderes,BL,etat,1993,1
SLC:DF_LAWS(1.0),anderes,BS,autres,1993,1
SLC:DF_LAWS(1.0),anderes,BS,etat,1993,1
SLC:DF_LAWS(1.0),anderes,BS,fin,1993,1
SLC:DF_LAWS(1.0),anderes,BS,sante,1993,1
SLC:DF_LAWS(1.0),anderes,FR,autres,1993,1
SLC:DF_LAWS(1.0),anderes,FR,eco,1993,1
SLC:DF_LAWS(1.0),anderes,FR,educ,1993,2
SLC:DF_LAWS(1.0),anderes,FR,etat,1993,3
SLC:DF_LAWS(1.0),anderes,FR,sante,1993,2
SLC:DF_LAWS(1.0),anderes,GL,educ,1993,1
SLC:DF_LAWS(1.0),anderes,GL,etat,1993,1
SLC:DF_LAWS(1.0),anderes,GL,fin,1993,1
SLC:DF_LAWS(1.0),anderes,GL,infra,1993,1
SLC:DF_LAWS(1.0),anderes,GR,eco,1993,1
SLC:DF_LAWS(1.0),anderes,GR,educ,1993,1
SLC:DF_LAWS(1.0),anderes,GR,fin,1993,1
SLC:DF_LAWS(1.0),anderes,NE,autres,1993,2
SLC:DF_LAWS(1.0),anderes,NE,etat,1993,1
SLC:DF_LAWS(1.0),anderes,NE,fin,1993,1
SLC:DF_LAWS(1.0),anderes,NE,sante,1993,1
SLC:DF_LAWS(1.0),anderes,OW,educ,1993,1
SLC:DF_LAWS(1.0),anderes,SG,sante,1993,1
SLC:DF_LAWS(1.0),anderes,SH,autres,1993,1
SLC:DF_LAWS(1.0),anderes,SH,educ,1993,2
SLC:DF_LAWS(1.0),anderes,SH,sante,1993,2
SLC:DF_LAWS(1.0),anderes,SO,autres,1993,1
SLC:DF_LAWS(1.0),anderes,SO,educ,1993,2
SLC:DF_LAWS(1.0),anderes,SO,etat,1993,1
SLC:DF_LAWS(1.0),anderes,SO,infra,1993,1
SLC:DF_LAWS(1.0),anderes,SZ,educ,1993,1
SLC:DF_LAWS(1.0),anderes,TG,autres,1993,1
SLC:DF_LAWS(1.0),anderes,TG,etat,1993,1
SLC:DF_LAWS(1.0),anderes,TG,sante,1993,1
SLC:DF_LAWS(1.0),anderes,TI,educ,1993,1
SLC:DF_LAWS(1.0),anderes,VD,etat,1993,2
SLC:DF_LAWS(1.0),anderes,VS,educ,1993,1
SLC:DF_LAWS(1.0),anderes,VS,infra,1993,3
SLC:DF_LAWS(1.0),anderes,ZH,infra,1993,1
SLC:DF_LAWS(1.0),anderes,ZH,sante,1993,1
SLC:DF_LAWS(1.0),dekret,AG,educ,1993,1
SLC:DF_LAWS(1.0),dekret,AI,infra,1993,2
SLC:DF_LAWS(1.0),dekret,AI,sante,1993,1
SLC:DF_LAWS(1.0),dekret,AR,eco,1993,1
SLC:DF_LAWS(1.0),dekret,AR,fin,1993,1
SLC:DF_LAWS(1.0),dekret,BE,educ,1993,1
SLC:DF_LAWS(1.0),dekret,BL,infra,1993,1
SLC:DF_LAWS(1.0),dekret,FR,etat,1993,1
SLC:DF_LAWS(1.0),dekret,GL,autres,1993,1
SLC:DF_LAWS(1.0),dekret,GR,autres,1993,1
SLC:DF_LAWS(1.0),dekret,GR,educ,1993,1
SLC:DF_LAWS(1.0),dekret,GR,etat,1993,1
SLC:DF_LAWS(1.0),dekret,GR,fin,1993,1
SLC:DF_LAWS(1.0),dekret,GR,sante,1993,1
SLC:DF_LAWS(1.0),dekret,JU,educ,1993,1
SLC:DF_LAWS(1.0),dekret,JU,etat,1993,1
SLC:DF_LAWS(1.0),dekret,LU,etat,1993,7
SLC:DF_LAWS(1.0),dekret,NE,sante,1993,1
SLC:DF_LAWS(1.0),dekret,NW,autres,1993,1
SLC:DF_LAWS(1.0),dekret,OW,autres,1993,1
SLC:DF_LAWS(1.0),dekret,OW,educ,1993,1
SLC:DF_LAWS(1.0),dekret,OW,etat,1993,1
SLC:DF_LAWS(1.0),dekret,OW,sante,1993,5
SLC:DF_LAWS(1.0),dekret,SG,educ,1993,1
SLC:DF_LAWS(1.0),dekret,SG,etat,1993,2
SLC:DF_LAWS(1.0),dekret,SG,fin,1993,1
SLC:DF_LAWS(1.0),dekret,SG,sante,1993,2
SLC:DF_LAWS(1.0),dekret,SH,educ,1993,2
SLC:DF_LAWS(1.0),dekret,SH,fin,1993,1
SLC:DF_LAWS(1.0),dekret,SZ,infra,1993,1
SLC:DF_LAWS(1.0),dekret,TI,educ,1993,2
SLC:DF_LAWS(1.0),dekret,UR,sante,1993,1
SLC:DF_LAWS(1.0),dekret,VD,educ,1993,1
SLC:DF_LAWS(1.0),dekret,ZG,educ,1993,1
SLC:DF_LAWS(1.0),gemeindeerlass,BS,educ,1993,2
SLC:DF_LAWS(1.0),gemeindeerlass,BS,etat,1993,1
SLC:DF_LAWS(1.0),gemeindeerlass,BS,fin,1993,1
SLC:DF_LAWS(1.0),gemeindeerlass,BS,infra,1993,3
SLC:DF_LAWS(1.0),gesetz,AG,educ,1993,1
SLC:DF_LAWS(1.0),gesetz,AG,infra,1993,2
SLC:DF_LAWS(1.0),gesetz,AI,infra,1993,2
SLC:DF_LAWS(1.0),gesetz,BE,eco,1993,1
SLC:DF_LAWS(1.0),gesetz,BE,educ,1993,1
SLC:DF_LAWS(1.0),gesetz,BE,etat,1993,2
SLC:DF_LAWS(1.0),gesetz,BE,fin,1993,1
SLC:DF_LAWS(1.0),gesetz,BE,infra,1993,1
SLC:DF_LAWS(1.0),gesetz,BE,sante,1993,2
SLC:DF_LAWS(1.0),gesetz,BL,etat,1993,2
SLC:DF_LAWS(1.0),gesetz,BS,autres,1993,1
SLC:DF_LAWS(1.0),gesetz,BS,sante,1993,1
SLC:DF_LAWS(1.0),gesetz,FR,eco,1993,1
SLC:DF_LAWS(1.0),gesetz,FR,educ,1993,1
SLC:DF_LAWS(1.0),gesetz,FR,etat,1993,1
SLC:DF_LAWS(1.0),gesetz,FR,fin,1993,1
SLC:DF_LAWS(1.0),gesetz,GE,autres,1993,1
SLC:DF_LAWS(1.0),gesetz,GE,eco,1993,2
SLC:DF_LAWS(1.0),gesetz,GE,educ,1993,1
SLC:DF_LAWS(1.0),gesetz,GE,etat,1993,2
SLC:DF_LAWS(1.0),gesetz,GE,fin,1993,3
SLC:DF_LAWS(1.0),gesetz,GE,infra,1993,2
SLC:DF_LAWS(1.0),gesetz,GE,sante,1993,1
SLC:DF_LAWS(1.0),gesetz,GL,etat,1993,4
SLC:DF_LAWS(1.0),gesetz,GL,sante,1993,1
SLC:DF_LAWS(1.0),gesetz,GR,etat,1993,1
SLC:DF_LAWS(1.0),gesetz,GR,fin,1993,1
SLC:DF_LAWS(1.0),gesetz,GR,sante,1993,3
SLC:DF_LAWS(1.0),gesetz,LU,autres,1993,1
SLC:DF_LAWS(1.0),gesetz,LU,etat,1993,2
SLC:DF_LAWS(1.0),gesetz,NE,autres,1993,1
SLC:DF_LAWS(1.0),gesetz,NE,etat,1993,1
SLC:DF_LAWS(1.0),gesetz,NE,fin,1993,1
SLC:DF_LAWS(1.0),gesetz,NE,sante,1993,2
SLC:DF_LAWS(1.0),gesetz,NW,sante,1993,1
SLC:DF_LAWS(1.0),gesetz,OW,etat,1993,1
SLC:DF_LAWS(1.0),gesetz,OW,sante,1993,1
SLC:DF_LAWS(1.0),gesetz,SG,sante,1993,2
SLC:DF_LAWS(1.0),gesetz,SO,etat,1993,1
SLC:DF_LAWS(1.0),gesetz,SO,sante,1993,1
SLC:DF_LAWS(1.0),gesetz,TG,educ,1993,1
SLC:DF_LAWS(1.0),gesetz,TG,infra,1993,1
SLC:DF_LAWS(1.0),gesetz,TG,sante,1993,1
SLC:DF_LAWS(1.0),gesetz,TI,sante,1993,1
SLC:DF_LAWS(1.0),gesetz,UR,sante,1993,1
SLC:DF_LAWS(1.0),gesetz,VD,autres,1993,1
SLC:DF_LAWS(1.0),gesetz,VD,etat,1993,1
SLC:DF_LAWS(1.0),gesetz,VD,infra,1993,1
SLC:DF_LAWS(1.0),gesetz,VD,sante,1993,2
SLC:DF_LAWS(1.0),gesetz,VS,eco,1993,1
SLC:DF_LAWS(1.0),gesetz,VS,sante,1993,1
SLC:DF_LAWS(1.0),gesetz,ZG,infra,1993,1
SLC:DF_LAWS(1.0),gesetz,ZG,sante,1993,2
SLC:DF_LAWS(1.0),gesetz,ZH,etat,1993,3
SLC:DF_LAWS(1.0),interkantonale_vereinbarung,AG,educ,1993,1
SLC:DF_LAWS(1.0),interkantonale_vereinbarung,AR,educ,1993,2
SLC:DF_LAWS(1.0),interkantonale_vereinbarung,BE,educ,1993,1
SLC:DF_LAWS(1.0),interkantonale_vereinbarung,BE,etat,1993,1
SLC:DF_LAWS(1.0),interkantonale_vereinbarung,BL,eco,1993,1
SLC:DF_LAWS(1.0),interkantonale_vereinbarung,BL,educ,1993,2
SLC:DF_LAWS(1.0),interkantonale_vereinbarung,BL,etat,1993,4
SLC:DF_LAWS(1.0),interkantonale_vereinbarung,BL,sante,1993,1
SLC:DF_LAWS(1.0),interkantonale_vereinbarung,BS,autres,1993,1
SLC:DF_LAWS(1.0),interkantonale_vereinbarung,BS,educ,1993,1
SLC:DF_LAWS(1.0),interkantonale_vereinbarung,BS,etat,1993,3
SLC:DF_LAWS(1.0),interkantonale_vereinbarung,BS,sante,1993,1
SLC:DF_LAWS(1.0),interkantonale_vereinbarung,FR,educ,1993,1
SLC:DF_LAWS(1.0),interkantonale_vereinbarung,GE,educ,1993,2
SLC:DF_LAWS(1.0),interkantonale_vereinbarung,GL,educ,1993,1
SLC:DF_LAWS(1.0),interkantonale_vereinbarung,GL,fin,1993,1
SLC:DF_LAWS(1.0),interkantonale_vereinbarung,GL,infra,1993,1
SLC:DF_LAWS(1.0),interkantonale_vereinbarung,GR,educ,1993,1
SLC:DF_LAWS(1.0),interkantonale_vereinbarung,JU,educ,1993,1
SLC:DF_LAWS(1.0),interkantonale_vereinbarung,JU,etat,1993,1
SLC:DF_LAWS(1.0),interkantonale_vereinbarung,LU,educ,1993,2
SLC:DF_LAWS(1.0),interkantonale_vereinbarung,NE,educ,1993,3
SLC:DF_LAWS(1.0),interkantonale_vereinbarung,NW,educ,1993,3
SLC:DF_LAWS(1.0),interkantonale_vereinbarung,OW,educ,1993,2
SLC:DF_LAWS(1.0),interkantonale_vereinbarung,OW,etat,1993,1
SLC:DF_LAWS(1.0),interkantonale_vereinbarung,OW,fin,1993,1
SLC:DF_LAWS(1.0),interkantonale_vereinbarung,OW,sante,1993,1
SLC:DF_LAWS(1.0),interkantonale_vereinbarung,SG,educ,1993,2
SLC:DF_LAWS(1.0),interkantonale_vereinbarung,SG,fin,1993,1
SLC:DF_LAWS(1.0),interkantonale_vereinbarung,SG,infra,1993,1
SLC:DF_LAWS(1.0),interkantonale_vereinbarung,SH,educ,1993,2
SLC:DF_LAWS(1.0),interkantonale_vereinbarung,SH,etat,1993,1
SLC:DF_LAWS(1.0),interkantonale_vereinbarung,SO,eco,1993,1
SLC:DF_LAWS(1.0),interkantonale_vereinbarung,SO,educ,1993,1
SLC:DF_LAWS(1.0),interkantonale_vereinbarung,SZ,educ,1993,2
SLC:DF_LAWS(1.0),interkantonale_vereinbarung,SZ,fin,1993,1
SLC:DF_LAWS(1.0),interkantonale_vereinbarung,TG,educ,1993,3
SLC:DF_LAWS(1.0),interkantonale_vereinbarung,TG,infra,1993,1
SLC:DF_LAWS(1.0),interkantonale_vereinbarung,TI,educ,1993,2
SLC:DF_LAWS(1.0),interkantonale_vereinbarung,TI,etat,1993,1
SLC:DF_LAWS(1.0),interkantonale_vereinbarung,UR,educ,1993,1
SLC:DF_LAWS(1.0),interkantonale_vereinbarung,VD,educ,1993,1
SLC:DF_LAWS(1.0),interkantonale_vereinbarung,VS,autres,1993,1
SLC:DF_LAWS(1.0),interkantonale_vereinbarung,VS,educ,1993,1
SLC:DF_LAWS(1.0),interkantonale_vereinbarung,ZG,autres,1993,1
SLC:DF_LAWS(1.0),interkantonale_vereinbarung,ZG,educ,1993,2
SLC:DF_LAWS(1.0),interkantonale_vereinbarung,ZH,fin,1993,1
SLC:DF_LAWS(1.0),reglement,AR,sante,1993,1
SLC:DF_LAWS(1.0),reglement,BE,etat,1993,2
SLC:DF_LAWS(1.0),reglement,BS,educ,1993,1
SLC:DF_LAWS(1.0),reglement,BS,etat,1993,2
SLC:DF_LAWS(1.0),reglement,BS,sante,1993,1
SLC:DF_LAWS(1.0),reglement,FR,autres,1993,1
SLC:DF_LAWS(1.0),reglement,FR,eco,1993,1
SLC:DF_LAWS(1.0),reglement,FR,educ,1993,5
SLC:DF_LAWS(1.0),reglement,FR,infra,1993,1
SLC:DF_LAWS(1.0),reglement,GE,autres,1993,1
SLC:DF_LAWS(1.0),reglement,GE,eco,1993,3
SLC:DF_LAWS(1.0),reglement,GE,educ,1993,6
SLC:DF_LAWS(1.0),reglement,GE,etat,1993,3
SLC:DF_LAWS(1.0),reglement,GE,fin,1993,2
SLC:DF_LAWS(1.0),reglement,GE,infra,1993,3
SLC:DF_LAWS(1.0),reglement,GE,sante,1993,1
SLC:DF_LAWS(1.0),reglement,GR,sante,1993,1
SLC:DF_LAWS(1.0),reglement,LU,educ,1993,2
SLC:DF_LAWS(1.0),reglement,LU,fin,1993,2
SLC:DF_LAWS(1.0),reglement,NE,autres,1993,2
SLC:DF_LAWS(1.0),reglement,NE,fin,1993,2
SLC:DF_LAWS(1.0),reglement,NW,eco,1993,2
SLC:DF_LAWS(1.0),reglement,NW,educ,1993,2
SLC:DF_LAWS(1.0),reglement,NW,etat,1993,1
SLC:DF_LAWS(1.0),reglement,NW,fin,1993,2
SLC:DF_LAWS(1.0),reglement,SG,etat,1993,1
SLC:DF_LAWS(1.0),reglement,SO,educ,1993,1
SLC:DF_LAWS(1.0),reglement,SO,sante,1993,1
SLC:DF_LAWS(1.0),reglement,TI,educ,1993,1
SLC:DF_LAWS(1.0),reglement,TI,etat,1993,1
SLC:DF_LAWS(1.0),reglement,TI,fin,1993,2
SLC:DF_LAWS(1.0),reglement,TI,infra,1993,2
SLC:DF_LAWS(1.0),reglement,UR,infra,1993,1
SLC:DF_LAWS(1.0),reglement,VD,autres,1993,2
SLC:DF_LAWS(1.0),reglement,VD,eco,1993,4
SLC:DF_LAWS(1.0),reglement,VD,fin,1993,1
SLC:DF_LAWS(1.0),reglement,VD,infra,1993,3
SLC:DF_LAWS(1.0),reglement,VD,sante,1993,2
SLC:DF_LAWS(1.0),reglement,VS,etat,1993,1
SLC:DF_LAWS(1.0),reglement,VS,sante,1993,1
SLC:DF_LAWS(1.0),reglement,ZG,educ,1993,1
SLC:DF_LAWS(1.0),staatsvertrag,JU,eco,1993,3
SLC:DF_LAWS(1.0),verfassung,BE,etat,1993,1
SLC:DF_LAWS(1.0),verordnung,AG,autres,1993,1
SLC:DF_LAWS(1.0),verordnung,AG,eco,1993,2
SLC:DF_LAWS(1.0),verordnung,AG,educ,1993,3
SLC:DF_LAWS(1.0),verordnung,AG,etat,1993,1
SLC:DF_LAWS(1.0),verordnung,AI,autres,1993,1
SLC:DF_LAWS(1.0),verordnung,AR,educ,1993,1
SLC:DF_LAWS(1.0),verordnung,AR,etat,1993,1
SLC:DF_LAWS(1.0),verordnung,AR,sante,1993,1
SLC:DF_LAWS(1.0),verordnung,BE,autres,1993,3
SLC:DF_LAWS(1.0),verordnung,BE,eco,1993,1
SLC:DF_LAWS(1.0),verordnung,BE,educ,1993,1
SLC:DF_LAWS(1.0),verordnung,BE,etat,1993,2
SLC:DF_LAWS(1.0),verordnung,BE,infra,1993,2
SLC:DF_LAWS(1.0),verordnung,BE,sante,1993,2
SLC:DF_LAWS(1.0),verordnung,BL,autres,1993,3
SLC:DF_LAWS(1.0),verordnung,BL,eco,1993,1
SLC:DF_LAWS(1.0),verordnung,BL,educ,1993,2
SLC:DF_LAWS(1.0),verordnung,BL,etat,1993,1
SLC:DF_LAWS(1.0),verordnung,BL,fin,1993,1
SLC:DF_LAWS(1.0),verordnung,BL,infra,1993,6
SLC:DF_LAWS(1.0),verordnung,BL,sante,1993,1
SLC:DF_LAWS(1.0),verordnung,BS,autres,1993,1
SLC:DF_LAWS(1.0),verordnung,BS,eco,1993,1
SLC:DF_LAWS(1.0),verordnung,BS,etat,1993,1
SLC:DF_LAWS(1.0),verordnung,BS,infra,1993,3
SLC:DF_LAWS(1.0),verordnung,BS,sante,1993,1
SLC:DF_LAWS(1.0),verordnung,FR,autres,1993,1
SLC:DF_LAWS(1.0),verordnung,FR,eco,1993,2
SLC:DF_LAWS(1.0),verordnung,GL,etat,1993,2
SLC:DF_LAWS(1.0),verordnung,GL,sante,1993,1
SLC:DF_LAWS(1.0),verordnung,GR,educ,1993,1
SLC:DF_LAWS(1.0),verordnung,GR,etat,1993,1
SLC:DF_LAWS(1.0),verordnung,GR,sante,1993,1
SLC:DF_LAWS(1.0),verordnung,JU,eco,1993,1
SLC:DF_LAWS(1.0),verordnung,JU,educ,1993,6
SLC:DF_LAWS(1.0),verordnung,JU,etat,1993,3
SLC:DF_LAWS(1.0),verordnung,JU,fin,1993,1
SLC:DF_LAWS(1.0),verordnung,JU,infra,1993,1
SLC:DF_LAWS(1.0),verordnung,JU,sante,1993,12
SLC:DF_LAWS(1.0),verordnung,LU,autres,1993,1
SLC:DF_LAWS(1.0),verordnung,LU,educ,1993,1
SLC:DF_LAWS(1.0),verordnung,LU,etat,1993,1
SLC:DF_LAWS(1.0),verordnung,LU,sante,1993,4
SLC:DF_LAWS(1.0),verordnung,NE,autres,1993,2
SLC:DF_LAWS(1.0),verordnung,NE,eco,1993,1
SLC:DF_LAWS(1.0),verordnung,NE,etat,1993,2
SLC:DF_LAWS(1.0),verordnung,NE,infra,1993,1
SLC:DF_LAWS(1.0),verordnung,NE,sante,1993,1
SLC:DF_LAWS(1.0),verordnung,OW,etat,1993,2
SLC:DF_LAWS(1.0),verordnung,OW,infra,1993,1
SLC:DF_LAWS(1.0),verordnung,SG,eco,1993,1
SLC:DF_LAWS(1.0),verordnung,SG,etat,1993,3
SLC:DF_LAWS(1.0),verordnung,SG,infra,1993,1
SLC:DF_LAWS(1.0),verordnung,SG,sante,1993,4
SLC:DF_LAWS(1.0),verordnung,SH,eco,1993,2
SLC:DF_LAWS(1.0),verordnung,SH,educ,1993,1
SLC:DF_LAWS(1.0),verordnung,SH,infra,1993,1
SLC:DF_LAWS(1.0),verordnung,SO,autres,1993,3
SLC:DF_LAWS(1.0),verordnung,SO,eco,1993,2
SLC:DF_LAWS(1.0),verordnung,SO,educ,1993,2
SLC:DF_LAWS(1.0),verordnung,SO,etat,1993,2
SLC:DF_LAWS(1.0),verordnung,SO,fin,1993,1
SLC:DF_LAWS(1.0),verordnung,SO,infra,1993,3
SLC:DF_LAWS(1.0),verordnung,SO,sante,1993,1
SLC:DF_LAWS(1.0),verordnung,SZ,sante,1993,1
SLC:DF_LAWS(1.0),verordnung,TG,autres,1993,1
SLC:DF_LAWS(1.0),verordnung,TG,eco,1993,1
SLC:DF_LAWS(1.0),verordnung,TG,etat,1993,1
SLC:DF_LAWS(1.0),verordnung,TG,fin,1993,1
SLC:DF_LAWS(1.0),verordnung,TG,sante,1993,2
SLC:DF_LAWS(1.0),verordnung,TI,etat,1993,1
SLC:DF_LAWS(1.0),verordnung,TI,infra,1993,1
SLC:DF_LAWS(1.0),verordnung,ZG,etat,1993,1
SLC:DF_LAWS(1.0),verordnung,ZG,fin,1993,1
SLC:DF_LAWS(1.0),verordnung,ZG,sante,1993,2
SLC:DF_LAWS(1.0),verordnung,ZH,autres,1993,1
SLC:DF_LAWS(1.0),verordnung,ZH,eco,1993,2
SLC:DF_LAWS(1.0),verordnung,ZH,educ,1993,2
SLC:DF_LAWS(1.0),verordnung,ZH,etat,1993,6
SLC:DF_LAWS(1.0),anderes,_T,_T,1993,53
SLC:DF_LAWS(1.0),dekret,_T,_T,1993,49
SLC:DF_LAWS(1.0),gemeindeerlass,_T,_T,1993,7
SLC:DF_LAWS(1.0),gesetz,_T,_T,1993,76
SLC:DF_LAWS(1.0),interkantonale_vereinbarung,_T,_T,1993,68
SLC:DF_LAWS(1.0),reglement,_T,_T,1993,75
SLC:DF_LAWS(1.0),staatsvertrag,_T,_T,1993,3
SLC:DF_LAWS(1.0),verfassung,_T,_T,1993,1
SLC:DF_LAWS(1.0),verordnung,_T,_T,1993,145
SLC:DF_LAWS(1.0),_T,AG,_T,1993,12
SLC:DF_LAWS(1.0),_T,AI,_T,1993,6
SLC:DF_LAWS(1.0),_T,AR,_T,1993,10
SLC:DF_LAWS(1.0),_T,BE,_T,1993,25
SLC:DF_LAWS(1.0),_T,BL,_T,1993,27
SLC:DF_LAWS(1.0),_T,BS,_T,1993,30
SLC:DF_LAWS(1.0),_T,FR,_T,1993,26
SLC:DF_LAWS(1.0),_T,GE,_T,1993,33
SLC:DF_LAWS(1.0),_T,GL,_T,1993,16
SLC:DF_LAWS(1.0),_T,GR,_T,1993,18
SLC:DF_LAWS(1.0),_T,JU,_T,1993,31
SLC:DF_LAWS(1.0),_T,LU,_T,1993,23
SLC:DF_LAWS(1.0),_T,NE,_T,1993,25
SLC:DF_LAWS(1.0),_T,NW,_T,1993,12
SLC:DF_LAWS(1.0),_T,OW,_T,1993,19
SLC:DF_LAWS(1.0),_T,SG,_T,1993,23
SLC:DF_LAWS(1.0),_T,SH,_T,1993,15
SLC:DF_LAWS(1.0),_T,SO,_T,1993,25
SLC:DF_LAWS(1.0),_T,SZ,_T,1993,6
SLC:DF_LAWS(1.0),_T,TG,_T,1993,16
SLC:DF_LAWS(1.0),_T,TI,_T,1993,15
SLC:DF_LAWS(1.0),_T,UR,_T,1993,4
SLC:DF_LAWS(1.0),_T,VD,_T,1993,21
SLC:DF_LAWS(1.0),_T,VS,_T,1993,10
SLC:DF_LAWS(1.0),_T,ZG,_T,1993,12
SLC:DF_LAWS(1.0),_T,ZH,_T,1993,17
SLC:DF_LAWS(1.0),_T,_T,autres,1993,43
SLC:DF_LAWS(1.0),_T,_T,eco,1993,40
SLC:DF_LAWS(1.0),_T,_T,educ,1993,111
SLC:DF_LAWS(1.0),_T,_T,etat,1993,101
SLC:DF_LAWS(1.0),_T,_T,fin,1993,37
SLC:DF_LAWS(1.0),_T,_T,infra,1993,57
SLC:DF_LAWS(1.0),_T,_T,sante,1993,88
SLC:DF_LAWS(1.0),_T,_T,_T,1993,477
SLC:DF_LAWS(1.0),anderes,AG,infra,1994,3
SLC:DF_LAWS(1.0),anderes,BL,autres,1994,1
SLC:DF_LAWS(1.0),anderes,BL,educ,1994,1
SLC:DF_LAWS(1.0),anderes,BL,etat,1994,1
SLC:DF_LAWS(1.0),anderes,BL,fin,1994,1
SLC:DF_LAWS(1.0),anderes,BL,sante,1994,1
SLC:DF_LAWS(1.0),anderes,BS,educ,1994,1
SLC:DF_LAWS(1.0),anderes,BS,sante,1994,1
SLC:DF_LAWS(1.0),anderes,FR,eco,1994,2
SLC:DF_LAWS(1.0),anderes,FR,educ,1994,3
SLC:DF_LAWS(1.0),anderes,FR,etat,1994,4
SLC:DF_LAWS(1.0),anderes,FR,fin,1994,1
SLC:DF_LAWS(1.0),anderes,FR,infra,1994,2
SLC:DF_LAWS(1.0),anderes,FR,sante,1994,1
SLC:DF_LAWS(1.0),anderes,GL,infra,1994,1
SLC:DF_LAWS(1.0),anderes,GR,educ,1994,2
SLC:DF_LAWS(1.0),anderes,GR,etat,1994,1
SLC:DF_LAWS(1.0),anderes,GR,infra,1994,1
SLC:DF_LAWS(1.0),anderes,GR,sante,1994,2
SLC:DF_LAWS(1.0),anderes,JU,autres,1994,1
SLC:DF_LAWS(1.0),anderes,JU,educ,1994,1
SLC:DF_LAWS(1.0),anderes,LU,educ,1994,1
SLC:DF_LAWS(1.0),anderes,LU,etat,1994,1
SLC:DF_LAWS(1.0),anderes,NE,educ,1994,1
SLC:DF_LAWS(1.0),anderes,NE,sante,1994,51
SLC:DF_LAWS(1.0),anderes,NW,sante,1994,1
SLC:DF_LAWS(1.0),anderes,SG,eco,1994,2
SLC:DF_LAWS(1.0),anderes,SG,etat,1994,1
SLC:DF_LAWS(1.0),anderes,SH,educ,1994,1
SLC:DF_LAWS(1.0),anderes,SH,infra,1994,1
SLC:DF_LAWS(1.0),anderes,SO,etat,1994,1
SLC:DF_LAWS(1.0),anderes,SO,infra,1994,1
SLC:DF_LAWS(1.0),anderes,SZ,educ,1994,1
SLC:DF_LAWS(1.0),anderes,SZ,etat,1994,1
SLC:DF_LAWS(1.0),anderes,TG,sante,1994,1
SLC:DF_LAWS(1.0),anderes,UR,eco,1994,1
SLC:DF_LAWS(1.0),anderes,VD,autres,1994,2
SLC:DF_LAWS(1.0),anderes,VD,eco,1994,1
SLC:DF_LAWS(1.0),anderes,VD,educ,1994,4
SLC:DF_LAWS(1.0),anderes,VD,sante,1994,3
SLC:DF_LAWS(1.0),anderes,VS,etat,1994,1
SLC:DF_LAWS(1.0),anderes,VS,infra,1994,2
SLC:DF_LAWS(1.0),anderes,VS,sante,1994,2
SLC:DF_LAWS(1.0),anderes,ZG,infra,1994,1
SLC:DF_LAWS(1.0),anderes,ZH,educ,1994,4
SLC:DF_LAWS(1.0),anderes,ZH,etat,1994,2
SLC:DF_LAWS(1.0),dekret,AG,autres,1994,1
SLC:DF_LAWS(1.0),dekret,AG,etat,1994,1
SLC:DF_LAWS(1.0),dekret,AG,sante,1994,1
SLC:DF_LAWS(1.0),dekret,AI,educ,1994,1
SLC:DF_LAWS(1.0),dekret,AI,etat,1994,1
SLC:DF_LAWS(1.0),dekret,AI,fin,1994,1
SLC:DF_LAWS(1.0),dekret,AR,autres,1994,1
SLC:DF_LAWS(1.0),dekret,BE,infra,1994,1
SLC:DF_LAWS(1.0),dekret,BL,etat,1994,1
SLC:DF_LAWS(1.0),dekret,FR,eco,1994,1
SLC:DF_LAWS(1.0),dekret,FR,etat,1994,1
SLC:DF_LAWS(1.0),dekret,GR,eco,1994,1
SLC:DF_LAWS(1.0),dekret,GR,infra,1994,1
SLC:DF_LAWS(1.0),dekret,JU,educ,1994,1
SLC:DF_LAWS(1.0),dekret,JU,fin,1994,2
SLC:DF_LAWS(1.0),dekret,LU,etat,1994,3
SLC:DF_LAWS(1.0),dekret,NE,eco,1994,1
SLC:DF_LAWS(1.0),dekret,NE,infra,1994,1
SLC:DF_LAWS(1.0),dekret,NE,sante,1994,3
SLC:DF_LAWS(1.0),dekret,NW,etat,1994,2
SLC:DF_LAWS(1.0),dekret,NW,fin,1994,2
SLC:DF_LAWS(1.0),dekret,NW,sante,1994,2
SLC:DF_LAWS(1.0),dekret,OW,autres,1994,1
SLC:DF_LAWS(1.0),dekret,OW,educ,1994,1
SLC:DF_LAWS(1.0),dekret,OW,etat,1994,1
SLC:DF_LAWS(1.0),dekret,OW,infra,1994,1
SLC:DF_LAWS(1.0),dekret,OW,sante,1994,6
SLC:DF_LAWS(1.0),dekret,SG,educ,1994,2
SLC:DF_LAWS(1.0),dekret,SG,etat,1994,1
SLC:DF_LAWS(1.0),dekret,SG,fin,1994,2
SLC:DF_LAWS(1.0),dekret,SG,infra,1994,1
SLC:DF_LAWS(1.0),dekret,SH,etat,1994,1
SLC:DF_LAWS(1.0),dekret,SZ,educ,1994,1
SLC:DF_LAWS(1.0),dekret,TI,autres,1994,1
SLC:DF_LAWS(1.0),dekret,TI,eco,1994,1
SLC:DF_LAWS(1.0),dekret,UR,autres,1994,1
SLC:DF_LAWS(1.0),dekret,UR,etat,1994,1
SLC:DF_LAWS(1.0),dekret,UR,fin,1994,2
SLC:DF_LAWS(1.0),dekret,VD,etat,1994,2
SLC:DF_LAWS(1.0),dekret,VD,infra,1994,1
SLC:DF_LAWS(1.0),dekret,ZG,sante,1994,1
SLC:DF_LAWS(1.0),gemeindeerlass,BS,educ,1994,3
SLC:DF_LAWS(1.0),gemeindeerlass,BS,etat,1994,2
SLC:DF_LAWS(1.0),gesetz,AG,etat,1994,1
SLC:DF_LAWS(1.0),gesetz,AG,sante,1994,1
SLC:DF_LAWS(1.0),gesetz,AI,autres,1994,1
SLC:DF_LAWS(1.0),gesetz,AI,eco,1994,1
SLC:DF_LAWS(1.0),gesetz,AI,fin,1994,1
SLC:DF_LAWS(1.0),gesetz,BE,etat,1994,1
SLC:DF_LAWS(1.0),gesetz,BE,fin,1994,1
SLC:DF_LAWS(1.0),gesetz,BE,infra,1994,1
SLC:DF_LAWS(1.0),gesetz,BE,sante,1994,1
SLC:DF_LAWS(1.0),gesetz,BL,etat,1994,1
SLC:DF_LAWS(1.0),gesetz,BL,fin,1994,1
SLC:DF_LAWS(1.0),gesetz,BL,sante,1994,1
SLC:DF_LAWS(1.0),gesetz,BS,autres,1994,1
SLC:DF_LAWS(1.0),gesetz,BS,etat,1994,1
SLC:DF_LAWS(1.0),gesetz,BS,fin,1994,1
SLC:DF_LAWS(1.0),gesetz,BS,sante,1994,1
SLC:DF_LAWS(1.0),gesetz,FR,educ,1994,1
SLC:DF_LAWS(1.0),gesetz,FR,etat,1994,1
SLC:DF_LAWS(1.0),gesetz,FR,fin,1994,1
SLC:DF_LAWS(1.0),gesetz,FR,infra,1994,1
SLC:DF_LAWS(1.0),gesetz,FR,sante,1994,2
SLC:DF_LAWS(1.0),gesetz,GE,autres,1994,1
SLC:DF_LAWS(1.0),gesetz,GE,educ,1994,3
SLC:DF_LAWS(1.0),gesetz,GE,etat,1994,1
SLC:DF_LAWS(1.0),gesetz,GE,fin,1994,2
SLC:DF_LAWS(1.0),gesetz,GE,sante,1994,1
SLC:DF_LAWS(1.0),gesetz,GL,eco,1994,1
SLC:DF_LAWS(1.0),gesetz,GR,autres,1994,1
SLC:DF_LAWS(1.0),gesetz,GR,eco,1994,2
SLC:DF_LAWS(1.0),gesetz,GR,sante,1994,1
SLC:DF_LAWS(1.0),gesetz,JU,infra,1994,1
SLC:DF_LAWS(1.0),gesetz,JU,sante,1994,1
SLC:DF_LAWS(1.0),gesetz,LU,educ,1994,1
SLC:DF_LAWS(1.0),gesetz,LU,etat,1994,3
SLC:DF_LAWS(1.0),gesetz,LU,infra,1994,1
SLC:DF_LAWS(1.0),gesetz,NE,educ,1994,1
SLC:DF_LAWS(1.0),gesetz,NE,sante,1994,2
SLC:DF_LAWS(1.0),gesetz,NW,eco,1994,1
SLC:DF_LAWS(1.0),gesetz,NW,sante,1994,1
SLC:DF_LAWS(1.0),gesetz,OW,etat,1994,1
SLC:DF_LAWS(1.0),gesetz,OW,infra,1994,1
SLC:DF_LAWS(1.0),gesetz,SG,educ,1994,1
SLC:DF_LAWS(1.0),gesetz,SG,etat,1994,1
SLC:DF_LAWS(1.0),gesetz,SG,infra,1994,1
SLC:DF_LAWS(1.0),gesetz,SG,sante,1994,1
SLC:DF_LAWS(1.0),gesetz,SH,etat,1994,1
SLC:DF_LAWS(1.0),gesetz,SH,sante,1994,2
SLC:DF_LAWS(1.0),gesetz,SO,eco,1994,1
SLC:DF_LAWS(1.0),gesetz,SO,fin,1994,1
SLC:DF_LAWS(1.0),gesetz,SO,sante,1994,1
SLC:DF_LAWS(1.0),gesetz,SZ,etat,1994,2
SLC:DF_LAWS(1.0),gesetz,SZ,sante,1994,1
SLC:DF_LAWS(1.0),gesetz,TG,eco,1994,1
SLC:DF_LAWS(1.0),gesetz,TG,etat,1994,1
SLC:DF_LAWS(1.0),gesetz,TG,fin,1994,1
SLC:DF_LAWS(1.0),gesetz,TG,infra,1994,1
SLC:DF_LAWS(1.0),gesetz,TI,autres,1994,2
SLC:DF_LAWS(1.0),gesetz,TI,etat,1994,1
SLC:DF_LAWS(1.0),gesetz,TI,fin,1994,3
SLC:DF_LAWS(1.0),gesetz,TI,infra,1994,3
SLC:DF_LAWS(1.0),gesetz,TI,sante,1994,2
SLC:DF_LAWS(1.0),gesetz,UR,autres,1994,1
SLC:DF_LAWS(1.0),gesetz,UR,etat,1994,1
SLC:DF_LAWS(1.0),gesetz,UR,infra,1994,1
SLC:DF_LAWS(1.0),gesetz,VS,autres,1994,1
SLC:DF_LAWS(1.0),gesetz,VS,etat,1994,1
SLC:DF_LAWS(1.0),gesetz,VS,infra,1994,1
SLC:DF_LAWS(1.0),gesetz,ZG,etat,1994,4
SLC:DF_LAWS(1.0),gesetz,ZG,sante,1994,1
SLC:DF_LAWS(1.0),gesetz,ZH,educ,1994,1
SLC:DF_LAWS(1.0),gesetz,ZH,infra,1994,1
SLC:DF_LAWS(1.0),gesetz,ZH,sante,1994,1
SLC:DF_LAWS(1.0),interkantonale_vereinbarung,AG,fin,1994,3
SLC:DF_LAWS(1.0),interkantonale_vereinbarung,AG,infra,1994,1
SLC:DF_LAWS(1.0),interkantonale_vereinbarung,AI,fin,1994,1
SLC:DF_LAWS(1.0),interkantonale_vereinbarung,BL,eco,1994,1
SLC:DF_LAWS(1.0),interkantonale_vereinbarung,BL,educ,1994,4
SLC:DF_LAWS(1.0),interkantonale_vereinbarung,BS,infra,1994,1
SLC:DF_LAWS(1.0),interkantonale_vereinbarung,FR,educ,1994,1
SLC:DF_LAWS(1.0),interkantonale_vereinbarung,FR,infra,1994,1
SLC:DF_LAWS(1.0),interkantonale_vereinbarung,GE,infra,1994,1
SLC:DF_LAWS(1.0),interkantonale_vereinbarung,GL,fin,1994,2
SLC:DF_LAWS(1.0),interkantonale_vereinbarung,GL,infra,1994,3
SLC:DF_LAWS(1.0),interkantonale_vereinbarung,GR,fin,1994,1
SLC:DF_LAWS(1.0),interkantonale_vereinbarung,GR,infra,1994,2
SLC:DF_LAWS(1.0),interkantonale_vereinbarung,JU,etat,1994,1
SLC:DF_LAWS(1.0),interkantonale_vereinbarung,NE,infra,1994,2
SLC:DF_LAWS(1.0),interkantonale_vereinbarung,NW,fin,1994,2
SLC:DF_LAWS(1.0),interkantonale_vereinbarung,NW,infra,1994,1
SLC:DF_LAWS(1.0),interkantonale_vereinbarung,OW,educ,1994,1
SLC:DF_LAWS(1.0),interkantonale_vereinbarung,OW,fin,1994,2
SLC:DF_LAWS(1.0),interkantonale_vereinbarung,OW,infra,1994,2
SLC:DF_LAWS(1.0),interkantonale_vereinbarung,SG,educ,1994,1
SLC:DF_LAWS(1.0),interkantonale_vereinbarung,SG,fin,1994,4
SLC:DF_LAWS(1.0),interkantonale_vereinbarung,SG,infra,1994,9
SLC:DF_LAWS(1.0),interkantonale_vereinbarung,SO,infra,1994,2
SLC:DF_LAWS(1.0),interkantonale_vereinbarung,SZ,fin,1994,3
SLC:DF_LAWS(1.0),interkantonale_vereinbarung,SZ,infra,1994,1
SLC:DF_LAWS(1.0),interkantonale_vereinbarung,TG,educ,1994,1
SLC:DF_LAWS(1.0),interkantonale_vereinbarung,TG,fin,1994,1
SLC:DF_LAWS(1.0),interkantonale_vereinbarung,TG,infra,1994,2
SLC:DF_LAWS(1.0),interkantonale_vereinbarung,TI,infra,1994,1
SLC:DF_LAWS(1.0),interkantonale_vereinbarung,UR,infra,1994,1
SLC:DF_LAWS(1.0),interkantonale_vereinbarung,VD,infra,1994,1
SLC:DF_LAWS(1.0),interkantonale_vereinbarung,VS,infra,1994,1
SLC:DF_LAWS(1.0),interkantonale_vereinbarung,ZH,autres,1994,1
SLC:DF_LAWS(1.0),interkantonale_vereinbarung,ZH,fin,1994,1
SLC:DF_LAWS(1.0),reglement,AG,infra,1994,4
SLC:DF_LAWS(1.0),reglement,AI,autres,1994,1
SLC:DF_LAWS(1.0),reglement,BE,etat,1994,1
SLC:DF_LAWS(1.0),reglement,BS,sante,1994,1
SLC:DF_LAWS(1.0),reglement,FR,educ,1994,2
SLC:DF_LAWS(1.0),reglement,FR,fin,1994,1
SLC:DF_LAWS(1.0),reglement,FR,infra,1994,1
SLC:DF_LAWS(1.0),reglement,GE,autres,1994,1
SLC:DF_LAWS(1.0),reglement,GE,eco,1994,4
SLC:DF_LAWS(1.0),reglement,GE,educ,1994,1
SLC:DF_LAWS(1.0),reglement,GE,fin,1994,1
SLC:DF_LAWS(1.0),reglement,GE,infra,1994,3
SLC:DF_LAWS(1.0),reglement,GE,sante,1994,3
SLC:DF_LAWS(1.0),reglement,GL,etat,1994,1
SLC:DF_LAWS(1.0),reglement,GR,sante,1994,3
SLC:DF_LAWS(1.0),reglement,JU,educ,1994,2
SLC:DF_LAWS(1.0),reglement,JU,etat,1994,1
SLC:DF_LAWS(1.0),reglement,JU,sante,1994,1
SLC:DF_LAWS(1.0),reglement,NE,educ,1994,1
SLC:DF_LAWS(1.0),reglement,NE,sante,1994,2
SLC:DF_LAWS(1.0),reglement,SG,etat,1994,1
SLC:DF_LAWS(1.0),reglement,SH,etat,1994,1
SLC:DF_LAWS(1.0),reglement,SO,educ,1994,1
SLC:DF_LAWS(1.0),reglement,SZ,educ,1994,2
SLC:DF_LAWS(1.0),reglement,TI,autres,1994,2
SLC:DF_LAWS(1.0),reglement,TI,eco,1994,2
SLC:DF_LAWS(1.0),reglement,TI,educ,1994,2
SLC:DF_LAWS(1.0),reglement,TI,etat,1994,5
SLC:DF_LAWS(1.0),reglement,TI,fin,1994,3
SLC:DF_LAWS(1.0),reglement,TI,sante,1994,3
SLC:DF_LAWS(1.0),reglement,UR,etat,1994,2
SLC:DF_LAWS(1.0),reglement,UR,sante,1994,1
SLC:DF_LAWS(1.0),reglement,VD,autres,1994,1
SLC:DF_LAWS(1.0),reglement,VD,educ,1994,2
SLC:DF_LAWS(1.0),reglement,VD,fin,1994,1
SLC:DF_LAWS(1.0),reglement,VD,infra,1994,2
SLC:DF_LAWS(1.0),reglement,VS,eco,1994,1
SLC:DF_LAWS(1.0),reglement,VS,etat,1994,1
SLC:DF_LAWS(1.0),reglement,VS,sante,1994,1
SLC:DF_LAWS(1.0),staatsvertrag,SG,infra,1994,1
SLC:DF_LAWS(1.0),verordnung,AG,autres,1994,1
SLC:DF_LAWS(1.0),verordnung,AG,educ,1994,1
SLC:DF_LAWS(1.0),verordnung,AG,fin,1994,1
SLC:DF_LAWS(1.0),verordnung,AG,infra,1994,3
SLC:DF_LAWS(1.0),verordnung,AG,sante,1994,1
SLC:DF_LAWS(1.0),verordnung,AI,autres,1994,2
SLC:DF_LAWS(1.0),verordnung,AI,educ,1994,1
SLC:DF_LAWS(1.0),verordnung,AR,eco,1994,1
SLC:DF_LAWS(1.0),verordnung,AR,educ,1994,1
SLC:DF_LAWS(1.0),verordnung,AR,fin,1994,1
SLC:DF_LAWS(1.0),verordnung,AR,sante,1994,2
SLC:DF_LAWS(1.0),verordnung,BE,educ,1994,1
SLC:DF_LAWS(1.0),verordnung,BE,etat,1994,9
SLC:DF_LAWS(1.0),verordnung,BE,fin,1994,3
SLC:DF_LAWS(1.0),verordnung,BE,sante,1994,3
SLC:DF_LAWS(1.0),verordnung,BL,etat,1994,3
SLC:DF_LAWS(1.0),verordnung,BL,fin,1994,2
SLC:DF_LAWS(1.0),verordnung,BL,infra,1994,5
SLC:DF_LAWS(1.0),verordnung,BL,sante,1994,1
SLC:DF_LAWS(1.0),verordnung,BS,etat,1994,2
SLC:DF_LAWS(1.0),verordnung,BS,fin,1994,3
SLC:DF_LAWS(1.0),verordnung,BS,sante,1994,6
SLC:DF_LAWS(1.0),verordnung,FR,sante,1994,4
SLC:DF_LAWS(1.0),verordnung,GL,etat,1994,2
SLC:DF_LAWS(1.0),verordnung,GL,fin,1994,2
SLC:DF_LAWS(1.0),verordnung,GL,infra,1994,1
SLC:DF_LAWS(1.0),verordnung,GR,autres,1994,2
SLC:DF_LAWS(1.0),verordnung,GR,eco,1994,2
SLC:DF_LAWS(1.0),verordnung,GR,educ,1994,1
SLC:DF_LAWS(1.0),verordnung,GR,etat,1994,1
SLC:DF_LAWS(1.0),verordnung,GR,sante,1994,3
SLC:DF_LAWS(1.0),verordnung,JU,educ,1994,6
SLC:DF_LAWS(1.0),verordnung,JU,etat,1994,2
SLC:DF_LAWS(1.0),verordnung,JU,fin,1994,3
SLC:DF_LAWS(1.0),verordnung,JU,infra,1994,1
SLC:DF_LAWS(1.0),verordnung,JU,sante,1994,6
SLC:DF_LAWS(1.0),verordnung,LU,autres,1994,1
SLC:DF_LAWS(1.0),verordnung,LU,fin,1994,2
SLC:DF_LAWS(1.0),verordnung,LU,sante,1994,1
SLC:DF_LAWS(1.0),verordnung,NE,eco,1994,1
SLC:DF_LAWS(1.0),verordnung,NE,educ,1994,1
SLC:DF_LAWS(1.0),verordnung,NE,infra,1994,1
SLC:DF_LAWS(1.0),verordnung,NE,sante,1994,7
SLC:DF_LAWS(1.0),verordnung,OW,educ,1994,2
SLC:DF_LAWS(1.0),verordnung,OW,etat,1994,2
SLC:DF_LAWS(1.0),verordnung,OW,infra,1994,2
SLC:DF_LAWS(1.0),verordnung,SG,fin,1994,1
SLC:DF_LAWS(1.0),verordnung,SG,infra,1994,2
SLC:DF_LAWS(1.0),verordnung,SG,sante,1994,3
SLC:DF_LAWS(1.0),verordnung,SH,educ,1994,2
SLC:DF_LAWS(1.0),verordnung,SH,etat,1994,1
SLC:DF_LAWS(1.0),verordnung,SH,infra,1994,2
SLC:DF_LAWS(1.0),verordnung,SO,autres,1994,1
SLC:DF_LAWS(1.0),verordnung,SO,educ,1994,8
SLC:DF_LAWS(1.0),verordnung,SO,etat,1994,1
SLC:DF_LAWS(1.0),verordnung,SO,fin,1994,3
SLC:DF_LAWS(1.0),verordnung,SO,infra,1994,1
SLC:DF_LAWS(1.0),verordnung,SO,sante,1994,1
SLC:DF_LAWS(1.0),verordnung,SZ,autres,1994,1
SLC:DF_LAWS(1.0),verordnung,SZ,educ,1994,2
SLC:DF_LAWS(1.0),verordnung,SZ,fin,1994,1
SLC:DF_LAWS(1.0),verordnung,SZ,infra,1994,1
SLC:DF_LAWS(1.0),verordnung,TG,eco,1994,2
SLC:DF_LAWS(1.0),verordnung,TG,educ,1994,1
SLC:DF_LAWS(1.0),verordnung,TG,etat,1994,1
SLC:DF_LAWS(1.0),verordnung,TG,fin,1994,1
SLC:DF_LAWS(1.0),verordnung,TG,infra,1994,1
SLC:DF_LAWS(1.0),verordnung,TI,educ,1994,1
SLC:DF_LAWS(1.0),verordnung,TI,etat,1994,1
SLC:DF_LAWS(1.0),verordnung,TI,infra,1994,1
SLC:DF_LAWS(1.0),verordnung,TI,sante,1994,1
SLC:DF_LAWS(1.0),verordnung,UR,fin,1994,1
SLC:DF_LAWS(1.0),verordnung,VD,educ,1994,1
SLC:DF_LAWS(1.0),verordnung,VS,sante,1994,1
SLC:DF_LAWS(1.0),verordnung,ZG,etat,1994,1
SLC:DF_LAWS(1.0),verordnung,ZH,etat,1994,3
SLC:DF_LAWS(1.0),verordnung,ZH,fin,1994,2
SLC:DF_LAWS(1.0),anderes,_T,_T,1994,120
SLC:DF_LAWS(1.0),dekret,_T,_T,1994,58
SLC:DF_LAWS(1.0),gemeindeerlass,_T,_T,1994,5
SLC:DF_LAWS(1.0),gesetz,_T,_T,1994,91
SLC:DF_LAWS(1.0),interkantonale_vereinbarung,_T,_T,1994,63
SLC:DF_LAWS(1.0),reglement,_T,_T,1994,69
SLC:DF_LAWS(1.0),staatsvertrag,_T,_T,1994,1
SLC:DF_LAWS(1.0),verordnung,_T,_T,1994,159
SLC:DF_LAWS(1.0),_T,AG,_T,1994,23
SLC:DF_LAWS(1.0),_T,AI,_T,1994,11
SLC:DF_LAWS(1.0),_T,AR,_T,1994,6
SLC:DF_LAWS(1.0),_T,BE,_T,1994,22
SLC:DF_LAWS(1.0),_T,BL,_T,1994,25
SLC:DF_LAWS(1.0),_T,BS,_T,1994,24
SLC:DF_LAWS(1.0),_T,FR,_T,1994,31
SLC:DF_LAWS(1.0),_T,GE,_T,1994,22
SLC:DF_LAWS(1.0),_T,GL,_T,1994,13
SLC:DF_LAWS(1.0),_T,GR,_T,1994,27
SLC:DF_LAWS(1.0),_T,JU,_T,1994,30
SLC:DF_LAWS(1.0),_T,LU,_T,1994,14
SLC:DF_LAWS(1.0),_T,NE,_T,1994,75
SLC:DF_LAWS(1.0),_T,NW,_T,1994,12
SLC:DF_LAWS(1.0),_T,OW,_T,1994,23
SLC:DF_LAWS(1.0),_T,SG,_T,1994,35
SLC:DF_LAWS(1.0),_T,SH,_T,1994,12
SLC:DF_LAWS(1.0),_T,SO,_T,1994,23
SLC:DF_LAWS(1.0),_T,SZ,_T,1994,17
SLC:DF_LAWS(1.0),_T,TG,_T,1994,15
SLC:DF_LAWS(1.0),_T,TI,_T,1994,35
SLC:DF_LAWS(1.0),_T,UR,_T,1994,13
SLC:DF_LAWS(1.0),_T,VD,_T,1994,21
SLC:DF_LAWS(1.0),_T,VS,_T,1994,13
SLC:DF_LAWS(1.0),_T,ZG,_T,1994,8
SLC:DF_LAWS(1.0),_T,ZH,_T,1994,16
SLC:DF_LAWS(1.0),_T,_T,autres,1994,31
SLC:DF_LAWS(1.0),_T,_T,eco,1994,31
SLC:DF_LAWS(1.0),_T,_T,educ,1994,87
SLC:DF_LAWS(1.0),_T,_T,etat,1994,95
SLC:DF_LAWS(1.0),_T,_T,fin,1994,75
SLC:DF_LAWS(1.0),_T,_T,infra,1994,95
SLC:DF_LAWS(1.0),_T,_T,sante,1994,152
SLC:DF_LAWS(1.0),_T,_T,_T,1994,566
SLC:DF_LAWS(1.0),anderes,AG,etat,1995,1
SLC:DF_LAWS(1.0),anderes,AR,etat,1995,2
SLC:DF_LAWS(1.0),anderes,BL,eco,1995,1
SLC:DF_LAWS(1.0),anderes,BL,etat,1995,1
SLC:DF_LAWS(1.0),anderes,BS,educ,1995,7
SLC:DF_LAWS(1.0),anderes,BS,etat,1995,1
SLC:DF_LAWS(1.0),anderes,BS,fin,1995,1
SLC:DF_LAWS(1.0),anderes,BS,infra,1995,1
SLC:DF_LAWS(1.0),anderes,BS,sante,1995,1
SLC:DF_LAWS(1.0),anderes,FR,eco,1995,1
SLC:DF_LAWS(1.0),anderes,FR,etat,1995,2
SLC:DF_LAWS(1.0),anderes,FR,fin,1995,3
SLC:DF_LAWS(1.0),anderes,FR,infra,1995,1
SLC:DF_LAWS(1.0),anderes,FR,sante,1995,2
SLC:DF_LAWS(1.0),anderes,GL,etat,1995,1
SLC:DF_LAWS(1.0),anderes,GL,fin,1995,1
SLC:DF_LAWS(1.0),anderes,GL,sante,1995,1
SLC:DF_LAWS(1.0),anderes,GR,educ,1995,3
SLC:DF_LAWS(1.0),anderes,JU,autres,1995,1
SLC:DF_LAWS(1.0),anderes,LU,eco,1995,1
SLC:DF_LAWS(1.0),anderes,NE,eco,1995,3
SLC:DF_LAWS(1.0),anderes,NE,educ,1995,6
SLC:DF_LAWS(1.0),anderes,NE,etat,1995,11
SLC:DF_LAWS(1.0),anderes,NE,infra,1995,1
SLC:DF_LAWS(1.0),anderes,NE,sante,1995,6
SLC:DF_LAWS(1.0),anderes,NW,autres,1995,1
SLC:DF_LAWS(1.0),anderes,SG,educ,1995,2
SLC:DF_LAWS(1.0),anderes,SH,etat,1995,1
SLC:DF_LAWS(1.0),anderes,SO,eco,1995,2
SLC:DF_LAWS(1.0),anderes,SO,educ,1995,8
SLC:DF_LAWS(1.0),anderes,SO,etat,1995,1
SLC:DF_LAWS(1.0),anderes,SO,sante,1995,1
SLC:DF_LAWS(1.0),anderes,TG,etat,1995,1
SLC:DF_LAWS(1.0),anderes,VD,educ,1995,3
SLC:DF_LAWS(1.0),anderes,VD,sante,1995,1
SLC:DF_LAWS(1.0),anderes,VS,fin,1995,1
SLC:DF_LAWS(1.0),anderes,VS,infra,1995,3
SLC:DF_LAWS(1.0),anderes,ZG,educ,1995,1
SLC:DF_LAWS(1.0),anderes,ZG,sante,1995,1
SLC:DF_LAWS(1.0),anderes,ZH,eco,1995,1
SLC:DF_LAWS(1.0),anderes,ZH,educ,1995,1
SLC:DF_LAWS(1.0),anderes,ZH,fin,1995,1
SLC:DF_LAWS(1.0),anderes,ZH,infra,1995,1
SLC:DF_LAWS(1.0),anderes,ZH,sante,1995,1
SLC:DF_LAWS(1.0),dekret,AG,infra,1995,1
SLC:DF_LAWS(1.0),dekret,AG,sante,1995,1
SLC:DF_LAWS(1.0),dekret,AI,autres,1995,2
SLC:DF_LAWS(1.0),dekret,AI,etat,1995,1
SLC:DF_LAWS(1.0),dekret,AI,fin,1995,1
SLC:DF_LAWS(1.0),dekret,AI,sante,1995,1
SLC:DF_LAWS(1.0),dekret,AR,etat,1995,1
SLC:DF_LAWS(1.0),dekret,AR,sante,1995,1
SLC:DF_LAWS(1.0),dekret,BE,autres,1995,4
SLC:DF_LAWS(1.0),dekret,BE,etat,1995,1
SLC:DF_LAWS(1.0),dekret,BE,fin,1995,1
SLC:DF_LAWS(1.0),dekret,BE,sante,1995,1
SLC:DF_LAWS(1.0),dekret,BL,autres,1995,1
SLC:DF_LAWS(1.0),dekret,BL,infra,1995,1
SLC:DF_LAWS(1.0),dekret,FR,etat,1995,1
SLC:DF_LAWS(1.0),dekret,GL,etat,1995,1
SLC:DF_LAWS(1.0),dekret,GR,infra,1995,1
SLC:DF_LAWS(1.0),dekret,GR,sante,1995,1
SLC:DF_LAWS(1.0),dekret,LU,etat,1995,3
SLC:DF_LAWS(1.0),dekret,NE,eco,1995,1
SLC:DF_LAWS(1.0),dekret,NE,etat,1995,2
SLC:DF_LAWS(1.0),dekret,NW,eco,1995,1
SLC:DF_LAWS(1.0),dekret,NW,etat,1995,1
SLC:DF_LAWS(1.0),dekret,OW,autres,1995,1
SLC:DF_LAWS(1.0),dekret,OW,educ,1995,1
SLC:DF_LAWS(1.0),dekret,SG,autres,1995,1
SLC:DF_LAWS(1.0),dekret,SG,eco,1995,2
SLC:DF_LAWS(1.0),dekret,SG,educ,1995,2
SLC:DF_LAWS(1.0),dekret,SG,fin,1995,2
SLC:DF_LAWS(1.0),dekret,SG,sante,1995,3
SLC:DF_LAWS(1.0),dekret,SH,etat,1995,3
SLC:DF_LAWS(1.0),dekret,SH,fin,1995,1
SLC:DF_LAWS(1.0),dekret,SZ,eco,1995,1
SLC:DF_LAWS(1.0),dekret,TI,autres,1995,1
SLC:DF_LAWS(1.0),dekret,UR,autres,1995,1
SLC:DF_LAWS(1.0),dekret,UR,educ,1995,1
SLC:DF_LAWS(1.0),dekret,UR,infra,1995,1
SLC:DF_LAWS(1.0),dekret,UR,sante,1995,2
SLC:DF_LAWS(1.0),dekret,VD,fin,1995,1
SLC:DF_LAWS(1.0),dekret,ZG,etat,1995,1
SLC:DF_LAWS(1.0),dekret,ZH,etat,1995,1
SLC:DF_LAWS(1.0),gemeindeerlass,BS,educ,1995,3
SLC:DF_LAWS(1.0),gemeindeerlass,BS,etat,1995,1
SLC:DF_LAWS(1.0),gemeindeerlass,BS,infra,1995,1
SLC:DF_LAWS(1.0),gesetz,AG,autres,1995,1
SLC:DF_LAWS(1.0),gesetz,AG,fin,1995,1
SLC:DF_LAWS(1.0),gesetz,AG,sante,1995,1
SLC:DF_LAWS(1.0),gesetz,AI,eco,1995,1
SLC:DF_LAWS(1.0),gesetz,AR,eco,1995,1
SLC:DF_LAWS(1.0),gesetz,AR,etat,1995,1
SLC:DF_LAWS(1.0),gesetz,AR,fin,1995,1
SLC:DF_LAWS(1.0),gesetz,AR,sante,1995,1
SLC:DF_LAWS(1.0),gesetz,BE,autres,1995,2
SLC:DF_LAWS(1.0),gesetz,BE,eco,1995,2
SLC:DF_LAWS(1.0),gesetz,BE,educ,1995,1
SLC:DF_LAWS(1.0),gesetz,BE,etat,1995,5
SLC:DF_LAWS(1.0),gesetz,BE,sante,1995,1
SLC:DF_LAWS(1.0),gesetz,BL,autres,1995,1
SLC:DF_LAWS(1.0),gesetz,BL,etat,1995,2
SLC:DF_LAWS(1.0),gesetz,BS,etat,1995,3
SLC:DF_LAWS(1.0),gesetz,BS,infra,1995,1
SLC:DF_LAWS(1.0),gesetz,BS,sante,1995,2
SLC:DF_LAWS(1.0),gesetz,FR,educ,1995,1
SLC:DF_LAWS(1.0),gesetz,FR,etat,1995,1
SLC:DF_LAWS(1.0),gesetz,FR,sante,1995,2
SLC:DF_LAWS(1.0),gesetz,GE,autres,1995,1
SLC:DF_LAWS(1.0),gesetz,GE,etat,1995,2
SLC:DF_LAWS(1.0),gesetz,GE,fin,1995,2
SLC:DF_LAWS(1.0),gesetz,GE,infra,1995,2
SLC:DF_LAWS(1.0),gesetz,GE,sante,1995,1
SLC:DF_LAWS(1.0),gesetz,GL,eco,1995,1
SLC:DF_LAWS(1.0),gesetz,GL,etat,1995,2
SLC:DF_LAWS(1.0),gesetz,GL,infra,1995,1
SLC:DF_LAWS(1.0),gesetz,GL,sante,1995,2
SLC:DF_LAWS(1.0),gesetz,GR,eco,1995,1
SLC:DF_LAWS(1.0),gesetz,GR,infra,1995,1
SLC:DF_LAWS(1.0),gesetz,GR,sante,1995,1
SLC:DF_LAWS(1.0),gesetz,JU,etat,1995,1
SLC:DF_LAWS(1.0),gesetz,LU,eco,1995,2
SLC:DF_LAWS(1.0),gesetz,LU,etat,1995,1
SLC:DF_LAWS(1.0),gesetz,LU,infra,1995,1
SLC:DF_LAWS(1.0),gesetz,LU,sante,1995,1
SLC:DF_LAWS(1.0),gesetz,NE,educ,1995,1
SLC:DF_LAWS(1.0),gesetz,NE,infra,1995,1
SLC:DF_LAWS(1.0),gesetz,NE,sante,1995,3
SLC:DF_LAWS(1.0),gesetz,NW,educ,1995,1
SLC:DF_LAWS(1.0),gesetz,OW,infra,1995,1
SLC:DF_LAWS(1.0),gesetz,SG,autres,1995,1
SLC:DF_LAWS(1.0),gesetz,SG,eco,1995,1
SLC:DF_LAWS(1.0),gesetz,SG,educ,1995,1
SLC:DF_LAWS(1.0),gesetz,SG,fin,1995,1
SLC:DF_LAWS(1.0),gesetz,SG,infra,1995,1
SLC:DF_LAWS(1.0),gesetz,SG,sante,1995,1
SLC:DF_LAWS(1.0),gesetz,SH,etat,1995,1
SLC:DF_LAWS(1.0),gesetz,SH,sante,1995,1
SLC:DF_LAWS(1.0),gesetz,SZ,sante,1995,1
SLC:DF_LAWS(1.0),gesetz,TG,autres,1995,1
SLC:DF_LAWS(1.0),gesetz,TG,educ,1995,1
SLC:DF_LAWS(1.0),gesetz,TG,etat,1995,1
SLC:DF_LAWS(1.0),gesetz,TG,sante,1995,1
SLC:DF_LAWS(1.0),gesetz,TI,autres,1995,1
SLC:DF_LAWS(1.0),gesetz,TI,educ,1995,2
SLC:DF_LAWS(1.0),gesetz,TI,etat,1995,1
SLC:DF_LAWS(1.0),gesetz,TI,sante,1995,1
SLC:DF_LAWS(1.0),gesetz,UR,fin,1995,1
SLC:DF_LAWS(1.0),gesetz,VD,autres,1995,1
SLC:DF_LAWS(1.0),gesetz,VD,eco,1995,1
SLC:DF_LAWS(1.0),gesetz,VD,etat,1995,2
SLC:DF_LAWS(1.0),gesetz,VD,fin,1995,1
SLC:DF_LAWS(1.0),gesetz,VS,eco,1995,2
SLC:DF_LAWS(1.0),gesetz,VS,etat,1995,2
SLC:DF_LAWS(1.0),gesetz,VS,fin,1995,1
SLC:DF_LAWS(1.0),gesetz,VS,sante,1995,2
SLC:DF_LAWS(1.0),gesetz,ZG,infra,1995,1
SLC:DF_LAWS(1.0),gesetz,ZH,autres,1995,1
SLC:DF_LAWS(1.0),gesetz,ZH,educ,1995,2
SLC:DF_LAWS(1.0),interkantonale_vereinbarung,AG,educ,1995,1
SLC:DF_LAWS(1.0),interkantonale_vereinbarung,AG,etat,1995,1
SLC:DF_LAWS(1.0),interkantonale_vereinbarung,BE,educ,1995,1
SLC:DF_LAWS(1.0),interkantonale_vereinbarung,BE,etat,1995,1
SLC:DF_LAWS(1.0),interkantonale_vereinbarung,BE,fin,1995,2
SLC:DF_LAWS(1.0),interkantonale_vereinbarung,BL,educ,1995,2
SLC:DF_LAWS(1.0),interkantonale_vereinbarung,BL,etat,1995,1
SLC:DF_LAWS(1.0),interkantonale_vereinbarung,BS,educ,1995,1
SLC:DF_LAWS(1.0),interkantonale_vereinbarung,BS,etat,1995,1
SLC:DF_LAWS(1.0),interkantonale_vereinbarung,BS,sante,1995,1
SLC:DF_LAWS(1.0),interkantonale_vereinbarung,FR,eco,1995,1
SLC:DF_LAWS(1.0),interkantonale_vereinbarung,FR,educ,1995,2
SLC:DF_LAWS(1.0),interkantonale_vereinbarung,GL,educ,1995,1
SLC:DF_LAWS(1.0),interkantonale_vereinbarung,JU,autres,1995,1
SLC:DF_LAWS(1.0),interkantonale_vereinbarung,JU,educ,1995,2
SLC:DF_LAWS(1.0),interkantonale_vereinbarung,JU,infra,1995,1
SLC:DF_LAWS(1.0),interkantonale_vereinbarung,JU,sante,1995,1
SLC:DF_LAWS(1.0),interkantonale_vereinbarung,NE,educ,1995,4
SLC:DF_LAWS(1.0),interkantonale_vereinbarung,NW,educ,1995,1
SLC:DF_LAWS(1.0),interkantonale_vereinbarung,OW,autres,1995,1
SLC:DF_LAWS(1.0),interkantonale_vereinbarung,OW,educ,1995,1
SLC:DF_LAWS(1.0),interkantonale_vereinbarung,SG,educ,1995,2
SLC:DF_LAWS(1.0),interkantonale_vereinbarung,SG,infra,1995,2
SLC:DF_LAWS(1.0),interkantonale_vereinbarung,SH,infra,1995,1
SLC:DF_LAWS(1.0),interkantonale_vereinbarung,SO,educ,1995,2
SLC:DF_LAWS(1.0),interkantonale_vereinbarung,SO,etat,1995,3
SLC:DF_LAWS(1.0),interkantonale_vereinbarung,SO,fin,1995,1
SLC:DF_LAWS(1.0),interkantonale_vereinbarung,SZ,eco,1995,1
SLC:DF_LAWS(1.0),interkantonale_vereinbarung,TG,educ,1995,2
SLC:DF_LAWS(1.0),interkantonale_vereinbarung,TG,sante,1995,1
SLC:DF_LAWS(1.0),interkantonale_vereinbarung,TI,educ,1995,2
SLC:DF_LAWS(1.0),interkantonale_vereinbarung,ZG,educ,1995,1
SLC:DF_LAWS(1.0),interkantonale_vereinbarung,ZH,educ,1995,1
SLC:DF_LAWS(1.0),reglement,AG,infra,1995,1
SLC:DF_LAWS(1.0),reglement,BE,autres,1995,1
SLC:DF_LAWS(1.0),reglement,BE,etat,1995,10
SLC:DF_LAWS(1.0),reglement,BE,sante,1995,1
SLC:DF_LAWS(1.0),reglement,BL,sante,1995,1
SLC:DF_LAWS(1.0),reglement,BS,etat,1995,1
SLC:DF_LAWS(1.0),reglement,BS,sante,1995,1
SLC:DF_LAWS(1.0),reglement,FR,autres,1995,1
SLC:DF_LAWS(1.0),reglement,FR,educ,1995,3
SLC:DF_LAWS(1.0),reglement,FR,sante,1995,2
SLC:DF_LAWS(1.0),reglement,GE,eco,1995,1
SLC:DF_LAWS(1.0),reglement,GE,educ,1995,1
SLC:DF_LAWS(1.0),reglement,GE,infra,1995,2
SLC:DF_LAWS(1.0),reglement,GE,sante,1995,1
SLC:DF_LAWS(1.0),reglement,GL,etat,1995,2
SLC:DF_LAWS(1.0),reglement,GR,infra,1995,1
SLC:DF_LAWS(1.0),reglement,LU,autres,1995,3
SLC:DF_LAWS(1.0),reglement,LU,etat,1995,2
SLC:DF_LAWS(1.0),reglement,NE,eco,1995,1
SLC:DF_LAWS(1.0),reglement,NE,educ,1995,8
SLC:DF_LAWS(1.0),reglement,NE,etat,1995,4
SLC:DF_LAWS(1.0),reglement,NE,infra,1995,1
SLC:DF_LAWS(1.0),reglement,NE,sante,1995,5
SLC:DF_LAWS(1.0),reglement,SG,educ,1995,1
SLC:DF_LAWS(1.0),reglement,SH,educ,1995,1
SLC:DF_LAWS(1.0),reglement,TG,eco,1995,1
SLC:DF_LAWS(1.0),reglement,TG,etat,1995,1
SLC:DF_LAWS(1.0),reglement,TG,fin,1995,1
SLC:DF_LAWS(1.0),reglement,TI,educ,1995,1
SLC:DF_LAWS(1.0),reglement,TI,etat,1995,2
SLC:DF_LAWS(1.0),reglement,TI,infra,1995,2
SLC:DF_LAWS(1.0),reglement,TI,sante,1995,2
SLC:DF_LAWS(1.0),reglement,UR,autres,1995,1
SLC:DF_LAWS(1.0),reglement,UR,educ,1995,1
SLC:DF_LAWS(1.0),reglement,UR,etat,1995,1
SLC:DF_LAWS(1.0),reglement,UR,fin,1995,3
SLC:DF_LAWS(1.0),reglement,UR,sante,1995,1
SLC:DF_LAWS(1.0),reglement,VD,eco,1995,3
SLC:DF_LAWS(1.0),reglement,VD,educ,1995,2
SLC:DF_LAWS(1.0),reglement,VD,etat,1995,1
SLC:DF_LAWS(1.0),reglement,VD,infra,1995,2
SLC:DF_LAWS(1.0),reglement,VD,sante,1995,2
SLC:DF_LAWS(1.0),reglement,VS,autres,1995,1
SLC:DF_LAWS(1.0),reglement,VS,etat,1995,2
SLC:DF_LAWS(1.0),reglement,ZH,eco,1995,1
SLC:DF_LAWS(1.0),reglement,ZH,educ,1995,2
SLC:DF_LAWS(1.0),staatsvertrag,JU,eco,1995,1
SLC:DF_LAWS(1.0),verfassung,AR,etat,1995,1
SLC:DF_LAWS(1.0),verordnung,AG,educ,1995,1
SLC:DF_LAWS(1.0),verordnung,AG,etat,1995,4
SLC:DF_LAWS(1.0),verordnung,AG,sante,1995,1
SLC:DF_LAWS(1.0),verordnung,AI,autres,1995,2
SLC:DF_LAWS(1.0),verordnung,AI,eco,1995,1
SLC:DF_LAWS(1.0),verordnung,AR,eco,1995,2
SLC:DF_LAWS(1.0),verordnung,AR,etat,1995,2
SLC:DF_LAWS(1.0),verordnung,AR,infra,1995,1
SLC:DF_LAWS(1.0),verordnung,AR,sante,1995,2
SLC:DF_LAWS(1.0),verordnung,BE,autres,1995,2
SLC:DF_LAWS(1.0),verordnung,BE,eco,1995,4
SLC:DF_LAWS(1.0),verordnung,BE,educ,1995,3
SLC:DF_LAWS(1.0),verordnung,BE,etat,1995,14
SLC:DF_LAWS(1.0),verordnung,BE,infra,1995,2
SLC:DF_LAWS(1.0),verordnung,BE,sante,1995,3
SLC:DF_LAWS(1.0),verordnung,BL,autres,1995,2
SLC:DF_LAWS(1.0),verordnung,BL,etat,1995,2
SLC:DF_LAWS(1.0),verordnung,BL,fin,1995,1
SLC:DF_LAWS(1.0),verordnung,BL,infra,1995,2
SLC:DF_LAWS(1.0),verordnung,BL,sante,1995,4
SLC:DF_LAWS(1.0),verordnung,BS,etat,1995,5
SLC:DF_LAWS(1.0),verordnung,BS,infra,1995,2
SLC:DF_LAWS(1.0),verordnung,BS,sante,1995,3
SLC:DF_LAWS(1.0),verordnung,FR,autres,1995,1
SLC:DF_LAWS(1.0),verordnung,FR,educ,1995,1
SLC:DF_LAWS(1.0),verordnung,FR,etat,1995,1
SLC:DF_LAWS(1.0),verordnung,FR,infra,1995,1
SLC:DF_LAWS(1.0),verordnung,FR,sante,1995,2
SLC:DF_LAWS(1.0),verordnung,GL,educ,1995,1
SLC:DF_LAWS(1.0),verordnung,GL,infra,1995,2
SLC:DF_LAWS(1.0),verordnung,GL,sante,1995,1
SLC:DF_LAWS(1.0),verordnung,GR,autres,1995,1
SLC:DF_LAWS(1.0),verordnung,GR,eco,1995,4
SLC:DF_LAWS(1.0),verordnung,GR,educ,1995,1
SLC:DF_LAWS(1.0),verordnung,GR,etat,1995,1
SLC:DF_LAWS(1.0),verordnung,GR,infra,1995,1
SLC:DF_LAWS(1.0),verordnung,GR,sante,1995,1
SLC:DF_LAWS(1.0),verordnung,JU,educ,1995,1
SLC:DF_LAWS(1.0),verordnung,JU,etat,1995,1
SLC:DF_LAWS(1.0),verordnung,JU,sante,1995,5
SLC:DF_LAWS(1.0),verordnung,LU,eco,1995,1
SLC:DF_LAWS(1.0),verordnung,LU,educ,1995,3
SLC:DF_LAWS(1.0),verordnung,LU,etat,1995,5
SLC:DF_LAWS(1.0),verordnung,LU,infra,1995,1
SLC:DF_LAWS(1.0),verordnung,LU,sante,1995,2
SLC:DF_LAWS(1.0),verordnung,NE,autres,1995,1
SLC:DF_LAWS(1.0),verordnung,NE,educ,1995,2
SLC:DF_LAWS(1.0),verordnung,NE,etat,1995,2
SLC:DF_LAWS(1.0),verordnung,NE,infra,1995,2
SLC:DF_LAWS(1.0),verordnung,NE,sante,1995,4
SLC:DF_LAWS(1.0),verordnung,NW,sante,1995,1
SLC:DF_LAWS(1.0),verordnung,OW,educ,1995,1
SLC:DF_LAWS(1.0),verordnung,OW,etat,1995,5
SLC:DF_LAWS(1.0),verordnung,OW,fin,1995,1
SLC:DF_LAWS(1.0),verordnung,OW,infra,1995,5
SLC:DF_LAWS(1.0),verordnung,OW,sante,1995,2
SLC:DF_LAWS(1.0),verordnung,SG,eco,1995,1
SLC:DF_LAWS(1.0),verordnung,SG,etat,1995,2
SLC:DF_LAWS(1.0),verordnung,SG,infra,1995,1
SLC:DF_LAWS(1.0),verordnung,SG,sante,1995,4
SLC:DF_LAWS(1.0),verordnung,SH,autres,1995,1
SLC:DF_LAWS(1.0),verordnung,SH,eco,1995,2
SLC:DF_LAWS(1.0),verordnung,SH,educ,1995,3
SLC:DF_LAWS(1.0),verordnung,SH,etat,1995,2
SLC:DF_LAWS(1.0),verordnung,SH,sante,1995,1
SLC:DF_LAWS(1.0),verordnung,SO,autres,1995,3
SLC:DF_LAWS(1.0),verordnung,SO,eco,1995,1
SLC:DF_LAWS(1.0),verordnung,SO,educ,1995,8
SLC:DF_LAWS(1.0),verordnung,SO,etat,1995,3
SLC:DF_LAWS(1.0),verordnung,SO,fin,1995,1
SLC:DF_LAWS(1.0),verordnung,SO,sante,1995,3
SLC:DF_LAWS(1.0),verordnung,SZ,etat,1995,2
SLC:DF_LAWS(1.0),verordnung,SZ,infra,1995,1
SLC:DF_LAWS(1.0),verordnung,SZ,sante,1995,1
SLC:DF_LAWS(1.0),verordnung,TG,educ,1995,2
SLC:DF_LAWS(1.0),verordnung,TG,etat,1995,3
SLC:DF_LAWS(1.0),verordnung,TG,sante,1995,4
SLC:DF_LAWS(1.0),verordnung,TI,eco,1995,1
SLC:DF_LAWS(1.0),verordnung,TI,infra,1995,1
SLC:DF_LAWS(1.0),verordnung,VS,autres,1995,1
SLC:DF_LAWS(1.0),verordnung,VS,educ,1995,1
SLC:DF_LAWS(1.0),verordnung,VS,etat,1995,1
SLC:DF_LAWS(1.0),verordnung,ZG,autres,1995,2
SLC:DF_LAWS(1.0),verordnung,ZG,etat,1995,2
SLC:DF_LAWS(1.0),verordnung,ZG,infra,1995,1
SLC:DF_LAWS(1.0),verordnung,ZG,sante,1995,1
SLC:DF_LAWS(1.0),verordnung,ZH,eco,1995,1
SLC:DF_LAWS(1.0),verordnung,ZH,etat,1995,1
SLC:DF_LAWS(1.0),verordnung,ZH,infra,1995,2
SLC:DF_LAWS(1.0),verordnung,ZH,sante,1995,1
SLC:DF_LAWS(1.0),anderes,_T,_T,1995,92
SLC:DF_LAWS(1.0),dekret,_T,_T,1995,56
SLC:DF_LAWS(1.0),gemeindeerlass,_T,_T,1995,5
SLC:DF_LAWS(1.0),gesetz,_T,_T,1995,97
SLC:DF_LAWS(1.0),interkantonale_vereinbarung,_T,_T,1995,47
SLC:DF_LAWS(1.0),reglement,_T,_T,1995,89
SLC:DF_LAWS(1.0),staatsvertrag,_T,_T,1995,1
SLC:DF_LAWS(1.0),verfassung,_T,_T,1995,1
SLC:DF_LAWS(1.0),verordnung,_T,_T,1995,194
SLC:DF_LAWS(1.0),_T,AG,_T,1995,15
SLC:DF_LAWS(1.0),_T,AI,_T,1995,9
SLC:DF_LAWS(1.0),_T,AR,_T,1995,16
SLC:DF_LAWS(1.0),_T,BE,_T,1995,62
SLC:DF_LAWS(1.0),_T,BL,_T,1995,22
SLC:DF_LAWS(1.0),_T,BS,_T,1995,37
SLC:DF_LAWS(1.0),_T,FR,_T,1995,29
SLC:DF_LAWS(1.0),_T,GE,_T,1995,13
SLC:DF_LAWS(1.0),_T,GL,_T,1995,17
SLC:DF_LAWS(1.0),_T,GR,_T,1995,18
SLC:DF_LAWS(1.0),_T,JU,_T,1995,15
SLC:DF_LAWS(1.0),_T,LU,_T,1995,26
SLC:DF_LAWS(1.0),_T,NE,_T,1995,69
SLC:DF_LAWS(1.0),_T,NW,_T,1995,6
SLC:DF_LAWS(1.0),_T,OW,_T,1995,19
SLC:DF_LAWS(1.0),_T,SG,_T,1995,31
SLC:DF_LAWS(1.0),_T,SH,_T,1995,18
SLC:DF_LAWS(1.0),_T,SO,_T,1995,37
SLC:DF_LAWS(1.0),_T,SZ,_T,1995,7
SLC:DF_LAWS(1.0),_T,TG,_T,1995,20
SLC:DF_LAWS(1.0),_T,TI,_T,1995,17
SLC:DF_LAWS(1.0),_T,UR,_T,1995,13
SLC:DF_LAWS(1.0),_T,VD,_T,1995,20
SLC:DF_LAWS(1.0),_T,VS,_T,1995,17
SLC:DF_LAWS(1.0),_T,ZG,_T,1995,11
SLC:DF_LAWS(1.0),_T,ZH,_T,1995,18
SLC:DF_LAWS(1.0),_T,_T,autres,1995,48
SLC:DF_LAWS(1.0),_T,_T,eco,1995,54
SLC:DF_LAWS(1.0),_T,_T,educ,1995,122
SLC:DF_LAWS(1.0),_T,_T,etat,1995,156
SLC:DF_LAWS(1.0),_T,_T,fin,1995,31
SLC:DF_LAWS(1.0),_T,_T,infra,1995,60
SLC:DF_LAWS(1.0),_T,_T,sante,1995,111
SLC:DF_LAWS(1.0),_T,_T,_T,1995,582
SLC:DF_LAWS(1.0),anderes,AG,autres,1996,1
SLC:DF_LAWS(1.0),anderes,AI,educ,1996,1
SLC:DF_LAWS(1.0),anderes,AR,sante,1996,1
SLC:DF_LAWS(1.0),anderes,BE,educ,1996,1
SLC:DF_LAWS(1.0),anderes,BL,etat,1996,1
SLC:DF_LAWS(1.0),anderes,BL,sante,1996,2
SLC:DF_LAWS(1.0),anderes,BS,educ,1996,2
SLC:DF_LAWS(1.0),anderes,BS,infra,1996,1
SLC:DF_LAWS(1.0),anderes,BS,sante,1996,1
SLC:DF_LAWS(1.0),anderes,FR,autres,1996,2
SLC:DF_LAWS(1.0),anderes,FR,eco,1996,1
SLC:DF_LAWS(1.0),anderes,FR,educ,1996,2
SLC:DF_LAWS(1.0),anderes,FR,etat,1996,3
SLC:DF_LAWS(1.0),anderes,FR,fin,1996,1
SLC:DF_LAWS(1.0),anderes,FR,sante,1996,1
SLC:DF_LAWS(1.0),anderes,GE,etat,1996,1
SLC:DF_LAWS(1.0),anderes,GL,fin,1996,1
SLC:DF_LAWS(1.0),anderes,GL,infra,1996,1
SLC:DF_LAWS(1.0),anderes,GL,sante,1996,1
SLC:DF_LAWS(1.0),anderes,GR,eco,1996,2
SLC:DF_LAWS(1.0),anderes,GR,educ,1996,2
SLC:DF_LAWS(1.0),anderes,GR,sante,1996,1
SLC:DF_LAWS(1.0),anderes,LU,etat,1996,3
SLC:DF_LAWS(1.0),anderes,NE,eco,1996,1
SLC:DF_LAWS(1.0),anderes,NE,educ,1996,3
SLC:DF_LAWS(1.0),anderes,NE,etat,1996,8
SLC:DF_LAWS(1.0),anderes,NE,infra,1996,2
SLC:DF_LAWS(1.0),anderes,NE,sante,1996,5
SLC:DF_LAWS(1.0),anderes,NW,autres,1996,1
SLC:DF_LAWS(1.0),anderes,OW,educ,1996,1
SLC:DF_LAWS(1.0),anderes,SG,etat,1996,1
SLC:DF_LAWS(1.0),anderes,SH,educ,1996,2
SLC:DF_LAWS(1.0),anderes,SH,etat,1996,1
SLC:DF_LAWS(1.0),anderes,SH,infra,1996,1
SLC:DF_LAWS(1.0),anderes,SH,sante,1996,1
SLC:DF_LAWS(1.0),anderes,SO,eco,1996,1
SLC:DF_LAWS(1.0),anderes,SO,educ,1996,2
SLC:DF_LAWS(1.0),anderes,SO,fin,1996,1
SLC:DF_LAWS(1.0),anderes,SO,infra,1996,2
SLC:DF_LAWS(1.0),anderes,SO,sante,1996,2
SLC:DF_LAWS(1.0),anderes,SZ,etat,1996,1
SLC:DF_LAWS(1.0),anderes,TI,educ,1996,1
SLC:DF_LAWS(1.0),anderes,UR,educ,1996,1
SLC:DF_LAWS(1.0),anderes,VD,eco,1996,1
SLC:DF_LAWS(1.0),anderes,VD,educ,1996,5
SLC:DF_LAWS(1.0),anderes,VD,etat,1996,1
SLC:DF_LAWS(1.0),anderes,VD,sante,1996,1
SLC:DF_LAWS(1.0),anderes,VS,etat,1996,1
SLC:DF_LAWS(1.0),anderes,VS,infra,1996,3
SLC:DF_LAWS(1.0),anderes,VS,sante,1996,1
SLC:DF_LAWS(1.0),anderes,ZH,etat,1996,2
SLC:DF_LAWS(1.0),anderes,ZH,infra,1996,1
SLC:DF_LAWS(1.0),anderes,ZH,sante,1996,2
SLC:DF_LAWS(1.0),dekret,AG,autres,1996,1
SLC:DF_LAWS(1.0),dekret,AG,fin,1996,1
SLC:DF_LAWS(1.0),dekret,AG,infra,1996,2
SLC:DF_LAWS(1.0),dekret,AG,sante,1996,1
SLC:DF_LAWS(1.0),dekret,AI,autres,1996,2
SLC:DF_LAWS(1.0),dekret,AI,eco,1996,3
SLC:DF_LAWS(1.0),dekret,AI,infra,1996,1
SLC:DF_LAWS(1.0),dekret,AR,eco,1996,1
SLC:DF_LAWS(1.0),dekret,AR,sante,1996,3
SLC:DF_LAWS(1.0),dekret,BE,educ,1996,1
SLC:DF_LAWS(1.0),dekret,BE,etat,1996,3
SLC:DF_LAWS(1.0),dekret,BE,infra,1996,1
SLC:DF_LAWS(1.0),dekret,BL,fin,1996,1
SLC:DF_LAWS(1.0),dekret,BL,infra,1996,1
SLC:DF_LAWS(1.0),dekret,FR,etat,1996,1
SLC:DF_LAWS(1.0),dekret,GL,etat,1996,2
SLC:DF_LAWS(1.0),dekret,GL,sante,1996,1
SLC:DF_LAWS(1.0),dekret,GR,autres,1996,1
SLC:DF_LAWS(1.0),dekret,GR,etat,1996,2
SLC:DF_LAWS(1.0),dekret,JU,autres,1996,1
SLC:DF_LAWS(1.0),dekret,LU,etat,1996,5
SLC:DF_LAWS(1.0),dekret,NE,infra,1996,1
SLC:DF_LAWS(1.0),dekret,NW,educ,1996,1
SLC:DF_LAWS(1.0),dekret,NW,fin,1996,1
SLC:DF_LAWS(1.0),dekret,NW,infra,1996,4
SLC:DF_LAWS(1.0),dekret,NW,sante,1996,2
SLC:DF_LAWS(1.0),dekret,OW,educ,1996,1
SLC:DF_LAWS(1.0),dekret,OW,etat,1996,5
SLC:DF_LAWS(1.0),dekret,OW,infra,1996,2
SLC:DF_LAWS(1.0),dekret,OW,sante,1996,3
SLC:DF_LAWS(1.0),dekret,SG,eco,1996,2
SLC:DF_LAWS(1.0),dekret,SG,etat,1996,1
SLC:DF_LAWS(1.0),dekret,SG,fin,1996,1
SLC:DF_LAWS(1.0),dekret,SG,infra,1996,3
SLC:DF_LAWS(1.0),dekret,SG,sante,1996,3
SLC:DF_LAWS(1.0),dekret,SH,sante,1996,1
SLC:DF_LAWS(1.0),dekret,SZ,fin,1996,1
SLC:DF_LAWS(1.0),dekret,TI,autres,1996,1
SLC:DF_LAWS(1.0),dekret,TI,fin,1996,1
SLC:DF_LAWS(1.0),dekret,TI,infra,1996,2
SLC:DF_LAWS(1.0),dekret,UR,infra,1996,1
SLC:DF_LAWS(1.0),dekret,UR,sante,1996,1
SLC:DF_LAWS(1.0),dekret,VD,etat,1996,1
SLC:DF_LAWS(1.0),dekret,ZG,etat,1996,1
SLC:DF_LAWS(1.0),gemeindeerlass,BS,etat,1996,3
SLC:DF_LAWS(1.0),gemeindeerlass,BS,infra,1996,1
SLC:DF_LAWS(1.0),gesetz,AI,eco,1996,1
SLC:DF_LAWS(1.0),gesetz,AI,educ,1996,1
SLC:DF_LAWS(1.0),gesetz,AI,etat,1996,1
SLC:DF_LAWS(1.0),gesetz,AI,infra,1996,1
SLC:DF_LAWS(1.0),gesetz,AR,eco,1996,1
SLC:DF_LAWS(1.0),gesetz,AR,etat,1996,1
SLC:DF_LAWS(1.0),gesetz,AR,fin,1996,1
SLC:DF_LAWS(1.0),gesetz,AR,sante,1996,1
SLC:DF_LAWS(1.0),gesetz,BE,autres,1996,1
SLC:DF_LAWS(1.0),gesetz,BE,educ,1996,1
SLC:DF_LAWS(1.0),gesetz,BE,etat,1996,2
SLC:DF_LAWS(1.0),gesetz,BE,infra,1996,1
SLC:DF_LAWS(1.0),gesetz,BE,sante,1996,2
SLC:DF_LAWS(1.0),gesetz,BL,educ,1996,1
SLC:DF_LAWS(1.0),gesetz,BL,etat,1996,1
SLC:DF_LAWS(1.0),gesetz,BL,fin,1996,1
SLC:DF_LAWS(1.0),gesetz,BL,infra,1996,1
SLC:DF_LAWS(1.0),gesetz,BL,sante,1996,2
SLC:DF_LAWS(1.0),gesetz,BS,eco,1996,1
SLC:DF_LAWS(1.0),gesetz,BS,educ,1996,1
SLC:DF_LAWS(1.0),gesetz,BS,etat,1996,3
SLC:DF_LAWS(1.0),gesetz,BS,fin,1996,1
SLC:DF_LAWS(1.0),gesetz,BS,sante,1996,1
SLC:DF_LAWS(1.0),gesetz,FR,autres,1996,3
SLC:DF_LAWS(1.0),gesetz,FR,eco,1996,2
SLC:DF_LAWS(1.0),gesetz,FR,etat,1996,2
SLC:DF_LAWS(1.0),gesetz,FR,fin,1996,1
SLC:DF_LAWS(1.0),gesetz,FR,infra,1996,2
SLC:DF_LAWS(1.0),gesetz,FR,sante,1996,2
SLC:DF_LAWS(1.0),gesetz,GE,educ,1996,1
SLC:DF_LAWS(1.0),gesetz,GE,etat,1996,2
SLC:DF_LAWS(1.0),gesetz,GE,sante,1996,2
SLC:DF_LAWS(1.0),gesetz,GL,etat,1996,1
SLC:DF_LAWS(1.0),gesetz,GL,infra,1996,1
SLC:DF_LAWS(1.0),gesetz,GL,sante,1996,2
SLC:DF_LAWS(1.0),gesetz,GR,etat,1996,1
SLC:DF_LAWS(1.0),gesetz,JU,autres,1996,1
SLC:DF_LAWS(1.0),gesetz,JU,etat,1996,1
SLC:DF_LAWS(1.0),gesetz,JU,sante,1996,1
SLC:DF_LAWS(1.0),gesetz,LU,eco,1996,1
SLC:DF_LAWS(1.0),gesetz,LU,educ,1996,1
SLC:DF_LAWS(1.0),gesetz,LU,fin,1996,1
SLC:DF_LAWS(1.0),gesetz,LU,infra,1996,1
SLC:DF_LAWS(1.0),gesetz,LU,sante,1996,1
SLC:DF_LAWS(1.0),gesetz,NE,autres,1996,1
SLC:DF_LAWS(1.0),gesetz,NE,etat,1996,3
SLC:DF_LAWS(1.0),gesetz,NE,sante,1996,1
SLC:DF_LAWS(1.0),gesetz,NW,autres,1996,1
SLC:DF_LAWS(1.0),gesetz,NW,eco,1996,1
SLC:DF_LAWS(1.0),gesetz,NW,etat,1996,1
SLC:DF_LAWS(1.0),gesetz,NW,fin,1996,1
SLC:DF_LAWS(1.0),gesetz,NW,infra,1996,1
SLC:DF_LAWS(1.0),gesetz,NW,sante,1996,1
SLC:DF_LAWS(1.0),gesetz,OW,etat,1996,1
SLC:DF_LAWS(1.0),gesetz,OW,sante,1996,1
SLC:DF_LAWS(1.0),gesetz,SG,etat,1996,1
SLC:DF_LAWS(1.0),gesetz,SG,fin,1996,1
SLC:DF_LAWS(1.0),gesetz,SG,infra,1996,1
SLC:DF_LAWS(1.0),gesetz,SG,sante,1996,2
SLC:DF_LAWS(1.0),gesetz,SH,etat,1996,2
SLC:DF_LAWS(1.0),gesetz,SO,educ,1996,1
SLC:DF_LAWS(1.0),gesetz,SO,etat,1996,1
SLC:DF_LAWS(1.0),gesetz,SO,fin,1996,1
SLC:DF_LAWS(1.0),gesetz,SO,infra,1996,1
SLC:DF_LAWS(1.0),gesetz,SZ,autres,1996,1
SLC:DF_LAWS(1.0),gesetz,SZ,etat,1996,1
SLC:DF_LAWS(1.0),gesetz,TG,autres,1996,1
SLC:DF_LAWS(1.0),gesetz,TG,eco,1996,1
SLC:DF_LAWS(1.0),gesetz,TG,fin,1996,1
SLC:DF_LAWS(1.0),gesetz,TG,infra,1996,1
SLC:DF_LAWS(1.0),gesetz,TI,autres,1996,1
SLC:DF_LAWS(1.0),gesetz,TI,eco,1996,1
SLC:DF_LAWS(1.0),gesetz,TI,educ,1996,3
SLC:DF_LAWS(1.0),gesetz,TI,etat,1996,3
SLC:DF_LAWS(1.0),gesetz,TI,infra,1996,2
SLC:DF_LAWS(1.0),gesetz,TI,sante,1996,3
SLC:DF_LAWS(1.0),gesetz,UR,autres,1996,1
SLC:DF_LAWS(1.0),gesetz,UR,etat,1996,1
SLC:DF_LAWS(1.0),gesetz,UR,fin,1996,1
SLC:DF_LAWS(1.0),gesetz,UR,infra,1996,1
SLC:DF_LAWS(1.0),gesetz,UR,sante,1996,1
SLC:DF_LAWS(1.0),gesetz,VD,eco,1996,1
SLC:DF_LAWS(1.0),gesetz,VD,sante,1996,1
SLC:DF_LAWS(1.0),gesetz,VS,eco,1996,2
SLC:DF_LAWS(1.0),gesetz,VS,educ,1996,2
SLC:DF_LAWS(1.0),gesetz,VS,etat,1996,3
SLC:DF_LAWS(1.0),gesetz,VS,infra,1996,1
SLC:DF_LAWS(1.0),gesetz,VS,sante,1996,5
SLC:DF_LAWS(1.0),gesetz,ZG,etat,1996,1
SLC:DF_LAWS(1.0),gesetz,ZG,infra,1996,5
SLC:DF_LAWS(1.0),gesetz,ZG,sante,1996,2
SLC:DF_LAWS(1.0),gesetz,ZH,fin,1996,1
SLC:DF_LAWS(1.0),gesetz,ZH,infra,1996,1
SLC:DF_LAWS(1.0),interkantonale_vereinbarung,BL,educ,1996,1
SLC:DF_LAWS(1.0),interkantonale_vereinbarung,BL,etat,1996,1
SLC:DF_LAWS(1.0),interkantonale_vereinbarung,BL,sante,1996,1
SLC:DF_LAWS(1.0),interkantonale_vereinbarung,BS,educ,1996,1
SLC:DF_LAWS(1.0),interkantonale_vereinbarung,BS,infra,1996,1
SLC:DF_LAWS(1.0),interkantonale_vereinbarung,FR,educ,1996,1
SLC:DF_LAWS(1.0),interkantonale_vereinbarung,FR,etat,1996,1
SLC:DF_LAWS(1.0),interkantonale_vereinbarung,GE,educ,1996,1
SLC:DF_LAWS(1.0),interkantonale_vereinbarung,GE,etat,1996,2
SLC:DF_LAWS(1.0),interkantonale_vereinbarung,JU,eco,1996,1
SLC:DF_LAWS(1.0),interkantonale_vereinbarung,JU,sante,1996,2
SLC:DF_LAWS(1.0),interkantonale_vereinbarung,LU,eco,1996,1
SLC:DF_LAWS(1.0),interkantonale_vereinbarung,NE,eco,1996,1
SLC:DF_LAWS(1.0),interkantonale_vereinbarung,NE,etat,1996,2
SLC:DF_LAWS(1.0),interkantonale_vereinbarung,NW,sante,1996,3
SLC:DF_LAWS(1.0),interkantonale_vereinbarung,OW,sante,1996,1
SLC:DF_LAWS(1.0),interkantonale_vereinbarung,SG,eco,1996,1
SLC:DF_LAWS(1.0),interkantonale_vereinbarung,SG,fin,1996,2
SLC:DF_LAWS(1.0),interkantonale_vereinbarung,SG,infra,1996,2
SLC:DF_LAWS(1.0),interkantonale_vereinbarung,SG,sante,1996,1
SLC:DF_LAWS(1.0),interkantonale_vereinbarung,SH,educ,1996,1
SLC:DF_LAWS(1.0),interkantonale_vereinbarung,SO,educ,1996,1
SLC:DF_LAWS(1.0),interkantonale_vereinbarung,SZ,fin,1996,1
SLC:DF_LAWS(1.0),interkantonale_vereinbarung,TG,educ,1996,1
SLC:DF_LAWS(1.0),interkantonale_vereinbarung,TG,sante,1996,1
SLC:DF_LAWS(1.0),interkantonale_vereinbarung,VD,educ,1996,1
SLC:DF_LAWS(1.0),interkantonale_vereinbarung,VD,etat,1996,2
SLC:DF_LAWS(1.0),interkantonale_vereinbarung,VS,etat,1996,1
SLC:DF_LAWS(1.0),interkantonale_vereinbarung,ZG,fin,1996,1
SLC:DF_LAWS(1.0),interkantonale_vereinbarung,ZH,educ,1996,2
SLC:DF_LAWS(1.0),reglement,AG,fin,1996,2
SLC:DF_LAWS(1.0),reglement,BE,eco,1996,1
SLC:DF_LAWS(1.0),reglement,BE,educ,1996,1
SLC:DF_LAWS(1.0),reglement,BE,etat,1996,8
SLC:DF_LAWS(1.0),reglement,BS,educ,1996,2
SLC:DF_LAWS(1.0),reglement,BS,infra,1996,1
SLC:DF_LAWS(1.0),reglement,FR,eco,1996,1
SLC:DF_LAWS(1.0),reglement,FR,educ,1996,2
SLC:DF_LAWS(1.0),reglement,FR,fin,1996,1
SLC:DF_LAWS(1.0),reglement,FR,infra,1996,1
SLC:DF_LAWS(1.0),reglement,GE,eco,1996,1
SLC:DF_LAWS(1.0),reglement,GE,educ,1996,1
SLC:DF_LAWS(1.0),reglement,GE,etat,1996,5
SLC:DF_LAWS(1.0),reglement,GE,fin,1996,2
SLC:DF_LAWS(1.0),reglement,GE,sante,1996,2
SLC:DF_LAWS(1.0),reglement,GL,educ,1996,1
SLC:DF_LAWS(1.0),reglement,GR,sante,1996,1
SLC:DF_LAWS(1.0),reglement,JU,educ,1996,2
SLC:DF_LAWS(1.0),reglement,JU,sante,1996,1
SLC:DF_LAWS(1.0),reglement,LU,etat,1996,1
SLC:DF_LAWS(1.0),reglement,LU,sante,1996,1
SLC:DF_LAWS(1.0),reglement,NE,autres,1996,1
SLC:DF_LAWS(1.0),reglement,NE,eco,1996,1
SLC:DF_LAWS(1.0),reglement,NE,educ,1996,4
SLC:DF_LAWS(1.0),reglement,NE,etat,1996,2
SLC:DF_LAWS(1.0),reglement,NE,fin,1996,1
SLC:DF_LAWS(1.0),reglement,NE,infra,1996,1
SLC:DF_LAWS(1.0),reglement,NE,sante,1996,2
SLC:DF_LAWS(1.0),reglement,NW,autres,1996,1
SLC:DF_LAWS(1.0),reglement,NW,educ,1996,2
SLC:DF_LAWS(1.0),reglement,NW,etat,1996,1
SLC:DF_LAWS(1.0),reglement,SO,educ,1996,3
SLC:DF_LAWS(1.0),reglement,SZ,educ,1996,1
SLC:DF_LAWS(1.0),reglement,TG,eco,1996,1
SLC:DF_LAWS(1.0),reglement,TI,autres,1996,2
SLC:DF_LAWS(1.0),reglement,TI,eco,1996,1
SLC:DF_LAWS(1.0),reglement,TI,educ,1996,4
SLC:DF_LAWS(1.0),reglement,TI,etat,1996,2
SLC:DF_LAWS(1.0),reglement,TI,fin,1996,1
SLC:DF_LAWS(1.0),reglement,TI,infra,1996,1
SLC:DF_LAWS(1.0),reglement,TI,sante,1996,1
SLC:DF_LAWS(1.0),reglement,UR,etat,1996,1
SLC:DF_LAWS(1.0),reglement,UR,infra,1996,2
SLC:DF_LAWS(1.0),reglement,VD,autres,1996,1
SLC:DF_LAWS(1.0),reglement,VD,eco,1996,4
SLC:DF_LAWS(1.0),reglement,VD,educ,1996,1
SLC:DF_LAWS(1.0),reglement,VD,etat,1996,5
SLC:DF_LAWS(1.0),reglement,VD,sante,1996,3
SLC:DF_LAWS(1.0),reglement,VS,eco,1996,1
SLC:DF_LAWS(1.0),reglement,VS,educ,1996,1
SLC:DF_LAWS(1.0),reglement,VS,etat,1996,2
SLC:DF_LAWS(1.0),reglement,VS,infra,1996,2
SLC:DF_LAWS(1.0),reglement,VS,sante,1996,4
SLC:DF_LAWS(1.0),reglement,ZG,educ,1996,2
SLC:DF_LAWS(1.0),staatsvertrag,AG,etat,1996,1
SLC:DF_LAWS(1.0),staatsvertrag,BE,etat,1996,1
SLC:DF_LAWS(1.0),staatsvertrag,BL,etat,1996,1
SLC:DF_LAWS(1.0),staatsvertrag,BS,etat,1996,1
SLC:DF_LAWS(1.0),staatsvertrag,BS,infra,1996,1
SLC:DF_LAWS(1.0),staatsvertrag,JU,eco,1996,3
SLC:DF_LAWS(1.0),staatsvertrag,SH,etat,1996,1
SLC:DF_LAWS(1.0),staatsvertrag,SO,etat,1996,2
SLC:DF_LAWS(1.0),staatsvertrag,VD,etat,1996,1
SLC:DF_LAWS(1.0),staatsvertrag,VS,etat,1996,1
SLC:DF_LAWS(1.0),verordnung,AG,etat,1996,3
SLC:DF_LAWS(1.0),verordnung,AG,fin,1996,3
SLC:DF_LAWS(1.0),verordnung,AG,sante,1996,1
SLC:DF_LAWS(1.0),verordnung,AI,autres,1996,1
SLC:DF_LAWS(1.0),verordnung,AI,educ,1996,1
SLC:DF_LAWS(1.0),verordnung,AI,etat,1996,1
SLC:DF_LAWS(1.0),verordnung,AI,infra,1996,1
SLC:DF_LAWS(1.0),verordnung,AI,sante,1996,1
SLC:DF_LAWS(1.0),verordnung,AR,autres,1996,1
SLC:DF_LAWS(1.0),verordnung,AR,eco,1996,1
SLC:DF_LAWS(1.0),verordnung,AR,etat,1996,1
SLC:DF_LAWS(1.0),verordnung,AR,sante,1996,1
SLC:DF_LAWS(1.0),verordnung,BE,autres,1996,3
SLC:DF_LAWS(1.0),verordnung,BE,eco,1996,2
SLC:DF_LAWS(1.0),verordnung,BE,educ,1996,6
SLC:DF_LAWS(1.0),verordnung,BE,etat,1996,3
SLC:DF_LAWS(1.0),verordnung,BE,infra,1996,1
SLC:DF_LAWS(1.0),verordnung,BE,sante,1996,2
SLC:DF_LAWS(1.0),verordnung,BL,educ,1996,1
SLC:DF_LAWS(1.0),verordnung,BL,etat,1996,1
SLC:DF_LAWS(1.0),verordnung,BL,fin,1996,2
SLC:DF_LAWS(1.0),verordnung,BL,infra,1996,3
SLC:DF_LAWS(1.0),verordnung,BL,sante,1996,1
SLC:DF_LAWS(1.0),verordnung,BS,eco,1996,1
SLC:DF_LAWS(1.0),verordnung,BS,educ,1996,1
SLC:DF_LAWS(1.0),verordnung,BS,etat,1996,1
SLC:DF_LAWS(1.0),verordnung,BS,infra,1996,2
SLC:DF_LAWS(1.0),verordnung,BS,sante,1996,5
SLC:DF_LAWS(1.0),verordnung,FR,etat,1996,1
SLC:DF_LAWS(1.0),verordnung,FR,fin,1996,1
SLC:DF_LAWS(1.0),verordnung,GL,autres,1996,2
SLC:DF_LAWS(1.0),verordnung,GL,eco,1996,1
SLC:DF_LAWS(1.0),verordnung,GL,educ,1996,1
SLC:DF_LAWS(1.0),verordnung,GL,etat,1996,1
SLC:DF_LAWS(1.0),verordnung,GL,infra,1996,2
SLC:DF_LAWS(1.0),verordnung,GL,sante,1996,1
SLC:DF_LAWS(1.0),verordnung,GR,autres,1996,1
SLC:DF_LAWS(1.0),verordnung,GR,eco,1996,1
SLC:DF_LAWS(1.0),verordnung,GR,educ,1996,5
SLC:DF_LAWS(1.0),verordnung,JU,educ,1996,2
SLC:DF_LAWS(1.0),verordnung,JU,etat,1996,1
SLC:DF_LAWS(1.0),verordnung,JU,fin,1996,2
SLC:DF_LAWS(1.0),verordnung,JU,sante,1996,2
SLC:DF_LAWS(1.0),verordnung,LU,autres,1996,2
SLC:DF_LAWS(1.0),verordnung,LU,educ,1996,2
SLC:DF_LAWS(1.0),verordnung,LU,etat,1996,3
SLC:DF_LAWS(1.0),verordnung,LU,infra,1996,5
SLC:DF_LAWS(1.0),verordnung,NE,autres,1996,2
SLC:DF_LAWS(1.0),verordnung,NE,educ,1996,1
SLC:DF_LAWS(1.0),verordnung,NE,infra,1996,1
SLC:DF_LAWS(1.0),verordnung,NE,sante,1996,1
SLC:DF_LAWS(1.0),verordnung,NW,infra,1996,3
SLC:DF_LAWS(1.0),verordnung,OW,eco,1996,1
SLC:DF_LAWS(1.0),verordnung,OW,sante,1996,1
SLC:DF_LAWS(1.0),verordnung,SG,autres,1996,1
SLC:DF_LAWS(1.0),verordnung,SG,eco,1996,1
SLC:DF_LAWS(1.0),verordnung,SG,educ,1996,2
SLC:DF_LAWS(1.0),verordnung,SG,etat,1996,5
SLC:DF_LAWS(1.0),verordnung,SG,fin,1996,2
SLC:DF_LAWS(1.0),verordnung,SG,infra,1996,5
SLC:DF_LAWS(1.0),verordnung,SG,sante,1996,6
SLC:DF_LAWS(1.0),verordnung,SH,autres,1996,1
SLC:DF_LAWS(1.0),verordnung,SH,educ,1996,1
SLC:DF_LAWS(1.0),verordnung,SH,etat,1996,2
SLC:DF_LAWS(1.0),verordnung,SH,sante,1996,4
SLC:DF_LAWS(1.0),verordnung,SO,eco,1996,2
SLC:DF_LAWS(1.0),verordnung,SO,educ,1996,6
SLC:DF_LAWS(1.0),verordnung,SO,etat,1996,8
SLC:DF_LAWS(1.0),verordnung,SO,fin,1996,3
SLC:DF_LAWS(1.0),verordnung,SO,infra,1996,4
SLC:DF_LAWS(1.0),verordnung,SO,sante,1996,3
SLC:DF_LAWS(1.0),verordnung,SZ,sante,1996,2
SLC:DF_LAWS(1.0),verordnung,TG,autres,1996,1
SLC:DF_LAWS(1.0),verordnung,TG,eco,1996,2
SLC:DF_LAWS(1.0),verordnung,TG,educ,1996,2
SLC:DF_LAWS(1.0),verordnung,TG,etat,1996,2
SLC:DF_LAWS(1.0),verordnung,TG,fin,1996,2
SLC:DF_LAWS(1.0),verordnung,TG,infra,1996,1
SLC:DF_LAWS(1.0),verordnung,TG,sante,1996,4
SLC:DF_LAWS(1.0),verordnung,TI,etat,1996,1
SLC:DF_LAWS(1.0),verordnung,VS,eco,1996,5
SLC:DF_LAWS(1.0),verordnung,VS,educ,1996,1
SLC:DF_LAWS(1.0),verordnung,VS,fin,1996,3
SLC:DF_LAWS(1.0),verordnung,VS,infra,1996,1
SLC:DF_LAWS(1.0),verordnung,VS,sante,1996,11
SLC:DF_LAWS(1.0),verordnung,ZG,eco,1996,1
SLC:DF_LAWS(1.0),verordnung,ZG,etat,1996,4
SLC:DF_LAWS(1.0),verordnung,ZG,sante,1996,2
SLC:DF_LAWS(1.0),verordnung,ZH,autres,1996,1
SLC:DF_LAWS(1.0),verordnung,ZH,etat,1996,3
SLC:DF_LAWS(1.0),verordnung,ZH,fin,1996,1
SLC:DF_LAWS(1.0),anderes,_T,_T,1996,89
SLC:DF_LAWS(1.0),dekret,_T,_T,1996,75
SLC:DF_LAWS(1.0),gemeindeerlass,_T,_T,1996,4
SLC:DF_LAWS(1.0),gesetz,_T,_T,1996,131
SLC:DF_LAWS(1.0),interkantonale_vereinbarung,_T,_T,1996,39
SLC:DF_LAWS(1.0),reglement,_T,_T,1996,100
SLC:DF_LAWS(1.0),staatsvertrag,_T,_T,1996,13
SLC:DF_LAWS(1.0),verordnung,_T,_T,1996,203
SLC:DF_LAWS(1.0),_T,AG,_T,1996,16
SLC:DF_LAWS(1.0),_T,AI,_T,1996,16
SLC:DF_LAWS(1.0),_T,AR,_T,1996,13
SLC:DF_LAWS(1.0),_T,BE,_T,1996,41
SLC:DF_LAWS(1.0),_T,BL,_T,1996,23
SLC:DF_LAWS(1.0),_T,BS,_T,1996,32
SLC:DF_LAWS(1.0),_T,FR,_T,1996,32
SLC:DF_LAWS(1.0),_T,GE,_T,1996,20
SLC:DF_LAWS(1.0),_T,GL,_T,1996,19
SLC:DF_LAWS(1.0),_T,GR,_T,1996,17
SLC:DF_LAWS(1.0),_T,JU,_T,1996,20
SLC:DF_LAWS(1.0),_T,LU,_T,1996,28
SLC:DF_LAWS(1.0),_T,NE,_T,1996,45
SLC:DF_LAWS(1.0),_T,NW,_T,1996,25
SLC:DF_LAWS(1.0),_T,OW,_T,1996,17
SLC:DF_LAWS(1.0),_T,SG,_T,1996,44
SLC:DF_LAWS(1.0),_T,SH,_T,1996,18
SLC:DF_LAWS(1.0),_T,SO,_T,1996,44
SLC:DF_LAWS(1.0),_T,SZ,_T,1996,8
SLC:DF_LAWS(1.0),_T,TG,_T,1996,21
SLC:DF_LAWS(1.0),_T,TI,_T,1996,31
SLC:DF_LAWS(1.0),_T,UR,_T,1996,11
SLC:DF_LAWS(1.0),_T,VD,_T,1996,29
SLC:DF_LAWS(1.0),_T,VS,_T,1996,51
SLC:DF_LAWS(1.0),_T,ZG,_T,1996,19
SLC:DF_LAWS(1.0),_T,ZH,_T,1996,14
SLC:DF_LAWS(1.0),_T,_T,autres,1996,42
SLC:DF_LAWS(1.0),_T,_T,eco,1996,60
SLC:DF_LAWS(1.0),_T,_T,educ,1996,107
SLC:DF_LAWS(1.0),_T,_T,etat,1996,166
SLC:DF_LAWS(1.0),_T,_T,fin,1996,50
SLC:DF_LAWS(1.0),_T,_T,infra,1996,92
SLC:DF_LAWS(1.0),_T,_T,sante,1996,137
SLC:DF_LAWS(1.0),_T,_T,_T,1996,654
SLC:DF_LAWS(1.0),anderes,AR,etat,1997,1
SLC:DF_LAWS(1.0),anderes,AR,infra,1997,1
SLC:DF_LAWS(1.0),anderes,BE,educ,1997,1
SLC:DF_LAWS(1.0),anderes,BL,educ,1997,1
SLC:DF_LAWS(1.0),anderes,BL,sante,1997,1
SLC:DF_LAWS(1.0),anderes,BS,eco,1997,1
SLC:DF_LAWS(1.0),anderes,BS,educ,1997,2
SLC:DF_LAWS(1.0),anderes,BS,sante,1997,2
SLC:DF_LAWS(1.0),anderes,FR,educ,1997,3
SLC:DF_LAWS(1.0),anderes,FR,etat,1997,3
SLC:DF_LAWS(1.0),anderes,FR,infra,1997,1
SLC:DF_LAWS(1.0),anderes,FR,sante,1997,1
SLC:DF_LAWS(1.0),anderes,GL,eco,1997,1
SLC:DF_LAWS(1.0),anderes,GL,educ,1997,1
SLC:DF_LAWS(1.0),anderes,GL,fin,1997,1
SLC:DF_LAWS(1.0),anderes,GR,educ,1997,1
SLC:DF_LAWS(1.0),anderes,GR,infra,1997,1
SLC:DF_LAWS(1.0),anderes,JU,educ,1997,1
SLC:DF_LAWS(1.0),anderes,LU,autres,1997,3
SLC:DF_LAWS(1.0),anderes,LU,etat,1997,3
SLC:DF_LAWS(1.0),anderes,NE,eco,1997,2
SLC:DF_LAWS(1.0),anderes,NE,educ,1997,4
SLC:DF_LAWS(1.0),anderes,NE,etat,1997,1
SLC:DF_LAWS(1.0),anderes,NE,infra,1997,1
SLC:DF_LAWS(1.0),anderes,NE,sante,1997,1
SLC:DF_LAWS(1.0),anderes,NW,eco,1997,1
SLC:DF_LAWS(1.0),anderes,NW,infra,1997,1
SLC:DF_LAWS(1.0),anderes,NW,sante,1997,2
SLC:DF_LAWS(1.0),anderes,OW,eco,1997,2
SLC:DF_LAWS(1.0),anderes,OW,fin,1997,1
SLC:DF_LAWS(1.0),anderes,SG,educ,1997,4
SLC:DF_LAWS(1.0),anderes,SG,etat,1997,1
SLC:DF_LAWS(1.0),anderes,SO,autres,1997,1
SLC:DF_LAWS(1.0),anderes,SO,educ,1997,4
SLC:DF_LAWS(1.0),anderes,SO,etat,1997,3
SLC:DF_LAWS(1.0),anderes,SZ,autres,1997,1
SLC:DF_LAWS(1.0),anderes,TG,infra,1997,1
SLC:DF_LAWS(1.0),anderes,UR,sante,1997,1
SLC:DF_LAWS(1.0),anderes,VD,educ,1997,1
SLC:DF_LAWS(1.0),anderes,VD,etat,1997,1
SLC:DF_LAWS(1.0),anderes,VS,eco,1997,1
SLC:DF_LAWS(1.0),anderes,VS,educ,1997,1
SLC:DF_LAWS(1.0),anderes,VS,etat,1997,6
SLC:DF_LAWS(1.0),anderes,VS,infra,1997,5
SLC:DF_LAWS(1.0),anderes,ZG,etat,1997,4
SLC:DF_LAWS(1.0),anderes,ZH,educ,1997,2
SLC:DF_LAWS(1.0),anderes,ZH,infra,1997,1
SLC:DF_LAWS(1.0),dekret,AG,educ,1997,1
SLC:DF_LAWS(1.0),dekret,AG,fin,1997,1
SLC:DF_LAWS(1.0),dekret,AI,autres,1997,1
SLC:DF_LAWS(1.0),dekret,AI,eco,1997,1
SLC:DF_LAWS(1.0),dekret,AI,educ,1997,2
SLC:DF_LAWS(1.0),dekret,AI,etat,1997,1
SLC:DF_LAWS(1.0),dekret,BE,autres,1997,1
SLC:DF_LAWS(1.0),dekret,BL,infra,1997,1
SLC:DF_LAWS(1.0),dekret,FR,eco,1997,1
SLC:DF_LAWS(1.0),dekret,FR,etat,1997,1
SLC:DF_LAWS(1.0),dekret,GL,eco,1997,1
SLC:DF_LAWS(1.0),dekret,GL,etat,1997,1
SLC:DF_LAWS(1.0),dekret,GL,fin,1997,1
SLC:DF_LAWS(1.0),dekret,GL,infra,1997,1
SLC:DF_LAWS(1.0),dekret,GL,sante,1997,1
SLC:DF_LAWS(1.0),dekret,GR,etat,1997,1
SLC:DF_LAWS(1.0),dekret,GR,infra,1997,1
SLC:DF_LAWS(1.0),dekret,LU,etat,1997,5
SLC:DF_LAWS(1.0),dekret,NE,educ,1997,2
SLC:DF_LAWS(1.0),dekret,NE,etat,1997,2
SLC:DF_LAWS(1.0),dekret,NE,infra,1997,1
SLC:DF_LAWS(1.0),dekret,NW,etat,1997,1
SLC:DF_LAWS(1.0),dekret,NW,infra,1997,2
SLC:DF_LAWS(1.0),dekret,OW,eco,1997,1
SLC:DF_LAWS(1.0),dekret,OW,educ,1997,6
SLC:DF_LAWS(1.0),dekret,OW,etat,1997,1
SLC:DF_LAWS(1.0),dekret,OW,fin,1997,1
SLC:DF_LAWS(1.0),dekret,OW,infra,1997,1
SLC:DF_LAWS(1.0),dekret,OW,sante,1997,6
SLC:DF_LAWS(1.0),dekret,SG,etat,1997,1
SLC:DF_LAWS(1.0),dekret,SG,fin,1997,1
SLC:DF_LAWS(1.0),dekret,SG,infra,1997,2
SLC:DF_LAWS(1.0),dekret,SG,sante,1997,3
SLC:DF_LAWS(1.0),dekret,SZ,etat,1997,1
SLC:DF_LAWS(1.0),dekret,SZ,sante,1997,1
SLC:DF_LAWS(1.0),dekret,TG,educ,1997,1
SLC:DF_LAWS(1.0),dekret,TI,educ,1997,2
SLC:DF_LAWS(1.0),dekret,UR,eco,1997,1
SLC:DF_LAWS(1.0),dekret,UR,infra,1997,2
SLC:DF_LAWS(1.0),dekret,VD,sante,1997,1
SLC:DF_LAWS(1.0),dekret,ZG,fin,1997,1
SLC:DF_LAWS(1.0),dekret,ZH,etat,1997,2
SLC:DF_LAWS(1.0),gemeindeerlass,BS,educ,1997,1
SLC:DF_LAWS(1.0),gemeindeerlass,BS,etat,1997,2
SLC:DF_LAWS(1.0),gemeindeerlass,BS,fin,1997,1
SLC:DF_LAWS(1.0),gemeindeerlass,BS,sante,1997,2
SLC:DF_LAWS(1.0),gesetz,AG,educ,1997,1
SLC:DF_LAWS(1.0),gesetz,AG,etat,1997,1
SLC:DF_LAWS(1.0),gesetz,AG,infra,1997,2
SLC:DF_LAWS(1.0),gesetz,AR,autres,1997,1
SLC:DF_LAWS(1.0),gesetz,AR,sante,1997,1
SLC:DF_LAWS(1.0),gesetz,BE,eco,1997,5
SLC:DF_LAWS(1.0),gesetz,BE,etat,1997,2
SLC:DF_LAWS(1.0),gesetz,BE,fin,1997,1
SLC:DF_LAWS(1.0),gesetz,BE,infra,1997,1
SLC:DF_LAWS(1.0),gesetz,BL,etat,1997,2
SLC:DF_LAWS(1.0),gesetz,BL,sante,1997,2
SLC:DF_LAWS(1.0),gesetz,BS,autres,1997,1
SLC:DF_LAWS(1.0),gesetz,BS,etat,1997,1
SLC:DF_LAWS(1.0),gesetz,BS,fin,1997,1
SLC:DF_LAWS(1.0),gesetz,FR,autres,1997,1
SLC:DF_LAWS(1.0),gesetz,FR,eco,1997,2
SLC:DF_LAWS(1.0),gesetz,FR,educ,1997,3
SLC:DF_LAWS(1.0),gesetz,FR,sante,1997,1
SLC:DF_LAWS(1.0),gesetz,GE,autres,1997,1
SLC:DF_LAWS(1.0),gesetz,GE,eco,1997,2
SLC:DF_LAWS(1.0),gesetz,GE,etat,1997,1
SLC:DF_LAWS(1.0),gesetz,GE,infra,1997,1
SLC:DF_LAWS(1.0),gesetz,GE,sante,1997,4
SLC:DF_LAWS(1.0),gesetz,GL,autres,1997,1
SLC:DF_LAWS(1.0),gesetz,GL,fin,1997,1
SLC:DF_LAWS(1.0),gesetz,GL,infra,1997,1
SLC:DF_LAWS(1.0),gesetz,GL,sante,1997,1
SLC:DF_LAWS(1.0),gesetz,GR,educ,1997,1
SLC:DF_LAWS(1.0),gesetz,GR,infra,1997,1
SLC:DF_LAWS(1.0),gesetz,GR,sante,1997,1
SLC:DF_LAWS(1.0),gesetz,LU,eco,1997,1
SLC:DF_LAWS(1.0),gesetz,LU,fin,1997,1
SLC:DF_LAWS(1.0),gesetz,LU,infra,1997,2
SLC:DF_LAWS(1.0),gesetz,NE,eco,1997,4
SLC:DF_LAWS(1.0),gesetz,NE,etat,1997,2
SLC:DF_LAWS(1.0),gesetz,NE,fin,1997,2
SLC:DF_LAWS(1.0),gesetz,NE,infra,1997,2
SLC:DF_LAWS(1.0),gesetz,NE,sante,1997,1
SLC:DF_LAWS(1.0),gesetz,NW,etat,1997,3
SLC:DF_LAWS(1.0),gesetz,NW,infra,1997,1
SLC:DF_LAWS(1.0),gesetz,NW,sante,1997,1
SLC:DF_LAWS(1.0),gesetz,OW,eco,1997,1
SLC:DF_LAWS(1.0),gesetz,OW,etat,1997,2
SLC:DF_LAWS(1.0),gesetz,OW,fin,1997,1
SLC:DF_LAWS(1.0),gesetz,SG,etat,1997,1
SLC:DF_LAWS(1.0),gesetz,SH,eco,1997,1
SLC:DF_LAWS(1.0),gesetz,SH,infra,1997,1
SLC:DF_LAWS(1.0),gesetz,SH,sante,1997,1
SLC:DF_LAWS(1.0),gesetz,SO,educ,1997,1
SLC:DF_LAWS(1.0),gesetz,SO,sante,1997,1
SLC:DF_LAWS(1.0),gesetz,SZ,etat,1997,1
SLC:DF_LAWS(1.0),gesetz,SZ,fin,1997,1
SLC:DF_LAWS(1.0),gesetz,TG,infra,1997,1
SLC:DF_LAWS(1.0),gesetz,TI,autres,1997,2
SLC:DF_LAWS(1.0),gesetz,TI,eco,1997,3
SLC:DF_LAWS(1.0),gesetz,TI,etat,1997,2
SLC:DF_LAWS(1.0),gesetz,TI,infra,1997,3
SLC:DF_LAWS(1.0),gesetz,TI,sante,1997,6
SLC:DF_LAWS(1.0),gesetz,UR,educ,1997,1
SLC:DF_LAWS(1.0),gesetz,UR,sante,1997,1
SLC:DF_LAWS(1.0),gesetz,VD,eco,1997,1
SLC:DF_LAWS(1.0),gesetz,VS,fin,1997,1
SLC:DF_LAWS(1.0),gesetz,ZG,autres,1997,1
SLC:DF_LAWS(1.0),gesetz,ZH,fin,1997,1
SLC:DF_LAWS(1.0),interkantonale_vereinbarung,AG,educ,1997,3
SLC:DF_LAWS(1.0),interkantonale_vereinbarung,AG,infra,1997,2
SLC:DF_LAWS(1.0),interkantonale_vereinbarung,AI,educ,1997,1
SLC:DF_LAWS(1.0),interkantonale_vereinbarung,BL,educ,1997,3
SLC:DF_LAWS(1.0),interkantonale_vereinbarung,BL,etat,1997,1
SLC:DF_LAWS(1.0),interkantonale_vereinbarung,BL,infra,1997,2
SLC:DF_LAWS(1.0),interkantonale_vereinbarung,BL,sante,1997,1
SLC:DF_LAWS(1.0),interkantonale_vereinbarung,BS,educ,1997,5
SLC:DF_LAWS(1.0),interkantonale_vereinbarung,BS,fin,1997,1
SLC:DF_LAWS(1.0),interkantonale_vereinbarung,BS,infra,1997,3
SLC:DF_LAWS(1.0),interkantonale_vereinbarung,BS,sante,1997,1
SLC:DF_LAWS(1.0),interkantonale_vereinbarung,FR,educ,1997,4
SLC:DF_LAWS(1.0),interkantonale_vereinbarung,GE,educ,1997,4
SLC:DF_LAWS(1.0),interkantonale_vereinbarung,GR,educ,1997,1
SLC:DF_LAWS(1.0),interkantonale_vereinbarung,LU,autres,1997,1
SLC:DF_LAWS(1.0),interkantonale_vereinbarung,NW,educ,1997,1
SLC:DF_LAWS(1.0),interkantonale_vereinbarung,NW,infra,1997,1
SLC:DF_LAWS(1.0),interkantonale_vereinbarung,NW,sante,1997,1
SLC:DF_LAWS(1.0),interkantonale_vereinbarung,OW,eco,1997,1
SLC:DF_LAWS(1.0),interkantonale_vereinbarung,OW,educ,1997,2
SLC:DF_LAWS(1.0),interkantonale_vereinbarung,OW,etat,1997,1
SLC:DF_LAWS(1.0),interkantonale_vereinbarung,OW,infra,1997,1
SLC:DF_LAWS(1.0),interkantonale_vereinbarung,OW,sante,1997,3
SLC:DF_LAWS(1.0),interkantonale_vereinbarung,SG,educ,1997,2
SLC:DF_LAWS(1.0),interkantonale_vereinbarung,SG,etat,1997,2
SLC:DF_LAWS(1.0),interkantonale_vereinbarung,SG,fin,1997,1
SLC:DF_LAWS(1.0),interkantonale_vereinbarung,SG,infra,1997,1
SLC:DF_LAWS(1.0),interkantonale_vereinbarung,SG,sante,1997,1
SLC:DF_LAWS(1.0),interkantonale_vereinbarung,SH,educ,1997,2
SLC:DF_LAWS(1.0),interkantonale_vereinbarung,SO,educ,1997,1
SLC:DF_LAWS(1.0),interkantonale_vereinbarung,SO,sante,1997,1
SLC:DF_LAWS(1.0),interkantonale_vereinbarung,SZ,educ,1997,1
SLC:DF_LAWS(1.0),interkantonale_vereinbarung,SZ,infra,1997,1
SLC:DF_LAWS(1.0),interkantonale_vereinbarung,TG,educ,1997,1
SLC:DF_LAWS(1.0),interkantonale_vereinbarung,TG,etat,1997,1
SLC:DF_LAWS(1.0),interkantonale_vereinbarung,TI,educ,1997,1
SLC:DF_LAWS(1.0),interkantonale_vereinbarung,UR,infra,1997,1
SLC:DF_LAWS(1.0),interkantonale_vereinbarung,VD,educ,1997,2
SLC:DF_LAWS(1.0),interkantonale_vereinbarung,VS,educ,1997,1
SLC:DF_LAWS(1.0),interkantonale_vereinbarung,ZG,educ,1997,1
SLC:DF_LAWS(1.0),interkantonale_vereinbarung,ZH,educ,1997,5
SLC:DF_LAWS(1.0),interkantonale_vereinbarung,ZH,etat,1997,1
SLC:DF_LAWS(1.0),reglement,AG,educ,1997,4
SLC:DF_LAWS(1.0),reglement,AG,sante,1997,1
SLC:DF_LAWS(1.0),reglement,BL,etat,1997,1
SLC:DF_LAWS(1.0),reglement,BS,eco,1997,1
SLC:DF_LAWS(1.0),reglement,FR,eco,1997,2
SLC:DF_LAWS(1.0),reglement,FR,educ,1997,3
SLC:DF_LAWS(1.0),reglement,FR,etat,1997,2
SLC:DF_LAWS(1.0),reglement,GE,autres,1997,5
SLC:DF_LAWS(1.0),reglement,GE,eco,1997,1
SLC:DF_LAWS(1.0),reglement,GE,educ,1997,3
SLC:DF_LAWS(1.0),reglement,GE,etat,1997,3
SLC:DF_LAWS(1.0),reglement,GE,infra,1997,2
SLC:DF_LAWS(1.0),reglement,GE,sante,1997,5
SLC:DF_LAWS(1.0),reglement,GL,etat,1997,2
SLC:DF_LAWS(1.0),reglement,GR,etat,1997,1
SLC:DF_LAWS(1.0),reglement,LU,educ,1997,1
SLC:DF_LAWS(1.0),reglement,LU,etat,1997,2
SLC:DF_LAWS(1.0),reglement,NE,eco,1997,4
SLC:DF_LAWS(1.0),reglement,NE,educ,1997,2
SLC:DF_LAWS(1.0),reglement,NE,etat,1997,1
SLC:DF_LAWS(1.0),reglement,NE,fin,1997,1
SLC:DF_LAWS(1.0),reglement,NE,infra,1997,1
SLC:DF_LAWS(1.0),reglement,NE,sante,1997,4
SLC:DF_LAWS(1.0),reglement,NW,educ,1997,2
SLC:DF_LAWS(1.0),reglement,NW,infra,1997,1
SLC:DF_LAWS(1.0),reglement,SG,etat,1997,1
SLC:DF_LAWS(1.0),reglement,SO,educ,1997,3
SLC:DF_LAWS(1.0),reglement,SO,sante,1997,2
SLC:DF_LAWS(1.0),reglement,SZ,educ,1997,3
SLC:DF_LAWS(1.0),reglement,SZ,fin,1997,1
SLC:DF_LAWS(1.0),reglement,TI,autres,1997,5
SLC:DF_LAWS(1.0),reglement,TI,educ,1997,4
SLC:DF_LAWS(1.0),reglement,TI,etat,1997,2
SLC:DF_LAWS(1.0),reglement,TI,infra,1997,1
SLC:DF_LAWS(1.0),reglement,TI,sante,1997,3
SLC:DF_LAWS(1.0),reglement,UR,etat,1997,1
SLC:DF_LAWS(1.0),reglement,UR,fin,1997,1
SLC:DF_LAWS(1.0),reglement,UR,infra,1997,1
SLC:DF_LAWS(1.0),reglement,VD,autres,1997,5
SLC:DF_LAWS(1.0),reglement,VD,eco,1997,3
SLC:DF_LAWS(1.0),reglement,VD,educ,1997,2
SLC:DF_LAWS(1.0),reglement,VD,etat,1997,2
SLC:DF_LAWS(1.0),reglement,VD,infra,1997,3
SLC:DF_LAWS(1.0),reglement,VD,sante,1997,2
SLC:DF_LAWS(1.0),reglement,VS,etat,1997,4
SLC:DF_LAWS(1.0),reglement,VS,fin,1997,1
SLC:DF_LAWS(1.0),reglement,VS,sante,1997,3
SLC:DF_LAWS(1.0),reglement,ZG,educ,1997,2
SLC:DF_LAWS(1.0),reglement,ZG,etat,1997,2
SLC:DF_LAWS(1.0),reglement,ZH,educ,1997,2
SLC:DF_LAWS(1.0),staatsvertrag,BL,etat,1997,1
SLC:DF_LAWS(1.0),staatsvertrag,BL,infra,1997,1
SLC:DF_LAWS(1.0),staatsvertrag,BS,infra,1997,1
SLC:DF_LAWS(1.0),staatsvertrag,JU,eco,1997,1
SLC:DF_LAWS(1.0),staatsvertrag,SO,etat,1997,1
SLC:DF_LAWS(1.0),verfassung,TI,etat,1997,2
SLC:DF_LAWS(1.0),verordnung,AG,eco,1997,1
SLC:DF_LAWS(1.0),verordnung,AG,educ,1997,3
SLC:DF_LAWS(1.0),verordnung,AG,etat,1997,1
SLC:DF_LAWS(1.0),verordnung,AG,fin,1997,2
SLC:DF_LAWS(1.0),verordnung,AG,infra,1997,2
SLC:DF_LAWS(1.0),verordnung,AG,sante,1997,1
SLC:DF_LAWS(1.0),verordnung,AI,autres,1997,1
SLC:DF_LAWS(1.0),verordnung,AI,etat,1997,1
SLC:DF_LAWS(1.0),verordnung,AI,fin,1997,1
SLC:DF_LAWS(1.0),verordnung,AI,infra,1997,4
SLC:DF_LAWS(1.0),verordnung,AI,sante,1997,2
SLC:DF_LAWS(1.0),verordnung,AR,etat,1997,1
SLC:DF_LAWS(1.0),verordnung,AR,infra,1997,1
SLC:DF_LAWS(1.0),verordnung,AR,sante,1997,2
SLC:DF_LAWS(1.0),verordnung,BE,autres,1997,1
SLC:DF_LAWS(1.0),verordnung,BE,eco,1997,8
SLC:DF_LAWS(1.0),verordnung,BE,educ,1997,1
SLC:DF_LAWS(1.0),verordnung,BE,etat,1997,4
SLC:DF_LAWS(1.0),verordnung,BE,fin,1997,1
SLC:DF_LAWS(1.0),verordnung,BE,infra,1997,2
SLC:DF_LAWS(1.0),verordnung,BL,autres,1997,1
SLC:DF_LAWS(1.0),verordnung,BL,eco,1997,1
SLC:DF_LAWS(1.0),verordnung,BL,educ,1997,1
SLC:DF_LAWS(1.0),verordnung,BL,etat,1997,3
SLC:DF_LAWS(1.0),verordnung,BL,infra,1997,4
SLC:DF_LAWS(1.0),verordnung,BL,sante,1997,7
SLC:DF_LAWS(1.0),verordnung,BS,educ,1997,1
SLC:DF_LAWS(1.0),verordnung,BS,etat,1997,4
SLC:DF_LAWS(1.0),verordnung,BS,sante,1997,8
SLC:DF_LAWS(1.0),verordnung,FR,autres,1997,1
SLC:DF_LAWS(1.0),verordnung,FR,eco,1997,1
SLC:DF_LAWS(1.0),verordnung,FR,educ,1997,2
SLC:DF_LAWS(1.0),verordnung,FR,etat,1997,1
SLC:DF_LAWS(1.0),verordnung,GL,fin,1997,3
SLC:DF_LAWS(1.0),verordnung,GL,infra,1997,1
SLC:DF_LAWS(1.0),verordnung,GR,autres,1997,1
SLC:DF_LAWS(1.0),verordnung,GR,eco,1997,1
SLC:DF_LAWS(1.0),verordnung,GR,etat,1997,2
SLC:DF_LAWS(1.0),verordnung,GR,sante,1997,1
SLC:DF_LAWS(1.0),verordnung,JU,eco,1997,1
SLC:DF_LAWS(1.0),verordnung,JU,educ,1997,2
SLC:DF_LAWS(1.0),verordnung,JU,etat,1997,4
SLC:DF_LAWS(1.0),verordnung,JU,infra,1997,1
SLC:DF_LAWS(1.0),verordnung,JU,sante,1997,6
SLC:DF_LAWS(1.0),verordnung,LU,eco,1997,1
SLC:DF_LAWS(1.0),verordnung,LU,infra,1997,3
SLC:DF_LAWS(1.0),verordnung,NE,eco,1997,4
SLC:DF_LAWS(1.0),verordnung,NE,educ,1997,3
SLC:DF_LAWS(1.0),verordnung,NE,etat,1997,1
SLC:DF_LAWS(1.0),verordnung,NE,fin,1997,1
SLC:DF_LAWS(1.0),verordnung,NE,infra,1997,1
SLC:DF_LAWS(1.0),verordnung,NW,autres,1997,1
SLC:DF_LAWS(1.0),verordnung,NW,sante,1997,2
SLC:DF_LAWS(1.0),verordnung,OW,educ,1997,1
SLC:DF_LAWS(1.0),verordnung,OW,etat,1997,1
SLC:DF_LAWS(1.0),verordnung,OW,sante,1997,1
SLC:DF_LAWS(1.0),verordnung,SG,etat,1997,2
SLC:DF_LAWS(1.0),verordnung,SG,infra,1997,2
SLC:DF_LAWS(1.0),verordnung,SG,sante,1997,2
SLC:DF_LAWS(1.0),verordnung,SH,eco,1997,1
SLC:DF_LAWS(1.0),verordnung,SH,educ,1997,2
SLC:DF_LAWS(1.0),verordnung,SH,etat,1997,2
SLC:DF_LAWS(1.0),verordnung,SH,infra,1997,3
SLC:DF_LAWS(1.0),verordnung,SH,sante,1997,2
SLC:DF_LAWS(1.0),verordnung,SO,autres,1997,1
SLC:DF_LAWS(1.0),verordnung,SO,educ,1997,3
SLC:DF_LAWS(1.0),verordnung,SO,etat,1997,2
SLC:DF_LAWS(1.0),verordnung,SO,fin,1997,1
SLC:DF_LAWS(1.0),verordnung,SO,infra,1997,2
SLC:DF_LAWS(1.0),verordnung,SO,sante,1997,3
SLC:DF_LAWS(1.0),verordnung,SZ,infra,1997,3
SLC:DF_LAWS(1.0),verordnung,SZ,sante,1997,2
SLC:DF_LAWS(1.0),verordnung,TG,educ,1997,3
SLC:DF_LAWS(1.0),verordnung,TG,etat,1997,3
SLC:DF_LAWS(1.0),verordnung,TG,infra,1997,3
SLC:DF_LAWS(1.0),verordnung,TI,infra,1997,1
SLC:DF_LAWS(1.0),verordnung,TI,sante,1997,1
SLC:DF_LAWS(1.0),verordnung,VS,etat,1997,3
SLC:DF_LAWS(1.0),verordnung,VS,sante,1997,2
SLC:DF_LAWS(1.0),verordnung,ZG,educ,1997,1
SLC:DF_LAWS(1.0),verordnung,ZG,infra,1997,1
SLC:DF_LAWS(1.0),verordnung,ZH,autres,1997,1
SLC:DF_LAWS(1.0),verordnung,ZH,eco,1997,1
SLC:DF_LAWS(1.0),verordnung,ZH,educ,1997,3
SLC:DF_LAWS(1.0),verordnung,ZH,etat,1997,5
SLC:DF_LAWS(1.0),verordnung,ZH,fin,1997,2
SLC:DF_LAWS(1.0),verordnung,ZH,infra,1997,4
SLC:DF_LAWS(1.0),verordnung,ZH,sante,1997,1
SLC:DF_LAWS(1.0),anderes,_T,_T,1997,84
SLC:DF_LAWS(1.0),dekret,_T,_T,1997,66
SLC:DF_LAWS(1.0),gemeindeerlass,_T,_T,1997,6
SLC:DF_LAWS(1.0),gesetz,_T,_T,1997,100
SLC:DF_LAWS(1.0),interkantonale_vereinbarung,_T,_T,1997,71
SLC:DF_LAWS(1.0),reglement,_T,_T,1997,114
SLC:DF_LAWS(1.0),staatsvertrag,_T,_T,1997,5
SLC:DF_LAWS(1.0),verfassung,_T,_T,1997,2
SLC:DF_LAWS(1.0),verordnung,_T,_T,1997,186
SLC:DF_LAWS(1.0),_T,AG,_T,1997,26
SLC:DF_LAWS(1.0),_T,AI,_T,1997,15
SLC:DF_LAWS(1.0),_T,AR,_T,1997,8
SLC:DF_LAWS(1.0),_T,BE,_T,1997,28
SLC:DF_LAWS(1.0),_T,BL,_T,1997,34
SLC:DF_LAWS(1.0),_T,BS,_T,1997,39
SLC:DF_LAWS(1.0),_T,FR,_T,1997,33
SLC:DF_LAWS(1.0),_T,GE,_T,1997,32
SLC:DF_LAWS(1.0),_T,GL,_T,1997,18
SLC:DF_LAWS(1.0),_T,GR,_T,1997,14
SLC:DF_LAWS(1.0),_T,JU,_T,1997,16
SLC:DF_LAWS(1.0),_T,LU,_T,1997,23
SLC:DF_LAWS(1.0),_T,NE,_T,1997,48
SLC:DF_LAWS(1.0),_T,NW,_T,1997,21
SLC:DF_LAWS(1.0),_T,OW,_T,1997,34
SLC:DF_LAWS(1.0),_T,SG,_T,1997,27
SLC:DF_LAWS(1.0),_T,SH,_T,1997,15
SLC:DF_LAWS(1.0),_T,SO,_T,1997,30
SLC:DF_LAWS(1.0),_T,SZ,_T,1997,16
SLC:DF_LAWS(1.0),_T,TG,_T,1997,14
SLC:DF_LAWS(1.0),_T,TI,_T,1997,38
SLC:DF_LAWS(1.0),_T,UR,_T,1997,10
SLC:DF_LAWS(1.0),_T,VD,_T,1997,23
SLC:DF_LAWS(1.0),_T,VS,_T,1997,28
SLC:DF_LAWS(1.0),_T,ZG,_T,1997,13
SLC:DF_LAWS(1.0),_T,ZH,_T,1997,31
SLC:DF_LAWS(1.0),_T,_T,autres,1997,39
SLC:DF_LAWS(1.0),_T,_T,eco,1997,66
SLC:DF_LAWS(1.0),_T,_T,educ,1997,146
SLC:DF_LAWS(1.0),_T,_T,etat,1997,134
SLC:DF_LAWS(1.0),_T,_T,fin,1997,35
SLC:DF_LAWS(1.0),_T,_T,infra,1997,100
SLC:DF_LAWS(1.0),_T,_T,sante,1997,114
SLC:DF_LAWS(1.0),_T,_T,_T,1997,634
SLC:DF_LAWS(1.0),anderes,AI,educ,1998,5
SLC:DF_LAWS(1.0),anderes,AI,sante,1998,1
SLC:DF_LAWS(1.0),anderes,AR,autres,1998,1
SLC:DF_LAWS(1.0),anderes,BE,educ,1998,1
SLC:DF_LAWS(1.0),anderes,BL,autres,1998,1
SLC:DF_LAWS(1.0),anderes,BL,educ,1998,1
SLC:DF_LAWS(1.0),anderes,BS,educ,1998,2
SLC:DF_LAWS(1.0),anderes,BS,sante,1998,1
SLC:DF_LAWS(1.0),anderes,FR,autres,1998,1
SLC:DF_LAWS(1.0),anderes,FR,eco,1998,2
SLC:DF_LAWS(1.0),anderes,FR,educ,1998,1
SLC:DF_LAWS(1.0),anderes,FR,etat,1998,2
SLC:DF_LAWS(1.0),anderes,FR,infra,1998,2
SLC:DF_LAWS(1.0),anderes,FR,sante,1998,2
SLC:DF_LAWS(1.0),anderes,GL,educ,1998,2
SLC:DF_LAWS(1.0),anderes,GL,fin,1998,1
SLC:DF_LAWS(1.0),anderes,GL,infra,1998,2
SLC:DF_LAWS(1.0),anderes,GR,autres,1998,1
SLC:DF_LAWS(1.0),anderes,GR,eco,1998,1
SLC:DF_LAWS(1.0),anderes,GR,etat,1998,1
SLC:DF_LAWS(1.0),anderes,GR,sante,1998,1
SLC:DF_LAWS(1.0),anderes,LU,autres,1998,3
SLC:DF_LAWS(1.0),anderes,LU,eco,1998,1
SLC:DF_LAWS(1.0),anderes,LU,etat,1998,1
SLC:DF_LAWS(1.0),anderes,NE,eco,1998,3
SLC:DF_LAWS(1.0),anderes,NE,educ,1998,1
SLC:DF_LAWS(1.0),anderes,NE,etat,1998,3
SLC:DF_LAWS(1.0),anderes,NE,infra,1998,1
SLC:DF_LAWS(1.0),anderes,NE,sante,1998,1
SLC:DF_LAWS(1.0),anderes,NW,etat,1998,2
SLC:DF_LAWS(1.0),anderes,OW,eco,1998,1
SLC:DF_LAWS(1.0),anderes,SG,educ,1998,1
SLC:DF_LAWS(1.0),anderes,SG,etat,1998,1
SLC:DF_LAWS(1.0),anderes,SH,educ,1998,1
SLC:DF_LAWS(1.0),anderes,SO,educ,1998,3
SLC:DF_LAWS(1.0),anderes,SO,infra,1998,1
SLC:DF_LAWS(1.0),anderes,SZ,educ,1998,1
SLC:DF_LAWS(1.0),anderes,SZ,etat,1998,1
SLC:DF_LAWS(1.0),anderes,TI,autres,1998,1
SLC:DF_LAWS(1.0),anderes,TI,educ,1998,1
SLC:DF_LAWS(1.0),anderes,TI,infra,1998,1
SLC:DF_LAWS(1.0),anderes,VD,autres,1998,1
SLC:DF_LAWS(1.0),anderes,VD,etat,1998,4
SLC:DF_LAWS(1.0),anderes,VD,sante,1998,1
SLC:DF_LAWS(1.0),anderes,VS,autres,1998,5
SLC:DF_LAWS(1.0),anderes,VS,educ,1998,2
SLC:DF_LAWS(1.0),anderes,VS,infra,1998,3
SLC:DF_LAWS(1.0),anderes,ZG,educ,1998,1
SLC:DF_LAWS(1.0),anderes,ZG,sante,1998,1
SLC:DF_LAWS(1.0),anderes,ZH,educ,1998,3
SLC:DF_LAWS(1.0),anderes,ZH,etat,1998,1
SLC:DF_LAWS(1.0),anderes,ZH,fin,1998,1
SLC:DF_LAWS(1.0),dekret,AG,autres,1998,2
SLC:DF_LAWS(1.0),dekret,AG,fin,1998,1
SLC:DF_LAWS(1.0),dekret,AG,infra,1998,3
SLC:DF_LAWS(1.0),dekret,AI,autres,1998,1
SLC:DF_LAWS(1.0),dekret,AI,educ,1998,1
SLC:DF_LAWS(1.0),dekret,AI,etat,1998,1
SLC:DF_LAWS(1.0),dekret,AI,infra,1998,2
SLC:DF_LAWS(1.0),dekret,AI,sante,1998,1
SLC:DF_LAWS(1.0),dekret,AR,autres,1998,1
SLC:DF_LAWS(1.0),dekret,AR,eco,1998,1
SLC:DF_LAWS(1.0),dekret,AR,sante,1998,1
SLC:DF_LAWS(1.0),dekret,BL,eco,1998,1
SLC:DF_LAWS(1.0),dekret,BL,sante,1998,1
SLC:DF_LAWS(1.0),dekret,FR,sante,1998,1
SLC:DF_LAWS(1.0),dekret,GR,eco,1998,1
SLC:DF_LAWS(1.0),dekret,GR,fin,1998,1
SLC:DF_LAWS(1.0),dekret,JU,eco,1998,1
SLC:DF_LAWS(1.0),dekret,JU,etat,1998,1
SLC:DF_LAWS(1.0),dekret,JU,fin,1998,1
SLC:DF_LAWS(1.0),dekret,LU,autres,1998,1
SLC:DF_LAWS(1.0),dekret,LU,eco,1998,1
SLC:DF_LAWS(1.0),dekret,LU,etat,1998,3
SLC:DF_LAWS(1.0),dekret,LU,infra,1998,1
SLC:DF_LAWS(1.0),dekret,NE,educ,1998,2
SLC:DF_LAWS(1.0),dekret,NW,etat,1998,1
SLC:DF_LAWS(1.0),dekret,OW,educ,1998,1
SLC:DF_LAWS(1.0),dekret,OW,etat,1998,2
SLC:DF_LAWS(1.0),dekret,OW,infra,1998,1
SLC:DF_LAWS(1.0),dekret,OW,sante,1998,1
SLC:DF_LAWS(1.0),dekret,SG,educ,1998,2
SLC:DF_LAWS(1.0),dekret,SG,fin,1998,3
SLC:DF_LAWS(1.0),dekret,SG,infra,1998,1
SLC:DF_LAWS(1.0),dekret,SG,sante,1998,1
SLC:DF_LAWS(1.0),dekret,SH,autres,1998,1
SLC:DF_LAWS(1.0),dekret,SH,etat,1998,2
SLC:DF_LAWS(1.0),dekret,SH,fin,1998,1
SLC:DF_LAWS(1.0),dekret,SZ,educ,1998,1
SLC:DF_LAWS(1.0),dekret,SZ,etat,1998,1
SLC:DF_LAWS(1.0),dekret,TG,educ,1998,1
SLC:DF_LAWS(1.0),dekret,TG,etat,1998,1
SLC:DF_LAWS(1.0),dekret,TI,autres,1998,1
SLC:DF_LAWS(1.0),dekret,TI,educ,1998,8
SLC:DF_LAWS(1.0),dekret,TI,etat,1998,1
SLC:DF_LAWS(1.0),dekret,UR,etat,1998,3
SLC:DF_LAWS(1.0),dekret,UR,sante,1998,1
SLC:DF_LAWS(1.0),dekret,ZG,eco,1998,1
SLC:DF_LAWS(1.0),dekret,ZG,etat,1998,1
SLC:DF_LAWS(1.0),dekret,ZG,fin,1998,1
SLC:DF_LAWS(1.0),dekret,ZG,sante,1998,2
SLC:DF_LAWS(1.0),gemeindeerlass,BS,etat,1998,1
SLC:DF_LAWS(1.0),gesetz,AG,fin,1998,1
SLC:DF_LAWS(1.0),gesetz,AI,infra,1998,2
SLC:DF_LAWS(1.0),gesetz,AI,sante,1998,1
SLC:DF_LAWS(1.0),gesetz,AR,eco,1998,1
SLC:DF_LAWS(1.0),gesetz,AR,etat,1998,1
SLC:DF_LAWS(1.0),gesetz,BE,etat,1998,2
SLC:DF_LAWS(1.0),gesetz,BE,infra,1998,1
SLC:DF_LAWS(1.0),gesetz,BL,eco,1998,2
SLC:DF_LAWS(1.0),gesetz,BL,infra,1998,1
SLC:DF_LAWS(1.0),gesetz,BS,etat,1998,1
SLC:DF_LAWS(1.0),gesetz,BS,infra,1998,1
SLC:DF_LAWS(1.0),gesetz,FR,autres,1998,1
SLC:DF_LAWS(1.0),gesetz,FR,eco,1998,1
SLC:DF_LAWS(1.0),gesetz,FR,infra,1998,1
SLC:DF_LAWS(1.0),gesetz,FR,sante,1998,1
SLC:DF_LAWS(1.0),gesetz,GE,educ,1998,3
SLC:DF_LAWS(1.0),gesetz,GE,etat,1998,1
SLC:DF_LAWS(1.0),gesetz,GE,infra,1998,2
SLC:DF_LAWS(1.0),gesetz,GE,sante,1998,1
SLC:DF_LAWS(1.0),gesetz,GL,eco,1998,1
SLC:DF_LAWS(1.0),gesetz,GL,fin,1998,1
SLC:DF_LAWS(1.0),gesetz,GR,fin,1998,2
SLC:DF_LAWS(1.0),gesetz,JU,eco,1998,1
SLC:DF_LAWS(1.0),gesetz,JU,educ,1998,1
SLC:DF_LAWS(1.0),gesetz,JU,etat,1998,2
SLC:DF_LAWS(1.0),gesetz,JU,fin,1998,1
SLC:DF_LAWS(1.0),gesetz,JU,infra,1998,1
SLC:DF_LAWS(1.0),gesetz,JU,sante,1998,1
SLC:DF_LAWS(1.0),gesetz,LU,etat,1998,2
SLC:DF_LAWS(1.0),gesetz,LU,infra,1998,2
SLC:DF_LAWS(1.0),gesetz,LU,sante,1998,1
SLC:DF_LAWS(1.0),gesetz,NE,autres,1998,3
SLC:DF_LAWS(1.0),gesetz,NE,eco,1998,1
SLC:DF_LAWS(1.0),gesetz,NE,etat,1998,1
SLC:DF_LAWS(1.0),gesetz,NE,infra,1998,1
SLC:DF_LAWS(1.0),gesetz,NE,sante,1998,1
SLC:DF_LAWS(1.0),gesetz,NW,eco,1998,1
SLC:DF_LAWS(1.0),gesetz,NW,etat,1998,3
SLC:DF_LAWS(1.0),gesetz,NW,sante,1998,1
SLC:DF_LAWS(1.0),gesetz,SG,etat,1998,1
SLC:DF_LAWS(1.0),gesetz,SG,infra,1998,3
SLC:DF_LAWS(1.0),gesetz,SG,sante,1998,1
SLC:DF_LAWS(1.0),gesetz,SH,eco,1998,2
SLC:DF_LAWS(1.0),gesetz,SH,etat,1998,1
SLC:DF_LAWS(1.0),gesetz,SH,infra,1998,1
SLC:DF_LAWS(1.0),gesetz,SH,sante,1998,1
SLC:DF_LAWS(1.0),gesetz,SZ,sante,1998,1
SLC:DF_LAWS(1.0),gesetz,TG,eco,1998,1
SLC:DF_LAWS(1.0),gesetz,TG,etat,1998,1
SLC:DF_LAWS(1.0),gesetz,TI,autres,1998,1
SLC:DF_LAWS(1.0),gesetz,TI,eco,1998,2
SLC:DF_LAWS(1.0),gesetz,TI,educ,1998,1
SLC:DF_LAWS(1.0),gesetz,TI,etat,1998,2
SLC:DF_LAWS(1.0),gesetz,TI,sante,1998,1
SLC:DF_LAWS(1.0),gesetz,UR,eco,1998,1
SLC:DF_LAWS(1.0),gesetz,UR,fin,1998,1
SLC:DF_LAWS(1.0),gesetz,UR,infra,1998,1
SLC:DF_LAWS(1.0),gesetz,VD,eco,1998,1
SLC:DF_LAWS(1.0),gesetz,VD,etat,1998,3
SLC:DF_LAWS(1.0),gesetz,VS,educ,1998,1
SLC:DF_LAWS(1.0),gesetz,VS,etat,1998,3
SLC:DF_LAWS(1.0),gesetz,VS,infra,1998,1
SLC:DF_LAWS(1.0),gesetz,VS,sante,1998,4
SLC:DF_LAWS(1.0),gesetz,ZG,etat,1998,1
SLC:DF_LAWS(1.0),gesetz,ZG,fin,1998,2
SLC:DF_LAWS(1.0),gesetz,ZG,infra,1998,2
SLC:DF_LAWS(1.0),gesetz,ZG,sante,1998,4
SLC:DF_LAWS(1.0),gesetz,ZH,autres,1998,1
SLC:DF_LAWS(1.0),gesetz,ZH,eco,1998,1
SLC:DF_LAWS(1.0),gesetz,ZH,educ,1998,3
SLC:DF_LAWS(1.0),gesetz,ZH,etat,1998,2
SLC:DF_LAWS(1.0),interkantonale_vereinbarung,AG,eco,1998,1
SLC:DF_LAWS(1.0),interkantonale_vereinbarung,AG,educ,1998,3
SLC:DF_LAWS(1.0),interkantonale_vereinbarung,AI,eco,1998,1
SLC:DF_LAWS(1.0),interkantonale_vereinbarung,AI,educ,1998,1
SLC:DF_LAWS(1.0),interkantonale_vereinbarung,AR,educ,1998,2
SLC:DF_LAWS(1.0),interkantonale_vereinbarung,BE,eco,1998,1
SLC:DF_LAWS(1.0),interkantonale_vereinbarung,BE,educ,1998,1
SLC:DF_LAWS(1.0),interkantonale_vereinbarung,BL,eco,1998,1
SLC:DF_LAWS(1.0),interkantonale_vereinbarung,BL,educ,1998,6
SLC:DF_LAWS(1.0),interkantonale_vereinbarung,BL,fin,1998,1
SLC:DF_LAWS(1.0),interkantonale_vereinbarung,BL,infra,1998,2
SLC:DF_LAWS(1.0),interkantonale_vereinbarung,BL,sante,1998,2
SLC:DF_LAWS(1.0),interkantonale_vereinbarung,BS,eco,1998,1
SLC:DF_LAWS(1.0),interkantonale_vereinbarung,BS,educ,1998,4
SLC:DF_LAWS(1.0),interkantonale_vereinbarung,BS,etat,1998,1
SLC:DF_LAWS(1.0),interkantonale_vereinbarung,BS,infra,1998,2
SLC:DF_LAWS(1.0),interkantonale_vereinbarung,BS,sante,1998,2
SLC:DF_LAWS(1.0),interkantonale_vereinbarung,FR,eco,1998,3
SLC:DF_LAWS(1.0),interkantonale_vereinbarung,FR,educ,1998,2
SLC:DF_LAWS(1.0),interkantonale_vereinbarung,FR,sante,1998,1
SLC:DF_LAWS(1.0),interkantonale_vereinbarung,GE,eco,1998,1
SLC:DF_LAWS(1.0),interkantonale_vereinbarung,GE,educ,1998,1
SLC:DF_LAWS(1.0),interkantonale_vereinbarung,GL,eco,1998,1
SLC:DF_LAWS(1.0),interkantonale_vereinbarung,GL,educ,1998,1
SLC:DF_LAWS(1.0),interkantonale_vereinbarung,GR,fin,1998,1
SLC:DF_LAWS(1.0),interkantonale_vereinbarung,JU,educ,1998,2
SLC:DF_LAWS(1.0),interkantonale_vereinbarung,JU,etat,1998,2
SLC:DF_LAWS(1.0),interkantonale_vereinbarung,JU,infra,1998,1
SLC:DF_LAWS(1.0),interkantonale_vereinbarung,LU,eco,1998,1
SLC:DF_LAWS(1.0),interkantonale_vereinbarung,LU,educ,1998,1
SLC:DF_LAWS(1.0),interkantonale_vereinbarung,NE,eco,1998,2
SLC:DF_LAWS(1.0),interkantonale_vereinbarung,NE,educ,1998,2
SLC:DF_LAWS(1.0),interkantonale_vereinbarung,NW,eco,1998,1
SLC:DF_LAWS(1.0),interkantonale_vereinbarung,OW,eco,1998,1
SLC:DF_LAWS(1.0),interkantonale_vereinbarung,OW,educ,1998,2
SLC:DF_LAWS(1.0),interkantonale_vereinbarung,OW,sante,1998,2
SLC:DF_LAWS(1.0),interkantonale_vereinbarung,SG,eco,1998,1
SLC:DF_LAWS(1.0),interkantonale_vereinbarung,SG,educ,1998,2
SLC:DF_LAWS(1.0),interkantonale_vereinbarung,SG,fin,1998,1
SLC:DF_LAWS(1.0),interkantonale_vereinbarung,SH,educ,1998,1
SLC:DF_LAWS(1.0),interkantonale_vereinbarung,SH,fin,1998,1
SLC:DF_LAWS(1.0),interkantonale_vereinbarung,SO,eco,1998,1
SLC:DF_LAWS(1.0),interkantonale_vereinbarung,SO,educ,1998,3
SLC:DF_LAWS(1.0),interkantonale_vereinbarung,SZ,eco,1998,1
SLC:DF_LAWS(1.0),interkantonale_vereinbarung,SZ,educ,1998,1
SLC:DF_LAWS(1.0),interkantonale_vereinbarung,TG,eco,1998,1
SLC:DF_LAWS(1.0),interkantonale_vereinbarung,TG,educ,1998,2
SLC:DF_LAWS(1.0),interkantonale_vereinbarung,TG,infra,1998,1
SLC:DF_LAWS(1.0),interkantonale_vereinbarung,TI,eco,1998,1
SLC:DF_LAWS(1.0),interkantonale_vereinbarung,TI,educ,1998,8
SLC:DF_LAWS(1.0),interkantonale_vereinbarung,UR,eco,1998,1
SLC:DF_LAWS(1.0),interkantonale_vereinbarung,VD,eco,1998,3
SLC:DF_LAWS(1.0),interkantonale_vereinbarung,VS,eco,1998,1
SLC:DF_LAWS(1.0),interkantonale_vereinbarung,VS,educ,1998,2
SLC:DF_LAWS(1.0),interkantonale_vereinbarung,ZG,eco,1998,1
SLC:DF_LAWS(1.0),interkantonale_vereinbarung,ZG,educ,1998,2
SLC:DF_LAWS(1.0),interkantonale_vereinbarung,ZG,sante,1998,2
SLC:DF_LAWS(1.0),interkantonale_vereinbarung,ZH,educ,1998,5
SLC:DF_LAWS(1.0),interkantonale_vereinbarung,ZH,fin,1998,1
SLC:DF_LAWS(1.0),interkantonale_vereinbarung,ZH,infra,1998,1
SLC:DF_LAWS(1.0),reglement,AG,etat,1998,1
SLC:DF_LAWS(1.0),reglement,BL,educ,1998,1
SLC:DF_LAWS(1.0),reglement,FR,autres,1998,1
SLC:DF_LAWS(1.0),reglement,FR,eco,1998,1
SLC:DF_LAWS(1.0),reglement,FR,educ,1998,2
SLC:DF_LAWS(1.0),reglement,FR,infra,1998,1
SLC:DF_LAWS(1.0),reglement,FR,sante,1998,2
SLC:DF_LAWS(1.0),reglement,GE,autres,1998,1
SLC:DF_LAWS(1.0),reglement,GE,educ,1998,5
SLC:DF_LAWS(1.0),reglement,GE,etat,1998,2
SLC:DF_LAWS(1.0),reglement,GE,infra,1998,1
SLC:DF_LAWS(1.0),reglement,GE,sante,1998,6
SLC:DF_LAWS(1.0),reglement,GR,eco,1998,1
SLC:DF_LAWS(1.0),reglement,GR,educ,1998,1
SLC:DF_LAWS(1.0),reglement,GR,sante,1998,2
SLC:DF_LAWS(1.0),reglement,LU,educ,1998,1
SLC:DF_LAWS(1.0),reglement,LU,sante,1998,1
SLC:DF_LAWS(1.0),reglement,NE,eco,1998,2
SLC:DF_LAWS(1.0),reglement,NE,etat,1998,4
SLC:DF_LAWS(1.0),reglement,NE,sante,1998,1
SLC:DF_LAWS(1.0),reglement,NW,educ,1998,1
SLC:DF_LAWS(1.0),reglement,NW,etat,1998,1
SLC:DF_LAWS(1.0),reglement,SG,educ,1998,3
SLC:DF_LAWS(1.0),reglement,SO,educ,1998,1
SLC:DF_LAWS(1.0),reglement,SO,etat,1998,1
SLC:DF_LAWS(1.0),reglement,SZ,educ,1998,1
SLC:DF_LAWS(1.0),reglement,TI,autres,1998,2
SLC:DF_LAWS(1.0),reglement,TI,eco,1998,6
SLC:DF_LAWS(1.0),reglement,TI,educ,1998,4
SLC:DF_LAWS(1.0),reglement,TI,etat,1998,2
SLC:DF_LAWS(1.0),reglement,TI,sante,1998,6
SLC:DF_LAWS(1.0),reglement,UR,eco,1998,1
SLC:DF_LAWS(1.0),reglement,UR,educ,1998,1
SLC:DF_LAWS(1.0),reglement,UR,etat,1998,1
SLC:DF_LAWS(1.0),reglement,UR,fin,1998,1
SLC:DF_LAWS(1.0),reglement,UR,infra,1998,1
SLC:DF_LAWS(1.0),reglement,UR,sante,1998,2
SLC:DF_LAWS(1.0),reglement,VD,eco,1998,4
SLC:DF_LAWS(1.0),reglement,VD,educ,1998,1
SLC:DF_LAWS(1.0),reglement,VD,fin,1998,2
SLC:DF_LAWS(1.0),reglement,VD,infra,1998,2
SLC:DF_LAWS(1.0),reglement,VD,sante,1998,1
SLC:DF_LAWS(1.0),reglement,VS,autres,1998,1
SLC:DF_LAWS(1.0),reglement,VS,eco,1998,4
SLC:DF_LAWS(1.0),reglement,VS,etat,1998,2
SLC:DF_LAWS(1.0),reglement,VS,sante,1998,1
SLC:DF_LAWS(1.0),reglement,ZG,educ,1998,1
SLC:DF_LAWS(1.0),reglement,ZH,educ,1998,8
SLC:DF_LAWS(1.0),reglement,ZH,etat,1998,1
SLC:DF_LAWS(1.0),verordnung,AG,educ,1998,1
SLC:DF_LAWS(1.0),verordnung,AG,etat,1998,3
SLC:DF_LAWS(1.0),verordnung,AG,infra,1998,3
SLC:DF_LAWS(1.0),verordnung,AG,sante,1998,1
SLC:DF_LAWS(1.0),verordnung,AI,educ,1998,1
SLC:DF_LAWS(1.0),verordnung,AI,etat,1998,1
SLC:DF_LAWS(1.0),verordnung,AI,sante,1998,1
SLC:DF_LAWS(1.0),verordnung,AR,autres,1998,1
SLC:DF_LAWS(1.0),verordnung,AR,infra,1998,2
SLC:DF_LAWS(1.0),verordnung,AR,sante,1998,1
SLC:DF_LAWS(1.0),verordnung,BE,autres,1998,1
SLC:DF_LAWS(1.0),verordnung,BE,eco,1998,1
SLC:DF_LAWS(1.0),verordnung,BE,educ,1998,3
SLC:DF_LAWS(1.0),verordnung,BE,etat,1998,2
SLC:DF_LAWS(1.0),verordnung,BE,infra,1998,3
SLC:DF_LAWS(1.0),verordnung,BE,sante,1998,2
SLC:DF_LAWS(1.0),verordnung,BL,autres,1998,2
SLC:DF_LAWS(1.0),verordnung,BL,eco,1998,5
SLC:DF_LAWS(1.0),verordnung,BL,educ,1998,2
SLC:DF_LAWS(1.0),verordnung,BL,etat,1998,4
SLC:DF_LAWS(1.0),verordnung,BL,fin,1998,1
SLC:DF_LAWS(1.0),verordnung,BL,infra,1998,12
SLC:DF_LAWS(1.0),verordnung,BL,sante,1998,4
SLC:DF_LAWS(1.0),verordnung,BS,educ,1998,3
SLC:DF_LAWS(1.0),verordnung,BS,etat,1998,3
SLC:DF_LAWS(1.0),verordnung,BS,fin,1998,1
SLC:DF_LAWS(1.0),verordnung,BS,infra,1998,1
SLC:DF_LAWS(1.0),verordnung,BS,sante,1998,1
SLC:DF_LAWS(1.0),verordnung,FR,eco,1998,1
SLC:DF_LAWS(1.0),verordnung,FR,fin,1998,2
SLC:DF_LAWS(1.0),verordnung,GL,infra,1998,3
SLC:DF_LAWS(1.0),verordnung,GL,sante,1998,1
SLC:DF_LAWS(1.0),verordnung,GR,eco,1998,2
SLC:DF_LAWS(1.0),verordnung,GR,educ,1998,7
SLC:DF_LAWS(1.0),verordnung,GR,etat,1998,3
SLC:DF_LAWS(1.0),verordnung,GR,fin,1998,2
SLC:DF_LAWS(1.0),verordnung,GR,infra,1998,2
SLC:DF_LAWS(1.0),verordnung,GR,sante,1998,5
SLC:DF_LAWS(1.0),verordnung,JU,etat,1998,3
SLC:DF_LAWS(1.0),verordnung,JU,fin,1998,1
SLC:DF_LAWS(1.0),verordnung,JU,infra,1998,2
SLC:DF_LAWS(1.0),verordnung,JU,sante,1998,5
SLC:DF_LAWS(1.0),verordnung,LU,etat,1998,2
SLC:DF_LAWS(1.0),verordnung,LU,fin,1998,1
SLC:DF_LAWS(1.0),verordnung,LU,infra,1998,3
SLC:DF_LAWS(1.0),verordnung,NE,autres,1998,1
SLC:DF_LAWS(1.0),verordnung,NE,etat,1998,2
SLC:DF_LAWS(1.0),verordnung,NE,fin,1998,1
SLC:DF_LAWS(1.0),verordnung,NE,infra,1998,2
SLC:DF_LAWS(1.0),verordnung,NE,sante,1998,1
SLC:DF_LAWS(1.0),verordnung,NW,etat,1998,15
SLC:DF_LAWS(1.0),verordnung,NW,infra,1998,1
SLC:DF_LAWS(1.0),verordnung,NW,sante,1998,1
SLC:DF_LAWS(1.0),verordnung,OW,eco,1998,1
SLC:DF_LAWS(1.0),verordnung,OW,educ,1998,2
SLC:DF_LAWS(1.0),verordnung,OW,etat,1998,2
SLC:DF_LAWS(1.0),verordnung,OW,infra,1998,2
SLC:DF_LAWS(1.0),verordnung,OW,sante,1998,2
SLC:DF_LAWS(1.0),verordnung,SG,autres,1998,2
SLC:DF_LAWS(1.0),verordnung,SG,eco,1998,1
SLC:DF_LAWS(1.0),verordnung,SG,etat,1998,1
SLC:DF_LAWS(1.0),verordnung,SG,fin,1998,2
SLC:DF_LAWS(1.0),verordnung,SG,infra,1998,2
SLC:DF_LAWS(1.0),verordnung,SG,sante,1998,3
SLC:DF_LAWS(1.0),verordnung,SH,etat,1998,1
SLC:DF_LAWS(1.0),verordnung,SH,infra,1998,2
SLC:DF_LAWS(1.0),verordnung,SH,sante,1998,1
SLC:DF_LAWS(1.0),verordnung,SO,autres,1998,1
SLC:DF_LAWS(1.0),verordnung,SO,eco,1998,2
SLC:DF_LAWS(1.0),verordnung,SO,educ,1998,4
SLC:DF_LAWS(1.0),verordnung,SO,etat,1998,1
SLC:DF_LAWS(1.0),verordnung,SO,infra,1998,1
SLC:DF_LAWS(1.0),verordnung,SZ,autres,1998,1
SLC:DF_LAWS(1.0),verordnung,SZ,educ,1998,1
SLC:DF_LAWS(1.0),verordnung,TG,autres,1998,1
SLC:DF_LAWS(1.0),verordnung,TG,educ,1998,2
SLC:DF_LAWS(1.0),verordnung,TG,etat,1998,2
SLC:DF_LAWS(1.0),verordnung,TI,etat,1998,1
SLC:DF_LAWS(1.0),verordnung,TI,sante,1998,2
SLC:DF_LAWS(1.0),verordnung,VS,autres,1998,1
SLC:DF_LAWS(1.0),verordnung,VS,eco,1998,2
SLC:DF_LAWS(1.0),verordnung,VS,etat,1998,2
SLC:DF_LAWS(1.0),verordnung,ZG,autres,1998,1
SLC:DF_LAWS(1.0),verordnung,ZG,educ,1998,2
SLC:DF_LAWS(1.0),verordnung,ZG,etat,1998,3
SLC:DF_LAWS(1.0),verordnung,ZG,fin,1998,1
SLC:DF_LAWS(1.0),verordnung,ZG,sante,1998,1
SLC:DF_LAWS(1.0),verordnung,ZH,autres,1998,2
SLC:DF_LAWS(1.0),verordnung,ZH,eco,1998,1
SLC:DF_LAWS(1.0),verordnung,ZH,educ,1998,9
SLC:DF_LAWS(1.0),verordnung,ZH,etat,1998,7
SLC:DF_LAWS(1.0),verordnung,ZH,fin,1998,3
SLC:DF_LAWS(1.0),verordnung,ZH,infra,1998,1
SLC:DF_LAWS(1.0),verordnung,ZH,sante,1998,4
SLC:DF_LAWS(1.0),anderes,_T,_T,1998,84
SLC:DF_LAWS(1.0),dekret,_T,_T,1998,71
SLC:DF_LAWS(1.0),gemeindeerlass,_T,_T,1998,1
SLC:DF_LAWS(1.0),gesetz,_T,_T,1998,105
SLC:DF_LAWS(1.0),interkantonale_vereinbarung,_T,_T,1998,104
SLC:DF_LAWS(1.0),reglement,_T,_T,1998,100
SLC:DF_LAWS(1.0),verordnung,_T,_T,1998,218
SLC:DF_LAWS(1.0),_T,AG,_T,1998,20
SLC:DF_LAWS(1.0),_T,AI,_T,1998,20
SLC:DF_LAWS(1.0),_T,AR,_T,1998,12
SLC:DF_LAWS(1.0),_T,BE,_T,1998,18
SLC:DF_LAWS(1.0),_T,BL,_T,1998,50
SLC:DF_LAWS(1.0),_T,BS,_T,1998,25
SLC:DF_LAWS(1.0),_T,FR,_T,1998,31
SLC:DF_LAWS(1.0),_T,GE,_T,1998,24
SLC:DF_LAWS(1.0),_T,GL,_T,1998,13
SLC:DF_LAWS(1.0),_T,GR,_T,1998,34
SLC:DF_LAWS(1.0),_T,JU,_T,1998,26
SLC:DF_LAWS(1.0),_T,LU,_T,1998,26
SLC:DF_LAWS(1.0),_T,NE,_T,1998,36
SLC:DF_LAWS(1.0),_T,NW,_T,1998,28
SLC:DF_LAWS(1.0),_T,OW,_T,1998,20
SLC:DF_LAWS(1.0),_T,SG,_T,1998,32
SLC:DF_LAWS(1.0),_T,SH,_T,1998,16
SLC:DF_LAWS(1.0),_T,SO,_T,1998,19
SLC:DF_LAWS(1.0),_T,SZ,_T,1998,10
SLC:DF_LAWS(1.0),_T,TG,_T,1998,13
SLC:DF_LAWS(1.0),_T,TI,_T,1998,52
SLC:DF_LAWS(1.0),_T,UR,_T,1998,15
SLC:DF_LAWS(1.0),_T,VD,_T,1998,23
SLC:DF_LAWS(1.0),_T,VS,_T,1998,35
SLC:DF_LAWS(1.0),_T,ZG,_T,1998,30
SLC:DF_LAWS(1.0),_T,ZH,_T,1998,55
SLC:DF_LAWS(1.0),_T,_T,autres,1998,46
SLC:DF_LAWS(1.0),_T,_T,eco,1998,91
SLC:DF_LAWS(1.0),_T,_T,educ,1998,173
SLC:DF_LAWS(1.0),_T,_T,etat,1998,137
SLC:DF_LAWS(1.0),_T,_T,fin,1998,41
SLC:DF_LAWS(1.0),_T,_T,infra,1998,92
SLC:DF_LAWS(1.0),_T,_T,sante,1998,103
SLC:DF_LAWS(1.0),_T,_T,_T,1998,683
SLC:DF_LAWS(1.0),anderes,AI,educ,1999,4
SLC:DF_LAWS(1.0),anderes,AI,etat,1999,2
SLC:DF_LAWS(1.0),anderes,BL,etat,1999,1
SLC:DF_LAWS(1.0),anderes,BL,infra,1999,1
SLC:DF_LAWS(1.0),anderes,BL,sante,1999,2
SLC:DF_LAWS(1.0),anderes,BS,educ,1999,1
SLC:DF_LAWS(1.0),anderes,BS,infra,1999,2
SLC:DF_LAWS(1.0),anderes,FR,etat,1999,2
SLC:DF_LAWS(1.0),anderes,FR,fin,1999,1
SLC:DF_LAWS(1.0),anderes,FR,infra,1999,2
SLC:DF_LAWS(1.0),anderes,FR,sante,1999,1
SLC:DF_LAWS(1.0),anderes,GE,sante,1999,1
SLC:DF_LAWS(1.0),anderes,GL,fin,1999,2
SLC:DF_LAWS(1.0),anderes,GL,infra,1999,1
SLC:DF_LAWS(1.0),anderes,GL,sante,1999,1
SLC:DF_LAWS(1.0),anderes,GR,autres,1999,1
SLC:DF_LAWS(1.0),anderes,GR,sante,1999,2
SLC:DF_LAWS(1.0),anderes,JU,eco,1999,1
SLC:DF_LAWS(1.0),anderes,JU,etat,1999,2
SLC:DF_LAWS(1.0),anderes,LU,autres,1999,3
SLC:DF_LAWS(1.0),anderes,LU,educ,1999,1
SLC:DF_LAWS(1.0),anderes,LU,etat,1999,7
SLC:DF_LAWS(1.0),anderes,NE,autres,1999,1
SLC:DF_LAWS(1.0),anderes,NE,eco,1999,3
SLC:DF_LAWS(1.0),anderes,NE,educ,1999,3
SLC:DF_LAWS(1.0),anderes,NE,infra,1999,1
SLC:DF_LAWS(1.0),anderes,NE,sante,1999,1
SLC:DF_LAWS(1.0),anderes,SG,educ,1999,1
SLC:DF_LAWS(1.0),anderes,SH,fin,1999,2
SLC:DF_LAWS(1.0),anderes,SO,autres,1999,1
SLC:DF_LAWS(1.0),anderes,SO,educ,1999,2
SLC:DF_LAWS(1.0),anderes,SO,etat,1999,1
SLC:DF_LAWS(1.0),anderes,SO,infra,1999,1
SLC:DF_LAWS(1.0),anderes,SZ,eco,1999,1
SLC:DF_LAWS(1.0),anderes,TG,autres,1999,1
SLC:DF_LAWS(1.0),anderes,VD,eco,1999,2
SLC:DF_LAWS(1.0),anderes,VD,etat,1999,1
SLC:DF_LAWS(1.0),anderes,VD,fin,1999,1
SLC:DF_LAWS(1.0),anderes,VD,infra,1999,1
SLC:DF_LAWS(1.0),anderes,VS,etat,1999,2
SLC:DF_LAWS(1.0),anderes,VS,infra,1999,6
SLC:DF_LAWS(1.0),anderes,ZG,educ,1999,1
SLC:DF_LAWS(1.0),anderes,ZG,fin,1999,1
SLC:DF_LAWS(1.0),anderes,ZH,autres,1999,1
SLC:DF_LAWS(1.0),anderes,ZH,educ,1999,5
SLC:DF_LAWS(1.0),anderes,ZH,etat,1999,4
SLC:DF_LAWS(1.0),anderes,ZH,fin,1999,1
SLC:DF_LAWS(1.0),anderes,ZH,sante,1999,2
SLC:DF_LAWS(1.0),dekret,AG,autres,1999,1
SLC:DF_LAWS(1.0),dekret,AG,educ,1999,2
SLC:DF_LAWS(1.0),dekret,AG,etat,1999,1
SLC:DF_LAWS(1.0),dekret,AG,infra,1999,1
SLC:DF_LAWS(1.0),dekret,AG,sante,1999,1
SLC:DF_LAWS(1.0),dekret,AI,eco,1999,1
SLC:DF_LAWS(1.0),dekret,AI,educ,1999,2
SLC:DF_LAWS(1.0),dekret,AI,etat,1999,2
SLC:DF_LAWS(1.0),dekret,AR,eco,1999,3
SLC:DF_LAWS(1.0),dekret,AR,etat,1999,2
SLC:DF_LAWS(1.0),dekret,AR,fin,1999,1
SLC:DF_LAWS(1.0),dekret,BE,etat,1999,2
SLC:DF_LAWS(1.0),dekret,BE,infra,1999,1
SLC:DF_LAWS(1.0),dekret,BL,etat,1999,1
SLC:DF_LAWS(1.0),dekret,BS,eco,1999,1
SLC:DF_LAWS(1.0),dekret,FR,etat,1999,1
SLC:DF_LAWS(1.0),dekret,FR,infra,1999,1
SLC:DF_LAWS(1.0),dekret,GR,etat,1999,1
SLC:DF_LAWS(1.0),dekret,GR,sante,1999,1
SLC:DF_LAWS(1.0),dekret,JU,infra,1999,1
SLC:DF_LAWS(1.0),dekret,LU,etat,1999,1
SLC:DF_LAWS(1.0),dekret,NE,educ,1999,8
SLC:DF_LAWS(1.0),dekret,NE,etat,1999,2
SLC:DF_LAWS(1.0),dekret,NE,fin,1999,1
SLC:DF_LAWS(1.0),dekret,OW,eco,1999,1
SLC:DF_LAWS(1.0),dekret,OW,educ,1999,2
SLC:DF_LAWS(1.0),dekret,OW,sante,1999,3
SLC:DF_LAWS(1.0),dekret,SG,educ,1999,1
SLC:DF_LAWS(1.0),dekret,SG,fin,1999,1
SLC:DF_LAWS(1.0),dekret,SG,sante,1999,1
SLC:DF_LAWS(1.0),dekret,SZ,educ,1999,1
SLC:DF_LAWS(1.0),dekret,SZ,sante,1999,1
SLC:DF_LAWS(1.0),dekret,TI,eco,1999,1
SLC:DF_LAWS(1.0),dekret,TI,educ,1999,2
SLC:DF_LAWS(1.0),dekret,TI,fin,1999,1
SLC:DF_LAWS(1.0),dekret,UR,eco,1999,1
SLC:DF_LAWS(1.0),dekret,UR,etat,1999,1
SLC:DF_LAWS(1.0),dekret,UR,sante,1999,1
SLC:DF_LAWS(1.0),dekret,ZG,educ,1999,1
SLC:DF_LAWS(1.0),dekret,ZG,etat,1999,1
SLC:DF_LAWS(1.0),gemeindeerlass,BS,educ,1999,1
SLC:DF_LAWS(1.0),gemeindeerlass,BS,etat,1999,6
SLC:DF_LAWS(1.0),gesetz,AG,autres,1999,1
SLC:DF_LAWS(1.0),gesetz,AI,eco,1999,1
SLC:DF_LAWS(1.0),gesetz,AI,educ,1999,2
SLC:DF_LAWS(1.0),gesetz,AI,etat,1999,3
SLC:DF_LAWS(1.0),gesetz,AI,fin,1999,1
SLC:DF_LAWS(1.0),gesetz,AR,fin,1999,1
SLC:DF_LAWS(1.0),gesetz,BE,etat,1999,1
SLC:DF_LAWS(1.0),gesetz,BE,fin,1999,2
SLC:DF_LAWS(1.0),gesetz,BE,infra,1999,1
SLC:DF_LAWS(1.0),gesetz,BL,autres,1999,1
SLC:DF_LAWS(1.0),gesetz,BL,eco,1999,1
SLC:DF_LAWS(1.0),gesetz,BL,etat,1999,1
SLC:DF_LAWS(1.0),gesetz,BL,infra,1999,1
SLC:DF_LAWS(1.0),gesetz,BL,sante,1999,1
SLC:DF_LAWS(1.0),gesetz,BS,autres,1999,1
SLC:DF_LAWS(1.0),gesetz,BS,educ,1999,1
SLC:DF_LAWS(1.0),gesetz,BS,etat,1999,2
SLC:DF_LAWS(1.0),gesetz,BS,infra,1999,2
SLC:DF_LAWS(1.0),gesetz,BS,sante,1999,1
SLC:DF_LAWS(1.0),gesetz,FR,eco,1999,1
SLC:DF_LAWS(1.0),gesetz,FR,educ,1999,2
SLC:DF_LAWS(1.0),gesetz,FR,etat,1999,2
SLC:DF_LAWS(1.0),gesetz,FR,fin,1999,1
SLC:DF_LAWS(1.0),gesetz,FR,sante,1999,2
SLC:DF_LAWS(1.0),gesetz,GE,eco,1999,1
SLC:DF_LAWS(1.0),gesetz,GE,educ,1999,3
SLC:DF_LAWS(1.0),gesetz,GE,etat,1999,2
SLC:DF_LAWS(1.0),gesetz,GE,fin,1999,3
SLC:DF_LAWS(1.0),gesetz,GE,infra,1999,2
SLC:DF_LAWS(1.0),gesetz,GE,sante,1999,3
SLC:DF_LAWS(1.0),gesetz,GR,autres,1999,1
SLC:DF_LAWS(1.0),gesetz,JU,eco,1999,1
SLC:DF_LAWS(1.0),gesetz,JU,infra,1999,1
SLC:DF_LAWS(1.0),gesetz,JU,sante,1999,1
SLC:DF_LAWS(1.0),gesetz,LU,educ,1999,1
SLC:DF_LAWS(1.0),gesetz,LU,fin,1999,1
SLC:DF_LAWS(1.0),gesetz,LU,infra,1999,1
SLC:DF_LAWS(1.0),gesetz,NE,educ,1999,1
SLC:DF_LAWS(1.0),gesetz,NE,etat,1999,1
SLC:DF_LAWS(1.0),gesetz,NE,fin,1999,2
SLC:DF_LAWS(1.0),gesetz,NE,infra,1999,1
SLC:DF_LAWS(1.0),gesetz,NE,sante,1999,2
SLC:DF_LAWS(1.0),gesetz,NW,autres,1999,1
SLC:DF_LAWS(1.0),gesetz,NW,eco,1999,1
SLC:DF_LAWS(1.0),gesetz,NW,etat,1999,1
SLC:DF_LAWS(1.0),gesetz,NW,sante,1999,1
SLC:DF_LAWS(1.0),gesetz,OW,eco,1999,2
SLC:DF_LAWS(1.0),gesetz,OW,etat,1999,1
SLC:DF_LAWS(1.0),gesetz,OW,sante,1999,1
SLC:DF_LAWS(1.0),gesetz,SG,autres,1999,1
SLC:DF_LAWS(1.0),gesetz,SG,educ,1999,1
SLC:DF_LAWS(1.0),gesetz,SG,sante,1999,1
SLC:DF_LAWS(1.0),gesetz,SH,eco,1999,1
SLC:DF_LAWS(1.0),gesetz,SH,sante,1999,1
SLC:DF_LAWS(1.0),gesetz,SO,etat,1999,1
SLC:DF_LAWS(1.0),gesetz,SO,sante,1999,1
SLC:DF_LAWS(1.0),gesetz,SZ,etat,1999,1
SLC:DF_LAWS(1.0),gesetz,SZ,fin,1999,1
SLC:DF_LAWS(1.0),gesetz,SZ,infra,1999,1
SLC:DF_LAWS(1.0),gesetz,SZ,sante,1999,2
SLC:DF_LAWS(1.0),gesetz,TG,etat,1999,1
SLC:DF_LAWS(1.0),gesetz,TG,infra,1999,1
SLC:DF_LAWS(1.0),gesetz,TG,sante,1999,1
SLC:DF_LAWS(1.0),gesetz,TI,autres,1999,3
SLC:DF_LAWS(1.0),gesetz,TI,etat,1999,1
SLC:DF_LAWS(1.0),gesetz,TI,sante,1999,1
SLC:DF_LAWS(1.0),gesetz,UR,sante,1999,1
SLC:DF_LAWS(1.0),gesetz,VD,autres,1999,1
SLC:DF_LAWS(1.0),gesetz,VD,eco,1999,1
SLC:DF_LAWS(1.0),gesetz,VD,educ,1999,1
SLC:DF_LAWS(1.0),gesetz,VD,etat,1999,2
SLC:DF_LAWS(1.0),gesetz,VS,educ,1999,1
SLC:DF_LAWS(1.0),gesetz,VS,etat,1999,2
SLC:DF_LAWS(1.0),gesetz,VS,sante,1999,2
SLC:DF_LAWS(1.0),gesetz,ZG,infra,1999,2
SLC:DF_LAWS(1.0),gesetz,ZG,sante,1999,1
SLC:DF_LAWS(1.0),gesetz,ZH,eco,1999,1
SLC:DF_LAWS(1.0),gesetz,ZH,educ,1999,2
SLC:DF_LAWS(1.0),gesetz,ZH,etat,1999,1
SLC:DF_LAWS(1.0),gesetz,ZH,infra,1999,1
SLC:DF_LAWS(1.0),gesetz,ZH,sante,1999,2
SLC:DF_LAWS(1.0),interkantonale_vereinbarung,AG,educ,1999,1
SLC:DF_LAWS(1.0),interkantonale_vereinbarung,AG,fin,1999,1
SLC:DF_LAWS(1.0),interkantonale_vereinbarung,AI,educ,1999,1
SLC:DF_LAWS(1.0),interkantonale_vereinbarung,BE,educ,1999,1
SLC:DF_LAWS(1.0),interkantonale_vereinbarung,BE,etat,1999,1
SLC:DF_LAWS(1.0),interkantonale_vereinbarung,BL,autres,1999,1
SLC:DF_LAWS(1.0),interkantonale_vereinbarung,BL,educ,1999,3
SLC:DF_LAWS(1.0),interkantonale_vereinbarung,BS,autres,1999,1
SLC:DF_LAWS(1.0),interkantonale_vereinbarung,BS,educ,1999,2
SLC:DF_LAWS(1.0),interkantonale_vereinbarung,BS,sante,1999,1
SLC:DF_LAWS(1.0),interkantonale_vereinbarung,FR,educ,1999,2
SLC:DF_LAWS(1.0),interkantonale_vereinbarung,GE,educ,1999,2
SLC:DF_LAWS(1.0),interkantonale_vereinbarung,GE,fin,1999,1
SLC:DF_LAWS(1.0),interkantonale_vereinbarung,GR,fin,1999,1
SLC:DF_LAWS(1.0),interkantonale_vereinbarung,JU,eco,1999,1
SLC:DF_LAWS(1.0),interkantonale_vereinbarung,JU,educ,1999,1
SLC:DF_LAWS(1.0),interkantonale_vereinbarung,LU,educ,1999,2
SLC:DF_LAWS(1.0),interkantonale_vereinbarung,NE,educ,1999,4
SLC:DF_LAWS(1.0),interkantonale_vereinbarung,NE,etat,1999,1
SLC:DF_LAWS(1.0),interkantonale_vereinbarung,NW,educ,1999,3
SLC:DF_LAWS(1.0),interkantonale_vereinbarung,NW,sante,1999,2
SLC:DF_LAWS(1.0),interkantonale_vereinbarung,OW,educ,1999,3
SLC:DF_LAWS(1.0),interkantonale_vereinbarung,OW,sante,1999,2
SLC:DF_LAWS(1.0),interkantonale_vereinbarung,SG,educ,1999,6
SLC:DF_LAWS(1.0),interkantonale_vereinbarung,SG,fin,1999,1
SLC:DF_LAWS(1.0),interkantonale_vereinbarung,SG,sante,1999,2
SLC:DF_LAWS(1.0),interkantonale_vereinbarung,SH,educ,1999,1
SLC:DF_LAWS(1.0),interkantonale_vereinbarung,SH,sante,1999,2
SLC:DF_LAWS(1.0),interkantonale_vereinbarung,SO,eco,1999,1
SLC:DF_LAWS(1.0),interkantonale_vereinbarung,SO,educ,1999,3
SLC:DF_LAWS(1.0),interkantonale_vereinbarung,SZ,educ,1999,2
SLC:DF_LAWS(1.0),interkantonale_vereinbarung,SZ,sante,1999,1
SLC:DF_LAWS(1.0),interkantonale_vereinbarung,TG,educ,1999,4
SLC:DF_LAWS(1.0),interkantonale_vereinbarung,TI,educ,1999,4
SLC:DF_LAWS(1.0),interkantonale_vereinbarung,UR,educ,1999,1
SLC:DF_LAWS(1.0),interkantonale_vereinbarung,UR,sante,1999,1
SLC:DF_LAWS(1.0),interkantonale_vereinbarung,VD,educ,1999,1
SLC:DF_LAWS(1.0),interkantonale_vereinbarung,VD,fin,1999,1
SLC:DF_LAWS(1.0),interkantonale_vereinbarung,VS,fin,1999,1
SLC:DF_LAWS(1.0),interkantonale_vereinbarung,ZG,educ,1999,7
SLC:DF_LAWS(1.0),interkantonale_vereinbarung,ZG,infra,1999,1
SLC:DF_LAWS(1.0),interkantonale_vereinbarung,ZG,sante,1999,1
SLC:DF_LAWS(1.0),interkantonale_vereinbarung,ZH,educ,1999,2
SLC:DF_LAWS(1.0),reglement,AG,sante,1999,2
SLC:DF_LAWS(1.0),reglement,BE,educ,1999,2
SLC:DF_LAWS(1.0),reglement,BL,fin,1999,1
SLC:DF_LAWS(1.0),reglement,BS,sante,1999,1
SLC:DF_LAWS(1.0),reglement,FR,autres,1999,1
SLC:DF_LAWS(1.0),reglement,FR,eco,1999,1
SLC:DF_LAWS(1.0),reglement,FR,educ,1999,1
SLC:DF_LAWS(1.0),reglement,FR,etat,1999,2
SLC:DF_LAWS(1.0),reglement,FR,fin,1999,1
SLC:DF_LAWS(1.0),reglement,FR,infra,1999,1
SLC:DF_LAWS(1.0),reglement,FR,sante,1999,3
SLC:DF_LAWS(1.0),reglement,GE,autres,1999,5
SLC:DF_LAWS(1.0),reglement,GE,educ,1999,1
SLC:DF_LAWS(1.0),reglement,GE,etat,1999,4
SLC:DF_LAWS(1.0),reglement,GE,fin,1999,1
SLC:DF_LAWS(1.0),reglement,GE,infra,1999,5
SLC:DF_LAWS(1.0),reglement,GE,sante,1999,4
SLC:DF_LAWS(1.0),reglement,GL,fin,1999,1
SLC:DF_LAWS(1.0),reglement,GL,sante,1999,1
SLC:DF_LAWS(1.0),reglement,JU,educ,1999,2
SLC:DF_LAWS(1.0),reglement,LU,autres,1999,1
SLC:DF_LAWS(1.0),reglement,LU,educ,1999,3
SLC:DF_LAWS(1.0),reglement,LU,etat,1999,2
SLC:DF_LAWS(1.0),reglement,LU,sante,1999,1
SLC:DF_LAWS(1.0),reglement,NE,autres,1999,1
SLC:DF_LAWS(1.0),reglement,NE,eco,1999,1
SLC:DF_LAWS(1.0),reglement,NE,educ,1999,4
SLC:DF_LAWS(1.0),reglement,NE,etat,1999,4
SLC:DF_LAWS(1.0),reglement,NE,fin,1999,1
SLC:DF_LAWS(1.0),reglement,NE,infra,1999,2
SLC:DF_LAWS(1.0),reglement,NE,sante,1999,5
SLC:DF_LAWS(1.0),reglement,SG,educ,1999,1
SLC:DF_LAWS(1.0),reglement,SH,etat,1999,1
SLC:DF_LAWS(1.0),reglement,SO,educ,1999,3
SLC:DF_LAWS(1.0),reglement,TG,eco,1999,1
SLC:DF_LAWS(1.0),reglement,TG,etat,1999,1
SLC:DF_LAWS(1.0),reglement,TI,educ,1999,4
SLC:DF_LAWS(1.0),reglement,TI,etat,1999,1
SLC:DF_LAWS(1.0),reglement,TI,infra,1999,2
SLC:DF_LAWS(1.0),reglement,TI,sante,1999,3
SLC:DF_LAWS(1.0),reglement,UR,autres,1999,1
SLC:DF_LAWS(1.0),reglement,UR,educ,1999,1
SLC:DF_LAWS(1.0),reglement,UR,etat,1999,2
SLC:DF_LAWS(1.0),reglement,UR,infra,1999,1
SLC:DF_LAWS(1.0),reglement,VD,autres,1999,2
SLC:DF_LAWS(1.0),reglement,VD,educ,1999,1
SLC:DF_LAWS(1.0),reglement,VD,etat,1999,6
SLC:DF_LAWS(1.0),reglement,VD,fin,1999,2
SLC:DF_LAWS(1.0),reglement,VD,sante,1999,3
SLC:DF_LAWS(1.0),reglement,VS,educ,1999,2
SLC:DF_LAWS(1.0),reglement,VS,etat,1999,3
SLC:DF_LAWS(1.0),reglement,VS,infra,1999,2
SLC:DF_LAWS(1.0),reglement,VS,sante,1999,1
SLC:DF_LAWS(1.0),reglement,ZG,etat,1999,1
SLC:DF_LAWS(1.0),reglement,ZH,educ,1999,2
SLC:DF_LAWS(1.0),reglement,ZH,etat,1999,1
SLC:DF_LAWS(1.0),staatsvertrag,SG,fin,1999,1
SLC:DF_LAWS(1.0),verordnung,AG,eco,1999,2
SLC:DF_LAWS(1.0),verordnung,AG,etat,1999,1
SLC:DF_LAWS(1.0),verordnung,AG,infra,1999,1
SLC:DF_LAWS(1.0),verordnung,AI,autres,1999,3
SLC:DF_LAWS(1.0),verordnung,AI,eco,1999,2
SLC:DF_LAWS(1.0),verordnung,AI,educ,1999,3
SLC:DF_LAWS(1.0),verordnung,AI,etat,1999,1
SLC:DF_LAWS(1.0),verordnung,AR,etat,1999,1
SLC:DF_LAWS(1.0),verordnung,AR,sante,1999,1
SLC:DF_LAWS(1.0),verordnung,BE,autres,1999,1
SLC:DF_LAWS(1.0),verordnung,BE,etat,1999,3
SLC:DF_LAWS(1.0),verordnung,BE,infra,1999,3
SLC:DF_LAWS(1.0),verordnung,BE,sante,1999,1
SLC:DF_LAWS(1.0),verordnung,BL,autres,1999,1
SLC:DF_LAWS(1.0),verordnung,BL,eco,1999,3
SLC:DF_LAWS(1.0),verordnung,BL,educ,1999,1
SLC:DF_LAWS(1.0),verordnung,BL,etat,1999,7
SLC:DF_LAWS(1.0),verordnung,BL,infra,1999,11
SLC:DF_LAWS(1.0),verordnung,BL,sante,1999,3
SLC:DF_LAWS(1.0),verordnung,BS,educ,1999,4
SLC:DF_LAWS(1.0),verordnung,BS,fin,1999,1
SLC:DF_LAWS(1.0),verordnung,BS,infra,1999,4
SLC:DF_LAWS(1.0),verordnung,BS,sante,1999,5
SLC:DF_LAWS(1.0),verordnung,FR,fin,1999,1
SLC:DF_LAWS(1.0),verordnung,FR,infra,1999,3
SLC:DF_LAWS(1.0),verordnung,FR,sante,1999,2
SLC:DF_LAWS(1.0),verordnung,GL,eco,1999,1
SLC:DF_LAWS(1.0),verordnung,GL,etat,1999,2
SLC:DF_LAWS(1.0),verordnung,GL,infra,1999,1
SLC:DF_LAWS(1.0),verordnung,GL,sante,1999,1
SLC:DF_LAWS(1.0),verordnung,GR,educ,1999,3
SLC:DF_LAWS(1.0),verordnung,GR,etat,1999,1
SLC:DF_LAWS(1.0),verordnung,JU,autres,1999,2
SLC:DF_LAWS(1.0),verordnung,JU,eco,1999,1
SLC:DF_LAWS(1.0),verordnung,JU,educ,1999,2
SLC:DF_LAWS(1.0),verordnung,JU,etat,1999,3
SLC:DF_LAWS(1.0),verordnung,JU,infra,1999,2
SLC:DF_LAWS(1.0),verordnung,LU,autres,1999,2
SLC:DF_LAWS(1.0),verordnung,LU,eco,1999,1
SLC:DF_LAWS(1.0),verordnung,LU,educ,1999,5
SLC:DF_LAWS(1.0),verordnung,LU,etat,1999,1
SLC:DF_LAWS(1.0),verordnung,LU,infra,1999,3
SLC:DF_LAWS(1.0),verordnung,NE,educ,1999,2
SLC:DF_LAWS(1.0),verordnung,NE,infra,1999,3
SLC:DF_LAWS(1.0),verordnung,NE,sante,1999,3
SLC:DF_LAWS(1.0),verordnung,NW,autres,1999,2
SLC:DF_LAWS(1.0),verordnung,NW,eco,1999,1
SLC:DF_LAWS(1.0),verordnung,NW,etat,1999,1
SLC:DF_LAWS(1.0),verordnung,NW,infra,1999,1
SLC:DF_LAWS(1.0),verordnung,OW,autres,1999,1
SLC:DF_LAWS(1.0),verordnung,OW,educ,1999,1
SLC:DF_LAWS(1.0),verordnung,OW,etat,1999,2
SLC:DF_LAWS(1.0),verordnung,OW,fin,1999,1
SLC:DF_LAWS(1.0),verordnung,OW,infra,1999,2
SLC:DF_LAWS(1.0),verordnung,SG,educ,1999,1
SLC:DF_LAWS(1.0),verordnung,SG,etat,1999,1
SLC:DF_LAWS(1.0),verordnung,SG,infra,1999,2
SLC:DF_LAWS(1.0),verordnung,SG,sante,1999,3
SLC:DF_LAWS(1.0),verordnung,SH,autres,1999,3
SLC:DF_LAWS(1.0),verordnung,SH,eco,1999,1
SLC:DF_LAWS(1.0),verordnung,SH,educ,1999,2
SLC:DF_LAWS(1.0),verordnung,SH,sante,1999,1
SLC:DF_LAWS(1.0),verordnung,SO,eco,1999,1
SLC:DF_LAWS(1.0),verordnung,SO,educ,1999,1
SLC:DF_LAWS(1.0),verordnung,SO,etat,1999,1
SLC:DF_LAWS(1.0),verordnung,SO,infra,1999,2
SLC:DF_LAWS(1.0),verordnung,SO,sante,1999,2
SLC:DF_LAWS(1.0),verordnung,SZ,autres,1999,1
SLC:DF_LAWS(1.0),verordnung,SZ,etat,1999,2
SLC:DF_LAWS(1.0),verordnung,TG,autres,1999,1
SLC:DF_LAWS(1.0),verordnung,TG,educ,1999,1
SLC:DF_LAWS(1.0),verordnung,TG,etat,1999,4
SLC:DF_LAWS(1.0),verordnung,TG,infra,1999,2
SLC:DF_LAWS(1.0),verordnung,TG,sante,1999,1
SLC:DF_LAWS(1.0),verordnung,TI,autres,1999,1
SLC:DF_LAWS(1.0),verordnung,TI,sante,1999,2
SLC:DF_LAWS(1.0),verordnung,VS,autres,1999,1
SLC:DF_LAWS(1.0),verordnung,VS,eco,1999,2
SLC:DF_LAWS(1.0),verordnung,VS,fin,1999,1
SLC:DF_LAWS(1.0),verordnung,VS,infra,1999,1
SLC:DF_LAWS(1.0),verordnung,VS,sante,1999,2
SLC:DF_LAWS(1.0),verordnung,ZG,etat,1999,3
SLC:DF_LAWS(1.0),verordnung,ZG,infra,1999,2
SLC:DF_LAWS(1.0),verordnung,ZG,sante,1999,2
SLC:DF_LAWS(1.0),verordnung,ZH,autres,1999,4
SLC:DF_LAWS(1.0),verordnung,ZH,eco,1999,2
SLC:DF_LAWS(1.0),verordnung,ZH,educ,1999,6
SLC:DF_LAWS(1.0),verordnung,ZH,etat,1999,5
SLC:DF_LAWS(1.0),verordnung,ZH,infra,1999,3
SLC:DF_LAWS(1.0),anderes,_T,_T,1999,88
SLC:DF_LAWS(1.0),dekret,_T,_T,1999,59
SLC:DF_LAWS(1.0),gemeindeerlass,_T,_T,1999,7
SLC:DF_LAWS(1.0),gesetz,_T,_T,1999,110
SLC:DF_LAWS(1.0),interkantonale_vereinbarung,_T,_T,1999,81
SLC:DF_LAWS(1.0),reglement,_T,_T,1999,113
SLC:DF_LAWS(1.0),staatsvertrag,_T,_T,1999,1
SLC:DF_LAWS(1.0),verordnung,_T,_T,1999,190
SLC:DF_LAWS(1.0),_T,AG,_T,1999,15
SLC:DF_LAWS(1.0),_T,AI,_T,1999,28
SLC:DF_LAWS(1.0),_T,AR,_T,1999,9
SLC:DF_LAWS(1.0),_T,BE,_T,1999,19
SLC:DF_LAWS(1.0),_T,BL,_T,1999,41
SLC:DF_LAWS(1.0),_T,BS,_T,1999,37
SLC:DF_LAWS(1.0),_T,FR,_T,1999,34
SLC:DF_LAWS(1.0),_T,GE,_T,1999,38
SLC:DF_LAWS(1.0),_T,GL,_T,1999,11
SLC:DF_LAWS(1.0),_T,GR,_T,1999,11
SLC:DF_LAWS(1.0),_T,JU,_T,1999,21
SLC:DF_LAWS(1.0),_T,LU,_T,1999,36
SLC:DF_LAWS(1.0),_T,NE,_T,1999,58
SLC:DF_LAWS(1.0),_T,NW,_T,1999,14
SLC:DF_LAWS(1.0),_T,OW,_T,1999,22
SLC:DF_LAWS(1.0),_T,SG,_T,1999,25
SLC:DF_LAWS(1.0),_T,SH,_T,1999,15
SLC:DF_LAWS(1.0),_T,SO,_T,1999,21
SLC:DF_LAWS(1.0),_T,SZ,_T,1999,14
SLC:DF_LAWS(1.0),_T,TG,_T,1999,19
SLC:DF_LAWS(1.0),_T,TI,_T,1999,26
SLC:DF_LAWS(1.0),_T,UR,_T,1999,11
SLC:DF_LAWS(1.0),_T,VD,_T,1999,26
SLC:DF_LAWS(1.0),_T,VS,_T,1999,29
SLC:DF_LAWS(1.0),_T,ZG,_T,1999,24
SLC:DF_LAWS(1.0),_T,ZH,_T,1999,45
SLC:DF_LAWS(1.0),_T,_T,autres,1999,55
SLC:DF_LAWS(1.0),_T,_T,eco,1999,48
SLC:DF_LAWS(1.0),_T,_T,educ,1999,168
SLC:DF_LAWS(1.0),_T,_T,etat,1999,135
SLC:DF_LAWS(1.0),_T,_T,fin,1999,42
SLC:DF_LAWS(1.0),_T,_T,infra,1999,93
SLC:DF_LAWS(1.0),_T,_T,sante,1999,108
SLC:DF_LAWS(1.0),_T,_T,_T,1999,649
SLC:DF_LAWS(1.0),anderes,BE,educ,2000,1
SLC:DF_LAWS(1.0),anderes,BL,educ,2000,1
SLC:DF_LAWS(1.0),anderes,BL,etat,2000,4
SLC:DF_LAWS(1.0),anderes,BS,educ,2000,3
SLC:DF_LAWS(1.0),anderes,BS,etat,2000,1
SLC:DF_LAWS(1.0),anderes,BS,sante,2000,1
SLC:DF_LAWS(1.0),anderes,FR,autres,2000,1
SLC:DF_LAWS(1.0),anderes,FR,eco,2000,1
SLC:DF_LAWS(1.0),anderes,FR,educ,2000,3
SLC:DF_LAWS(1.0),anderes,FR,etat,2000,5
SLC:DF_LAWS(1.0),anderes,FR,infra,2000,1
SLC:DF_LAWS(1.0),anderes,FR,sante,2000,4
SLC:DF_LAWS(1.0),anderes,GE,autres,2000,2
SLC:DF_LAWS(1.0),anderes,GE,sante,2000,3
SLC:DF_LAWS(1.0),anderes,GL,eco,2000,1
SLC:DF_LAWS(1.0),anderes,GL,educ,2000,1
SLC:DF_LAWS(1.0),anderes,GL,etat,2000,3
SLC:DF_LAWS(1.0),anderes,JU,educ,2000,1
SLC:DF_LAWS(1.0),anderes,LU,autres,2000,4
SLC:DF_LAWS(1.0),anderes,LU,educ,2000,2
SLC:DF_LAWS(1.0),anderes,LU,etat,2000,2
SLC:DF_LAWS(1.0),anderes,LU,infra,2000,1
SLC:DF_LAWS(1.0),anderes,NE,autres,2000,1
SLC:DF_LAWS(1.0),anderes,NE,educ,2000,4
SLC:DF_LAWS(1.0),anderes,NE,fin,2000,2
SLC:DF_LAWS(1.0),anderes,NE,infra,2000,1
SLC:DF_LAWS(1.0),anderes,NE,sante,2000,2
SLC:DF_LAWS(1.0),anderes,NW,educ,2000,4
SLC:DF_LAWS(1.0),anderes,OW,infra,2000,1
SLC:DF_LAWS(1.0),anderes,SG,autres,2000,1
SLC:DF_LAWS(1.0),anderes,SG,educ,2000,1
SLC:DF_LAWS(1.0),anderes,SG,etat,2000,1
SLC:DF_LAWS(1.0),anderes,SH,etat,2000,3
SLC:DF_LAWS(1.0),anderes,SH,fin,2000,1
SLC:DF_LAWS(1.0),anderes,SH,infra,2000,1
SLC:DF_LAWS(1.0),anderes,SO,educ,2000,3
SLC:DF_LAWS(1.0),anderes,TG,etat,2000,1
SLC:DF_LAWS(1.0),anderes,TG,fin,2000,1
SLC:DF_LAWS(1.0),anderes,TI,autres,2000,1
SLC:DF_LAWS(1.0),anderes,VD,autres,2000,2
SLC:DF_LAWS(1.0),anderes,VD,educ,2000,4
SLC:DF_LAWS(1.0),anderes,VD,etat,2000,2
SLC:DF_LAWS(1.0),anderes,VD,fin,2000,2
SLC:DF_LAWS(1.0),anderes,VD,sante,2000,1
SLC:DF_LAWS(1.0),anderes,VS,educ,2000,1
SLC:DF_LAWS(1.0),anderes,VS,etat,2000,2
SLC:DF_LAWS(1.0),anderes,VS,infra,2000,1
SLC:DF_LAWS(1.0),anderes,ZG,etat,2000,4
SLC:DF_LAWS(1.0),anderes,ZG,fin,2000,1
SLC:DF_LAWS(1.0),anderes,ZH,autres,2000,1
SLC:DF_LAWS(1.0),anderes,ZH,educ,2000,6
SLC:DF_LAWS(1.0),anderes,ZH,etat,2000,1
SLC:DF_LAWS(1.0),anderes,ZH,fin,2000,1
SLC:DF_LAWS(1.0),anderes,ZH,sante,2000,1
SLC:DF_LAWS(1.0),dekret,AG,etat,2000,1
SLC:DF_LAWS(1.0),dekret,AG,fin,2000,1
SLC:DF_LAWS(1.0),dekret,AI,eco,2000,4
SLC:DF_LAWS(1.0),dekret,AI,educ,2000,2
SLC:DF_LAWS(1.0),dekret,AI,fin,2000,1
SLC:DF_LAWS(1.0),dekret,AI,sante,2000,1
SLC:DF_LAWS(1.0),dekret,BE,eco,2000,1
SLC:DF_LAWS(1.0),dekret,BL,etat,2000,1
SLC:DF_LAWS(1.0),dekret,FR,etat,2000,12
SLC:DF_LAWS(1.0),dekret,GL,autres,2000,2
SLC:DF_LAWS(1.0),dekret,GL,fin,2000,1
SLC:DF_LAWS(1.0),dekret,GR,eco,2000,2
SLC:DF_LAWS(1.0),dekret,JU,autres,2000,1
SLC:DF_LAWS(1.0),dekret,JU,etat,2000,2
SLC:DF_LAWS(1.0),dekret,LU,etat,2000,2
SLC:DF_LAWS(1.0),dekret,NE,autres,2000,2
SLC:DF_LAWS(1.0),dekret,NE,educ,2000,1
SLC:DF_LAWS(1.0),dekret,NE,etat,2000,2
SLC:DF_LAWS(1.0),dekret,NE,fin,2000,2
SLC:DF_LAWS(1.0),dekret,NW,fin,2000,1
SLC:DF_LAWS(1.0),dekret,OW,eco,2000,1
SLC:DF_LAWS(1.0),dekret,SG,eco,2000,1
SLC:DF_LAWS(1.0),dekret,SG,educ,2000,5
SLC:DF_LAWS(1.0),dekret,SG,etat,2000,1
SLC:DF_LAWS(1.0),dekret,SG,infra,2000,1
SLC:DF_LAWS(1.0),dekret,SH,fin,2000,1
SLC:DF_LAWS(1.0),dekret,SH,infra,2000,1
SLC:DF_LAWS(1.0),dekret,SZ,eco,2000,1
SLC:DF_LAWS(1.0),dekret,TG,etat,2000,2
SLC:DF_LAWS(1.0),dekret,UR,autres,2000,1
SLC:DF_LAWS(1.0),dekret,UR,eco,2000,1
SLC:DF_LAWS(1.0),dekret,UR,educ,2000,3
SLC:DF_LAWS(1.0),dekret,UR,etat,2000,1
SLC:DF_LAWS(1.0),dekret,VS,etat,2000,1
SLC:DF_LAWS(1.0),dekret,ZG,eco,2000,1
SLC:DF_LAWS(1.0),dekret,ZG,sante,2000,1
SLC:DF_LAWS(1.0),dekret,ZH,etat,2000,1
SLC:DF_LAWS(1.0),gemeindeerlass,BS,sante,2000,1
SLC:DF_LAWS(1.0),gesetz,AG,eco,2000,1
SLC:DF_LAWS(1.0),gesetz,AG,etat,2000,1
SLC:DF_LAWS(1.0),gesetz,AI,eco,2000,1
SLC:DF_LAWS(1.0),gesetz,AI,educ,2000,1
SLC:DF_LAWS(1.0),gesetz,AI,etat,2000,2
SLC:DF_LAWS(1.0),gesetz,AR,eco,2000,1
SLC:DF_LAWS(1.0),gesetz,AR,educ,2000,1
SLC:DF_LAWS(1.0),gesetz,AR,fin,2000,1
SLC:DF_LAWS(1.0),gesetz,AR,infra,2000,1
SLC:DF_LAWS(1.0),gesetz,BE,fin,2000,2
SLC:DF_LAWS(1.0),gesetz,BE,sante,2000,1
SLC:DF_LAWS(1.0),gesetz,BL,eco,2000,1
SLC:DF_LAWS(1.0),gesetz,BS,etat,2000,1
SLC:DF_LAWS(1.0),gesetz,BS,infra,2000,2
SLC:DF_LAWS(1.0),gesetz,BS,sante,2000,1
SLC:DF_LAWS(1.0),gesetz,FR,eco,2000,1
SLC:DF_LAWS(1.0),gesetz,FR,fin,2000,1
SLC:DF_LAWS(1.0),gesetz,FR,infra,2000,2
SLC:DF_LAWS(1.0),gesetz,FR,sante,2000,1
SLC:DF_LAWS(1.0),gesetz,GE,eco,2000,2
SLC:DF_LAWS(1.0),gesetz,GE,educ,2000,2
SLC:DF_LAWS(1.0),gesetz,GE,etat,2000,1
SLC:DF_LAWS(1.0),gesetz,GE,fin,2000,5
SLC:DF_LAWS(1.0),gesetz,GE,infra,2000,1
SLC:DF_LAWS(1.0),gesetz,GL,eco,2000,1
SLC:DF_LAWS(1.0),gesetz,GL,fin,2000,1
SLC:DF_LAWS(1.0),gesetz,GL,infra,2000,1
SLC:DF_LAWS(1.0),gesetz,GR,eco,2000,3
SLC:DF_LAWS(1.0),gesetz,GR,educ,2000,1
SLC:DF_LAWS(1.0),gesetz,GR,etat,2000,1
SLC:DF_LAWS(1.0),gesetz,GR,sante,2000,1
SLC:DF_LAWS(1.0),gesetz,JU,educ,2000,1
SLC:DF_LAWS(1.0),gesetz,JU,etat,2000,3
SLC:DF_LAWS(1.0),gesetz,JU,fin,2000,1
SLC:DF_LAWS(1.0),gesetz,JU,sante,2000,4
SLC:DF_LAWS(1.0),gesetz,LU,autres,2000,1
SLC:DF_LAWS(1.0),gesetz,LU,educ,2000,2
SLC:DF_LAWS(1.0),gesetz,LU,etat,2000,1
SLC:DF_LAWS(1.0),gesetz,LU,fin,2000,1
SLC:DF_LAWS(1.0),gesetz,LU,sante,2000,1
SLC:DF_LAWS(1.0),gesetz,NE,autres,2000,1
SLC:DF_LAWS(1.0),gesetz,NE,eco,2000,1
SLC:DF_LAWS(1.0),gesetz,NE,educ,2000,1
SLC:DF_LAWS(1.0),gesetz,NE,etat,2000,3
SLC:DF_LAWS(1.0),gesetz,NE,infra,2000,1
SLC:DF_LAWS(1.0),gesetz,NE,sante,2000,6
SLC:DF_LAWS(1.0),gesetz,NW,etat,2000,1
SLC:DF_LAWS(1.0),gesetz,NW,fin,2000,3
SLC:DF_LAWS(1.0),gesetz,NW,infra,2000,1
SLC:DF_LAWS(1.0),gesetz,NW,sante,2000,3
SLC:DF_LAWS(1.0),gesetz,OW,etat,2000,1
SLC:DF_LAWS(1.0),gesetz,SG,autres,2000,1
SLC:DF_LAWS(1.0),gesetz,SG,eco,2000,1
SLC:DF_LAWS(1.0),gesetz,SG,infra,2000,1
SLC:DF_LAWS(1.0),gesetz,SH,fin,2000,1
SLC:DF_LAWS(1.0),gesetz,SH,infra,2000,2
SLC:DF_LAWS(1.0),gesetz,SH,sante,2000,1
SLC:DF_LAWS(1.0),gesetz,SO,etat,2000,1
SLC:DF_LAWS(1.0),gesetz,SO,infra,2000,1
SLC:DF_LAWS(1.0),gesetz,SZ,etat,2000,3
SLC:DF_LAWS(1.0),gesetz,SZ,fin,2000,1
SLC:DF_LAWS(1.0),gesetz,SZ,infra,2000,2
SLC:DF_LAWS(1.0),gesetz,TG,eco,2000,1
SLC:DF_LAWS(1.0),gesetz,TG,educ,2000,1
SLC:DF_LAWS(1.0),gesetz,TG,etat,2000,1
SLC:DF_LAWS(1.0),gesetz,TG,infra,2000,1
SLC:DF_LAWS(1.0),gesetz,TI,educ,2000,2
SLC:DF_LAWS(1.0),gesetz,TI,etat,2000,1
SLC:DF_LAWS(1.0),gesetz,TI,infra,2000,1
SLC:DF_LAWS(1.0),gesetz,TI,sante,2000,3
SLC:DF_LAWS(1.0),gesetz,UR,sante,2000,1
SLC:DF_LAWS(1.0),gesetz,VD,etat,2000,2
SLC:DF_LAWS(1.0),gesetz,VD,fin,2000,1
SLC:DF_LAWS(1.0),gesetz,VS,eco,2000,1
SLC:DF_LAWS(1.0),gesetz,VS,educ,2000,1
SLC:DF_LAWS(1.0),gesetz,VS,etat,2000,1
SLC:DF_LAWS(1.0),gesetz,VS,sante,2000,1
SLC:DF_LAWS(1.0),gesetz,ZG,autres,2000,1
SLC:DF_LAWS(1.0),gesetz,ZG,etat,2000,1
SLC:DF_LAWS(1.0),gesetz,ZG,fin,2000,1
SLC:DF_LAWS(1.0),gesetz,ZH,fin,2000,1
SLC:DF_LAWS(1.0),gesetz,ZH,sante,2000,1
SLC:DF_LAWS(1.0),interkantonale_vereinbarung,AG,educ,2000,1
SLC:DF_LAWS(1.0),interkantonale_vereinbarung,BE,educ,2000,1
SLC:DF_LAWS(1.0),interkantonale_vereinbarung,BL,eco,2000,1
SLC:DF_LAWS(1.0),interkantonale_vereinbarung,BL,educ,2000,5
SLC:DF_LAWS(1.0),interkantonale_vereinbarung,BL,sante,2000,1
SLC:DF_LAWS(1.0),interkantonale_vereinbarung,BS,educ,2000,1
SLC:DF_LAWS(1.0),interkantonale_vereinbarung,BS,etat,2000,1
SLC:DF_LAWS(1.0),interkantonale_vereinbarung,BS,infra,2000,1
SLC:DF_LAWS(1.0),interkantonale_vereinbarung,BS,sante,2000,2
SLC:DF_LAWS(1.0),interkantonale_vereinbarung,GE,etat,2000,1
SLC:DF_LAWS(1.0),interkantonale_vereinbarung,GE,fin,2000,1
SLC:DF_LAWS(1.0),interkantonale_vereinbarung,GL,infra,2000,1
SLC:DF_LAWS(1.0),interkantonale_vereinbarung,JU,educ,2000,1
SLC:DF_LAWS(1.0),interkantonale_vereinbarung,JU,etat,2000,1
SLC:DF_LAWS(1.0),interkantonale_vereinbarung,NE,educ,2000,1
SLC:DF_LAWS(1.0),interkantonale_vereinbarung,NE,etat,2000,1
SLC:DF_LAWS(1.0),interkantonale_vereinbarung,NW,educ,2000,2
SLC:DF_LAWS(1.0),interkantonale_vereinbarung,OW,educ,2000,2
SLC:DF_LAWS(1.0),interkantonale_vereinbarung,SG,educ,2000,2
SLC:DF_LAWS(1.0),interkantonale_vereinbarung,SG,infra,2000,2
SLC:DF_LAWS(1.0),interkantonale_vereinbarung,SZ,educ,2000,2
SLC:DF_LAWS(1.0),interkantonale_vereinbarung,SZ,infra,2000,1
SLC:DF_LAWS(1.0),interkantonale_vereinbarung,TI,educ,2000,1
SLC:DF_LAWS(1.0),interkantonale_vereinbarung,UR,educ,2000,1
SLC:DF_LAWS(1.0),interkantonale_vereinbarung,VD,educ,2000,1
SLC:DF_LAWS(1.0),interkantonale_vereinbarung,ZG,autres,2000,1
SLC:DF_LAWS(1.0),interkantonale_vereinbarung,ZG,educ,2000,1
SLC:DF_LAWS(1.0),interkantonale_vereinbarung,ZH,educ,2000,4
SLC:DF_LAWS(1.0),reglement,AG,fin,2000,1
SLC:DF_LAWS(1.0),reglement,AR,eco,2000,1
SLC:DF_LAWS(1.0),reglement,BS,sante,2000,2
SLC:DF_LAWS(1.0),reglement,FR,eco,2000,1
SLC:DF_LAWS(1.0),reglement,FR,educ,2000,1
SLC:DF_LAWS(1.0),reglement,FR,fin,2000,1
SLC:DF_LAWS(1.0),reglement,FR,sante,2000,1
SLC:DF_LAWS(1.0),reglement,GE,eco,2000,1
SLC:DF_LAWS(1.0),reglement,GE,educ,2000,4
SLC:DF_LAWS(1.0),reglement,GE,etat,2000,3
SLC:DF_LAWS(1.0),reglement,GE,fin,2000,2
SLC:DF_LAWS(1.0),reglement,GE,infra,2000,2
SLC:DF_LAWS(1.0),reglement,GE,sante,2000,3
SLC:DF_LAWS(1.0),reglement,GL,educ,2000,1
SLC:DF_LAWS(1.0),reglement,GR,eco,2000,1
SLC:DF_LAWS(1.0),reglement,JU,eco,2000,1
SLC:DF_LAWS(1.0),reglement,JU,educ,2000,2
SLC:DF_LAWS(1.0),reglement,JU,etat,2000,2
SLC:DF_LAWS(1.0),reglement,LU,educ,2000,2
SLC:DF_LAWS(1.0),reglement,LU,sante,2000,1
SLC:DF_LAWS(1.0),reglement,NE,autres,2000,1
SLC:DF_LAWS(1.0),reglement,NE,educ,2000,2
SLC:DF_LAWS(1.0),reglement,NE,sante,2000,5
SLC:DF_LAWS(1.0),reglement,SO,etat,2000,1
SLC:DF_LAWS(1.0),reglement,SZ,educ,2000,2
SLC:DF_LAWS(1.0),reglement,TI,autres,2000,2
SLC:DF_LAWS(1.0),reglement,TI,eco,2000,2
SLC:DF_LAWS(1.0),reglement,TI,educ,2000,3
SLC:DF_LAWS(1.0),reglement,TI,etat,2000,4
SLC:DF_LAWS(1.0),reglement,TI,infra,2000,2
SLC:DF_LAWS(1.0),reglement,TI,sante,2000,1
SLC:DF_LAWS(1.0),reglement,UR,educ,2000,2
SLC:DF_LAWS(1.0),reglement,UR,etat,2000,1
SLC:DF_LAWS(1.0),reglement,UR,infra,2000,2
SLC:DF_LAWS(1.0),reglement,UR,sante,2000,1
SLC:DF_LAWS(1.0),reglement,VD,eco,2000,1
SLC:DF_LAWS(1.0),reglement,VD,educ,2000,5
SLC:DF_LAWS(1.0),reglement,VD,etat,2000,3
SLC:DF_LAWS(1.0),reglement,VD,fin,2000,4
SLC:DF_LAWS(1.0),reglement,VD,sante,2000,2
SLC:DF_LAWS(1.0),reglement,VS,educ,2000,1
SLC:DF_LAWS(1.0),reglement,VS,etat,2000,1
SLC:DF_LAWS(1.0),reglement,VS,fin,2000,1
SLC:DF_LAWS(1.0),reglement,VS,sante,2000,3
SLC:DF_LAWS(1.0),reglement,ZG,etat,2000,1
SLC:DF_LAWS(1.0),reglement,ZG,fin,2000,1
SLC:DF_LAWS(1.0),reglement,ZG,infra,2000,2
SLC:DF_LAWS(1.0),reglement,ZH,educ,2000,5
SLC:DF_LAWS(1.0),staatsvertrag,BS,etat,2000,1
SLC:DF_LAWS(1.0),staatsvertrag,JU,eco,2000,1
SLC:DF_LAWS(1.0),verordnung,AG,autres,2000,2
SLC:DF_LAWS(1.0),verordnung,AG,eco,2000,2
SLC:DF_LAWS(1.0),verordnung,AG,educ,2000,6
SLC:DF_LAWS(1.0),verordnung,AG,etat,2000,4
SLC:DF_LAWS(1.0),verordnung,AG,fin,2000,3
SLC:DF_LAWS(1.0),verordnung,AG,infra,2000,3
SLC:DF_LAWS(1.0),verordnung,AI,autres,2000,4
SLC:DF_LAWS(1.0),verordnung,AI,educ,2000,1
SLC:DF_LAWS(1.0),verordnung,AI,fin,2000,1
SLC:DF_LAWS(1.0),verordnung,AI,infra,2000,2
SLC:DF_LAWS(1.0),verordnung,AI,sante,2000,2
SLC:DF_LAWS(1.0),verordnung,AR,fin,2000,4
SLC:DF_LAWS(1.0),verordnung,AR,sante,2000,2
SLC:DF_LAWS(1.0),verordnung,BE,autres,2000,1
SLC:DF_LAWS(1.0),verordnung,BE,eco,2000,1
SLC:DF_LAWS(1.0),verordnung,BE,educ,2000,3
SLC:DF_LAWS(1.0),verordnung,BE,etat,2000,2
SLC:DF_LAWS(1.0),verordnung,BE,fin,2000,13
SLC:DF_LAWS(1.0),verordnung,BE,infra,2000,1
SLC:DF_LAWS(1.0),verordnung,BE,sante,2000,2
SLC:DF_LAWS(1.0),verordnung,BL,educ,2000,1
SLC:DF_LAWS(1.0),verordnung,BL,etat,2000,7
SLC:DF_LAWS(1.0),verordnung,BL,infra,2000,14
SLC:DF_LAWS(1.0),verordnung,BL,sante,2000,1
SLC:DF_LAWS(1.0),verordnung,BS,autres,2000,1
SLC:DF_LAWS(1.0),verordnung,BS,eco,2000,1
SLC:DF_LAWS(1.0),verordnung,BS,educ,2000,5
SLC:DF_LAWS(1.0),verordnung,BS,etat,2000,3
SLC:DF_LAWS(1.0),verordnung,BS,infra,2000,4
SLC:DF_LAWS(1.0),verordnung,BS,sante,2000,4
SLC:DF_LAWS(1.0),verordnung,FR,autres,2000,1
SLC:DF_LAWS(1.0),verordnung,FR,eco,2000,1
SLC:DF_LAWS(1.0),verordnung,FR,etat,2000,2
SLC:DF_LAWS(1.0),verordnung,FR,fin,2000,1
SLC:DF_LAWS(1.0),verordnung,FR,sante,2000,4
SLC:DF_LAWS(1.0),verordnung,GL,autres,2000,2
SLC:DF_LAWS(1.0),verordnung,GL,eco,2000,1
SLC:DF_LAWS(1.0),verordnung,GL,educ,2000,1
SLC:DF_LAWS(1.0),verordnung,GL,etat,2000,1
SLC:DF_LAWS(1.0),verordnung,GL,fin,2000,4
SLC:DF_LAWS(1.0),verordnung,GL,sante,2000,1
SLC:DF_LAWS(1.0),verordnung,GR,autres,2000,1
SLC:DF_LAWS(1.0),verordnung,GR,eco,2000,1
SLC:DF_LAWS(1.0),verordnung,GR,educ,2000,1
SLC:DF_LAWS(1.0),verordnung,GR,etat,2000,2
SLC:DF_LAWS(1.0),verordnung,GR,sante,2000,2
SLC:DF_LAWS(1.0),verordnung,JU,autres,2000,2
SLC:DF_LAWS(1.0),verordnung,JU,eco,2000,2
SLC:DF_LAWS(1.0),verordnung,JU,educ,2000,2
SLC:DF_LAWS(1.0),verordnung,JU,etat,2000,4
SLC:DF_LAWS(1.0),verordnung,JU,fin,2000,4
SLC:DF_LAWS(1.0),verordnung,JU,infra,2000,1
SLC:DF_LAWS(1.0),verordnung,JU,sante,2000,2
SLC:DF_LAWS(1.0),verordnung,LU,autres,2000,2
SLC:DF_LAWS(1.0),verordnung,LU,fin,2000,2
SLC:DF_LAWS(1.0),verordnung,LU,sante,2000,2
SLC:DF_LAWS(1.0),verordnung,NE,educ,2000,1
SLC:DF_LAWS(1.0),verordnung,NE,etat,2000,2
SLC:DF_LAWS(1.0),verordnung,NE,fin,2000,1
SLC:DF_LAWS(1.0),verordnung,NE,infra,2000,1
SLC:DF_LAWS(1.0),verordnung,NW,autres,2000,1
SLC:DF_LAWS(1.0),verordnung,NW,educ,2000,3
SLC:DF_LAWS(1.0),verordnung,NW,etat,2000,2
SLC:DF_LAWS(1.0),verordnung,NW,fin,2000,6
SLC:DF_LAWS(1.0),verordnung,NW,infra,2000,2
SLC:DF_LAWS(1.0),verordnung,NW,sante,2000,2
SLC:DF_LAWS(1.0),verordnung,OW,eco,2000,1
SLC:DF_LAWS(1.0),verordnung,OW,educ,2000,1
SLC:DF_LAWS(1.0),verordnung,OW,etat,2000,2
SLC:DF_LAWS(1.0),verordnung,OW,infra,2000,2
SLC:DF_LAWS(1.0),verordnung,OW,sante,2000,1
SLC:DF_LAWS(1.0),verordnung,SG,autres,2000,2
SLC:DF_LAWS(1.0),verordnung,SG,etat,2000,2
SLC:DF_LAWS(1.0),verordnung,SG,infra,2000,2
SLC:DF_LAWS(1.0),verordnung,SG,sante,2000,4
SLC:DF_LAWS(1.0),verordnung,SH,autres,2000,3
SLC:DF_LAWS(1.0),verordnung,SH,eco,2000,1
SLC:DF_LAWS(1.0),verordnung,SH,etat,2000,1
SLC:DF_LAWS(1.0),verordnung,SH,sante,2000,3
SLC:DF_LAWS(1.0),verordnung,SO,autres,2000,2
SLC:DF_LAWS(1.0),verordnung,SO,educ,2000,4
SLC:DF_LAWS(1.0),verordnung,SO,etat,2000,5
SLC:DF_LAWS(1.0),verordnung,SO,infra,2000,1
SLC:DF_LAWS(1.0),verordnung,SO,sante,2000,1
SLC:DF_LAWS(1.0),verordnung,SZ,fin,2000,3
SLC:DF_LAWS(1.0),verordnung,SZ,infra,2000,1
SLC:DF_LAWS(1.0),verordnung,TG,eco,2000,1
SLC:DF_LAWS(1.0),verordnung,TG,etat,2000,4
SLC:DF_LAWS(1.0),verordnung,TG,sante,2000,3
SLC:DF_LAWS(1.0),verordnung,TI,sante,2000,1
SLC:DF_LAWS(1.0),verordnung,VD,sante,2000,2
SLC:DF_LAWS(1.0),verordnung,VS,eco,2000,1
SLC:DF_LAWS(1.0),verordnung,VS,educ,2000,3
SLC:DF_LAWS(1.0),verordnung,VS,fin,2000,2
SLC:DF_LAWS(1.0),verordnung,VS,sante,2000,1
SLC:DF_LAWS(1.0),verordnung,ZG,educ,2000,1
SLC:DF_LAWS(1.0),verordnung,ZG,etat,2000,1
SLC:DF_LAWS(1.0),verordnung,ZG,fin,2000,1
SLC:DF_LAWS(1.0),verordnung,ZG,infra,2000,2
SLC:DF_LAWS(1.0),verordnung,ZG,sante,2000,1
SLC:DF_LAWS(1.0),verordnung,ZH,autres,2000,1
SLC:DF_LAWS(1.0),verordnung,ZH,eco,2000,1
SLC:DF_LAWS(1.0),verordnung,ZH,educ,2000,5
SLC:DF_LAWS(1.0),verordnung,ZH,etat,2000,2
SLC:DF_LAWS(1.0),verordnung,ZH,infra,2000,1
SLC:DF_LAWS(1.0),verordnung,ZH,sante,2000,3
SLC:DF_LAWS(1.0),anderes,_T,_T,2000,105
SLC:DF_LAWS(1.0),dekret,_T,_T,2000,66
SLC:DF_LAWS(1.0),gemeindeerlass,_T,_T,2000,1
SLC:DF_LAWS(1.0),gesetz,_T,_T,2000,119
SLC:DF_LAWS(1.0),interkantonale_vereinbarung,_T,_T,2000,41
SLC:DF_LAWS(1.0),reglement,_T,_T,2000,94
SLC:DF_LAWS(1.0),staatsvertrag,_T,_T,2000,2
SLC:DF_LAWS(1.0),verordnung,_T,_T,2000,249
SLC:DF_LAWS(1.0),_T,AG,_T,2000,26
SLC:DF_LAWS(1.0),_T,AI,_T,2000,22
SLC:DF_LAWS(1.0),_T,AR,_T,2000,11
SLC:DF_LAWS(1.0),_T,BE,_T,2000,29
SLC:DF_LAWS(1.0),_T,BL,_T,2000,37
SLC:DF_LAWS(1.0),_T,BS,_T,2000,36
SLC:DF_LAWS(1.0),_T,FR,_T,2000,45
SLC:DF_LAWS(1.0),_T,GE,_T,2000,33
SLC:DF_LAWS(1.0),_T,GL,_T,2000,23
SLC:DF_LAWS(1.0),_T,GR,_T,2000,16
SLC:DF_LAWS(1.0),_T,JU,_T,2000,38
SLC:DF_LAWS(1.0),_T,LU,_T,2000,26
SLC:DF_LAWS(1.0),_T,NE,_T,2000,45
SLC:DF_LAWS(1.0),_T,NW,_T,2000,31
SLC:DF_LAWS(1.0),_T,OW,_T,2000,12
SLC:DF_LAWS(1.0),_T,SG,_T,2000,28
SLC:DF_LAWS(1.0),_T,SH,_T,2000,19
SLC:DF_LAWS(1.0),_T,SO,_T,2000,19
SLC:DF_LAWS(1.0),_T,SZ,_T,2000,16
SLC:DF_LAWS(1.0),_T,TG,_T,2000,16
SLC:DF_LAWS(1.0),_T,TI,_T,2000,24
SLC:DF_LAWS(1.0),_T,UR,_T,2000,14
SLC:DF_LAWS(1.0),_T,VD,_T,2000,32
SLC:DF_LAWS(1.0),_T,VS,_T,2000,22
SLC:DF_LAWS(1.0),_T,ZG,_T,2000,22
SLC:DF_LAWS(1.0),_T,ZH,_T,2000,35
SLC:DF_LAWS(1.0),_T,_T,autres,2000,52
SLC:DF_LAWS(1.0),_T,_T,eco,2000,53
SLC:DF_LAWS(1.0),_T,_T,educ,2000,153
SLC:DF_LAWS(1.0),_T,_T,etat,2000,147
SLC:DF_LAWS(1.0),_T,_T,fin,2000,91
SLC:DF_LAWS(1.0),_T,_T,infra,2000,75
SLC:DF_LAWS(1.0),_T,_T,sante,2000,106
SLC:DF_LAWS(1.0),_T,_T,_T,2000,677
SLC:DF_LAWS(1.0),anderes,AG,sante,2001,1
SLC:DF_LAWS(1.0),anderes,AR,infra,2001,1
SLC:DF_LAWS(1.0),anderes,BE,educ,2001,1
SLC:DF_LAWS(1.0),anderes,BL,etat,2001,1
SLC:DF_LAWS(1.0),anderes,BL,sante,2001,2
SLC:DF_LAWS(1.0),anderes,BS,educ,2001,3
SLC:DF_LAWS(1.0),anderes,BS,etat,2001,2
SLC:DF_LAWS(1.0),anderes,BS,infra,2001,1
SLC:DF_LAWS(1.0),anderes,BS,sante,2001,2
SLC:DF_LAWS(1.0),anderes,FR,autres,2001,1
SLC:DF_LAWS(1.0),anderes,FR,eco,2001,1
SLC:DF_LAWS(1.0),anderes,FR,educ,2001,1
SLC:DF_LAWS(1.0),anderes,FR,etat,2001,4
SLC:DF_LAWS(1.0),anderes,FR,fin,2001,1
SLC:DF_LAWS(1.0),anderes,FR,infra,2001,1
SLC:DF_LAWS(1.0),anderes,FR,sante,2001,2
SLC:DF_LAWS(1.0),anderes,GL,autres,2001,1
SLC:DF_LAWS(1.0),anderes,GL,educ,2001,1
SLC:DF_LAWS(1.0),anderes,GL,fin,2001,1
SLC:DF_LAWS(1.0),anderes,GL,infra,2001,1
SLC:DF_LAWS(1.0),anderes,GL,sante,2001,1
SLC:DF_LAWS(1.0),anderes,GR,eco,2001,1
SLC:DF_LAWS(1.0),anderes,GR,infra,2001,1
SLC:DF_LAWS(1.0),anderes,JU,educ,2001,2
SLC:DF_LAWS(1.0),anderes,LU,autres,2001,2
SLC:DF_LAWS(1.0),anderes,LU,educ,2001,3
SLC:DF_LAWS(1.0),anderes,NE,eco,2001,2
SLC:DF_LAWS(1.0),anderes,NE,educ,2001,4
SLC:DF_LAWS(1.0),anderes,NE,fin,2001,2
SLC:DF_LAWS(1.0),anderes,NE,infra,2001,1
SLC:DF_LAWS(1.0),anderes,SH,etat,2001,1
SLC:DF_LAWS(1.0),anderes,SO,educ,2001,5
SLC:DF_LAWS(1.0),anderes,SO,etat,2001,1
SLC:DF_LAWS(1.0),anderes,SO,infra,2001,1
SLC:DF_LAWS(1.0),anderes,SO,sante,2001,1
SLC:DF_LAWS(1.0),anderes,SZ,autres,2001,1
SLC:DF_LAWS(1.0),anderes,TG,etat,2001,1
SLC:DF_LAWS(1.0),anderes,VD,autres,2001,2
SLC:DF_LAWS(1.0),anderes,VD,eco,2001,1
SLC:DF_LAWS(1.0),anderes,VD,educ,2001,1
SLC:DF_LAWS(1.0),anderes,VD,etat,2001,2
SLC:DF_LAWS(1.0),anderes,VS,eco,2001,1
SLC:DF_LAWS(1.0),anderes,VS,educ,2001,1
SLC:DF_LAWS(1.0),anderes,VS,etat,2001,1
SLC:DF_LAWS(1.0),anderes,VS,sante,2001,1
SLC:DF_LAWS(1.0),anderes,ZG,eco,2001,2
SLC:DF_LAWS(1.0),anderes,ZG,educ,2001,2
SLC:DF_LAWS(1.0),anderes,ZG,etat,2001,1
SLC:DF_LAWS(1.0),anderes,ZG,fin,2001,1
SLC:DF_LAWS(1.0),anderes,ZG,sante,2001,1
SLC:DF_LAWS(1.0),anderes,ZH,autres,2001,1
SLC:DF_LAWS(1.0),anderes,ZH,educ,2001,7
SLC:DF_LAWS(1.0),dekret,AG,educ,2001,1
SLC:DF_LAWS(1.0),dekret,AI,eco,2001,1
SLC:DF_LAWS(1.0),dekret,AI,etat,2001,4
SLC:DF_LAWS(1.0),dekret,AI,infra,2001,2
SLC:DF_LAWS(1.0),dekret,AI,sante,2001,1
SLC:DF_LAWS(1.0),dekret,AR,educ,2001,2
SLC:DF_LAWS(1.0),dekret,BL,etat,2001,2
SLC:DF_LAWS(1.0),dekret,FR,educ,2001,1
SLC:DF_LAWS(1.0),dekret,FR,etat,2001,1
SLC:DF_LAWS(1.0),dekret,GL,educ,2001,1
SLC:DF_LAWS(1.0),dekret,GL,etat,2001,1
SLC:DF_LAWS(1.0),dekret,GL,fin,2001,1
SLC:DF_LAWS(1.0),dekret,GL,infra,2001,2
SLC:DF_LAWS(1.0),dekret,JU,autres,2001,1
SLC:DF_LAWS(1.0),dekret,JU,eco,2001,3
SLC:DF_LAWS(1.0),dekret,JU,etat,2001,1
SLC:DF_LAWS(1.0),dekret,JU,fin,2001,1
SLC:DF_LAWS(1.0),dekret,JU,sante,2001,2
SLC:DF_LAWS(1.0),dekret,LU,etat,2001,1
SLC:DF_LAWS(1.0),dekret,NE,infra,2001,1
SLC:DF_LAWS(1.0),dekret,NW,sante,2001,1
SLC:DF_LAWS(1.0),dekret,OW,eco,2001,1
SLC:DF_LAWS(1.0),dekret,OW,educ,2001,4
SLC:DF_LAWS(1.0),dekret,OW,etat,2001,1
SLC:DF_LAWS(1.0),dekret,OW,fin,2001,1
SLC:DF_LAWS(1.0),dekret,OW,infra,2001,2
SLC:DF_LAWS(1.0),dekret,OW,sante,2001,1
SLC:DF_LAWS(1.0),dekret,SG,eco,2001,1
SLC:DF_LAWS(1.0),dekret,SG,educ,2001,3
SLC:DF_LAWS(1.0),dekret,SG,etat,2001,1
SLC:DF_LAWS(1.0),dekret,SG,fin,2001,1
SLC:DF_LAWS(1.0),dekret,SZ,educ,2001,2
SLC:DF_LAWS(1.0),dekret,SZ,infra,2001,1
SLC:DF_LAWS(1.0),dekret,TI,eco,2001,1
SLC:DF_LAWS(1.0),dekret,TI,sante,2001,1
SLC:DF_LAWS(1.0),dekret,UR,autres,2001,1
SLC:DF_LAWS(1.0),dekret,UR,eco,2001,1
SLC:DF_LAWS(1.0),dekret,UR,educ,2001,1
SLC:DF_LAWS(1.0),dekret,UR,sante,2001,1
SLC:DF_LAWS(1.0),dekret,VS,etat,2001,1
SLC:DF_LAWS(1.0),dekret,ZG,eco,2001,1
SLC:DF_LAWS(1.0),dekret,ZG,fin,2001,1
SLC:DF_LAWS(1.0),dekret,ZG,sante,2001,1
SLC:DF_LAWS(1.0),dekret,ZH,etat,2001,1
SLC:DF_LAWS(1.0),gemeindeerlass,BS,etat,2001,2
SLC:DF_LAWS(1.0),gemeindeerlass,BS,sante,2001,1
SLC:DF_LAWS(1.0),gesetz,AG,sante,2001,1
SLC:DF_LAWS(1.0),gesetz,AI,etat,2001,1
SLC:DF_LAWS(1.0),gesetz,AI,infra,2001,3
SLC:DF_LAWS(1.0),gesetz,AI,sante,2001,1
SLC:DF_LAWS(1.0),gesetz,AR,etat,2001,2
SLC:DF_LAWS(1.0),gesetz,AR,infra,2001,1
SLC:DF_LAWS(1.0),gesetz,BE,sante,2001,1
SLC:DF_LAWS(1.0),gesetz,BL,etat,2001,2
SLC:DF_LAWS(1.0),gesetz,BL,sante,2001,1
SLC:DF_LAWS(1.0),gesetz,BS,etat,2001,1
SLC:DF_LAWS(1.0),gesetz,FR,autres,2001,1
SLC:DF_LAWS(1.0),gesetz,FR,eco,2001,1
SLC:DF_LAWS(1.0),gesetz,FR,educ,2001,2
SLC:DF_LAWS(1.0),gesetz,FR,etat,2001,4
SLC:DF_LAWS(1.0),gesetz,GE,autres,2001,1
SLC:DF_LAWS(1.0),gesetz,GE,eco,2001,1
SLC:DF_LAWS(1.0),gesetz,GE,educ,2001,1
SLC:DF_LAWS(1.0),gesetz,GE,etat,2001,4
SLC:DF_LAWS(1.0),gesetz,GE,fin,2001,3
SLC:DF_LAWS(1.0),gesetz,GE,infra,2001,1
SLC:DF_LAWS(1.0),gesetz,GE,sante,2001,2
SLC:DF_LAWS(1.0),gesetz,GL,autres,2001,1
SLC:DF_LAWS(1.0),gesetz,GR,etat,2001,1
SLC:DF_LAWS(1.0),gesetz,GR,sante,2001,2
SLC:DF_LAWS(1.0),gesetz,JU,autres,2001,1
SLC:DF_LAWS(1.0),gesetz,JU,eco,2001,3
SLC:DF_LAWS(1.0),gesetz,JU,fin,2001,1
SLC:DF_LAWS(1.0),gesetz,LU,autres,2001,1
SLC:DF_LAWS(1.0),gesetz,LU,eco,2001,1
SLC:DF_LAWS(1.0),gesetz,LU,educ,2001,2
SLC:DF_LAWS(1.0),gesetz,LU,etat,2001,1
SLC:DF_LAWS(1.0),gesetz,NE,educ,2001,1
SLC:DF_LAWS(1.0),gesetz,NE,fin,2001,2
SLC:DF_LAWS(1.0),gesetz,NE,infra,2001,1
SLC:DF_LAWS(1.0),gesetz,NE,sante,2001,1
SLC:DF_LAWS(1.0),gesetz,NW,eco,2001,2
SLC:DF_LAWS(1.0),gesetz,NW,etat,2001,1
SLC:DF_LAWS(1.0),gesetz,NW,infra,2001,1
SLC:DF_LAWS(1.0),gesetz,NW,sante,2001,1
SLC:DF_LAWS(1.0),gesetz,OW,autres,2001,1
SLC:DF_LAWS(1.0),gesetz,OW,infra,2001,2
SLC:DF_LAWS(1.0),gesetz,SG,fin,2001,1
SLC:DF_LAWS(1.0),gesetz,SH,infra,2001,1
SLC:DF_LAWS(1.0),gesetz,SO,educ,2001,1
SLC:DF_LAWS(1.0),gesetz,SO,etat,2001,1
SLC:DF_LAWS(1.0),gesetz,SZ,fin,2001,1
SLC:DF_LAWS(1.0),gesetz,SZ,sante,2001,1
SLC:DF_LAWS(1.0),gesetz,TG,educ,2001,1
SLC:DF_LAWS(1.0),gesetz,TG,etat,2001,1
SLC:DF_LAWS(1.0),gesetz,TI,eco,2001,1
SLC:DF_LAWS(1.0),gesetz,TI,infra,2001,3
SLC:DF_LAWS(1.0),gesetz,TI,sante,2001,2
SLC:DF_LAWS(1.0),gesetz,UR,fin,2001,1
SLC:DF_LAWS(1.0),gesetz,VD,etat,2001,1
SLC:DF_LAWS(1.0),gesetz,VS,eco,2001,1
SLC:DF_LAWS(1.0),gesetz,VS,educ,2001,2
SLC:DF_LAWS(1.0),gesetz,VS,etat,2001,1
SLC:DF_LAWS(1.0),gesetz,ZG,educ,2001,1
SLC:DF_LAWS(1.0),gesetz,ZG,etat,2001,1
SLC:DF_LAWS(1.0),gesetz,ZH,etat,2001,1
SLC:DF_LAWS(1.0),gesetz,ZH,infra,2001,1
SLC:DF_LAWS(1.0),interkantonale_vereinbarung,AG,educ,2001,1
SLC:DF_LAWS(1.0),interkantonale_vereinbarung,AG,infra,2001,1
SLC:DF_LAWS(1.0),interkantonale_vereinbarung,AI,educ,2001,1
SLC:DF_LAWS(1.0),interkantonale_vereinbarung,AI,infra,2001,1
SLC:DF_LAWS(1.0),interkantonale_vereinbarung,AR,educ,2001,1
SLC:DF_LAWS(1.0),interkantonale_vereinbarung,BE,educ,2001,2
SLC:DF_LAWS(1.0),interkantonale_vereinbarung,BE,infra,2001,1
SLC:DF_LAWS(1.0),interkantonale_vereinbarung,BL,educ,2001,2
SLC:DF_LAWS(1.0),interkantonale_vereinbarung,BL,infra,2001,2
SLC:DF_LAWS(1.0),interkantonale_vereinbarung,BL,sante,2001,1
SLC:DF_LAWS(1.0),interkantonale_vereinbarung,BS,infra,2001,1
SLC:DF_LAWS(1.0),interkantonale_vereinbarung,BS,sante,2001,1
SLC:DF_LAWS(1.0),interkantonale_vereinbarung,FR,educ,2001,4
SLC:DF_LAWS(1.0),interkantonale_vereinbarung,FR,etat,2001,1
SLC:DF_LAWS(1.0),interkantonale_vereinbarung,GE,educ,2001,1
SLC:DF_LAWS(1.0),interkantonale_vereinbarung,GE,etat,2001,2
SLC:DF_LAWS(1.0),interkantonale_vereinbarung,GL,educ,2001,1
SLC:DF_LAWS(1.0),interkantonale_vereinbarung,JU,educ,2001,2
SLC:DF_LAWS(1.0),interkantonale_vereinbarung,JU,etat,2001,1
SLC:DF_LAWS(1.0),interkantonale_vereinbarung,LU,educ,2001,3
SLC:DF_LAWS(1.0),interkantonale_vereinbarung,LU,infra,2001,1
SLC:DF_LAWS(1.0),interkantonale_vereinbarung,NE,educ,2001,4
SLC:DF_LAWS(1.0),interkantonale_vereinbarung,NW,eco,2001,1
SLC:DF_LAWS(1.0),interkantonale_vereinbarung,NW,etat,2001,1
SLC:DF_LAWS(1.0),interkantonale_vereinbarung,NW,infra,2001,2
SLC:DF_LAWS(1.0),interkantonale_vereinbarung,NW,sante,2001,1
SLC:DF_LAWS(1.0),interkantonale_vereinbarung,OW,eco,2001,1
SLC:DF_LAWS(1.0),interkantonale_vereinbarung,OW,educ,2001,1
SLC:DF_LAWS(1.0),interkantonale_vereinbarung,OW,etat,2001,1
SLC:DF_LAWS(1.0),interkantonale_vereinbarung,OW,infra,2001,5
SLC:DF_LAWS(1.0),interkantonale_vereinbarung,OW,sante,2001,1
SLC:DF_LAWS(1.0),interkantonale_vereinbarung,SG,eco,2001,1
SLC:DF_LAWS(1.0),interkantonale_vereinbarung,SG,educ,2001,1
SLC:DF_LAWS(1.0),interkantonale_vereinbarung,SG,etat,2001,1
SLC:DF_LAWS(1.0),interkantonale_vereinbarung,SG,infra,2001,2
SLC:DF_LAWS(1.0),interkantonale_vereinbarung,SH,eco,2001,1
SLC:DF_LAWS(1.0),interkantonale_vereinbarung,SH,educ,2001,2
SLC:DF_LAWS(1.0),interkantonale_vereinbarung,SH,etat,2001,1
SLC:DF_LAWS(1.0),interkantonale_vereinbarung,SH,infra,2001,1
SLC:DF_LAWS(1.0),interkantonale_vereinbarung,SO,educ,2001,1
SLC:DF_LAWS(1.0),interkantonale_vereinbarung,SO,etat,2001,1
SLC:DF_LAWS(1.0),interkantonale_vereinbarung,SO,infra,2001,1
SLC:DF_LAWS(1.0),interkantonale_vereinbarung,TG,educ,2001,2
SLC:DF_LAWS(1.0),interkantonale_vereinbarung,TI,educ,2001,1
SLC:DF_LAWS(1.0),interkantonale_vereinbarung,VD,educ,2001,2
SLC:DF_LAWS(1.0),interkantonale_vereinbarung,VD,etat,2001,1
SLC:DF_LAWS(1.0),interkantonale_vereinbarung,VS,educ,2001,1
SLC:DF_LAWS(1.0),interkantonale_vereinbarung,VS,etat,2001,1
SLC:DF_LAWS(1.0),interkantonale_vereinbarung,ZG,infra,2001,3
SLC:DF_LAWS(1.0),interkantonale_vereinbarung,ZH,educ,2001,2
SLC:DF_LAWS(1.0),interkantonale_vereinbarung,ZH,sante,2001,1
SLC:DF_LAWS(1.0),reglement,BE,educ,2001,5
SLC:DF_LAWS(1.0),reglement,BS,educ,2001,1
SLC:DF_LAWS(1.0),reglement,FR,eco,2001,2
SLC:DF_LAWS(1.0),reglement,FR,educ,2001,3
SLC:DF_LAWS(1.0),reglement,FR,etat,2001,4
SLC:DF_LAWS(1.0),reglement,FR,infra,2001,1
SLC:DF_LAWS(1.0),reglement,FR,sante,2001,1
SLC:DF_LAWS(1.0),reglement,GE,autres,2001,1
SLC:DF_LAWS(1.0),reglement,GE,eco,2001,1
SLC:DF_LAWS(1.0),reglement,GE,educ,2001,3
SLC:DF_LAWS(1.0),reglement,GE,etat,2001,7
SLC:DF_LAWS(1.0),reglement,GE,fin,2001,6
SLC:DF_LAWS(1.0),reglement,GE,infra,2001,4
SLC:DF_LAWS(1.0),reglement,GE,sante,2001,8
SLC:DF_LAWS(1.0),reglement,GL,educ,2001,2
SLC:DF_LAWS(1.0),reglement,GL,sante,2001,2
SLC:DF_LAWS(1.0),reglement,GR,autres,2001,1
SLC:DF_LAWS(1.0),reglement,JU,etat,2001,1
SLC:DF_LAWS(1.0),reglement,LU,educ,2001,4
SLC:DF_LAWS(1.0),reglement,LU,etat,2001,1
SLC:DF_LAWS(1.0),reglement,NE,autres,2001,4
SLC:DF_LAWS(1.0),reglement,NE,educ,2001,2
SLC:DF_LAWS(1.0),reglement,NE,etat,2001,1
SLC:DF_LAWS(1.0),reglement,NE,fin,2001,2
SLC:DF_LAWS(1.0),reglement,NW,educ,2001,1
SLC:DF_LAWS(1.0),reglement,SZ,etat,2001,1
SLC:DF_LAWS(1.0),reglement,TI,autres,2001,3
SLC:DF_LAWS(1.0),reglement,TI,eco,2001,1
SLC:DF_LAWS(1.0),reglement,TI,educ,2001,4
SLC:DF_LAWS(1.0),reglement,TI,etat,2001,2
SLC:DF_LAWS(1.0),reglement,TI,infra,2001,3
SLC:DF_LAWS(1.0),reglement,UR,eco,2001,1
SLC:DF_LAWS(1.0),reglement,UR,educ,2001,2
SLC:DF_LAWS(1.0),reglement,UR,etat,2001,2
SLC:DF_LAWS(1.0),reglement,UR,fin,2001,1
SLC:DF_LAWS(1.0),reglement,UR,sante,2001,2
SLC:DF_LAWS(1.0),reglement,VD,autres,2001,1
SLC:DF_LAWS(1.0),reglement,VD,educ,2001,2
SLC:DF_LAWS(1.0),reglement,VD,etat,2001,4
SLC:DF_LAWS(1.0),reglement,VD,fin,2001,4
SLC:DF_LAWS(1.0),reglement,VD,infra,2001,1
SLC:DF_LAWS(1.0),reglement,VD,sante,2001,2
SLC:DF_LAWS(1.0),reglement,VS,educ,2001,3
SLC:DF_LAWS(1.0),reglement,VS,etat,2001,3
SLC:DF_LAWS(1.0),reglement,VS,sante,2001,3
SLC:DF_LAWS(1.0),reglement,ZG,eco,2001,2
SLC:DF_LAWS(1.0),reglement,ZG,educ,2001,4
SLC:DF_LAWS(1.0),reglement,ZG,etat,2001,1
SLC:DF_LAWS(1.0),reglement,ZH,educ,2001,3
SLC:DF_LAWS(1.0),staatsvertrag,JU,eco,2001,2
SLC:DF_LAWS(1.0),staatsvertrag,VD,etat,2001,1
SLC:DF_LAWS(1.0),verfassung,SG,etat,2001,1
SLC:DF_LAWS(1.0),verordnung,AG,eco,2001,1
SLC:DF_LAWS(1.0),verordnung,AG,educ,2001,3
SLC:DF_LAWS(1.0),verordnung,AG,etat,2001,2
SLC:DF_LAWS(1.0),verordnung,AG,fin,2001,1
SLC:DF_LAWS(1.0),verordnung,AG,infra,2001,1
SLC:DF_LAWS(1.0),verordnung,AG,sante,2001,2
SLC:DF_LAWS(1.0),verordnung,AI,autres,2001,1
SLC:DF_LAWS(1.0),verordnung,AI,eco,2001,2
SLC:DF_LAWS(1.0),verordnung,AI,educ,2001,1
SLC:DF_LAWS(1.0),verordnung,AI,etat,2001,1
SLC:DF_LAWS(1.0),verordnung,AI,fin,2001,2
SLC:DF_LAWS(1.0),verordnung,AI,infra,2001,1
SLC:DF_LAWS(1.0),verordnung,AR,educ,2001,1
SLC:DF_LAWS(1.0),verordnung,AR,infra,2001,1
SLC:DF_LAWS(1.0),verordnung,AR,sante,2001,1
SLC:DF_LAWS(1.0),verordnung,BE,educ,2001,1
SLC:DF_LAWS(1.0),verordnung,BE,etat,2001,5
SLC:DF_LAWS(1.0),verordnung,BE,fin,2001,2
SLC:DF_LAWS(1.0),verordnung,BE,infra,2001,1
SLC:DF_LAWS(1.0),verordnung,BE,sante,2001,4
SLC:DF_LAWS(1.0),verordnung,BL,educ,2001,1
SLC:DF_LAWS(1.0),verordnung,BL,etat,2001,3
SLC:DF_LAWS(1.0),verordnung,BL,fin,2001,2
SLC:DF_LAWS(1.0),verordnung,BL,infra,2001,3
SLC:DF_LAWS(1.0),verordnung,BL,sante,2001,6
SLC:DF_LAWS(1.0),verordnung,BS,educ,2001,1
SLC:DF_LAWS(1.0),verordnung,BS,etat,2001,3
SLC:DF_LAWS(1.0),verordnung,BS,infra,2001,1
SLC:DF_LAWS(1.0),verordnung,BS,sante,2001,4
SLC:DF_LAWS(1.0),verordnung,FR,autres,2001,1
SLC:DF_LAWS(1.0),verordnung,FR,eco,2001,1
SLC:DF_LAWS(1.0),verordnung,FR,educ,2001,2
SLC:DF_LAWS(1.0),verordnung,FR,etat,2001,6
SLC:DF_LAWS(1.0),verordnung,FR,fin,2001,4
SLC:DF_LAWS(1.0),verordnung,FR,sante,2001,4
SLC:DF_LAWS(1.0),verordnung,GE,sante,2001,1
SLC:DF_LAWS(1.0),verordnung,GL,educ,2001,1
SLC:DF_LAWS(1.0),verordnung,GL,fin,2001,1
SLC:DF_LAWS(1.0),verordnung,GL,infra,2001,2
SLC:DF_LAWS(1.0),verordnung,GL,sante,2001,1
SLC:DF_LAWS(1.0),verordnung,GR,autres,2001,1
SLC:DF_LAWS(1.0),verordnung,GR,eco,2001,2
SLC:DF_LAWS(1.0),verordnung,GR,educ,2001,3
SLC:DF_LAWS(1.0),verordnung,GR,etat,2001,3
SLC:DF_LAWS(1.0),verordnung,GR,fin,2001,2
SLC:DF_LAWS(1.0),verordnung,JU,educ,2001,3
SLC:DF_LAWS(1.0),verordnung,JU,etat,2001,4
SLC:DF_LAWS(1.0),verordnung,JU,fin,2001,3
SLC:DF_LAWS(1.0),verordnung,JU,infra,2001,1
SLC:DF_LAWS(1.0),verordnung,JU,sante,2001,2
SLC:DF_LAWS(1.0),verordnung,LU,autres,2001,8
SLC:DF_LAWS(1.0),verordnung,LU,eco,2001,1
SLC:DF_LAWS(1.0),verordnung,LU,educ,2001,3
SLC:DF_LAWS(1.0),verordnung,LU,etat,2001,4
SLC:DF_LAWS(1.0),verordnung,LU,fin,2001,1
SLC:DF_LAWS(1.0),verordnung,LU,infra,2001,1
SLC:DF_LAWS(1.0),verordnung,NE,etat,2001,1
SLC:DF_LAWS(1.0),verordnung,NE,fin,2001,2
SLC:DF_LAWS(1.0),verordnung,NE,sante,2001,1
SLC:DF_LAWS(1.0),verordnung,NW,autres,2001,2
SLC:DF_LAWS(1.0),verordnung,NW,educ,2001,2
SLC:DF_LAWS(1.0),verordnung,NW,etat,2001,5
SLC:DF_LAWS(1.0),verordnung,NW,fin,2001,2
SLC:DF_LAWS(1.0),verordnung,OW,eco,2001,2
SLC:DF_LAWS(1.0),verordnung,OW,educ,2001,1
SLC:DF_LAWS(1.0),verordnung,OW,etat,2001,2
SLC:DF_LAWS(1.0),verordnung,OW,fin,2001,3
SLC:DF_LAWS(1.0),verordnung,OW,infra,2001,4
SLC:DF_LAWS(1.0),verordnung,OW,sante,2001,1
SLC:DF_LAWS(1.0),verordnung,SG,autres,2001,1
SLC:DF_LAWS(1.0),verordnung,SG,eco,2001,1
SLC:DF_LAWS(1.0),verordnung,SG,educ,2001,3
SLC:DF_LAWS(1.0),verordnung,SG,etat,2001,1
SLC:DF_LAWS(1.0),verordnung,SG,fin,2001,1
SLC:DF_LAWS(1.0),verordnung,SG,infra,2001,1
SLC:DF_LAWS(1.0),verordnung,SG,sante,2001,4
SLC:DF_LAWS(1.0),verordnung,SH,eco,2001,1
SLC:DF_LAWS(1.0),verordnung,SH,educ,2001,4
SLC:DF_LAWS(1.0),verordnung,SH,fin,2001,1
SLC:DF_LAWS(1.0),verordnung,SH,sante,2001,1
SLC:DF_LAWS(1.0),verordnung,SO,eco,2001,1
SLC:DF_LAWS(1.0),verordnung,SO,educ,2001,1
SLC:DF_LAWS(1.0),verordnung,SO,etat,2001,1
SLC:DF_LAWS(1.0),verordnung,SO,sante,2001,2
SLC:DF_LAWS(1.0),verordnung,SZ,eco,2001,1
SLC:DF_LAWS(1.0),verordnung,SZ,fin,2001,6
SLC:DF_LAWS(1.0),verordnung,SZ,infra,2001,2
SLC:DF_LAWS(1.0),verordnung,SZ,sante,2001,2
SLC:DF_LAWS(1.0),verordnung,TG,eco,2001,1
SLC:DF_LAWS(1.0),verordnung,TG,educ,2001,3
SLC:DF_LAWS(1.0),verordnung,TG,etat,2001,2
SLC:DF_LAWS(1.0),verordnung,TG,sante,2001,1
SLC:DF_LAWS(1.0),verordnung,TI,eco,2001,2
SLC:DF_LAWS(1.0),verordnung,TI,infra,2001,1
SLC:DF_LAWS(1.0),verordnung,VS,eco,2001,1
SLC:DF_LAWS(1.0),verordnung,VS,etat,2001,2
SLC:DF_LAWS(1.0),verordnung,VS,sante,2001,1
SLC:DF_LAWS(1.0),verordnung,ZG,educ,2001,2
SLC:DF_LAWS(1.0),verordnung,ZG,fin,2001,1
SLC:DF_LAWS(1.0),verordnung,ZG,infra,2001,1
SLC:DF_LAWS(1.0),verordnung,ZG,sante,2001,1
SLC:DF_LAWS(1.0),verordnung,ZH,autres,2001,2
SLC:DF_LAWS(1.0),verordnung,ZH,etat,2001,3
SLC:DF_LAWS(1.0),verordnung,ZH,fin,2001,1
SLC:DF_LAWS(1.0),verordnung,ZH,infra,2001,1
SLC:DF_LAWS(1.0),verordnung,ZH,sante,2001,1
SLC:DF_LAWS(1.0),anderes,_T,_T,2001,84
SLC:DF_LAWS(1.0),dekret,_T,_T,2001,61
SLC:DF_LAWS(1.0),gemeindeerlass,_T,_T,2001,3
SLC:DF_LAWS(1.0),gesetz,_T,_T,2001,86
SLC:DF_LAWS(1.0),interkantonale_vereinbarung,_T,_T,2001,76
SLC:DF_LAWS(1.0),reglement,_T,_T,2001,123
SLC:DF_LAWS(1.0),staatsvertrag,_T,_T,2001,3
SLC:DF_LAWS(1.0),verfassung,_T,_T,2001,1
SLC:DF_LAWS(1.0),verordnung,_T,_T,2001,214
SLC:DF_LAWS(1.0),_T,AG,_T,2001,15
SLC:DF_LAWS(1.0),_T,AI,_T,2001,23
SLC:DF_LAWS(1.0),_T,AR,_T,2001,10
SLC:DF_LAWS(1.0),_T,BE,_T,2001,23
SLC:DF_LAWS(1.0),_T,BL,_T,2001,28
SLC:DF_LAWS(1.0),_T,BS,_T,2001,24
SLC:DF_LAWS(1.0),_T,FR,_T,2001,55
SLC:DF_LAWS(1.0),_T,GE,_T,2001,47
SLC:DF_LAWS(1.0),_T,GL,_T,2001,21
SLC:DF_LAWS(1.0),_T,GR,_T,2001,17
SLC:DF_LAWS(1.0),_T,JU,_T,2001,34
SLC:DF_LAWS(1.0),_T,LU,_T,2001,38
SLC:DF_LAWS(1.0),_T,NE,_T,2001,32
SLC:DF_LAWS(1.0),_T,NW,_T,2001,23
SLC:DF_LAWS(1.0),_T,OW,_T,2001,35
SLC:DF_LAWS(1.0),_T,SG,_T,2001,25
SLC:DF_LAWS(1.0),_T,SH,_T,2001,14
SLC:DF_LAWS(1.0),_T,SO,_T,2001,18
SLC:DF_LAWS(1.0),_T,SZ,_T,2001,18
SLC:DF_LAWS(1.0),_T,TG,_T,2001,12
SLC:DF_LAWS(1.0),_T,TI,_T,2001,25
SLC:DF_LAWS(1.0),_T,UR,_T,2001,13
SLC:DF_LAWS(1.0),_T,VD,_T,2001,25
SLC:DF_LAWS(1.0),_T,VS,_T,2001,24
SLC:DF_LAWS(1.0),_T,ZG,_T,2001,27
SLC:DF_LAWS(1.0),_T,ZH,_T,2001,25
SLC:DF_LAWS(1.0),_T,_T,autres,2001,42
SLC:DF_LAWS(1.0),_T,_T,eco,2001,57
SLC:DF_LAWS(1.0),_T,_T,educ,2001,167
SLC:DF_LAWS(1.0),_T,_T,etat,2001,141
SLC:DF_LAWS(1.0),_T,_T,fin,2001,67
SLC:DF_LAWS(1.0),_T,_T,infra,2001,81
SLC:DF_LAWS(1.0),_T,_T,sante,2001,96
SLC:DF_LAWS(1.0),_T,_T,_T,2001,651
SLC:DF_LAWS(1.0),anderes,AG,eco,2002,1
SLC:DF_LAWS(1.0),anderes,AG,sante,2002,1
SLC:DF_LAWS(1.0),anderes,BL,educ,2002,3
SLC:DF_LAWS(1.0),anderes,BL,sante,2002,1
SLC:DF_LAWS(1.0),anderes,BS,educ,2002,5
SLC:DF_LAWS(1.0),anderes,BS,etat,2002,2
SLC:DF_LAWS(1.0),anderes,FR,autres,2002,1
SLC:DF_LAWS(1.0),anderes,FR,educ,2002,1
SLC:DF_LAWS(1.0),anderes,GE,sante,2002,1
SLC:DF_LAWS(1.0),anderes,GL,educ,2002,1
SLC:DF_LAWS(1.0),anderes,GL,etat,2002,1
SLC:DF_LAWS(1.0),anderes,GL,infra,2002,1
SLC:DF_LAWS(1.0),anderes,GL,sante,2002,1
SLC:DF_LAWS(1.0),anderes,GR,autres,2002,1
SLC:DF_LAWS(1.0),anderes,GR,sante,2002,1
SLC:DF_LAWS(1.0),anderes,JU,educ,2002,1
SLC:DF_LAWS(1.0),anderes,JU,fin,2002,2
SLC:DF_LAWS(1.0),anderes,LU,eco,2002,1
SLC:DF_LAWS(1.0),anderes,LU,educ,2002,1
SLC:DF_LAWS(1.0),anderes,LU,etat,2002,3
SLC:DF_LAWS(1.0),anderes,NE,eco,2002,1
SLC:DF_LAWS(1.0),anderes,NE,educ,2002,15
SLC:DF_LAWS(1.0),anderes,NE,etat,2002,3
SLC:DF_LAWS(1.0),anderes,NE,infra,2002,3
SLC:DF_LAWS(1.0),anderes,NE,sante,2002,1
SLC:DF_LAWS(1.0),anderes,NW,eco,2002,1
SLC:DF_LAWS(1.0),anderes,NW,etat,2002,1
SLC:DF_LAWS(1.0),anderes,NW,infra,2002,1
SLC:DF_LAWS(1.0),anderes,NW,sante,2002,2
SLC:DF_LAWS(1.0),anderes,OW,sante,2002,3
SLC:DF_LAWS(1.0),anderes,SG,educ,2002,2
SLC:DF_LAWS(1.0),anderes,SG,sante,2002,1
SLC:DF_LAWS(1.0),anderes,SH,educ,2002,1
SLC:DF_LAWS(1.0),anderes,SH,etat,2002,1
SLC:DF_LAWS(1.0),anderes,SH,sante,2002,5
SLC:DF_LAWS(1.0),anderes,SO,eco,2002,1
SLC:DF_LAWS(1.0),anderes,SO,educ,2002,3
SLC:DF_LAWS(1.0),anderes,SO,etat,2002,1
SLC:DF_LAWS(1.0),anderes,SZ,educ,2002,1
SLC:DF_LAWS(1.0),anderes,TG,etat,2002,1
SLC:DF_LAWS(1.0),anderes,TI,etat,2002,1
SLC:DF_LAWS(1.0),anderes,UR,sante,2002,1
SLC:DF_LAWS(1.0),anderes,VD,eco,2002,1
SLC:DF_LAWS(1.0),anderes,VD,educ,2002,1
SLC:DF_LAWS(1.0),anderes,VD,fin,2002,1
SLC:DF_LAWS(1.0),anderes,VD,infra,2002,1
SLC:DF_LAWS(1.0),anderes,VS,infra,2002,1
SLC:DF_LAWS(1.0),anderes,ZG,autres,2002,2
SLC:DF_LAWS(1.0),anderes,ZG,eco,2002,1
SLC:DF_LAWS(1.0),anderes,ZG,educ,2002,2
SLC:DF_LAWS(1.0),anderes,ZG,sante,2002,1
SLC:DF_LAWS(1.0),anderes,ZH,autres,2002,1
SLC:DF_LAWS(1.0),anderes,ZH,eco,2002,1
SLC:DF_LAWS(1.0),anderes,ZH,educ,2002,10
SLC:DF_LAWS(1.0),dekret,AG,etat,2002,2
SLC:DF_LAWS(1.0),dekret,AI,autres,2002,1
SLC:DF_LAWS(1.0),dekret,AI,etat,2002,1
SLC:DF_LAWS(1.0),dekret,AI,fin,2002,2
SLC:DF_LAWS(1.0),dekret,AI,infra,2002,3
SLC:DF_LAWS(1.0),dekret,AI,sante,2002,1
SLC:DF_LAWS(1.0),dekret,BE,eco,2002,1
SLC:DF_LAWS(1.0),dekret,BE,educ,2002,1
SLC:DF_LAWS(1.0),dekret,BL,sante,2002,1
SLC:DF_LAWS(1.0),dekret,FR,etat,2002,6
SLC:DF_LAWS(1.0),dekret,FR,fin,2002,1
SLC:DF_LAWS(1.0),dekret,GL,educ,2002,2
SLC:DF_LAWS(1.0),dekret,GR,sante,2002,1
SLC:DF_LAWS(1.0),dekret,JU,eco,2002,1
SLC:DF_LAWS(1.0),dekret,LU,etat,2002,2
SLC:DF_LAWS(1.0),dekret,NE,educ,2002,1
SLC:DF_LAWS(1.0),dekret,NE,etat,2002,2
SLC:DF_LAWS(1.0),dekret,NE,fin,2002,1
SLC:DF_LAWS(1.0),dekret,NW,etat,2002,1
SLC:DF_LAWS(1.0),dekret,OW,educ,2002,1
SLC:DF_LAWS(1.0),dekret,OW,etat,2002,1
SLC:DF_LAWS(1.0),dekret,OW,infra,2002,2
SLC:DF_LAWS(1.0),dekret,OW,sante,2002,2
SLC:DF_LAWS(1.0),dekret,SG,eco,2002,1
SLC:DF_LAWS(1.0),dekret,SG,educ,2002,1
SLC:DF_LAWS(1.0),dekret,SG,infra,2002,4
SLC:DF_LAWS(1.0),dekret,SG,sante,2002,5
SLC:DF_LAWS(1.0),dekret,SH,infra,2002,1
SLC:DF_LAWS(1.0),dekret,SZ,educ,2002,1
SLC:DF_LAWS(1.0),dekret,TI,educ,2002,2
SLC:DF_LAWS(1.0),dekret,TI,etat,2002,1
SLC:DF_LAWS(1.0),dekret,TI,fin,2002,1
SLC:DF_LAWS(1.0),dekret,UR,autres,2002,1
SLC:DF_LAWS(1.0),dekret,UR,educ,2002,1
SLC:DF_LAWS(1.0),dekret,UR,fin,2002,1
SLC:DF_LAWS(1.0),dekret,VD,etat,2002,1
SLC:DF_LAWS(1.0),dekret,VD,infra,2002,1
SLC:DF_LAWS(1.0),dekret,VD,sante,2002,1
SLC:DF_LAWS(1.0),dekret,ZG,etat,2002,2
SLC:DF_LAWS(1.0),dekret,ZG,fin,2002,1
SLC:DF_LAWS(1.0),gemeindeerlass,BS,educ,2002,1
SLC:DF_LAWS(1.0),gemeindeerlass,BS,etat,2002,7
SLC:DF_LAWS(1.0),gemeindeerlass,BS,infra,2002,2
SLC:DF_LAWS(1.0),gemeindeerlass,BS,sante,2002,3
SLC:DF_LAWS(1.0),gesetz,AG,educ,2002,1
SLC:DF_LAWS(1.0),gesetz,AG,etat,2002,1
SLC:DF_LAWS(1.0),gesetz,AI,autres,2002,1
SLC:DF_LAWS(1.0),gesetz,AI,fin,2002,1
SLC:DF_LAWS(1.0),gesetz,AR,etat,2002,3
SLC:DF_LAWS(1.0),gesetz,BE,educ,2002,1
SLC:DF_LAWS(1.0),gesetz,BE,etat,2002,2
SLC:DF_LAWS(1.0),gesetz,BE,infra,2002,2
SLC:DF_LAWS(1.0),gesetz,BL,autres,2002,1
SLC:DF_LAWS(1.0),gesetz,BL,infra,2002,1
SLC:DF_LAWS(1.0),gesetz,BL,sante,2002,1
SLC:DF_LAWS(1.0),gesetz,BS,sante,2002,1
SLC:DF_LAWS(1.0),gesetz,FR,etat,2002,2
SLC:DF_LAWS(1.0),gesetz,GE,autres,2002,1
SLC:DF_LAWS(1.0),gesetz,GE,eco,2002,1
SLC:DF_LAWS(1.0),gesetz,GE,etat,2002,2
SLC:DF_LAWS(1.0),gesetz,GE,sante,2002,2
SLC:DF_LAWS(1.0),gesetz,GL,autres,2002,1
SLC:DF_LAWS(1.0),gesetz,GL,etat,2002,2
SLC:DF_LAWS(1.0),gesetz,GR,educ,2002,1
SLC:DF_LAWS(1.0),gesetz,JU,eco,2002,1
SLC:DF_LAWS(1.0),gesetz,JU,etat,2002,2
SLC:DF_LAWS(1.0),gesetz,JU,infra,2002,1
SLC:DF_LAWS(1.0),gesetz,LU,autres,2002,1
SLC:DF_LAWS(1.0),gesetz,LU,educ,2002,2
SLC:DF_LAWS(1.0),gesetz,LU,fin,2002,1
SLC:DF_LAWS(1.0),gesetz,NE,educ,2002,2
SLC:DF_LAWS(1.0),gesetz,NE,etat,2002,1
SLC:DF_LAWS(1.0),gesetz,NE,fin,2002,1
SLC:DF_LAWS(1.0),gesetz,NW,educ,2002,2
SLC:DF_LAWS(1.0),gesetz,NW,fin,2002,3
SLC:DF_LAWS(1.0),gesetz,NW,sante,2002,1
SLC:DF_LAWS(1.0),gesetz,OW,etat,2002,2
SLC:DF_LAWS(1.0),gesetz,OW,infra,2002,1
SLC:DF_LAWS(1.0),gesetz,OW,sante,2002,1
SLC:DF_LAWS(1.0),gesetz,SG,infra,2002,2
SLC:DF_LAWS(1.0),gesetz,SG,sante,2002,1
SLC:DF_LAWS(1.0),gesetz,SH,eco,2002,1
SLC:DF_LAWS(1.0),gesetz,SZ,educ,2002,2
SLC:DF_LAWS(1.0),gesetz,SZ,sante,2002,3
SLC:DF_LAWS(1.0),gesetz,TG,eco,2002,1
SLC:DF_LAWS(1.0),gesetz,TG,etat,2002,1
SLC:DF_LAWS(1.0),gesetz,TI,eco,2002,2
SLC:DF_LAWS(1.0),gesetz,TI,etat,2002,5
SLC:DF_LAWS(1.0),gesetz,TI,infra,2002,1
SLC:DF_LAWS(1.0),gesetz,TI,sante,2002,1
SLC:DF_LAWS(1.0),gesetz,VD,etat,2002,2
SLC:DF_LAWS(1.0),gesetz,VD,fin,2002,1
SLC:DF_LAWS(1.0),gesetz,VS,eco,2002,1
SLC:DF_LAWS(1.0),gesetz,VS,educ,2002,1
SLC:DF_LAWS(1.0),gesetz,ZG,educ,2002,1
SLC:DF_LAWS(1.0),gesetz,ZG,etat,2002,1
SLC:DF_LAWS(1.0),gesetz,ZH,autres,2002,1
SLC:DF_LAWS(1.0),gesetz,ZH,educ,2002,1
SLC:DF_LAWS(1.0),interkantonale_vereinbarung,AG,educ,2002,2
SLC:DF_LAWS(1.0),interkantonale_vereinbarung,AR,sante,2002,1
SLC:DF_LAWS(1.0),interkantonale_vereinbarung,BE,sante,2002,2
SLC:DF_LAWS(1.0),interkantonale_vereinbarung,BL,educ,2002,4
SLC:DF_LAWS(1.0),interkantonale_vereinbarung,BL,etat,2002,1
SLC:DF_LAWS(1.0),interkantonale_vereinbarung,BL,sante,2002,1
SLC:DF_LAWS(1.0),interkantonale_vereinbarung,BS,educ,2002,1
SLC:DF_LAWS(1.0),interkantonale_vereinbarung,BS,infra,2002,1
SLC:DF_LAWS(1.0),interkantonale_vereinbarung,FR,educ,2002,3
SLC:DF_LAWS(1.0),interkantonale_vereinbarung,FR,infra,2002,1
SLC:DF_LAWS(1.0),interkantonale_vereinbarung,FR,sante,2002,1
SLC:DF_LAWS(1.0),interkantonale_vereinbarung,GE,educ,2002,3
SLC:DF_LAWS(1.0),interkantonale_vereinbarung,GL,autres,2002,1
SLC:DF_LAWS(1.0),interkantonale_vereinbarung,GR,sante,2002,1
SLC:DF_LAWS(1.0),interkantonale_vereinbarung,JU,eco,2002,1
SLC:DF_LAWS(1.0),interkantonale_vereinbarung,JU,educ,2002,2
SLC:DF_LAWS(1.0),interkantonale_vereinbarung,LU,educ,2002,2
SLC:DF_LAWS(1.0),interkantonale_vereinbarung,LU,sante,2002,1
SLC:DF_LAWS(1.0),interkantonale_vereinbarung,NE,educ,2002,1
SLC:DF_LAWS(1.0),interkantonale_vereinbarung,NE,etat,2002,1
SLC:DF_LAWS(1.0),interkantonale_vereinbarung,NE,fin,2002,1
SLC:DF_LAWS(1.0),interkantonale_vereinbarung,NE,sante,2002,1
SLC:DF_LAWS(1.0),interkantonale_vereinbarung,NW,educ,2002,3
SLC:DF_LAWS(1.0),interkantonale_vereinbarung,NW,infra,2002,2
SLC:DF_LAWS(1.0),interkantonale_vereinbarung,NW,sante,2002,5
SLC:DF_LAWS(1.0),interkantonale_vereinbarung,OW,educ,2002,3
SLC:DF_LAWS(1.0),interkantonale_vereinbarung,OW,etat,2002,1
SLC:DF_LAWS(1.0),interkantonale_vereinbarung,OW,infra,2002,4
SLC:DF_LAWS(1.0),interkantonale_vereinbarung,OW,sante,2002,1
SLC:DF_LAWS(1.0),interkantonale_vereinbarung,SG,etat,2002,1
SLC:DF_LAWS(1.0),interkantonale_vereinbarung,SG,sante,2002,1
SLC:DF_LAWS(1.0),interkantonale_vereinbarung,SH,eco,2002,1
SLC:DF_LAWS(1.0),interkantonale_vereinbarung,SH,sante,2002,4
SLC:DF_LAWS(1.0),interkantonale_vereinbarung,SO,etat,2002,1
SLC:DF_LAWS(1.0),interkantonale_vereinbarung,SO,sante,2002,1
SLC:DF_LAWS(1.0),interkantonale_vereinbarung,SZ,educ,2002,2
SLC:DF_LAWS(1.0),interkantonale_vereinbarung,SZ,sante,2002,1
SLC:DF_LAWS(1.0),interkantonale_vereinbarung,TG,eco,2002,1
SLC:DF_LAWS(1.0),interkantonale_vereinbarung,TG,etat,2002,1
SLC:DF_LAWS(1.0),interkantonale_vereinbarung,TI,educ,2002,1
SLC:DF_LAWS(1.0),interkantonale_vereinbarung,UR,educ,2002,4
SLC:DF_LAWS(1.0),interkantonale_vereinbarung,VD,educ,2002,2
SLC:DF_LAWS(1.0),interkantonale_vereinbarung,VD,sante,2002,1
SLC:DF_LAWS(1.0),interkantonale_vereinbarung,VS,educ,2002,2
SLC:DF_LAWS(1.0),interkantonale_vereinbarung,ZG,eco,2002,2
SLC:DF_LAWS(1.0),interkantonale_vereinbarung,ZG,educ,2002,2
SLC:DF_LAWS(1.0),interkantonale_vereinbarung,ZG,etat,2002,1
SLC:DF_LAWS(1.0),interkantonale_vereinbarung,ZG,sante,2002,4
SLC:DF_LAWS(1.0),interkantonale_vereinbarung,ZH,eco,2002,1
SLC:DF_LAWS(1.0),interkantonale_vereinbarung,ZH,educ,2002,2
SLC:DF_LAWS(1.0),interkantonale_vereinbarung,ZH,etat,2002,1
SLC:DF_LAWS(1.0),interkantonale_vereinbarung,ZH,infra,2002,1
SLC:DF_LAWS(1.0),reglement,AG,fin,2002,1
SLC:DF_LAWS(1.0),reglement,AG,sante,2002,2
SLC:DF_LAWS(1.0),reglement,AI,etat,2002,1
SLC:DF_LAWS(1.0),reglement,BL,educ,2002,2
SLC:DF_LAWS(1.0),reglement,BL,etat,2002,2
SLC:DF_LAWS(1.0),reglement,BS,educ,2002,2
SLC:DF_LAWS(1.0),reglement,BS,etat,2002,1
SLC:DF_LAWS(1.0),reglement,FR,eco,2002,1
SLC:DF_LAWS(1.0),reglement,FR,educ,2002,1
SLC:DF_LAWS(1.0),reglement,FR,etat,2002,1
SLC:DF_LAWS(1.0),reglement,GE,autres,2002,1
SLC:DF_LAWS(1.0),reglement,GE,eco,2002,3
SLC:DF_LAWS(1.0),reglement,GE,educ,2002,3
SLC:DF_LAWS(1.0),reglement,GE,etat,2002,2
SLC:DF_LAWS(1.0),reglement,GE,fin,2002,2
SLC:DF_LAWS(1.0),reglement,GE,infra,2002,3
SLC:DF_LAWS(1.0),reglement,GE,sante,2002,4
SLC:DF_LAWS(1.0),reglement,GL,educ,2002,1
SLC:DF_LAWS(1.0),reglement,LU,educ,2002,3
SLC:DF_LAWS(1.0),reglement,LU,sante,2002,2
SLC:DF_LAWS(1.0),reglement,NE,educ,2002,27
SLC:DF_LAWS(1.0),reglement,NE,etat,2002,3
SLC:DF_LAWS(1.0),reglement,NE,infra,2002,1
SLC:DF_LAWS(1.0),reglement,OW,etat,2002,1
SLC:DF_LAWS(1.0),reglement,SH,fin,2002,1
SLC:DF_LAWS(1.0),reglement,SO,educ,2002,1
SLC:DF_LAWS(1.0),reglement,SZ,educ,2002,2
SLC:DF_LAWS(1.0),reglement,TI,eco,2002,2
SLC:DF_LAWS(1.0),reglement,TI,educ,2002,3
SLC:DF_LAWS(1.0),reglement,TI,etat,2002,4
SLC:DF_LAWS(1.0),reglement,TI,sante,2002,4
SLC:DF_LAWS(1.0),reglement,UR,autres,2002,2
SLC:DF_LAWS(1.0),reglement,UR,eco,2002,1
SLC:DF_LAWS(1.0),reglement,UR,educ,2002,2
SLC:DF_LAWS(1.0),reglement,UR,etat,2002,4
SLC:DF_LAWS(1.0),reglement,UR,sante,2002,1
SLC:DF_LAWS(1.0),reglement,VD,eco,2002,1
SLC:DF_LAWS(1.0),reglement,VD,educ,2002,8
SLC:DF_LAWS(1.0),reglement,VD,etat,2002,13
SLC:DF_LAWS(1.0),reglement,VD,fin,2002,3
SLC:DF_LAWS(1.0),reglement,VD,sante,2002,3
SLC:DF_LAWS(1.0),reglement,VS,eco,2002,1
SLC:DF_LAWS(1.0),reglement,VS,educ,2002,10
SLC:DF_LAWS(1.0),reglement,VS,etat,2002,2
SLC:DF_LAWS(1.0),reglement,VS,infra,2002,1
SLC:DF_LAWS(1.0),reglement,ZG,educ,2002,2
SLC:DF_LAWS(1.0),reglement,ZG,etat,2002,1
SLC:DF_LAWS(1.0),reglement,ZH,educ,2002,2
SLC:DF_LAWS(1.0),reglement,ZH,sante,2002,1
SLC:DF_LAWS(1.0),staatsvertrag,JU,eco,2002,1
SLC:DF_LAWS(1.0),verfassung,SH,etat,2002,1
SLC:DF_LAWS(1.0),verordnung,AG,eco,2002,1
SLC:DF_LAWS(1.0),verordnung,AG,educ,2002,10
SLC:DF_LAWS(1.0),verordnung,AG,etat,2002,4
SLC:DF_LAWS(1.0),verordnung,AG,sante,2002,3
SLC:DF_LAWS(1.0),verordnung,AI,eco,2002,1
SLC:DF_LAWS(1.0),verordnung,AI,etat,2002,2
SLC:DF_LAWS(1.0),verordnung,AI,fin,2002,1
SLC:DF_LAWS(1.0),verordnung,AI,infra,2002,2
SLC:DF_LAWS(1.0),verordnung,AI,sante,2002,1
SLC:DF_LAWS(1.0),verordnung,AR,etat,2002,5
SLC:DF_LAWS(1.0),verordnung,AR,sante,2002,2
SLC:DF_LAWS(1.0),verordnung,BE,autres,2002,3
SLC:DF_LAWS(1.0),verordnung,BE,educ,2002,1
SLC:DF_LAWS(1.0),verordnung,BE,etat,2002,6
SLC:DF_LAWS(1.0),verordnung,BE,fin,2002,1
SLC:DF_LAWS(1.0),verordnung,BE,infra,2002,1
SLC:DF_LAWS(1.0),verordnung,BE,sante,2002,3
SLC:DF_LAWS(1.0),verordnung,BL,autres,2002,2
SLC:DF_LAWS(1.0),verordnung,BL,eco,2002,2
SLC:DF_LAWS(1.0),verordnung,BL,educ,2002,5
SLC:DF_LAWS(1.0),verordnung,BL,etat,2002,5
SLC:DF_LAWS(1.0),verordnung,BL,infra,2002,14
SLC:DF_LAWS(1.0),verordnung,BL,sante,2002,4
SLC:DF_LAWS(1.0),verordnung,BS,educ,2002,1
SLC:DF_LAWS(1.0),verordnung,BS,etat,2002,4
SLC:DF_LAWS(1.0),verordnung,BS,infra,2002,2
SLC:DF_LAWS(1.0),verordnung,BS,sante,2002,5
SLC:DF_LAWS(1.0),verordnung,FR,autres,2002,4
SLC:DF_LAWS(1.0),verordnung,FR,educ,2002,3
SLC:DF_LAWS(1.0),verordnung,FR,etat,2002,8
SLC:DF_LAWS(1.0),verordnung,FR,fin,2002,1
SLC:DF_LAWS(1.0),verordnung,FR,infra,2002,9
SLC:DF_LAWS(1.0),verordnung,FR,sante,2002,3
SLC:DF_LAWS(1.0),verordnung,GE,sante,2002,2
SLC:DF_LAWS(1.0),verordnung,GL,autres,2002,1
SLC:DF_LAWS(1.0),verordnung,GL,educ,2002,6
SLC:DF_LAWS(1.0),verordnung,GL,infra,2002,1
SLC:DF_LAWS(1.0),verordnung,GL,sante,2002,3
SLC:DF_LAWS(1.0),verordnung,GR,eco,2002,1
SLC:DF_LAWS(1.0),verordnung,GR,educ,2002,2
SLC:DF_LAWS(1.0),verordnung,GR,etat,2002,1
SLC:DF_LAWS(1.0),verordnung,GR,sante,2002,6
SLC:DF_LAWS(1.0),verordnung,JU,autres,2002,2
SLC:DF_LAWS(1.0),verordnung,JU,educ,2002,3
SLC:DF_LAWS(1.0),verordnung,JU,etat,2002,4
SLC:DF_LAWS(1.0),verordnung,JU,infra,2002,1
SLC:DF_LAWS(1.0),verordnung,JU,sante,2002,5
SLC:DF_LAWS(1.0),verordnung,LU,autres,2002,4
SLC:DF_LAWS(1.0),verordnung,LU,eco,2002,3
SLC:DF_LAWS(1.0),verordnung,LU,educ,2002,2
SLC:DF_LAWS(1.0),verordnung,LU,etat,2002,6
SLC:DF_LAWS(1.0),verordnung,LU,fin,2002,2
SLC:DF_LAWS(1.0),verordnung,LU,infra,2002,1
SLC:DF_LAWS(1.0),verordnung,LU,sante,2002,1
SLC:DF_LAWS(1.0),verordnung,NE,autres,2002,1
SLC:DF_LAWS(1.0),verordnung,NE,educ,2002,1
SLC:DF_LAWS(1.0),verordnung,NE,etat,2002,4
SLC:DF_LAWS(1.0),verordnung,NW,eco,2002,3
SLC:DF_LAWS(1.0),verordnung,NW,etat,2002,1
SLC:DF_LAWS(1.0),verordnung,NW,sante,2002,3
SLC:DF_LAWS(1.0),verordnung,OW,autres,2002,2
SLC:DF_LAWS(1.0),verordnung,OW,eco,2002,1
SLC:DF_LAWS(1.0),verordnung,OW,educ,2002,1
SLC:DF_LAWS(1.0),verordnung,OW,etat,2002,4
SLC:DF_LAWS(1.0),verordnung,OW,infra,2002,3
SLC:DF_LAWS(1.0),verordnung,OW,sante,2002,1
SLC:DF_LAWS(1.0),verordnung,SG,eco,2002,1
SLC:DF_LAWS(1.0),verordnung,SG,educ,2002,1
SLC:DF_LAWS(1.0),verordnung,SG,etat,2002,4
SLC:DF_LAWS(1.0),verordnung,SG,fin,2002,1
SLC:DF_LAWS(1.0),verordnung,SG,infra,2002,1
SLC:DF_LAWS(1.0),verordnung,SG,sante,2002,6
SLC:DF_LAWS(1.0),verordnung,SH,autres,2002,3
SLC:DF_LAWS(1.0),verordnung,SH,eco,2002,1
SLC:DF_LAWS(1.0),verordnung,SH,etat,2002,3
SLC:DF_LAWS(1.0),verordnung,SH,infra,2002,2
SLC:DF_LAWS(1.0),verordnung,SH,sante,2002,4
SLC:DF_LAWS(1.0),verordnung,SO,autres,2002,1
SLC:DF_LAWS(1.0),verordnung,SO,educ,2002,2
SLC:DF_LAWS(1.0),verordnung,SO,etat,2002,2
SLC:DF_LAWS(1.0),verordnung,SO,infra,2002,1
SLC:DF_LAWS(1.0),verordnung,SZ,autres,2002,1
SLC:DF_LAWS(1.0),verordnung,SZ,eco,2002,1
SLC:DF_LAWS(1.0),verordnung,SZ,educ,2002,4
SLC:DF_LAWS(1.0),verordnung,SZ,fin,2002,2
SLC:DF_LAWS(1.0),verordnung,SZ,sante,2002,1
SLC:DF_LAWS(1.0),verordnung,TG,autres,2002,1
SLC:DF_LAWS(1.0),verordnung,TG,eco,2002,2
SLC:DF_LAWS(1.0),verordnung,TG,educ,2002,2
SLC:DF_LAWS(1.0),verordnung,TG,etat,2002,6
SLC:DF_LAWS(1.0),verordnung,TG,sante,2002,1
SLC:DF_LAWS(1.0),verordnung,TI,autres,2002,1
SLC:DF_LAWS(1.0),verordnung,TI,eco,2002,1
SLC:DF_LAWS(1.0),verordnung,TI,fin,2002,1
SLC:DF_LAWS(1.0),verordnung,TI,infra,2002,1
SLC:DF_LAWS(1.0),verordnung,TI,sante,2002,1
SLC:DF_LAWS(1.0),verordnung,VS,educ,2002,4
SLC:DF_LAWS(1.0),verordnung,VS,etat,2002,1
SLC:DF_LAWS(1.0),verordnung,VS,fin,2002,1
SLC:DF_LAWS(1.0),verordnung,ZG,autres,2002,5
SLC:DF_LAWS(1.0),verordnung,ZG,educ,2002,1
SLC:DF_LAWS(1.0),verordnung,ZG,etat,2002,4
SLC:DF_LAWS(1.0),verordnung,ZG,infra,2002,1
SLC:DF_LAWS(1.0),verordnung,ZG,sante,2002,1
SLC:DF_LAWS(1.0),verordnung,ZH,eco,2002,1
SLC:DF_LAWS(1.0),verordnung,ZH,educ,2002,3
SLC:DF_LAWS(1.0),verordnung,ZH,etat,2002,3
SLC:DF_LAWS(1.0),verordnung,ZH,infra,2002,1
SLC:DF_LAWS(1.0),verordnung,ZH,sante,2002,5
SLC:DF_LAWS(1.0),anderes,_T,_T,2002,103
SLC:DF_LAWS(1.0),dekret,_T,_T,2002,63
SLC:DF_LAWS(1.0),gemeindeerlass,_T,_T,2002,13
SLC:DF_LAWS(1.0),gesetz,_T,_T,2002,79
SLC:DF_LAWS(1.0),interkantonale_vereinbarung,_T,_T,2002,90
SLC:DF_LAWS(1.0),reglement,_T,_T,2002,145
SLC:DF_LAWS(1.0),staatsvertrag,_T,_T,2002,1
SLC:DF_LAWS(1.0),verfassung,_T,_T,2002,1
SLC:DF_LAWS(1.0),verordnung,_T,_T,2002,291
SLC:DF_LAWS(1.0),_T,AG,_T,2002,29
SLC:DF_LAWS(1.0),_T,AI,_T,2002,18
SLC:DF_LAWS(1.0),_T,AR,_T,2002,11
SLC:DF_LAWS(1.0),_T,BE,_T,2002,24
SLC:DF_LAWS(1.0),_T,BL,_T,2002,50
SLC:DF_LAWS(1.0),_T,BS,_T,2002,38
SLC:DF_LAWS(1.0),_T,FR,_T,2002,47
SLC:DF_LAWS(1.0),_T,GE,_T,2002,30
SLC:DF_LAWS(1.0),_T,GL,_T,2002,22
SLC:DF_LAWS(1.0),_T,GR,_T,2002,15
SLC:DF_LAWS(1.0),_T,JU,_T,2002,27
SLC:DF_LAWS(1.0),_T,LU,_T,2002,38
SLC:DF_LAWS(1.0),_T,NE,_T,2002,72
SLC:DF_LAWS(1.0),_T,NW,_T,2002,29
SLC:DF_LAWS(1.0),_T,OW,_T,2002,35
SLC:DF_LAWS(1.0),_T,SG,_T,2002,33
SLC:DF_LAWS(1.0),_T,SH,_T,2002,29
SLC:DF_LAWS(1.0),_T,SO,_T,2002,14
SLC:DF_LAWS(1.0),_T,SZ,_T,2002,21
SLC:DF_LAWS(1.0),_T,TG,_T,2002,17
SLC:DF_LAWS(1.0),_T,TI,_T,2002,33
SLC:DF_LAWS(1.0),_T,UR,_T,2002,18
SLC:DF_LAWS(1.0),_T,VD,_T,2002,41
SLC:DF_LAWS(1.0),_T,VS,_T,2002,25
SLC:DF_LAWS(1.0),_T,ZG,_T,2002,35
SLC:DF_LAWS(1.0),_T,ZH,_T,2002,35
SLC:DF_LAWS(1.0),_T,_T,autres,2002,48
SLC:DF_LAWS(1.0),_T,_T,eco,2002,53
SLC:DF_LAWS(1.0),_T,_T,educ,2002,232
SLC:DF_LAWS(1.0),_T,_T,etat,2002,187
SLC:DF_LAWS(1.0),_T,_T,fin,2002,35
SLC:DF_LAWS(1.0),_T,_T,infra,2002,83
SLC:DF_LAWS(1.0),_T,_T,sante,2002,148
SLC:DF_LAWS(1.0),_T,_T,_T,2002,786
SLC:DF_LAWS(1.0),anderes,AG,sante,2003,1
SLC:DF_LAWS(1.0),anderes,AR,eco,2003,1
SLC:DF_LAWS(1.0),anderes,BE,educ,2003,1
SLC:DF_LAWS(1.0),anderes,BL,educ,2003,3
SLC:DF_LAWS(1.0),anderes,BL,etat,2003,5
SLC:DF_LAWS(1.0),anderes,BL,sante,2003,1
SLC:DF_LAWS(1.0),anderes,BS,eco,2003,1
SLC:DF_LAWS(1.0),anderes,BS,educ,2003,5
SLC:DF_LAWS(1.0),anderes,BS,infra,2003,2
SLC:DF_LAWS(1.0),anderes,BS,sante,2003,1
SLC:DF_LAWS(1.0),anderes,FR,etat,2003,1
SLC:DF_LAWS(1.0),anderes,GE,sante,2003,2
SLC:DF_LAWS(1.0),anderes,GL,eco,2003,1
SLC:DF_LAWS(1.0),anderes,GL,etat,2003,4
SLC:DF_LAWS(1.0),anderes,GL,fin,2003,3
SLC:DF_LAWS(1.0),anderes,GL,sante,2003,1
SLC:DF_LAWS(1.0),anderes,JU,educ,2003,1
SLC:DF_LAWS(1.0),anderes,LU,autres,2003,1
SLC:DF_LAWS(1.0),anderes,LU,educ,2003,2
SLC:DF_LAWS(1.0),anderes,NE,sante,2003,1
SLC:DF_LAWS(1.0),anderes,OW,infra,2003,2
SLC:DF_LAWS(1.0),anderes,SG,autres,2003,1
SLC:DF_LAWS(1.0),anderes,SG,educ,2003,4
SLC:DF_LAWS(1.0),anderes,SG,sante,2003,1
SLC:DF_LAWS(1.0),anderes,SH,educ,2003,2
SLC:DF_LAWS(1.0),anderes,SH,etat,2003,1
SLC:DF_LAWS(1.0),anderes,SH,sante,2003,3
SLC:DF_LAWS(1.0),anderes,SO,educ,2003,1
SLC:DF_LAWS(1.0),anderes,SO,sante,2003,1
SLC:DF_LAWS(1.0),anderes,TG,etat,2003,3
SLC:DF_LAWS(1.0),anderes,TI,eco,2003,1
SLC:DF_LAWS(1.0),anderes,TI,educ,2003,2
SLC:DF_LAWS(1.0),anderes,TI,etat,2003,1
SLC:DF_LAWS(1.0),anderes,TI,sante,2003,5
SLC:DF_LAWS(1.0),anderes,VD,autres,2003,1
SLC:DF_LAWS(1.0),anderes,VD,educ,2003,1
SLC:DF_LAWS(1.0),anderes,VD,etat,2003,1
SLC:DF_LAWS(1.0),anderes,VD,fin,2003,4
SLC:DF_LAWS(1.0),anderes,VD,infra,2003,1
SLC:DF_LAWS(1.0),anderes,VS,eco,2003,1
SLC:DF_LAWS(1.0),anderes,VS,educ,2003,1
SLC:DF_LAWS(1.0),anderes,VS,etat,2003,1
SLC:DF_LAWS(1.0),anderes,ZG,etat,2003,5
SLC:DF_LAWS(1.0),anderes,ZH,autres,2003,3
SLC:DF_LAWS(1.0),anderes,ZH,educ,2003,5
SLC:DF_LAWS(1.0),anderes,ZH,fin,2003,1
SLC:DF_LAWS(1.0),anderes,ZH,sante,2003,1
SLC:DF_LAWS(1.0),dekret,AG,educ,2003,2
SLC:DF_LAWS(1.0),dekret,AG,etat,2003,3
SLC:DF_LAWS(1.0),dekret,AG,sante,2003,1
SLC:DF_LAWS(1.0),dekret,AI,autres,2003,1
SLC:DF_LAWS(1.0),dekret,AI,eco,2003,1
SLC:DF_LAWS(1.0),dekret,AI,sante,2003,2
SLC:DF_LAWS(1.0),dekret,AR,etat,2003,2
SLC:DF_LAWS(1.0),dekret,AR,sante,2003,1
SLC:DF_LAWS(1.0),dekret,BE,sante,2003,1
SLC:DF_LAWS(1.0),dekret,BL,infra,2003,1
SLC:DF_LAWS(1.0),dekret,BS,etat,2003,1
SLC:DF_LAWS(1.0),dekret,FR,etat,2003,11
SLC:DF_LAWS(1.0),dekret,FR,sante,2003,1
SLC:DF_LAWS(1.0),dekret,GL,educ,2003,1
SLC:DF_LAWS(1.0),dekret,LU,autres,2003,1
SLC:DF_LAWS(1.0),dekret,LU,etat,2003,1
SLC:DF_LAWS(1.0),dekret,NE,etat,2003,1
SLC:DF_LAWS(1.0),dekret,NW,educ,2003,1
SLC:DF_LAWS(1.0),dekret,NW,etat,2003,1
SLC:DF_LAWS(1.0),dekret,OW,educ,2003,2
SLC:DF_LAWS(1.0),dekret,OW,infra,2003,1
SLC:DF_LAWS(1.0),dekret,OW,sante,2003,3
SLC:DF_LAWS(1.0),dekret,SG,educ,2003,3
SLC:DF_LAWS(1.0),dekret,SG,infra,2003,1
SLC:DF_LAWS(1.0),dekret,SG,sante,2003,1
SLC:DF_LAWS(1.0),dekret,SH,etat,2003,1
SLC:DF_LAWS(1.0),dekret,SZ,infra,2003,2
SLC:DF_LAWS(1.0),dekret,TI,autres,2003,1
SLC:DF_LAWS(1.0),dekret,TI,educ,2003,3
SLC:DF_LAWS(1.0),dekret,TI,sante,2003,1
SLC:DF_LAWS(1.0),dekret,UR,autres,2003,1
SLC:DF_LAWS(1.0),dekret,UR,educ,2003,1
SLC:DF_LAWS(1.0),dekret,VD,etat,2003,2
SLC:DF_LAWS(1.0),dekret,VD,fin,2003,1
SLC:DF_LAWS(1.0),dekret,VS,fin,2003,1
SLC:DF_LAWS(1.0),dekret,ZG,educ,2003,1
SLC:DF_LAWS(1.0),dekret,ZG,etat,2003,1
SLC:DF_LAWS(1.0),dekret,ZG,fin,2003,2
SLC:DF_LAWS(1.0),dekret,ZG,infra,2003,1
SLC:DF_LAWS(1.0),dekret,ZH,autres,2003,1
SLC:DF_LAWS(1.0),gemeindeerlass,BS,educ,2003,1
SLC:DF_LAWS(1.0),gemeindeerlass,BS,etat,2003,5
SLC:DF_LAWS(1.0),gemeindeerlass,BS,sante,2003,1
SLC:DF_LAWS(1.0),gesetz,AG,etat,2003,1
SLC:DF_LAWS(1.0),gesetz,AG,sante,2003,1
SLC:DF_LAWS(1.0),gesetz,AI,autres,2003,1
SLC:DF_LAWS(1.0),gesetz,AI,sante,2003,1
SLC:DF_LAWS(1.0),gesetz,AR,eco,2003,1
SLC:DF_LAWS(1.0),gesetz,AR,infra,2003,2
SLC:DF_LAWS(1.0),gesetz,BE,educ,2003,2
SLC:DF_LAWS(1.0),gesetz,BE,fin,2003,1
SLC:DF_LAWS(1.0),gesetz,BE,infra,2003,1
SLC:DF_LAWS(1.0),gesetz,BE,sante,2003,2
SLC:DF_LAWS(1.0),gesetz,BL,eco,2003,1
SLC:DF_LAWS(1.0),gesetz,BL,etat,2003,1
SLC:DF_LAWS(1.0),gesetz,BL,fin,2003,2
SLC:DF_LAWS(1.0),gesetz,BL,infra,2003,1
SLC:DF_LAWS(1.0),gesetz,BS,educ,2003,1
SLC:DF_LAWS(1.0),gesetz,BS,fin,2003,1
SLC:DF_LAWS(1.0),gesetz,FR,autres,2003,1
SLC:DF_LAWS(1.0),gesetz,FR,eco,2003,1
SLC:DF_LAWS(1.0),gesetz,FR,educ,2003,1
SLC:DF_LAWS(1.0),gesetz,FR,etat,2003,3
SLC:DF_LAWS(1.0),gesetz,FR,infra,2003,1
SLC:DF_LAWS(1.0),gesetz,GE,autres,2003,1
SLC:DF_LAWS(1.0),gesetz,GE,educ,2003,3
SLC:DF_LAWS(1.0),gesetz,GE,etat,2003,1
SLC:DF_LAWS(1.0),gesetz,GE,infra,2003,1
SLC:DF_LAWS(1.0),gesetz,GE,sante,2003,2
SLC:DF_LAWS(1.0),gesetz,GL,educ,2003,1
SLC:DF_LAWS(1.0),gesetz,GL,fin,2003,1
SLC:DF_LAWS(1.0),gesetz,GR,educ,2003,1
SLC:DF_LAWS(1.0),gesetz,JU,etat,2003,1
SLC:DF_LAWS(1.0),gesetz,LU,autres,2003,1
SLC:DF_LAWS(1.0),gesetz,LU,educ,2003,1
SLC:DF_LAWS(1.0),gesetz,LU,etat,2003,1
SLC:DF_LAWS(1.0),gesetz,LU,infra,2003,1
SLC:DF_LAWS(1.0),gesetz,NE,autres,2003,2
SLC:DF_LAWS(1.0),gesetz,NE,eco,2003,1
SLC:DF_LAWS(1.0),gesetz,NE,etat,2003,1
SLC:DF_LAWS(1.0),gesetz,NE,sante,2003,2
SLC:DF_LAWS(1.0),gesetz,NW,etat,2003,1
SLC:DF_LAWS(1.0),gesetz,OW,infra,2003,1
SLC:DF_LAWS(1.0),gesetz,SH,eco,2003,1
SLC:DF_LAWS(1.0),gesetz,SH,etat,2003,1
SLC:DF_LAWS(1.0),gesetz,SH,fin,2003,1
SLC:DF_LAWS(1.0),gesetz,SO,etat,2003,1
SLC:DF_LAWS(1.0),gesetz,SO,sante,2003,1
SLC:DF_LAWS(1.0),gesetz,SZ,sante,2003,2
SLC:DF_LAWS(1.0),gesetz,TI,eco,2003,3
SLC:DF_LAWS(1.0),gesetz,TI,etat,2003,1
SLC:DF_LAWS(1.0),gesetz,TI,sante,2003,1
SLC:DF_LAWS(1.0),gesetz,UR,sante,2003,1
SLC:DF_LAWS(1.0),gesetz,VD,educ,2003,1
SLC:DF_LAWS(1.0),gesetz,VD,etat,2003,1
SLC:DF_LAWS(1.0),gesetz,VD,fin,2003,1
SLC:DF_LAWS(1.0),gesetz,VD,sante,2003,3
SLC:DF_LAWS(1.0),gesetz,VS,educ,2003,1
SLC:DF_LAWS(1.0),gesetz,VS,infra,2003,1
SLC:DF_LAWS(1.0),gesetz,VS,sante,2003,2
SLC:DF_LAWS(1.0),gesetz,ZG,autres,2003,1
SLC:DF_LAWS(1.0),gesetz,ZG,eco,2003,1
SLC:DF_LAWS(1.0),gesetz,ZG,etat,2003,1
SLC:DF_LAWS(1.0),gesetz,ZG,sante,2003,3
SLC:DF_LAWS(1.0),gesetz,ZH,autres,2003,1
SLC:DF_LAWS(1.0),gesetz,ZH,etat,2003,2
SLC:DF_LAWS(1.0),interkantonale_vereinbarung,AG,educ,2003,3
SLC:DF_LAWS(1.0),interkantonale_vereinbarung,AG,etat,2003,1
SLC:DF_LAWS(1.0),interkantonale_vereinbarung,AG,sante,2003,1
SLC:DF_LAWS(1.0),interkantonale_vereinbarung,AI,educ,2003,2
SLC:DF_LAWS(1.0),interkantonale_vereinbarung,AR,educ,2003,2
SLC:DF_LAWS(1.0),interkantonale_vereinbarung,BE,educ,2003,2
SLC:DF_LAWS(1.0),interkantonale_vereinbarung,BE,etat,2003,1
SLC:DF_LAWS(1.0),interkantonale_vereinbarung,BL,eco,2003,2
SLC:DF_LAWS(1.0),interkantonale_vereinbarung,BL,educ,2003,1
SLC:DF_LAWS(1.0),interkantonale_vereinbarung,BL,etat,2003,1
SLC:DF_LAWS(1.0),interkantonale_vereinbarung,BL,sante,2003,2
SLC:DF_LAWS(1.0),interkantonale_vereinbarung,BS,educ,2003,2
SLC:DF_LAWS(1.0),interkantonale_vereinbarung,BS,etat,2003,1
SLC:DF_LAWS(1.0),interkantonale_vereinbarung,FR,autres,2003,3
SLC:DF_LAWS(1.0),interkantonale_vereinbarung,FR,educ,2003,2
SLC:DF_LAWS(1.0),interkantonale_vereinbarung,FR,fin,2003,2
SLC:DF_LAWS(1.0),interkantonale_vereinbarung,GE,autres,2003,3
SLC:DF_LAWS(1.0),interkantonale_vereinbarung,GE,educ,2003,1
SLC:DF_LAWS(1.0),interkantonale_vereinbarung,GL,infra,2003,5
SLC:DF_LAWS(1.0),interkantonale_vereinbarung,JU,educ,2003,1
SLC:DF_LAWS(1.0),interkantonale_vereinbarung,LU,educ,2003,4
SLC:DF_LAWS(1.0),interkantonale_vereinbarung,LU,etat,2003,1
SLC:DF_LAWS(1.0),interkantonale_vereinbarung,LU,infra,2003,1
SLC:DF_LAWS(1.0),interkantonale_vereinbarung,LU,sante,2003,1
SLC:DF_LAWS(1.0),interkantonale_vereinbarung,NE,autres,2003,1
SLC:DF_LAWS(1.0),interkantonale_vereinbarung,NE,educ,2003,2
SLC:DF_LAWS(1.0),interkantonale_vereinbarung,NW,educ,2003,3
SLC:DF_LAWS(1.0),interkantonale_vereinbarung,NW,etat,2003,2
SLC:DF_LAWS(1.0),interkantonale_vereinbarung,NW,sante,2003,2
SLC:DF_LAWS(1.0),interkantonale_vereinbarung,OW,educ,2003,2
SLC:DF_LAWS(1.0),interkantonale_vereinbarung,OW,etat,2003,2
SLC:DF_LAWS(1.0),interkantonale_vereinbarung,OW,infra,2003,1
SLC:DF_LAWS(1.0),interkantonale_vereinbarung,OW,sante,2003,1
SLC:DF_LAWS(1.0),interkantonale_vereinbarung,SG,educ,2003,5
SLC:DF_LAWS(1.0),interkantonale_vereinbarung,SG,infra,2003,1
SLC:DF_LAWS(1.0),interkantonale_vereinbarung,SH,educ,2003,3
SLC:DF_LAWS(1.0),interkantonale_vereinbarung,SO,educ,2003,1
SLC:DF_LAWS(1.0),interkantonale_vereinbarung,SO,etat,2003,1
SLC:DF_LAWS(1.0),interkantonale_vereinbarung,SO,sante,2003,1
SLC:DF_LAWS(1.0),interkantonale_vereinbarung,SZ,educ,2003,3
SLC:DF_LAWS(1.0),interkantonale_vereinbarung,SZ,etat,2003,1
SLC:DF_LAWS(1.0),interkantonale_vereinbarung,SZ,infra,2003,1
SLC:DF_LAWS(1.0),interkantonale_vereinbarung,TG,educ,2003,4
SLC:DF_LAWS(1.0),interkantonale_vereinbarung,TI,educ,2003,1
SLC:DF_LAWS(1.0),interkantonale_vereinbarung,UR,educ,2003,1
SLC:DF_LAWS(1.0),interkantonale_vereinbarung,UR,etat,2003,1
SLC:DF_LAWS(1.0),interkantonale_vereinbarung,UR,sante,2003,2
SLC:DF_LAWS(1.0),interkantonale_vereinbarung,VD,eco,2003,1
SLC:DF_LAWS(1.0),interkantonale_vereinbarung,VD,educ,2003,1
SLC:DF_LAWS(1.0),interkantonale_vereinbarung,VD,fin,2003,3
SLC:DF_LAWS(1.0),interkantonale_vereinbarung,VS,educ,2003,2
SLC:DF_LAWS(1.0),interkantonale_vereinbarung,VS,sante,2003,2
SLC:DF_LAWS(1.0),interkantonale_vereinbarung,ZG,educ,2003,4
SLC:DF_LAWS(1.0),interkantonale_vereinbarung,ZG,etat,2003,3
SLC:DF_LAWS(1.0),interkantonale_vereinbarung,ZG,sante,2003,1
SLC:DF_LAWS(1.0),interkantonale_vereinbarung,ZH,educ,2003,2
SLC:DF_LAWS(1.0),interkantonale_vereinbarung,ZH,infra,2003,1
SLC:DF_LAWS(1.0),reglement,AI,autres,2003,1
SLC:DF_LAWS(1.0),reglement,BE,etat,2003,1
SLC:DF_LAWS(1.0),reglement,BL,educ,2003,1
SLC:DF_LAWS(1.0),reglement,BS,etat,2003,3
SLC:DF_LAWS(1.0),reglement,FR,eco,2003,1
SLC:DF_LAWS(1.0),reglement,FR,educ,2003,3
SLC:DF_LAWS(1.0),reglement,GE,autres,2003,3
SLC:DF_LAWS(1.0),reglement,GE,eco,2003,1
SLC:DF_LAWS(1.0),reglement,GE,educ,2003,2
SLC:DF_LAWS(1.0),reglement,GE,etat,2003,3
SLC:DF_LAWS(1.0),reglement,GE,infra,2003,4
SLC:DF_LAWS(1.0),reglement,GE,sante,2003,2
SLC:DF_LAWS(1.0),reglement,GL,autres,2003,1
SLC:DF_LAWS(1.0),reglement,GL,educ,2003,2
SLC:DF_LAWS(1.0),reglement,GL,etat,2003,1
SLC:DF_LAWS(1.0),reglement,GR,eco,2003,2
SLC:DF_LAWS(1.0),reglement,GR,educ,2003,1
SLC:DF_LAWS(1.0),reglement,JU,autres,2003,1
SLC:DF_LAWS(1.0),reglement,JU,educ,2003,2
SLC:DF_LAWS(1.0),reglement,LU,educ,2003,3
SLC:DF_LAWS(1.0),reglement,LU,sante,2003,1
SLC:DF_LAWS(1.0),reglement,NE,eco,2003,1
SLC:DF_LAWS(1.0),reglement,NE,educ,2003,5
SLC:DF_LAWS(1.0),reglement,NE,etat,2003,7
SLC:DF_LAWS(1.0),reglement,NE,fin,2003,1
SLC:DF_LAWS(1.0),reglement,NE,sante,2003,1
SLC:DF_LAWS(1.0),reglement,OW,educ,2003,1
SLC:DF_LAWS(1.0),reglement,SO,educ,2003,1
SLC:DF_LAWS(1.0),reglement,SO,etat,2003,2
SLC:DF_LAWS(1.0),reglement,SO,sante,2003,1
SLC:DF_LAWS(1.0),reglement,SZ,sante,2003,1
SLC:DF_LAWS(1.0),reglement,TG,educ,2003,5
SLC:DF_LAWS(1.0),reglement,TG,sante,2003,6
SLC:DF_LAWS(1.0),reglement,TI,eco,2003,3
SLC:DF_LAWS(1.0),reglement,TI,educ,2003,1
SLC:DF_LAWS(1.0),reglement,TI,etat,2003,5
SLC:DF_LAWS(1.0),reglement,TI,infra,2003,2
SLC:DF_LAWS(1.0),reglement,TI,sante,2003,3
SLC:DF_LAWS(1.0),reglement,UR,autres,2003,1
SLC:DF_LAWS(1.0),reglement,UR,eco,2003,1
SLC:DF_LAWS(1.0),reglement,UR,educ,2003,1
SLC:DF_LAWS(1.0),reglement,UR,etat,2003,2
SLC:DF_LAWS(1.0),reglement,UR,infra,2003,1
SLC:DF_LAWS(1.0),reglement,VD,autres,2003,4
SLC:DF_LAWS(1.0),reglement,VD,eco,2003,3
SLC:DF_LAWS(1.0),reglement,VD,educ,2003,6
SLC:DF_LAWS(1.0),reglement,VD,etat,2003,3
SLC:DF_LAWS(1.0),reglement,VD,fin,2003,6
SLC:DF_LAWS(1.0),reglement,VD,sante,2003,5
SLC:DF_LAWS(1.0),reglement,VS,educ,2003,2
SLC:DF_LAWS(1.0),reglement,VS,infra,2003,3
SLC:DF_LAWS(1.0),reglement,ZG,educ,2003,2
SLC:DF_LAWS(1.0),reglement,ZG,etat,2003,1
SLC:DF_LAWS(1.0),reglement,ZH,educ,2003,1
SLC:DF_LAWS(1.0),reglement,ZH,etat,2003,2
SLC:DF_LAWS(1.0),staatsvertrag,BS,infra,2003,2
SLC:DF_LAWS(1.0),verfassung,GR,etat,2003,1
SLC:DF_LAWS(1.0),verfassung,VD,etat,2003,1
SLC:DF_LAWS(1.0),verordnung,AG,autres,2003,2
SLC:DF_LAWS(1.0),verordnung,AG,eco,2003,1
SLC:DF_LAWS(1.0),verordnung,AG,educ,2003,5
SLC:DF_LAWS(1.0),verordnung,AG,etat,2003,1
SLC:DF_LAWS(1.0),verordnung,AG,infra,2003,2
SLC:DF_LAWS(1.0),verordnung,AG,sante,2003,2
SLC:DF_LAWS(1.0),verordnung,AI,sante,2003,1
SLC:DF_LAWS(1.0),verordnung,AR,autres,2003,1
SLC:DF_LAWS(1.0),verordnung,AR,eco,2003,2
SLC:DF_LAWS(1.0),verordnung,AR,educ,2003,3
SLC:DF_LAWS(1.0),verordnung,AR,infra,2003,3
SLC:DF_LAWS(1.0),verordnung,AR,sante,2003,2
SLC:DF_LAWS(1.0),verordnung,BE,autres,2003,4
SLC:DF_LAWS(1.0),verordnung,BE,eco,2003,2
SLC:DF_LAWS(1.0),verordnung,BE,educ,2003,3
SLC:DF_LAWS(1.0),verordnung,BE,etat,2003,1
SLC:DF_LAWS(1.0),verordnung,BE,infra,2003,3
SLC:DF_LAWS(1.0),verordnung,BE,sante,2003,2
SLC:DF_LAWS(1.0),verordnung,BL,autres,2003,1
SLC:DF_LAWS(1.0),verordnung,BL,eco,2003,1
SLC:DF_LAWS(1.0),verordnung,BL,educ,2003,8
SLC:DF_LAWS(1.0),verordnung,BL,etat,2003,4
SLC:DF_LAWS(1.0),verordnung,BL,fin,2003,1
SLC:DF_LAWS(1.0),verordnung,BL,infra,2003,2
SLC:DF_LAWS(1.0),verordnung,BS,autres,2003,3
SLC:DF_LAWS(1.0),verordnung,BS,educ,2003,7
SLC:DF_LAWS(1.0),verordnung,BS,etat,2003,5
SLC:DF_LAWS(1.0),verordnung,BS,infra,2003,2
SLC:DF_LAWS(1.0),verordnung,BS,sante,2003,2
SLC:DF_LAWS(1.0),verordnung,FR,autres,2003,1
SLC:DF_LAWS(1.0),verordnung,FR,eco,2003,7
SLC:DF_LAWS(1.0),verordnung,FR,educ,2003,5
SLC:DF_LAWS(1.0),verordnung,FR,etat,2003,15
SLC:DF_LAWS(1.0),verordnung,FR,infra,2003,8
SLC:DF_LAWS(1.0),verordnung,FR,sante,2003,3
SLC:DF_LAWS(1.0),verordnung,GE,sante,2003,1
SLC:DF_LAWS(1.0),verordnung,GL,eco,2003,2
SLC:DF_LAWS(1.0),verordnung,GL,educ,2003,1
SLC:DF_LAWS(1.0),verordnung,GL,etat,2003,3
SLC:DF_LAWS(1.0),verordnung,GL,fin,2003,1
SLC:DF_LAWS(1.0),verordnung,GL,infra,2003,1
SLC:DF_LAWS(1.0),verordnung,GL,sante,2003,3
SLC:DF_LAWS(1.0),verordnung,GR,autres,2003,1
SLC:DF_LAWS(1.0),verordnung,GR,eco,2003,2
SLC:DF_LAWS(1.0),verordnung,GR,educ,2003,2
SLC:DF_LAWS(1.0),verordnung,GR,etat,2003,3
SLC:DF_LAWS(1.0),verordnung,GR,sante,2003,1
SLC:DF_LAWS(1.0),verordnung,JU,eco,2003,2
SLC:DF_LAWS(1.0),verordnung,JU,educ,2003,2
SLC:DF_LAWS(1.0),verordnung,JU,etat,2003,2
SLC:DF_LAWS(1.0),verordnung,JU,fin,2003,1
SLC:DF_LAWS(1.0),verordnung,JU,sante,2003,1
SLC:DF_LAWS(1.0),verordnung,LU,autres,2003,1
SLC:DF_LAWS(1.0),verordnung,LU,educ,2003,3
SLC:DF_LAWS(1.0),verordnung,LU,etat,2003,8
SLC:DF_LAWS(1.0),verordnung,LU,infra,2003,3
SLC:DF_LAWS(1.0),verordnung,LU,sante,2003,1
SLC:DF_LAWS(1.0),verordnung,NE,autres,2003,2
SLC:DF_LAWS(1.0),verordnung,NE,educ,2003,3
SLC:DF_LAWS(1.0),verordnung,NE,etat,2003,5
SLC:DF_LAWS(1.0),verordnung,NE,infra,2003,1
SLC:DF_LAWS(1.0),verordnung,NE,sante,2003,3
SLC:DF_LAWS(1.0),verordnung,NW,eco,2003,1
SLC:DF_LAWS(1.0),verordnung,NW,educ,2003,3
SLC:DF_LAWS(1.0),verordnung,NW,etat,2003,1
SLC:DF_LAWS(1.0),verordnung,OW,autres,2003,1
SLC:DF_LAWS(1.0),verordnung,OW,eco,2003,1
SLC:DF_LAWS(1.0),verordnung,OW,etat,2003,1
SLC:DF_LAWS(1.0),verordnung,OW,infra,2003,1
SLC:DF_LAWS(1.0),verordnung,OW,sante,2003,2
SLC:DF_LAWS(1.0),verordnung,SG,autres,2003,1
SLC:DF_LAWS(1.0),verordnung,SG,eco,2003,2
SLC:DF_LAWS(1.0),verordnung,SG,educ,2003,5
SLC:DF_LAWS(1.0),verordnung,SG,etat,2003,3
SLC:DF_LAWS(1.0),verordnung,SG,sante,2003,17
SLC:DF_LAWS(1.0),verordnung,SH,eco,2003,2
SLC:DF_LAWS(1.0),verordnung,SH,educ,2003,6
SLC:DF_LAWS(1.0),verordnung,SH,etat,2003,2
SLC:DF_LAWS(1.0),verordnung,SH,sante,2003,1
SLC:DF_LAWS(1.0),verordnung,SO,etat,2003,5
SLC:DF_LAWS(1.0),verordnung,SZ,educ,2003,1
SLC:DF_LAWS(1.0),verordnung,SZ,etat,2003,1
SLC:DF_LAWS(1.0),verordnung,SZ,infra,2003,2
SLC:DF_LAWS(1.0),verordnung,SZ,sante,2003,3
SLC:DF_LAWS(1.0),verordnung,TG,educ,2003,3
SLC:DF_LAWS(1.0),verordnung,TG,etat,2003,15
SLC:DF_LAWS(1.0),verordnung,TG,infra,2003,1
SLC:DF_LAWS(1.0),verordnung,TG,sante,2003,1
SLC:DF_LAWS(1.0),verordnung,TI,eco,2003,2
SLC:DF_LAWS(1.0),verordnung,TI,sante,2003,2
SLC:DF_LAWS(1.0),verordnung,VS,eco,2003,1
SLC:DF_LAWS(1.0),verordnung,VS,fin,2003,2
SLC:DF_LAWS(1.0),verordnung,VS,infra,2003,2
SLC:DF_LAWS(1.0),verordnung,VS,sante,2003,2
SLC:DF_LAWS(1.0),verordnung,ZG,autres,2003,2
SLC:DF_LAWS(1.0),verordnung,ZG,eco,2003,1
SLC:DF_LAWS(1.0),verordnung,ZG,educ,2003,2
SLC:DF_LAWS(1.0),verordnung,ZG,etat,2003,2
SLC:DF_LAWS(1.0),verordnung,ZG,sante,2003,2
SLC:DF_LAWS(1.0),verordnung,ZH,autres,2003,4
SLC:DF_LAWS(1.0),verordnung,ZH,educ,2003,1
SLC:DF_LAWS(1.0),verordnung,ZH,etat,2003,2
SLC:DF_LAWS(1.0),verordnung,ZH,fin,2003,1
SLC:DF_LAWS(1.0),verordnung,ZH,infra,2003,1
SLC:DF_LAWS(1.0),verordnung,ZH,sante,2003,1
SLC:DF_LAWS(1.0),anderes,_T,_T,2003,92
SLC:DF_LAWS(1.0),dekret,_T,_T,2003,65
SLC:DF_LAWS(1.0),gemeindeerlass,_T,_T,2003,7
SLC:DF_LAWS(1.0),gesetz,_T,_T,2003,83
SLC:DF_LAWS(1.0),interkantonale_vereinbarung,_T,_T,2003,107
SLC:DF_LAWS(1.0),reglement,_T,_T,2003,129
SLC:DF_LAWS(1.0),staatsvertrag,_T,_T,2003,2
SLC:DF_LAWS(1.0),verfassung,_T,_T,2003,2
SLC:DF_LAWS(1.0),verordnung,_T,_T,2003,286
SLC:DF_LAWS(1.0),_T,AG,_T,2003,27
SLC:DF_LAWS(1.0),_T,AI,_T,2003,10
SLC:DF_LAWS(1.0),_T,AR,_T,2003,20
SLC:DF_LAWS(1.0),_T,BE,_T,2003,27
SLC:DF_LAWS(1.0),_T,BL,_T,2003,39
SLC:DF_LAWS(1.0),_T,BS,_T,2003,46
SLC:DF_LAWS(1.0),_T,FR,_T,2003,70
SLC:DF_LAWS(1.0),_T,GE,_T,2003,30
SLC:DF_LAWS(1.0),_T,GL,_T,2003,32
SLC:DF_LAWS(1.0),_T,GR,_T,2003,14
SLC:DF_LAWS(1.0),_T,JU,_T,2003,14
SLC:DF_LAWS(1.0),_T,LU,_T,2003,36
SLC:DF_LAWS(1.0),_T,NE,_T,2003,40
SLC:DF_LAWS(1.0),_T,NW,_T,2003,15
SLC:DF_LAWS(1.0),_T,OW,_T,2003,22
SLC:DF_LAWS(1.0),_T,SG,_T,2003,45
SLC:DF_LAWS(1.0),_T,SH,_T,2003,24
SLC:DF_LAWS(1.0),_T,SO,_T,2003,16
SLC:DF_LAWS(1.0),_T,SZ,_T,2003,17
SLC:DF_LAWS(1.0),_T,TG,_T,2003,38
SLC:DF_LAWS(1.0),_T,TI,_T,2003,38
SLC:DF_LAWS(1.0),_T,UR,_T,2003,13
SLC:DF_LAWS(1.0),_T,VD,_T,2003,50
SLC:DF_LAWS(1.0),_T,VS,_T,2003,24
SLC:DF_LAWS(1.0),_T,ZG,_T,2003,36
SLC:DF_LAWS(1.0),_T,ZH,_T,2003,30
SLC:DF_LAWS(1.0),_T,_T,autres,2003,61
SLC:DF_LAWS(1.0),_T,_T,eco,2003,59
SLC:DF_LAWS(1.0),_T,_T,educ,2003,211
SLC:DF_LAWS(1.0),_T,_T,etat,2003,194
SLC:DF_LAWS(1.0),_T,_T,fin,2003,37
SLC:DF_LAWS(1.0),_T,_T,infra,2003,74
SLC:DF_LAWS(1.0),_T,_T,sante,2003,137
SLC:DF_LAWS(1.0),_T,_T,_T,2003,773
SLC:DF_LAWS(1.0),anderes,AG,autres,2004,1
SLC:DF_LAWS(1.0),anderes,AG,etat,2004,2
SLC:DF_LAWS(1.0),anderes,AG,fin,2004,1
SLC:DF_LAWS(1.0),anderes,AR,sante,2004,1
SLC:DF_LAWS(1.0),anderes,BE,educ,2004,1
SLC:DF_LAWS(1.0),anderes,BE,sante,2004,1
SLC:DF_LAWS(1.0),anderes,BL,infra,2004,1
SLC:DF_LAWS(1.0),anderes,BL,sante,2004,1
SLC:DF_LAWS(1.0),anderes,BS,autres,2004,1
SLC:DF_LAWS(1.0),anderes,BS,educ,2004,9
SLC:DF_LAWS(1.0),anderes,BS,sante,2004,2
SLC:DF_LAWS(1.0),anderes,FR,educ,2004,1
SLC:DF_LAWS(1.0),anderes,FR,etat,2004,2
SLC:DF_LAWS(1.0),anderes,GE,autres,2004,1
SLC:DF_LAWS(1.0),anderes,GE,fin,2004,1
SLC:DF_LAWS(1.0),anderes,GE,sante,2004,6
SLC:DF_LAWS(1.0),anderes,GL,educ,2004,1
SLC:DF_LAWS(1.0),anderes,GL,etat,2004,2
SLC:DF_LAWS(1.0),anderes,GL,infra,2004,2
SLC:DF_LAWS(1.0),anderes,GL,sante,2004,2
SLC:DF_LAWS(1.0),anderes,GR,educ,2004,1
SLC:DF_LAWS(1.0),anderes,GR,sante,2004,1
SLC:DF_LAWS(1.0),anderes,JU,sante,2004,1
SLC:DF_LAWS(1.0),anderes,LU,autres,2004,2
SLC:DF_LAWS(1.0),anderes,LU,eco,2004,2
SLC:DF_LAWS(1.0),anderes,LU,etat,2004,3
SLC:DF_LAWS(1.0),anderes,NE,autres,2004,2
SLC:DF_LAWS(1.0),anderes,NE,eco,2004,1
SLC:DF_LAWS(1.0),anderes,NE,educ,2004,3
SLC:DF_LAWS(1.0),anderes,NE,etat,2004,2
SLC:DF_LAWS(1.0),anderes,NE,infra,2004,1
SLC:DF_LAWS(1.0),anderes,NE,sante,2004,4
SLC:DF_LAWS(1.0),anderes,NW,etat,2004,1
SLC:DF_LAWS(1.0),anderes,NW,infra,2004,1
SLC:DF_LAWS(1.0),anderes,NW,sante,2004,1
SLC:DF_LAWS(1.0),anderes,OW,educ,2004,1
SLC:DF_LAWS(1.0),anderes,OW,etat,2004,3
SLC:DF_LAWS(1.0),anderes,OW,infra,2004,3
SLC:DF_LAWS(1.0),anderes,SG,educ,2004,1
SLC:DF_LAWS(1.0),anderes,SH,eco,2004,1
SLC:DF_LAWS(1.0),anderes,SH,etat,2004,1
SLC:DF_LAWS(1.0),anderes,SO,educ,2004,1
SLC:DF_LAWS(1.0),anderes,TG,eco,2004,1
SLC:DF_LAWS(1.0),anderes,TG,infra,2004,1
SLC:DF_LAWS(1.0),anderes,TI,sante,2004,2
SLC:DF_LAWS(1.0),anderes,VD,eco,2004,1
SLC:DF_LAWS(1.0),anderes,VD,etat,2004,2
SLC:DF_LAWS(1.0),anderes,VD,sante,2004,1
SLC:DF_LAWS(1.0),anderes,VS,etat,2004,1
SLC:DF_LAWS(1.0),anderes,VS,infra,2004,2
SLC:DF_LAWS(1.0),anderes,ZG,etat,2004,4
SLC:DF_LAWS(1.0),anderes,ZG,sante,2004,2
SLC:DF_LAWS(1.0),anderes,ZH,educ,2004,13
SLC:DF_LAWS(1.0),anderes,ZH,etat,2004,3
SLC:DF_LAWS(1.0),anderes,ZH,infra,2004,1
SLC:DF_LAWS(1.0),anderes,ZH,sante,2004,2
SLC:DF_LAWS(1.0),dekret,AG,educ,2004,2
SLC:DF_LAWS(1.0),dekret,AG,etat,2004,1
SLC:DF_LAWS(1.0),dekret,AI,autres,2004,2
SLC:DF_LAWS(1.0),dekret,AI,eco,2004,1
SLC:DF_LAWS(1.0),dekret,AI,educ,2004,2
SLC:DF_LAWS(1.0),dekret,AR,infra,2004,1
SLC:DF_LAWS(1.0),dekret,BE,educ,2004,1
SLC:DF_LAWS(1.0),dekret,BE,etat,2004,1
SLC:DF_LAWS(1.0),dekret,BL,etat,2004,1
SLC:DF_LAWS(1.0),dekret,FR,etat,2004,9
SLC:DF_LAWS(1.0),dekret,GL,educ,2004,1
SLC:DF_LAWS(1.0),dekret,GL,etat,2004,1
SLC:DF_LAWS(1.0),dekret,GR,educ,2004,1
SLC:DF_LAWS(1.0),dekret,JU,educ,2004,1
SLC:DF_LAWS(1.0),dekret,JU,etat,2004,1
SLC:DF_LAWS(1.0),dekret,LU,etat,2004,4
SLC:DF_LAWS(1.0),dekret,NE,educ,2004,2
SLC:DF_LAWS(1.0),dekret,NE,fin,2004,1
SLC:DF_LAWS(1.0),dekret,OW,autres,2004,2
SLC:DF_LAWS(1.0),dekret,OW,etat,2004,2
SLC:DF_LAWS(1.0),dekret,OW,sante,2004,1
SLC:DF_LAWS(1.0),dekret,SG,educ,2004,4
SLC:DF_LAWS(1.0),dekret,SG,etat,2004,2
SLC:DF_LAWS(1.0),dekret,SG,infra,2004,1
SLC:DF_LAWS(1.0),dekret,SH,educ,2004,2
SLC:DF_LAWS(1.0),dekret,SH,etat,2004,2
SLC:DF_LAWS(1.0),dekret,SZ,educ,2004,1
SLC:DF_LAWS(1.0),dekret,SZ,etat,2004,1
SLC:DF_LAWS(1.0),dekret,SZ,infra,2004,1
SLC:DF_LAWS(1.0),dekret,SZ,sante,2004,1
SLC:DF_LAWS(1.0),dekret,TI,etat,2004,2
SLC:DF_LAWS(1.0),dekret,VD,etat,2004,2
SLC:DF_LAWS(1.0),dekret,ZG,eco,2004,1
SLC:DF_LAWS(1.0),dekret,ZG,etat,2004,1
SLC:DF_LAWS(1.0),dekret,ZG,infra,2004,1
SLC:DF_LAWS(1.0),dekret,ZH,etat,2004,2
SLC:DF_LAWS(1.0),gemeindeerlass,BS,etat,2004,2
SLC:DF_LAWS(1.0),gemeindeerlass,BS,sante,2004,3
SLC:DF_LAWS(1.0),gesetz,AG,sante,2004,2
SLC:DF_LAWS(1.0),gesetz,AI,educ,2004,2
SLC:DF_LAWS(1.0),gesetz,AR,eco,2004,1
SLC:DF_LAWS(1.0),gesetz,AR,etat,2004,3
SLC:DF_LAWS(1.0),gesetz,AR,infra,2004,2
SLC:DF_LAWS(1.0),gesetz,BE,educ,2004,2
SLC:DF_LAWS(1.0),gesetz,BE,etat,2004,4
SLC:DF_LAWS(1.0),gesetz,BL,fin,2004,1
SLC:DF_LAWS(1.0),gesetz,BL,infra,2004,2
SLC:DF_LAWS(1.0),gesetz,BS,fin,2004,1
SLC:DF_LAWS(1.0),gesetz,BS,infra,2004,1
SLC:DF_LAWS(1.0),gesetz,BS,sante,2004,1
SLC:DF_LAWS(1.0),gesetz,FR,autres,2004,1
SLC:DF_LAWS(1.0),gesetz,FR,etat,2004,4
SLC:DF_LAWS(1.0),gesetz,GE,autres,2004,2
SLC:DF_LAWS(1.0),gesetz,GE,eco,2004,1
SLC:DF_LAWS(1.0),gesetz,GE,educ,2004,2
SLC:DF_LAWS(1.0),gesetz,GE,etat,2004,2
SLC:DF_LAWS(1.0),gesetz,GE,fin,2004,3
SLC:DF_LAWS(1.0),gesetz,GE,sante,2004,1
SLC:DF_LAWS(1.0),gesetz,GL,etat,2004,2
SLC:DF_LAWS(1.0),gesetz,GR,autres,2004,2
SLC:DF_LAWS(1.0),gesetz,GR,educ,2004,2
SLC:DF_LAWS(1.0),gesetz,GR,etat,2004,1
SLC:DF_LAWS(1.0),gesetz,GR,infra,2004,1
SLC:DF_LAWS(1.0),gesetz,GR,sante,2004,3
SLC:DF_LAWS(1.0),gesetz,JU,educ,2004,1
SLC:DF_LAWS(1.0),gesetz,JU,fin,2004,1
SLC:DF_LAWS(1.0),gesetz,JU,sante,2004,1
SLC:DF_LAWS(1.0),gesetz,LU,etat,2004,3
SLC:DF_LAWS(1.0),gesetz,LU,fin,2004,1
SLC:DF_LAWS(1.0),gesetz,NE,autres,2004,2
SLC:DF_LAWS(1.0),gesetz,NE,eco,2004,1
SLC:DF_LAWS(1.0),gesetz,NE,etat,2004,2
SLC:DF_LAWS(1.0),gesetz,NE,fin,2004,2
SLC:DF_LAWS(1.0),gesetz,NE,infra,2004,3
SLC:DF_LAWS(1.0),gesetz,NE,sante,2004,2
SLC:DF_LAWS(1.0),gesetz,NW,educ,2004,2
SLC:DF_LAWS(1.0),gesetz,NW,etat,2004,2
SLC:DF_LAWS(1.0),gesetz,NW,infra,2004,2
SLC:DF_LAWS(1.0),gesetz,NW,sante,2004,1
SLC:DF_LAWS(1.0),gesetz,OW,etat,2004,2
SLC:DF_LAWS(1.0),gesetz,OW,infra,2004,1
SLC:DF_LAWS(1.0),gesetz,SG,etat,2004,3
SLC:DF_LAWS(1.0),gesetz,SG,sante,2004,1
SLC:DF_LAWS(1.0),gesetz,SH,eco,2004,1
SLC:DF_LAWS(1.0),gesetz,SH,etat,2004,2
SLC:DF_LAWS(1.0),gesetz,SH,fin,2004,1
SLC:DF_LAWS(1.0),gesetz,SH,infra,2004,1
SLC:DF_LAWS(1.0),gesetz,SH,sante,2004,1
SLC:DF_LAWS(1.0),gesetz,SO,sante,2004,1
SLC:DF_LAWS(1.0),gesetz,SZ,autres,2004,3
SLC:DF_LAWS(1.0),gesetz,SZ,etat,2004,1
SLC:DF_LAWS(1.0),gesetz,SZ,infra,2004,1
SLC:DF_LAWS(1.0),gesetz,TG,educ,2004,1
SLC:DF_LAWS(1.0),gesetz,TG,etat,2004,1
SLC:DF_LAWS(1.0),gesetz,TG,infra,2004,1
SLC:DF_LAWS(1.0),gesetz,TI,eco,2004,2
SLC:DF_LAWS(1.0),gesetz,TI,infra,2004,1
SLC:DF_LAWS(1.0),gesetz,TI,sante,2004,1
SLC:DF_LAWS(1.0),gesetz,UR,autres,2004,1
SLC:DF_LAWS(1.0),gesetz,VD,autres,2004,1
SLC:DF_LAWS(1.0),gesetz,VD,eco,2004,1
SLC:DF_LAWS(1.0),gesetz,VD,educ,2004,2
SLC:DF_LAWS(1.0),gesetz,VD,etat,2004,4
SLC:DF_LAWS(1.0),gesetz,VD,sante,2004,3
SLC:DF_LAWS(1.0),gesetz,VS,eco,2004,3
SLC:DF_LAWS(1.0),gesetz,VS,etat,2004,3
SLC:DF_LAWS(1.0),gesetz,VS,fin,2004,1
SLC:DF_LAWS(1.0),gesetz,VS,infra,2004,3
SLC:DF_LAWS(1.0),gesetz,VS,sante,2004,1
SLC:DF_LAWS(1.0),gesetz,ZG,educ,2004,1
SLC:DF_LAWS(1.0),gesetz,ZG,infra,2004,2
SLC:DF_LAWS(1.0),gesetz,ZH,etat,2004,2
SLC:DF_LAWS(1.0),gesetz,ZH,sante,2004,2
SLC:DF_LAWS(1.0),interkantonale_vereinbarung,AG,educ,2004,1
SLC:DF_LAWS(1.0),interkantonale_vereinbarung,AG,etat,2004,1
SLC:DF_LAWS(1.0),interkantonale_vereinbarung,AG,sante,2004,1
SLC:DF_LAWS(1.0),interkantonale_vereinbarung,BE,eco,2004,1
SLC:DF_LAWS(1.0),interkantonale_vereinbarung,BE,etat,2004,1
SLC:DF_LAWS(1.0),interkantonale_vereinbarung,BL,educ,2004,2
SLC:DF_LAWS(1.0),interkantonale_vereinbarung,BL,etat,2004,1
SLC:DF_LAWS(1.0),interkantonale_vereinbarung,BL,sante,2004,2
SLC:DF_LAWS(1.0),interkantonale_vereinbarung,BS,educ,2004,1
SLC:DF_LAWS(1.0),interkantonale_vereinbarung,BS,etat,2004,1
SLC:DF_LAWS(1.0),interkantonale_vereinbarung,FR,educ,2004,1
SLC:DF_LAWS(1.0),interkantonale_vereinbarung,GE,etat,2004,1
SLC:DF_LAWS(1.0),interkantonale_vereinbarung,GL,autres,2004,1
SLC:DF_LAWS(1.0),interkantonale_vereinbarung,JU,eco,2004,2
SLC:DF_LAWS(1.0),interkantonale_vereinbarung,JU,educ,2004,3
SLC:DF_LAWS(1.0),interkantonale_vereinbarung,LU,autres,2004,1
SLC:DF_LAWS(1.0),interkantonale_vereinbarung,LU,educ,2004,2
SLC:DF_LAWS(1.0),interkantonale_vereinbarung,NE,fin,2004,1
SLC:DF_LAWS(1.0),interkantonale_vereinbarung,NW,autres,2004,1
SLC:DF_LAWS(1.0),interkantonale_vereinbarung,NW,educ,2004,4
SLC:DF_LAWS(1.0),interkantonale_vereinbarung,OW,autres,2004,1
SLC:DF_LAWS(1.0),interkantonale_vereinbarung,OW,educ,2004,4
SLC:DF_LAWS(1.0),interkantonale_vereinbarung,OW,etat,2004,1
SLC:DF_LAWS(1.0),interkantonale_vereinbarung,OW,infra,2004,1
SLC:DF_LAWS(1.0),interkantonale_vereinbarung,SG,educ,2004,2
SLC:DF_LAWS(1.0),interkantonale_vereinbarung,SG,etat,2004,2
SLC:DF_LAWS(1.0),interkantonale_vereinbarung,SG,fin,2004,1
SLC:DF_LAWS(1.0),interkantonale_vereinbarung,SO,educ,2004,1
SLC:DF_LAWS(1.0),interkantonale_vereinbarung,SO,etat,2004,1
SLC:DF_LAWS(1.0),interkantonale_vereinbarung,SZ,autres,2004,1
SLC:DF_LAWS(1.0),interkantonale_vereinbarung,SZ,educ,2004,3
SLC:DF_LAWS(1.0),interkantonale_vereinbarung,TG,sante,2004,1
SLC:DF_LAWS(1.0),interkantonale_vereinbarung,UR,autres,2004,1
SLC:DF_LAWS(1.0),interkantonale_vereinbarung,UR,educ,2004,2
SLC:DF_LAWS(1.0),interkantonale_vereinbarung,ZG,autres,2004,1
SLC:DF_LAWS(1.0),interkantonale_vereinbarung,ZG,educ,2004,5
SLC:DF_LAWS(1.0),interkantonale_vereinbarung,ZG,etat,2004,1
SLC:DF_LAWS(1.0),interkantonale_vereinbarung,ZH,autres,2004,1
SLC:DF_LAWS(1.0),reglement,AG,educ,2004,1
SLC:DF_LAWS(1.0),reglement,BE,etat,2004,2
SLC:DF_LAWS(1.0),reglement,BL,etat,2004,1
SLC:DF_LAWS(1.0),reglement,BS,educ,2004,1
SLC:DF_LAWS(1.0),reglement,BS,etat,2004,1
SLC:DF_LAWS(1.0),reglement,FR,eco,2004,1
SLC:DF_LAWS(1.0),reglement,FR,educ,2004,3
SLC:DF_LAWS(1.0),reglement,FR,etat,2004,1
SLC:DF_LAWS(1.0),reglement,FR,sante,2004,2
SLC:DF_LAWS(1.0),reglement,GE,autres,2004,2
SLC:DF_LAWS(1.0),reglement,GE,eco,2004,1
SLC:DF_LAWS(1.0),reglement,GE,educ,2004,2
SLC:DF_LAWS(1.0),reglement,GE,etat,2004,6
SLC:DF_LAWS(1.0),reglement,GE,fin,2004,3
SLC:DF_LAWS(1.0),reglement,GE,infra,2004,1
SLC:DF_LAWS(1.0),reglement,GE,sante,2004,3
SLC:DF_LAWS(1.0),reglement,JU,autres,2004,1
SLC:DF_LAWS(1.0),reglement,JU,educ,2004,2
SLC:DF_LAWS(1.0),reglement,JU,etat,2004,3
SLC:DF_LAWS(1.0),reglement,LU,autres,2004,1
SLC:DF_LAWS(1.0),reglement,LU,educ,2004,1
SLC:DF_LAWS(1.0),reglement,LU,etat,2004,1
SLC:DF_LAWS(1.0),reglement,NE,autres,2004,3
SLC:DF_LAWS(1.0),reglement,NE,educ,2004,2
SLC:DF_LAWS(1.0),reglement,NE,etat,2004,2
SLC:DF_LAWS(1.0),reglement,NE,infra,2004,1
SLC:DF_LAWS(1.0),reglement,NE,sante,2004,7
SLC:DF_LAWS(1.0),reglement,NW,etat,2004,1
SLC:DF_LAWS(1.0),reglement,SZ,educ,2004,1
SLC:DF_LAWS(1.0),reglement,TG,educ,2004,1
SLC:DF_LAWS(1.0),reglement,TG,etat,2004,1
SLC:DF_LAWS(1.0),reglement,TI,autres,2004,2
SLC:DF_LAWS(1.0),reglement,TI,eco,2004,3
SLC:DF_LAWS(1.0),reglement,TI,educ,2004,1
SLC:DF_LAWS(1.0),reglement,TI,etat,2004,3
SLC:DF_LAWS(1.0),reglement,TI,fin,2004,1
SLC:DF_LAWS(1.0),reglement,TI,infra,2004,1
SLC:DF_LAWS(1.0),reglement,TI,sante,2004,2
SLC:DF_LAWS(1.0),reglement,UR,autres,2004,1
SLC:DF_LAWS(1.0),reglement,UR,educ,2004,2
SLC:DF_LAWS(1.0),reglement,UR,sante,2004,1
SLC:DF_LAWS(1.0),reglement,VD,autres,2004,1
SLC:DF_LAWS(1.0),reglement,VD,eco,2004,3
SLC:DF_LAWS(1.0),reglement,VD,educ,2004,4
SLC:DF_LAWS(1.0),reglement,VD,etat,2004,6
SLC:DF_LAWS(1.0),reglement,VD,sante,2004,8
SLC:DF_LAWS(1.0),reglement,VS,eco,2004,1
SLC:DF_LAWS(1.0),reglement,VS,educ,2004,2
SLC:DF_LAWS(1.0),reglement,VS,fin,2004,1
SLC:DF_LAWS(1.0),reglement,VS,infra,2004,1
SLC:DF_LAWS(1.0),reglement,VS,sante,2004,2
SLC:DF_LAWS(1.0),reglement,ZG,sante,2004,1
SLC:DF_LAWS(1.0),reglement,ZH,educ,2004,1
SLC:DF_LAWS(1.0),reglement,ZH,etat,2004,1
SLC:DF_LAWS(1.0),reglement,ZH,fin,2004,1
SLC:DF_LAWS(1.0),verfassung,FR,etat,2004,1
SLC:DF_LAWS(1.0),verordnung,AG,autres,2004,1
SLC:DF_LAWS(1.0),verordnung,AG,educ,2004,4
SLC:DF_LAWS(1.0),verordnung,AG,etat,2004,2
SLC:DF_LAWS(1.0),verordnung,AG,infra,2004,1
SLC:DF_LAWS(1.0),verordnung,AG,sante,2004,6
SLC:DF_LAWS(1.0),verordnung,AI,eco,2004,2
SLC:DF_LAWS(1.0),verordnung,AI,sante,2004,1
SLC:DF_LAWS(1.0),verordnung,AR,autres,2004,1
SLC:DF_LAWS(1.0),verordnung,AR,etat,2004,5
SLC:DF_LAWS(1.0),verordnung,AR,sante,2004,1
SLC:DF_LAWS(1.0),verordnung,BE,autres,2004,1
SLC:DF_LAWS(1.0),verordnung,BE,eco,2004,2
SLC:DF_LAWS(1.0),verordnung,BE,educ,2004,3
SLC:DF_LAWS(1.0),verordnung,BE,etat,2004,7
SLC:DF_LAWS(1.0),verordnung,BE,fin,2004,3
SLC:DF_LAWS(1.0),verordnung,BE,infra,2004,2
SLC:DF_LAWS(1.0),verordnung,BE,sante,2004,3
SLC:DF_LAWS(1.0),verordnung,BL,eco,2004,3
SLC:DF_LAWS(1.0),verordnung,BL,educ,2004,6
SLC:DF_LAWS(1.0),verordnung,BL,etat,2004,5
SLC:DF_LAWS(1.0),verordnung,BL,fin,2004,1
SLC:DF_LAWS(1.0),verordnung,BL,infra,2004,3
SLC:DF_LAWS(1.0),verordnung,BL,sante,2004,3
SLC:DF_LAWS(1.0),verordnung,BS,autres,2004,1
SLC:DF_LAWS(1.0),verordnung,BS,eco,2004,2
SLC:DF_LAWS(1.0),verordnung,BS,educ,2004,5
SLC:DF_LAWS(1.0),verordnung,BS,etat,2004,3
SLC:DF_LAWS(1.0),verordnung,BS,sante,2004,10
SLC:DF_LAWS(1.0),verordnung,FR,autres,2004,2
SLC:DF_LAWS(1.0),verordnung,FR,eco,2004,3
SLC:DF_LAWS(1.0),verordnung,FR,educ,2004,6
SLC:DF_LAWS(1.0),verordnung,FR,etat,2004,7
SLC:DF_LAWS(1.0),verordnung,FR,fin,2004,3
SLC:DF_LAWS(1.0),verordnung,FR,infra,2004,2
SLC:DF_LAWS(1.0),verordnung,FR,sante,2004,10
SLC:DF_LAWS(1.0),verordnung,GE,eco,2004,1
SLC:DF_LAWS(1.0),verordnung,GE,etat,2004,2
SLC:DF_LAWS(1.0),verordnung,GE,sante,2004,1
SLC:DF_LAWS(1.0),verordnung,GL,infra,2004,2
SLC:DF_LAWS(1.0),verordnung,GL,sante,2004,1
SLC:DF_LAWS(1.0),verordnung,GR,autres,2004,1
SLC:DF_LAWS(1.0),verordnung,GR,eco,2004,2
SLC:DF_LAWS(1.0),verordnung,GR,educ,2004,5
SLC:DF_LAWS(1.0),verordnung,GR,fin,2004,1
SLC:DF_LAWS(1.0),verordnung,GR,infra,2004,1
SLC:DF_LAWS(1.0),verordnung,GR,sante,2004,3
SLC:DF_LAWS(1.0),verordnung,JU,autres,2004,1
SLC:DF_LAWS(1.0),verordnung,JU,eco,2004,1
SLC:DF_LAWS(1.0),verordnung,JU,educ,2004,5
SLC:DF_LAWS(1.0),verordnung,JU,etat,2004,4
SLC:DF_LAWS(1.0),verordnung,JU,fin,2004,2
SLC:DF_LAWS(1.0),verordnung,JU,infra,2004,1
SLC:DF_LAWS(1.0),verordnung,JU,sante,2004,1
SLC:DF_LAWS(1.0),verordnung,LU,autres,2004,3
SLC:DF_LAWS(1.0),verordnung,LU,eco,2004,1
SLC:DF_LAWS(1.0),verordnung,LU,etat,2004,2
SLC:DF_LAWS(1.0),verordnung,LU,infra,2004,4
SLC:DF_LAWS(1.0),verordnung,LU,sante,2004,2
SLC:DF_LAWS(1.0),verordnung,NE,autres,2004,3
SLC:DF_LAWS(1.0),verordnung,NE,eco,2004,2
SLC:DF_LAWS(1.0),verordnung,NE,educ,2004,2
SLC:DF_LAWS(1.0),verordnung,NE,etat,2004,3
SLC:DF_LAWS(1.0),verordnung,NE,fin,2004,2
SLC:DF_LAWS(1.0),verordnung,NE,infra,2004,1
SLC:DF_LAWS(1.0),verordnung,NE,sante,2004,4
SLC:DF_LAWS(1.0),verordnung,NW,educ,2004,1
SLC:DF_LAWS(1.0),verordnung,NW,etat,2004,2
SLC:DF_LAWS(1.0),verordnung,NW,infra,2004,2
SLC:DF_LAWS(1.0),verordnung,NW,sante,2004,2
SLC:DF_LAWS(1.0),verordnung,OW,autres,2004,2
SLC:DF_LAWS(1.0),verordnung,OW,eco,2004,3
SLC:DF_LAWS(1.0),verordnung,OW,educ,2004,1
SLC:DF_LAWS(1.0),verordnung,OW,etat,2004,10
SLC:DF_LAWS(1.0),verordnung,OW,fin,2004,1
SLC:DF_LAWS(1.0),verordnung,OW,infra,2004,1
SLC:DF_LAWS(1.0),verordnung,OW,sante,2004,2
SLC:DF_LAWS(1.0),verordnung,SG,autres,2004,1
SLC:DF_LAWS(1.0),verordnung,SG,eco,2004,1
SLC:DF_LAWS(1.0),verordnung,SG,educ,2004,2
SLC:DF_LAWS(1.0),verordnung,SG,etat,2004,5
SLC:DF_LAWS(1.0),verordnung,SG,sante,2004,14
SLC:DF_LAWS(1.0),verordnung,SH,autres,2004,1
SLC:DF_LAWS(1.0),verordnung,SH,eco,2004,1
SLC:DF_LAWS(1.0),verordnung,SH,educ,2004,6
SLC:DF_LAWS(1.0),verordnung,SH,etat,2004,4
SLC:DF_LAWS(1.0),verordnung,SH,sante,2004,2
SLC:DF_LAWS(1.0),verordnung,SO,eco,2004,3
SLC:DF_LAWS(1.0),verordnung,SO,educ,2004,3
SLC:DF_LAWS(1.0),verordnung,SO,etat,2004,2
SLC:DF_LAWS(1.0),verordnung,SO,sante,2004,3
SLC:DF_LAWS(1.0),verordnung,SZ,etat,2004,1
SLC:DF_LAWS(1.0),verordnung,SZ,fin,2004,1
SLC:DF_LAWS(1.0),verordnung,SZ,sante,2004,2
SLC:DF_LAWS(1.0),verordnung,TG,educ,2004,2
SLC:DF_LAWS(1.0),verordnung,TG,etat,2004,3
SLC:DF_LAWS(1.0),verordnung,TG,infra,2004,1
SLC:DF_LAWS(1.0),verordnung,TG,sante,2004,2
SLC:DF_LAWS(1.0),verordnung,TI,autres,2004,1
SLC:DF_LAWS(1.0),verordnung,TI,etat,2004,1
SLC:DF_LAWS(1.0),verordnung,TI,fin,2004,2
SLC:DF_LAWS(1.0),verordnung,VS,eco,2004,3
SLC:DF_LAWS(1.0),verordnung,VS,etat,2004,2
SLC:DF_LAWS(1.0),verordnung,VS,infra,2004,2
SLC:DF_LAWS(1.0),verordnung,ZG,educ,2004,3
SLC:DF_LAWS(1.0),verordnung,ZG,etat,2004,2
SLC:DF_LAWS(1.0),verordnung,ZG,fin,2004,1
SLC:DF_LAWS(1.0),verordnung,ZG,infra,2004,1
SLC:DF_LAWS(1.0),verordnung,ZG,sante,2004,3
SLC:DF_LAWS(1.0),verordnung,ZH,autres,2004,5
SLC:DF_LAWS(1.0),verordnung,ZH,eco,2004,1
SLC:DF_LAWS(1.0),verordnung,ZH,educ,2004,4
SLC:DF_LAWS(1.0),verordnung,ZH,etat,2004,8
SLC:DF_LAWS(1.0),verordnung,ZH,fin,2004,1
SLC:DF_LAWS(1.0),verordnung,ZH,infra,2004,1
SLC:DF_LAWS(1.0),verordnung,ZH,sante,2004,3
SLC:DF_LAWS(1.0),anderes,_T,_T,2004,112
SLC:DF_LAWS(1.0),dekret,_T,_T,2004,62
SLC:DF_LAWS(1.0),gemeindeerlass,_T,_T,2004,5
SLC:DF_LAWS(1.0),gesetz,_T,_T,2004,131
SLC:DF_LAWS(1.0),interkantonale_vereinbarung,_T,_T,2004,59
SLC:DF_LAWS(1.0),reglement,_T,_T,2004,109
SLC:DF_LAWS(1.0),verfassung,_T,_T,2004,1
SLC:DF_LAWS(1.0),verordnung,_T,_T,2004,315
SLC:DF_LAWS(1.0),_T,AG,_T,2004,27
SLC:DF_LAWS(1.0),_T,AI,_T,2004,10
SLC:DF_LAWS(1.0),_T,AR,_T,2004,15
SLC:DF_LAWS(1.0),_T,BE,_T,2004,35
SLC:DF_LAWS(1.0),_T,BL,_T,2004,33
SLC:DF_LAWS(1.0),_T,BS,_T,2004,45
SLC:DF_LAWS(1.0),_T,FR,_T,2004,59
SLC:DF_LAWS(1.0),_T,GE,_T,2004,42
SLC:DF_LAWS(1.0),_T,GL,_T,2004,15
SLC:DF_LAWS(1.0),_T,GR,_T,2004,25
SLC:DF_LAWS(1.0),_T,JU,_T,2004,32
SLC:DF_LAWS(1.0),_T,LU,_T,2004,33
SLC:DF_LAWS(1.0),_T,NE,_T,2004,61
SLC:DF_LAWS(1.0),_T,NW,_T,2004,23
SLC:DF_LAWS(1.0),_T,OW,_T,2004,42
SLC:DF_LAWS(1.0),_T,SG,_T,2004,40
SLC:DF_LAWS(1.0),_T,SH,_T,2004,26
SLC:DF_LAWS(1.0),_T,SO,_T,2004,15
SLC:DF_LAWS(1.0),_T,SZ,_T,2004,18
SLC:DF_LAWS(1.0),_T,TG,_T,2004,16
SLC:DF_LAWS(1.0),_T,TI,_T,2004,25
SLC:DF_LAWS(1.0),_T,UR,_T,2004,8
SLC:DF_LAWS(1.0),_T,VD,_T,2004,39
SLC:DF_LAWS(1.0),_T,VS,_T,2004,28
SLC:DF_LAWS(1.0),_T,ZG,_T,2004,30
SLC:DF_LAWS(1.0),_T,ZH,_T,2004,52
SLC:DF_LAWS(1.0),_T,_T,autres,2004,66
SLC:DF_LAWS(1.0),_T,_T,eco,2004,61
SLC:DF_LAWS(1.0),_T,_T,educ,2004,177
SLC:DF_LAWS(1.0),_T,_T,etat,2004,221
SLC:DF_LAWS(1.0),_T,_T,fin,2004,40
SLC:DF_LAWS(1.0),_T,_T,infra,2004,67
SLC:DF_LAWS(1.0),_T,_T,sante,2004,162
SLC:DF_LAWS(1.0),_T,_T,_T,2004,794
SLC:DF_LAWS(1.0),anderes,AI,educ,2005,1
SLC:DF_LAWS(1.0),anderes,AR,autres,2005,1
SLC:DF_LAWS(1.0),anderes,AR,infra,2005,1
SLC:DF_LAWS(1.0),anderes,AR,sante,2005,1
SLC:DF_LAWS(1.0),anderes,BE,autres,2005,3
SLC:DF_LAWS(1.0),anderes,BE,educ,2005,3
SLC:DF_LAWS(1.0),anderes,BL,educ,2005,1
SLC:DF_LAWS(1.0),anderes,BL,etat,2005,1
SLC:DF_LAWS(1.0),anderes,BL,sante,2005,2
SLC:DF_LAWS(1.0),anderes,BS,autres,2005,1
SLC:DF_LAWS(1.0),anderes,BS,eco,2005,1
SLC:DF_LAWS(1.0),anderes,BS,educ,2005,3
SLC:DF_LAWS(1.0),anderes,BS,sante,2005,3
SLC:DF_LAWS(1.0),anderes,FR,etat,2005,2
SLC:DF_LAWS(1.0),anderes,GE,autres,2005,1
SLC:DF_LAWS(1.0),anderes,GL,autres,2005,2
SLC:DF_LAWS(1.0),anderes,GL,sante,2005,1
SLC:DF_LAWS(1.0),anderes,GR,autres,2005,1
SLC:DF_LAWS(1.0),anderes,GR,fin,2005,1
SLC:DF_LAWS(1.0),anderes,LU,autres,2005,4
SLC:DF_LAWS(1.0),anderes,LU,educ,2005,3
SLC:DF_LAWS(1.0),anderes,LU,etat,2005,1
SLC:DF_LAWS(1.0),anderes,LU,sante,2005,1
SLC:DF_LAWS(1.0),anderes,NE,educ,2005,5
SLC:DF_LAWS(1.0),anderes,NE,etat,2005,3
SLC:DF_LAWS(1.0),anderes,NE,fin,2005,2
SLC:DF_LAWS(1.0),anderes,NE,sante,2005,3
SLC:DF_LAWS(1.0),anderes,NW,sante,2005,1
SLC:DF_LAWS(1.0),anderes,OW,fin,2005,1
SLC:DF_LAWS(1.0),anderes,OW,sante,2005,6
SLC:DF_LAWS(1.0),anderes,SG,autres,2005,2
SLC:DF_LAWS(1.0),anderes,SG,educ,2005,1
SLC:DF_LAWS(1.0),anderes,SG,infra,2005,1
SLC:DF_LAWS(1.0),anderes,SG,sante,2005,2
SLC:DF_LAWS(1.0),anderes,SH,eco,2005,2
SLC:DF_LAWS(1.0),anderes,SH,etat,2005,1
SLC:DF_LAWS(1.0),anderes,SH,fin,2005,1
SLC:DF_LAWS(1.0),anderes,SH,sante,2005,1
SLC:DF_LAWS(1.0),anderes,SO,educ,2005,5
SLC:DF_LAWS(1.0),anderes,SO,etat,2005,1
SLC:DF_LAWS(1.0),anderes,SO,sante,2005,3
SLC:DF_LAWS(1.0),anderes,SZ,educ,2005,1
SLC:DF_LAWS(1.0),anderes,TG,sante,2005,1
SLC:DF_LAWS(1.0),anderes,UR,autres,2005,1
SLC:DF_LAWS(1.0),anderes,VD,eco,2005,2
SLC:DF_LAWS(1.0),anderes,VD,sante,2005,1
SLC:DF_LAWS(1.0),anderes,VS,eco,2005,2
SLC:DF_LAWS(1.0),anderes,VS,infra,2005,5
SLC:DF_LAWS(1.0),anderes,ZG,autres,2005,1
SLC:DF_LAWS(1.0),anderes,ZG,educ,2005,3
SLC:DF_LAWS(1.0),anderes,ZG,etat,2005,5
SLC:DF_LAWS(1.0),anderes,ZG,sante,2005,1
SLC:DF_LAWS(1.0),anderes,ZH,autres,2005,2
SLC:DF_LAWS(1.0),anderes,ZH,educ,2005,6
SLC:DF_LAWS(1.0),anderes,ZH,etat,2005,1
SLC:DF_LAWS(1.0),anderes,ZH,fin,2005,2
SLC:DF_LAWS(1.0),anderes,ZH,sante,2005,1
SLC:DF_LAWS(1.0),dekret,AG,etat,2005,2
SLC:DF_LAWS(1.0),dekret,AG,fin,2005,1
SLC:DF_LAWS(1.0),dekret,AG,sante,2005,1
SLC:DF_LAWS(1.0),dekret,AI,autres,2005,2
SLC:DF_LAWS(1.0),dekret,AI,eco,2005,1
SLC:DF_LAWS(1.0),dekret,AI,educ,2005,1
SLC:DF_LAWS(1.0),dekret,AI,etat,2005,3
SLC:DF_LAWS(1.0),dekret,AI,fin,2005,1
SLC:DF_LAWS(1.0),dekret,AI,infra,2005,1
SLC:DF_LAWS(1.0),dekret,BE,eco,2005,1
SLC:DF_LAWS(1.0),dekret,BL,fin,2005,1
SLC:DF_LAWS(1.0),dekret,FR,educ,2005,1
SLC:DF_LAWS(1.0),dekret,FR,etat,2005,5
SLC:DF_LAWS(1.0),dekret,GL,educ,2005,1
SLC:DF_LAWS(1.0),dekret,GR,fin,2005,1
SLC:DF_LAWS(1.0),dekret,LU,autres,2005,1
SLC:DF_LAWS(1.0),dekret,LU,etat,2005,1
SLC:DF_LAWS(1.0),dekret,NE,autres,2005,1
SLC:DF_LAWS(1.0),dekret,NE,educ,2005,1
SLC:DF_LAWS(1.0),dekret,NE,etat,2005,1
SLC:DF_LAWS(1.0),dekret,NW,educ,2005,1
SLC:DF_LAWS(1.0),dekret,OW,eco,2005,2
SLC:DF_LAWS(1.0),dekret,OW,etat,2005,1
SLC:DF_LAWS(1.0),dekret,SG,educ,2005,3
SLC:DF_LAWS(1.0),dekret,SG,etat,2005,1
SLC:DF_LAWS(1.0),dekret,SG,fin,2005,2
SLC:DF_LAWS(1.0),dekret,SG,infra,2005,1
SLC:DF_LAWS(1.0),dekret,SG,sante,2005,2
SLC:DF_LAWS(1.0),dekret,SH,etat,2005,1
SLC:DF_LAWS(1.0),dekret,SZ,autres,2005,1
SLC:DF_LAWS(1.0),dekret,SZ,etat,2005,1
SLC:DF_LAWS(1.0),dekret,SZ,infra,2005,1
SLC:DF_LAWS(1.0),dekret,SZ,sante,2005,1
SLC:DF_LAWS(1.0),dekret,TG,etat,2005,1
SLC:DF_LAWS(1.0),dekret,TI,infra,2005,1
SLC:DF_LAWS(1.0),dekret,UR,etat,2005,1
SLC:DF_LAWS(1.0),dekret,VD,educ,2005,1
SLC:DF_LAWS(1.0),dekret,VD,etat,2005,2
SLC:DF_LAWS(1.0),dekret,VD,fin,2005,1
SLC:DF_LAWS(1.0),dekret,VD,infra,2005,1
SLC:DF_LAWS(1.0),dekret,VS,fin,2005,1
SLC:DF_LAWS(1.0),dekret,ZG,autres,2005,1
SLC:DF_LAWS(1.0),dekret,ZG,educ,2005,2
SLC:DF_LAWS(1.0),dekret,ZG,etat,2005,2
SLC:DF_LAWS(1.0),dekret,ZH,autres,2005,1
SLC:DF_LAWS(1.0),dekret,ZH,etat,2005,1
SLC:DF_LAWS(1.0),dekret,ZH,fin,2005,1
SLC:DF_LAWS(1.0),gemeindeerlass,BS,eco,2005,1
SLC:DF_LAWS(1.0),gemeindeerlass,BS,educ,2005,2
SLC:DF_LAWS(1.0),gemeindeerlass,BS,etat,2005,3
SLC:DF_LAWS(1.0),gesetz,AG,etat,2005,4
SLC:DF_LAWS(1.0),gesetz,AG,fin,2005,2
SLC:DF_LAWS(1.0),gesetz,AG,sante,2005,1
SLC:DF_LAWS(1.0),gesetz,AI,autres,2005,1
SLC:DF_LAWS(1.0),gesetz,AI,etat,2005,2
SLC:DF_LAWS(1.0),gesetz,AR,eco,2005,1
SLC:DF_LAWS(1.0),gesetz,AR,educ,2005,1
SLC:DF_LAWS(1.0),gesetz,AR,etat,2005,2
SLC:DF_LAWS(1.0),gesetz,BE,eco,2005,2
SLC:DF_LAWS(1.0),gesetz,BE,educ,2005,2
SLC:DF_LAWS(1.0),gesetz,BE,etat,2005,1
SLC:DF_LAWS(1.0),gesetz,BE,sante,2005,1
SLC:DF_LAWS(1.0),gesetz,BL,eco,2005,2
SLC:DF_LAWS(1.0),gesetz,BL,fin,2005,1
SLC:DF_LAWS(1.0),gesetz,BL,sante,2005,3
SLC:DF_LAWS(1.0),gesetz,BS,sante,2005,1
SLC:DF_LAWS(1.0),gesetz,FR,eco,2005,1
SLC:DF_LAWS(1.0),gesetz,FR,educ,2005,1
SLC:DF_LAWS(1.0),gesetz,FR,etat,2005,2
SLC:DF_LAWS(1.0),gesetz,FR,fin,2005,1
SLC:DF_LAWS(1.0),gesetz,FR,sante,2005,1
SLC:DF_LAWS(1.0),gesetz,GE,eco,2005,3
SLC:DF_LAWS(1.0),gesetz,GE,etat,2005,1
SLC:DF_LAWS(1.0),gesetz,GE,fin,2005,2
SLC:DF_LAWS(1.0),gesetz,GE,sante,2005,2
SLC:DF_LAWS(1.0),gesetz,GR,etat,2005,5
SLC:DF_LAWS(1.0),gesetz,GR,sante,2005,2
SLC:DF_LAWS(1.0),gesetz,LU,autres,2005,1
SLC:DF_LAWS(1.0),gesetz,LU,educ,2005,1
SLC:DF_LAWS(1.0),gesetz,LU,etat,2005,8
SLC:DF_LAWS(1.0),gesetz,LU,sante,2005,1
SLC:DF_LAWS(1.0),gesetz,NE,autres,2005,2
SLC:DF_LAWS(1.0),gesetz,NE,eco,2005,2
SLC:DF_LAWS(1.0),gesetz,NE,educ,2005,6
SLC:DF_LAWS(1.0),gesetz,NE,etat,2005,6
SLC:DF_LAWS(1.0),gesetz,NE,fin,2005,2
SLC:DF_LAWS(1.0),gesetz,NE,infra,2005,3
SLC:DF_LAWS(1.0),gesetz,NE,sante,2005,1
SLC:DF_LAWS(1.0),gesetz,NW,eco,2005,1
SLC:DF_LAWS(1.0),gesetz,NW,sante,2005,2
SLC:DF_LAWS(1.0),gesetz,OW,eco,2005,1
SLC:DF_LAWS(1.0),gesetz,OW,etat,2005,2
SLC:DF_LAWS(1.0),gesetz,SH,infra,2005,1
SLC:DF_LAWS(1.0),gesetz,SO,etat,2005,1
SLC:DF_LAWS(1.0),gesetz,SZ,sante,2005,1
SLC:DF_LAWS(1.0),gesetz,TI,autres,2005,1
SLC:DF_LAWS(1.0),gesetz,TI,educ,2005,1
SLC:DF_LAWS(1.0),gesetz,TI,etat,2005,2
SLC:DF_LAWS(1.0),gesetz,TI,infra,2005,4
SLC:DF_LAWS(1.0),gesetz,TI,sante,2005,1
SLC:DF_LAWS(1.0),gesetz,UR,etat,2005,1
SLC:DF_LAWS(1.0),gesetz,VD,eco,2005,1
SLC:DF_LAWS(1.0),gesetz,VD,etat,2005,3
SLC:DF_LAWS(1.0),gesetz,VD,fin,2005,2
SLC:DF_LAWS(1.0),gesetz,VD,infra,2005,1
SLC:DF_LAWS(1.0),gesetz,VD,sante,2005,1
SLC:DF_LAWS(1.0),gesetz,VS,educ,2005,1
SLC:DF_LAWS(1.0),gesetz,VS,etat,2005,1
SLC:DF_LAWS(1.0),gesetz,ZG,educ,2005,1
SLC:DF_LAWS(1.0),gesetz,ZG,infra,2005,1
SLC:DF_LAWS(1.0),gesetz,ZH,educ,2005,1
SLC:DF_LAWS(1.0),gesetz,ZH,sante,2005,2
SLC:DF_LAWS(1.0),interkantonale_vereinbarung,AG,etat,2005,2
SLC:DF_LAWS(1.0),interkantonale_vereinbarung,AG,infra,2005,2
SLC:DF_LAWS(1.0),interkantonale_vereinbarung,AI,autres,2005,3
SLC:DF_LAWS(1.0),interkantonale_vereinbarung,AI,educ,2005,1
SLC:DF_LAWS(1.0),interkantonale_vereinbarung,AI,etat,2005,1
SLC:DF_LAWS(1.0),interkantonale_vereinbarung,AR,fin,2005,1
SLC:DF_LAWS(1.0),interkantonale_vereinbarung,AR,infra,2005,1
SLC:DF_LAWS(1.0),interkantonale_vereinbarung,BE,eco,2005,1
SLC:DF_LAWS(1.0),interkantonale_vereinbarung,BE,etat,2005,2
SLC:DF_LAWS(1.0),interkantonale_vereinbarung,BE,infra,2005,1
SLC:DF_LAWS(1.0),interkantonale_vereinbarung,BL,eco,2005,1
SLC:DF_LAWS(1.0),interkantonale_vereinbarung,BL,etat,2005,2
SLC:DF_LAWS(1.0),interkantonale_vereinbarung,BL,sante,2005,1
SLC:DF_LAWS(1.0),interkantonale_vereinbarung,BS,autres,2005,1
SLC:DF_LAWS(1.0),interkantonale_vereinbarung,BS,etat,2005,2
SLC:DF_LAWS(1.0),interkantonale_vereinbarung,BS,fin,2005,1
SLC:DF_LAWS(1.0),interkantonale_vereinbarung,BS,sante,2005,1
SLC:DF_LAWS(1.0),interkantonale_vereinbarung,FR,eco,2005,1
SLC:DF_LAWS(1.0),interkantonale_vereinbarung,FR,educ,2005,4
SLC:DF_LAWS(1.0),interkantonale_vereinbarung,FR,fin,2005,1
SLC:DF_LAWS(1.0),interkantonale_vereinbarung,FR,infra,2005,1
SLC:DF_LAWS(1.0),interkantonale_vereinbarung,GE,eco,2005,1
SLC:DF_LAWS(1.0),interkantonale_vereinbarung,GE,educ,2005,1
SLC:DF_LAWS(1.0),interkantonale_vereinbarung,GE,fin,2005,1
SLC:DF_LAWS(1.0),interkantonale_vereinbarung,GL,eco,2005,1
SLC:DF_LAWS(1.0),interkantonale_vereinbarung,GL,etat,2005,1
SLC:DF_LAWS(1.0),interkantonale_vereinbarung,GL,infra,2005,2
SLC:DF_LAWS(1.0),interkantonale_vereinbarung,GR,autres,2005,1
SLC:DF_LAWS(1.0),interkantonale_vereinbarung,GR,fin,2005,1
SLC:DF_LAWS(1.0),interkantonale_vereinbarung,JU,eco,2005,1
SLC:DF_LAWS(1.0),interkantonale_vereinbarung,JU,educ,2005,1
SLC:DF_LAWS(1.0),interkantonale_vereinbarung,JU,sante,2005,1
SLC:DF_LAWS(1.0),interkantonale_vereinbarung,LU,autres,2005,3
SLC:DF_LAWS(1.0),interkantonale_vereinbarung,LU,educ,2005,2
SLC:DF_LAWS(1.0),interkantonale_vereinbarung,LU,etat,2005,1
SLC:DF_LAWS(1.0),interkantonale_vereinbarung,LU,infra,2005,1
SLC:DF_LAWS(1.0),interkantonale_vereinbarung,NE,educ,2005,1
SLC:DF_LAWS(1.0),interkantonale_vereinbarung,NE,infra,2005,1
SLC:DF_LAWS(1.0),interkantonale_vereinbarung,NW,autres,2005,2
SLC:DF_LAWS(1.0),interkantonale_vereinbarung,NW,educ,2005,2
SLC:DF_LAWS(1.0),interkantonale_vereinbarung,NW,etat,2005,2
SLC:DF_LAWS(1.0),interkantonale_vereinbarung,NW,infra,2005,3
SLC:DF_LAWS(1.0),interkantonale_vereinbarung,OW,autres,2005,2
SLC:DF_LAWS(1.0),interkantonale_vereinbarung,OW,eco,2005,1
SLC:DF_LAWS(1.0),interkantonale_vereinbarung,OW,educ,2005,3
SLC:DF_LAWS(1.0),interkantonale_vereinbarung,OW,etat,2005,3
SLC:DF_LAWS(1.0),interkantonale_vereinbarung,OW,infra,2005,1
SLC:DF_LAWS(1.0),interkantonale_vereinbarung,SG,autres,2005,2
SLC:DF_LAWS(1.0),interkantonale_vereinbarung,SG,educ,2005,2
SLC:DF_LAWS(1.0),interkantonale_vereinbarung,SG,etat,2005,1
SLC:DF_LAWS(1.0),interkantonale_vereinbarung,SG,infra,2005,1
SLC:DF_LAWS(1.0),interkantonale_vereinbarung,SH,etat,2005,2
SLC:DF_LAWS(1.0),interkantonale_vereinbarung,SH,infra,2005,1
SLC:DF_LAWS(1.0),interkantonale_vereinbarung,SO,etat,2005,1
SLC:DF_LAWS(1.0),interkantonale_vereinbarung,SO,infra,2005,2
SLC:DF_LAWS(1.0),interkantonale_vereinbarung,SZ,autres,2005,1
SLC:DF_LAWS(1.0),interkantonale_vereinbarung,SZ,educ,2005,2
SLC:DF_LAWS(1.0),interkantonale_vereinbarung,SZ,etat,2005,1
SLC:DF_LAWS(1.0),interkantonale_vereinbarung,SZ,sante,2005,2
SLC:DF_LAWS(1.0),interkantonale_vereinbarung,TG,autres,2005,1
SLC:DF_LAWS(1.0),interkantonale_vereinbarung,TG,eco,2005,1
SLC:DF_LAWS(1.0),interkantonale_vereinbarung,TG,etat,2005,2
SLC:DF_LAWS(1.0),interkantonale_vereinbarung,TG,infra,2005,1
SLC:DF_LAWS(1.0),interkantonale_vereinbarung,TI,autres,2005,1
SLC:DF_LAWS(1.0),interkantonale_vereinbarung,TI,eco,2005,1
SLC:DF_LAWS(1.0),interkantonale_vereinbarung,TI,etat,2005,1
SLC:DF_LAWS(1.0),interkantonale_vereinbarung,TI,fin,2005,1
SLC:DF_LAWS(1.0),interkantonale_vereinbarung,UR,educ,2005,1
SLC:DF_LAWS(1.0),interkantonale_vereinbarung,UR,etat,2005,1
SLC:DF_LAWS(1.0),interkantonale_vereinbarung,UR,sante,2005,1
SLC:DF_LAWS(1.0),interkantonale_vereinbarung,VD,autres,2005,1
SLC:DF_LAWS(1.0),interkantonale_vereinbarung,VD,eco,2005,2
SLC:DF_LAWS(1.0),interkantonale_vereinbarung,VD,educ,2005,1
SLC:DF_LAWS(1.0),interkantonale_vereinbarung,VD,etat,2005,1
SLC:DF_LAWS(1.0),interkantonale_vereinbarung,VD,fin,2005,2
SLC:DF_LAWS(1.0),interkantonale_vereinbarung,VS,autres,2005,1
SLC:DF_LAWS(1.0),interkantonale_vereinbarung,VS,eco,2005,1
SLC:DF_LAWS(1.0),interkantonale_vereinbarung,VS,etat,2005,1
SLC:DF_LAWS(1.0),interkantonale_vereinbarung,ZG,autres,2005,2
SLC:DF_LAWS(1.0),interkantonale_vereinbarung,ZG,educ,2005,2
SLC:DF_LAWS(1.0),interkantonale_vereinbarung,ZG,etat,2005,2
SLC:DF_LAWS(1.0),interkantonale_vereinbarung,ZG,infra,2005,5
SLC:DF_LAWS(1.0),interkantonale_vereinbarung,ZH,educ,2005,2
SLC:DF_LAWS(1.0),interkantonale_vereinbarung,ZH,etat,2005,2
SLC:DF_LAWS(1.0),reglement,AG,fin,2005,1
SLC:DF_LAWS(1.0),reglement,BE,educ,2005,10
SLC:DF_LAWS(1.0),reglement,BL,educ,2005,4
SLC:DF_LAWS(1.0),reglement,BS,etat,2005,1
SLC:DF_LAWS(1.0),reglement,FR,autres,2005,1
SLC:DF_LAWS(1.0),reglement,FR,educ,2005,1
SLC:DF_LAWS(1.0),reglement,FR,etat,2005,2
SLC:DF_LAWS(1.0),reglement,GE,autres,2005,1
SLC:DF_LAWS(1.0),reglement,GE,eco,2005,1
SLC:DF_LAWS(1.0),reglement,GE,educ,2005,5
SLC:DF_LAWS(1.0),reglement,GE,etat,2005,7
SLC:DF_LAWS(1.0),reglement,GE,fin,2005,4
SLC:DF_LAWS(1.0),reglement,GE,sante,2005,6
SLC:DF_LAWS(1.0),reglement,GR,eco,2005,1
SLC:DF_LAWS(1.0),reglement,GR,etat,2005,1
SLC:DF_LAWS(1.0),reglement,JU,educ,2005,2
SLC:DF_LAWS(1.0),reglement,LU,autres,2005,1
SLC:DF_LAWS(1.0),reglement,LU,educ,2005,8
SLC:DF_LAWS(1.0),reglement,LU,sante,2005,3
SLC:DF_LAWS(1.0),reglement,NE,autres,2005,1
SLC:DF_LAWS(1.0),reglement,NE,eco,2005,1
SLC:DF_LAWS(1.0),reglement,NE,educ,2005,10
SLC:DF_LAWS(1.0),reglement,NE,etat,2005,6
SLC:DF_LAWS(1.0),reglement,NE,fin,2005,1
SLC:DF_LAWS(1.0),reglement,NE,infra,2005,1
SLC:DF_LAWS(1.0),reglement,NE,sante,2005,2
SLC:DF_LAWS(1.0),reglement,NW,educ,2005,1
SLC:DF_LAWS(1.0),reglement,NW,sante,2005,1
SLC:DF_LAWS(1.0),reglement,SH,etat,2005,1
SLC:DF_LAWS(1.0),reglement,SO,educ,2005,2
SLC:DF_LAWS(1.0),reglement,SO,etat,2005,2
SLC:DF_LAWS(1.0),reglement,TG,etat,2005,4
SLC:DF_LAWS(1.0),reglement,TG,sante,2005,1
SLC:DF_LAWS(1.0),reglement,TI,autres,2005,1
SLC:DF_LAWS(1.0),reglement,TI,eco,2005,1
SLC:DF_LAWS(1.0),reglement,TI,fin,2005,1
SLC:DF_LAWS(1.0),reglement,TI,infra,2005,4
SLC:DF_LAWS(1.0),reglement,TI,sante,2005,4
SLC:DF_LAWS(1.0),reglement,UR,autres,2005,1
SLC:DF_LAWS(1.0),reglement,UR,eco,2005,1
SLC:DF_LAWS(1.0),reglement,UR,etat,2005,2
SLC:DF_LAWS(1.0),reglement,UR,fin,2005,1
SLC:DF_LAWS(1.0),reglement,UR,sante,2005,2
SLC:DF_LAWS(1.0),reglement,VD,autres,2005,1
SLC:DF_LAWS(1.0),reglement,VD,eco,2005,2
SLC:DF_LAWS(1.0),reglement,VD,educ,2005,2
SLC:DF_LAWS(1.0),reglement,VD,etat,2005,5
SLC:DF_LAWS(1.0),reglement,VD,fin,2005,6
SLC:DF_LAWS(1.0),reglement,VD,infra,2005,3
SLC:DF_LAWS(1.0),reglement,VD,sante,2005,4
SLC:DF_LAWS(1.0),reglement,VS,educ,2005,2
SLC:DF_LAWS(1.0),reglement,VS,etat,2005,3
SLC:DF_LAWS(1.0),reglement,VS,sante,2005,1
SLC:DF_LAWS(1.0),reglement,ZG,etat,2005,2
SLC:DF_LAWS(1.0),reglement,ZG,infra,2005,2
SLC:DF_LAWS(1.0),reglement,ZH,educ,2005,6
SLC:DF_LAWS(1.0),reglement,ZH,etat,2005,2
SLC:DF_LAWS(1.0),reglement,ZH,sante,2005,1
SLC:DF_LAWS(1.0),staatsvertrag,BE,etat,2005,1
SLC:DF_LAWS(1.0),verfassung,NE,etat,2005,1
SLC:DF_LAWS(1.0),verfassung,ZH,etat,2005,1
SLC:DF_LAWS(1.0),verordnung,AG,autres,2005,1
SLC:DF_LAWS(1.0),verordnung,AG,educ,2005,7
SLC:DF_LAWS(1.0),verordnung,AG,etat,2005,2
SLC:DF_LAWS(1.0),verordnung,AG,fin,2005,4
SLC:DF_LAWS(1.0),verordnung,AG,infra,2005,3
SLC:DF_LAWS(1.0),verordnung,AG,sante,2005,4
SLC:DF_LAWS(1.0),verordnung,AI,educ,2005,1
SLC:DF_LAWS(1.0),verordnung,AI,infra,2005,1
SLC:DF_LAWS(1.0),verordnung,AI,sante,2005,2
SLC:DF_LAWS(1.0),verordnung,AR,autres,2005,1
SLC:DF_LAWS(1.0),verordnung,AR,eco,2005,2
SLC:DF_LAWS(1.0),verordnung,AR,infra,2005,2
SLC:DF_LAWS(1.0),verordnung,BE,autres,2005,2
SLC:DF_LAWS(1.0),verordnung,BE,eco,2005,1
SLC:DF_LAWS(1.0),verordnung,BE,educ,2005,16
SLC:DF_LAWS(1.0),verordnung,BE,etat,2005,10
SLC:DF_LAWS(1.0),verordnung,BE,sante,2005,3
SLC:DF_LAWS(1.0),verordnung,BL,autres,2005,1
SLC:DF_LAWS(1.0),verordnung,BL,educ,2005,6
SLC:DF_LAWS(1.0),verordnung,BL,etat,2005,2
SLC:DF_LAWS(1.0),verordnung,BL,fin,2005,1
SLC:DF_LAWS(1.0),verordnung,BL,infra,2005,4
SLC:DF_LAWS(1.0),verordnung,BL,sante,2005,4
SLC:DF_LAWS(1.0),verordnung,BS,autres,2005,2
SLC:DF_LAWS(1.0),verordnung,BS,educ,2005,6
SLC:DF_LAWS(1.0),verordnung,BS,etat,2005,9
SLC:DF_LAWS(1.0),verordnung,BS,fin,2005,2
SLC:DF_LAWS(1.0),verordnung,BS,infra,2005,2
SLC:DF_LAWS(1.0),verordnung,BS,sante,2005,1
SLC:DF_LAWS(1.0),verordnung,FR,autres,2005,2
SLC:DF_LAWS(1.0),verordnung,FR,eco,2005,6
SLC:DF_LAWS(1.0),verordnung,FR,educ,2005,13
SLC:DF_LAWS(1.0),verordnung,FR,etat,2005,10
SLC:DF_LAWS(1.0),verordnung,FR,fin,2005,3
SLC:DF_LAWS(1.0),verordnung,FR,infra,2005,2
SLC:DF_LAWS(1.0),verordnung,FR,sante,2005,9
SLC:DF_LAWS(1.0),verordnung,GE,fin,2005,1
SLC:DF_LAWS(1.0),verordnung,GE,infra,2005,1
SLC:DF_LAWS(1.0),verordnung,GE,sante,2005,2
SLC:DF_LAWS(1.0),verordnung,GL,sante,2005,1
SLC:DF_LAWS(1.0),verordnung,GR,autres,2005,3
SLC:DF_LAWS(1.0),verordnung,GR,etat,2005,3
SLC:DF_LAWS(1.0),verordnung,GR,infra,2005,1
SLC:DF_LAWS(1.0),verordnung,GR,sante,2005,3
SLC:DF_LAWS(1.0),verordnung,JU,autres,2005,2
SLC:DF_LAWS(1.0),verordnung,JU,eco,2005,1
SLC:DF_LAWS(1.0),verordnung,JU,educ,2005,1
SLC:DF_LAWS(1.0),verordnung,JU,etat,2005,5
SLC:DF_LAWS(1.0),verordnung,JU,fin,2005,1
SLC:DF_LAWS(1.0),verordnung,JU,sante,2005,3
SLC:DF_LAWS(1.0),verordnung,LU,autres,2005,2
SLC:DF_LAWS(1.0),verordnung,LU,educ,2005,4
SLC:DF_LAWS(1.0),verordnung,LU,etat,2005,3
SLC:DF_LAWS(1.0),verordnung,LU,sante,2005,3
SLC:DF_LAWS(1.0),verordnung,NE,autres,2005,1
SLC:DF_LAWS(1.0),verordnung,NE,educ,2005,9
SLC:DF_LAWS(1.0),verordnung,NE,etat,2005,5
SLC:DF_LAWS(1.0),verordnung,NE,infra,2005,1
SLC:DF_LAWS(1.0),verordnung,NE,sante,2005,2
SLC:DF_LAWS(1.0),verordnung,NW,autres,2005,1
SLC:DF_LAWS(1.0),verordnung,NW,educ,2005,1
SLC:DF_LAWS(1.0),verordnung,NW,etat,2005,1
SLC:DF_LAWS(1.0),verordnung,NW,fin,2005,1
SLC:DF_LAWS(1.0),verordnung,NW,infra,2005,2
SLC:DF_LAWS(1.0),verordnung,NW,sante,2005,3
SLC:DF_LAWS(1.0),verordnung,OW,autres,2005,1
SLC:DF_LAWS(1.0),verordnung,OW,eco,2005,2
SLC:DF_LAWS(1.0),verordnung,OW,educ,2005,2
SLC:DF_LAWS(1.0),verordnung,OW,etat,2005,5
SLC:DF_LAWS(1.0),verordnung,OW,fin,2005,1
SLC:DF_LAWS(1.0),verordnung,OW,infra,2005,10
SLC:DF_LAWS(1.0),verordnung,OW,sante,2005,4
SLC:DF_LAWS(1.0),verordnung,SG,autres,2005,2
SLC:DF_LAWS(1.0),verordnung,SG,educ,2005,4
SLC:DF_LAWS(1.0),verordnung,SG,etat,2005,4
SLC:DF_LAWS(1.0),verordnung,SG,fin,2005,1
SLC:DF_LAWS(1.0),verordnung,SG,sante,2005,10
SLC:DF_LAWS(1.0),verordnung,SH,autres,2005,1
SLC:DF_LAWS(1.0),verordnung,SH,educ,2005,5
SLC:DF_LAWS(1.0),verordnung,SH,etat,2005,4
SLC:DF_LAWS(1.0),verordnung,SH,fin,2005,1
SLC:DF_LAWS(1.0),verordnung,SH,infra,2005,3
SLC:DF_LAWS(1.0),verordnung,SH,sante,2005,2
SLC:DF_LAWS(1.0),verordnung,SO,educ,2005,1
SLC:DF_LAWS(1.0),verordnung,SO,etat,2005,5
SLC:DF_LAWS(1.0),verordnung,SO,sante,2005,3
SLC:DF_LAWS(1.0),verordnung,SZ,autres,2005,1
SLC:DF_LAWS(1.0),verordnung,SZ,etat,2005,1
SLC:DF_LAWS(1.0),verordnung,SZ,sante,2005,1
SLC:DF_LAWS(1.0),verordnung,TG,educ,2005,2
SLC:DF_LAWS(1.0),verordnung,TG,etat,2005,3
SLC:DF_LAWS(1.0),verordnung,TG,infra,2005,1
SLC:DF_LAWS(1.0),verordnung,TG,sante,2005,2
SLC:DF_LAWS(1.0),verordnung,TI,etat,2005,2
SLC:DF_LAWS(1.0),verordnung,TI,fin,2005,1
SLC:DF_LAWS(1.0),verordnung,TI,sante,2005,7
SLC:DF_LAWS(1.0),verordnung,VD,etat,2005,1
SLC:DF_LAWS(1.0),verordnung,VS,eco,2005,1
SLC:DF_LAWS(1.0),verordnung,VS,etat,2005,4
SLC:DF_LAWS(1.0),verordnung,VS,fin,2005,2
SLC:DF_LAWS(1.0),verordnung,ZG,autres,2005,2
SLC:DF_LAWS(1.0),verordnung,ZG,eco,2005,1
SLC:DF_LAWS(1.0),verordnung,ZG,educ,2005,2
SLC:DF_LAWS(1.0),verordnung,ZG,etat,2005,1
SLC:DF_LAWS(1.0),verordnung,ZG,infra,2005,4
SLC:DF_LAWS(1.0),verordnung,ZH,autres,2005,2
SLC:DF_LAWS(1.0),verordnung,ZH,educ,2005,1
SLC:DF_LAWS(1.0),verordnung,ZH,etat,2005,10
SLC:DF_LAWS(1.0),verordnung,ZH,fin,2005,1
SLC:DF_LAWS(1.0),verordnung,ZH,infra,2005,1
SLC:DF_LAWS(1.0),verordnung,ZH,sante,2005,3
SLC:DF_LAWS(1.0),anderes,_T,_T,2005,115
SLC:DF_LAWS(1.0),dekret,_T,_T,2005,63
SLC:DF_LAWS(1.0),gemeindeerlass,_T,_T,2005,6
SLC:DF_LAWS(1.0),gesetz,_T,_T,2005,115
SLC:DF_LAWS(1.0),interkantonale_vereinbarung,_T,_T,2005,126
SLC:DF_LAWS(1.0),reglement,_T,_T,2005,154
SLC:DF_LAWS(1.0),staatsvertrag,_T,_T,2005,1
SLC:DF_LAWS(1.0),verfassung,_T,_T,2005,2
SLC:DF_LAWS(1.0),verordnung,_T,_T,2005,342
SLC:DF_LAWS(1.0),_T,AG,_T,2005,37
SLC:DF_LAWS(1.0),_T,AI,_T,2005,22
SLC:DF_LAWS(1.0),_T,AR,_T,2005,14
SLC:DF_LAWS(1.0),_T,BE,_T,2005,60
SLC:DF_LAWS(1.0),_T,BL,_T,2005,37
SLC:DF_LAWS(1.0),_T,BS,_T,2005,43
SLC:DF_LAWS(1.0),_T,FR,_T,2005,70
SLC:DF_LAWS(1.0),_T,GE,_T,2005,40
SLC:DF_LAWS(1.0),_T,GL,_T,2005,9
SLC:DF_LAWS(1.0),_T,GR,_T,2005,24
SLC:DF_LAWS(1.0),_T,JU,_T,2005,18
SLC:DF_LAWS(1.0),_T,LU,_T,2005,53
SLC:DF_LAWS(1.0),_T,NE,_T,2005,81
SLC:DF_LAWS(1.0),_T,NW,_T,2005,25
SLC:DF_LAWS(1.0),_T,OW,_T,2005,48
SLC:DF_LAWS(1.0),_T,SG,_T,2005,42
SLC:DF_LAWS(1.0),_T,SH,_T,2005,27
SLC:DF_LAWS(1.0),_T,SO,_T,2005,26
SLC:DF_LAWS(1.0),_T,SZ,_T,2005,15
SLC:DF_LAWS(1.0),_T,TG,_T,2005,20
SLC:DF_LAWS(1.0),_T,TI,_T,2005,35
SLC:DF_LAWS(1.0),_T,UR,_T,2005,13
SLC:DF_LAWS(1.0),_T,VD,_T,2005,47
SLC:DF_LAWS(1.0),_T,VS,_T,2005,26
SLC:DF_LAWS(1.0),_T,ZG,_T,2005,42
SLC:DF_LAWS(1.0),_T,ZH,_T,2005,50
SLC:DF_LAWS(1.0),_T,_T,autres,2005,86
SLC:DF_LAWS(1.0),_T,_T,eco,2005,59
SLC:DF_LAWS(1.0),_T,_T,educ,2005,219
SLC:DF_LAWS(1.0),_T,_T,etat,2005,244
SLC:DF_LAWS(1.0),_T,_T,fin,2005,68
SLC:DF_LAWS(1.0),_T,_T,infra,2005,93
SLC:DF_LAWS(1.0),_T,_T,sante,2005,155
SLC:DF_LAWS(1.0),_T,_T,_T,2005,924
SLC:DF_LAWS(1.0),anderes,AI,educ,2006,1
SLC:DF_LAWS(1.0),anderes,BE,autres,2006,2
SLC:DF_LAWS(1.0),anderes,BE,educ,2006,1
SLC:DF_LAWS(1.0),anderes,BE,sante,2006,1
SLC:DF_LAWS(1.0),anderes,BL,infra,2006,1
SLC:DF_LAWS(1.0),anderes,BS,educ,2006,5
SLC:DF_LAWS(1.0),anderes,BS,sante,2006,1
SLC:DF_LAWS(1.0),anderes,GE,sante,2006,3
SLC:DF_LAWS(1.0),anderes,GL,etat,2006,3
SLC:DF_LAWS(1.0),anderes,GL,infra,2006,2
SLC:DF_LAWS(1.0),anderes,GL,sante,2006,3
SLC:DF_LAWS(1.0),anderes,GR,eco,2006,1
SLC:DF_LAWS(1.0),anderes,LU,educ,2006,3
SLC:DF_LAWS(1.0),anderes,LU,etat,2006,1
SLC:DF_LAWS(1.0),anderes,NE,autres,2006,1
SLC:DF_LAWS(1.0),anderes,NE,educ,2006,2
SLC:DF_LAWS(1.0),anderes,NE,sante,2006,1
SLC:DF_LAWS(1.0),anderes,NW,eco,2006,1
SLC:DF_LAWS(1.0),anderes,NW,fin,2006,2
SLC:DF_LAWS(1.0),anderes,OW,autres,2006,1
SLC:DF_LAWS(1.0),anderes,OW,eco,2006,2
SLC:DF_LAWS(1.0),anderes,OW,sante,2006,1
SLC:DF_LAWS(1.0),anderes,SG,sante,2006,1
SLC:DF_LAWS(1.0),anderes,SH,autres,2006,1
SLC:DF_LAWS(1.0),anderes,SH,eco,2006,1
SLC:DF_LAWS(1.0),anderes,SO,educ,2006,1
SLC:DF_LAWS(1.0),anderes,SZ,educ,2006,1
SLC:DF_LAWS(1.0),anderes,TI,autres,2006,1
SLC:DF_LAWS(1.0),anderes,TI,fin,2006,1
SLC:DF_LAWS(1.0),anderes,TI,sante,2006,3
SLC:DF_LAWS(1.0),anderes,VD,autres,2006,1
SLC:DF_LAWS(1.0),anderes,VD,etat,2006,1
SLC:DF_LAWS(1.0),anderes,VD,infra,2006,1
SLC:DF_LAWS(1.0),anderes,VS,fin,2006,1
SLC:DF_LAWS(1.0),anderes,VS,infra,2006,2
SLC:DF_LAWS(1.0),anderes,VS,sante,2006,1
SLC:DF_LAWS(1.0),anderes,ZG,autres,2006,1
SLC:DF_LAWS(1.0),anderes,ZG,educ,2006,2
SLC:DF_LAWS(1.0),anderes,ZG,etat,2006,3
SLC:DF_LAWS(1.0),anderes,ZH,autres,2006,2
SLC:DF_LAWS(1.0),anderes,ZH,educ,2006,10
SLC:DF_LAWS(1.0),anderes,ZH,etat,2006,1
SLC:DF_LAWS(1.0),anderes,ZH,infra,2006,1
SLC:DF_LAWS(1.0),anderes,ZH,sante,2006,1
SLC:DF_LAWS(1.0),dekret,AG,autres,2006,1
SLC:DF_LAWS(1.0),dekret,AG,etat,2006,1
SLC:DF_LAWS(1.0),dekret,AI,educ,2006,1
SLC:DF_LAWS(1.0),dekret,AI,fin,2006,1
SLC:DF_LAWS(1.0),dekret,AR,etat,2006,2
SLC:DF_LAWS(1.0),dekret,AR,infra,2006,1
SLC:DF_LAWS(1.0),dekret,BE,educ,2006,2
SLC:DF_LAWS(1.0),dekret,BE,etat,2006,1
SLC:DF_LAWS(1.0),dekret,BL,autres,2006,1
SLC:DF_LAWS(1.0),dekret,BL,etat,2006,1
SLC:DF_LAWS(1.0),dekret,LU,infra,2006,1
SLC:DF_LAWS(1.0),dekret,NE,etat,2006,1
SLC:DF_LAWS(1.0),dekret,OW,educ,2006,2
SLC:DF_LAWS(1.0),dekret,OW,etat,2006,4
SLC:DF_LAWS(1.0),dekret,OW,infra,2006,2
SLC:DF_LAWS(1.0),dekret,OW,sante,2006,1
SLC:DF_LAWS(1.0),dekret,SG,autres,2006,3
SLC:DF_LAWS(1.0),dekret,SG,educ,2006,1
SLC:DF_LAWS(1.0),dekret,SG,sante,2006,1
SLC:DF_LAWS(1.0),dekret,SZ,etat,2006,1
SLC:DF_LAWS(1.0),dekret,SZ,sante,2006,1
SLC:DF_LAWS(1.0),dekret,TI,autres,2006,1
SLC:DF_LAWS(1.0),dekret,TI,etat,2006,2
SLC:DF_LAWS(1.0),dekret,TI,fin,2006,3
SLC:DF_LAWS(1.0),dekret,UR,eco,2006,1
SLC:DF_LAWS(1.0),dekret,UR,infra,2006,1
SLC:DF_LAWS(1.0),dekret,VD,etat,2006,1
SLC:DF_LAWS(1.0),dekret,ZG,etat,2006,4
SLC:DF_LAWS(1.0),dekret,ZG,infra,2006,1
SLC:DF_LAWS(1.0),dekret,ZH,etat,2006,2
SLC:DF_LAWS(1.0),gemeindeerlass,BS,educ,2006,1
SLC:DF_LAWS(1.0),gemeindeerlass,BS,infra,2006,3
SLC:DF_LAWS(1.0),gesetz,AG,educ,2006,1
SLC:DF_LAWS(1.0),gesetz,AG,etat,2006,2
SLC:DF_LAWS(1.0),gesetz,AI,autres,2006,1
SLC:DF_LAWS(1.0),gesetz,AR,infra,2006,1
SLC:DF_LAWS(1.0),gesetz,BE,etat,2006,1
SLC:DF_LAWS(1.0),gesetz,BL,autres,2006,1
SLC:DF_LAWS(1.0),gesetz,BL,eco,2006,1
SLC:DF_LAWS(1.0),gesetz,BL,educ,2006,1
SLC:DF_LAWS(1.0),gesetz,BL,infra,2006,1
SLC:DF_LAWS(1.0),gesetz,BL,sante,2006,1
SLC:DF_LAWS(1.0),gesetz,BS,eco,2006,1
SLC:DF_LAWS(1.0),gesetz,BS,sante,2006,1
SLC:DF_LAWS(1.0),gesetz,FR,autres,2006,1
SLC:DF_LAWS(1.0),gesetz,FR,eco,2006,1
SLC:DF_LAWS(1.0),gesetz,FR,educ,2006,1
SLC:DF_LAWS(1.0),gesetz,FR,etat,2006,2
SLC:DF_LAWS(1.0),gesetz,FR,sante,2006,1
SLC:DF_LAWS(1.0),gesetz,GE,autres,2006,2
SLC:DF_LAWS(1.0),gesetz,GE,fin,2006,1
SLC:DF_LAWS(1.0),gesetz,GE,infra,2006,1
SLC:DF_LAWS(1.0),gesetz,GE,sante,2006,3
SLC:DF_LAWS(1.0),gesetz,GL,infra,2006,1
SLC:DF_LAWS(1.0),gesetz,GR,eco,2006,1
SLC:DF_LAWS(1.0),gesetz,GR,educ,2006,1
SLC:DF_LAWS(1.0),gesetz,GR,etat,2006,5
SLC:DF_LAWS(1.0),gesetz,GR,fin,2006,1
SLC:DF_LAWS(1.0),gesetz,GR,sante,2006,1
SLC:DF_LAWS(1.0),gesetz,JU,autres,2006,1
SLC:DF_LAWS(1.0),gesetz,JU,educ,2006,2
SLC:DF_LAWS(1.0),gesetz,JU,etat,2006,1
SLC:DF_LAWS(1.0),gesetz,JU,sante,2006,2
SLC:DF_LAWS(1.0),gesetz,LU,educ,2006,1
SLC:DF_LAWS(1.0),gesetz,LU,etat,2006,1
SLC:DF_LAWS(1.0),gesetz,LU,sante,2006,1
SLC:DF_LAWS(1.0),gesetz,NE,autres,2006,1
SLC:DF_LAWS(1.0),gesetz,NE,etat,2006,4
SLC:DF_LAWS(1.0),gesetz,NE,infra,2006,2
SLC:DF_LAWS(1.0),gesetz,NW,etat,2006,1
SLC:DF_LAWS(1.0),gesetz,NW,sante,2006,1
SLC:DF_LAWS(1.0),gesetz,OW,educ,2006,1
SLC:DF_LAWS(1.0),gesetz,SG,eco,2006,1
SLC:DF_LAWS(1.0),gesetz,SG,educ,2006,1
SLC:DF_LAWS(1.0),gesetz,SG,etat,2006,1
SLC:DF_LAWS(1.0),gesetz,SH,educ,2006,1
SLC:DF_LAWS(1.0),gesetz,SH,etat,2006,1
SLC:DF_LAWS(1.0),gesetz,SO,educ,2006,1
SLC:DF_LAWS(1.0),gesetz,SO,etat,2006,1
SLC:DF_LAWS(1.0),gesetz,TG,infra,2006,1
SLC:DF_LAWS(1.0),gesetz,TG,sante,2006,1
SLC:DF_LAWS(1.0),gesetz,TI,autres,2006,1
SLC:DF_LAWS(1.0),gesetz,TI,etat,2006,1
SLC:DF_LAWS(1.0),gesetz,UR,eco,2006,1
SLC:DF_LAWS(1.0),gesetz,UR,etat,2006,1
SLC:DF_LAWS(1.0),gesetz,VD,autres,2006,2
SLC:DF_LAWS(1.0),gesetz,VD,educ,2006,1
SLC:DF_LAWS(1.0),gesetz,VD,etat,2006,4
SLC:DF_LAWS(1.0),gesetz,VD,fin,2006,1
SLC:DF_LAWS(1.0),gesetz,VD,infra,2006,1
SLC:DF_LAWS(1.0),gesetz,VD,sante,2006,2
SLC:DF_LAWS(1.0),gesetz,VS,autres,2006,3
SLC:DF_LAWS(1.0),gesetz,ZG,etat,2006,2
SLC:DF_LAWS(1.0),gesetz,ZG,fin,2006,1
SLC:DF_LAWS(1.0),gesetz,ZH,autres,2006,1
SLC:DF_LAWS(1.0),gesetz,ZH,sante,2006,1
SLC:DF_LAWS(1.0),interkantonale_vereinbarung,AG,educ,2006,1
SLC:DF_LAWS(1.0),interkantonale_vereinbarung,AG,etat,2006,4
SLC:DF_LAWS(1.0),interkantonale_vereinbarung,AG,sante,2006,3
SLC:DF_LAWS(1.0),interkantonale_vereinbarung,AI,educ,2006,1
SLC:DF_LAWS(1.0),interkantonale_vereinbarung,AI,etat,2006,1
SLC:DF_LAWS(1.0),interkantonale_vereinbarung,AR,eco,2006,1
SLC:DF_LAWS(1.0),interkantonale_vereinbarung,AR,educ,2006,1
SLC:DF_LAWS(1.0),interkantonale_vereinbarung,BE,educ,2006,3
SLC:DF_LAWS(1.0),interkantonale_vereinbarung,BE,etat,2006,1
SLC:DF_LAWS(1.0),interkantonale_vereinbarung,BE,sante,2006,1
SLC:DF_LAWS(1.0),interkantonale_vereinbarung,BL,educ,2006,4
SLC:DF_LAWS(1.0),interkantonale_vereinbarung,BL,infra,2006,1
SLC:DF_LAWS(1.0),interkantonale_vereinbarung,BS,educ,2006,1
SLC:DF_LAWS(1.0),interkantonale_vereinbarung,BS,sante,2006,3
SLC:DF_LAWS(1.0),interkantonale_vereinbarung,FR,autres,2006,3
SLC:DF_LAWS(1.0),interkantonale_vereinbarung,FR,etat,2006,1
SLC:DF_LAWS(1.0),interkantonale_vereinbarung,GL,eco,2006,1
SLC:DF_LAWS(1.0),interkantonale_vereinbarung,JU,autres,2006,1
SLC:DF_LAWS(1.0),interkantonale_vereinbarung,JU,etat,2006,1
SLC:DF_LAWS(1.0),interkantonale_vereinbarung,LU,educ,2006,2
SLC:DF_LAWS(1.0),interkantonale_vereinbarung,LU,infra,2006,1
SLC:DF_LAWS(1.0),interkantonale_vereinbarung,NE,eco,2006,1
SLC:DF_LAWS(1.0),interkantonale_vereinbarung,NW,educ,2006,2
SLC:DF_LAWS(1.0),interkantonale_vereinbarung,NW,etat,2006,1
SLC:DF_LAWS(1.0),interkantonale_vereinbarung,NW,infra,2006,1
SLC:DF_LAWS(1.0),interkantonale_vereinbarung,NW,sante,2006,2
SLC:DF_LAWS(1.0),interkantonale_vereinbarung,OW,educ,2006,2
SLC:DF_LAWS(1.0),interkantonale_vereinbarung,OW,etat,2006,2
SLC:DF_LAWS(1.0),interkantonale_vereinbarung,OW,infra,2006,1
SLC:DF_LAWS(1.0),interkantonale_vereinbarung,SG,educ,2006,1
SLC:DF_LAWS(1.0),interkantonale_vereinbarung,SG,etat,2006,2
SLC:DF_LAWS(1.0),interkantonale_vereinbarung,SG,sante,2006,2
SLC:DF_LAWS(1.0),interkantonale_vereinbarung,SH,autres,2006,1
SLC:DF_LAWS(1.0),interkantonale_vereinbarung,SH,etat,2006,1
SLC:DF_LAWS(1.0),interkantonale_vereinbarung,SO,educ,2006,1
SLC:DF_LAWS(1.0),interkantonale_vereinbarung,SZ,infra,2006,1
SLC:DF_LAWS(1.0),interkantonale_vereinbarung,TG,educ,2006,1
SLC:DF_LAWS(1.0),interkantonale_vereinbarung,TI,autres,2006,1
SLC:DF_LAWS(1.0),interkantonale_vereinbarung,TI,educ,2006,4
SLC:DF_LAWS(1.0),interkantonale_vereinbarung,UR,infra,2006,1
SLC:DF_LAWS(1.0),interkantonale_vereinbarung,VD,educ,2006,2
SLC:DF_LAWS(1.0),interkantonale_vereinbarung,VS,educ,2006,1
SLC:DF_LAWS(1.0),interkantonale_vereinbarung,VS,etat,2006,2
SLC:DF_LAWS(1.0),interkantonale_vereinbarung,ZG,eco,2006,1
SLC:DF_LAWS(1.0),interkantonale_vereinbarung,ZG,educ,2006,1
SLC:DF_LAWS(1.0),interkantonale_vereinbarung,ZG,etat,2006,1
SLC:DF_LAWS(1.0),interkantonale_vereinbarung,ZG,sante,2006,1
SLC:DF_LAWS(1.0),interkantonale_vereinbarung,ZH,autres,2006,1
SLC:DF_LAWS(1.0),interkantonale_vereinbarung,ZH,educ,2006,1
SLC:DF_LAWS(1.0),interkantonale_vereinbarung,ZH,etat,2006,1
SLC:DF_LAWS(1.0),interkantonale_vereinbarung,ZH,sante,2006,2
SLC:DF_LAWS(1.0),reglement,AI,etat,2006,1
SLC:DF_LAWS(1.0),reglement,BE,educ,2006,2
SLC:DF_LAWS(1.0),reglement,BL,educ,2006,1
SLC:DF_LAWS(1.0),reglement,FR,eco,2006,1
SLC:DF_LAWS(1.0),reglement,FR,educ,2006,2
SLC:DF_LAWS(1.0),reglement,FR,sante,2006,1
SLC:DF_LAWS(1.0),reglement,GE,autres,2006,1
SLC:DF_LAWS(1.0),reglement,GE,educ,2006,1
SLC:DF_LAWS(1.0),reglement,GE,etat,2006,3
SLC:DF_LAWS(1.0),reglement,GE,fin,2006,3
SLC:DF_LAWS(1.0),reglement,GE,infra,2006,2
SLC:DF_LAWS(1.0),reglement,GE,sante,2006,9
SLC:DF_LAWS(1.0),reglement,GL,sante,2006,1
SLC:DF_LAWS(1.0),reglement,JU,etat,2006,1
SLC:DF_LAWS(1.0),reglement,LU,educ,2006,1
SLC:DF_LAWS(1.0),reglement,NE,eco,2006,3
SLC:DF_LAWS(1.0),reglement,NE,educ,2006,6
SLC:DF_LAWS(1.0),reglement,NE,etat,2006,7
SLC:DF_LAWS(1.0),reglement,NE,fin,2006,3
SLC:DF_LAWS(1.0),reglement,NE,infra,2006,3
SLC:DF_LAWS(1.0),reglement,NE,sante,2006,2
SLC:DF_LAWS(1.0),reglement,SG,educ,2006,1
SLC:DF_LAWS(1.0),reglement,SH,etat,2006,2
SLC:DF_LAWS(1.0),reglement,SO,educ,2006,2
SLC:DF_LAWS(1.0),reglement,SO,etat,2006,7
SLC:DF_LAWS(1.0),reglement,TG,educ,2006,1
SLC:DF_LAWS(1.0),reglement,TI,autres,2006,1
SLC:DF_LAWS(1.0),reglement,TI,educ,2006,1
SLC:DF_LAWS(1.0),reglement,TI,fin,2006,1
SLC:DF_LAWS(1.0),reglement,TI,infra,2006,1
SLC:DF_LAWS(1.0),reglement,UR,educ,2006,1
SLC:DF_LAWS(1.0),reglement,UR,etat,2006,2
SLC:DF_LAWS(1.0),reglement,VD,eco,2006,1
SLC:DF_LAWS(1.0),reglement,VD,educ,2006,6
SLC:DF_LAWS(1.0),reglement,VD,etat,2006,5
SLC:DF_LAWS(1.0),reglement,VD,infra,2006,7
SLC:DF_LAWS(1.0),reglement,VD,sante,2006,2
SLC:DF_LAWS(1.0),reglement,VS,educ,2006,4
SLC:DF_LAWS(1.0),reglement,VS,etat,2006,1
SLC:DF_LAWS(1.0),reglement,VS,infra,2006,2
SLC:DF_LAWS(1.0),reglement,VS,sante,2006,2
SLC:DF_LAWS(1.0),reglement,ZG,educ,2006,1
SLC:DF_LAWS(1.0),reglement,ZG,infra,2006,1
SLC:DF_LAWS(1.0),reglement,ZG,sante,2006,1
SLC:DF_LAWS(1.0),reglement,ZH,educ,2006,2
SLC:DF_LAWS(1.0),reglement,ZH,etat,2006,2
SLC:DF_LAWS(1.0),staatsvertrag,JU,fin,2006,1
SLC:DF_LAWS(1.0),verordnung,AG,educ,2006,4
SLC:DF_LAWS(1.0),verordnung,AG,etat,2006,4
SLC:DF_LAWS(1.0),verordnung,AG,infra,2006,1
SLC:DF_LAWS(1.0),verordnung,AG,sante,2006,1
SLC:DF_LAWS(1.0),verordnung,AI,eco,2006,1
SLC:DF_LAWS(1.0),verordnung,AI,educ,2006,1
SLC:DF_LAWS(1.0),verordnung,AI,etat,2006,1
SLC:DF_LAWS(1.0),verordnung,AR,educ,2006,1
SLC:DF_LAWS(1.0),verordnung,AR,infra,2006,1
SLC:DF_LAWS(1.0),verordnung,BE,educ,2006,4
SLC:DF_LAWS(1.0),verordnung,BE,etat,2006,9
SLC:DF_LAWS(1.0),verordnung,BE,infra,2006,2
SLC:DF_LAWS(1.0),verordnung,BE,sante,2006,2
SLC:DF_LAWS(1.0),verordnung,BL,educ,2006,4
SLC:DF_LAWS(1.0),verordnung,BL,etat,2006,1
SLC:DF_LAWS(1.0),verordnung,BL,infra,2006,3
SLC:DF_LAWS(1.0),verordnung,BL,sante,2006,2
SLC:DF_LAWS(1.0),verordnung,BS,eco,2006,1
SLC:DF_LAWS(1.0),verordnung,BS,educ,2006,1
SLC:DF_LAWS(1.0),verordnung,BS,etat,2006,2
SLC:DF_LAWS(1.0),verordnung,FR,eco,2006,4
SLC:DF_LAWS(1.0),verordnung,FR,educ,2006,8
SLC:DF_LAWS(1.0),verordnung,FR,etat,2006,2
SLC:DF_LAWS(1.0),verordnung,FR,fin,2006,4
SLC:DF_LAWS(1.0),verordnung,FR,infra,2006,3
SLC:DF_LAWS(1.0),verordnung,FR,sante,2006,9
SLC:DF_LAWS(1.0),verordnung,GE,sante,2006,1
SLC:DF_LAWS(1.0),verordnung,GL,autres,2006,3
SLC:DF_LAWS(1.0),verordnung,GL,eco,2006,1
SLC:DF_LAWS(1.0),verordnung,GL,educ,2006,2
SLC:DF_LAWS(1.0),verordnung,GL,etat,2006,5
SLC:DF_LAWS(1.0),verordnung,GL,fin,2006,1
SLC:DF_LAWS(1.0),verordnung,GL,infra,2006,5
SLC:DF_LAWS(1.0),verordnung,GL,sante,2006,3
SLC:DF_LAWS(1.0),verordnung,GR,autres,2006,1
SLC:DF_LAWS(1.0),verordnung,GR,eco,2006,2
SLC:DF_LAWS(1.0),verordnung,GR,educ,2006,2
SLC:DF_LAWS(1.0),verordnung,GR,etat,2006,3
SLC:DF_LAWS(1.0),verordnung,GR,infra,2006,1
SLC:DF_LAWS(1.0),verordnung,GR,sante,2006,3
SLC:DF_LAWS(1.0),verordnung,JU,autres,2006,1
SLC:DF_LAWS(1.0),verordnung,JU,eco,2006,3
SLC:DF_LAWS(1.0),verordnung,JU,educ,2006,2
SLC:DF_LAWS(1.0),verordnung,JU,etat,2006,3
SLC:DF_LAWS(1.0),verordnung,JU,fin,2006,1
SLC:DF_LAWS(1.0),verordnung,JU,infra,2006,1
SLC:DF_LAWS(1.0),verordnung,JU,sante,2006,3
SLC:DF_LAWS(1.0),verordnung,LU,autres,2006,1
SLC:DF_LAWS(1.0),verordnung,LU,etat,2006,1
SLC:DF_LAWS(1.0),verordnung,LU,infra,2006,1
SLC:DF_LAWS(1.0),verordnung,NE,autres,2006,4
SLC:DF_LAWS(1.0),verordnung,NE,eco,2006,1
SLC:DF_LAWS(1.0),verordnung,NE,etat,2006,3
SLC:DF_LAWS(1.0),verordnung,NE,fin,2006,1
SLC:DF_LAWS(1.0),verordnung,NE,sante,2006,6
SLC:DF_LAWS(1.0),verordnung,NW,eco,2006,1
SLC:DF_LAWS(1.0),verordnung,NW,etat,2006,5
SLC:DF_LAWS(1.0),verordnung,NW,sante,2006,2
SLC:DF_LAWS(1.0),verordnung,OW,autres,2006,3
SLC:DF_LAWS(1.0),verordnung,OW,educ,2006,2
SLC:DF_LAWS(1.0),verordnung,OW,etat,2006,1
SLC:DF_LAWS(1.0),verordnung,OW,infra,2006,1
SLC:DF_LAWS(1.0),verordnung,OW,sante,2006,3
SLC:DF_LAWS(1.0),verordnung,SG,educ,2006,1
SLC:DF_LAWS(1.0),verordnung,SG,etat,2006,2
SLC:DF_LAWS(1.0),verordnung,SG,sante,2006,1
SLC:DF_LAWS(1.0),verordnung,SH,eco,2006,1
SLC:DF_LAWS(1.0),verordnung,SH,educ,2006,1
SLC:DF_LAWS(1.0),verordnung,SH,etat,2006,1
SLC:DF_LAWS(1.0),verordnung,SH,sante,2006,1
SLC:DF_LAWS(1.0),verordnung,SO,eco,2006,1
SLC:DF_LAWS(1.0),verordnung,SO,educ,2006,1
SLC:DF_LAWS(1.0),verordnung,SO,etat,2006,2
SLC:DF_LAWS(1.0),verordnung,SZ,etat,2006,1
SLC:DF_LAWS(1.0),verordnung,TG,autres,2006,1
SLC:DF_LAWS(1.0),verordnung,TG,eco,2006,1
SLC:DF_LAWS(1.0),verordnung,TG,educ,2006,1
SLC:DF_LAWS(1.0),verordnung,TI,fin,2006,1
SLC:DF_LAWS(1.0),verordnung,TI,sante,2006,1
SLC:DF_LAWS(1.0),verordnung,VS,autres,2006,2
SLC:DF_LAWS(1.0),verordnung,VS,fin,2006,3
SLC:DF_LAWS(1.0),verordnung,VS,sante,2006,1
SLC:DF_LAWS(1.0),verordnung,ZG,autres,2006,1
SLC:DF_LAWS(1.0),verordnung,ZG,educ,2006,2
SLC:DF_LAWS(1.0),verordnung,ZG,etat,2006,2
SLC:DF_LAWS(1.0),verordnung,ZG,sante,2006,1
SLC:DF_LAWS(1.0),verordnung,ZH,autres,2006,3
SLC:DF_LAWS(1.0),verordnung,ZH,educ,2006,1
SLC:DF_LAWS(1.0),verordnung,ZH,etat,2006,2
SLC:DF_LAWS(1.0),verordnung,ZH,infra,2006,2
SLC:DF_LAWS(1.0),verordnung,ZH,sante,2006,1
SLC:DF_LAWS(1.0),anderes,_T,_T,2006,77
SLC:DF_LAWS(1.0),dekret,_T,_T,2006,46
SLC:DF_LAWS(1.0),gemeindeerlass,_T,_T,2006,4
SLC:DF_LAWS(1.0),gesetz,_T,_T,2006,87
SLC:DF_LAWS(1.0),interkantonale_vereinbarung,_T,_T,2006,78
SLC:DF_LAWS(1.0),reglement,_T,_T,2006,111
SLC:DF_LAWS(1.0),staatsvertrag,_T,_T,2006,1
SLC:DF_LAWS(1.0),verordnung,_T,_T,2006,198
SLC:DF_LAWS(1.0),_T,AG,_T,2006,23
SLC:DF_LAWS(1.0),_T,AI,_T,2006,10
SLC:DF_LAWS(1.0),_T,AR,_T,2006,8
SLC:DF_LAWS(1.0),_T,BE,_T,2006,32
SLC:DF_LAWS(1.0),_T,BL,_T,2006,24
SLC:DF_LAWS(1.0),_T,BS,_T,2006,20
SLC:DF_LAWS(1.0),_T,FR,_T,2006,44
SLC:DF_LAWS(1.0),_T,GE,_T,2006,30
SLC:DF_LAWS(1.0),_T,GL,_T,2006,31
SLC:DF_LAWS(1.0),_T,GR,_T,2006,22
SLC:DF_LAWS(1.0),_T,JU,_T,2006,24
SLC:DF_LAWS(1.0),_T,LU,_T,2006,15
SLC:DF_LAWS(1.0),_T,NE,_T,2006,52
SLC:DF_LAWS(1.0),_T,NW,_T,2006,19
SLC:DF_LAWS(1.0),_T,OW,_T,2006,29
SLC:DF_LAWS(1.0),_T,SG,_T,2006,19
SLC:DF_LAWS(1.0),_T,SH,_T,2006,12
SLC:DF_LAWS(1.0),_T,SO,_T,2006,17
SLC:DF_LAWS(1.0),_T,SZ,_T,2006,5
SLC:DF_LAWS(1.0),_T,TG,_T,2006,7
SLC:DF_LAWS(1.0),_T,TI,_T,2006,24
SLC:DF_LAWS(1.0),_T,UR,_T,2006,8
SLC:DF_LAWS(1.0),_T,VD,_T,2006,38
SLC:DF_LAWS(1.0),_T,VS,_T,2006,25
SLC:DF_LAWS(1.0),_T,ZG,_T,2006,27
SLC:DF_LAWS(1.0),_T,ZH,_T,2006,37
SLC:DF_LAWS(1.0),_T,_T,autres,2006,59
SLC:DF_LAWS(1.0),_T,_T,eco,2006,38
SLC:DF_LAWS(1.0),_T,_T,educ,2006,144
SLC:DF_LAWS(1.0),_T,_T,etat,2006,156
SLC:DF_LAWS(1.0),_T,_T,fin,2006,31
SLC:DF_LAWS(1.0),_T,_T,infra,2006,67
SLC:DF_LAWS(1.0),_T,_T,sante,2006,107
SLC:DF_LAWS(1.0),_T,_T,_T,2006,602
SLC:DF_LAWS(1.0),anderes,AG,fin,2007,2
SLC:DF_LAWS(1.0),anderes,AI,educ,2007,2
SLC:DF_LAWS(1.0),anderes,BE,educ,2007,1
SLC:DF_LAWS(1.0),anderes,BL,sante,2007,2
SLC:DF_LAWS(1.0),anderes,BS,educ,2007,2
SLC:DF_LAWS(1.0),anderes,GE,sante,2007,3
SLC:DF_LAWS(1.0),anderes,JU,etat,2007,1
SLC:DF_LAWS(1.0),anderes,LU,autres,2007,1
SLC:DF_LAWS(1.0),anderes,NE,educ,2007,4
SLC:DF_LAWS(1.0),anderes,OW,infra,2007,5
SLC:DF_LAWS(1.0),anderes,OW,sante,2007,1
SLC:DF_LAWS(1.0),anderes,SG,educ,2007,2
SLC:DF_LAWS(1.0),anderes,SH,autres,2007,1
SLC:DF_LAWS(1.0),anderes,SH,educ,2007,6
SLC:DF_LAWS(1.0),anderes,SO,educ,2007,1
SLC:DF_LAWS(1.0),anderes,SO,sante,2007,2
SLC:DF_LAWS(1.0),anderes,SZ,infra,2007,1
SLC:DF_LAWS(1.0),anderes,TG,infra,2007,1
SLC:DF_LAWS(1.0),anderes,TI,educ,2007,1
SLC:DF_LAWS(1.0),anderes,TI,sante,2007,2
SLC:DF_LAWS(1.0),anderes,VD,educ,2007,1
SLC:DF_LAWS(1.0),anderes,VD,etat,2007,2
SLC:DF_LAWS(1.0),anderes,VD,infra,2007,1
SLC:DF_LAWS(1.0),anderes,VD,sante,2007,1
SLC:DF_LAWS(1.0),anderes,VS,educ,2007,2
SLC:DF_LAWS(1.0),anderes,VS,etat,2007,1
SLC:DF_LAWS(1.0),anderes,VS,infra,2007,3
SLC:DF_LAWS(1.0),anderes,ZG,educ,2007,2
SLC:DF_LAWS(1.0),anderes,ZG,etat,2007,1
SLC:DF_LAWS(1.0),anderes,ZH,autres,2007,1
SLC:DF_LAWS(1.0),anderes,ZH,educ,2007,11
SLC:DF_LAWS(1.0),anderes,ZH,etat,2007,2
SLC:DF_LAWS(1.0),anderes,ZH,fin,2007,1
SLC:DF_LAWS(1.0),dekret,AG,educ,2007,1
SLC:DF_LAWS(1.0),dekret,AI,autres,2007,2
SLC:DF_LAWS(1.0),dekret,AI,etat,2007,1
SLC:DF_LAWS(1.0),dekret,AR,sante,2007,1
SLC:DF_LAWS(1.0),dekret,BE,educ,2007,2
SLC:DF_LAWS(1.0),dekret,BL,fin,2007,1
SLC:DF_LAWS(1.0),dekret,GL,educ,2007,1
SLC:DF_LAWS(1.0),dekret,OW,autres,2007,1
SLC:DF_LAWS(1.0),dekret,OW,etat,2007,2
SLC:DF_LAWS(1.0),dekret,OW,infra,2007,1
SLC:DF_LAWS(1.0),dekret,SG,eco,2007,1
SLC:DF_LAWS(1.0),dekret,SG,etat,2007,2
SLC:DF_LAWS(1.0),dekret,SG,fin,2007,3
SLC:DF_LAWS(1.0),dekret,SG,infra,2007,1
SLC:DF_LAWS(1.0),dekret,SG,sante,2007,1
SLC:DF_LAWS(1.0),dekret,SH,educ,2007,1
SLC:DF_LAWS(1.0),dekret,SH,fin,2007,1
SLC:DF_LAWS(1.0),dekret,SZ,infra,2007,2
SLC:DF_LAWS(1.0),dekret,TI,educ,2007,2
SLC:DF_LAWS(1.0),dekret,TI,etat,2007,1
SLC:DF_LAWS(1.0),dekret,TI,sante,2007,1
SLC:DF_LAWS(1.0),dekret,UR,sante,2007,1
SLC:DF_LAWS(1.0),dekret,VD,eco,2007,1
SLC:DF_LAWS(1.0),dekret,VD,etat,2007,4
SLC:DF_LAWS(1.0),dekret,VD,sante,2007,1
SLC:DF_LAWS(1.0),dekret,ZG,etat,2007,2
SLC:DF_LAWS(1.0),dekret,ZH,etat,2007,1
SLC:DF_LAWS(1.0),gemeindeerlass,BS,etat,2007,2
SLC:DF_LAWS(1.0),gemeindeerlass,BS,infra,2007,2
SLC:DF_LAWS(1.0),gemeindeerlass,BS,sante,2007,3
SLC:DF_LAWS(1.0),gesetz,AG,educ,2007,1
SLC:DF_LAWS(1.0),gesetz,AG,etat,2007,1
SLC:DF_LAWS(1.0),gesetz,AG,infra,2007,1
SLC:DF_LAWS(1.0),gesetz,AG,sante,2007,2
SLC:DF_LAWS(1.0),gesetz,AR,fin,2007,1
SLC:DF_LAWS(1.0),gesetz,BE,educ,2007,1
SLC:DF_LAWS(1.0),gesetz,BL,etat,2007,1
SLC:DF_LAWS(1.0),gesetz,BL,fin,2007,1
SLC:DF_LAWS(1.0),gesetz,BS,etat,2007,2
SLC:DF_LAWS(1.0),gesetz,BS,sante,2007,2
SLC:DF_LAWS(1.0),gesetz,FR,educ,2007,1
SLC:DF_LAWS(1.0),gesetz,FR,etat,2007,3
SLC:DF_LAWS(1.0),gesetz,FR,fin,2007,1
SLC:DF_LAWS(1.0),gesetz,GE,autres,2007,1
SLC:DF_LAWS(1.0),gesetz,GE,educ,2007,3
SLC:DF_LAWS(1.0),gesetz,GE,etat,2007,1
SLC:DF_LAWS(1.0),gesetz,GE,fin,2007,1
SLC:DF_LAWS(1.0),gesetz,GE,sante,2007,3
SLC:DF_LAWS(1.0),gesetz,GR,autres,2007,1
SLC:DF_LAWS(1.0),gesetz,JU,etat,2007,1
SLC:DF_LAWS(1.0),gesetz,LU,educ,2007,1
SLC:DF_LAWS(1.0),gesetz,LU,etat,2007,2
SLC:DF_LAWS(1.0),gesetz,NE,educ,2007,1
SLC:DF_LAWS(1.0),gesetz,NE,etat,2007,1
SLC:DF_LAWS(1.0),gesetz,NE,fin,2007,1
SLC:DF_LAWS(1.0),gesetz,NW,sante,2007,1
SLC:DF_LAWS(1.0),gesetz,OW,autres,2007,1
SLC:DF_LAWS(1.0),gesetz,OW,educ,2007,1
SLC:DF_LAWS(1.0),gesetz,OW,infra,2007,1
SLC:DF_LAWS(1.0),gesetz,SG,etat,2007,2
SLC:DF_LAWS(1.0),gesetz,SG,infra,2007,1
SLC:DF_LAWS(1.0),gesetz,SH,fin,2007,1
SLC:DF_LAWS(1.0),gesetz,SH,sante,2007,2
SLC:DF_LAWS(1.0),gesetz,SO,sante,2007,1
SLC:DF_LAWS(1.0),gesetz,SZ,sante,2007,1
SLC:DF_LAWS(1.0),gesetz,TG,autres,2007,1
SLC:DF_LAWS(1.0),gesetz,TI,etat,2007,2
SLC:DF_LAWS(1.0),gesetz,UR,infra,2007,1
SLC:DF_LAWS(1.0),gesetz,VD,autres,2007,1
SLC:DF_LAWS(1.0),gesetz,VD,educ,2007,2
SLC:DF_LAWS(1.0),gesetz,VD,etat,2007,4
SLC:DF_LAWS(1.0),gesetz,VD,sante,2007,1
SLC:DF_LAWS(1.0),gesetz,VS,eco,2007,1
SLC:DF_LAWS(1.0),gesetz,VS,etat,2007,1
SLC:DF_LAWS(1.0),gesetz,ZH,educ,2007,1
SLC:DF_LAWS(1.0),gesetz,ZH,etat,2007,3
SLC:DF_LAWS(1.0),gesetz,ZH,sante,2007,1
SLC:DF_LAWS(1.0),interkantonale_vereinbarung,AG,educ,2007,1
SLC:DF_LAWS(1.0),interkantonale_vereinbarung,AG,etat,2007,1
SLC:DF_LAWS(1.0),interkantonale_vereinbarung,AI,educ,2007,1
SLC:DF_LAWS(1.0),interkantonale_vereinbarung,AI,fin,2007,1
SLC:DF_LAWS(1.0),interkantonale_vereinbarung,AR,educ,2007,2
SLC:DF_LAWS(1.0),interkantonale_vereinbarung,BE,educ,2007,4
SLC:DF_LAWS(1.0),interkantonale_vereinbarung,BL,educ,2007,4
SLC:DF_LAWS(1.0),interkantonale_vereinbarung,BL,infra,2007,1
SLC:DF_LAWS(1.0),interkantonale_vereinbarung,BS,educ,2007,2
SLC:DF_LAWS(1.0),interkantonale_vereinbarung,BS,sante,2007,1
SLC:DF_LAWS(1.0),interkantonale_vereinbarung,FR,educ,2007,4
SLC:DF_LAWS(1.0),interkantonale_vereinbarung,GE,autres,2007,1
SLC:DF_LAWS(1.0),interkantonale_vereinbarung,GE,educ,2007,3
SLC:DF_LAWS(1.0),interkantonale_vereinbarung,GL,autres,2007,2
SLC:DF_LAWS(1.0),interkantonale_vereinbarung,GL,educ,2007,2
SLC:DF_LAWS(1.0),interkantonale_vereinbarung,GR,educ,2007,1
SLC:DF_LAWS(1.0),interkantonale_vereinbarung,JU,etat,2007,3
SLC:DF_LAWS(1.0),interkantonale_vereinbarung,LU,autres,2007,1
SLC:DF_LAWS(1.0),interkantonale_vereinbarung,NE,educ,2007,2
SLC:DF_LAWS(1.0),interkantonale_vereinbarung,NE,etat,2007,1
SLC:DF_LAWS(1.0),interkantonale_vereinbarung,NW,educ,2007,1
SLC:DF_LAWS(1.0),interkantonale_vereinbarung,NW,sante,2007,2
SLC:DF_LAWS(1.0),interkantonale_vereinbarung,OW,educ,2007,3
SLC:DF_LAWS(1.0),interkantonale_vereinbarung,SG,autres,2007,2
SLC:DF_LAWS(1.0),interkantonale_vereinbarung,SG,educ,2007,2
SLC:DF_LAWS(1.0),interkantonale_vereinbarung,SH,educ,2007,3
SLC:DF_LAWS(1.0),interkantonale_vereinbarung,SO,educ,2007,2
SLC:DF_LAWS(1.0),interkantonale_vereinbarung,SZ,educ,2007,1
SLC:DF_LAWS(1.0),interkantonale_vereinbarung,TG,educ,2007,1
SLC:DF_LAWS(1.0),interkantonale_vereinbarung,TI,educ,2007,4
SLC:DF_LAWS(1.0),interkantonale_vereinbarung,UR,educ,2007,2
SLC:DF_LAWS(1.0),interkantonale_vereinbarung,VD,educ,2007,4
SLC:DF_LAWS(1.0),interkantonale_vereinbarung,VD,etat,2007,1
SLC:DF_LAWS(1.0),interkantonale_vereinbarung,VS,educ,2007,3
SLC:DF_LAWS(1.0),interkantonale_vereinbarung,ZG,educ,2007,2
SLC:DF_LAWS(1.0),interkantonale_vereinbarung,ZH,educ,2007,1
SLC:DF_LAWS(1.0),interkantonale_vereinbarung,ZH,etat,2007,2
SLC:DF_LAWS(1.0),interkantonale_vereinbarung,ZH,sante,2007,1
SLC:DF_LAWS(1.0),reglement,AG,fin,2007,2
SLC:DF_LAWS(1.0),reglement,AG,sante,2007,1
SLC:DF_LAWS(1.0),reglement,AR,etat,2007,2
SLC:DF_LAWS(1.0),reglement,BE,eco,2007,1
SLC:DF_LAWS(1.0),reglement,BE,educ,2007,1
SLC:DF_LAWS(1.0),reglement,BE,etat,2007,1
SLC:DF_LAWS(1.0),reglement,BL,educ,2007,3
SLC:DF_LAWS(1.0),reglement,BL,etat,2007,1
SLC:DF_LAWS(1.0),reglement,BS,eco,2007,1
SLC:DF_LAWS(1.0),reglement,BS,etat,2007,1
SLC:DF_LAWS(1.0),reglement,BS,infra,2007,1
SLC:DF_LAWS(1.0),reglement,FR,eco,2007,2
SLC:DF_LAWS(1.0),reglement,FR,educ,2007,2
SLC:DF_LAWS(1.0),reglement,FR,etat,2007,1
SLC:DF_LAWS(1.0),reglement,GE,autres,2007,1
SLC:DF_LAWS(1.0),reglement,GE,educ,2007,1
SLC:DF_LAWS(1.0),reglement,GE,etat,2007,3
SLC:DF_LAWS(1.0),reglement,GE,infra,2007,3
SLC:DF_LAWS(1.0),reglement,GE,sante,2007,7
SLC:DF_LAWS(1.0),reglement,JU,etat,2007,1
SLC:DF_LAWS(1.0),reglement,LU,educ,2007,2
SLC:DF_LAWS(1.0),reglement,LU,sante,2007,2
SLC:DF_LAWS(1.0),reglement,NE,autres,2007,1
SLC:DF_LAWS(1.0),reglement,NE,educ,2007,5
SLC:DF_LAWS(1.0),reglement,NE,infra,2007,2
SLC:DF_LAWS(1.0),reglement,NE,sante,2007,1
SLC:DF_LAWS(1.0),reglement,NW,etat,2007,1
SLC:DF_LAWS(1.0),reglement,OW,sante,2007,2
SLC:DF_LAWS(1.0),reglement,SG,educ,2007,2
SLC:DF_LAWS(1.0),reglement,SO,educ,2007,1
SLC:DF_LAWS(1.0),reglement,SO,sante,2007,1
SLC:DF_LAWS(1.0),reglement,TG,educ,2007,1
SLC:DF_LAWS(1.0),reglement,TI,autres,2007,2
SLC:DF_LAWS(1.0),reglement,TI,etat,2007,1
SLC:DF_LAWS(1.0),reglement,TI,infra,2007,3
SLC:DF_LAWS(1.0),reglement,TI,sante,2007,3
SLC:DF_LAWS(1.0),reglement,UR,eco,2007,2
SLC:DF_LAWS(1.0),reglement,UR,educ,2007,3
SLC:DF_LAWS(1.0),reglement,UR,etat,2007,1
SLC:DF_LAWS(1.0),reglement,UR,fin,2007,1
SLC:DF_LAWS(1.0),reglement,UR,infra,2007,3
SLC:DF_LAWS(1.0),reglement,UR,sante,2007,1
SLC:DF_LAWS(1.0),reglement,VD,autres,2007,2
SLC:DF_LAWS(1.0),reglement,VD,educ,2007,2
SLC:DF_LAWS(1.0),reglement,VD,etat,2007,6
SLC:DF_LAWS(1.0),reglement,VD,fin,2007,2
SLC:DF_LAWS(1.0),reglement,VD,infra,2007,1
SLC:DF_LAWS(1.0),reglement,VD,sante,2007,1
SLC:DF_LAWS(1.0),reglement,VS,educ,2007,2
SLC:DF_LAWS(1.0),reglement,VS,etat,2007,1
SLC:DF_LAWS(1.0),reglement,VS,sante,2007,1
SLC:DF_LAWS(1.0),reglement,ZG,eco,2007,2
SLC:DF_LAWS(1.0),reglement,ZH,educ,2007,3
SLC:DF_LAWS(1.0),reglement,ZH,sante,2007,1
SLC:DF_LAWS(1.0),verordnung,AG,autres,2007,1
SLC:DF_LAWS(1.0),verordnung,AG,eco,2007,1
SLC:DF_LAWS(1.0),verordnung,AG,educ,2007,11
SLC:DF_LAWS(1.0),verordnung,AG,etat,2007,6
SLC:DF_LAWS(1.0),verordnung,AG,infra,2007,1
SLC:DF_LAWS(1.0),verordnung,AG,sante,2007,4
SLC:DF_LAWS(1.0),verordnung,AI,autres,2007,2
SLC:DF_LAWS(1.0),verordnung,AI,educ,2007,1
SLC:DF_LAWS(1.0),verordnung,AI,etat,2007,1
SLC:DF_LAWS(1.0),verordnung,AR,etat,2007,2
SLC:DF_LAWS(1.0),verordnung,AR,fin,2007,2
SLC:DF_LAWS(1.0),verordnung,AR,sante,2007,4
SLC:DF_LAWS(1.0),verordnung,BE,educ,2007,6
SLC:DF_LAWS(1.0),verordnung,BE,etat,2007,4
SLC:DF_LAWS(1.0),verordnung,BE,infra,2007,2
SLC:DF_LAWS(1.0),verordnung,BE,sante,2007,1
SLC:DF_LAWS(1.0),verordnung,BL,eco,2007,1
SLC:DF_LAWS(1.0),verordnung,BL,etat,2007,4
SLC:DF_LAWS(1.0),verordnung,BL,infra,2007,5
SLC:DF_LAWS(1.0),verordnung,BL,sante,2007,5
SLC:DF_LAWS(1.0),verordnung,BS,educ,2007,2
SLC:DF_LAWS(1.0),verordnung,BS,etat,2007,5
SLC:DF_LAWS(1.0),verordnung,BS,infra,2007,1
SLC:DF_LAWS(1.0),verordnung,BS,sante,2007,5
SLC:DF_LAWS(1.0),verordnung,FR,eco,2007,4
SLC:DF_LAWS(1.0),verordnung,FR,educ,2007,1
SLC:DF_LAWS(1.0),verordnung,FR,etat,2007,2
SLC:DF_LAWS(1.0),verordnung,FR,fin,2007,1
SLC:DF_LAWS(1.0),verordnung,FR,sante,2007,4
SLC:DF_LAWS(1.0),verordnung,GE,sante,2007,2
SLC:DF_LAWS(1.0),verordnung,GL,educ,2007,1
SLC:DF_LAWS(1.0),verordnung,GL,sante,2007,2
SLC:DF_LAWS(1.0),verordnung,GR,autres,2007,1
SLC:DF_LAWS(1.0),verordnung,GR,educ,2007,3
SLC:DF_LAWS(1.0),verordnung,GR,etat,2007,1
SLC:DF_LAWS(1.0),verordnung,GR,fin,2007,1
SLC:DF_LAWS(1.0),verordnung,GR,sante,2007,1
SLC:DF_LAWS(1.0),verordnung,JU,autres,2007,1
SLC:DF_LAWS(1.0),verordnung,JU,educ,2007,2
SLC:DF_LAWS(1.0),verordnung,JU,etat,2007,3
SLC:DF_LAWS(1.0),verordnung,JU,sante,2007,3
SLC:DF_LAWS(1.0),verordnung,LU,educ,2007,8
SLC:DF_LAWS(1.0),verordnung,LU,etat,2007,1
SLC:DF_LAWS(1.0),verordnung,LU,sante,2007,3
SLC:DF_LAWS(1.0),verordnung,NE,autres,2007,1
SLC:DF_LAWS(1.0),verordnung,NE,fin,2007,1
SLC:DF_LAWS(1.0),verordnung,NE,infra,2007,1
SLC:DF_LAWS(1.0),verordnung,NE,sante,2007,1
SLC:DF_LAWS(1.0),verordnung,NW,educ,2007,1
SLC:DF_LAWS(1.0),verordnung,OW,autres,2007,1
SLC:DF_LAWS(1.0),verordnung,OW,eco,2007,2
SLC:DF_LAWS(1.0),verordnung,OW,educ,2007,3
SLC:DF_LAWS(1.0),verordnung,OW,fin,2007,1
SLC:DF_LAWS(1.0),verordnung,OW,infra,2007,2
SLC:DF_LAWS(1.0),verordnung,SG,educ,2007,2
SLC:DF_LAWS(1.0),verordnung,SG,fin,2007,1
SLC:DF_LAWS(1.0),verordnung,SG,infra,2007,1
SLC:DF_LAWS(1.0),verordnung,SG,sante,2007,3
SLC:DF_LAWS(1.0),verordnung,SH,educ,2007,1
SLC:DF_LAWS(1.0),verordnung,SH,sante,2007,1
SLC:DF_LAWS(1.0),verordnung,SO,educ,2007,1
SLC:DF_LAWS(1.0),verordnung,SO,etat,2007,1
SLC:DF_LAWS(1.0),verordnung,SZ,autres,2007,1
SLC:DF_LAWS(1.0),verordnung,SZ,etat,2007,1
SLC:DF_LAWS(1.0),verordnung,SZ,fin,2007,1
SLC:DF_LAWS(1.0),verordnung,SZ,sante,2007,1
SLC:DF_LAWS(1.0),verordnung,TG,educ,2007,2
SLC:DF_LAWS(1.0),verordnung,TG,etat,2007,1
SLC:DF_LAWS(1.0),verordnung,TG,sante,2007,3
SLC:DF_LAWS(1.0),verordnung,TI,eco,2007,1
SLC:DF_LAWS(1.0),verordnung,TI,educ,2007,1
SLC:DF_LAWS(1.0),verordnung,TI,fin,2007,1
SLC:DF_LAWS(1.0),verordnung,TI,infra,2007,1
SLC:DF_LAWS(1.0),verordnung,TI,sante,2007,1
SLC:DF_LAWS(1.0),verordnung,VS,educ,2007,1
SLC:DF_LAWS(1.0),verordnung,VS,etat,2007,1
SLC:DF_LAWS(1.0),verordnung,VS,infra,2007,1
SLC:DF_LAWS(1.0),verordnung,VS,sante,2007,3
SLC:DF_LAWS(1.0),verordnung,ZG,autres,2007,5
SLC:DF_LAWS(1.0),verordnung,ZG,etat,2007,5
SLC:DF_LAWS(1.0),verordnung,ZG,sante,2007,3
SLC:DF_LAWS(1.0),verordnung,ZH,educ,2007,5
SLC:DF_LAWS(1.0),verordnung,ZH,etat,2007,1
SLC:DF_LAWS(1.0),verordnung,ZH,fin,2007,1
SLC:DF_LAWS(1.0),verordnung,ZH,infra,2007,1
SLC:DF_LAWS(1.0),verordnung,ZH,sante,2007,3
SLC:DF_LAWS(1.0),anderes,_T,_T,2007,70
SLC:DF_LAWS(1.0),dekret,_T,_T,2007,39
SLC:DF_LAWS(1.0),gemeindeerlass,_T,_T,2007,7
SLC:DF_LAWS(1.0),gesetz,_T,_T,2007,66
SLC:DF_LAWS(1.0),interkantonale_vereinbarung,_T,_T,2007,75
SLC:DF_LAWS(1.0),reglement,_T,_T,2007,101
SLC:DF_LAWS(1.0),verordnung,_T,_T,2007,192
SLC:DF_LAWS(1.0),_T,AG,_T,2007,37
SLC:DF_LAWS(1.0),_T,AI,_T,2007,11
SLC:DF_LAWS(1.0),_T,AR,_T,2007,14
SLC:DF_LAWS(1.0),_T,BE,_T,2007,24
SLC:DF_LAWS(1.0),_T,BL,_T,2007,29
SLC:DF_LAWS(1.0),_T,BS,_T,2007,32
SLC:DF_LAWS(1.0),_T,FR,_T,2007,26
SLC:DF_LAWS(1.0),_T,GE,_T,2007,33
SLC:DF_LAWS(1.0),_T,GL,_T,2007,8
SLC:DF_LAWS(1.0),_T,GR,_T,2007,9
SLC:DF_LAWS(1.0),_T,JU,_T,2007,15
SLC:DF_LAWS(1.0),_T,LU,_T,2007,21
SLC:DF_LAWS(1.0),_T,NE,_T,2007,23
SLC:DF_LAWS(1.0),_T,NW,_T,2007,6
SLC:DF_LAWS(1.0),_T,OW,_T,2007,27
SLC:DF_LAWS(1.0),_T,SG,_T,2007,26
SLC:DF_LAWS(1.0),_T,SH,_T,2007,17
SLC:DF_LAWS(1.0),_T,SO,_T,2007,10
SLC:DF_LAWS(1.0),_T,SZ,_T,2007,9
SLC:DF_LAWS(1.0),_T,TG,_T,2007,10
SLC:DF_LAWS(1.0),_T,TI,_T,2007,27
SLC:DF_LAWS(1.0),_T,UR,_T,2007,15
SLC:DF_LAWS(1.0),_T,VD,_T,2007,38
SLC:DF_LAWS(1.0),_T,VS,_T,2007,21
SLC:DF_LAWS(1.0),_T,ZG,_T,2007,22
SLC:DF_LAWS(1.0),_T,ZH,_T,2007,40
SLC:DF_LAWS(1.0),_T,_T,autres,2007,36
SLC:DF_LAWS(1.0),_T,_T,eco,2007,20
SLC:DF_LAWS(1.0),_T,_T,educ,2007,189
SLC:DF_LAWS(1.0),_T,_T,etat,2007,113
SLC:DF_LAWS(1.0),_T,_T,fin,2007,30
SLC:DF_LAWS(1.0),_T,_T,infra,2007,51
SLC:DF_LAWS(1.0),_T,_T,sante,2007,111
SLC:DF_LAWS(1.0),_T,_T,_T,2007,550
SLC:DF_LAWS(1.0),anderes,AG,autres,2008,1
SLC:DF_LAWS(1.0),anderes,AR,eco,2008,1
SLC:DF_LAWS(1.0),anderes,BL,sante,2008,1
SLC:DF_LAWS(1.0),anderes,BS,educ,2008,2
SLC:DF_LAWS(1.0),anderes,BS,etat,2008,1
SLC:DF_LAWS(1.0),anderes,BS,infra,2008,1
SLC:DF_LAWS(1.0),anderes,GL,infra,2008,2
SLC:DF_LAWS(1.0),anderes,GL,sante,2008,2
SLC:DF_LAWS(1.0),anderes,GR,educ,2008,1
SLC:DF_LAWS(1.0),anderes,GR,sante,2008,1
SLC:DF_LAWS(1.0),anderes,LU,educ,2008,2
SLC:DF_LAWS(1.0),anderes,LU,etat,2008,3
SLC:DF_LAWS(1.0),anderes,NE,autres,2008,1
SLC:DF_LAWS(1.0),anderes,NE,educ,2008,2
SLC:DF_LAWS(1.0),anderes,NE,etat,2008,1
SLC:DF_LAWS(1.0),anderes,NW,fin,2008,1
SLC:DF_LAWS(1.0),anderes,OW,eco,2008,1
SLC:DF_LAWS(1.0),anderes,OW,infra,2008,2
SLC:DF_LAWS(1.0),anderes,SG,educ,2008,2
SLC:DF_LAWS(1.0),anderes,SH,sante,2008,2
SLC:DF_LAWS(1.0),anderes,SO,educ,2008,1
SLC:DF_LAWS(1.0),anderes,SZ,infra,2008,1
SLC:DF_LAWS(1.0),anderes,TG,etat,2008,1
SLC:DF_LAWS(1.0),anderes,TI,infra,2008,1
SLC:DF_LAWS(1.0),anderes,TI,sante,2008,2
SLC:DF_LAWS(1.0),anderes,VD,autres,2008,3
SLC:DF_LAWS(1.0),anderes,VD,etat,2008,3
SLC:DF_LAWS(1.0),anderes,VD,sante,2008,4
SLC:DF_LAWS(1.0),anderes,VS,infra,2008,1
SLC:DF_LAWS(1.0),anderes,VS,sante,2008,1
SLC:DF_LAWS(1.0),anderes,ZG,educ,2008,1
SLC:DF_LAWS(1.0),anderes,ZG,etat,2008,1
SLC:DF_LAWS(1.0),anderes,ZG,infra,2008,1
SLC:DF_LAWS(1.0),anderes,ZH,autres,2008,2
SLC:DF_LAWS(1.0),anderes,ZH,educ,2008,15
SLC:DF_LAWS(1.0),anderes,ZH,etat,2008,1
SLC:DF_LAWS(1.0),anderes,ZH,infra,2008,2
SLC:DF_LAWS(1.0),anderes,ZH,sante,2008,2
SLC:DF_LAWS(1.0),dekret,AG,etat,2008,2
SLC:DF_LAWS(1.0),dekret,AG,infra,2008,1
SLC:DF_LAWS(1.0),dekret,AI,autres,2008,1
SLC:DF_LAWS(1.0),dekret,AI,educ,2008,1
SLC:DF_LAWS(1.0),dekret,AI,etat,2008,1
SLC:DF_LAWS(1.0),dekret,BE,educ,2008,2
SLC:DF_LAWS(1.0),dekret,BE,etat,2008,1
SLC:DF_LAWS(1.0),dekret,BE,sante,2008,1
SLC:DF_LAWS(1.0),dekret,BL,fin,2008,1
SLC:DF_LAWS(1.0),dekret,BL,infra,2008,1
SLC:DF_LAWS(1.0),dekret,FR,educ,2008,1
SLC:DF_LAWS(1.0),dekret,GL,etat,2008,1
SLC:DF_LAWS(1.0),dekret,OW,educ,2008,2
SLC:DF_LAWS(1.0),dekret,OW,sante,2008,2
SLC:DF_LAWS(1.0),dekret,SG,educ,2008,6
SLC:DF_LAWS(1.0),dekret,SG,etat,2008,2
SLC:DF_LAWS(1.0),dekret,SG,fin,2008,2
SLC:DF_LAWS(1.0),dekret,SG,infra,2008,1
SLC:DF_LAWS(1.0),dekret,SG,sante,2008,3
SLC:DF_LAWS(1.0),dekret,SZ,educ,2008,1
SLC:DF_LAWS(1.0),dekret,SZ,infra,2008,1
SLC:DF_LAWS(1.0),dekret,SZ,sante,2008,1
SLC:DF_LAWS(1.0),dekret,TI,autres,2008,1
SLC:DF_LAWS(1.0),dekret,TI,eco,2008,1
SLC:DF_LAWS(1.0),dekret,TI,educ,2008,1
SLC:DF_LAWS(1.0),dekret,TI,etat,2008,1
SLC:DF_LAWS(1.0),dekret,TI,sante,2008,2
SLC:DF_LAWS(1.0),dekret,UR,educ,2008,1
SLC:DF_LAWS(1.0),dekret,UR,infra,2008,1
SLC:DF_LAWS(1.0),dekret,VD,etat,2008,1
SLC:DF_LAWS(1.0),dekret,ZG,educ,2008,1
SLC:DF_LAWS(1.0),dekret,ZH,autres,2008,1
SLC:DF_LAWS(1.0),gemeindeerlass,BS,etat,2008,2
SLC:DF_LAWS(1.0),gemeindeerlass,BS,infra,2008,4
SLC:DF_LAWS(1.0),gemeindeerlass,BS,sante,2008,2
SLC:DF_LAWS(1.0),gesetz,AG,eco,2008,1
SLC:DF_LAWS(1.0),gesetz,AG,etat,2008,2
SLC:DF_LAWS(1.0),gesetz,AG,infra,2008,1
SLC:DF_LAWS(1.0),gesetz,AI,autres,2008,2
SLC:DF_LAWS(1.0),gesetz,AI,sante,2008,1
SLC:DF_LAWS(1.0),gesetz,BE,educ,2008,1
SLC:DF_LAWS(1.0),gesetz,BE,sante,2008,1
SLC:DF_LAWS(1.0),gesetz,BL,educ,2008,1
SLC:DF_LAWS(1.0),gesetz,BL,fin,2008,1
SLC:DF_LAWS(1.0),gesetz,BL,sante,2008,1
SLC:DF_LAWS(1.0),gesetz,BS,sante,2008,1
SLC:DF_LAWS(1.0),gesetz,FR,eco,2008,1
SLC:DF_LAWS(1.0),gesetz,FR,educ,2008,1
SLC:DF_LAWS(1.0),gesetz,GE,autres,2008,1
SLC:DF_LAWS(1.0),gesetz,GE,educ,2008,5
SLC:DF_LAWS(1.0),gesetz,GE,etat,2008,3
SLC:DF_LAWS(1.0),gesetz,GE,fin,2008,1
SLC:DF_LAWS(1.0),gesetz,GE,infra,2008,1
SLC:DF_LAWS(1.0),gesetz,GE,sante,2008,3
SLC:DF_LAWS(1.0),gesetz,JU,eco,2008,1
SLC:DF_LAWS(1.0),gesetz,JU,fin,2008,1
SLC:DF_LAWS(1.0),gesetz,NE,autres,2008,1
SLC:DF_LAWS(1.0),gesetz,NE,eco,2008,3
SLC:DF_LAWS(1.0),gesetz,NE,infra,2008,2
SLC:DF_LAWS(1.0),gesetz,NW,educ,2008,1
SLC:DF_LAWS(1.0),gesetz,NW,etat,2008,4
SLC:DF_LAWS(1.0),gesetz,NW,infra,2008,2
SLC:DF_LAWS(1.0),gesetz,NW,sante,2008,1
SLC:DF_LAWS(1.0),gesetz,OW,etat,2008,2
SLC:DF_LAWS(1.0),gesetz,OW,infra,2008,1
SLC:DF_LAWS(1.0),gesetz,SH,eco,2008,1
SLC:DF_LAWS(1.0),gesetz,SH,etat,2008,1
SLC:DF_LAWS(1.0),gesetz,SH,fin,2008,1
SLC:DF_LAWS(1.0),gesetz,SZ,etat,2008,2
SLC:DF_LAWS(1.0),gesetz,SZ,infra,2008,1
SLC:DF_LAWS(1.0),gesetz,TI,autres,2008,1
SLC:DF_LAWS(1.0),gesetz,TI,etat,2008,1
SLC:DF_LAWS(1.0),gesetz,TI,infra,2008,1
SLC:DF_LAWS(1.0),gesetz,UR,etat,2008,2
SLC:DF_LAWS(1.0),gesetz,VD,infra,2008,1
SLC:DF_LAWS(1.0),gesetz,VS,eco,2008,2
SLC:DF_LAWS(1.0),gesetz,VS,etat,2008,3
SLC:DF_LAWS(1.0),gesetz,VS,infra,2008,1
SLC:DF_LAWS(1.0),gesetz,ZG,etat,2008,1
SLC:DF_LAWS(1.0),gesetz,ZH,educ,2008,1
SLC:DF_LAWS(1.0),gesetz,ZH,etat,2008,2
SLC:DF_LAWS(1.0),interkantonale_vereinbarung,AG,sante,2008,2
SLC:DF_LAWS(1.0),interkantonale_vereinbarung,AI,fin,2008,1
SLC:DF_LAWS(1.0),interkantonale_vereinbarung,AR,sante,2008,1
SLC:DF_LAWS(1.0),interkantonale_vereinbarung,BE,educ,2008,2
SLC:DF_LAWS(1.0),interkantonale_vereinbarung,BE,etat,2008,1
SLC:DF_LAWS(1.0),interkantonale_vereinbarung,BE,sante,2008,1
SLC:DF_LAWS(1.0),interkantonale_vereinbarung,BL,educ,2008,1
SLC:DF_LAWS(1.0),interkantonale_vereinbarung,BL,etat,2008,1
SLC:DF_LAWS(1.0),interkantonale_vereinbarung,BS,sante,2008,2
SLC:DF_LAWS(1.0),interkantonale_vereinbarung,FR,autres,2008,2
SLC:DF_LAWS(1.0),interkantonale_vereinbarung,FR,sante,2008,1
SLC:DF_LAWS(1.0),interkantonale_vereinbarung,GL,educ,2008,1
SLC:DF_LAWS(1.0),interkantonale_vereinbarung,GL,sante,2008,1
SLC:DF_LAWS(1.0),interkantonale_vereinbarung,GR,sante,2008,1
SLC:DF_LAWS(1.0),interkantonale_vereinbarung,JU,autres,2008,2
SLC:DF_LAWS(1.0),interkantonale_vereinbarung,JU,educ,2008,2
SLC:DF_LAWS(1.0),interkantonale_vereinbarung,JU,sante,2008,1
SLC:DF_LAWS(1.0),interkantonale_vereinbarung,LU,eco,2008,1
SLC:DF_LAWS(1.0),interkantonale_vereinbarung,LU,sante,2008,1
SLC:DF_LAWS(1.0),interkantonale_vereinbarung,NW,etat,2008,1
SLC:DF_LAWS(1.0),interkantonale_vereinbarung,NW,sante,2008,1
SLC:DF_LAWS(1.0),interkantonale_vereinbarung,OW,educ,2008,1
SLC:DF_LAWS(1.0),interkantonale_vereinbarung,OW,etat,2008,1
SLC:DF_LAWS(1.0),interkantonale_vereinbarung,OW,sante,2008,1
SLC:DF_LAWS(1.0),interkantonale_vereinbarung,SG,educ,2008,1
SLC:DF_LAWS(1.0),interkantonale_vereinbarung,SG,sante,2008,1
SLC:DF_LAWS(1.0),interkantonale_vereinbarung,SH,sante,2008,1
SLC:DF_LAWS(1.0),interkantonale_vereinbarung,SZ,sante,2008,1
SLC:DF_LAWS(1.0),interkantonale_vereinbarung,TG,sante,2008,1
SLC:DF_LAWS(1.0),interkantonale_vereinbarung,TI,autres,2008,2
SLC:DF_LAWS(1.0),interkantonale_vereinbarung,TI,educ,2008,1
SLC:DF_LAWS(1.0),interkantonale_vereinbarung,TI,sante,2008,1
SLC:DF_LAWS(1.0),interkantonale_vereinbarung,VD,sante,2008,2
SLC:DF_LAWS(1.0),interkantonale_vereinbarung,VS,autres,2008,1
SLC:DF_LAWS(1.0),interkantonale_vereinbarung,VS,sante,2008,4
SLC:DF_LAWS(1.0),interkantonale_vereinbarung,ZG,educ,2008,1
SLC:DF_LAWS(1.0),interkantonale_vereinbarung,ZH,educ,2008,3
SLC:DF_LAWS(1.0),interkantonale_vereinbarung,ZH,sante,2008,1
SLC:DF_LAWS(1.0),reglement,AG,fin,2008,2
SLC:DF_LAWS(1.0),reglement,BE,educ,2008,1
SLC:DF_LAWS(1.0),reglement,FR,eco,2008,1
SLC:DF_LAWS(1.0),reglement,FR,educ,2008,2
SLC:DF_LAWS(1.0),reglement,FR,etat,2008,2
SLC:DF_LAWS(1.0),reglement,GE,autres,2008,2
SLC:DF_LAWS(1.0),reglement,GE,educ,2008,2
SLC:DF_LAWS(1.0),reglement,GE,etat,2008,4
SLC:DF_LAWS(1.0),reglement,GE,fin,2008,2
SLC:DF_LAWS(1.0),reglement,GE,infra,2008,1
SLC:DF_LAWS(1.0),reglement,GE,sante,2008,3
SLC:DF_LAWS(1.0),reglement,GL,etat,2008,2
SLC:DF_LAWS(1.0),reglement,GL,sante,2008,1
SLC:DF_LAWS(1.0),reglement,LU,educ,2008,2
SLC:DF_LAWS(1.0),reglement,LU,sante,2008,5
SLC:DF_LAWS(1.0),reglement,NE,educ,2008,1
SLC:DF_LAWS(1.0),reglement,NE,etat,2008,1
SLC:DF_LAWS(1.0),reglement,NE,sante,2008,1
SLC:DF_LAWS(1.0),reglement,SG,educ,2008,4
SLC:DF_LAWS(1.0),reglement,SG,sante,2008,1
SLC:DF_LAWS(1.0),reglement,SZ,educ,2008,1
SLC:DF_LAWS(1.0),reglement,TI,autres,2008,2
SLC:DF_LAWS(1.0),reglement,TI,eco,2008,1
SLC:DF_LAWS(1.0),reglement,TI,educ,2008,1
SLC:DF_LAWS(1.0),reglement,TI,etat,2008,3
SLC:DF_LAWS(1.0),reglement,TI,infra,2008,1
SLC:DF_LAWS(1.0),reglement,TI,sante,2008,2
SLC:DF_LAWS(1.0),reglement,UR,educ,2008,4
SLC:DF_LAWS(1.0),reglement,UR,sante,2008,2
SLC:DF_LAWS(1.0),reglement,VD,autres,2008,2
SLC:DF_LAWS(1.0),reglement,VD,eco,2008,2
SLC:DF_LAWS(1.0),reglement,VD,educ,2008,2
SLC:DF_LAWS(1.0),reglement,VD,etat,2008,5
SLC:DF_LAWS(1.0),reglement,VD,sante,2008,2
SLC:DF_LAWS(1.0),reglement,VS,educ,2008,1
SLC:DF_LAWS(1.0),reglement,VS,fin,2008,1
SLC:DF_LAWS(1.0),reglement,VS,infra,2008,1
SLC:DF_LAWS(1.0),reglement,VS,sante,2008,1
SLC:DF_LAWS(1.0),reglement,ZH,educ,2008,4
SLC:DF_LAWS(1.0),verfassung,GE,etat,2008,1
SLC:DF_LAWS(1.0),verordnung,AG,autres,2008,2
SLC:DF_LAWS(1.0),verordnung,AG,eco,2008,2
SLC:DF_LAWS(1.0),verordnung,AG,educ,2008,1
SLC:DF_LAWS(1.0),verordnung,AG,etat,2008,2
SLC:DF_LAWS(1.0),verordnung,AG,infra,2008,3
SLC:DF_LAWS(1.0),verordnung,AG,sante,2008,2
SLC:DF_LAWS(1.0),verordnung,AI,autres,2008,1
SLC:DF_LAWS(1.0),verordnung,AI,educ,2008,1
SLC:DF_LAWS(1.0),verordnung,AI,sante,2008,2
SLC:DF_LAWS(1.0),verordnung,AR,infra,2008,1
SLC:DF_LAWS(1.0),verordnung,AR,sante,2008,1
SLC:DF_LAWS(1.0),verordnung,BE,eco,2008,1
SLC:DF_LAWS(1.0),verordnung,BE,educ,2008,5
SLC:DF_LAWS(1.0),verordnung,BE,etat,2008,2
SLC:DF_LAWS(1.0),verordnung,BE,infra,2008,2
SLC:DF_LAWS(1.0),verordnung,BL,educ,2008,2
SLC:DF_LAWS(1.0),verordnung,BL,etat,2008,2
SLC:DF_LAWS(1.0),verordnung,BL,infra,2008,1
SLC:DF_LAWS(1.0),verordnung,BL,sante,2008,3
SLC:DF_LAWS(1.0),verordnung,BS,autres,2008,1
SLC:DF_LAWS(1.0),verordnung,BS,educ,2008,5
SLC:DF_LAWS(1.0),verordnung,BS,etat,2008,3
SLC:DF_LAWS(1.0),verordnung,BS,infra,2008,1
SLC:DF_LAWS(1.0),verordnung,BS,sante,2008,1
SLC:DF_LAWS(1.0),verordnung,FR,etat,2008,4
SLC:DF_LAWS(1.0),verordnung,FR,fin,2008,1
SLC:DF_LAWS(1.0),verordnung,FR,infra,2008,2
SLC:DF_LAWS(1.0),verordnung,FR,sante,2008,3
SLC:DF_LAWS(1.0),verordnung,GE,sante,2008,1
SLC:DF_LAWS(1.0),verordnung,GL,educ,2008,1
SLC:DF_LAWS(1.0),verordnung,GL,etat,2008,1
SLC:DF_LAWS(1.0),verordnung,GL,sante,2008,1
SLC:DF_LAWS(1.0),verordnung,GR,eco,2008,1
SLC:DF_LAWS(1.0),verordnung,GR,educ,2008,5
SLC:DF_LAWS(1.0),verordnung,GR,etat,2008,3
SLC:DF_LAWS(1.0),verordnung,GR,infra,2008,1
SLC:DF_LAWS(1.0),verordnung,GR,sante,2008,1
SLC:DF_LAWS(1.0),verordnung,JU,eco,2008,1
SLC:DF_LAWS(1.0),verordnung,JU,educ,2008,2
SLC:DF_LAWS(1.0),verordnung,JU,etat,2008,4
SLC:DF_LAWS(1.0),verordnung,JU,fin,2008,1
SLC:DF_LAWS(1.0),verordnung,JU,sante,2008,3
SLC:DF_LAWS(1.0),verordnung,LU,autres,2008,2
SLC:DF_LAWS(1.0),verordnung,LU,eco,2008,1
SLC:DF_LAWS(1.0),verordnung,LU,educ,2008,1
SLC:DF_LAWS(1.0),verordnung,LU,sante,2008,1
SLC:DF_LAWS(1.0),verordnung,NE,autres,2008,1
SLC:DF_LAWS(1.0),verordnung,NE,educ,2008,2
SLC:DF_LAWS(1.0),verordnung,NE,etat,2008,2
SLC:DF_LAWS(1.0),verordnung,NE,infra,2008,4
SLC:DF_LAWS(1.0),verordnung,NE,sante,2008,2
SLC:DF_LAWS(1.0),verordnung,NW,eco,2008,3
SLC:DF_LAWS(1.0),verordnung,NW,educ,2008,1
SLC:DF_LAWS(1.0),verordnung,NW,etat,2008,2
SLC:DF_LAWS(1.0),verordnung,NW,fin,2008,1
SLC:DF_LAWS(1.0),verordnung,NW,infra,2008,3
SLC:DF_LAWS(1.0),verordnung,OW,eco,2008,1
SLC:DF_LAWS(1.0),verordnung,OW,educ,2008,2
SLC:DF_LAWS(1.0),verordnung,OW,etat,2008,1
SLC:DF_LAWS(1.0),verordnung,OW,infra,2008,4
SLC:DF_LAWS(1.0),verordnung,OW,sante,2008,6
SLC:DF_LAWS(1.0),verordnung,SG,eco,2008,1
SLC:DF_LAWS(1.0),verordnung,SG,etat,2008,1
SLC:DF_LAWS(1.0),verordnung,SG,infra,2008,2
SLC:DF_LAWS(1.0),verordnung,SG,sante,2008,7
SLC:DF_LAWS(1.0),verordnung,SH,autres,2008,1
SLC:DF_LAWS(1.0),verordnung,SH,eco,2008,1
SLC:DF_LAWS(1.0),verordnung,SH,sante,2008,1
SLC:DF_LAWS(1.0),verordnung,SO,etat,2008,2
SLC:DF_LAWS(1.0),verordnung,SZ,etat,2008,1
SLC:DF_LAWS(1.0),verordnung,SZ,infra,2008,1
SLC:DF_LAWS(1.0),verordnung,SZ,sante,2008,1
SLC:DF_LAWS(1.0),verordnung,TG,infra,2008,2
SLC:DF_LAWS(1.0),verordnung,TI,eco,2008,2
SLC:DF_LAWS(1.0),verordnung,TI,fin,2008,2
SLC:DF_LAWS(1.0),verordnung,TI,sante,2008,1
SLC:DF_LAWS(1.0),verordnung,VS,eco,2008,1
SLC:DF_LAWS(1.0),verordnung,VS,educ,2008,2
SLC:DF_LAWS(1.0),verordnung,ZG,autres,2008,1
SLC:DF_LAWS(1.0),verordnung,ZG,educ,2008,3
SLC:DF_LAWS(1.0),verordnung,ZG,etat,2008,9
SLC:DF_LAWS(1.0),verordnung,ZG,sante,2008,1
SLC:DF_LAWS(1.0),verordnung,ZH,autres,2008,3
SLC:DF_LAWS(1.0),verordnung,ZH,etat,2008,3
SLC:DF_LAWS(1.0),verordnung,ZH,fin,2008,1
SLC:DF_LAWS(1.0),verordnung,ZH,sante,2008,4
SLC:DF_LAWS(1.0),anderes,_T,_T,2008,73
SLC:DF_LAWS(1.0),dekret,_T,_T,2008,46
SLC:DF_LAWS(1.0),gemeindeerlass,_T,_T,2008,8
SLC:DF_LAWS(1.0),gesetz,_T,_T,2008,70
SLC:DF_LAWS(1.0),interkantonale_vereinbarung,_T,_T,2008,51
SLC:DF_LAWS(1.0),reglement,_T,_T,2008,78
SLC:DF_LAWS(1.0),verfassung,_T,_T,2008,1
SLC:DF_LAWS(1.0),verordnung,_T,_T,2008,177
SLC:DF_LAWS(1.0),_T,AG,_T,2008,24
SLC:DF_LAWS(1.0),_T,AI,_T,2008,11
SLC:DF_LAWS(1.0),_T,AR,_T,2008,4
SLC:DF_LAWS(1.0),_T,BE,_T,2008,21
SLC:DF_LAWS(1.0),_T,BL,_T,2008,16
SLC:DF_LAWS(1.0),_T,BS,_T,2008,26
SLC:DF_LAWS(1.0),_T,FR,_T,2008,21
SLC:DF_LAWS(1.0),_T,GE,_T,2008,30
SLC:DF_LAWS(1.0),_T,GL,_T,2008,13
SLC:DF_LAWS(1.0),_T,GR,_T,2008,14
SLC:DF_LAWS(1.0),_T,JU,_T,2008,18
SLC:DF_LAWS(1.0),_T,LU,_T,2008,19
SLC:DF_LAWS(1.0),_T,NE,_T,2008,24
SLC:DF_LAWS(1.0),_T,NW,_T,2008,21
SLC:DF_LAWS(1.0),_T,OW,_T,2008,27
SLC:DF_LAWS(1.0),_T,SG,_T,2008,34
SLC:DF_LAWS(1.0),_T,SH,_T,2008,9
SLC:DF_LAWS(1.0),_T,SO,_T,2008,3
SLC:DF_LAWS(1.0),_T,SZ,_T,2008,12
SLC:DF_LAWS(1.0),_T,TG,_T,2008,4
SLC:DF_LAWS(1.0),_T,TI,_T,2008,31
SLC:DF_LAWS(1.0),_T,UR,_T,2008,10
SLC:DF_LAWS(1.0),_T,VD,_T,2008,27
SLC:DF_LAWS(1.0),_T,VS,_T,2008,20
SLC:DF_LAWS(1.0),_T,ZG,_T,2008,20
SLC:DF_LAWS(1.0),_T,ZH,_T,2008,45
SLC:DF_LAWS(1.0),_T,_T,autres,2008,40
SLC:DF_LAWS(1.0),_T,_T,eco,2008,32
SLC:DF_LAWS(1.0),_T,_T,educ,2008,123
SLC:DF_LAWS(1.0),_T,_T,etat,2008,109
SLC:DF_LAWS(1.0),_T,_T,fin,2008,20
SLC:DF_LAWS(1.0),_T,_T,infra,2008,61
SLC:DF_LAWS(1.0),_T,_T,sante,2008,119
SLC:DF_LAWS(1.0),_T,_T,_T,2008,504
SLC:DF_LAWS(1.0),anderes,AG,fin,2009,1
SLC:DF_LAWS(1.0),anderes,AG,infra,2009,1
SLC:DF_LAWS(1.0),anderes,AI,educ,2009,1
SLC:DF_LAWS(1.0),anderes,AR,educ,2009,1
SLC:DF_LAWS(1.0),anderes,AR,etat,2009,1
SLC:DF_LAWS(1.0),anderes,BE,autres,2009,1
SLC:DF_LAWS(1.0),anderes,BL,etat,2009,1
SLC:DF_LAWS(1.0),anderes,BL,fin,2009,1
SLC:DF_LAWS(1.0),anderes,BS,educ,2009,3
SLC:DF_LAWS(1.0),anderes,FR,etat,2009,2
SLC:DF_LAWS(1.0),anderes,GE,etat,2009,1
SLC:DF_LAWS(1.0),anderes,GL,educ,2009,2
SLC:DF_LAWS(1.0),anderes,GR,educ,2009,1
SLC:DF_LAWS(1.0),anderes,LU,autres,2009,1
SLC:DF_LAWS(1.0),anderes,LU,educ,2009,1
SLC:DF_LAWS(1.0),anderes,LU,sante,2009,1
SLC:DF_LAWS(1.0),anderes,NE,educ,2009,1
SLC:DF_LAWS(1.0),anderes,NW,educ,2009,1
SLC:DF_LAWS(1.0),anderes,SH,educ,2009,1
SLC:DF_LAWS(1.0),anderes,SH,etat,2009,1
SLC:DF_LAWS(1.0),anderes,SH,infra,2009,1
SLC:DF_LAWS(1.0),anderes,SO,educ,2009,2
SLC:DF_LAWS(1.0),anderes,SO,etat,2009,1
SLC:DF_LAWS(1.0),anderes,SZ,educ,2009,1
SLC:DF_LAWS(1.0),anderes,TI,sante,2009,1
SLC:DF_LAWS(1.0),anderes,UR,fin,2009,1
SLC:DF_LAWS(1.0),anderes,VS,fin,2009,1
SLC:DF_LAWS(1.0),anderes,VS,infra,2009,1
SLC:DF_LAWS(1.0),anderes,VS,sante,2009,1
SLC:DF_LAWS(1.0),anderes,ZG,educ,2009,2
SLC:DF_LAWS(1.0),anderes,ZG,etat,2009,2
SLC:DF_LAWS(1.0),anderes,ZG,infra,2009,1
SLC:DF_LAWS(1.0),anderes,ZH,educ,2009,26
SLC:DF_LAWS(1.0),anderes,ZH,etat,2009,5
SLC:DF_LAWS(1.0),anderes,ZH,sante,2009,1
SLC:DF_LAWS(1.0),dekret,AG,educ,2009,1
SLC:DF_LAWS(1.0),dekret,AI,autres,2009,1
SLC:DF_LAWS(1.0),dekret,AI,etat,2009,2
SLC:DF_LAWS(1.0),dekret,BE,educ,2009,1
SLC:DF_LAWS(1.0),dekret,BE,etat,2009,1
SLC:DF_LAWS(1.0),dekret,FR,eco,2009,1
SLC:DF_LAWS(1.0),dekret,OW,sante,2009,1
SLC:DF_LAWS(1.0),dekret,SG,educ,2009,1
SLC:DF_LAWS(1.0),dekret,SG,fin,2009,1
SLC:DF_LAWS(1.0),dekret,SG,infra,2009,1
SLC:DF_LAWS(1.0),dekret,SZ,etat,2009,1
SLC:DF_LAWS(1.0),dekret,TI,educ,2009,1
SLC:DF_LAWS(1.0),dekret,TI,fin,2009,9
SLC:DF_LAWS(1.0),dekret,TI,sante,2009,1
SLC:DF_LAWS(1.0),dekret,VD,etat,2009,2
SLC:DF_LAWS(1.0),dekret,VD,fin,2009,1
SLC:DF_LAWS(1.0),dekret,ZG,etat,2009,3
SLC:DF_LAWS(1.0),dekret,ZG,fin,2009,1
SLC:DF_LAWS(1.0),dekret,ZG,infra,2009,2
SLC:DF_LAWS(1.0),dekret,ZH,etat,2009,1
SLC:DF_LAWS(1.0),gemeindeerlass,BS,educ,2009,6
SLC:DF_LAWS(1.0),gemeindeerlass,BS,etat,2009,3
SLC:DF_LAWS(1.0),gemeindeerlass,BS,infra,2009,1
SLC:DF_LAWS(1.0),gesetz,AG,eco,2009,1
SLC:DF_LAWS(1.0),gesetz,AG,educ,2009,1
SLC:DF_LAWS(1.0),gesetz,AG,etat,2009,1
SLC:DF_LAWS(1.0),gesetz,AG,infra,2009,1
SLC:DF_LAWS(1.0),gesetz,AG,sante,2009,1
SLC:DF_LAWS(1.0),gesetz,AI,etat,2009,1
SLC:DF_LAWS(1.0),gesetz,AI,fin,2009,1
SLC:DF_LAWS(1.0),gesetz,AR,etat,2009,1
SLC:DF_LAWS(1.0),gesetz,BE,autres,2009,1
SLC:DF_LAWS(1.0),gesetz,BE,educ,2009,1
SLC:DF_LAWS(1.0),gesetz,BE,etat,2009,1
SLC:DF_LAWS(1.0),gesetz,BE,fin,2009,1
SLC:DF_LAWS(1.0),gesetz,BE,sante,2009,1
SLC:DF_LAWS(1.0),gesetz,BL,autres,2009,1
SLC:DF_LAWS(1.0),gesetz,BL,sante,2009,1
SLC:DF_LAWS(1.0),gesetz,BS,educ,2009,1
SLC:DF_LAWS(1.0),gesetz,BS,sante,2009,1
SLC:DF_LAWS(1.0),gesetz,FR,educ,2009,1
SLC:DF_LAWS(1.0),gesetz,FR,etat,2009,2
SLC:DF_LAWS(1.0),gesetz,GE,autres,2009,1
SLC:DF_LAWS(1.0),gesetz,GE,educ,2009,1
SLC:DF_LAWS(1.0),gesetz,GE,etat,2009,4
SLC:DF_LAWS(1.0),gesetz,GE,sante,2009,1
SLC:DF_LAWS(1.0),gesetz,GR,infra,2009,1
SLC:DF_LAWS(1.0),gesetz,GR,sante,2009,1
SLC:DF_LAWS(1.0),gesetz,LU,etat,2009,2
SLC:DF_LAWS(1.0),gesetz,NE,etat,2009,1
SLC:DF_LAWS(1.0),gesetz,NE,infra,2009,1
SLC:DF_LAWS(1.0),gesetz,NE,sante,2009,1
SLC:DF_LAWS(1.0),gesetz,NW,etat,2009,2
SLC:DF_LAWS(1.0),gesetz,NW,fin,2009,1
SLC:DF_LAWS(1.0),gesetz,SG,educ,2009,1
SLC:DF_LAWS(1.0),gesetz,SG,etat,2009,1
SLC:DF_LAWS(1.0),gesetz,SG,infra,2009,1
SLC:DF_LAWS(1.0),gesetz,SH,etat,2009,1
SLC:DF_LAWS(1.0),gesetz,SO,infra,2009,1
SLC:DF_LAWS(1.0),gesetz,SZ,autres,2009,1
SLC:DF_LAWS(1.0),gesetz,SZ,etat,2009,1
SLC:DF_LAWS(1.0),gesetz,SZ,infra,2009,1
SLC:DF_LAWS(1.0),gesetz,TG,autres,2009,1
SLC:DF_LAWS(1.0),gesetz,TI,educ,2009,1
SLC:DF_LAWS(1.0),gesetz,TI,infra,2009,1
SLC:DF_LAWS(1.0),gesetz,VD,etat,2009,1
SLC:DF_LAWS(1.0),gesetz,VD,infra,2009,1
SLC:DF_LAWS(1.0),gesetz,VD,sante,2009,1
SLC:DF_LAWS(1.0),gesetz,VS,autres,2009,1
SLC:DF_LAWS(1.0),gesetz,ZH,eco,2009,1
SLC:DF_LAWS(1.0),interkantonale_vereinbarung,AG,etat,2009,2
SLC:DF_LAWS(1.0),interkantonale_vereinbarung,AG,infra,2009,1
SLC:DF_LAWS(1.0),interkantonale_vereinbarung,AI,educ,2009,1
SLC:DF_LAWS(1.0),interkantonale_vereinbarung,AI,etat,2009,1
SLC:DF_LAWS(1.0),interkantonale_vereinbarung,AR,educ,2009,2
SLC:DF_LAWS(1.0),interkantonale_vereinbarung,AR,etat,2009,1
SLC:DF_LAWS(1.0),interkantonale_vereinbarung,BE,etat,2009,1
SLC:DF_LAWS(1.0),interkantonale_vereinbarung,BL,educ,2009,2
SLC:DF_LAWS(1.0),interkantonale_vereinbarung,BL,etat,2009,2
SLC:DF_LAWS(1.0),interkantonale_vereinbarung,FR,educ,2009,1
SLC:DF_LAWS(1.0),interkantonale_vereinbarung,FR,etat,2009,1
SLC:DF_LAWS(1.0),interkantonale_vereinbarung,GE,educ,2009,1
SLC:DF_LAWS(1.0),interkantonale_vereinbarung,GE,etat,2009,1
SLC:DF_LAWS(1.0),interkantonale_vereinbarung,GL,educ,2009,1
SLC:DF_LAWS(1.0),interkantonale_vereinbarung,GL,etat,2009,1
SLC:DF_LAWS(1.0),interkantonale_vereinbarung,GR,educ,2009,1
SLC:DF_LAWS(1.0),interkantonale_vereinbarung,LU,educ,2009,1
SLC:DF_LAWS(1.0),interkantonale_vereinbarung,LU,etat,2009,2
SLC:DF_LAWS(1.0),interkantonale_vereinbarung,NW,etat,2009,1
SLC:DF_LAWS(1.0),interkantonale_vereinbarung,NW,infra,2009,1
SLC:DF_LAWS(1.0),interkantonale_vereinbarung,NW,sante,2009,1
SLC:DF_LAWS(1.0),interkantonale_vereinbarung,OW,educ,2009,1
SLC:DF_LAWS(1.0),interkantonale_vereinbarung,OW,etat,2009,2
SLC:DF_LAWS(1.0),interkantonale_vereinbarung,OW,sante,2009,1
SLC:DF_LAWS(1.0),interkantonale_vereinbarung,SG,etat,2009,1
SLC:DF_LAWS(1.0),interkantonale_vereinbarung,SH,educ,2009,1
SLC:DF_LAWS(1.0),interkantonale_vereinbarung,SH,etat,2009,1
SLC:DF_LAWS(1.0),interkantonale_vereinbarung,SO,etat,2009,1
SLC:DF_LAWS(1.0),interkantonale_vereinbarung,SZ,etat,2009,2
SLC:DF_LAWS(1.0),interkantonale_vereinbarung,TG,educ,2009,1
SLC:DF_LAWS(1.0),interkantonale_vereinbarung,TG,etat,2009,1
SLC:DF_LAWS(1.0),interkantonale_vereinbarung,TG,sante,2009,1
SLC:DF_LAWS(1.0),interkantonale_vereinbarung,TI,educ,2009,3
SLC:DF_LAWS(1.0),interkantonale_vereinbarung,TI,etat,2009,1
SLC:DF_LAWS(1.0),interkantonale_vereinbarung,UR,sante,2009,1
SLC:DF_LAWS(1.0),interkantonale_vereinbarung,VD,educ,2009,1
SLC:DF_LAWS(1.0),interkantonale_vereinbarung,VS,etat,2009,1
SLC:DF_LAWS(1.0),interkantonale_vereinbarung,ZG,etat,2009,1
SLC:DF_LAWS(1.0),interkantonale_vereinbarung,ZG,infra,2009,3
SLC:DF_LAWS(1.0),reglement,AG,educ,2009,7
SLC:DF_LAWS(1.0),reglement,AG,infra,2009,5
SLC:DF_LAWS(1.0),reglement,AG,sante,2009,1
SLC:DF_LAWS(1.0),reglement,BE,etat,2009,1
SLC:DF_LAWS(1.0),reglement,FR,eco,2009,1
SLC:DF_LAWS(1.0),reglement,FR,educ,2009,1
SLC:DF_LAWS(1.0),reglement,FR,sante,2009,2
SLC:DF_LAWS(1.0),reglement,GE,eco,2009,2
SLC:DF_LAWS(1.0),reglement,GE,educ,2009,2
SLC:DF_LAWS(1.0),reglement,GE,etat,2009,5
SLC:DF_LAWS(1.0),reglement,GE,fin,2009,4
SLC:DF_LAWS(1.0),reglement,GE,infra,2009,1
SLC:DF_LAWS(1.0),reglement,GE,sante,2009,4
SLC:DF_LAWS(1.0),reglement,GR,eco,2009,1
SLC:DF_LAWS(1.0),reglement,JU,eco,2009,1
SLC:DF_LAWS(1.0),reglement,NE,eco,2009,2
SLC:DF_LAWS(1.0),reglement,NE,educ,2009,3
SLC:DF_LAWS(1.0),reglement,NE,etat,2009,2
SLC:DF_LAWS(1.0),reglement,NE,sante,2009,1
SLC:DF_LAWS(1.0),reglement,NW,educ,2009,1
SLC:DF_LAWS(1.0),reglement,SG,educ,2009,1
SLC:DF_LAWS(1.0),reglement,SO,sante,2009,2
SLC:DF_LAWS(1.0),reglement,TI,educ,2009,5
SLC:DF_LAWS(1.0),reglement,TI,etat,2009,3
SLC:DF_LAWS(1.0),reglement,TI,infra,2009,1
SLC:DF_LAWS(1.0),reglement,UR,autres,2009,1
SLC:DF_LAWS(1.0),reglement,UR,eco,2009,3
SLC:DF_LAWS(1.0),reglement,UR,educ,2009,1
SLC:DF_LAWS(1.0),reglement,UR,etat,2009,3
SLC:DF_LAWS(1.0),reglement,VD,autres,2009,2
SLC:DF_LAWS(1.0),reglement,VD,eco,2009,1
SLC:DF_LAWS(1.0),reglement,VD,educ,2009,1
SLC:DF_LAWS(1.0),reglement,VD,etat,2009,1
SLC:DF_LAWS(1.0),reglement,VD,fin,2009,1
SLC:DF_LAWS(1.0),reglement,VD,sante,2009,4
SLC:DF_LAWS(1.0),reglement,VS,educ,2009,2
SLC:DF_LAWS(1.0),reglement,ZG,eco,2009,1
SLC:DF_LAWS(1.0),reglement,ZG,sante,2009,2
SLC:DF_LAWS(1.0),reglement,ZH,educ,2009,5
SLC:DF_LAWS(1.0),reglement,ZH,etat,2009,2
SLC:DF_LAWS(1.0),reglement,ZH,sante,2009,1
SLC:DF_LAWS(1.0),verordnung,AG,autres,2009,3
SLC:DF_LAWS(1.0),verordnung,AG,eco,2009,1
SLC:DF_LAWS(1.0),verordnung,AG,educ,2009,2
SLC:DF_LAWS(1.0),verordnung,AG,etat,2009,1
SLC:DF_LAWS(1.0),verordnung,AG,infra,2009,1
SLC:DF_LAWS(1.0),verordnung,AG,sante,2009,6
SLC:DF_LAWS(1.0),verordnung,AI,autres,2009,1
SLC:DF_LAWS(1.0),verordnung,AR,educ,2009,1
SLC:DF_LAWS(1.0),verordnung,AR,etat,2009,3
SLC:DF_LAWS(1.0),verordnung,BE,autres,2009,1
SLC:DF_LAWS(1.0),verordnung,BE,educ,2009,4
SLC:DF_LAWS(1.0),verordnung,BE,etat,2009,5
SLC:DF_LAWS(1.0),verordnung,BE,sante,2009,1
SLC:DF_LAWS(1.0),verordnung,BL,etat,2009,2
SLC:DF_LAWS(1.0),verordnung,BL,fin,2009,1
SLC:DF_LAWS(1.0),verordnung,BL,infra,2009,13
SLC:DF_LAWS(1.0),verordnung,BL,sante,2009,1
SLC:DF_LAWS(1.0),verordnung,BS,educ,2009,2
SLC:DF_LAWS(1.0),verordnung,BS,etat,2009,2
SLC:DF_LAWS(1.0),verordnung,BS,infra,2009,1
SLC:DF_LAWS(1.0),verordnung,FR,eco,2009,3
SLC:DF_LAWS(1.0),verordnung,FR,educ,2009,1
SLC:DF_LAWS(1.0),verordnung,FR,etat,2009,4
SLC:DF_LAWS(1.0),verordnung,FR,infra,2009,1
SLC:DF_LAWS(1.0),verordnung,FR,sante,2009,5
SLC:DF_LAWS(1.0),verordnung,GL,infra,2009,1
SLC:DF_LAWS(1.0),verordnung,GL,sante,2009,1
SLC:DF_LAWS(1.0),verordnung,GR,educ,2009,1
SLC:DF_LAWS(1.0),verordnung,GR,etat,2009,2
SLC:DF_LAWS(1.0),verordnung,GR,sante,2009,1
SLC:DF_LAWS(1.0),verordnung,JU,educ,2009,1
SLC:DF_LAWS(1.0),verordnung,JU,etat,2009,1
SLC:DF_LAWS(1.0),verordnung,JU,fin,2009,1
SLC:DF_LAWS(1.0),verordnung,JU,infra,2009,1
SLC:DF_LAWS(1.0),verordnung,LU,autres,2009,1
SLC:DF_LAWS(1.0),verordnung,LU,educ,2009,3
SLC:DF_LAWS(1.0),verordnung,LU,etat,2009,5
SLC:DF_LAWS(1.0),verordnung,LU,infra,2009,1
SLC:DF_LAWS(1.0),verordnung,LU,sante,2009,1
SLC:DF_LAWS(1.0),verordnung,NE,educ,2009,1
SLC:DF_LAWS(1.0),verordnung,NE,infra,2009,1
SLC:DF_LAWS(1.0),verordnung,NE,sante,2009,1
SLC:DF_LAWS(1.0),verordnung,NW,eco,2009,2
SLC:DF_LAWS(1.0),verordnung,NW,educ,2009,4
SLC:DF_LAWS(1.0),verordnung,NW,etat,2009,1
SLC:DF_LAWS(1.0),verordnung,NW,infra,2009,3
SLC:DF_LAWS(1.0),verordnung,NW,sante,2009,1
SLC:DF_LAWS(1.0),verordnung,OW,autres,2009,1
SLC:DF_LAWS(1.0),verordnung,OW,eco,2009,1
SLC:DF_LAWS(1.0),verordnung,OW,educ,2009,2
SLC:DF_LAWS(1.0),verordnung,OW,etat,2009,2
SLC:DF_LAWS(1.0),verordnung,OW,sante,2009,1
SLC:DF_LAWS(1.0),verordnung,SG,educ,2009,2
SLC:DF_LAWS(1.0),verordnung,SG,infra,2009,1
SLC:DF_LAWS(1.0),verordnung,SG,sante,2009,7
SLC:DF_LAWS(1.0),verordnung,SH,educ,2009,1
SLC:DF_LAWS(1.0),verordnung,SH,etat,2009,2
SLC:DF_LAWS(1.0),verordnung,SO,infra,2009,3
SLC:DF_LAWS(1.0),verordnung,SO,sante,2009,1
SLC:DF_LAWS(1.0),verordnung,SZ,autres,2009,1
SLC:DF_LAWS(1.0),verordnung,SZ,sante,2009,1
SLC:DF_LAWS(1.0),verordnung,TG,etat,2009,3
SLC:DF_LAWS(1.0),verordnung,TI,educ,2009,1
SLC:DF_LAWS(1.0),verordnung,TI,fin,2009,6
SLC:DF_LAWS(1.0),verordnung,TI,sante,2009,1
SLC:DF_LAWS(1.0),verordnung,VS,eco,2009,1
SLC:DF_LAWS(1.0),verordnung,VS,sante,2009,6
SLC:DF_LAWS(1.0),verordnung,ZG,etat,2009,3
SLC:DF_LAWS(1.0),verordnung,ZG,fin,2009,1
SLC:DF_LAWS(1.0),verordnung,ZH,educ,2009,6
SLC:DF_LAWS(1.0),verordnung,ZH,etat,2009,3
SLC:DF_LAWS(1.0),verordnung,ZH,infra,2009,1
SLC:DF_LAWS(1.0),verordnung,ZH,sante,2009,1
SLC:DF_LAWS(1.0),anderes,_T,_T,2009,71
SLC:DF_LAWS(1.0),dekret,_T,_T,2009,33
SLC:DF_LAWS(1.0),gemeindeerlass,_T,_T,2009,10
SLC:DF_LAWS(1.0),gesetz,_T,_T,2009,53
SLC:DF_LAWS(1.0),interkantonale_vereinbarung,_T,_T,2009,50
SLC:DF_LAWS(1.0),reglement,_T,_T,2009,90
SLC:DF_LAWS(1.0),verordnung,_T,_T,2009,160
SLC:DF_LAWS(1.0),_T,AG,_T,2009,38
SLC:DF_LAWS(1.0),_T,AI,_T,2009,9
SLC:DF_LAWS(1.0),_T,AR,_T,2009,10
SLC:DF_LAWS(1.0),_T,BE,_T,2009,21
SLC:DF_LAWS(1.0),_T,BL,_T,2009,25
SLC:DF_LAWS(1.0),_T,BS,_T,2009,20
SLC:DF_LAWS(1.0),_T,FR,_T,2009,26
SLC:DF_LAWS(1.0),_T,GE,_T,2009,28
SLC:DF_LAWS(1.0),_T,GL,_T,2009,6
SLC:DF_LAWS(1.0),_T,GR,_T,2009,9
SLC:DF_LAWS(1.0),_T,JU,_T,2009,5
SLC:DF_LAWS(1.0),_T,LU,_T,2009,19
SLC:DF_LAWS(1.0),_T,NE,_T,2009,15
SLC:DF_LAWS(1.0),_T,NW,_T,2009,19
SLC:DF_LAWS(1.0),_T,OW,_T,2009,12
SLC:DF_LAWS(1.0),_T,SG,_T,2009,18
SLC:DF_LAWS(1.0),_T,SH,_T,2009,9
SLC:DF_LAWS(1.0),_T,SO,_T,2009,11
SLC:DF_LAWS(1.0),_T,SZ,_T,2009,9
SLC:DF_LAWS(1.0),_T,TG,_T,2009,7
SLC:DF_LAWS(1.0),_T,TI,_T,2009,35
SLC:DF_LAWS(1.0),_T,UR,_T,2009,10
SLC:DF_LAWS(1.0),_T,VD,_T,2009,17
SLC:DF_LAWS(1.0),_T,VS,_T,2009,14
SLC:DF_LAWS(1.0),_T,ZG,_T,2009,22
SLC:DF_LAWS(1.0),_T,ZH,_T,2009,53
SLC:DF_LAWS(1.0),_T,_T,autres,2009,20
SLC:DF_LAWS(1.0),_T,_T,eco,2009,23
SLC:DF_LAWS(1.0),_T,_T,educ,2009,138
SLC:DF_LAWS(1.0),_T,_T,etat,2009,126
SLC:DF_LAWS(1.0),_T,_T,fin,2009,33
SLC:DF_LAWS(1.0),_T,_T,infra,2009,56
SLC:DF_LAWS(1.0),_T,_T,sante,2009,71
SLC:DF_LAWS(1.0),_T,_T,_T,2009,467
SLC:DF_LAWS(1.0),anderes,AI,sante,2010,1
SLC:DF_LAWS(1.0),anderes,AR,educ,2010,1
SLC:DF_LAWS(1.0),anderes,BE,autres,2010,1
SLC:DF_LAWS(1.0),anderes,BS,infra,2010,1
SLC:DF_LAWS(1.0),anderes,FR,educ,2010,1
SLC:DF_LAWS(1.0),anderes,FR,infra,2010,1
SLC:DF_LAWS(1.0),anderes,GL,infra,2010,4
SLC:DF_LAWS(1.0),anderes,LU,educ,2010,1
SLC:DF_LAWS(1.0),anderes,LU,sante,2010,2
SLC:DF_LAWS(1.0),anderes,NE,autres,2010,2
SLC:DF_LAWS(1.0),anderes,NE,educ,2010,1
SLC:DF_LAWS(1.0),anderes,NE,sante,2010,1
SLC:DF_LAWS(1.0),anderes,OW,etat,2010,1
SLC:DF_LAWS(1.0),anderes,OW,infra,2010,2
SLC:DF_LAWS(1.0),anderes,SG,educ,2010,2
SLC:DF_LAWS(1.0),anderes,SG,sante,2010,1
SLC:DF_LAWS(1.0),anderes,SH,infra,2010,1
SLC:DF_LAWS(1.0),anderes,SO,educ,2010,1
SLC:DF_LAWS(1.0),anderes,TG,autres,2010,1
SLC:DF_LAWS(1.0),anderes,TG,educ,2010,1
SLC:DF_LAWS(1.0),anderes,TG,etat,2010,1
SLC:DF_LAWS(1.0),anderes,TI,educ,2010,2
SLC:DF_LAWS(1.0),anderes,TI,etat,2010,1
SLC:DF_LAWS(1.0),anderes,VD,autres,2010,2
SLC:DF_LAWS(1.0),anderes,VD,eco,2010,1
SLC:DF_LAWS(1.0),anderes,VD,etat,2010,2
SLC:DF_LAWS(1.0),anderes,VS,etat,2010,1
SLC:DF_LAWS(1.0),anderes,VS,sante,2010,4
SLC:DF_LAWS(1.0),anderes,ZG,educ,2010,1
SLC:DF_LAWS(1.0),anderes,ZG,etat,2010,1
SLC:DF_LAWS(1.0),anderes,ZG,fin,2010,1
SLC:DF_LAWS(1.0),anderes,ZH,educ,2010,20
SLC:DF_LAWS(1.0),anderes,ZH,etat,2010,3
SLC:DF_LAWS(1.0),anderes,ZH,sante,2010,5
SLC:DF_LAWS(1.0),dekret,AG,etat,2010,4
SLC:DF_LAWS(1.0),dekret,AI,infra,2010,1
SLC:DF_LAWS(1.0),dekret,BE,etat,2010,2
SLC:DF_LAWS(1.0),dekret,BL,autres,2010,1
SLC:DF_LAWS(1.0),dekret,BL,educ,2010,1
SLC:DF_LAWS(1.0),dekret,LU,etat,2010,2
SLC:DF_LAWS(1.0),dekret,LU,infra,2010,2
SLC:DF_LAWS(1.0),dekret,NW,etat,2010,1
SLC:DF_LAWS(1.0),dekret,OW,educ,2010,1
SLC:DF_LAWS(1.0),dekret,OW,etat,2010,1
SLC:DF_LAWS(1.0),dekret,SG,etat,2010,1
SLC:DF_LAWS(1.0),dekret,SG,fin,2010,1
SLC:DF_LAWS(1.0),dekret,SG,infra,2010,4
SLC:DF_LAWS(1.0),dekret,SH,infra,2010,1
SLC:DF_LAWS(1.0),dekret,SZ,autres,2010,1
SLC:DF_LAWS(1.0),dekret,SZ,etat,2010,2
SLC:DF_LAWS(1.0),dekret,UR,etat,2010,1
SLC:DF_LAWS(1.0),dekret,UR,sante,2010,2
SLC:DF_LAWS(1.0),dekret,VD,etat,2010,2
SLC:DF_LAWS(1.0),dekret,VD,infra,2010,1
SLC:DF_LAWS(1.0),dekret,ZG,etat,2010,1
SLC:DF_LAWS(1.0),dekret,ZG,fin,2010,1
SLC:DF_LAWS(1.0),dekret,ZG,sante,2010,1
SLC:DF_LAWS(1.0),dekret,ZH,etat,2010,2
SLC:DF_LAWS(1.0),gemeindeerlass,BS,educ,2010,1
SLC:DF_LAWS(1.0),gemeindeerlass,BS,etat,2010,3
SLC:DF_LAWS(1.0),gemeindeerlass,BS,infra,2010,2
SLC:DF_LAWS(1.0),gesetz,AG,autres,2010,2
SLC:DF_LAWS(1.0),gesetz,AG,etat,2010,1
SLC:DF_LAWS(1.0),gesetz,AR,educ,2010,1
SLC:DF_LAWS(1.0),gesetz,AR,etat,2010,1
SLC:DF_LAWS(1.0),gesetz,BS,autres,2010,1
SLC:DF_LAWS(1.0),gesetz,BS,etat,2010,1
SLC:DF_LAWS(1.0),gesetz,BS,fin,2010,1
SLC:DF_LAWS(1.0),gesetz,FR,eco,2010,1
SLC:DF_LAWS(1.0),gesetz,FR,educ,2010,1
SLC:DF_LAWS(1.0),gesetz,FR,etat,2010,1
SLC:DF_LAWS(1.0),gesetz,FR,sante,2010,1
SLC:DF_LAWS(1.0),gesetz,GE,autres,2010,1
SLC:DF_LAWS(1.0),gesetz,GE,eco,2010,2
SLC:DF_LAWS(1.0),gesetz,GE,educ,2010,1
SLC:DF_LAWS(1.0),gesetz,GE,etat,2010,1
SLC:DF_LAWS(1.0),gesetz,GE,fin,2010,1
SLC:DF_LAWS(1.0),gesetz,GL,autres,2010,1
SLC:DF_LAWS(1.0),gesetz,GL,etat,2010,1
SLC:DF_LAWS(1.0),gesetz,GR,etat,2010,2
SLC:DF_LAWS(1.0),gesetz,GR,sante,2010,1
SLC:DF_LAWS(1.0),gesetz,JU,eco,2010,1
SLC:DF_LAWS(1.0),gesetz,JU,educ,2010,1
SLC:DF_LAWS(1.0),gesetz,JU,etat,2010,1
SLC:DF_LAWS(1.0),gesetz,JU,infra,2010,1
SLC:DF_LAWS(1.0),gesetz,JU,sante,2010,1
SLC:DF_LAWS(1.0),gesetz,LU,sante,2010,1
SLC:DF_LAWS(1.0),gesetz,NE,educ,2010,1
SLC:DF_LAWS(1.0),gesetz,NE,etat,2010,1
SLC:DF_LAWS(1.0),gesetz,NE,fin,2010,1
SLC:DF_LAWS(1.0),gesetz,NW,etat,2010,1
SLC:DF_LAWS(1.0),gesetz,OW,autres,2010,1
SLC:DF_LAWS(1.0),gesetz,OW,etat,2010,1
SLC:DF_LAWS(1.0),gesetz,SG,educ,2010,1
SLC:DF_LAWS(1.0),gesetz,SG,etat,2010,1
SLC:DF_LAWS(1.0),gesetz,SG,infra,2010,1
SLC:DF_LAWS(1.0),gesetz,SG,sante,2010,1
SLC:DF_LAWS(1.0),gesetz,SO,autres,2010,2
SLC:DF_LAWS(1.0),gesetz,SO,eco,2010,1
SLC:DF_LAWS(1.0),gesetz,SO,sante,2010,1
SLC:DF_LAWS(1.0),gesetz,TG,infra,2010,1
SLC:DF_LAWS(1.0),gesetz,UR,sante,2010,1
SLC:DF_LAWS(1.0),gesetz,VD,autres,2010,1
SLC:DF_LAWS(1.0),gesetz,VD,eco,2010,3
SLC:DF_LAWS(1.0),gesetz,VD,sante,2010,3
SLC:DF_LAWS(1.0),gesetz,VS,etat,2010,1
SLC:DF_LAWS(1.0),gesetz,VS,sante,2010,1
SLC:DF_LAWS(1.0),gesetz,ZG,etat,2010,1
SLC:DF_LAWS(1.0),gesetz,ZH,etat,2010,2
SLC:DF_LAWS(1.0),interkantonale_vereinbarung,AI,autres,2010,2
SLC:DF_LAWS(1.0),interkantonale_vereinbarung,AI,etat,2010,1
SLC:DF_LAWS(1.0),interkantonale_vereinbarung,BE,educ,2010,1
SLC:DF_LAWS(1.0),interkantonale_vereinbarung,BL,educ,2010,1
SLC:DF_LAWS(1.0),interkantonale_vereinbarung,BS,etat,2010,2
SLC:DF_LAWS(1.0),interkantonale_vereinbarung,BS,sante,2010,1
SLC:DF_LAWS(1.0),interkantonale_vereinbarung,FR,autres,2010,1
SLC:DF_LAWS(1.0),interkantonale_vereinbarung,FR,sante,2010,1
SLC:DF_LAWS(1.0),interkantonale_vereinbarung,GE,autres,2010,1
SLC:DF_LAWS(1.0),interkantonale_vereinbarung,JU,educ,2010,1
SLC:DF_LAWS(1.0),interkantonale_vereinbarung,LU,etat,2010,1
SLC:DF_LAWS(1.0),interkantonale_vereinbarung,NE,sante,2010,1
SLC:DF_LAWS(1.0),interkantonale_vereinbarung,NW,etat,2010,1
SLC:DF_LAWS(1.0),interkantonale_vereinbarung,NW,sante,2010,1
SLC:DF_LAWS(1.0),interkantonale_vereinbarung,OW,etat,2010,1
SLC:DF_LAWS(1.0),interkantonale_vereinbarung,SG,educ,2010,1
SLC:DF_LAWS(1.0),interkantonale_vereinbarung,SO,educ,2010,1
SLC:DF_LAWS(1.0),interkantonale_vereinbarung,TG,autres,2010,2
SLC:DF_LAWS(1.0),interkantonale_vereinbarung,TI,autres,2010,2
SLC:DF_LAWS(1.0),interkantonale_vereinbarung,VD,sante,2010,1
SLC:DF_LAWS(1.0),interkantonale_vereinbarung,ZG,etat,2010,2
SLC:DF_LAWS(1.0),interkantonale_vereinbarung,ZH,etat,2010,1
SLC:DF_LAWS(1.0),reglement,AI,sante,2010,1
SLC:DF_LAWS(1.0),reglement,AR,educ,2010,1
SLC:DF_LAWS(1.0),reglement,BE,eco,2010,1
SLC:DF_LAWS(1.0),reglement,BE,educ,2010,3
SLC:DF_LAWS(1.0),reglement,BE,etat,2010,23
SLC:DF_LAWS(1.0),reglement,BL,educ,2010,1
SLC:DF_LAWS(1.0),reglement,BS,infra,2010,1
SLC:DF_LAWS(1.0),reglement,FR,eco,2010,1
SLC:DF_LAWS(1.0),reglement,FR,educ,2010,1
SLC:DF_LAWS(1.0),reglement,FR,sante,2010,1
SLC:DF_LAWS(1.0),reglement,GE,eco,2010,1
SLC:DF_LAWS(1.0),reglement,GE,educ,2010,2
SLC:DF_LAWS(1.0),reglement,GE,etat,2010,7
SLC:DF_LAWS(1.0),reglement,GE,fin,2010,6
SLC:DF_LAWS(1.0),reglement,GE,sante,2010,4
SLC:DF_LAWS(1.0),reglement,LU,educ,2010,2
SLC:DF_LAWS(1.0),reglement,LU,etat,2010,1
SLC:DF_LAWS(1.0),reglement,NE,etat,2010,4
SLC:DF_LAWS(1.0),reglement,NE,sante,2010,1
SLC:DF_LAWS(1.0),reglement,OW,etat,2010,5
SLC:DF_LAWS(1.0),reglement,OW,fin,2010,1
SLC:DF_LAWS(1.0),reglement,SG,educ,2010,1
SLC:DF_LAWS(1.0),reglement,SG,sante,2010,1
SLC:DF_LAWS(1.0),reglement,SO,educ,2010,1
SLC:DF_LAWS(1.0),reglement,TG,educ,2010,1
SLC:DF_LAWS(1.0),reglement,TI,autres,2010,3
SLC:DF_LAWS(1.0),reglement,TI,eco,2010,1
SLC:DF_LAWS(1.0),reglement,TI,educ,2010,2
SLC:DF_LAWS(1.0),reglement,TI,etat,2010,2
SLC:DF_LAWS(1.0),reglement,TI,infra,2010,1
SLC:DF_LAWS(1.0),reglement,UR,etat,2010,2
SLC:DF_LAWS(1.0),reglement,UR,sante,2010,2
SLC:DF_LAWS(1.0),reglement,VD,autres,2010,1
SLC:DF_LAWS(1.0),reglement,VD,eco,2010,2
SLC:DF_LAWS(1.0),reglement,VD,educ,2010,1
SLC:DF_LAWS(1.0),reglement,VD,etat,2010,5
SLC:DF_LAWS(1.0),reglement,VD,infra,2010,1
SLC:DF_LAWS(1.0),reglement,VD,sante,2010,2
SLC:DF_LAWS(1.0),reglement,VS,eco,2010,1
SLC:DF_LAWS(1.0),reglement,VS,educ,2010,3
SLC:DF_LAWS(1.0),reglement,VS,etat,2010,3
SLC:DF_LAWS(1.0),reglement,VS,sante,2010,1
SLC:DF_LAWS(1.0),reglement,ZG,eco,2010,1
SLC:DF_LAWS(1.0),reglement,ZG,educ,2010,1
SLC:DF_LAWS(1.0),reglement,ZG,etat,2010,2
SLC:DF_LAWS(1.0),reglement,ZH,educ,2010,1
SLC:DF_LAWS(1.0),reglement,ZH,sante,2010,2
SLC:DF_LAWS(1.0),verfassung,SZ,etat,2010,1
SLC:DF_LAWS(1.0),verordnung,AG,autres,2010,1
SLC:DF_LAWS(1.0),verordnung,AG,educ,2010,2
SLC:DF_LAWS(1.0),verordnung,AG,etat,2010,4
SLC:DF_LAWS(1.0),verordnung,AG,sante,2010,2
SLC:DF_LAWS(1.0),verordnung,AR,autres,2010,1
SLC:DF_LAWS(1.0),verordnung,AR,etat,2010,1
SLC:DF_LAWS(1.0),verordnung,AR,infra,2010,2
SLC:DF_LAWS(1.0),verordnung,AR,sante,2010,2
SLC:DF_LAWS(1.0),verordnung,BE,autres,2010,2
SLC:DF_LAWS(1.0),verordnung,BE,educ,2010,1
SLC:DF_LAWS(1.0),verordnung,BE,etat,2010,3
SLC:DF_LAWS(1.0),verordnung,BE,sante,2010,1
SLC:DF_LAWS(1.0),verordnung,BL,autres,2010,1
SLC:DF_LAWS(1.0),verordnung,BL,educ,2010,1
SLC:DF_LAWS(1.0),verordnung,BL,etat,2010,1
SLC:DF_LAWS(1.0),verordnung,BL,fin,2010,2
SLC:DF_LAWS(1.0),verordnung,BL,infra,2010,7
SLC:DF_LAWS(1.0),verordnung,BL,sante,2010,1
SLC:DF_LAWS(1.0),verordnung,BS,autres,2010,1
SLC:DF_LAWS(1.0),verordnung,BS,educ,2010,4
SLC:DF_LAWS(1.0),verordnung,BS,etat,2010,1
SLC:DF_LAWS(1.0),verordnung,BS,infra,2010,1
SLC:DF_LAWS(1.0),verordnung,BS,sante,2010,4
SLC:DF_LAWS(1.0),verordnung,FR,autres,2010,1
SLC:DF_LAWS(1.0),verordnung,FR,eco,2010,3
SLC:DF_LAWS(1.0),verordnung,FR,educ,2010,3
SLC:DF_LAWS(1.0),verordnung,FR,etat,2010,8
SLC:DF_LAWS(1.0),verordnung,FR,infra,2010,3
SLC:DF_LAWS(1.0),verordnung,FR,sante,2010,1
SLC:DF_LAWS(1.0),verordnung,GE,etat,2010,1
SLC:DF_LAWS(1.0),verordnung,GE,infra,2010,1
SLC:DF_LAWS(1.0),verordnung,GL,eco,2010,1
SLC:DF_LAWS(1.0),verordnung,GL,fin,2010,1
SLC:DF_LAWS(1.0),verordnung,GL,infra,2010,1
SLC:DF_LAWS(1.0),verordnung,GR,autres,2010,1
SLC:DF_LAWS(1.0),verordnung,GR,etat,2010,6
SLC:DF_LAWS(1.0),verordnung,GR,sante,2010,3
SLC:DF_LAWS(1.0),verordnung,JU,etat,2010,3
SLC:DF_LAWS(1.0),verordnung,JU,fin,2010,2
SLC:DF_LAWS(1.0),verordnung,JU,sante,2010,2
SLC:DF_LAWS(1.0),verordnung,LU,autres,2010,3
SLC:DF_LAWS(1.0),verordnung,LU,educ,2010,1
SLC:DF_LAWS(1.0),verordnung,LU,etat,2010,2
SLC:DF_LAWS(1.0),verordnung,LU,fin,2010,1
SLC:DF_LAWS(1.0),verordnung,LU,infra,2010,1
SLC:DF_LAWS(1.0),verordnung,LU,sante,2010,3
SLC:DF_LAWS(1.0),verordnung,NE,autres,2010,1
SLC:DF_LAWS(1.0),verordnung,NE,etat,2010,3
SLC:DF_LAWS(1.0),verordnung,NE,infra,2010,2
SLC:DF_LAWS(1.0),verordnung,NW,etat,2010,1
SLC:DF_LAWS(1.0),verordnung,NW,fin,2010,1
SLC:DF_LAWS(1.0),verordnung,NW,infra,2010,7
SLC:DF_LAWS(1.0),verordnung,NW,sante,2010,5
SLC:DF_LAWS(1.0),verordnung,OW,eco,2010,1
SLC:DF_LAWS(1.0),verordnung,OW,educ,2010,2
SLC:DF_LAWS(1.0),verordnung,OW,etat,2010,3
SLC:DF_LAWS(1.0),verordnung,OW,fin,2010,1
SLC:DF_LAWS(1.0),verordnung,OW,infra,2010,4
SLC:DF_LAWS(1.0),verordnung,OW,sante,2010,2
SLC:DF_LAWS(1.0),verordnung,SG,etat,2010,2
SLC:DF_LAWS(1.0),verordnung,SG,infra,2010,1
SLC:DF_LAWS(1.0),verordnung,SG,sante,2010,11
SLC:DF_LAWS(1.0),verordnung,SH,etat,2010,3
SLC:DF_LAWS(1.0),verordnung,SH,sante,2010,1
SLC:DF_LAWS(1.0),verordnung,SO,educ,2010,1
SLC:DF_LAWS(1.0),verordnung,SO,sante,2010,1
SLC:DF_LAWS(1.0),verordnung,SZ,eco,2010,1
SLC:DF_LAWS(1.0),verordnung,SZ,sante,2010,3
SLC:DF_LAWS(1.0),verordnung,TG,etat,2010,4
SLC:DF_LAWS(1.0),verordnung,TG,sante,2010,3
SLC:DF_LAWS(1.0),verordnung,TI,autres,2010,1
SLC:DF_LAWS(1.0),verordnung,TI,etat,2010,1
SLC:DF_LAWS(1.0),verordnung,TI,fin,2010,1
SLC:DF_LAWS(1.0),verordnung,VS,educ,2010,1
SLC:DF_LAWS(1.0),verordnung,VS,etat,2010,1
SLC:DF_LAWS(1.0),verordnung,ZG,autres,2010,1
SLC:DF_LAWS(1.0),verordnung,ZG,etat,2010,3
SLC:DF_LAWS(1.0),verordnung,ZG,sante,2010,3
SLC:DF_LAWS(1.0),verordnung,ZH,autres,2010,1
SLC:DF_LAWS(1.0),verordnung,ZH,eco,2010,1
SLC:DF_LAWS(1.0),verordnung,ZH,educ,2010,1
SLC:DF_LAWS(1.0),verordnung,ZH,etat,2010,3
SLC:DF_LAWS(1.0),anderes,_T,_T,2010,72
SLC:DF_LAWS(1.0),dekret,_T,_T,2010,37
SLC:DF_LAWS(1.0),gemeindeerlass,_T,_T,2010,6
SLC:DF_LAWS(1.0),gesetz,_T,_T,2010,57
SLC:DF_LAWS(1.0),interkantonale_vereinbarung,_T,_T,2010,27
SLC:DF_LAWS(1.0),reglement,_T,_T,2010,112
SLC:DF_LAWS(1.0),verfassung,_T,_T,2010,1
SLC:DF_LAWS(1.0),verordnung,_T,_T,2010,180
SLC:DF_LAWS(1.0),_T,AG,_T,2010,16
SLC:DF_LAWS(1.0),_T,AI,_T,2010,6
SLC:DF_LAWS(1.0),_T,AR,_T,2010,10
SLC:DF_LAWS(1.0),_T,BE,_T,2010,38
SLC:DF_LAWS(1.0),_T,BL,_T,2010,17
SLC:DF_LAWS(1.0),_T,BS,_T,2010,25
SLC:DF_LAWS(1.0),_T,FR,_T,2010,30
SLC:DF_LAWS(1.0),_T,GE,_T,2010,29
SLC:DF_LAWS(1.0),_T,GL,_T,2010,9
SLC:DF_LAWS(1.0),_T,GR,_T,2010,13
SLC:DF_LAWS(1.0),_T,JU,_T,2010,13
SLC:DF_LAWS(1.0),_T,LU,_T,2010,23
SLC:DF_LAWS(1.0),_T,NE,_T,2010,19
SLC:DF_LAWS(1.0),_T,NW,_T,2010,18
SLC:DF_LAWS(1.0),_T,OW,_T,2010,27
SLC:DF_LAWS(1.0),_T,SG,_T,2010,30
SLC:DF_LAWS(1.0),_T,SH,_T,2010,6
SLC:DF_LAWS(1.0),_T,SO,_T,2010,9
SLC:DF_LAWS(1.0),_T,SZ,_T,2010,8
SLC:DF_LAWS(1.0),_T,TG,_T,2010,14
SLC:DF_LAWS(1.0),_T,TI,_T,2010,17
SLC:DF_LAWS(1.0),_T,UR,_T,2010,8
SLC:DF_LAWS(1.0),_T,VD,_T,2010,28
SLC:DF_LAWS(1.0),_T,VS,_T,2010,17
SLC:DF_LAWS(1.0),_T,ZG,_T,2010,20
SLC:DF_LAWS(1.0),_T,ZH,_T,2010,42
SLC:DF_LAWS(1.0),_T,_T,autres,2010,44
SLC:DF_LAWS(1.0),_T,_T,eco,2010,24
SLC:DF_LAWS(1.0),_T,_T,educ,2010,83
SLC:DF_LAWS(1.0),_T,_T,etat,2010,167
SLC:DF_LAWS(1.0),_T,_T,fin,2010,22
SLC:DF_LAWS(1.0),_T,_T,infra,2010,56
SLC:DF_LAWS(1.0),_T,_T,sante,2010,96
SLC:DF_LAWS(1.0),_T,_T,_T,2010,492
SLC:DF_LAWS(1.0),anderes,AG,etat,2011,2
SLC:DF_LAWS(1.0),anderes,AG,sante,2011,1
SLC:DF_LAWS(1.0),anderes,AI,educ,2011,1
SLC:DF_LAWS(1.0),anderes,AR,sante,2011,1
SLC:DF_LAWS(1.0),anderes,BE,autres,2011,2
SLC:DF_LAWS(1.0),anderes,BL,educ,2011,1
SLC:DF_LAWS(1.0),anderes,BL,etat,2011,1
SLC:DF_LAWS(1.0),anderes,FR,autres,2011,1
SLC:DF_LAWS(1.0),anderes,FR,etat,2011,1
SLC:DF_LAWS(1.0),anderes,GL,etat,2011,1
SLC:DF_LAWS(1.0),anderes,LU,educ,2011,2
SLC:DF_LAWS(1.0),anderes,LU,sante,2011,1
SLC:DF_LAWS(1.0),anderes,NE,educ,2011,1
SLC:DF_LAWS(1.0),anderes,NE,sante,2011,1
SLC:DF_LAWS(1.0),anderes,NW,sante,2011,1
SLC:DF_LAWS(1.0),anderes,OW,educ,2011,1
SLC:DF_LAWS(1.0),anderes,OW,infra,2011,2
SLC:DF_LAWS(1.0),anderes,SG,eco,2011,1
SLC:DF_LAWS(1.0),anderes,SG,infra,2011,1
SLC:DF_LAWS(1.0),anderes,SG,sante,2011,1
SLC:DF_LAWS(1.0),anderes,SH,autres,2011,1
SLC:DF_LAWS(1.0),anderes,SH,fin,2011,1
SLC:DF_LAWS(1.0),anderes,SO,infra,2011,1
SLC:DF_LAWS(1.0),anderes,TI,sante,2011,3
SLC:DF_LAWS(1.0),anderes,VD,autres,2011,1
SLC:DF_LAWS(1.0),anderes,VD,eco,2011,1
SLC:DF_LAWS(1.0),anderes,VD,educ,2011,1
SLC:DF_LAWS(1.0),anderes,VD,sante,2011,3
SLC:DF_LAWS(1.0),anderes,VS,etat,2011,1
SLC:DF_LAWS(1.0),anderes,VS,infra,2011,1
SLC:DF_LAWS(1.0),anderes,ZG,etat,2011,2
SLC:DF_LAWS(1.0),anderes,ZH,educ,2011,12
SLC:DF_LAWS(1.0),anderes,ZH,etat,2011,3
SLC:DF_LAWS(1.0),dekret,AG,autres,2011,1
SLC:DF_LAWS(1.0),dekret,AG,etat,2011,1
SLC:DF_LAWS(1.0),dekret,AG,infra,2011,1
SLC:DF_LAWS(1.0),dekret,AI,etat,2011,1
SLC:DF_LAWS(1.0),dekret,BE,autres,2011,1
SLC:DF_LAWS(1.0),dekret,BE,educ,2011,1
SLC:DF_LAWS(1.0),dekret,BE,fin,2011,1
SLC:DF_LAWS(1.0),dekret,NW,sante,2011,2
SLC:DF_LAWS(1.0),dekret,OW,sante,2011,1
SLC:DF_LAWS(1.0),dekret,SG,educ,2011,1
SLC:DF_LAWS(1.0),dekret,SG,etat,2011,2
SLC:DF_LAWS(1.0),dekret,SG,fin,2011,2
SLC:DF_LAWS(1.0),dekret,SG,sante,2011,1
SLC:DF_LAWS(1.0),dekret,TI,autres,2011,2
SLC:DF_LAWS(1.0),dekret,TI,etat,2011,1
SLC:DF_LAWS(1.0),dekret,TI,fin,2011,1
SLC:DF_LAWS(1.0),dekret,UR,etat,2011,1
SLC:DF_LAWS(1.0),dekret,VD,etat,2011,1
SLC:DF_LAWS(1.0),dekret,VS,sante,2011,1
SLC:DF_LAWS(1.0),dekret,ZG,eco,2011,1
SLC:DF_LAWS(1.0),dekret,ZG,educ,2011,4
SLC:DF_LAWS(1.0),dekret,ZH,etat,2011,1
SLC:DF_LAWS(1.0),gemeindeerlass,BS,etat,2011,2
SLC:DF_LAWS(1.0),gemeindeerlass,BS,sante,2011,1
SLC:DF_LAWS(1.0),gesetz,AG,autres,2011,1
SLC:DF_LAWS(1.0),gesetz,AG,etat,2011,4
SLC:DF_LAWS(1.0),gesetz,AG,infra,2011,1
SLC:DF_LAWS(1.0),gesetz,AG,sante,2011,1
SLC:DF_LAWS(1.0),gesetz,AR,sante,2011,1
SLC:DF_LAWS(1.0),gesetz,BE,autres,2011,1
SLC:DF_LAWS(1.0),gesetz,BE,educ,2011,1
SLC:DF_LAWS(1.0),gesetz,BS,educ,2011,1
SLC:DF_LAWS(1.0),gesetz,BS,sante,2011,1
SLC:DF_LAWS(1.0),gesetz,FR,eco,2011,1
SLC:DF_LAWS(1.0),gesetz,FR,etat,2011,1
SLC:DF_LAWS(1.0),gesetz,FR,infra,2011,1
SLC:DF_LAWS(1.0),gesetz,FR,sante,2011,2
SLC:DF_LAWS(1.0),gesetz,GE,autres,2011,2
SLC:DF_LAWS(1.0),gesetz,GE,etat,2011,4
SLC:DF_LAWS(1.0),gesetz,GE,infra,2011,3
SLC:DF_LAWS(1.0),gesetz,GE,sante,2011,2
SLC:DF_LAWS(1.0),gesetz,GR,autres,2011,1
SLC:DF_LAWS(1.0),gesetz,GR,educ,2011,1
SLC:DF_LAWS(1.0),gesetz,GR,fin,2011,2
SLC:DF_LAWS(1.0),gesetz,JU,etat,2011,1
SLC:DF_LAWS(1.0),gesetz,LU,educ,2011,1
SLC:DF_LAWS(1.0),gesetz,LU,etat,2011,1
SLC:DF_LAWS(1.0),gesetz,NE,autres,2011,2
SLC:DF_LAWS(1.0),gesetz,NE,etat,2011,1
SLC:DF_LAWS(1.0),gesetz,NE,sante,2011,1
SLC:DF_LAWS(1.0),gesetz,NW,etat,2011,1
SLC:DF_LAWS(1.0),gesetz,OW,educ,2011,1
SLC:DF_LAWS(1.0),gesetz,OW,etat,2011,1
SLC:DF_LAWS(1.0),gesetz,SG,educ,2011,1
SLC:DF_LAWS(1.0),gesetz,SG,etat,2011,1
SLC:DF_LAWS(1.0),gesetz,SG,sante,2011,2
SLC:DF_LAWS(1.0),gesetz,SH,infra,2011,1
SLC:DF_LAWS(1.0),gesetz,SO,autres,2011,1
SLC:DF_LAWS(1.0),gesetz,SZ,infra,2011,2
SLC:DF_LAWS(1.0),gesetz,TG,educ,2011,1
SLC:DF_LAWS(1.0),gesetz,TI,educ,2011,1
SLC:DF_LAWS(1.0),gesetz,TI,etat,2011,2
SLC:DF_LAWS(1.0),gesetz,UR,autres,2011,1
SLC:DF_LAWS(1.0),gesetz,VD,educ,2011,3
SLC:DF_LAWS(1.0),gesetz,VD,etat,2011,2
SLC:DF_LAWS(1.0),gesetz,VS,eco,2011,1
SLC:DF_LAWS(1.0),gesetz,VS,educ,2011,1
SLC:DF_LAWS(1.0),gesetz,VS,etat,2011,3
SLC:DF_LAWS(1.0),gesetz,VS,fin,2011,1
SLC:DF_LAWS(1.0),gesetz,ZH,autres,2011,2
SLC:DF_LAWS(1.0),gesetz,ZH,sante,2011,1
SLC:DF_LAWS(1.0),interkantonale_vereinbarung,AG,educ,2011,1
SLC:DF_LAWS(1.0),interkantonale_vereinbarung,BE,autres,2011,1
SLC:DF_LAWS(1.0),interkantonale_vereinbarung,BE,educ,2011,2
SLC:DF_LAWS(1.0),interkantonale_vereinbarung,BL,autres,2011,1
SLC:DF_LAWS(1.0),interkantonale_vereinbarung,BL,educ,2011,1
SLC:DF_LAWS(1.0),interkantonale_vereinbarung,BL,etat,2011,2
SLC:DF_LAWS(1.0),interkantonale_vereinbarung,BS,eco,2011,1
SLC:DF_LAWS(1.0),interkantonale_vereinbarung,GL,educ,2011,1
SLC:DF_LAWS(1.0),interkantonale_vereinbarung,GL,sante,2011,1
SLC:DF_LAWS(1.0),interkantonale_vereinbarung,JU,autres,2011,1
SLC:DF_LAWS(1.0),interkantonale_vereinbarung,NW,educ,2011,3
SLC:DF_LAWS(1.0),interkantonale_vereinbarung,OW,educ,2011,2
SLC:DF_LAWS(1.0),interkantonale_vereinbarung,SG,educ,2011,2
SLC:DF_LAWS(1.0),interkantonale_vereinbarung,SG,infra,2011,1
SLC:DF_LAWS(1.0),interkantonale_vereinbarung,SH,sante,2011,1
SLC:DF_LAWS(1.0),interkantonale_vereinbarung,TG,educ,2011,1
SLC:DF_LAWS(1.0),interkantonale_vereinbarung,TI,autres,2011,1
SLC:DF_LAWS(1.0),interkantonale_vereinbarung,TI,fin,2011,1
SLC:DF_LAWS(1.0),interkantonale_vereinbarung,VD,autres,2011,1
SLC:DF_LAWS(1.0),interkantonale_vereinbarung,VS,educ,2011,2
SLC:DF_LAWS(1.0),interkantonale_vereinbarung,VS,sante,2011,1
SLC:DF_LAWS(1.0),interkantonale_vereinbarung,ZG,autres,2011,1
SLC:DF_LAWS(1.0),interkantonale_vereinbarung,ZG,educ,2011,2
SLC:DF_LAWS(1.0),interkantonale_vereinbarung,ZG,etat,2011,1
SLC:DF_LAWS(1.0),interkantonale_vereinbarung,ZH,educ,2011,1
SLC:DF_LAWS(1.0),reglement,AG,autres,2011,2
SLC:DF_LAWS(1.0),reglement,BE,autres,2011,1
SLC:DF_LAWS(1.0),reglement,BE,educ,2011,1
SLC:DF_LAWS(1.0),reglement,BE,etat,2011,1
SLC:DF_LAWS(1.0),reglement,BS,etat,2011,1
SLC:DF_LAWS(1.0),reglement,FR,educ,2011,4
SLC:DF_LAWS(1.0),reglement,FR,etat,2011,2
SLC:DF_LAWS(1.0),reglement,FR,sante,2011,1
SLC:DF_LAWS(1.0),reglement,GE,autres,2011,5
SLC:DF_LAWS(1.0),reglement,GE,educ,2011,1
SLC:DF_LAWS(1.0),reglement,GE,etat,2011,3
SLC:DF_LAWS(1.0),reglement,GL,etat,2011,2
SLC:DF_LAWS(1.0),reglement,JU,etat,2011,1
SLC:DF_LAWS(1.0),reglement,LU,educ,2011,1
SLC:DF_LAWS(1.0),reglement,NE,autres,2011,1
SLC:DF_LAWS(1.0),reglement,NE,educ,2011,4
SLC:DF_LAWS(1.0),reglement,NE,sante,2011,1
SLC:DF_LAWS(1.0),reglement,SG,educ,2011,1
SLC:DF_LAWS(1.0),reglement,SO,educ,2011,1
SLC:DF_LAWS(1.0),reglement,SO,sante,2011,2
SLC:DF_LAWS(1.0),reglement,TG,educ,2011,3
SLC:DF_LAWS(1.0),reglement,TI,eco,2011,1
SLC:DF_LAWS(1.0),reglement,TI,educ,2011,1
SLC:DF_LAWS(1.0),reglement,TI,etat,2011,4
SLC:DF_LAWS(1.0),reglement,TI,infra,2011,2
SLC:DF_LAWS(1.0),reglement,UR,etat,2011,2
SLC:DF_LAWS(1.0),reglement,UR,infra,2011,3
SLC:DF_LAWS(1.0),reglement,UR,sante,2011,1
SLC:DF_LAWS(1.0),reglement,VD,autres,2011,1
SLC:DF_LAWS(1.0),reglement,VD,educ,2011,5
SLC:DF_LAWS(1.0),reglement,VD,etat,2011,2
SLC:DF_LAWS(1.0),reglement,VD,fin,2011,2
SLC:DF_LAWS(1.0),reglement,VD,sante,2011,1
SLC:DF_LAWS(1.0),reglement,VS,educ,2011,3
SLC:DF_LAWS(1.0),reglement,VS,etat,2011,1
SLC:DF_LAWS(1.0),reglement,ZG,sante,2011,1
SLC:DF_LAWS(1.0),reglement,ZH,educ,2011,4
SLC:DF_LAWS(1.0),reglement,ZH,etat,2011,1
SLC:DF_LAWS(1.0),verordnung,AG,autres,2011,3
SLC:DF_LAWS(1.0),verordnung,AG,etat,2011,1
SLC:DF_LAWS(1.0),verordnung,AG,sante,2011,2
SLC:DF_LAWS(1.0),verordnung,AI,autres,2011,2
SLC:DF_LAWS(1.0),verordnung,AI,eco,2011,1
SLC:DF_LAWS(1.0),verordnung,AI,educ,2011,1
SLC:DF_LAWS(1.0),verordnung,AI,sante,2011,1
SLC:DF_LAWS(1.0),verordnung,BE,educ,2011,2
SLC:DF_LAWS(1.0),verordnung,BE,etat,2011,4
SLC:DF_LAWS(1.0),verordnung,BE,infra,2011,1
SLC:DF_LAWS(1.0),verordnung,BE,sante,2011,1
SLC:DF_LAWS(1.0),verordnung,BL,educ,2011,4
SLC:DF_LAWS(1.0),verordnung,BL,etat,2011,1
SLC:DF_LAWS(1.0),verordnung,BL,fin,2011,1
SLC:DF_LAWS(1.0),verordnung,BL,infra,2011,16
SLC:DF_LAWS(1.0),verordnung,BL,sante,2011,2
SLC:DF_LAWS(1.0),verordnung,BS,eco,2011,1
SLC:DF_LAWS(1.0),verordnung,BS,educ,2011,1
SLC:DF_LAWS(1.0),verordnung,BS,etat,2011,2
SLC:DF_LAWS(1.0),verordnung,BS,infra,2011,2
SLC:DF_LAWS(1.0),verordnung,BS,sante,2011,1
SLC:DF_LAWS(1.0),verordnung,FR,etat,2011,5
SLC:DF_LAWS(1.0),verordnung,FR,infra,2011,1
SLC:DF_LAWS(1.0),verordnung,FR,sante,2011,7
SLC:DF_LAWS(1.0),verordnung,GE,etat,2011,1
SLC:DF_LAWS(1.0),verordnung,GE,sante,2011,1
SLC:DF_LAWS(1.0),verordnung,GL,eco,2011,1
SLC:DF_LAWS(1.0),verordnung,GL,etat,2011,1
SLC:DF_LAWS(1.0),verordnung,GL,infra,2011,1
SLC:DF_LAWS(1.0),verordnung,GR,autres,2011,1
SLC:DF_LAWS(1.0),verordnung,JU,educ,2011,2
SLC:DF_LAWS(1.0),verordnung,JU,etat,2011,5
SLC:DF_LAWS(1.0),verordnung,JU,fin,2011,1
SLC:DF_LAWS(1.0),verordnung,JU,sante,2011,1
SLC:DF_LAWS(1.0),verordnung,LU,autres,2011,2
SLC:DF_LAWS(1.0),verordnung,LU,etat,2011,1
SLC:DF_LAWS(1.0),verordnung,NE,educ,2011,1
SLC:DF_LAWS(1.0),verordnung,NW,eco,2011,1
SLC:DF_LAWS(1.0),verordnung,NW,sante,2011,1
SLC:DF_LAWS(1.0),verordnung,OW,eco,2011,1
SLC:DF_LAWS(1.0),verordnung,OW,educ,2011,2
SLC:DF_LAWS(1.0),verordnung,OW,etat,2011,1
SLC:DF_LAWS(1.0),verordnung,OW,infra,2011,3
SLC:DF_LAWS(1.0),verordnung,OW,sante,2011,2
SLC:DF_LAWS(1.0),verordnung,SG,educ,2011,1
SLC:DF_LAWS(1.0),verordnung,SG,etat,2011,3
SLC:DF_LAWS(1.0),verordnung,SG,infra,2011,1
SLC:DF_LAWS(1.0),verordnung,SG,sante,2011,6
SLC:DF_LAWS(1.0),verordnung,SO,etat,2011,2
SLC:DF_LAWS(1.0),verordnung,SO,fin,2011,1
SLC:DF_LAWS(1.0),verordnung,SO,sante,2011,1
SLC:DF_LAWS(1.0),verordnung,TG,autres,2011,2
SLC:DF_LAWS(1.0),verordnung,TI,fin,2011,1
SLC:DF_LAWS(1.0),verordnung,TI,sante,2011,1
SLC:DF_LAWS(1.0),verordnung,VS,sante,2011,2
SLC:DF_LAWS(1.0),verordnung,ZG,autres,2011,1
SLC:DF_LAWS(1.0),verordnung,ZG,etat,2011,7
SLC:DF_LAWS(1.0),verordnung,ZG,sante,2011,1
SLC:DF_LAWS(1.0),verordnung,ZH,autres,2011,1
SLC:DF_LAWS(1.0),verordnung,ZH,educ,2011,3
SLC:DF_LAWS(1.0),verordnung,ZH,etat,2011,3
SLC:DF_LAWS(1.0),verordnung,ZH,fin,2011,1
SLC:DF_LAWS(1.0),verordnung,ZH,sante,2011,1
SLC:DF_LAWS(1.0),anderes,_T,_T,2011,55
SLC:DF_LAWS(1.0),dekret,_T,_T,2011,29
SLC:DF_LAWS(1.0),gemeindeerlass,_T,_T,2011,3
SLC:DF_LAWS(1.0),gesetz,_T,_T,2011,69
SLC:DF_LAWS(1.0),interkantonale_vereinbarung,_T,_T,2011,33
SLC:DF_LAWS(1.0),reglement,_T,_T,2011,74
SLC:DF_LAWS(1.0),verordnung,_T,_T,2011,132
SLC:DF_LAWS(1.0),_T,AG,_T,2011,22
SLC:DF_LAWS(1.0),_T,AI,_T,2011,7
SLC:DF_LAWS(1.0),_T,AR,_T,2011,2
SLC:DF_LAWS(1.0),_T,BE,_T,2011,21
SLC:DF_LAWS(1.0),_T,BL,_T,2011,30
SLC:DF_LAWS(1.0),_T,BS,_T,2011,14
SLC:DF_LAWS(1.0),_T,FR,_T,2011,27
SLC:DF_LAWS(1.0),_T,GE,_T,2011,22
SLC:DF_LAWS(1.0),_T,GL,_T,2011,8
SLC:DF_LAWS(1.0),_T,GR,_T,2011,5
SLC:DF_LAWS(1.0),_T,JU,_T,2011,12
SLC:DF_LAWS(1.0),_T,LU,_T,2011,9
SLC:DF_LAWS(1.0),_T,NE,_T,2011,13
SLC:DF_LAWS(1.0),_T,NW,_T,2011,9
SLC:DF_LAWS(1.0),_T,OW,_T,2011,17
SLC:DF_LAWS(1.0),_T,SG,_T,2011,28
SLC:DF_LAWS(1.0),_T,SH,_T,2011,4
SLC:DF_LAWS(1.0),_T,SO,_T,2011,9
SLC:DF_LAWS(1.0),_T,SZ,_T,2011,2
SLC:DF_LAWS(1.0),_T,TG,_T,2011,7
SLC:DF_LAWS(1.0),_T,TI,_T,2011,22
SLC:DF_LAWS(1.0),_T,UR,_T,2011,8
SLC:DF_LAWS(1.0),_T,VD,_T,2011,24
SLC:DF_LAWS(1.0),_T,VS,_T,2011,18
SLC:DF_LAWS(1.0),_T,ZG,_T,2011,21
SLC:DF_LAWS(1.0),_T,ZH,_T,2011,34
SLC:DF_LAWS(1.0),_T,_T,autres,2011,48
SLC:DF_LAWS(1.0),_T,_T,eco,2011,12
SLC:DF_LAWS(1.0),_T,_T,educ,2011,101
SLC:DF_LAWS(1.0),_T,_T,etat,2011,103
SLC:DF_LAWS(1.0),_T,_T,fin,2011,16
SLC:DF_LAWS(1.0),_T,_T,infra,2011,45
SLC:DF_LAWS(1.0),_T,_T,sante,2011,70
SLC:DF_LAWS(1.0),_T,_T,_T,2011,395
SLC:DF_LAWS(1.0),anderes,AG,autres,2012,1
SLC:DF_LAWS(1.0),anderes,AG,fin,2012,1
SLC:DF_LAWS(1.0),anderes,AR,educ,2012,2
SLC:DF_LAWS(1.0),anderes,AR,etat,2012,1
SLC:DF_LAWS(1.0),anderes,BE,autres,2012,1
SLC:DF_LAWS(1.0),anderes,BL,educ,2012,2
SLC:DF_LAWS(1.0),anderes,BL,sante,2012,2
SLC:DF_LAWS(1.0),anderes,BS,autres,2012,2
SLC:DF_LAWS(1.0),anderes,BS,educ,2012,1
SLC:DF_LAWS(1.0),anderes,BS,infra,2012,1
SLC:DF_LAWS(1.0),anderes,BS,sante,2012,1
SLC:DF_LAWS(1.0),anderes,FR,etat,2012,1
SLC:DF_LAWS(1.0),anderes,GL,educ,2012,2
SLC:DF_LAWS(1.0),anderes,GL,etat,2012,1
SLC:DF_LAWS(1.0),anderes,LU,educ,2012,2
SLC:DF_LAWS(1.0),anderes,LU,infra,2012,1
SLC:DF_LAWS(1.0),anderes,LU,sante,2012,1
SLC:DF_LAWS(1.0),anderes,NE,etat,2012,1
SLC:DF_LAWS(1.0),anderes,NW,autres,2012,1
SLC:DF_LAWS(1.0),anderes,NW,sante,2012,2
SLC:DF_LAWS(1.0),anderes,OW,educ,2012,1
SLC:DF_LAWS(1.0),anderes,SG,educ,2012,1
SLC:DF_LAWS(1.0),anderes,SG,sante,2012,1
SLC:DF_LAWS(1.0),anderes,SH,fin,2012,1
SLC:DF_LAWS(1.0),anderes,SO,autres,2012,1
SLC:DF_LAWS(1.0),anderes,TG,autres,2012,1
SLC:DF_LAWS(1.0),anderes,UR,autres,2012,1
SLC:DF_LAWS(1.0),anderes,VD,sante,2012,3
SLC:DF_LAWS(1.0),anderes,VS,sante,2012,1
SLC:DF_LAWS(1.0),anderes,ZG,etat,2012,5
SLC:DF_LAWS(1.0),anderes,ZG,sante,2012,1
SLC:DF_LAWS(1.0),anderes,ZH,educ,2012,10
SLC:DF_LAWS(1.0),dekret,AG,etat,2012,1
SLC:DF_LAWS(1.0),dekret,AI,educ,2012,2
SLC:DF_LAWS(1.0),dekret,AI,etat,2012,2
SLC:DF_LAWS(1.0),dekret,AI,infra,2012,1
SLC:DF_LAWS(1.0),dekret,OW,autres,2012,1
SLC:DF_LAWS(1.0),dekret,OW,etat,2012,1
SLC:DF_LAWS(1.0),dekret,OW,infra,2012,1
SLC:DF_LAWS(1.0),dekret,SG,educ,2012,3
SLC:DF_LAWS(1.0),dekret,SG,etat,2012,4
SLC:DF_LAWS(1.0),dekret,SG,fin,2012,2
SLC:DF_LAWS(1.0),dekret,SZ,sante,2012,1
SLC:DF_LAWS(1.0),dekret,TI,educ,2012,1
SLC:DF_LAWS(1.0),dekret,TI,etat,2012,2
SLC:DF_LAWS(1.0),dekret,VD,etat,2012,2
SLC:DF_LAWS(1.0),dekret,VS,infra,2012,1
SLC:DF_LAWS(1.0),dekret,ZG,fin,2012,2
SLC:DF_LAWS(1.0),gemeindeerlass,BS,etat,2012,4
SLC:DF_LAWS(1.0),gemeindeerlass,BS,fin,2012,1
SLC:DF_LAWS(1.0),gemeindeerlass,BS,sante,2012,3
SLC:DF_LAWS(1.0),gesetz,AG,etat,2012,1
SLC:DF_LAWS(1.0),gesetz,AG,fin,2012,1
SLC:DF_LAWS(1.0),gesetz,AG,infra,2012,2
SLC:DF_LAWS(1.0),gesetz,AI,etat,2012,1
SLC:DF_LAWS(1.0),gesetz,AR,autres,2012,1
SLC:DF_LAWS(1.0),gesetz,AR,etat,2012,1
SLC:DF_LAWS(1.0),gesetz,BE,eco,2012,1
SLC:DF_LAWS(1.0),gesetz,BE,etat,2012,1
SLC:DF_LAWS(1.0),gesetz,BE,infra,2012,1
SLC:DF_LAWS(1.0),gesetz,BL,eco,2012,2
SLC:DF_LAWS(1.0),gesetz,BL,infra,2012,1
SLC:DF_LAWS(1.0),gesetz,BS,eco,2012,1
SLC:DF_LAWS(1.0),gesetz,FR,autres,2012,1
SLC:DF_LAWS(1.0),gesetz,FR,etat,2012,1
SLC:DF_LAWS(1.0),gesetz,FR,infra,2012,1
SLC:DF_LAWS(1.0),gesetz,GE,educ,2012,2
SLC:DF_LAWS(1.0),gesetz,GE,etat,2012,2
SLC:DF_LAWS(1.0),gesetz,GE,fin,2012,1
SLC:DF_LAWS(1.0),gesetz,GL,etat,2012,2
SLC:DF_LAWS(1.0),gesetz,JU,autres,2012,1
SLC:DF_LAWS(1.0),gesetz,JU,eco,2012,1
SLC:DF_LAWS(1.0),gesetz,LU,etat,2012,1
SLC:DF_LAWS(1.0),gesetz,NE,etat,2012,3
SLC:DF_LAWS(1.0),gesetz,NW,educ,2012,1
SLC:DF_LAWS(1.0),gesetz,NW,infra,2012,1
SLC:DF_LAWS(1.0),gesetz,SG,autres,2012,1
SLC:DF_LAWS(1.0),gesetz,SG,fin,2012,1
SLC:DF_LAWS(1.0),gesetz,SG,sante,2012,2
SLC:DF_LAWS(1.0),gesetz,SH,autres,2012,1
SLC:DF_LAWS(1.0),gesetz,SZ,educ,2012,1
SLC:DF_LAWS(1.0),gesetz,SZ,fin,2012,1
SLC:DF_LAWS(1.0),gesetz,UR,eco,2012,1
SLC:DF_LAWS(1.0),gesetz,VD,autres,2012,2
SLC:DF_LAWS(1.0),gesetz,VD,eco,2012,1
SLC:DF_LAWS(1.0),gesetz,VD,sante,2012,1
SLC:DF_LAWS(1.0),gesetz,VS,educ,2012,1
SLC:DF_LAWS(1.0),gesetz,VS,etat,2012,1
SLC:DF_LAWS(1.0),gesetz,ZG,autres,2012,1
SLC:DF_LAWS(1.0),gesetz,ZH,autres,2012,1
SLC:DF_LAWS(1.0),interkantonale_vereinbarung,AG,sante,2012,1
SLC:DF_LAWS(1.0),interkantonale_vereinbarung,AI,educ,2012,1
SLC:DF_LAWS(1.0),interkantonale_vereinbarung,AI,etat,2012,1
SLC:DF_LAWS(1.0),interkantonale_vereinbarung,AR,educ,2012,1
SLC:DF_LAWS(1.0),interkantonale_vereinbarung,AR,infra,2012,1
SLC:DF_LAWS(1.0),interkantonale_vereinbarung,BE,educ,2012,2
SLC:DF_LAWS(1.0),interkantonale_vereinbarung,BS,educ,2012,1
SLC:DF_LAWS(1.0),interkantonale_vereinbarung,GL,infra,2012,1
SLC:DF_LAWS(1.0),interkantonale_vereinbarung,JU,etat,2012,1
SLC:DF_LAWS(1.0),interkantonale_vereinbarung,LU,educ,2012,3
SLC:DF_LAWS(1.0),interkantonale_vereinbarung,LU,infra,2012,1
SLC:DF_LAWS(1.0),interkantonale_vereinbarung,NW,educ,2012,3
SLC:DF_LAWS(1.0),interkantonale_vereinbarung,OW,educ,2012,4
SLC:DF_LAWS(1.0),interkantonale_vereinbarung,SG,etat,2012,1
SLC:DF_LAWS(1.0),interkantonale_vereinbarung,SG,infra,2012,1
SLC:DF_LAWS(1.0),interkantonale_vereinbarung,SH,educ,2012,1
SLC:DF_LAWS(1.0),interkantonale_vereinbarung,TI,educ,2012,1
SLC:DF_LAWS(1.0),interkantonale_vereinbarung,TI,sante,2012,1
SLC:DF_LAWS(1.0),interkantonale_vereinbarung,VD,educ,2012,1
SLC:DF_LAWS(1.0),interkantonale_vereinbarung,VD,fin,2012,1
SLC:DF_LAWS(1.0),interkantonale_vereinbarung,ZG,educ,2012,1
SLC:DF_LAWS(1.0),interkantonale_vereinbarung,ZH,educ,2012,1
SLC:DF_LAWS(1.0),reglement,AG,educ,2012,1
SLC:DF_LAWS(1.0),reglement,AG,etat,2012,6
SLC:DF_LAWS(1.0),reglement,BE,educ,2012,1
SLC:DF_LAWS(1.0),reglement,FR,infra,2012,1
SLC:DF_LAWS(1.0),reglement,GE,autres,2012,1
SLC:DF_LAWS(1.0),reglement,GE,fin,2012,1
SLC:DF_LAWS(1.0),reglement,GE,sante,2012,8
SLC:DF_LAWS(1.0),reglement,LU,educ,2012,3
SLC:DF_LAWS(1.0),reglement,LU,infra,2012,1
SLC:DF_LAWS(1.0),reglement,NE,autres,2012,1
SLC:DF_LAWS(1.0),reglement,NE,educ,2012,1
SLC:DF_LAWS(1.0),reglement,NE,etat,2012,2
SLC:DF_LAWS(1.0),reglement,NW,etat,2012,1
SLC:DF_LAWS(1.0),reglement,SG,educ,2012,3
SLC:DF_LAWS(1.0),reglement,SG,etat,2012,1
SLC:DF_LAWS(1.0),reglement,SO,educ,2012,1
SLC:DF_LAWS(1.0),reglement,SZ,educ,2012,1
SLC:DF_LAWS(1.0),reglement,TG,educ,2012,1
SLC:DF_LAWS(1.0),reglement,TI,eco,2012,2
SLC:DF_LAWS(1.0),reglement,TI,educ,2012,3
SLC:DF_LAWS(1.0),reglement,TI,etat,2012,5
SLC:DF_LAWS(1.0),reglement,TI,sante,2012,1
SLC:DF_LAWS(1.0),reglement,UR,autres,2012,1
SLC:DF_LAWS(1.0),reglement,UR,eco,2012,1
SLC:DF_LAWS(1.0),reglement,UR,educ,2012,1
SLC:DF_LAWS(1.0),reglement,VD,autres,2012,1
SLC:DF_LAWS(1.0),reglement,VS,eco,2012,1
SLC:DF_LAWS(1.0),reglement,VS,educ,2012,2
SLC:DF_LAWS(1.0),reglement,VS,etat,2012,2
SLC:DF_LAWS(1.0),reglement,VS,sante,2012,1
SLC:DF_LAWS(1.0),reglement,ZG,eco,2012,1
SLC:DF_LAWS(1.0),reglement,ZG,infra,2012,1
SLC:DF_LAWS(1.0),reglement,ZH,autres,2012,1
SLC:DF_LAWS(1.0),reglement,ZH,educ,2012,1
SLC:DF_LAWS(1.0),staatsvertrag,SG,educ,2012,1
SLC:DF_LAWS(1.0),staatsvertrag,VD,etat,2012,1
SLC:DF_LAWS(1.0),verordnung,AG,autres,2012,1
SLC:DF_LAWS(1.0),verordnung,AG,eco,2012,2
SLC:DF_LAWS(1.0),verordnung,AG,educ,2012,2
SLC:DF_LAWS(1.0),verordnung,AG,etat,2012,6
SLC:DF_LAWS(1.0),verordnung,AG,infra,2012,4
SLC:DF_LAWS(1.0),verordnung,AG,sante,2012,4
SLC:DF_LAWS(1.0),verordnung,AI,autres,2012,1
SLC:DF_LAWS(1.0),verordnung,AR,autres,2012,4
SLC:DF_LAWS(1.0),verordnung,AR,eco,2012,1
SLC:DF_LAWS(1.0),verordnung,AR,infra,2012,1
SLC:DF_LAWS(1.0),verordnung,BE,autres,2012,2
SLC:DF_LAWS(1.0),verordnung,BE,eco,2012,1
SLC:DF_LAWS(1.0),verordnung,BE,educ,2012,5
SLC:DF_LAWS(1.0),verordnung,BE,etat,2012,1
SLC:DF_LAWS(1.0),verordnung,BL,autres,2012,1
SLC:DF_LAWS(1.0),verordnung,BL,eco,2012,1
SLC:DF_LAWS(1.0),verordnung,BL,educ,2012,1
SLC:DF_LAWS(1.0),verordnung,BL,etat,2012,2
SLC:DF_LAWS(1.0),verordnung,BL,fin,2012,1
SLC:DF_LAWS(1.0),verordnung,BL,infra,2012,14
SLC:DF_LAWS(1.0),verordnung,BS,autres,2012,1
SLC:DF_LAWS(1.0),verordnung,BS,educ,2012,2
SLC:DF_LAWS(1.0),verordnung,BS,etat,2012,1
SLC:DF_LAWS(1.0),verordnung,BS,infra,2012,1
SLC:DF_LAWS(1.0),verordnung,FR,autres,2012,2
SLC:DF_LAWS(1.0),verordnung,FR,eco,2012,2
SLC:DF_LAWS(1.0),verordnung,FR,educ,2012,4
SLC:DF_LAWS(1.0),verordnung,FR,etat,2012,4
SLC:DF_LAWS(1.0),verordnung,FR,infra,2012,1
SLC:DF_LAWS(1.0),verordnung,FR,sante,2012,4
SLC:DF_LAWS(1.0),verordnung,GL,autres,2012,4
SLC:DF_LAWS(1.0),verordnung,GL,educ,2012,1
SLC:DF_LAWS(1.0),verordnung,GL,sante,2012,1
SLC:DF_LAWS(1.0),verordnung,GR,autres,2012,5
SLC:DF_LAWS(1.0),verordnung,GR,educ,2012,1
SLC:DF_LAWS(1.0),verordnung,JU,autres,2012,1
SLC:DF_LAWS(1.0),verordnung,JU,eco,2012,1
SLC:DF_LAWS(1.0),verordnung,JU,educ,2012,1
SLC:DF_LAWS(1.0),verordnung,JU,etat,2012,5
SLC:DF_LAWS(1.0),verordnung,JU,infra,2012,1
SLC:DF_LAWS(1.0),verordnung,JU,sante,2012,1
SLC:DF_LAWS(1.0),verordnung,LU,sante,2012,1
SLC:DF_LAWS(1.0),verordnung,NE,etat,2012,1
SLC:DF_LAWS(1.0),verordnung,NE,sante,2012,1
SLC:DF_LAWS(1.0),verordnung,NW,autres,2012,4
SLC:DF_LAWS(1.0),verordnung,NW,eco,2012,1
SLC:DF_LAWS(1.0),verordnung,NW,educ,2012,1
SLC:DF_LAWS(1.0),verordnung,NW,etat,2012,1
SLC:DF_LAWS(1.0),verordnung,NW,sante,2012,2
SLC:DF_LAWS(1.0),verordnung,OW,autres,2012,3
SLC:DF_LAWS(1.0),verordnung,OW,educ,2012,1
SLC:DF_LAWS(1.0),verordnung,OW,etat,2012,1
SLC:DF_LAWS(1.0),verordnung,OW,infra,2012,2
SLC:DF_LAWS(1.0),verordnung,OW,sante,2012,2
SLC:DF_LAWS(1.0),verordnung,SG,autres,2012,1
SLC:DF_LAWS(1.0),verordnung,SG,educ,2012,3
SLC:DF_LAWS(1.0),verordnung,SG,infra,2012,1
SLC:DF_LAWS(1.0),verordnung,SG,sante,2012,48
SLC:DF_LAWS(1.0),verordnung,SH,autres,2012,1
SLC:DF_LAWS(1.0),verordnung,SO,etat,2012,1
SLC:DF_LAWS(1.0),verordnung,SZ,autres,2012,3
SLC:DF_LAWS(1.0),verordnung,SZ,educ,2012,1
SLC:DF_LAWS(1.0),verordnung,SZ,fin,2012,1
SLC:DF_LAWS(1.0),verordnung,TG,autres,2012,2
SLC:DF_LAWS(1.0),verordnung,TG,educ,2012,1
SLC:DF_LAWS(1.0),verordnung,TG,etat,2012,1
SLC:DF_LAWS(1.0),verordnung,TG,fin,2012,1
SLC:DF_LAWS(1.0),verordnung,TI,sante,2012,1
SLC:DF_LAWS(1.0),verordnung,VS,eco,2012,1
SLC:DF_LAWS(1.0),verordnung,VS,educ,2012,5
SLC:DF_LAWS(1.0),verordnung,VS,etat,2012,4
SLC:DF_LAWS(1.0),verordnung,VS,sante,2012,2
SLC:DF_LAWS(1.0),verordnung,ZG,autres,2012,6
SLC:DF_LAWS(1.0),verordnung,ZG,eco,2012,1
SLC:DF_LAWS(1.0),verordnung,ZG,educ,2012,1
SLC:DF_LAWS(1.0),verordnung,ZG,fin,2012,3
SLC:DF_LAWS(1.0),verordnung,ZG,infra,2012,1
SLC:DF_LAWS(1.0),verordnung,ZH,autres,2012,7
SLC:DF_LAWS(1.0),verordnung,ZH,educ,2012,1
SLC:DF_LAWS(1.0),verordnung,ZH,etat,2012,2
SLC:DF_LAWS(1.0),verordnung,ZH,sante,2012,2
SLC:DF_LAWS(1.0),anderes,_T,_T,2012,54
SLC:DF_LAWS(1.0),dekret,_T,_T,2012,27
SLC:DF_LAWS(1.0),gemeindeerlass,_T,_T,2012,8
SLC:DF_LAWS(1.0),gesetz,_T,_T,2012,48
SLC:DF_LAWS(1.0),interkantonale_vereinbarung,_T,_T,2012,30
SLC:DF_LAWS(1.0),reglement,_T,_T,2012,60
SLC:DF_LAWS(1.0),staatsvertrag,_T,_T,2012,2
SLC:DF_LAWS(1.0),verordnung,_T,_T,2012,222
SLC:DF_LAWS(1.0),_T,AG,_T,2012,34
SLC:DF_LAWS(1.0),_T,AI,_T,2012,9
SLC:DF_LAWS(1.0),_T,AR,_T,2012,13
SLC:DF_LAWS(1.0),_T,BE,_T,2012,16
SLC:DF_LAWS(1.0),_T,BL,_T,2012,27
SLC:DF_LAWS(1.0),_T,BS,_T,2012,20
SLC:DF_LAWS(1.0),_T,FR,_T,2012,22
SLC:DF_LAWS(1.0),_T,GE,_T,2012,15
SLC:DF_LAWS(1.0),_T,GL,_T,2012,12
SLC:DF_LAWS(1.0),_T,GR,_T,2012,6
SLC:DF_LAWS(1.0),_T,JU,_T,2012,13
SLC:DF_LAWS(1.0),_T,LU,_T,2012,14
SLC:DF_LAWS(1.0),_T,NE,_T,2012,10
SLC:DF_LAWS(1.0),_T,NW,_T,2012,18
SLC:DF_LAWS(1.0),_T,OW,_T,2012,17
SLC:DF_LAWS(1.0),_T,SG,_T,2012,75
SLC:DF_LAWS(1.0),_T,SH,_T,2012,4
SLC:DF_LAWS(1.0),_T,SO,_T,2012,3
SLC:DF_LAWS(1.0),_T,SZ,_T,2012,9
SLC:DF_LAWS(1.0),_T,TG,_T,2012,7
SLC:DF_LAWS(1.0),_T,TI,_T,2012,17
SLC:DF_LAWS(1.0),_T,UR,_T,2012,5
SLC:DF_LAWS(1.0),_T,VD,_T,2012,13
SLC:DF_LAWS(1.0),_T,VS,_T,2012,22
SLC:DF_LAWS(1.0),_T,ZG,_T,2012,24
SLC:DF_LAWS(1.0),_T,ZH,_T,2012,26
SLC:DF_LAWS(1.0),_T,_T,autres,2012,72
SLC:DF_LAWS(1.0),_T,_T,eco,2012,23
SLC:DF_LAWS(1.0),_T,_T,educ,2012,103
SLC:DF_LAWS(1.0),_T,_T,etat,2012,90
SLC:DF_LAWS(1.0),_T,_T,fin,2012,19
SLC:DF_LAWS(1.0),_T,_T,infra,2012,44
SLC:DF_LAWS(1.0),_T,_T,sante,2012,100
SLC:DF_LAWS(1.0),_T,_T,_T,2012,451
SLC:DF_LAWS(1.0),anderes,BE,autres,2013,1
SLC:DF_LAWS(1.0),anderes,BS,autres,2013,1
SLC:DF_LAWS(1.0),anderes,FR,etat,2013,1
SLC:DF_LAWS(1.0),anderes,GE,sante,2013,2
SLC:DF_LAWS(1.0),anderes,GL,educ,2013,1
SLC:DF_LAWS(1.0),anderes,GL,infra,2013,2
SLC:DF_LAWS(1.0),anderes,GR,educ,2013,1
SLC:DF_LAWS(1.0),anderes,JU,autres,2013,1
SLC:DF_LAWS(1.0),anderes,LU,educ,2013,2
SLC:DF_LAWS(1.0),anderes,LU,etat,2013,2
SLC:DF_LAWS(1.0),anderes,LU,sante,2013,1
SLC:DF_LAWS(1.0),anderes,SH,educ,2013,1
SLC:DF_LAWS(1.0),anderes,SH,etat,2013,1
SLC:DF_LAWS(1.0),anderes,SZ,infra,2013,1
SLC:DF_LAWS(1.0),anderes,VD,educ,2013,1
SLC:DF_LAWS(1.0),anderes,VS,educ,2013,1
SLC:DF_LAWS(1.0),anderes,VS,etat,2013,3
SLC:DF_LAWS(1.0),anderes,VS,sante,2013,2
SLC:DF_LAWS(1.0),anderes,ZG,autres,2013,1
SLC:DF_LAWS(1.0),anderes,ZG,educ,2013,1
SLC:DF_LAWS(1.0),anderes,ZG,etat,2013,2
SLC:DF_LAWS(1.0),anderes,ZH,autres,2013,1
SLC:DF_LAWS(1.0),anderes,ZH,educ,2013,3
SLC:DF_LAWS(1.0),anderes,ZH,etat,2013,1
SLC:DF_LAWS(1.0),dekret,BE,educ,2013,1
SLC:DF_LAWS(1.0),dekret,BE,etat,2013,1
SLC:DF_LAWS(1.0),dekret,BL,fin,2013,1
SLC:DF_LAWS(1.0),dekret,NW,fin,2013,1
SLC:DF_LAWS(1.0),dekret,SG,educ,2013,1
SLC:DF_LAWS(1.0),dekret,SG,fin,2013,1
SLC:DF_LAWS(1.0),dekret,SG,infra,2013,3
SLC:DF_LAWS(1.0),dekret,SZ,infra,2013,1
SLC:DF_LAWS(1.0),dekret,TI,educ,2013,2
SLC:DF_LAWS(1.0),dekret,TI,fin,2013,1
SLC:DF_LAWS(1.0),dekret,TI,sante,2013,1
SLC:DF_LAWS(1.0),dekret,VD,fin,2013,1
SLC:DF_LAWS(1.0),dekret,VS,eco,2013,1
SLC:DF_LAWS(1.0),dekret,ZG,educ,2013,1
SLC:DF_LAWS(1.0),dekret,ZH,etat,2013,1
SLC:DF_LAWS(1.0),gemeindeerlass,BS,etat,2013,2
SLC:DF_LAWS(1.0),gemeindeerlass,BS,infra,2013,1
SLC:DF_LAWS(1.0),gesetz,AG,autres,2013,1
SLC:DF_LAWS(1.0),gesetz,AG,etat,2013,1
SLC:DF_LAWS(1.0),gesetz,AG,fin,2013,1
SLC:DF_LAWS(1.0),gesetz,AR,etat,2013,1
SLC:DF_LAWS(1.0),gesetz,BE,etat,2013,1
SLC:DF_LAWS(1.0),gesetz,BL,etat,2013,1
SLC:DF_LAWS(1.0),gesetz,BL,sante,2013,1
SLC:DF_LAWS(1.0),gesetz,GE,educ,2013,1
SLC:DF_LAWS(1.0),gesetz,GE,etat,2013,3
SLC:DF_LAWS(1.0),gesetz,JU,autres,2013,2
SLC:DF_LAWS(1.0),gesetz,LU,educ,2013,1
SLC:DF_LAWS(1.0),gesetz,LU,etat,2013,1
SLC:DF_LAWS(1.0),gesetz,NE,etat,2013,1
SLC:DF_LAWS(1.0),gesetz,NW,infra,2013,1
SLC:DF_LAWS(1.0),gesetz,SG,educ,2013,1
SLC:DF_LAWS(1.0),gesetz,SG,sante,2013,1
SLC:DF_LAWS(1.0),gesetz,SH,sante,2013,1
SLC:DF_LAWS(1.0),gesetz,SO,autres,2013,1
SLC:DF_LAWS(1.0),gesetz,TI,autres,2013,1
SLC:DF_LAWS(1.0),gesetz,TI,educ,2013,1
SLC:DF_LAWS(1.0),gesetz,VD,educ,2013,1
SLC:DF_LAWS(1.0),gesetz,VD,fin,2013,1
SLC:DF_LAWS(1.0),gesetz,VD,infra,2013,1
SLC:DF_LAWS(1.0),gesetz,VS,educ,2013,1
SLC:DF_LAWS(1.0),gesetz,VS,infra,2013,1
SLC:DF_LAWS(1.0),gesetz,ZG,autres,2013,2
SLC:DF_LAWS(1.0),gesetz,ZG,eco,2013,1
SLC:DF_LAWS(1.0),gesetz,ZG,educ,2013,1
SLC:DF_LAWS(1.0),interkantonale_vereinbarung,AG,eco,2013,1
SLC:DF_LAWS(1.0),interkantonale_vereinbarung,AG,educ,2013,1
SLC:DF_LAWS(1.0),interkantonale_vereinbarung,AG,infra,2013,1
SLC:DF_LAWS(1.0),interkantonale_vereinbarung,AG,sante,2013,1
SLC:DF_LAWS(1.0),interkantonale_vereinbarung,AI,educ,2013,1
SLC:DF_LAWS(1.0),interkantonale_vereinbarung,BE,educ,2013,2
SLC:DF_LAWS(1.0),interkantonale_vereinbarung,BL,eco,2013,3
SLC:DF_LAWS(1.0),interkantonale_vereinbarung,BL,educ,2013,1
SLC:DF_LAWS(1.0),interkantonale_vereinbarung,BL,sante,2013,1
SLC:DF_LAWS(1.0),interkantonale_vereinbarung,BS,sante,2013,1
SLC:DF_LAWS(1.0),interkantonale_vereinbarung,FR,autres,2013,3
SLC:DF_LAWS(1.0),interkantonale_vereinbarung,FR,educ,2013,1
SLC:DF_LAWS(1.0),interkantonale_vereinbarung,FR,sante,2013,1
SLC:DF_LAWS(1.0),interkantonale_vereinbarung,GE,autres,2013,1
SLC:DF_LAWS(1.0),interkantonale_vereinbarung,GE,educ,2013,1
SLC:DF_LAWS(1.0),interkantonale_vereinbarung,GL,educ,2013,1
SLC:DF_LAWS(1.0),interkantonale_vereinbarung,GR,educ,2013,1
SLC:DF_LAWS(1.0),interkantonale_vereinbarung,JU,educ,2013,1
SLC:DF_LAWS(1.0),interkantonale_vereinbarung,JU,etat,2013,1
SLC:DF_LAWS(1.0),interkantonale_vereinbarung,LU,etat,2013,1
SLC:DF_LAWS(1.0),interkantonale_vereinbarung,NE,autres,2013,1
SLC:DF_LAWS(1.0),interkantonale_vereinbarung,NW,educ,2013,1
SLC:DF_LAWS(1.0),interkantonale_vereinbarung,NW,etat,2013,2
SLC:DF_LAWS(1.0),interkantonale_vereinbarung,OW,etat,2013,1
SLC:DF_LAWS(1.0),interkantonale_vereinbarung,OW,sante,2013,1
SLC:DF_LAWS(1.0),interkantonale_vereinbarung,SG,educ,2013,1
SLC:DF_LAWS(1.0),interkantonale_vereinbarung,SH,educ,2013,1
SLC:DF_LAWS(1.0),interkantonale_vereinbarung,SO,educ,2013,1
SLC:DF_LAWS(1.0),interkantonale_vereinbarung,SO,sante,2013,1
SLC:DF_LAWS(1.0),interkantonale_vereinbarung,TG,educ,2013,1
SLC:DF_LAWS(1.0),interkantonale_vereinbarung,TG,etat,2013,1
SLC:DF_LAWS(1.0),interkantonale_vereinbarung,TI,autres,2013,3
SLC:DF_LAWS(1.0),interkantonale_vereinbarung,TI,educ,2013,1
SLC:DF_LAWS(1.0),interkantonale_vereinbarung,UR,educ,2013,1
SLC:DF_LAWS(1.0),interkantonale_vereinbarung,VD,autres,2013,3
SLC:DF_LAWS(1.0),interkantonale_vereinbarung,VD,sante,2013,2
SLC:DF_LAWS(1.0),interkantonale_vereinbarung,VS,autres,2013,2
SLC:DF_LAWS(1.0),interkantonale_vereinbarung,VS,educ,2013,1
SLC:DF_LAWS(1.0),interkantonale_vereinbarung,ZG,educ,2013,2
SLC:DF_LAWS(1.0),interkantonale_vereinbarung,ZG,sante,2013,1
SLC:DF_LAWS(1.0),interkantonale_vereinbarung,ZH,educ,2013,1
SLC:DF_LAWS(1.0),interkantonale_vereinbarung,ZH,etat,2013,1
SLC:DF_LAWS(1.0),interkantonale_vereinbarung,ZH,infra,2013,1
SLC:DF_LAWS(1.0),reglement,AG,autres,2013,1
SLC:DF_LAWS(1.0),reglement,AG,etat,2013,1
SLC:DF_LAWS(1.0),reglement,AG,sante,2013,1
SLC:DF_LAWS(1.0),reglement,BL,educ,2013,1
SLC:DF_LAWS(1.0),reglement,FR,infra,2013,1
SLC:DF_LAWS(1.0),reglement,GE,eco,2013,1
SLC:DF_LAWS(1.0),reglement,GE,educ,2013,1
SLC:DF_LAWS(1.0),reglement,GE,etat,2013,6
SLC:DF_LAWS(1.0),reglement,GE,fin,2013,3
SLC:DF_LAWS(1.0),reglement,GE,infra,2013,2
SLC:DF_LAWS(1.0),reglement,GE,sante,2013,2
SLC:DF_LAWS(1.0),reglement,GL,etat,2013,2
SLC:DF_LAWS(1.0),reglement,GR,etat,2013,1
SLC:DF_LAWS(1.0),reglement,GR,fin,2013,1
SLC:DF_LAWS(1.0),reglement,LU,educ,2013,5
SLC:DF_LAWS(1.0),reglement,NE,educ,2013,1
SLC:DF_LAWS(1.0),reglement,NE,etat,2013,4
SLC:DF_LAWS(1.0),reglement,NE,sante,2013,3
SLC:DF_LAWS(1.0),reglement,SG,educ,2013,2
SLC:DF_LAWS(1.0),reglement,SO,educ,2013,3
SLC:DF_LAWS(1.0),reglement,SZ,educ,2013,1
SLC:DF_LAWS(1.0),reglement,TI,autres,2013,1
SLC:DF_LAWS(1.0),reglement,TI,eco,2013,1
SLC:DF_LAWS(1.0),reglement,TI,fin,2013,1
SLC:DF_LAWS(1.0),reglement,TI,infra,2013,1
SLC:DF_LAWS(1.0),reglement,TI,sante,2013,1
SLC:DF_LAWS(1.0),reglement,UR,autres,2013,2
SLC:DF_LAWS(1.0),reglement,UR,infra,2013,1
SLC:DF_LAWS(1.0),reglement,VD,educ,2013,1
SLC:DF_LAWS(1.0),reglement,VD,etat,2013,2
SLC:DF_LAWS(1.0),reglement,VD,sante,2013,1
SLC:DF_LAWS(1.0),reglement,VS,educ,2013,1
SLC:DF_LAWS(1.0),reglement,ZG,educ,2013,1
SLC:DF_LAWS(1.0),reglement,ZH,autres,2013,3
SLC:DF_LAWS(1.0),reglement,ZH,educ,2013,1
SLC:DF_LAWS(1.0),reglement,ZH,fin,2013,1
SLC:DF_LAWS(1.0),verordnung,AG,autres,2013,1
SLC:DF_LAWS(1.0),verordnung,AG,eco,2013,1
SLC:DF_LAWS(1.0),verordnung,AG,educ,2013,1
SLC:DF_LAWS(1.0),verordnung,AG,etat,2013,2
SLC:DF_LAWS(1.0),verordnung,AG,fin,2013,1
SLC:DF_LAWS(1.0),verordnung,AG,sante,2013,2
SLC:DF_LAWS(1.0),verordnung,AI,autres,2013,1
SLC:DF_LAWS(1.0),verordnung,AI,etat,2013,1
SLC:DF_LAWS(1.0),verordnung,AI,fin,2013,1
SLC:DF_LAWS(1.0),verordnung,AR,eco,2013,2
SLC:DF_LAWS(1.0),verordnung,AR,sante,2013,1
SLC:DF_LAWS(1.0),verordnung,BE,autres,2013,2
SLC:DF_LAWS(1.0),verordnung,BE,educ,2013,2
SLC:DF_LAWS(1.0),verordnung,BE,sante,2013,1
SLC:DF_LAWS(1.0),verordnung,BL,eco,2013,1
SLC:DF_LAWS(1.0),verordnung,BL,etat,2013,8
SLC:DF_LAWS(1.0),verordnung,BL,fin,2013,1
SLC:DF_LAWS(1.0),verordnung,BL,infra,2013,2
SLC:DF_LAWS(1.0),verordnung,BL,sante,2013,1
SLC:DF_LAWS(1.0),verordnung,BS,autres,2013,1
SLC:DF_LAWS(1.0),verordnung,BS,educ,2013,1
SLC:DF_LAWS(1.0),verordnung,BS,etat,2013,2
SLC:DF_LAWS(1.0),verordnung,BS,infra,2013,2
SLC:DF_LAWS(1.0),verordnung,BS,sante,2013,1
SLC:DF_LAWS(1.0),verordnung,FR,eco,2013,3
SLC:DF_LAWS(1.0),verordnung,FR,infra,2013,1
SLC:DF_LAWS(1.0),verordnung,FR,sante,2013,1
SLC:DF_LAWS(1.0),verordnung,GL,autres,2013,1
SLC:DF_LAWS(1.0),verordnung,GL,eco,2013,1
SLC:DF_LAWS(1.0),verordnung,GL,etat,2013,2
SLC:DF_LAWS(1.0),verordnung,GL,sante,2013,1
SLC:DF_LAWS(1.0),verordnung,GR,educ,2013,1
SLC:DF_LAWS(1.0),verordnung,GR,sante,2013,1
SLC:DF_LAWS(1.0),verordnung,JU,autres,2013,1
SLC:DF_LAWS(1.0),verordnung,JU,etat,2013,2
SLC:DF_LAWS(1.0),verordnung,JU,infra,2013,1
SLC:DF_LAWS(1.0),verordnung,JU,sante,2013,2
SLC:DF_LAWS(1.0),verordnung,LU,autres,2013,1
SLC:DF_LAWS(1.0),verordnung,LU,sante,2013,1
SLC:DF_LAWS(1.0),verordnung,NE,autres,2013,1
SLC:DF_LAWS(1.0),verordnung,NE,sante,2013,1
SLC:DF_LAWS(1.0),verordnung,NW,eco,2013,3
SLC:DF_LAWS(1.0),verordnung,NW,etat,2013,1
SLC:DF_LAWS(1.0),verordnung,NW,infra,2013,1
SLC:DF_LAWS(1.0),verordnung,NW,sante,2013,1
SLC:DF_LAWS(1.0),verordnung,OW,autres,2013,1
SLC:DF_LAWS(1.0),verordnung,OW,eco,2013,1
SLC:DF_LAWS(1.0),verordnung,OW,etat,2013,2
SLC:DF_LAWS(1.0),verordnung,OW,sante,2013,1
SLC:DF_LAWS(1.0),verordnung,SG,eco,2013,1
SLC:DF_LAWS(1.0),verordnung,SG,educ,2013,1
SLC:DF_LAWS(1.0),verordnung,SG,etat,2013,3
SLC:DF_LAWS(1.0),verordnung,SH,autres,2013,2
SLC:DF_LAWS(1.0),verordnung,SH,eco,2013,2
SLC:DF_LAWS(1.0),verordnung,SH,etat,2013,1
SLC:DF_LAWS(1.0),verordnung,SH,sante,2013,1
SLC:DF_LAWS(1.0),verordnung,SO,sante,2013,1
SLC:DF_LAWS(1.0),verordnung,TG,eco,2013,1
SLC:DF_LAWS(1.0),verordnung,TG,etat,2013,2
SLC:DF_LAWS(1.0),verordnung,TI,sante,2013,1
SLC:DF_LAWS(1.0),verordnung,VS,sante,2013,2
SLC:DF_LAWS(1.0),verordnung,ZG,autres,2013,1
SLC:DF_LAWS(1.0),verordnung,ZG,educ,2013,2
SLC:DF_LAWS(1.0),verordnung,ZG,etat,2013,1
SLC:DF_LAWS(1.0),verordnung,ZG,sante,2013,1
SLC:DF_LAWS(1.0),verordnung,ZH,autres,2013,2
SLC:DF_LAWS(1.0),verordnung,ZH,educ,2013,2
SLC:DF_LAWS(1.0),verordnung,ZH,infra,2013,1
SLC:DF_LAWS(1.0),anderes,_T,_T,2013,34
SLC:DF_LAWS(1.0),dekret,_T,_T,2013,18
SLC:DF_LAWS(1.0),gemeindeerlass,_T,_T,2013,3
SLC:DF_LAWS(1.0),gesetz,_T,_T,2013,32
SLC:DF_LAWS(1.0),interkantonale_vereinbarung,_T,_T,2013,56
SLC:DF_LAWS(1.0),reglement,_T,_T,2013,62
SLC:DF_LAWS(1.0),verordnung,_T,_T,2013,100
SLC:DF_LAWS(1.0),_T,AG,_T,2013,18
SLC:DF_LAWS(1.0),_T,AI,_T,2013,4
SLC:DF_LAWS(1.0),_T,AR,_T,2013,4
SLC:DF_LAWS(1.0),_T,BE,_T,2013,11
SLC:DF_LAWS(1.0),_T,BL,_T,2013,22
SLC:DF_LAWS(1.0),_T,BS,_T,2013,12
SLC:DF_LAWS(1.0),_T,FR,_T,2013,12
SLC:DF_LAWS(1.0),_T,GE,_T,2013,23
SLC:DF_LAWS(1.0),_T,GL,_T,2013,11
SLC:DF_LAWS(1.0),_T,GR,_T,2013,6
SLC:DF_LAWS(1.0),_T,JU,_T,2013,11
SLC:DF_LAWS(1.0),_T,LU,_T,2013,15
SLC:DF_LAWS(1.0),_T,NE,_T,2013,12
SLC:DF_LAWS(1.0),_T,NW,_T,2013,11
SLC:DF_LAWS(1.0),_T,OW,_T,2013,7
SLC:DF_LAWS(1.0),_T,SG,_T,2013,15
SLC:DF_LAWS(1.0),_T,SH,_T,2013,10
SLC:DF_LAWS(1.0),_T,SO,_T,2013,7
SLC:DF_LAWS(1.0),_T,SZ,_T,2013,3
SLC:DF_LAWS(1.0),_T,TG,_T,2013,5
SLC:DF_LAWS(1.0),_T,TI,_T,2013,16
SLC:DF_LAWS(1.0),_T,UR,_T,2013,4
SLC:DF_LAWS(1.0),_T,VD,_T,2013,14
SLC:DF_LAWS(1.0),_T,VS,_T,2013,15
SLC:DF_LAWS(1.0),_T,ZG,_T,2013,18
SLC:DF_LAWS(1.0),_T,ZH,_T,2013,19
SLC:DF_LAWS(1.0),_T,_T,autres,2013,47
SLC:DF_LAWS(1.0),_T,_T,eco,2013,24
SLC:DF_LAWS(1.0),_T,_T,educ,2013,72
SLC:DF_LAWS(1.0),_T,_T,etat,2013,73
SLC:DF_LAWS(1.0),_T,_T,fin,2013,16
SLC:DF_LAWS(1.0),_T,_T,infra,2013,26
SLC:DF_LAWS(1.0),_T,_T,sante,2013,47
SLC:DF_LAWS(1.0),_T,_T,_T,2013,305
SLC:DF_LAWS(1.0),anderes,GE,sante,2014,1
SLC:DF_LAWS(1.0),anderes,GL,infra,2014,2
SLC:DF_LAWS(1.0),anderes,GL,sante,2014,1
SLC:DF_LAWS(1.0),anderes,LU,autres,2014,1
SLC:DF_LAWS(1.0),anderes,LU,sante,2014,1
SLC:DF_LAWS(1.0),anderes,NE,eco,2014,1
SLC:DF_LAWS(1.0),anderes,NE,etat,2014,1
SLC:DF_LAWS(1.0),anderes,SG,infra,2014,1
SLC:DF_LAWS(1.0),anderes,SH,educ,2014,1
SLC:DF_LAWS(1.0),anderes,TI,autres,2014,1
SLC:DF_LAWS(1.0),anderes,VD,eco,2014,1
SLC:DF_LAWS(1.0),anderes,VS,educ,2014,1
SLC:DF_LAWS(1.0),anderes,VS,infra,2014,1
SLC:DF_LAWS(1.0),anderes,VS,sante,2014,1
SLC:DF_LAWS(1.0),anderes,ZG,educ,2014,1
SLC:DF_LAWS(1.0),anderes,ZG,etat,2014,1
SLC:DF_LAWS(1.0),anderes,ZG,sante,2014,1
SLC:DF_LAWS(1.0),anderes,ZH,educ,2014,2
SLC:DF_LAWS(1.0),dekret,AI,educ,2014,1
SLC:DF_LAWS(1.0),dekret,AI,fin,2014,1
SLC:DF_LAWS(1.0),dekret,BE,educ,2014,1
SLC:DF_LAWS(1.0),dekret,BL,fin,2014,1
SLC:DF_LAWS(1.0),dekret,FR,etat,2014,1
SLC:DF_LAWS(1.0),dekret,LU,autres,2014,1
SLC:DF_LAWS(1.0),dekret,LU,infra,2014,1
SLC:DF_LAWS(1.0),dekret,NE,fin,2014,1
SLC:DF_LAWS(1.0),dekret,OW,educ,2014,2
SLC:DF_LAWS(1.0),dekret,SG,educ,2014,4
SLC:DF_LAWS(1.0),dekret,SG,fin,2014,6
SLC:DF_LAWS(1.0),dekret,SG,infra,2014,1
SLC:DF_LAWS(1.0),dekret,SZ,educ,2014,1
SLC:DF_LAWS(1.0),dekret,TI,etat,2014,1
SLC:DF_LAWS(1.0),dekret,TI,fin,2014,1
SLC:DF_LAWS(1.0),dekret,VD,infra,2014,1
SLC:DF_LAWS(1.0),dekret,VS,etat,2014,1
SLC:DF_LAWS(1.0),dekret,VS,fin,2014,1
SLC:DF_LAWS(1.0),dekret,VS,infra,2014,1
SLC:DF_LAWS(1.0),dekret,ZG,educ,2014,1
SLC:DF_LAWS(1.0),dekret,ZH,fin,2014,1
SLC:DF_LAWS(1.0),gemeindeerlass,BS,etat,2014,4
SLC:DF_LAWS(1.0),gemeindeerlass,BS,infra,2014,1
SLC:DF_LAWS(1.0),gemeindeerlass,BS,sante,2014,1
SLC:DF_LAWS(1.0),gesetz,AR,educ,2014,1
SLC:DF_LAWS(1.0),gesetz,AR,sante,2014,1
SLC:DF_LAWS(1.0),gesetz,BE,autres,2014,1
SLC:DF_LAWS(1.0),gesetz,BE,educ,2014,1
SLC:DF_LAWS(1.0),gesetz,BL,etat,2014,1
SLC:DF_LAWS(1.0),gesetz,BS,educ,2014,1
SLC:DF_LAWS(1.0),gesetz,BS,sante,2014,1
SLC:DF_LAWS(1.0),gesetz,FR,educ,2014,2
SLC:DF_LAWS(1.0),gesetz,GE,educ,2014,3
SLC:DF_LAWS(1.0),gesetz,GE,etat,2014,1
SLC:DF_LAWS(1.0),gesetz,GE,fin,2014,1
SLC:DF_LAWS(1.0),gesetz,GR,autres,2014,1
SLC:DF_LAWS(1.0),gesetz,GR,educ,2014,1
SLC:DF_LAWS(1.0),gesetz,JU,etat,2014,2
SLC:DF_LAWS(1.0),gesetz,NE,eco,2014,1
SLC:DF_LAWS(1.0),gesetz,NE,etat,2014,1
SLC:DF_LAWS(1.0),gesetz,NE,fin,2014,1
SLC:DF_LAWS(1.0),gesetz,NW,infra,2014,1
SLC:DF_LAWS(1.0),gesetz,NW,sante,2014,1
SLC:DF_LAWS(1.0),gesetz,OW,eco,2014,1
SLC:DF_LAWS(1.0),gesetz,SG,etat,2014,1
SLC:DF_LAWS(1.0),gesetz,SO,etat,2014,3
SLC:DF_LAWS(1.0),gesetz,TI,educ,2014,1
SLC:DF_LAWS(1.0),gesetz,VD,educ,2014,2
SLC:DF_LAWS(1.0),gesetz,ZG,etat,2014,2
SLC:DF_LAWS(1.0),interkantonale_vereinbarung,AG,eco,2014,1
SLC:DF_LAWS(1.0),interkantonale_vereinbarung,AG,educ,2014,1
SLC:DF_LAWS(1.0),interkantonale_vereinbarung,AG,etat,2014,1
SLC:DF_LAWS(1.0),interkantonale_vereinbarung,AG,sante,2014,1
SLC:DF_LAWS(1.0),interkantonale_vereinbarung,BE,educ,2014,1
SLC:DF_LAWS(1.0),interkantonale_vereinbarung,BE,sante,2014,1
SLC:DF_LAWS(1.0),interkantonale_vereinbarung,BL,eco,2014,1
SLC:DF_LAWS(1.0),interkantonale_vereinbarung,BL,fin,2014,1
SLC:DF_LAWS(1.0),interkantonale_vereinbarung,BL,infra,2014,2
SLC:DF_LAWS(1.0),interkantonale_vereinbarung,BS,educ,2014,1
SLC:DF_LAWS(1.0),interkantonale_vereinbarung,BS,infra,2014,1
SLC:DF_LAWS(1.0),interkantonale_vereinbarung,BS,sante,2014,1
SLC:DF_LAWS(1.0),interkantonale_vereinbarung,FR,sante,2014,1
SLC:DF_LAWS(1.0),interkantonale_vereinbarung,GE,autres,2014,1
SLC:DF_LAWS(1.0),interkantonale_vereinbarung,GE,sante,2014,1
SLC:DF_LAWS(1.0),interkantonale_vereinbarung,GL,eco,2014,1
SLC:DF_LAWS(1.0),interkantonale_vereinbarung,GL,sante,2014,1
SLC:DF_LAWS(1.0),interkantonale_vereinbarung,JU,educ,2014,1
SLC:DF_LAWS(1.0),interkantonale_vereinbarung,LU,educ,2014,1
SLC:DF_LAWS(1.0),interkantonale_vereinbarung,LU,sante,2014,1
SLC:DF_LAWS(1.0),interkantonale_vereinbarung,NE,etat,2014,1
SLC:DF_LAWS(1.0),interkantonale_vereinbarung,NE,infra,2014,1
SLC:DF_LAWS(1.0),interkantonale_vereinbarung,NW,sante,2014,1
SLC:DF_LAWS(1.0),interkantonale_vereinbarung,OW,sante,2014,1
SLC:DF_LAWS(1.0),interkantonale_vereinbarung,SG,educ,2014,1
SLC:DF_LAWS(1.0),interkantonale_vereinbarung,SH,sante,2014,1
SLC:DF_LAWS(1.0),interkantonale_vereinbarung,SO,educ,2014,1
SLC:DF_LAWS(1.0),interkantonale_vereinbarung,SZ,sante,2014,1
SLC:DF_LAWS(1.0),interkantonale_vereinbarung,TG,sante,2014,1
SLC:DF_LAWS(1.0),interkantonale_vereinbarung,VS,educ,2014,1
SLC:DF_LAWS(1.0),interkantonale_vereinbarung,VS,sante,2014,1
SLC:DF_LAWS(1.0),interkantonale_vereinbarung,ZG,educ,2014,1
SLC:DF_LAWS(1.0),interkantonale_vereinbarung,ZG,sante,2014,1
SLC:DF_LAWS(1.0),interkantonale_vereinbarung,ZH,educ,2014,1
SLC:DF_LAWS(1.0),reglement,AG,etat,2014,2
SLC:DF_LAWS(1.0),reglement,BE,educ,2014,1
SLC:DF_LAWS(1.0),reglement,BE,etat,2014,2
SLC:DF_LAWS(1.0),reglement,BL,etat,2014,1
SLC:DF_LAWS(1.0),reglement,FR,infra,2014,1
SLC:DF_LAWS(1.0),reglement,FR,sante,2014,1
SLC:DF_LAWS(1.0),reglement,GE,autres,2014,3
SLC:DF_LAWS(1.0),reglement,GE,educ,2014,1
SLC:DF_LAWS(1.0),reglement,GE,etat,2014,11
SLC:DF_LAWS(1.0),reglement,GE,fin,2014,2
SLC:DF_LAWS(1.0),reglement,GE,sante,2014,6
SLC:DF_LAWS(1.0),reglement,LU,educ,2014,4
SLC:DF_LAWS(1.0),reglement,NE,eco,2014,1
SLC:DF_LAWS(1.0),reglement,NE,educ,2014,1
SLC:DF_LAWS(1.0),reglement,NE,etat,2014,1
SLC:DF_LAWS(1.0),reglement,NE,sante,2014,1
SLC:DF_LAWS(1.0),reglement,SG,educ,2014,4
SLC:DF_LAWS(1.0),reglement,SO,educ,2014,1
SLC:DF_LAWS(1.0),reglement,TI,autres,2014,2
SLC:DF_LAWS(1.0),reglement,TI,educ,2014,6
SLC:DF_LAWS(1.0),reglement,TI,etat,2014,1
SLC:DF_LAWS(1.0),reglement,TI,infra,2014,2
SLC:DF_LAWS(1.0),reglement,UR,fin,2014,1
SLC:DF_LAWS(1.0),reglement,UR,infra,2014,1
SLC:DF_LAWS(1.0),reglement,UR,sante,2014,1
SLC:DF_LAWS(1.0),reglement,VD,autres,2014,2
SLC:DF_LAWS(1.0),reglement,VD,educ,2014,7
SLC:DF_LAWS(1.0),reglement,VS,sante,2014,1
SLC:DF_LAWS(1.0),reglement,ZG,eco,2014,1
SLC:DF_LAWS(1.0),reglement,ZG,fin,2014,1
SLC:DF_LAWS(1.0),reglement,ZH,fin,2014,1
SLC:DF_LAWS(1.0),verordnung,AI,etat,2014,1
SLC:DF_LAWS(1.0),verordnung,AI,fin,2014,1
SLC:DF_LAWS(1.0),verordnung,AI,sante,2014,1
SLC:DF_LAWS(1.0),verordnung,AR,eco,2014,1
SLC:DF_LAWS(1.0),verordnung,AR,sante,2014,2
SLC:DF_LAWS(1.0),verordnung,BE,educ,2014,2
SLC:DF_LAWS(1.0),verordnung,BE,etat,2014,2
SLC:DF_LAWS(1.0),verordnung,BE,infra,2014,1
SLC:DF_LAWS(1.0),verordnung,BE,sante,2014,2
SLC:DF_LAWS(1.0),verordnung,BL,etat,2014,3
SLC:DF_LAWS(1.0),verordnung,BL,infra,2014,5
SLC:DF_LAWS(1.0),verordnung,BS,educ,2014,4
SLC:DF_LAWS(1.0),verordnung,BS,etat,2014,1
SLC:DF_LAWS(1.0),verordnung,BS,sante,2014,4
SLC:DF_LAWS(1.0),verordnung,FR,educ,2014,1
SLC:DF_LAWS(1.0),verordnung,FR,etat,2014,2
SLC:DF_LAWS(1.0),verordnung,FR,fin,2014,1
SLC:DF_LAWS(1.0),verordnung,FR,infra,2014,1
SLC:DF_LAWS(1.0),verordnung,FR,sante,2014,1
SLC:DF_LAWS(1.0),verordnung,GL,etat,2014,1
SLC:DF_LAWS(1.0),verordnung,GL,fin,2014,1
SLC:DF_LAWS(1.0),verordnung,GL,infra,2014,1
SLC:DF_LAWS(1.0),verordnung,GR,educ,2014,2
SLC:DF_LAWS(1.0),verordnung,JU,autres,2014,2
SLC:DF_LAWS(1.0),verordnung,JU,educ,2014,1
SLC:DF_LAWS(1.0),verordnung,JU,etat,2014,3
SLC:DF_LAWS(1.0),verordnung,JU,fin,2014,1
SLC:DF_LAWS(1.0),verordnung,JU,sante,2014,1
SLC:DF_LAWS(1.0),verordnung,LU,autres,2014,1
SLC:DF_LAWS(1.0),verordnung,LU,educ,2014,1
SLC:DF_LAWS(1.0),verordnung,LU,etat,2014,1
SLC:DF_LAWS(1.0),verordnung,NE,autres,2014,1
SLC:DF_LAWS(1.0),verordnung,NE,educ,2014,1
SLC:DF_LAWS(1.0),verordnung,NE,etat,2014,4
SLC:DF_LAWS(1.0),verordnung,NE,infra,2014,1
SLC:DF_LAWS(1.0),verordnung,NW,infra,2014,1
SLC:DF_LAWS(1.0),verordnung,NW,sante,2014,6
SLC:DF_LAWS(1.0),verordnung,OW,autres,2014,1
SLC:DF_LAWS(1.0),verordnung,OW,etat,2014,1
SLC:DF_LAWS(1.0),verordnung,OW,infra,2014,1
SLC:DF_LAWS(1.0),verordnung,OW,sante,2014,4
SLC:DF_LAWS(1.0),verordnung,SG,autres,2014,1
SLC:DF_LAWS(1.0),verordnung,SG,educ,2014,2
SLC:DF_LAWS(1.0),verordnung,SG,sante,2014,1
SLC:DF_LAWS(1.0),verordnung,SO,etat,2014,1
SLC:DF_LAWS(1.0),verordnung,SZ,etat,2014,1
SLC:DF_LAWS(1.0),verordnung,SZ,sante,2014,1
SLC:DF_LAWS(1.0),verordnung,TG,educ,2014,3
SLC:DF_LAWS(1.0),verordnung,TI,eco,2014,1
SLC:DF_LAWS(1.0),verordnung,TI,sante,2014,1
SLC:DF_LAWS(1.0),verordnung,VS,educ,2014,5
SLC:DF_LAWS(1.0),verordnung,VS,infra,2014,1
SLC:DF_LAWS(1.0),verordnung,VS,sante,2014,1
SLC:DF_LAWS(1.0),verordnung,ZG,etat,2014,1
SLC:DF_LAWS(1.0),verordnung,ZH,autres,2014,1
SLC:DF_LAWS(1.0),verordnung,ZH,educ,2014,1
SLC:DF_LAWS(1.0),verordnung,ZH,etat,2014,1
SLC:DF_LAWS(1.0),verordnung,ZH,fin,2014,1
SLC:DF_LAWS(1.0),anderes,_T,_T,2014,20
SLC:DF_LAWS(1.0),dekret,_T,_T,2014,30
SLC:DF_LAWS(1.0),gemeindeerlass,_T,_T,2014,6
SLC:DF_LAWS(1.0),gesetz,_T,_T,2014,33
SLC:DF_LAWS(1.0),interkantonale_vereinbarung,_T,_T,2014,35
SLC:DF_LAWS(1.0),reglement,_T,_T,2014,71
SLC:DF_LAWS(1.0),verordnung,_T,_T,2014,97
SLC:DF_LAWS(1.0),_T,AG,_T,2014,6
SLC:DF_LAWS(1.0),_T,AI,_T,2014,5
SLC:DF_LAWS(1.0),_T,AR,_T,2014,5
SLC:DF_LAWS(1.0),_T,BE,_T,2014,15
SLC:DF_LAWS(1.0),_T,BL,_T,2014,15
SLC:DF_LAWS(1.0),_T,BS,_T,2014,20
SLC:DF_LAWS(1.0),_T,FR,_T,2014,12
SLC:DF_LAWS(1.0),_T,GE,_T,2014,31
SLC:DF_LAWS(1.0),_T,GL,_T,2014,8
SLC:DF_LAWS(1.0),_T,GR,_T,2014,4
SLC:DF_LAWS(1.0),_T,JU,_T,2014,11
SLC:DF_LAWS(1.0),_T,LU,_T,2014,13
SLC:DF_LAWS(1.0),_T,NE,_T,2014,19
SLC:DF_LAWS(1.0),_T,NW,_T,2014,10
SLC:DF_LAWS(1.0),_T,OW,_T,2014,11
SLC:DF_LAWS(1.0),_T,SG,_T,2014,22
SLC:DF_LAWS(1.0),_T,SH,_T,2014,2
SLC:DF_LAWS(1.0),_T,SO,_T,2014,6
SLC:DF_LAWS(1.0),_T,SZ,_T,2014,4
SLC:DF_LAWS(1.0),_T,TG,_T,2014,4
SLC:DF_LAWS(1.0),_T,TI,_T,2014,17
SLC:DF_LAWS(1.0),_T,UR,_T,2014,3
SLC:DF_LAWS(1.0),_T,VD,_T,2014,13
SLC:DF_LAWS(1.0),_T,VS,_T,2014,16
SLC:DF_LAWS(1.0),_T,ZG,_T,2014,11
SLC:DF_LAWS(1.0),_T,ZH,_T,2014,9
SLC:DF_LAWS(1.0),_T,_T,autres,2014,20
SLC:DF_LAWS(1.0),_T,_T,eco,2014,11
SLC:DF_LAWS(1.0),_T,_T,educ,2014,85
SLC:DF_LAWS(1.0),_T,_T,etat,2014,63
SLC:DF_LAWS(1.0),_T,_T,fin,2014,25
SLC:DF_LAWS(1.0),_T,_T,infra,2014,30
SLC:DF_LAWS(1.0),_T,_T,sante,2014,58
SLC:DF_LAWS(1.0),_T,_T,_T,2014,292
SLC:DF_LAWS(1.0),anderes,AG,sante,2015,1
SLC:DF_LAWS(1.0),anderes,AR,etat,2015,1
SLC:DF_LAWS(1.0),anderes,BE,educ,2015,3
SLC:DF_LAWS(1.0),anderes,BE,fin,2015,2
SLC:DF_LAWS(1.0),anderes,FR,autres,2015,1
SLC:DF_LAWS(1.0),anderes,FR,etat,2015,1
SLC:DF_LAWS(1.0),anderes,GL,infra,2015,2
SLC:DF_LAWS(1.0),anderes,JU,eco,2015,2
SLC:DF_LAWS(1.0),anderes,LU,autres,2015,2
SLC:DF_LAWS(1.0),anderes,LU,sante,2015,1
SLC:DF_LAWS(1.0),anderes,SG,etat,2015,1
SLC:DF_LAWS(1.0),anderes,SH,infra,2015,1
SLC:DF_LAWS(1.0),anderes,SH,sante,2015,1
SLC:DF_LAWS(1.0),anderes,SO,eco,2015,1
SLC:DF_LAWS(1.0),anderes,SO,educ,2015,1
SLC:DF_LAWS(1.0),anderes,SO,etat,2015,1
SLC:DF_LAWS(1.0),anderes,TI,eco,2015,1
SLC:DF_LAWS(1.0),anderes,VD,infra,2015,1
SLC:DF_LAWS(1.0),anderes,VD,sante,2015,1
SLC:DF_LAWS(1.0),anderes,VS,etat,2015,1
SLC:DF_LAWS(1.0),anderes,VS,infra,2015,1
SLC:DF_LAWS(1.0),anderes,ZG,educ,2015,4
SLC:DF_LAWS(1.0),anderes,ZG,etat,2015,2
SLC:DF_LAWS(1.0),anderes,ZG,sante,2015,1
SLC:DF_LAWS(1.0),anderes,ZH,educ,2015,5
SLC:DF_LAWS(1.0),anderes,ZH,sante,2015,1
SLC:DF_LAWS(1.0),dekret,AG,fin,2015,1
SLC:DF_LAWS(1.0),dekret,AI,educ,2015,1
SLC:DF_LAWS(1.0),dekret,BE,educ,2015,1
SLC:DF_LAWS(1.0),dekret,NW,infra,2015,1
SLC:DF_LAWS(1.0),dekret,SG,etat,2015,1
SLC:DF_LAWS(1.0),dekret,SG,fin,2015,3
SLC:DF_LAWS(1.0),dekret,SH,etat,2015,1
SLC:DF_LAWS(1.0),dekret,SH,sante,2015,1
SLC:DF_LAWS(1.0),dekret,TI,educ,2015,1
SLC:DF_LAWS(1.0),dekret,TI,etat,2015,1
SLC:DF_LAWS(1.0),dekret,TI,fin,2015,1
SLC:DF_LAWS(1.0),dekret,VD,educ,2015,1
SLC:DF_LAWS(1.0),dekret,VD,fin,2015,2
SLC:DF_LAWS(1.0),dekret,VD,sante,2015,1
SLC:DF_LAWS(1.0),dekret,VS,eco,2015,1
SLC:DF_LAWS(1.0),dekret,VS,infra,2015,2
SLC:DF_LAWS(1.0),dekret,ZG,educ,2015,1
SLC:DF_LAWS(1.0),gemeindeerlass,BS,infra,2015,3
SLC:DF_LAWS(1.0),gesetz,AG,sante,2015,1
SLC:DF_LAWS(1.0),gesetz,BE,fin,2015,1
SLC:DF_LAWS(1.0),gesetz,BL,educ,2015,2
SLC:DF_LAWS(1.0),gesetz,BL,fin,2015,1
SLC:DF_LAWS(1.0),gesetz,FR,educ,2015,2
SLC:DF_LAWS(1.0),gesetz,FR,etat,2015,1
SLC:DF_LAWS(1.0),gesetz,GE,eco,2015,1
SLC:DF_LAWS(1.0),gesetz,GE,educ,2015,1
SLC:DF_LAWS(1.0),gesetz,GE,etat,2015,2
SLC:DF_LAWS(1.0),gesetz,GR,eco,2015,1
SLC:DF_LAWS(1.0),gesetz,GR,educ,2015,1
SLC:DF_LAWS(1.0),gesetz,GR,etat,2015,2
SLC:DF_LAWS(1.0),gesetz,JU,sante,2015,1
SLC:DF_LAWS(1.0),gesetz,OW,infra,2015,1
SLC:DF_LAWS(1.0),gesetz,SG,infra,2015,1
SLC:DF_LAWS(1.0),gesetz,SO,autres,2015,1
SLC:DF_LAWS(1.0),gesetz,SO,etat,2015,1
SLC:DF_LAWS(1.0),gesetz,SZ,educ,2015,1
SLC:DF_LAWS(1.0),gesetz,TG,fin,2015,1
SLC:DF_LAWS(1.0),gesetz,TI,autres,2015,1
SLC:DF_LAWS(1.0),gesetz,TI,eco,2015,2
SLC:DF_LAWS(1.0),gesetz,TI,sante,2015,1
SLC:DF_LAWS(1.0),gesetz,VD,infra,2015,1
SLC:DF_LAWS(1.0),gesetz,VS,autres,2015,1
SLC:DF_LAWS(1.0),gesetz,VS,eco,2015,1
SLC:DF_LAWS(1.0),gesetz,VS,etat,2015,1
SLC:DF_LAWS(1.0),gesetz,ZH,educ,2015,1
SLC:DF_LAWS(1.0),gesetz,ZH,etat,2015,1
SLC:DF_LAWS(1.0),gesetz,ZH,sante,2015,1
SLC:DF_LAWS(1.0),interkantonale_vereinbarung,AG,infra,2015,1
SLC:DF_LAWS(1.0),interkantonale_vereinbarung,BE,educ,2015,1
SLC:DF_LAWS(1.0),interkantonale_vereinbarung,BL,autres,2015,1
SLC:DF_LAWS(1.0),interkantonale_vereinbarung,BL,eco,2015,1
SLC:DF_LAWS(1.0),interkantonale_vereinbarung,BS,educ,2015,1
SLC:DF_LAWS(1.0),interkantonale_vereinbarung,FR,sante,2015,1
SLC:DF_LAWS(1.0),interkantonale_vereinbarung,GL,educ,2015,1
SLC:DF_LAWS(1.0),interkantonale_vereinbarung,NW,educ,2015,2
SLC:DF_LAWS(1.0),interkantonale_vereinbarung,SG,etat,2015,1
SLC:DF_LAWS(1.0),interkantonale_vereinbarung,SG,sante,2015,1
SLC:DF_LAWS(1.0),interkantonale_vereinbarung,SH,educ,2015,1
SLC:DF_LAWS(1.0),interkantonale_vereinbarung,SO,educ,2015,2
SLC:DF_LAWS(1.0),interkantonale_vereinbarung,SZ,educ,2015,1
SLC:DF_LAWS(1.0),interkantonale_vereinbarung,UR,autres,2015,1
SLC:DF_LAWS(1.0),interkantonale_vereinbarung,ZG,infra,2015,1
SLC:DF_LAWS(1.0),interkantonale_vereinbarung,ZG,sante,2015,1
SLC:DF_LAWS(1.0),interkantonale_vereinbarung,ZH,educ,2015,1
SLC:DF_LAWS(1.0),reglement,AG,fin,2015,1
SLC:DF_LAWS(1.0),reglement,BE,autres,2015,1
SLC:DF_LAWS(1.0),reglement,BE,educ,2015,2
SLC:DF_LAWS(1.0),reglement,BE,etat,2015,1
SLC:DF_LAWS(1.0),reglement,FR,educ,2015,2
SLC:DF_LAWS(1.0),reglement,GE,eco,2015,1
SLC:DF_LAWS(1.0),reglement,GE,educ,2015,2
SLC:DF_LAWS(1.0),reglement,GE,etat,2015,1
SLC:DF_LAWS(1.0),reglement,GE,fin,2015,1
SLC:DF_LAWS(1.0),reglement,GE,sante,2015,1
SLC:DF_LAWS(1.0),reglement,LU,educ,2015,1
SLC:DF_LAWS(1.0),reglement,LU,etat,2015,1
SLC:DF_LAWS(1.0),reglement,NE,educ,2015,3
SLC:DF_LAWS(1.0),reglement,NE,etat,2015,1
SLC:DF_LAWS(1.0),reglement,NE,infra,2015,1
SLC:DF_LAWS(1.0),reglement,NE,sante,2015,1
SLC:DF_LAWS(1.0),reglement,UR,educ,2015,1
SLC:DF_LAWS(1.0),reglement,UR,infra,2015,2
SLC:DF_LAWS(1.0),reglement,VD,educ,2015,2
SLC:DF_LAWS(1.0),reglement,VD,etat,2015,1
SLC:DF_LAWS(1.0),reglement,VD,fin,2015,1
SLC:DF_LAWS(1.0),reglement,VS,educ,2015,2
SLC:DF_LAWS(1.0),reglement,VS,etat,2015,1
SLC:DF_LAWS(1.0),reglement,VS,fin,2015,1
SLC:DF_LAWS(1.0),reglement,ZG,autres,2015,1
SLC:DF_LAWS(1.0),reglement,ZH,educ,2015,1
SLC:DF_LAWS(1.0),verordnung,AG,eco,2015,1
SLC:DF_LAWS(1.0),verordnung,AG,educ,2015,1
SLC:DF_LAWS(1.0),verordnung,AG,etat,2015,1
SLC:DF_LAWS(1.0),verordnung,AG,infra,2015,1
SLC:DF_LAWS(1.0),verordnung,AG,sante,2015,1
SLC:DF_LAWS(1.0),verordnung,AI,fin,2015,1
SLC:DF_LAWS(1.0),verordnung,AR,fin,2015,2
SLC:DF_LAWS(1.0),verordnung,BE,educ,2015,2
SLC:DF_LAWS(1.0),verordnung,BE,etat,2015,1
SLC:DF_LAWS(1.0),verordnung,BE,infra,2015,1
SLC:DF_LAWS(1.0),verordnung,BE,sante,2015,1
SLC:DF_LAWS(1.0),verordnung,BL,etat,2015,1
SLC:DF_LAWS(1.0),verordnung,BL,fin,2015,1
SLC:DF_LAWS(1.0),verordnung,BL,infra,2015,1
SLC:DF_LAWS(1.0),verordnung,BS,autres,2015,1
SLC:DF_LAWS(1.0),verordnung,BS,educ,2015,3
SLC:DF_LAWS(1.0),verordnung,FR,eco,2015,2
SLC:DF_LAWS(1.0),verordnung,FR,educ,2015,5
SLC:DF_LAWS(1.0),verordnung,FR,etat,2015,2
SLC:DF_LAWS(1.0),verordnung,FR,infra,2015,3
SLC:DF_LAWS(1.0),verordnung,FR,sante,2015,4
SLC:DF_LAWS(1.0),verordnung,GL,eco,2015,1
SLC:DF_LAWS(1.0),verordnung,GL,fin,2015,2
SLC:DF_LAWS(1.0),verordnung,GL,sante,2015,2
SLC:DF_LAWS(1.0),verordnung,GR,autres,2015,1
SLC:DF_LAWS(1.0),verordnung,GR,eco,2015,1
SLC:DF_LAWS(1.0),verordnung,GR,educ,2015,2
SLC:DF_LAWS(1.0),verordnung,GR,etat,2015,3
SLC:DF_LAWS(1.0),verordnung,JU,etat,2015,2
SLC:DF_LAWS(1.0),verordnung,JU,fin,2015,2
SLC:DF_LAWS(1.0),verordnung,JU,infra,2015,2
SLC:DF_LAWS(1.0),verordnung,LU,sante,2015,1
SLC:DF_LAWS(1.0),verordnung,NE,educ,2015,3
SLC:DF_LAWS(1.0),verordnung,NE,etat,2015,3
SLC:DF_LAWS(1.0),verordnung,NE,fin,2015,1
SLC:DF_LAWS(1.0),verordnung,NE,infra,2015,2
SLC:DF_LAWS(1.0),verordnung,NE,sante,2015,1
SLC:DF_LAWS(1.0),verordnung,NW,etat,2015,1
SLC:DF_LAWS(1.0),verordnung,NW,infra,2015,1
SLC:DF_LAWS(1.0),verordnung,NW,sante,2015,1
SLC:DF_LAWS(1.0),verordnung,OW,etat,2015,3
SLC:DF_LAWS(1.0),verordnung,OW,infra,2015,1
SLC:DF_LAWS(1.0),verordnung,OW,sante,2015,3
SLC:DF_LAWS(1.0),verordnung,SG,educ,2015,4
SLC:DF_LAWS(1.0),verordnung,SG,etat,2015,1
SLC:DF_LAWS(1.0),verordnung,SG,infra,2015,3
SLC:DF_LAWS(1.0),verordnung,SG,sante,2015,1
SLC:DF_LAWS(1.0),verordnung,SH,educ,2015,2
SLC:DF_LAWS(1.0),verordnung,SH,etat,2015,1
SLC:DF_LAWS(1.0),verordnung,SO,autres,2015,1
SLC:DF_LAWS(1.0),verordnung,SO,eco,2015,1
SLC:DF_LAWS(1.0),verordnung,SO,educ,2015,1
SLC:DF_LAWS(1.0),verordnung,SO,etat,2015,2
SLC:DF_LAWS(1.0),verordnung,SZ,educ,2015,1
SLC:DF_LAWS(1.0),verordnung,SZ,etat,2015,2
SLC:DF_LAWS(1.0),verordnung,TG,educ,2015,1
SLC:DF_LAWS(1.0),verordnung,TG,etat,2015,1
SLC:DF_LAWS(1.0),verordnung,TI,educ,2015,1
SLC:DF_LAWS(1.0),verordnung,TI,sante,2015,1
SLC:DF_LAWS(1.0),verordnung,VS,eco,2015,1
SLC:DF_LAWS(1.0),verordnung,VS,educ,2015,2
SLC:DF_LAWS(1.0),verordnung,ZG,autres,2015,1
SLC:DF_LAWS(1.0),verordnung,ZG,educ,2015,2
SLC:DF_LAWS(1.0),verordnung,ZG,etat,2015,1
SLC:DF_LAWS(1.0),verordnung,ZG,infra,2015,1
SLC:DF_LAWS(1.0),verordnung,ZH,educ,2015,1
SLC:DF_LAWS(1.0),verordnung,ZH,etat,2015,2
SLC:DF_LAWS(1.0),verordnung,ZH,infra,2015,1
SLC:DF_LAWS(1.0),anderes,_T,_T,2015,40
SLC:DF_LAWS(1.0),dekret,_T,_T,2015,21
SLC:DF_LAWS(1.0),gemeindeerlass,_T,_T,2015,3
SLC:DF_LAWS(1.0),gesetz,_T,_T,2015,34
SLC:DF_LAWS(1.0),interkantonale_vereinbarung,_T,_T,2015,19
SLC:DF_LAWS(1.0),reglement,_T,_T,2015,34
SLC:DF_LAWS(1.0),verordnung,_T,_T,2015,111
SLC:DF_LAWS(1.0),_T,AG,_T,2015,10
SLC:DF_LAWS(1.0),_T,AI,_T,2015,2
SLC:DF_LAWS(1.0),_T,AR,_T,2015,3
SLC:DF_LAWS(1.0),_T,BE,_T,2015,17
SLC:DF_LAWS(1.0),_T,BL,_T,2015,8
SLC:DF_LAWS(1.0),_T,BS,_T,2015,8
SLC:DF_LAWS(1.0),_T,FR,_T,2015,24
SLC:DF_LAWS(1.0),_T,GE,_T,2015,10
SLC:DF_LAWS(1.0),_T,GL,_T,2015,8
SLC:DF_LAWS(1.0),_T,GR,_T,2015,11
SLC:DF_LAWS(1.0),_T,JU,_T,2015,9
SLC:DF_LAWS(1.0),_T,LU,_T,2015,6
SLC:DF_LAWS(1.0),_T,NE,_T,2015,16
SLC:DF_LAWS(1.0),_T,NW,_T,2015,6
SLC:DF_LAWS(1.0),_T,OW,_T,2015,8
SLC:DF_LAWS(1.0),_T,SG,_T,2015,17
SLC:DF_LAWS(1.0),_T,SH,_T,2015,8
SLC:DF_LAWS(1.0),_T,SO,_T,2015,12
SLC:DF_LAWS(1.0),_T,SZ,_T,2015,5
SLC:DF_LAWS(1.0),_T,TG,_T,2015,3
SLC:DF_LAWS(1.0),_T,TI,_T,2015,10
SLC:DF_LAWS(1.0),_T,UR,_T,2015,4
SLC:DF_LAWS(1.0),_T,VD,_T,2015,11
SLC:DF_LAWS(1.0),_T,VS,_T,2015,15
SLC:DF_LAWS(1.0),_T,ZG,_T,2015,16
SLC:DF_LAWS(1.0),_T,ZH,_T,2015,15
SLC:DF_LAWS(1.0),_T,_T,autres,2015,14
SLC:DF_LAWS(1.0),_T,_T,eco,2015,19
SLC:DF_LAWS(1.0),_T,_T,educ,2015,83
SLC:DF_LAWS(1.0),_T,_T,etat,2015,52
SLC:DF_LAWS(1.0),_T,_T,fin,2015,25
SLC:DF_LAWS(1.0),_T,_T,infra,2015,36
SLC:DF_LAWS(1.0),_T,_T,sante,2015,33
SLC:DF_LAWS(1.0),_T,_T,_T,2015,262
SLC:DF_LAWS(1.0),anderes,AG,educ,2016,1
SLC:DF_LAWS(1.0),anderes,AG,infra,2016,1
SLC:DF_LAWS(1.0),anderes,AI,etat,2016,1
SLC:DF_LAWS(1.0),anderes,BS,educ,2016,1
SLC:DF_LAWS(1.0),anderes,BS,etat,2016,1
SLC:DF_LAWS(1.0),anderes,FR,etat,2016,3
SLC:DF_LAWS(1.0),anderes,GE,sante,2016,1
SLC:DF_LAWS(1.0),anderes,GL,infra,2016,1
SLC:DF_LAWS(1.0),anderes,GL,sante,2016,1
SLC:DF_LAWS(1.0),anderes,LU,autres,2016,3
SLC:DF_LAWS(1.0),anderes,LU,educ,2016,2
SLC:DF_LAWS(1.0),anderes,LU,sante,2016,1
SLC:DF_LAWS(1.0),anderes,NE,educ,2016,4
SLC:DF_LAWS(1.0),anderes,OW,autres,2016,1
SLC:DF_LAWS(1.0),anderes,OW,etat,2016,1
SLC:DF_LAWS(1.0),anderes,SG,educ,2016,1
SLC:DF_LAWS(1.0),anderes,SG,sante,2016,2
SLC:DF_LAWS(1.0),anderes,SH,infra,2016,1
SLC:DF_LAWS(1.0),anderes,TG,etat,2016,1
SLC:DF_LAWS(1.0),anderes,VD,etat,2016,1
SLC:DF_LAWS(1.0),anderes,VD,fin,2016,1
SLC:DF_LAWS(1.0),anderes,VD,infra,2016,1
SLC:DF_LAWS(1.0),anderes,VS,educ,2016,1
SLC:DF_LAWS(1.0),anderes,VS,sante,2016,3
SLC:DF_LAWS(1.0),anderes,ZG,etat,2016,1
SLC:DF_LAWS(1.0),anderes,ZH,educ,2016,6
SLC:DF_LAWS(1.0),anderes,ZH,sante,2016,1
SLC:DF_LAWS(1.0),dekret,AG,etat,2016,3
SLC:DF_LAWS(1.0),dekret,AG,sante,2016,1
SLC:DF_LAWS(1.0),dekret,AI,autres,2016,2
SLC:DF_LAWS(1.0),dekret,BE,sante,2016,1
SLC:DF_LAWS(1.0),dekret,BL,fin,2016,1
SLC:DF_LAWS(1.0),dekret,LU,etat,2016,7
SLC:DF_LAWS(1.0),dekret,NE,educ,2016,1
SLC:DF_LAWS(1.0),dekret,NW,etat,2016,1
SLC:DF_LAWS(1.0),dekret,SG,fin,2016,1
SLC:DF_LAWS(1.0),dekret,SG,infra,2016,3
SLC:DF_LAWS(1.0),dekret,SG,sante,2016,1
SLC:DF_LAWS(1.0),dekret,SZ,infra,2016,1
SLC:DF_LAWS(1.0),dekret,TI,fin,2016,1
SLC:DF_LAWS(1.0),dekret,VD,sante,2016,2
SLC:DF_LAWS(1.0),dekret,VS,etat,2016,1
SLC:DF_LAWS(1.0),dekret,ZG,etat,2016,1
SLC:DF_LAWS(1.0),dekret,ZG,infra,2016,1
SLC:DF_LAWS(1.0),gemeindeerlass,BS,educ,2016,1
SLC:DF_LAWS(1.0),gemeindeerlass,BS,etat,2016,2
SLC:DF_LAWS(1.0),gesetz,AG,educ,2016,1
SLC:DF_LAWS(1.0),gesetz,AG,etat,2016,2
SLC:DF_LAWS(1.0),gesetz,AR,sante,2016,1
SLC:DF_LAWS(1.0),gesetz,BE,eco,2016,1
SLC:DF_LAWS(1.0),gesetz,BE,etat,2016,1
SLC:DF_LAWS(1.0),gesetz,BL,sante,2016,1
SLC:DF_LAWS(1.0),gesetz,BS,etat,2016,1
SLC:DF_LAWS(1.0),gesetz,BS,sante,2016,1
SLC:DF_LAWS(1.0),gesetz,FR,autres,2016,1
SLC:DF_LAWS(1.0),gesetz,FR,etat,2016,3
SLC:DF_LAWS(1.0),gesetz,FR,sante,2016,2
SLC:DF_LAWS(1.0),gesetz,GE,eco,2016,2
SLC:DF_LAWS(1.0),gesetz,GE,etat,2016,3
SLC:DF_LAWS(1.0),gesetz,GE,infra,2016,1
SLC:DF_LAWS(1.0),gesetz,GR,etat,2016,2
SLC:DF_LAWS(1.0),gesetz,LU,fin,2016,1
SLC:DF_LAWS(1.0),gesetz,OW,eco,2016,1
SLC:DF_LAWS(1.0),gesetz,OW,educ,2016,1
SLC:DF_LAWS(1.0),gesetz,SH,etat,2016,1
SLC:DF_LAWS(1.0),gesetz,TI,eco,2016,1
SLC:DF_LAWS(1.0),gesetz,UR,fin,2016,1
SLC:DF_LAWS(1.0),gesetz,UR,sante,2016,1
SLC:DF_LAWS(1.0),gesetz,VS,autres,2016,1
SLC:DF_LAWS(1.0),gesetz,VS,etat,2016,1
SLC:DF_LAWS(1.0),gesetz,ZG,fin,2016,1
SLC:DF_LAWS(1.0),gesetz,ZH,educ,2016,1
SLC:DF_LAWS(1.0),interkantonale_vereinbarung,AR,sante,2016,1
SLC:DF_LAWS(1.0),interkantonale_vereinbarung,BL,educ,2016,2
SLC:DF_LAWS(1.0),interkantonale_vereinbarung,BL,sante,2016,2
SLC:DF_LAWS(1.0),interkantonale_vereinbarung,BS,sante,2016,1
SLC:DF_LAWS(1.0),interkantonale_vereinbarung,JU,educ,2016,1
SLC:DF_LAWS(1.0),interkantonale_vereinbarung,OW,sante,2016,1
SLC:DF_LAWS(1.0),interkantonale_vereinbarung,SG,sante,2016,1
SLC:DF_LAWS(1.0),interkantonale_vereinbarung,TG,sante,2016,1
SLC:DF_LAWS(1.0),interkantonale_vereinbarung,ZH,sante,2016,1
SLC:DF_LAWS(1.0),reglement,AG,educ,2016,1
SLC:DF_LAWS(1.0),reglement,AG,etat,2016,1
SLC:DF_LAWS(1.0),reglement,BS,etat,2016,6
SLC:DF_LAWS(1.0),reglement,FR,educ,2016,1
SLC:DF_LAWS(1.0),reglement,GE,autres,2016,1
SLC:DF_LAWS(1.0),reglement,GE,eco,2016,1
SLC:DF_LAWS(1.0),reglement,GE,educ,2016,9
SLC:DF_LAWS(1.0),reglement,GE,etat,2016,5
SLC:DF_LAWS(1.0),reglement,GL,etat,2016,1
SLC:DF_LAWS(1.0),reglement,LU,educ,2016,5
SLC:DF_LAWS(1.0),reglement,NE,educ,2016,3
SLC:DF_LAWS(1.0),reglement,TI,autres,2016,1
SLC:DF_LAWS(1.0),reglement,TI,eco,2016,1
SLC:DF_LAWS(1.0),reglement,TI,infra,2016,1
SLC:DF_LAWS(1.0),reglement,TI,sante,2016,1
SLC:DF_LAWS(1.0),reglement,VD,eco,2016,1
SLC:DF_LAWS(1.0),reglement,VD,etat,2016,1
SLC:DF_LAWS(1.0),reglement,VD,infra,2016,2
SLC:DF_LAWS(1.0),reglement,VD,sante,2016,1
SLC:DF_LAWS(1.0),reglement,VS,educ,2016,2
SLC:DF_LAWS(1.0),reglement,VS,sante,2016,3
SLC:DF_LAWS(1.0),reglement,ZG,educ,2016,1
SLC:DF_LAWS(1.0),reglement,ZG,etat,2016,4
SLC:DF_LAWS(1.0),reglement,ZH,etat,2016,1
SLC:DF_LAWS(1.0),reglement,ZH,fin,2016,1
SLC:DF_LAWS(1.0),verordnung,AG,autres,2016,1
SLC:DF_LAWS(1.0),verordnung,AG,etat,2016,2
SLC:DF_LAWS(1.0),verordnung,AG,infra,2016,1
SLC:DF_LAWS(1.0),verordnung,AG,sante,2016,1
SLC:DF_LAWS(1.0),verordnung,AI,infra,2016,1
SLC:DF_LAWS(1.0),verordnung,AR,eco,2016,1
SLC:DF_LAWS(1.0),verordnung,AR,etat,2016,1
SLC:DF_LAWS(1.0),verordnung,AR,infra,2016,1
SLC:DF_LAWS(1.0),verordnung,AR,sante,2016,2
SLC:DF_LAWS(1.0),verordnung,BE,educ,2016,1
SLC:DF_LAWS(1.0),verordnung,BE,etat,2016,1
SLC:DF_LAWS(1.0),verordnung,BL,autres,2016,2
SLC:DF_LAWS(1.0),verordnung,BL,eco,2016,1
SLC:DF_LAWS(1.0),verordnung,BL,educ,2016,3
SLC:DF_LAWS(1.0),verordnung,BL,etat,2016,1
SLC:DF_LAWS(1.0),verordnung,BL,infra,2016,3
SLC:DF_LAWS(1.0),verordnung,BS,autres,2016,1
SLC:DF_LAWS(1.0),verordnung,BS,educ,2016,1
SLC:DF_LAWS(1.0),verordnung,BS,etat,2016,1
SLC:DF_LAWS(1.0),verordnung,BS,infra,2016,1
SLC:DF_LAWS(1.0),verordnung,BS,sante,2016,2
SLC:DF_LAWS(1.0),verordnung,FR,eco,2016,2
SLC:DF_LAWS(1.0),verordnung,FR,educ,2016,2
SLC:DF_LAWS(1.0),verordnung,FR,etat,2016,5
SLC:DF_LAWS(1.0),verordnung,FR,infra,2016,1
SLC:DF_LAWS(1.0),verordnung,FR,sante,2016,4
SLC:DF_LAWS(1.0),verordnung,GL,etat,2016,1
SLC:DF_LAWS(1.0),verordnung,GL,infra,2016,1
SLC:DF_LAWS(1.0),verordnung,GR,autres,2016,1
SLC:DF_LAWS(1.0),verordnung,GR,etat,2016,1
SLC:DF_LAWS(1.0),verordnung,JU,autres,2016,1
SLC:DF_LAWS(1.0),verordnung,JU,etat,2016,4
SLC:DF_LAWS(1.0),verordnung,JU,fin,2016,1
SLC:DF_LAWS(1.0),verordnung,JU,infra,2016,2
SLC:DF_LAWS(1.0),verordnung,NE,eco,2016,1
SLC:DF_LAWS(1.0),verordnung,NE,educ,2016,2
SLC:DF_LAWS(1.0),verordnung,NE,infra,2016,1
SLC:DF_LAWS(1.0),verordnung,NW,autres,2016,1
SLC:DF_LAWS(1.0),verordnung,NW,infra,2016,1
SLC:DF_LAWS(1.0),verordnung,OW,autres,2016,2
SLC:DF_LAWS(1.0),verordnung,OW,educ,2016,2
SLC:DF_LAWS(1.0),verordnung,OW,infra,2016,3
SLC:DF_LAWS(1.0),verordnung,OW,sante,2016,3
SLC:DF_LAWS(1.0),verordnung,SG,educ,2016,1
SLC:DF_LAWS(1.0),verordnung,SG,etat,2016,2
SLC:DF_LAWS(1.0),verordnung,SG,sante,2016,1
SLC:DF_LAWS(1.0),verordnung,SH,autres,2016,1
SLC:DF_LAWS(1.0),verordnung,SZ,infra,2016,2
SLC:DF_LAWS(1.0),verordnung,TG,fin,2016,1
SLC:DF_LAWS(1.0),verordnung,TI,autres,2016,1
SLC:DF_LAWS(1.0),verordnung,TI,eco,2016,2
SLC:DF_LAWS(1.0),verordnung,TI,educ,2016,3
SLC:DF_LAWS(1.0),verordnung,TI,fin,2016,3
SLC:DF_LAWS(1.0),verordnung,TI,sante,2016,1
SLC:DF_LAWS(1.0),verordnung,VS,autres,2016,1
SLC:DF_LAWS(1.0),verordnung,VS,etat,2016,1
SLC:DF_LAWS(1.0),verordnung,VS,sante,2016,1
SLC:DF_LAWS(1.0),verordnung,ZG,etat,2016,2
SLC:DF_LAWS(1.0),verordnung,ZH,etat,2016,4
SLC:DF_LAWS(1.0),anderes,_T,_T,2016,43
SLC:DF_LAWS(1.0),dekret,_T,_T,2016,29
SLC:DF_LAWS(1.0),gemeindeerlass,_T,_T,2016,3
SLC:DF_LAWS(1.0),gesetz,_T,_T,2016,34
SLC:DF_LAWS(1.0),interkantonale_vereinbarung,_T,_T,2016,11
SLC:DF_LAWS(1.0),reglement,_T,_T,2016,55
SLC:DF_LAWS(1.0),verordnung,_T,_T,2016,98
SLC:DF_LAWS(1.0),_T,AG,_T,2016,16
SLC:DF_LAWS(1.0),_T,AI,_T,2016,4
SLC:DF_LAWS(1.0),_T,AR,_T,2016,7
SLC:DF_LAWS(1.0),_T,BE,_T,2016,5
SLC:DF_LAWS(1.0),_T,BL,_T,2016,16
SLC:DF_LAWS(1.0),_T,BS,_T,2016,20
SLC:DF_LAWS(1.0),_T,FR,_T,2016,24
SLC:DF_LAWS(1.0),_T,GE,_T,2016,23
SLC:DF_LAWS(1.0),_T,GL,_T,2016,5
SLC:DF_LAWS(1.0),_T,GR,_T,2016,4
SLC:DF_LAWS(1.0),_T,JU,_T,2016,9
SLC:DF_LAWS(1.0),_T,LU,_T,2016,19
SLC:DF_LAWS(1.0),_T,NE,_T,2016,12
SLC:DF_LAWS(1.0),_T,NW,_T,2016,3
SLC:DF_LAWS(1.0),_T,OW,_T,2016,15
SLC:DF_LAWS(1.0),_T,SG,_T,2016,13
SLC:DF_LAWS(1.0),_T,SH,_T,2016,3
SLC:DF_LAWS(1.0),_T,SZ,_T,2016,3
SLC:DF_LAWS(1.0),_T,TG,_T,2016,3
SLC:DF_LAWS(1.0),_T,TI,_T,2016,16
SLC:DF_LAWS(1.0),_T,UR,_T,2016,2
SLC:DF_LAWS(1.0),_T,VD,_T,2016,10
SLC:DF_LAWS(1.0),_T,VS,_T,2016,15
SLC:DF_LAWS(1.0),_T,ZG,_T,2016,11
SLC:DF_LAWS(1.0),_T,ZH,_T,2016,15
SLC:DF_LAWS(1.0),_T,_T,autres,2016,22
SLC:DF_LAWS(1.0),_T,_T,eco,2016,15
SLC:DF_LAWS(1.0),_T,_T,educ,2016,61
SLC:DF_LAWS(1.0),_T,_T,etat,2016,83
SLC:DF_LAWS(1.0),_T,_T,fin,2016,13
SLC:DF_LAWS(1.0),_T,_T,infra,2016,31
SLC:DF_LAWS(1.0),_T,_T,sante,2016,48
SLC:DF_LAWS(1.0),_T,_T,_T,2016,273
SLC:DF_LAWS(1.0),anderes,BL,etat,2017,1
SLC:DF_LAWS(1.0),anderes,BL,infra,2017,1
SLC:DF_LAWS(1.0),anderes,BS,sante,2017,1
SLC:DF_LAWS(1.0),anderes,GL,infra,2017,1
SLC:DF_LAWS(1.0),anderes,JU,infra,2017,1
SLC:DF_LAWS(1.0),anderes,LU,sante,2017,2
SLC:DF_LAWS(1.0),anderes,NE,infra,2017,1
SLC:DF_LAWS(1.0),anderes,OW,educ,2017,1
SLC:DF_LAWS(1.0),anderes,OW,sante,2017,1
SLC:DF_LAWS(1.0),anderes,SG,sante,2017,1
SLC:DF_LAWS(1.0),anderes,SO,sante,2017,1
SLC:DF_LAWS(1.0),anderes,TI,educ,2017,3
SLC:DF_LAWS(1.0),anderes,VD,eco,2017,1
SLC:DF_LAWS(1.0),anderes,ZG,autres,2017,1
SLC:DF_LAWS(1.0),anderes,ZG,etat,2017,2
SLC:DF_LAWS(1.0),anderes,ZH,educ,2017,4
SLC:DF_LAWS(1.0),dekret,AI,etat,2017,1
SLC:DF_LAWS(1.0),dekret,BL,etat,2017,1
SLC:DF_LAWS(1.0),dekret,BL,fin,2017,1
SLC:DF_LAWS(1.0),dekret,BL,infra,2017,1
SLC:DF_LAWS(1.0),dekret,LU,etat,2017,1
SLC:DF_LAWS(1.0),dekret,SG,fin,2017,2
SLC:DF_LAWS(1.0),dekret,SG,sante,2017,1
SLC:DF_LAWS(1.0),dekret,UR,sante,2017,1
SLC:DF_LAWS(1.0),dekret,VD,fin,2017,1
SLC:DF_LAWS(1.0),dekret,VD,infra,2017,1
SLC:DF_LAWS(1.0),dekret,ZG,fin,2017,1
SLC:DF_LAWS(1.0),dekret,ZG,sante,2017,1
SLC:DF_LAWS(1.0),gemeindeerlass,BS,infra,2017,3
SLC:DF_LAWS(1.0),gesetz,AG,sante,2017,1
SLC:DF_LAWS(1.0),gesetz,BE,etat,2017,1
SLC:DF_LAWS(1.0),gesetz,BL,etat,2017,1
SLC:DF_LAWS(1.0),gesetz,BS,etat,2017,2
SLC:DF_LAWS(1.0),gesetz,FR,etat,2017,1
SLC:DF_LAWS(1.0),gesetz,GE,educ,2017,2
SLC:DF_LAWS(1.0),gesetz,GE,etat,2017,3
SLC:DF_LAWS(1.0),gesetz,GE,fin,2017,1
SLC:DF_LAWS(1.0),gesetz,JU,etat,2017,1
SLC:DF_LAWS(1.0),gesetz,JU,sante,2017,1
SLC:DF_LAWS(1.0),gesetz,NE,educ,2017,1
SLC:DF_LAWS(1.0),gesetz,NW,infra,2017,1
SLC:DF_LAWS(1.0),gesetz,NW,sante,2017,1
SLC:DF_LAWS(1.0),gesetz,SG,educ,2017,1
SLC:DF_LAWS(1.0),gesetz,SH,eco,2017,1
SLC:DF_LAWS(1.0),gesetz,UR,etat,2017,1
SLC:DF_LAWS(1.0),gesetz,VD,autres,2017,1
SLC:DF_LAWS(1.0),gesetz,VD,eco,2017,1
SLC:DF_LAWS(1.0),gesetz,ZH,educ,2017,1
SLC:DF_LAWS(1.0),gesetz,ZH,etat,2017,1
SLC:DF_LAWS(1.0),interkantonale_vereinbarung,AG,autres,2017,1
SLC:DF_LAWS(1.0),interkantonale_vereinbarung,BL,educ,2017,1
SLC:DF_LAWS(1.0),interkantonale_vereinbarung,FR,eco,2017,1
SLC:DF_LAWS(1.0),interkantonale_vereinbarung,GE,autres,2017,3
SLC:DF_LAWS(1.0),interkantonale_vereinbarung,JU,educ,2017,1
SLC:DF_LAWS(1.0),interkantonale_vereinbarung,SO,autres,2017,1
SLC:DF_LAWS(1.0),interkantonale_vereinbarung,TI,autres,2017,3
SLC:DF_LAWS(1.0),interkantonale_vereinbarung,VD,autres,2017,3
SLC:DF_LAWS(1.0),interkantonale_vereinbarung,VS,etat,2017,1
SLC:DF_LAWS(1.0),interkantonale_vereinbarung,VS,sante,2017,2
SLC:DF_LAWS(1.0),reglement,AG,etat,2017,1
SLC:DF_LAWS(1.0),reglement,AG,fin,2017,1
SLC:DF_LAWS(1.0),reglement,AG,sante,2017,1
SLC:DF_LAWS(1.0),reglement,AI,etat,2017,2
SLC:DF_LAWS(1.0),reglement,BS,etat,2017,4
SLC:DF_LAWS(1.0),reglement,FR,educ,2017,1
SLC:DF_LAWS(1.0),reglement,FR,etat,2017,1
SLC:DF_LAWS(1.0),reglement,GE,autres,2017,2
SLC:DF_LAWS(1.0),reglement,GE,eco,2017,1
SLC:DF_LAWS(1.0),reglement,GE,educ,2017,3
SLC:DF_LAWS(1.0),reglement,GE,etat,2017,7
SLC:DF_LAWS(1.0),reglement,GE,fin,2017,2
SLC:DF_LAWS(1.0),reglement,JU,educ,2017,1
SLC:DF_LAWS(1.0),reglement,LU,educ,2017,1
SLC:DF_LAWS(1.0),reglement,NE,autres,2017,1
SLC:DF_LAWS(1.0),reglement,NE,educ,2017,1
SLC:DF_LAWS(1.0),reglement,NE,etat,2017,1
SLC:DF_LAWS(1.0),reglement,NE,infra,2017,1
SLC:DF_LAWS(1.0),reglement,NE,sante,2017,1
SLC:DF_LAWS(1.0),reglement,SG,sante,2017,1
SLC:DF_LAWS(1.0),reglement,SH,etat,2017,1
SLC:DF_LAWS(1.0),reglement,SO,educ,2017,3
SLC:DF_LAWS(1.0),reglement,TI,etat,2017,8
SLC:DF_LAWS(1.0),reglement,TI,infra,2017,2
SLC:DF_LAWS(1.0),reglement,UR,sante,2017,1
SLC:DF_LAWS(1.0),reglement,VD,autres,2017,1
SLC:DF_LAWS(1.0),reglement,VD,educ,2017,1
SLC:DF_LAWS(1.0),reglement,VD,etat,2017,1
SLC:DF_LAWS(1.0),reglement,VS,eco,2017,1
SLC:DF_LAWS(1.0),reglement,VS,educ,2017,2
SLC:DF_LAWS(1.0),reglement,VS,etat,2017,1
SLC:DF_LAWS(1.0),reglement,VS,infra,2017,1
SLC:DF_LAWS(1.0),reglement,ZG,educ,2017,2
SLC:DF_LAWS(1.0),reglement,ZH,etat,2017,2
SLC:DF_LAWS(1.0),reglement,ZH,sante,2017,1
SLC:DF_LAWS(1.0),staatsvertrag,SH,sante,2017,1
SLC:DF_LAWS(1.0),verordnung,AG,etat,2017,3
SLC:DF_LAWS(1.0),verordnung,AG,infra,2017,1
SLC:DF_LAWS(1.0),verordnung,AG,sante,2017,2
SLC:DF_LAWS(1.0),verordnung,AI,autres,2017,1
SLC:DF_LAWS(1.0),verordnung,AR,eco,2017,1
SLC:DF_LAWS(1.0),verordnung,AR,educ,2017,1
SLC:DF_LAWS(1.0),verordnung,AR,fin,2017,1
SLC:DF_LAWS(1.0),verordnung,BE,educ,2017,1
SLC:DF_LAWS(1.0),verordnung,BE,etat,2017,1
SLC:DF_LAWS(1.0),verordnung,BL,autres,2017,1
SLC:DF_LAWS(1.0),verordnung,BL,educ,2017,1
SLC:DF_LAWS(1.0),verordnung,BL,etat,2017,2
SLC:DF_LAWS(1.0),verordnung,BL,fin,2017,1
SLC:DF_LAWS(1.0),verordnung,BL,infra,2017,2
SLC:DF_LAWS(1.0),verordnung,BS,etat,2017,3
SLC:DF_LAWS(1.0),verordnung,BS,infra,2017,1
SLC:DF_LAWS(1.0),verordnung,FR,autres,2017,1
SLC:DF_LAWS(1.0),verordnung,FR,educ,2017,3
SLC:DF_LAWS(1.0),verordnung,FR,etat,2017,3
SLC:DF_LAWS(1.0),verordnung,FR,infra,2017,2
SLC:DF_LAWS(1.0),verordnung,GE,sante,2017,1
SLC:DF_LAWS(1.0),verordnung,GL,educ,2017,1
SLC:DF_LAWS(1.0),verordnung,GL,etat,2017,3
SLC:DF_LAWS(1.0),verordnung,GL,infra,2017,1
SLC:DF_LAWS(1.0),verordnung,GR,infra,2017,1
SLC:DF_LAWS(1.0),verordnung,JU,autres,2017,1
SLC:DF_LAWS(1.0),verordnung,JU,educ,2017,1
SLC:DF_LAWS(1.0),verordnung,JU,etat,2017,1
SLC:DF_LAWS(1.0),verordnung,JU,fin,2017,1
SLC:DF_LAWS(1.0),verordnung,LU,educ,2017,2
SLC:DF_LAWS(1.0),verordnung,LU,etat,2017,3
SLC:DF_LAWS(1.0),verordnung,NE,educ,2017,2
SLC:DF_LAWS(1.0),verordnung,NE,etat,2017,1
SLC:DF_LAWS(1.0),verordnung,NE,fin,2017,1
SLC:DF_LAWS(1.0),verordnung,NE,infra,2017,1
SLC:DF_LAWS(1.0),verordnung,NW,infra,2017,5
SLC:DF_LAWS(1.0),verordnung,OW,autres,2017,1
SLC:DF_LAWS(1.0),verordnung,OW,eco,2017,6
SLC:DF_LAWS(1.0),verordnung,OW,etat,2017,3
SLC:DF_LAWS(1.0),verordnung,OW,infra,2017,1
SLC:DF_LAWS(1.0),verordnung,SH,educ,2017,1
SLC:DF_LAWS(1.0),verordnung,SH,etat,2017,2
SLC:DF_LAWS(1.0),verordnung,SZ,autres,2017,1
SLC:DF_LAWS(1.0),verordnung,TG,etat,2017,2
SLC:DF_LAWS(1.0),verordnung,TG,infra,2017,1
SLC:DF_LAWS(1.0),verordnung,TI,fin,2017,1
SLC:DF_LAWS(1.0),verordnung,VS,etat,2017,4
SLC:DF_LAWS(1.0),verordnung,VS,sante,2017,2
SLC:DF_LAWS(1.0),verordnung,ZG,etat,2017,1
SLC:DF_LAWS(1.0),verordnung,ZG,fin,2017,1
SLC:DF_LAWS(1.0),verordnung,ZG,infra,2017,1
SLC:DF_LAWS(1.0),verordnung,ZG,sante,2017,2
SLC:DF_LAWS(1.0),verordnung,ZH,educ,2017,2
SLC:DF_LAWS(1.0),verordnung,ZH,etat,2017,2
SLC:DF_LAWS(1.0),verordnung,ZH,sante,2017,1
SLC:DF_LAWS(1.0),anderes,_T,_T,2017,23
SLC:DF_LAWS(1.0),dekret,_T,_T,2017,13
SLC:DF_LAWS(1.0),gemeindeerlass,_T,_T,2017,3
SLC:DF_LAWS(1.0),gesetz,_T,_T,2017,24
SLC:DF_LAWS(1.0),interkantonale_vereinbarung,_T,_T,2017,17
SLC:DF_LAWS(1.0),reglement,_T,_T,2017,62
SLC:DF_LAWS(1.0),staatsvertrag,_T,_T,2017,1
SLC:DF_LAWS(1.0),verordnung,_T,_T,2017,93
SLC:DF_LAWS(1.0),_T,AG,_T,2017,11
SLC:DF_LAWS(1.0),_T,AI,_T,2017,4
SLC:DF_LAWS(1.0),_T,AR,_T,2017,3
SLC:DF_LAWS(1.0),_T,BE,_T,2017,3
SLC:DF_LAWS(1.0),_T,BL,_T,2017,14
SLC:DF_LAWS(1.0),_T,BS,_T,2017,14
SLC:DF_LAWS(1.0),_T,FR,_T,2017,13
SLC:DF_LAWS(1.0),_T,GE,_T,2017,25
SLC:DF_LAWS(1.0),_T,GL,_T,2017,6
SLC:DF_LAWS(1.0),_T,GR,_T,2017,1
SLC:DF_LAWS(1.0),_T,JU,_T,2017,9
SLC:DF_LAWS(1.0),_T,LU,_T,2017,9
SLC:DF_LAWS(1.0),_T,NE,_T,2017,12
SLC:DF_LAWS(1.0),_T,NW,_T,2017,7
SLC:DF_LAWS(1.0),_T,OW,_T,2017,13
SLC:DF_LAWS(1.0),_T,SG,_T,2017,6
SLC:DF_LAWS(1.0),_T,SH,_T,2017,6
SLC:DF_LAWS(1.0),_T,SO,_T,2017,5
SLC:DF_LAWS(1.0),_T,SZ,_T,2017,1
SLC:DF_LAWS(1.0),_T,TG,_T,2017,3
SLC:DF_LAWS(1.0),_T,TI,_T,2017,17
SLC:DF_LAWS(1.0),_T,UR,_T,2017,3
SLC:DF_LAWS(1.0),_T,VD,_T,2017,11
SLC:DF_LAWS(1.0),_T,VS,_T,2017,14
SLC:DF_LAWS(1.0),_T,ZG,_T,2017,12
SLC:DF_LAWS(1.0),_T,ZH,_T,2017,14
SLC:DF_LAWS(1.0),_T,_T,autres,2017,23
SLC:DF_LAWS(1.0),_T,_T,eco,2017,13
SLC:DF_LAWS(1.0),_T,_T,educ,2017,45
SLC:DF_LAWS(1.0),_T,_T,etat,2017,81
SLC:DF_LAWS(1.0),_T,_T,fin,2017,15
SLC:DF_LAWS(1.0),_T,_T,infra,2017,31
SLC:DF_LAWS(1.0),_T,_T,sante,2017,28
SLC:DF_LAWS(1.0),_T,_T,_T,2017,236
SLC:DF_LAWS(1.0),anderes,AG,etat,2018,1
SLC:DF_LAWS(1.0),anderes,AG,infra,2018,1
SLC:DF_LAWS(1.0),anderes,BL,educ,2018,1
SLC:DF_LAWS(1.0),anderes,BS,infra,2018,2
SLC:DF_LAWS(1.0),anderes,GL,infra,2018,1
SLC:DF_LAWS(1.0),anderes,JU,educ,2018,1
SLC:DF_LAWS(1.0),anderes,JU,sante,2018,1
SLC:DF_LAWS(1.0),anderes,LU,educ,2018,2
SLC:DF_LAWS(1.0),anderes,LU,sante,2018,2
SLC:DF_LAWS(1.0),anderes,OW,eco,2018,1
SLC:DF_LAWS(1.0),anderes,SH,infra,2018,1
SLC:DF_LAWS(1.0),anderes,VD,eco,2018,1
SLC:DF_LAWS(1.0),anderes,VS,eco,2018,1
SLC:DF_LAWS(1.0),anderes,VS,infra,2018,1
SLC:DF_LAWS(1.0),anderes,VS,sante,2018,2
SLC:DF_LAWS(1.0),anderes,ZH,educ,2018,5
SLC:DF_LAWS(1.0),anderes,ZH,etat,2018,2
SLC:DF_LAWS(1.0),anderes,ZH,sante,2018,1
SLC:DF_LAWS(1.0),dekret,AI,educ,2018,1
SLC:DF_LAWS(1.0),dekret,AI,fin,2018,1
SLC:DF_LAWS(1.0),dekret,BL,fin,2018,1
SLC:DF_LAWS(1.0),dekret,LU,etat,2018,3
SLC:DF_LAWS(1.0),dekret,SG,fin,2018,5
SLC:DF_LAWS(1.0),dekret,SG,sante,2018,1
SLC:DF_LAWS(1.0),dekret,SH,infra,2018,2
SLC:DF_LAWS(1.0),dekret,TI,eco,2018,1
SLC:DF_LAWS(1.0),dekret,UR,etat,2018,1
SLC:DF_LAWS(1.0),dekret,UR,sante,2018,1
SLC:DF_LAWS(1.0),dekret,VD,etat,2018,1
SLC:DF_LAWS(1.0),dekret,VS,etat,2018,1
SLC:DF_LAWS(1.0),dekret,ZG,etat,2018,1
SLC:DF_LAWS(1.0),dekret,ZG,fin,2018,3
SLC:DF_LAWS(1.0),dekret,ZG,sante,2018,1
SLC:DF_LAWS(1.0),gesetz,AI,fin,2018,1
SLC:DF_LAWS(1.0),gesetz,AR,etat,2018,2
SLC:DF_LAWS(1.0),gesetz,BE,etat,2018,1
SLC:DF_LAWS(1.0),gesetz,BE,infra,2018,1
SLC:DF_LAWS(1.0),gesetz,BE,sante,2018,1
SLC:DF_LAWS(1.0),gesetz,BL,infra,2018,1
SLC:DF_LAWS(1.0),gesetz,BL,sante,2018,1
SLC:DF_LAWS(1.0),gesetz,FR,etat,2018,2
SLC:DF_LAWS(1.0),gesetz,FR,fin,2018,1
SLC:DF_LAWS(1.0),gesetz,GE,etat,2018,1
SLC:DF_LAWS(1.0),gesetz,GE,sante,2018,1
SLC:DF_LAWS(1.0),gesetz,JU,sante,2018,1
SLC:DF_LAWS(1.0),gesetz,NE,infra,2018,2
SLC:DF_LAWS(1.0),gesetz,NW,autres,2018,1
SLC:DF_LAWS(1.0),gesetz,SG,autres,2018,1
SLC:DF_LAWS(1.0),gesetz,SG,etat,2018,3
SLC:DF_LAWS(1.0),gesetz,SH,infra,2018,1
SLC:DF_LAWS(1.0),gesetz,SO,etat,2018,1
SLC:DF_LAWS(1.0),gesetz,SO,infra,2018,1
SLC:DF_LAWS(1.0),gesetz,UR,fin,2018,1
SLC:DF_LAWS(1.0),gesetz,VD,etat,2018,1
SLC:DF_LAWS(1.0),gesetz,VD,fin,2018,2
SLC:DF_LAWS(1.0),gesetz,VS,etat,2018,1
SLC:DF_LAWS(1.0),gesetz,VS,infra,2018,4
SLC:DF_LAWS(1.0),gesetz,VS,sante,2018,1
SLC:DF_LAWS(1.0),gesetz,ZH,educ,2018,1
SLC:DF_LAWS(1.0),interkantonale_vereinbarung,AG,educ,2018,1
SLC:DF_LAWS(1.0),interkantonale_vereinbarung,AG,infra,2018,1
SLC:DF_LAWS(1.0),interkantonale_vereinbarung,AR,eco,2018,1
SLC:DF_LAWS(1.0),interkantonale_vereinbarung,BL,eco,2018,1
SLC:DF_LAWS(1.0),interkantonale_vereinbarung,BL,sante,2018,1
SLC:DF_LAWS(1.0),interkantonale_vereinbarung,BS,etat,2018,1
SLC:DF_LAWS(1.0),interkantonale_vereinbarung,BS,sante,2018,1
SLC:DF_LAWS(1.0),interkantonale_vereinbarung,FR,infra,2018,1
SLC:DF_LAWS(1.0),interkantonale_vereinbarung,GE,infra,2018,1
SLC:DF_LAWS(1.0),interkantonale_vereinbarung,GL,eco,2018,1
SLC:DF_LAWS(1.0),interkantonale_vereinbarung,GL,sante,2018,1
SLC:DF_LAWS(1.0),interkantonale_vereinbarung,JU,autres,2018,1
SLC:DF_LAWS(1.0),interkantonale_vereinbarung,NE,autres,2018,2
SLC:DF_LAWS(1.0),interkantonale_vereinbarung,NW,etat,2018,1
SLC:DF_LAWS(1.0),interkantonale_vereinbarung,SG,eco,2018,1
SLC:DF_LAWS(1.0),interkantonale_vereinbarung,TG,eco,2018,1
SLC:DF_LAWS(1.0),interkantonale_vereinbarung,TG,sante,2018,1
SLC:DF_LAWS(1.0),interkantonale_vereinbarung,VD,infra,2018,1
SLC:DF_LAWS(1.0),interkantonale_vereinbarung,VD,sante,2018,1
SLC:DF_LAWS(1.0),interkantonale_vereinbarung,VS,eco,2018,2
SLC:DF_LAWS(1.0),interkantonale_vereinbarung,ZG,eco,2018,1
SLC:DF_LAWS(1.0),reglement,BE,educ,2018,1
SLC:DF_LAWS(1.0),reglement,BL,etat,2018,7
SLC:DF_LAWS(1.0),reglement,BS,etat,2018,2
SLC:DF_LAWS(1.0),reglement,FR,etat,2018,1
SLC:DF_LAWS(1.0),reglement,FR,sante,2018,1
SLC:DF_LAWS(1.0),reglement,GE,eco,2018,1
SLC:DF_LAWS(1.0),reglement,GE,educ,2018,1
SLC:DF_LAWS(1.0),reglement,GE,etat,2018,4
SLC:DF_LAWS(1.0),reglement,GE,fin,2018,3
SLC:DF_LAWS(1.0),reglement,GE,infra,2018,1
SLC:DF_LAWS(1.0),reglement,GE,sante,2018,1
SLC:DF_LAWS(1.0),reglement,LU,educ,2018,1
SLC:DF_LAWS(1.0),reglement,LU,sante,2018,4
SLC:DF_LAWS(1.0),reglement,NE,etat,2018,1
SLC:DF_LAWS(1.0),reglement,NE,infra,2018,2
SLC:DF_LAWS(1.0),reglement,NW,etat,2018,6
SLC:DF_LAWS(1.0),reglement,SZ,educ,2018,1
SLC:DF_LAWS(1.0),reglement,TI,etat,2018,1
SLC:DF_LAWS(1.0),reglement,TI,fin,2018,1
SLC:DF_LAWS(1.0),reglement,TI,sante,2018,1
SLC:DF_LAWS(1.0),reglement,UR,infra,2018,1
SLC:DF_LAWS(1.0),reglement,UR,sante,2018,1
SLC:DF_LAWS(1.0),reglement,VD,autres,2018,1
SLC:DF_LAWS(1.0),reglement,VD,eco,2018,2
SLC:DF_LAWS(1.0),reglement,VD,educ,2018,2
SLC:DF_LAWS(1.0),reglement,VD,etat,2018,3
SLC:DF_LAWS(1.0),reglement,VD,fin,2018,1
SLC:DF_LAWS(1.0),reglement,VD,infra,2018,1
SLC:DF_LAWS(1.0),reglement,VD,sante,2018,1
SLC:DF_LAWS(1.0),reglement,VS,educ,2018,2
SLC:DF_LAWS(1.0),reglement,ZG,educ,2018,1
SLC:DF_LAWS(1.0),reglement,ZH,educ,2018,1
SLC:DF_LAWS(1.0),verordnung,AG,fin,2018,1
SLC:DF_LAWS(1.0),verordnung,AG,sante,2018,1
SLC:DF_LAWS(1.0),verordnung,AI,autres,2018,1
SLC:DF_LAWS(1.0),verordnung,AI,sante,2018,1
SLC:DF_LAWS(1.0),verordnung,BE,autres,2018,1
SLC:DF_LAWS(1.0),verordnung,BE,educ,2018,3
SLC:DF_LAWS(1.0),verordnung,BE,etat,2018,3
SLC:DF_LAWS(1.0),verordnung,BL,etat,2018,2
SLC:DF_LAWS(1.0),verordnung,BL,infra,2018,3
SLC:DF_LAWS(1.0),verordnung,BL,sante,2018,1
SLC:DF_LAWS(1.0),verordnung,BS,autres,2018,1
SLC:DF_LAWS(1.0),verordnung,BS,educ,2018,1
SLC:DF_LAWS(1.0),verordnung,BS,etat,2018,2
SLC:DF_LAWS(1.0),verordnung,BS,infra,2018,1
SLC:DF_LAWS(1.0),verordnung,FR,autres,2018,1
SLC:DF_LAWS(1.0),verordnung,FR,educ,2018,1
SLC:DF_LAWS(1.0),verordnung,FR,etat,2018,1
SLC:DF_LAWS(1.0),verordnung,GL,fin,2018,1
SLC:DF_LAWS(1.0),verordnung,GR,eco,2018,1
SLC:DF_LAWS(1.0),verordnung,GR,etat,2018,1
SLC:DF_LAWS(1.0),verordnung,JU,etat,2018,1
SLC:DF_LAWS(1.0),verordnung,JU,fin,2018,1
SLC:DF_LAWS(1.0),verordnung,JU,sante,2018,2
SLC:DF_LAWS(1.0),verordnung,LU,etat,2018,1
SLC:DF_LAWS(1.0),verordnung,LU,sante,2018,1
SLC:DF_LAWS(1.0),verordnung,NE,infra,2018,3
SLC:DF_LAWS(1.0),verordnung,NW,etat,2018,1
SLC:DF_LAWS(1.0),verordnung,NW,sante,2018,2
SLC:DF_LAWS(1.0),verordnung,OW,educ,2018,1
SLC:DF_LAWS(1.0),verordnung,OW,etat,2018,1
SLC:DF_LAWS(1.0),verordnung,OW,infra,2018,2
SLC:DF_LAWS(1.0),verordnung,SG,eco,2018,1
SLC:DF_LAWS(1.0),verordnung,SG,etat,2018,1
SLC:DF_LAWS(1.0),verordnung,SG,infra,2018,1
SLC:DF_LAWS(1.0),verordnung,SH,educ,2018,2
SLC:DF_LAWS(1.0),verordnung,SO,etat,2018,2
SLC:DF_LAWS(1.0),verordnung,TI,fin,2018,1
SLC:DF_LAWS(1.0),verordnung,TI,sante,2018,2
SLC:DF_LAWS(1.0),verordnung,VS,infra,2018,1
SLC:DF_LAWS(1.0),verordnung,ZG,autres,2018,1
SLC:DF_LAWS(1.0),verordnung,ZG,educ,2018,2
SLC:DF_LAWS(1.0),verordnung,ZG,fin,2018,1
SLC:DF_LAWS(1.0),verordnung,ZG,sante,2018,1
SLC:DF_LAWS(1.0),verordnung,ZH,autres,2018,1
SLC:DF_LAWS(1.0),verordnung,ZH,educ,2018,2
SLC:DF_LAWS(1.0),verordnung,ZH,etat,2018,2
SLC:DF_LAWS(1.0),verordnung,ZH,infra,2018,1
SLC:DF_LAWS(1.0),verordnung,ZH,sante,2018,3
SLC:DF_LAWS(1.0),anderes,_T,_T,2018,27
SLC:DF_LAWS(1.0),dekret,_T,_T,2018,24
SLC:DF_LAWS(1.0),gesetz,_T,_T,2018,35
SLC:DF_LAWS(1.0),interkantonale_vereinbarung,_T,_T,2018,23
SLC:DF_LAWS(1.0),reglement,_T,_T,2018,58
SLC:DF_LAWS(1.0),verordnung,_T,_T,2018,69
SLC:DF_LAWS(1.0),_T,AG,_T,2018,6
SLC:DF_LAWS(1.0),_T,AI,_T,2018,5
SLC:DF_LAWS(1.0),_T,AR,_T,2018,3
SLC:DF_LAWS(1.0),_T,BE,_T,2018,11
SLC:DF_LAWS(1.0),_T,BL,_T,2018,19
SLC:DF_LAWS(1.0),_T,BS,_T,2018,11
SLC:DF_LAWS(1.0),_T,FR,_T,2018,9
SLC:DF_LAWS(1.0),_T,GE,_T,2018,14
SLC:DF_LAWS(1.0),_T,GL,_T,2018,4
SLC:DF_LAWS(1.0),_T,GR,_T,2018,2
SLC:DF_LAWS(1.0),_T,JU,_T,2018,8
SLC:DF_LAWS(1.0),_T,LU,_T,2018,14
SLC:DF_LAWS(1.0),_T,NE,_T,2018,10
SLC:DF_LAWS(1.0),_T,NW,_T,2018,11
SLC:DF_LAWS(1.0),_T,OW,_T,2018,5
SLC:DF_LAWS(1.0),_T,SG,_T,2018,14
SLC:DF_LAWS(1.0),_T,SH,_T,2018,6
SLC:DF_LAWS(1.0),_T,SO,_T,2018,4
SLC:DF_LAWS(1.0),_T,SZ,_T,2018,1
SLC:DF_LAWS(1.0),_T,TG,_T,2018,2
SLC:DF_LAWS(1.0),_T,TI,_T,2018,7
SLC:DF_LAWS(1.0),_T,UR,_T,2018,5
SLC:DF_LAWS(1.0),_T,VD,_T,2018,18
SLC:DF_LAWS(1.0),_T,VS,_T,2018,16
SLC:DF_LAWS(1.0),_T,ZG,_T,2018,12
SLC:DF_LAWS(1.0),_T,ZH,_T,2018,19
SLC:DF_LAWS(1.0),_T,_T,autres,2018,12
SLC:DF_LAWS(1.0),_T,_T,eco,2018,17
SLC:DF_LAWS(1.0),_T,_T,educ,2018,34
SLC:DF_LAWS(1.0),_T,_T,etat,2018,67
SLC:DF_LAWS(1.0),_T,_T,fin,2018,25
SLC:DF_LAWS(1.0),_T,_T,infra,2018,39
SLC:DF_LAWS(1.0),_T,_T,sante,2018,42
SLC:DF_LAWS(1.0),_T,_T,_T,2018,236
SLC:DF_LAWS(1.0),anderes,AG,autres,2019,1
SLC:DF_LAWS(1.0),anderes,AI,etat,2019,1
SLC:DF_LAWS(1.0),anderes,AR,educ,2019,1
SLC:DF_LAWS(1.0),anderes,AR,etat,2019,1
SLC:DF_LAWS(1.0),anderes,BE,sante,2019,1
SLC:DF_LAWS(1.0),anderes,BS,sante,2019,1
SLC:DF_LAWS(1.0),anderes,GE,sante,2019,1
SLC:DF_LAWS(1.0),anderes,GL,educ,2019,1
SLC:DF_LAWS(1.0),anderes,GR,eco,2019,1
SLC:DF_LAWS(1.0),anderes,GR,infra,2019,1
SLC:DF_LAWS(1.0),anderes,JU,eco,2019,1
SLC:DF_LAWS(1.0),anderes,LU,autres,2019,1
SLC:DF_LAWS(1.0),anderes,LU,educ,2019,2
SLC:DF_LAWS(1.0),anderes,NE,educ,2019,2
SLC:DF_LAWS(1.0),anderes,SG,educ,2019,1
SLC:DF_LAWS(1.0),anderes,SH,eco,2019,1
SLC:DF_LAWS(1.0),anderes,SH,educ,2019,1
SLC:DF_LAWS(1.0),anderes,SH,sante,2019,1
SLC:DF_LAWS(1.0),anderes,SO,sante,2019,1
SLC:DF_LAWS(1.0),anderes,TG,eco,2019,1
SLC:DF_LAWS(1.0),anderes,VD,etat,2019,2
SLC:DF_LAWS(1.0),anderes,VD,sante,2019,1
SLC:DF_LAWS(1.0),anderes,VS,eco,2019,1
SLC:DF_LAWS(1.0),anderes,ZH,educ,2019,6
SLC:DF_LAWS(1.0),anderes,ZH,etat,2019,3
SLC:DF_LAWS(1.0),dekret,AI,autres,2019,2
SLC:DF_LAWS(1.0),dekret,AI,educ,2019,1
SLC:DF_LAWS(1.0),dekret,AI,etat,2019,1
SLC:DF_LAWS(1.0),dekret,BE,etat,2019,1
SLC:DF_LAWS(1.0),dekret,BL,fin,2019,1
SLC:DF_LAWS(1.0),dekret,LU,etat,2019,4
SLC:DF_LAWS(1.0),dekret,SG,educ,2019,5
SLC:DF_LAWS(1.0),dekret,SG,fin,2019,4
SLC:DF_LAWS(1.0),dekret,SG,infra,2019,1
SLC:DF_LAWS(1.0),dekret,SZ,sante,2019,1
SLC:DF_LAWS(1.0),dekret,VD,eco,2019,1
SLC:DF_LAWS(1.0),dekret,VD,etat,2019,1
SLC:DF_LAWS(1.0),dekret,VD,infra,2019,1
SLC:DF_LAWS(1.0),dekret,ZG,educ,2019,1
SLC:DF_LAWS(1.0),dekret,ZG,fin,2019,5
SLC:DF_LAWS(1.0),gemeindeerlass,BS,educ,2019,1
SLC:DF_LAWS(1.0),gemeindeerlass,BS,infra,2019,1
SLC:DF_LAWS(1.0),gesetz,BE,etat,2019,1
SLC:DF_LAWS(1.0),gesetz,BL,fin,2019,1
SLC:DF_LAWS(1.0),gesetz,BS,etat,2019,1
SLC:DF_LAWS(1.0),gesetz,FR,eco,2019,1
SLC:DF_LAWS(1.0),gesetz,GE,autres,2019,1
SLC:DF_LAWS(1.0),gesetz,GE,eco,2019,1
SLC:DF_LAWS(1.0),gesetz,GE,educ,2019,2
SLC:DF_LAWS(1.0),gesetz,GE,etat,2019,2
SLC:DF_LAWS(1.0),gesetz,GE,fin,2019,1
SLC:DF_LAWS(1.0),gesetz,GE,infra,2019,1
SLC:DF_LAWS(1.0),gesetz,LU,etat,2019,1
SLC:DF_LAWS(1.0),gesetz,NE,etat,2019,1
SLC:DF_LAWS(1.0),gesetz,SH,educ,2019,1
SLC:DF_LAWS(1.0),gesetz,SH,infra,2019,1
SLC:DF_LAWS(1.0),gesetz,SO,etat,2019,1
SLC:DF_LAWS(1.0),gesetz,SZ,etat,2019,1
SLC:DF_LAWS(1.0),gesetz,SZ,infra,2019,1
SLC:DF_LAWS(1.0),gesetz,SZ,sante,2019,1
SLC:DF_LAWS(1.0),gesetz,TI,sante,2019,1
SLC:DF_LAWS(1.0),gesetz,VD,educ,2019,1
SLC:DF_LAWS(1.0),gesetz,VS,autres,2019,1
SLC:DF_LAWS(1.0),gesetz,VS,educ,2019,1
SLC:DF_LAWS(1.0),gesetz,VS,etat,2019,1
SLC:DF_LAWS(1.0),gesetz,ZH,eco,2019,1
SLC:DF_LAWS(1.0),gesetz,ZH,infra,2019,1
SLC:DF_LAWS(1.0),interkantonale_vereinbarung,AG,educ,2019,2
SLC:DF_LAWS(1.0),interkantonale_vereinbarung,AG,etat,2019,2
SLC:DF_LAWS(1.0),interkantonale_vereinbarung,AG,infra,2019,3
SLC:DF_LAWS(1.0),interkantonale_vereinbarung,AI,autres,2019,2
SLC:DF_LAWS(1.0),interkantonale_vereinbarung,AI,educ,2019,1
SLC:DF_LAWS(1.0),interkantonale_vereinbarung,AR,etat,2019,1
SLC:DF_LAWS(1.0),interkantonale_vereinbarung,BE,etat,2019,3
SLC:DF_LAWS(1.0),interkantonale_vereinbarung,BL,etat,2019,2
SLC:DF_LAWS(1.0),interkantonale_vereinbarung,BL,infra,2019,1
SLC:DF_LAWS(1.0),interkantonale_vereinbarung,BS,etat,2019,1
SLC:DF_LAWS(1.0),interkantonale_vereinbarung,BS,infra,2019,2
SLC:DF_LAWS(1.0),interkantonale_vereinbarung,BS,sante,2019,1
SLC:DF_LAWS(1.0),interkantonale_vereinbarung,FR,etat,2019,2
SLC:DF_LAWS(1.0),interkantonale_vereinbarung,FR,infra,2019,1
SLC:DF_LAWS(1.0),interkantonale_vereinbarung,GE,eco,2019,2
SLC:DF_LAWS(1.0),interkantonale_vereinbarung,GL,infra,2019,1
SLC:DF_LAWS(1.0),interkantonale_vereinbarung,GR,eco,2019,2
SLC:DF_LAWS(1.0),interkantonale_vereinbarung,GR,infra,2019,1
SLC:DF_LAWS(1.0),interkantonale_vereinbarung,JU,infra,2019,1
SLC:DF_LAWS(1.0),interkantonale_vereinbarung,LU,infra,2019,1
SLC:DF_LAWS(1.0),interkantonale_vereinbarung,NE,eco,2019,1
SLC:DF_LAWS(1.0),interkantonale_vereinbarung,NW,etat,2019,1
SLC:DF_LAWS(1.0),interkantonale_vereinbarung,SG,autres,2019,2
SLC:DF_LAWS(1.0),interkantonale_vereinbarung,SG,educ,2019,2
SLC:DF_LAWS(1.0),interkantonale_vereinbarung,SG,etat,2019,1
SLC:DF_LAWS(1.0),interkantonale_vereinbarung,SG,infra,2019,1
SLC:DF_LAWS(1.0),interkantonale_vereinbarung,SH,eco,2019,2
SLC:DF_LAWS(1.0),interkantonale_vereinbarung,SH,infra,2019,1
SLC:DF_LAWS(1.0),interkantonale_vereinbarung,SO,etat,2019,2
SLC:DF_LAWS(1.0),interkantonale_vereinbarung,SO,infra,2019,1
SLC:DF_LAWS(1.0),interkantonale_vereinbarung,SZ,sante,2019,1
SLC:DF_LAWS(1.0),interkantonale_vereinbarung,TG,eco,2019,1
SLC:DF_LAWS(1.0),interkantonale_vereinbarung,TG,educ,2019,1
SLC:DF_LAWS(1.0),interkantonale_vereinbarung,TG,infra,2019,1
SLC:DF_LAWS(1.0),interkantonale_vereinbarung,TG,sante,2019,1
SLC:DF_LAWS(1.0),interkantonale_vereinbarung,UR,eco,2019,1
SLC:DF_LAWS(1.0),interkantonale_vereinbarung,VD,eco,2019,2
SLC:DF_LAWS(1.0),interkantonale_vereinbarung,VD,educ,2019,1
SLC:DF_LAWS(1.0),interkantonale_vereinbarung,VD,infra,2019,1
SLC:DF_LAWS(1.0),interkantonale_vereinbarung,VS,eco,2019,2
SLC:DF_LAWS(1.0),interkantonale_vereinbarung,VS,educ,2019,1
SLC:DF_LAWS(1.0),interkantonale_vereinbarung,ZG,educ,2019,2
SLC:DF_LAWS(1.0),interkantonale_vereinbarung,ZG,infra,2019,1
SLC:DF_LAWS(1.0),reglement,BL,etat,2019,3
SLC:DF_LAWS(1.0),reglement,BS,etat,2019,1
SLC:DF_LAWS(1.0),reglement,FR,educ,2019,2
SLC:DF_LAWS(1.0),reglement,FR,etat,2019,1
SLC:DF_LAWS(1.0),reglement,FR,infra,2019,2
SLC:DF_LAWS(1.0),reglement,GE,etat,2019,3
SLC:DF_LAWS(1.0),reglement,GE,sante,2019,2
SLC:DF_LAWS(1.0),reglement,LU,educ,2019,1
SLC:DF_LAWS(1.0),reglement,LU,sante,2019,3
SLC:DF_LAWS(1.0),reglement,NE,educ,2019,1
SLC:DF_LAWS(1.0),reglement,NE,etat,2019,1
SLC:DF_LAWS(1.0),reglement,NE,sante,2019,1
SLC:DF_LAWS(1.0),reglement,SG,educ,2019,1
SLC:DF_LAWS(1.0),reglement,TI,autres,2019,1
SLC:DF_LAWS(1.0),reglement,TI,eco,2019,2
SLC:DF_LAWS(1.0),reglement,UR,etat,2019,4
SLC:DF_LAWS(1.0),reglement,UR,sante,2019,2
SLC:DF_LAWS(1.0),reglement,VD,eco,2019,1
SLC:DF_LAWS(1.0),reglement,VD,educ,2019,1
SLC:DF_LAWS(1.0),reglement,VD,infra,2019,2
SLC:DF_LAWS(1.0),reglement,VS,educ,2019,2
SLC:DF_LAWS(1.0),reglement,VS,etat,2019,2
SLC:DF_LAWS(1.0),reglement,VS,infra,2019,2
SLC:DF_LAWS(1.0),reglement,ZG,educ,2019,1
SLC:DF_LAWS(1.0),reglement,ZH,etat,2019,1
SLC:DF_LAWS(1.0),staatsvertrag,SG,educ,2019,1
SLC:DF_LAWS(1.0),verordnung,AG,eco,2019,1
SLC:DF_LAWS(1.0),verordnung,AG,educ,2019,1
SLC:DF_LAWS(1.0),verordnung,AG,etat,2019,1
SLC:DF_LAWS(1.0),verordnung,AG,fin,2019,1
SLC:DF_LAWS(1.0),verordnung,AG,sante,2019,1
SLC:DF_LAWS(1.0),verordnung,AI,fin,2019,1
SLC:DF_LAWS(1.0),verordnung,AI,infra,2019,2
SLC:DF_LAWS(1.0),verordnung,AI,sante,2019,1
SLC:DF_LAWS(1.0),verordnung,AR,etat,2019,3
SLC:DF_LAWS(1.0),verordnung,AR,sante,2019,1
SLC:DF_LAWS(1.0),verordnung,BE,educ,2019,2
SLC:DF_LAWS(1.0),verordnung,BE,etat,2019,2
SLC:DF_LAWS(1.0),verordnung,BE,sante,2019,2
SLC:DF_LAWS(1.0),verordnung,BL,educ,2019,1
SLC:DF_LAWS(1.0),verordnung,BL,fin,2019,1
SLC:DF_LAWS(1.0),verordnung,BL,sante,2019,1
SLC:DF_LAWS(1.0),verordnung,BS,autres,2019,1
SLC:DF_LAWS(1.0),verordnung,BS,infra,2019,1
SLC:DF_LAWS(1.0),verordnung,BS,sante,2019,1
SLC:DF_LAWS(1.0),verordnung,FR,etat,2019,2
SLC:DF_LAWS(1.0),verordnung,FR,fin,2019,1
SLC:DF_LAWS(1.0),verordnung,GR,eco,2019,1
SLC:DF_LAWS(1.0),verordnung,GR,infra,2019,1
SLC:DF_LAWS(1.0),verordnung,JU,autres,2019,1
SLC:DF_LAWS(1.0),verordnung,JU,fin,2019,2
SLC:DF_LAWS(1.0),verordnung,NE,etat,2019,1
SLC:DF_LAWS(1.0),verordnung,NE,sante,2019,2
SLC:DF_LAWS(1.0),verordnung,NW,infra,2019,1
SLC:DF_LAWS(1.0),verordnung,OW,eco,2019,1
SLC:DF_LAWS(1.0),verordnung,OW,etat,2019,2
SLC:DF_LAWS(1.0),verordnung,OW,infra,2019,1
SLC:DF_LAWS(1.0),verordnung,SG,autres,2019,3
SLC:DF_LAWS(1.0),verordnung,SG,educ,2019,5
SLC:DF_LAWS(1.0),verordnung,SG,etat,2019,1
SLC:DF_LAWS(1.0),verordnung,SG,sante,2019,1
SLC:DF_LAWS(1.0),verordnung,SO,etat,2019,1
SLC:DF_LAWS(1.0),verordnung,SO,fin,2019,1
SLC:DF_LAWS(1.0),verordnung,SO,sante,2019,2
SLC:DF_LAWS(1.0),verordnung,SZ,infra,2019,2
SLC:DF_LAWS(1.0),verordnung,SZ,sante,2019,1
SLC:DF_LAWS(1.0),verordnung,TG,etat,2019,1
SLC:DF_LAWS(1.0),verordnung,TI,eco,2019,1
SLC:DF_LAWS(1.0),verordnung,TI,infra,2019,1
SLC:DF_LAWS(1.0),verordnung,VS,educ,2019,1
SLC:DF_LAWS(1.0),verordnung,VS,etat,2019,1
SLC:DF_LAWS(1.0),verordnung,VS,infra,2019,1
SLC:DF_LAWS(1.0),verordnung,ZG,etat,2019,1
SLC:DF_LAWS(1.0),verordnung,ZH,eco,2019,1
SLC:DF_LAWS(1.0),verordnung,ZH,educ,2019,1
SLC:DF_LAWS(1.0),verordnung,ZH,etat,2019,1
SLC:DF_LAWS(1.0),anderes,_T,_T,2019,35
SLC:DF_LAWS(1.0),dekret,_T,_T,2019,30
SLC:DF_LAWS(1.0),gemeindeerlass,_T,_T,2019,2
SLC:DF_LAWS(1.0),gesetz,_T,_T,2019,27
SLC:DF_LAWS(1.0),interkantonale_vereinbarung,_T,_T,2019,62
SLC:DF_LAWS(1.0),reglement,_T,_T,2019,43
SLC:DF_LAWS(1.0),staatsvertrag,_T,_T,2019,1
SLC:DF_LAWS(1.0),verordnung,_T,_T,2019,68
SLC:DF_LAWS(1.0),_T,AG,_T,2019,13
SLC:DF_LAWS(1.0),_T,AI,_T,2019,12
SLC:DF_LAWS(1.0),_T,AR,_T,2019,7
SLC:DF_LAWS(1.0),_T,BE,_T,2019,12
SLC:DF_LAWS(1.0),_T,BL,_T,2019,11
SLC:DF_LAWS(1.0),_T,BS,_T,2019,12
SLC:DF_LAWS(1.0),_T,FR,_T,2019,12
SLC:DF_LAWS(1.0),_T,GE,_T,2019,16
SLC:DF_LAWS(1.0),_T,GL,_T,2019,2
SLC:DF_LAWS(1.0),_T,GR,_T,2019,7
SLC:DF_LAWS(1.0),_T,JU,_T,2019,5
SLC:DF_LAWS(1.0),_T,LU,_T,2019,13
SLC:DF_LAWS(1.0),_T,NE,_T,2019,10
SLC:DF_LAWS(1.0),_T,NW,_T,2019,2
SLC:DF_LAWS(1.0),_T,OW,_T,2019,4
SLC:DF_LAWS(1.0),_T,SG,_T,2019,29
SLC:DF_LAWS(1.0),_T,SH,_T,2019,8
SLC:DF_LAWS(1.0),_T,SO,_T,2019,9
SLC:DF_LAWS(1.0),_T,SZ,_T,2019,8
SLC:DF_LAWS(1.0),_T,TG,_T,2019,6
SLC:DF_LAWS(1.0),_T,TI,_T,2019,6
SLC:DF_LAWS(1.0),_T,UR,_T,2019,7
SLC:DF_LAWS(1.0),_T,VD,_T,2019,15
SLC:DF_LAWS(1.0),_T,VS,_T,2019,16
SLC:DF_LAWS(1.0),_T,ZG,_T,2019,11
SLC:DF_LAWS(1.0),_T,ZH,_T,2019,15
SLC:DF_LAWS(1.0),_T,_T,autres,2019,16
SLC:DF_LAWS(1.0),_T,_T,eco,2019,30
SLC:DF_LAWS(1.0),_T,_T,educ,2019,58
SLC:DF_LAWS(1.0),_T,_T,etat,2019,71
SLC:DF_LAWS(1.0),_T,_T,fin,2019,19
SLC:DF_LAWS(1.0),_T,_T,infra,2019,41
SLC:DF_LAWS(1.0),_T,_T,sante,2019,33
SLC:DF_LAWS(1.0),_T,_T,_T,2019,268
SLC:DF_LAWS(1.0),anderes,AI,sante,2020,2
SLC:DF_LAWS(1.0),anderes,BL,sante,2020,1
SLC:DF_LAWS(1.0),anderes,BS,etat,2020,1
SLC:DF_LAWS(1.0),anderes,BS,sante,2020,3
SLC:DF_LAWS(1.0),anderes,FR,autres,2020,2
SLC:DF_LAWS(1.0),anderes,FR,educ,2020,1
SLC:DF_LAWS(1.0),anderes,FR,sante,2020,1
SLC:DF_LAWS(1.0),anderes,GR,eco,2020,1
SLC:DF_LAWS(1.0),anderes,LU,educ,2020,3
SLC:DF_LAWS(1.0),anderes,NE,etat,2020,1
SLC:DF_LAWS(1.0),anderes,SG,etat,2020,1
SLC:DF_LAWS(1.0),anderes,SH,educ,2020,1
SLC:DF_LAWS(1.0),anderes,SH,sante,2020,1
SLC:DF_LAWS(1.0),anderes,SO,etat,2020,1
SLC:DF_LAWS(1.0),anderes,SO,sante,2020,1
SLC:DF_LAWS(1.0),anderes,SZ,etat,2020,2
SLC:DF_LAWS(1.0),anderes,TG,eco,2020,2
SLC:DF_LAWS(1.0),anderes,TG,infra,2020,1
SLC:DF_LAWS(1.0),anderes,UR,sante,2020,1
SLC:DF_LAWS(1.0),anderes,VD,educ,2020,4
SLC:DF_LAWS(1.0),anderes,VD,etat,2020,2
SLC:DF_LAWS(1.0),anderes,VD,sante,2020,32
SLC:DF_LAWS(1.0),anderes,VS,infra,2020,2
SLC:DF_LAWS(1.0),anderes,VS,sante,2020,1
SLC:DF_LAWS(1.0),anderes,ZG,educ,2020,1
SLC:DF_LAWS(1.0),anderes,ZG,infra,2020,1
SLC:DF_LAWS(1.0),anderes,ZG,sante,2020,3
SLC:DF_LAWS(1.0),anderes,ZH,educ,2020,2
SLC:DF_LAWS(1.0),anderes,ZH,etat,2020,1
SLC:DF_LAWS(1.0),anderes,ZH,infra,2020,1
SLC:DF_LAWS(1.0),anderes,ZH,sante,2020,1
SLC:DF_LAWS(1.0),dekret,BE,etat,2020,3
SLC:DF_LAWS(1.0),dekret,BL,fin,2020,1
SLC:DF_LAWS(1.0),dekret,BL,sante,2020,1
SLC:DF_LAWS(1.0),dekret,FR,sante,2020,1
SLC:DF_LAWS(1.0),dekret,LU,etat,2020,1
SLC:DF_LAWS(1.0),dekret,NW,etat,2020,1
SLC:DF_LAWS(1.0),dekret,NW,infra,2020,1
SLC:DF_LAWS(1.0),dekret,SG,autres,2020,1
SLC:DF_LAWS(1.0),dekret,SG,sante,2020,3
SLC:DF_LAWS(1.0),dekret,TI,fin,2020,1
SLC:DF_LAWS(1.0),dekret,VD,educ,2020,5
SLC:DF_LAWS(1.0),dekret,VD,etat,2020,2
SLC:DF_LAWS(1.0),dekret,VD,infra,2020,1
SLC:DF_LAWS(1.0),dekret,VD,sante,2020,12
SLC:DF_LAWS(1.0),dekret,ZG,educ,2020,1
SLC:DF_LAWS(1.0),dekret,ZG,fin,2020,3
SLC:DF_LAWS(1.0),dekret,ZG,infra,2020,3
SLC:DF_LAWS(1.0),dekret,ZG,sante,2020,4
SLC:DF_LAWS(1.0),gemeindeerlass,BS,etat,2020,1
SLC:DF_LAWS(1.0),gesetz,AG,infra,2020,1
SLC:DF_LAWS(1.0),gesetz,BE,autres,2020,1
SLC:DF_LAWS(1.0),gesetz,BE,educ,2020,1
SLC:DF_LAWS(1.0),gesetz,BL,eco,2020,1
SLC:DF_LAWS(1.0),gesetz,BL,etat,2020,1
SLC:DF_LAWS(1.0),gesetz,BL,sante,2020,1
SLC:DF_LAWS(1.0),gesetz,FR,etat,2020,1
SLC:DF_LAWS(1.0),gesetz,FR,sante,2020,3
SLC:DF_LAWS(1.0),gesetz,GE,eco,2020,3
SLC:DF_LAWS(1.0),gesetz,GE,fin,2020,1
SLC:DF_LAWS(1.0),gesetz,GR,eco,2020,2
SLC:DF_LAWS(1.0),gesetz,NW,infra,2020,1
SLC:DF_LAWS(1.0),gesetz,NW,sante,2020,1
SLC:DF_LAWS(1.0),gesetz,OW,eco,2020,1
SLC:DF_LAWS(1.0),gesetz,SG,educ,2020,1
SLC:DF_LAWS(1.0),gesetz,SG,sante,2020,1
SLC:DF_LAWS(1.0),gesetz,SH,educ,2020,1
SLC:DF_LAWS(1.0),gesetz,SO,eco,2020,1
SLC:DF_LAWS(1.0),gesetz,SO,etat,2020,1
SLC:DF_LAWS(1.0),gesetz,TG,eco,2020,1
SLC:DF_LAWS(1.0),gesetz,TG,educ,2020,1
SLC:DF_LAWS(1.0),gesetz,TG,etat,2020,1
SLC:DF_LAWS(1.0),gesetz,TI,etat,2020,1
SLC:DF_LAWS(1.0),gesetz,VS,eco,2020,1
SLC:DF_LAWS(1.0),gesetz,VS,infra,2020,1
SLC:DF_LAWS(1.0),gesetz,VS,sante,2020,1
SLC:DF_LAWS(1.0),gesetz,ZH,etat,2020,1
SLC:DF_LAWS(1.0),gesetz,ZH,fin,2020,1
SLC:DF_LAWS(1.0),interkantonale_vereinbarung,AG,etat,2020,1
SLC:DF_LAWS(1.0),interkantonale_vereinbarung,BL,etat,2020,1
SLC:DF_LAWS(1.0),interkantonale_vereinbarung,BS,etat,2020,1
SLC:DF_LAWS(1.0),interkantonale_vereinbarung,FR,autres,2020,1
SLC:DF_LAWS(1.0),interkantonale_vereinbarung,GL,sante,2020,1
SLC:DF_LAWS(1.0),interkantonale_vereinbarung,JU,eco,2020,2
SLC:DF_LAWS(1.0),interkantonale_vereinbarung,NW,autres,2020,1
SLC:DF_LAWS(1.0),interkantonale_vereinbarung,OW,infra,2020,1
SLC:DF_LAWS(1.0),interkantonale_vereinbarung,SG,infra,2020,1
SLC:DF_LAWS(1.0),interkantonale_vereinbarung,ZH,etat,2020,1
SLC:DF_LAWS(1.0),reglement,BL,infra,2020,1
SLC:DF_LAWS(1.0),reglement,BS,etat,2020,1
SLC:DF_LAWS(1.0),reglement,FR,educ,2020,2
SLC:DF_LAWS(1.0),reglement,FR,sante,2020,1
SLC:DF_LAWS(1.0),reglement,GE,eco,2020,1
SLC:DF_LAWS(1.0),reglement,GE,educ,2020,3
SLC:DF_LAWS(1.0),reglement,GE,etat,2020,1
SLC:DF_LAWS(1.0),reglement,GE,fin,2020,1
SLC:DF_LAWS(1.0),reglement,GE,sante,2020,6
SLC:DF_LAWS(1.0),reglement,LU,educ,2020,2
SLC:DF_LAWS(1.0),reglement,NE,infra,2020,1
SLC:DF_LAWS(1.0),reglement,OW,sante,2020,1
SLC:DF_LAWS(1.0),reglement,TI,etat,2020,1
SLC:DF_LAWS(1.0),reglement,TI,fin,2020,1
SLC:DF_LAWS(1.0),reglement,TI,sante,2020,1
SLC:DF_LAWS(1.0),reglement,UR,educ,2020,1
SLC:DF_LAWS(1.0),reglement,UR,etat,2020,2
SLC:DF_LAWS(1.0),reglement,UR,fin,2020,1
SLC:DF_LAWS(1.0),reglement,UR,infra,2020,1
SLC:DF_LAWS(1.0),reglement,UR,sante,2020,3
SLC:DF_LAWS(1.0),reglement,VD,etat,2020,2
SLC:DF_LAWS(1.0),reglement,VD,sante,2020,1
SLC:DF_LAWS(1.0),reglement,VS,educ,2020,3
SLC:DF_LAWS(1.0),reglement,VS,etat,2020,2
SLC:DF_LAWS(1.0),reglement,ZG,educ,2020,1
SLC:DF_LAWS(1.0),reglement,ZG,sante,2020,4
SLC:DF_LAWS(1.0),reglement,ZH,etat,2020,2
SLC:DF_LAWS(1.0),reglement,ZH,sante,2020,1
SLC:DF_LAWS(1.0),verordnung,AG,educ,2020,1
SLC:DF_LAWS(1.0),verordnung,AG,etat,2020,2
SLC:DF_LAWS(1.0),verordnung,AG,fin,2020,1
SLC:DF_LAWS(1.0),verordnung,AG,infra,2020,1
SLC:DF_LAWS(1.0),verordnung,AG,sante,2020,5
SLC:DF_LAWS(1.0),verordnung,AI,eco,2020,1
SLC:DF_LAWS(1.0),verordnung,AI,fin,2020,1
SLC:DF_LAWS(1.0),verordnung,AI,infra,2020,1
SLC:DF_LAWS(1.0),verordnung,AI,sante,2020,3
SLC:DF_LAWS(1.0),verordnung,AR,autres,2020,1
SLC:DF_LAWS(1.0),verordnung,AR,infra,2020,1
SLC:DF_LAWS(1.0),verordnung,AR,sante,2020,4
SLC:DF_LAWS(1.0),verordnung,BE,educ,2020,4
SLC:DF_LAWS(1.0),verordnung,BE,etat,2020,5
SLC:DF_LAWS(1.0),verordnung,BE,sante,2020,12
SLC:DF_LAWS(1.0),verordnung,BL,etat,2020,1
SLC:DF_LAWS(1.0),verordnung,BL,infra,2020,2
SLC:DF_LAWS(1.0),verordnung,BL,sante,2020,4
SLC:DF_LAWS(1.0),verordnung,BS,eco,2020,1
SLC:DF_LAWS(1.0),verordnung,BS,educ,2020,6
SLC:DF_LAWS(1.0),verordnung,BS,etat,2020,2
SLC:DF_LAWS(1.0),verordnung,BS,infra,2020,1
SLC:DF_LAWS(1.0),verordnung,BS,sante,2020,8
SLC:DF_LAWS(1.0),verordnung,FR,autres,2020,1
SLC:DF_LAWS(1.0),verordnung,FR,educ,2020,5
SLC:DF_LAWS(1.0),verordnung,FR,etat,2020,1
SLC:DF_LAWS(1.0),verordnung,FR,sante,2020,25
SLC:DF_LAWS(1.0),verordnung,GE,sante,2020,1
SLC:DF_LAWS(1.0),verordnung,GL,autres,2020,1
SLC:DF_LAWS(1.0),verordnung,GL,eco,2020,1
SLC:DF_LAWS(1.0),verordnung,GL,educ,2020,1
SLC:DF_LAWS(1.0),verordnung,GL,infra,2020,1
SLC:DF_LAWS(1.0),verordnung,GL,sante,2020,3
SLC:DF_LAWS(1.0),verordnung,GR,eco,2020,3
SLC:DF_LAWS(1.0),verordnung,JU,educ,2020,1
SLC:DF_LAWS(1.0),verordnung,JU,etat,2020,2
SLC:DF_LAWS(1.0),verordnung,JU,fin,2020,1
SLC:DF_LAWS(1.0),verordnung,JU,infra,2020,1
SLC:DF_LAWS(1.0),verordnung,JU,sante,2020,7
SLC:DF_LAWS(1.0),verordnung,LU,autres,2020,1
SLC:DF_LAWS(1.0),verordnung,LU,educ,2020,1
SLC:DF_LAWS(1.0),verordnung,LU,fin,2020,1
SLC:DF_LAWS(1.0),verordnung,LU,sante,2020,5
SLC:DF_LAWS(1.0),verordnung,NE,educ,2020,1
SLC:DF_LAWS(1.0),verordnung,NE,infra,2020,1
SLC:DF_LAWS(1.0),verordnung,NW,educ,2020,2
SLC:DF_LAWS(1.0),verordnung,NW,etat,2020,2
SLC:DF_LAWS(1.0),verordnung,NW,fin,2020,1
SLC:DF_LAWS(1.0),verordnung,NW,infra,2020,2
SLC:DF_LAWS(1.0),verordnung,NW,sante,2020,8
SLC:DF_LAWS(1.0),verordnung,OW,eco,2020,1
SLC:DF_LAWS(1.0),verordnung,OW,etat,2020,2
SLC:DF_LAWS(1.0),verordnung,OW,fin,2020,1
SLC:DF_LAWS(1.0),verordnung,OW,infra,2020,3
SLC:DF_LAWS(1.0),verordnung,OW,sante,2020,2
SLC:DF_LAWS(1.0),verordnung,SG,eco,2020,1
SLC:DF_LAWS(1.0),verordnung,SG,educ,2020,2
SLC:DF_LAWS(1.0),verordnung,SG,etat,2020,2
SLC:DF_LAWS(1.0),verordnung,SG,fin,2020,2
SLC:DF_LAWS(1.0),verordnung,SG,sante,2020,10
SLC:DF_LAWS(1.0),verordnung,SH,educ,2020,9
SLC:DF_LAWS(1.0),verordnung,SH,sante,2020,2
SLC:DF_LAWS(1.0),verordnung,SO,eco,2020,1
SLC:DF_LAWS(1.0),verordnung,SO,educ,2020,2
SLC:DF_LAWS(1.0),verordnung,SO,etat,2020,2
SLC:DF_LAWS(1.0),verordnung,SO,sante,2020,11
SLC:DF_LAWS(1.0),verordnung,SZ,etat,2020,1
SLC:DF_LAWS(1.0),verordnung,SZ,infra,2020,1
SLC:DF_LAWS(1.0),verordnung,SZ,sante,2020,2
SLC:DF_LAWS(1.0),verordnung,TG,sante,2020,1
SLC:DF_LAWS(1.0),verordnung,TI,infra,2020,1
SLC:DF_LAWS(1.0),verordnung,TI,sante,2020,5
SLC:DF_LAWS(1.0),verordnung,VS,educ,2020,2
SLC:DF_LAWS(1.0),verordnung,VS,sante,2020,2
SLC:DF_LAWS(1.0),verordnung,ZG,educ,2020,3
SLC:DF_LAWS(1.0),verordnung,ZG,fin,2020,1
SLC:DF_LAWS(1.0),verordnung,ZG,infra,2020,2
SLC:DF_LAWS(1.0),verordnung,ZG,sante,2020,5
SLC:DF_LAWS(1.0),verordnung,ZH,eco,2020,1
SLC:DF_LAWS(1.0),verordnung,ZH,educ,2020,6
SLC:DF_LAWS(1.0),verordnung,ZH,etat,2020,1
SLC:DF_LAWS(1.0),verordnung,ZH,fin,2020,1
SLC:DF_LAWS(1.0),verordnung,ZH,infra,2020,2
SLC:DF_LAWS(1.0),verordnung,ZH,sante,2020,2
SLC:DF_LAWS(1.0),anderes,_T,_T,2020,78
SLC:DF_LAWS(1.0),dekret,_T,_T,2020,45
SLC:DF_LAWS(1.0),gemeindeerlass,_T,_T,2020,1
SLC:DF_LAWS(1.0),gesetz,_T,_T,2020,33
SLC:DF_LAWS(1.0),interkantonale_vereinbarung,_T,_T,2020,11
SLC:DF_LAWS(1.0),reglement,_T,_T,2020,48
SLC:DF_LAWS(1.0),verordnung,_T,_T,2020,240
SLC:DF_LAWS(1.0),_T,AG,_T,2020,12
SLC:DF_LAWS(1.0),_T,AI,_T,2020,8
SLC:DF_LAWS(1.0),_T,AR,_T,2020,6
SLC:DF_LAWS(1.0),_T,BE,_T,2020,26
SLC:DF_LAWS(1.0),_T,BL,_T,2020,15
SLC:DF_LAWS(1.0),_T,BS,_T,2020,25
SLC:DF_LAWS(1.0),_T,FR,_T,2020,45
SLC:DF_LAWS(1.0),_T,GE,_T,2020,17
SLC:DF_LAWS(1.0),_T,GL,_T,2020,8
SLC:DF_LAWS(1.0),_T,GR,_T,2020,6
SLC:DF_LAWS(1.0),_T,JU,_T,2020,14
SLC:DF_LAWS(1.0),_T,LU,_T,2020,14
SLC:DF_LAWS(1.0),_T,NE,_T,2020,4
SLC:DF_LAWS(1.0),_T,NW,_T,2020,20
SLC:DF_LAWS(1.0),_T,OW,_T,2020,12
SLC:DF_LAWS(1.0),_T,SG,_T,2020,25
SLC:DF_LAWS(1.0),_T,SH,_T,2020,14
SLC:DF_LAWS(1.0),_T,SO,_T,2020,20
SLC:DF_LAWS(1.0),_T,SZ,_T,2020,6
SLC:DF_LAWS(1.0),_T,TG,_T,2020,7
SLC:DF_LAWS(1.0),_T,TI,_T,2020,11
SLC:DF_LAWS(1.0),_T,UR,_T,2020,9
SLC:DF_LAWS(1.0),_T,VD,_T,2020,61
SLC:DF_LAWS(1.0),_T,VS,_T,2020,15
SLC:DF_LAWS(1.0),_T,ZG,_T,2020,32
SLC:DF_LAWS(1.0),_T,ZH,_T,2020,24
SLC:DF_LAWS(1.0),_T,_T,autres,2020,10
SLC:DF_LAWS(1.0),_T,_T,eco,2020,26
SLC:DF_LAWS(1.0),_T,_T,educ,2020,80
SLC:DF_LAWS(1.0),_T,_T,etat,2020,61
SLC:DF_LAWS(1.0),_T,_T,fin,2020,20
SLC:DF_LAWS(1.0),_T,_T,infra,2020,38
SLC:DF_LAWS(1.0),_T,_T,sante,2020,221
SLC:DF_LAWS(1.0),_T,_T,_T,2020,456
SLC:DF_LAWS(1.0),anderes,AG,etat,2021,1
SLC:DF_LAWS(1.0),anderes,BE,sante,2021,1
SLC:DF_LAWS(1.0),anderes,BL,sante,2021,1
SLC:DF_LAWS(1.0),anderes,BS,educ,2021,1
SLC:DF_LAWS(1.0),anderes,BS,sante,2021,2
SLC:DF_LAWS(1.0),anderes,FR,autres,2021,1
SLC:DF_LAWS(1.0),anderes,GE,sante,2021,2
SLC:DF_LAWS(1.0),anderes,LU,autres,2021,1
SLC:DF_LAWS(1.0),anderes,LU,educ,2021,1
SLC:DF_LAWS(1.0),anderes,SG,etat,2021,1
SLC:DF_LAWS(1.0),anderes,SH,etat,2021,1
SLC:DF_LAWS(1.0),anderes,SH,sante,2021,1
SLC:DF_LAWS(1.0),anderes,VD,autres,2021,1
SLC:DF_LAWS(1.0),anderes,VD,educ,2021,1
SLC:DF_LAWS(1.0),anderes,VD,infra,2021,1
SLC:DF_LAWS(1.0),anderes,VD,sante,2021,6
SLC:DF_LAWS(1.0),anderes,VS,educ,2021,1
SLC:DF_LAWS(1.0),anderes,VS,sante,2021,2
SLC:DF_LAWS(1.0),anderes,ZG,educ,2021,1
SLC:DF_LAWS(1.0),anderes,ZG,sante,2021,1
SLC:DF_LAWS(1.0),anderes,ZH,educ,2021,3
SLC:DF_LAWS(1.0),anderes,ZH,etat,2021,2
SLC:DF_LAWS(1.0),dekret,AG,infra,2021,1
SLC:DF_LAWS(1.0),dekret,AI,etat,2021,2
SLC:DF_LAWS(1.0),dekret,AI,infra,2021,1
SLC:DF_LAWS(1.0),dekret,GL,etat,2021,1
SLC:DF_LAWS(1.0),dekret,SG,fin,2021,6
SLC:DF_LAWS(1.0),dekret,SG,infra,2021,1
SLC:DF_LAWS(1.0),dekret,SG,sante,2021,1
SLC:DF_LAWS(1.0),dekret,TI,educ,2021,1
SLC:DF_LAWS(1.0),dekret,TI,sante,2021,1
SLC:DF_LAWS(1.0),dekret,VD,educ,2021,1
SLC:DF_LAWS(1.0),dekret,VD,etat,2021,1
SLC:DF_LAWS(1.0),dekret,VD,sante,2021,1
SLC:DF_LAWS(1.0),dekret,ZG,fin,2021,7
SLC:DF_LAWS(1.0),dekret,ZG,sante,2021,1
SLC:DF_LAWS(1.0),gemeindeerlass,BS,etat,2021,1
SLC:DF_LAWS(1.0),gesetz,AG,infra,2021,1
SLC:DF_LAWS(1.0),gesetz,BE,educ,2021,1
SLC:DF_LAWS(1.0),gesetz,BE,sante,2021,1
SLC:DF_LAWS(1.0),gesetz,BL,infra,2021,1
SLC:DF_LAWS(1.0),gesetz,BS,sante,2021,2
SLC:DF_LAWS(1.0),gesetz,FR,autres,2021,1
SLC:DF_LAWS(1.0),gesetz,FR,etat,2021,1
SLC:DF_LAWS(1.0),gesetz,GE,etat,2021,1
SLC:DF_LAWS(1.0),gesetz,GE,sante,2021,2
SLC:DF_LAWS(1.0),gesetz,GL,sante,2021,1
SLC:DF_LAWS(1.0),gesetz,GR,etat,2021,1
SLC:DF_LAWS(1.0),gesetz,GR,infra,2021,1
SLC:DF_LAWS(1.0),gesetz,NE,infra,2021,1
SLC:DF_LAWS(1.0),gesetz,SG,educ,2021,1
SLC:DF_LAWS(1.0),gesetz,SG,sante,2021,1
SLC:DF_LAWS(1.0),gesetz,SH,sante,2021,1
SLC:DF_LAWS(1.0),gesetz,TG,educ,2021,1
SLC:DF_LAWS(1.0),gesetz,TG,infra,2021,1
SLC:DF_LAWS(1.0),gesetz,TI,autres,2021,1
SLC:DF_LAWS(1.0),gesetz,TI,sante,2021,1
SLC:DF_LAWS(1.0),gesetz,UR,autres,2021,1
SLC:DF_LAWS(1.0),gesetz,VD,etat,2021,1
SLC:DF_LAWS(1.0),gesetz,VS,infra,2021,1
SLC:DF_LAWS(1.0),gesetz,ZH,educ,2021,1
SLC:DF_LAWS(1.0),interkantonale_vereinbarung,AG,etat,2021,2
SLC:DF_LAWS(1.0),interkantonale_vereinbarung,AG,infra,2021,1
SLC:DF_LAWS(1.0),interkantonale_vereinbarung,AG,sante,2021,1
SLC:DF_LAWS(1.0),interkantonale_vereinbarung,AI,infra,2021,1
SLC:DF_LAWS(1.0),interkantonale_vereinbarung,BE,etat,2021,1
SLC:DF_LAWS(1.0),interkantonale_vereinbarung,BS,educ,2021,1
SLC:DF_LAWS(1.0),interkantonale_vereinbarung,FR,etat,2021,1
SLC:DF_LAWS(1.0),interkantonale_vereinbarung,LU,eco,2021,1
SLC:DF_LAWS(1.0),interkantonale_vereinbarung,SG,educ,2021,2
SLC:DF_LAWS(1.0),interkantonale_vereinbarung,VD,educ,2021,1
SLC:DF_LAWS(1.0),interkantonale_vereinbarung,ZG,autres,2021,1
SLC:DF_LAWS(1.0),reglement,AG,fin,2021,1
SLC:DF_LAWS(1.0),reglement,AI,autres,2021,1
SLC:DF_LAWS(1.0),reglement,AI,sante,2021,1
SLC:DF_LAWS(1.0),reglement,BL,educ,2021,1
SLC:DF_LAWS(1.0),reglement,BL,etat,2021,1
SLC:DF_LAWS(1.0),reglement,BS,eco,2021,1
SLC:DF_LAWS(1.0),reglement,BS,educ,2021,1
SLC:DF_LAWS(1.0),reglement,BS,etat,2021,1
SLC:DF_LAWS(1.0),reglement,FR,etat,2021,1
SLC:DF_LAWS(1.0),reglement,GE,autres,2021,1
SLC:DF_LAWS(1.0),reglement,GE,eco,2021,1
SLC:DF_LAWS(1.0),reglement,GE,educ,2021,2
SLC:DF_LAWS(1.0),reglement,GE,fin,2021,1
SLC:DF_LAWS(1.0),reglement,GE,infra,2021,1
SLC:DF_LAWS(1.0),reglement,GE,sante,2021,5
SLC:DF_LAWS(1.0),reglement,JU,eco,2021,2
SLC:DF_LAWS(1.0),reglement,LU,educ,2021,7
SLC:DF_LAWS(1.0),reglement,NE,eco,2021,1
SLC:DF_LAWS(1.0),reglement,NE,educ,2021,1
SLC:DF_LAWS(1.0),reglement,NE,etat,2021,1
SLC:DF_LAWS(1.0),reglement,TI,autres,2021,1
SLC:DF_LAWS(1.0),reglement,TI,etat,2021,2
SLC:DF_LAWS(1.0),reglement,TI,sante,2021,1
SLC:DF_LAWS(1.0),reglement,UR,eco,2021,1
SLC:DF_LAWS(1.0),reglement,UR,etat,2021,1
SLC:DF_LAWS(1.0),reglement,UR,fin,2021,1
SLC:DF_LAWS(1.0),reglement,VD,eco,2021,2
SLC:DF_LAWS(1.0),reglement,VD,educ,2021,2
SLC:DF_LAWS(1.0),reglement,VD,etat,2021,1
SLC:DF_LAWS(1.0),reglement,VD,fin,2021,1
SLC:DF_LAWS(1.0),reglement,VS,educ,2021,1
SLC:DF_LAWS(1.0),reglement,VS,etat,2021,1
SLC:DF_LAWS(1.0),reglement,VS,infra,2021,1
SLC:DF_LAWS(1.0),reglement,ZG,eco,2021,1
SLC:DF_LAWS(1.0),reglement,ZH,etat,2021,4
SLC:DF_LAWS(1.0),verordnung,AG,autres,2021,1
SLC:DF_LAWS(1.0),verordnung,AG,educ,2021,2
SLC:DF_LAWS(1.0),verordnung,AG,etat,2021,3
SLC:DF_LAWS(1.0),verordnung,AG,infra,2021,1
SLC:DF_LAWS(1.0),verordnung,AG,sante,2021,3
SLC:DF_LAWS(1.0),verordnung,AI,autres,2021,1
SLC:DF_LAWS(1.0),verordnung,AI,eco,2021,1
SLC:DF_LAWS(1.0),verordnung,AI,etat,2021,1
SLC:DF_LAWS(1.0),verordnung,AI,sante,2021,1
SLC:DF_LAWS(1.0),verordnung,AR,eco,2021,1
SLC:DF_LAWS(1.0),verordnung,AR,sante,2021,3
SLC:DF_LAWS(1.0),verordnung,BE,autres,2021,2
SLC:DF_LAWS(1.0),verordnung,BE,educ,2021,3
SLC:DF_LAWS(1.0),verordnung,BE,etat,2021,4
SLC:DF_LAWS(1.0),verordnung,BE,sante,2021,4
SLC:DF_LAWS(1.0),verordnung,BL,educ,2021,3
SLC:DF_LAWS(1.0),verordnung,BL,etat,2021,2
SLC:DF_LAWS(1.0),verordnung,BL,infra,2021,11
SLC:DF_LAWS(1.0),verordnung,BL,sante,2021,4
SLC:DF_LAWS(1.0),verordnung,BS,autres,2021,1
SLC:DF_LAWS(1.0),verordnung,BS,eco,2021,1
SLC:DF_LAWS(1.0),verordnung,BS,educ,2021,1
SLC:DF_LAWS(1.0),verordnung,BS,sante,2021,2
SLC:DF_LAWS(1.0),verordnung,FR,autres,2021,2
SLC:DF_LAWS(1.0),verordnung,FR,educ,2021,1
SLC:DF_LAWS(1.0),verordnung,FR,etat,2021,7
SLC:DF_LAWS(1.0),verordnung,FR,fin,2021,1
SLC:DF_LAWS(1.0),verordnung,FR,infra,2021,2
SLC:DF_LAWS(1.0),verordnung,FR,sante,2021,2
SLC:DF_LAWS(1.0),verordnung,GL,sante,2021,1
SLC:DF_LAWS(1.0),verordnung,GR,etat,2021,1
SLC:DF_LAWS(1.0),verordnung,GR,sante,2021,1
SLC:DF_LAWS(1.0),verordnung,JU,eco,2021,1
SLC:DF_LAWS(1.0),verordnung,JU,educ,2021,1
SLC:DF_LAWS(1.0),verordnung,JU,fin,2021,1
SLC:DF_LAWS(1.0),verordnung,LU,autres,2021,1
SLC:DF_LAWS(1.0),verordnung,LU,sante,2021,2
SLC:DF_LAWS(1.0),verordnung,NE,educ,2021,2
SLC:DF_LAWS(1.0),verordnung,NE,etat,2021,1
SLC:DF_LAWS(1.0),verordnung,NE,fin,2021,1
SLC:DF_LAWS(1.0),verordnung,NW,infra,2021,1
SLC:DF_LAWS(1.0),verordnung,NW,sante,2021,4
SLC:DF_LAWS(1.0),verordnung,OW,autres,2021,2
SLC:DF_LAWS(1.0),verordnung,OW,educ,2021,1
SLC:DF_LAWS(1.0),verordnung,OW,fin,2021,1
SLC:DF_LAWS(1.0),verordnung,OW,sante,2021,2
SLC:DF_LAWS(1.0),verordnung,SG,educ,2021,2
SLC:DF_LAWS(1.0),verordnung,SG,infra,2021,1
SLC:DF_LAWS(1.0),verordnung,SG,sante,2021,4
SLC:DF_LAWS(1.0),verordnung,SH,educ,2021,1
SLC:DF_LAWS(1.0),verordnung,SO,educ,2021,1
SLC:DF_LAWS(1.0),verordnung,SO,etat,2021,1
SLC:DF_LAWS(1.0),verordnung,SO,fin,2021,1
SLC:DF_LAWS(1.0),verordnung,SO,sante,2021,2
SLC:DF_LAWS(1.0),verordnung,TG,etat,2021,1
SLC:DF_LAWS(1.0),verordnung,TI,autres,2021,1
SLC:DF_LAWS(1.0),verordnung,VS,autres,2021,1
SLC:DF_LAWS(1.0),verordnung,VS,eco,2021,1
SLC:DF_LAWS(1.0),verordnung,VS,educ,2021,2
SLC:DF_LAWS(1.0),verordnung,VS,sante,2021,2
SLC:DF_LAWS(1.0),verordnung,ZG,etat,2021,2
SLC:DF_LAWS(1.0),verordnung,ZG,sante,2021,1
SLC:DF_LAWS(1.0),verordnung,ZH,autres,2021,1
SLC:DF_LAWS(1.0),verordnung,ZH,educ,2021,5
SLC:DF_LAWS(1.0),verordnung,ZH,etat,2021,2
SLC:DF_LAWS(1.0),verordnung,ZH,sante,2021,3
SLC:DF_LAWS(1.0),anderes,_T,_T,2021,33
SLC:DF_LAWS(1.0),dekret,_T,_T,2021,26
SLC:DF_LAWS(1.0),gemeindeerlass,_T,_T,2021,1
SLC:DF_LAWS(1.0),gesetz,_T,_T,2021,26
SLC:DF_LAWS(1.0),interkantonale_vereinbarung,_T,_T,2021,13
SLC:DF_LAWS(1.0),reglement,_T,_T,2021,53
SLC:DF_LAWS(1.0),verordnung,_T,_T,2021,130
SLC:DF_LAWS(1.0),_T,AG,_T,2021,18
SLC:DF_LAWS(1.0),_T,AI,_T,2021,10
SLC:DF_LAWS(1.0),_T,AR,_T,2021,4
SLC:DF_LAWS(1.0),_T,BE,_T,2021,17
SLC:DF_LAWS(1.0),_T,BL,_T,2021,24
SLC:DF_LAWS(1.0),_T,BS,_T,2021,15
SLC:DF_LAWS(1.0),_T,FR,_T,2021,20
SLC:DF_LAWS(1.0),_T,GE,_T,2021,16
SLC:DF_LAWS(1.0),_T,GL,_T,2021,3
SLC:DF_LAWS(1.0),_T,GR,_T,2021,4
SLC:DF_LAWS(1.0),_T,JU,_T,2021,5
SLC:DF_LAWS(1.0),_T,LU,_T,2021,13
SLC:DF_LAWS(1.0),_T,NE,_T,2021,8
SLC:DF_LAWS(1.0),_T,NW,_T,2021,5
SLC:DF_LAWS(1.0),_T,OW,_T,2021,6
SLC:DF_LAWS(1.0),_T,SG,_T,2021,20
SLC:DF_LAWS(1.0),_T,SH,_T,2021,4
SLC:DF_LAWS(1.0),_T,SO,_T,2021,5
SLC:DF_LAWS(1.0),_T,TG,_T,2021,3
SLC:DF_LAWS(1.0),_T,TI,_T,2021,9
SLC:DF_LAWS(1.0),_T,UR,_T,2021,4
SLC:DF_LAWS(1.0),_T,VD,_T,2021,20
SLC:DF_LAWS(1.0),_T,VS,_T,2021,13
SLC:DF_LAWS(1.0),_T,ZG,_T,2021,15
SLC:DF_LAWS(1.0),_T,ZH,_T,2021,21
SLC:DF_LAWS(1.0),_T,_T,autres,2021,23
SLC:DF_LAWS(1.0),_T,_T,eco,2021,15
SLC:DF_LAWS(1.0),_T,_T,educ,2021,58
SLC:DF_LAWS(1.0),_T,_T,etat,2021,56
SLC:DF_LAWS(1.0),_T,_T,fin,2021,22
SLC:DF_LAWS(1.0),_T,_T,infra,2021,30
SLC:DF_LAWS(1.0),_T,_T,sante,2021,78
SLC:DF_LAWS(1.0),_T,_T,_T,2021,282
SLC:DF_LAWS(1.0),anderes,AG,educ,2022,1
SLC:DF_LAWS(1.0),anderes,AI,etat,2022,1
SLC:DF_LAWS(1.0),anderes,BS,infra,2022,1
SLC:DF_LAWS(1.0),anderes,FR,etat,2022,1
SLC:DF_LAWS(1.0),anderes,GE,sante,2022,1
SLC:DF_LAWS(1.0),anderes,GL,infra,2022,2
SLC:DF_LAWS(1.0),anderes,SH,sante,2022,1
SLC:DF_LAWS(1.0),anderes,TG,infra,2022,1
SLC:DF_LAWS(1.0),anderes,UR,sante,2022,1
SLC:DF_LAWS(1.0),anderes,VD,etat,2022,1
SLC:DF_LAWS(1.0),anderes,VD,infra,2022,1
SLC:DF_LAWS(1.0),anderes,VD,sante,2022,2
SLC:DF_LAWS(1.0),anderes,VS,infra,2022,2
SLC:DF_LAWS(1.0),anderes,ZG,etat,2022,1
SLC:DF_LAWS(1.0),anderes,ZH,educ,2022,2
SLC:DF_LAWS(1.0),anderes,ZH,sante,2022,2
SLC:DF_LAWS(1.0),dekret,AI,infra,2022,2
SLC:DF_LAWS(1.0),dekret,BL,fin,2022,1
SLC:DF_LAWS(1.0),dekret,GL,educ,2022,1
SLC:DF_LAWS(1.0),dekret,LU,etat,2022,5
SLC:DF_LAWS(1.0),dekret,SG,etat,2022,1
SLC:DF_LAWS(1.0),dekret,SG,fin,2022,2
SLC:DF_LAWS(1.0),dekret,SG,infra,2022,1
SLC:DF_LAWS(1.0),dekret,SZ,sante,2022,1
SLC:DF_LAWS(1.0),dekret,VD,etat,2022,2
SLC:DF_LAWS(1.0),dekret,VD,infra,2022,3
SLC:DF_LAWS(1.0),dekret,VD,sante,2022,1
SLC:DF_LAWS(1.0),dekret,ZG,educ,2022,2
SLC:DF_LAWS(1.0),dekret,ZG,fin,2022,7
SLC:DF_LAWS(1.0),dekret,ZG,infra,2022,2
SLC:DF_LAWS(1.0),gemeindeerlass,BS,etat,2022,1
SLC:DF_LAWS(1.0),gesetz,AI,infra,2022,1
SLC:DF_LAWS(1.0),gesetz,AR,educ,2022,1
SLC:DF_LAWS(1.0),gesetz,AR,sante,2022,1
SLC:DF_LAWS(1.0),gesetz,BE,etat,2022,1
SLC:DF_LAWS(1.0),gesetz,BL,etat,2022,1
SLC:DF_LAWS(1.0),gesetz,BS,infra,2022,1
SLC:DF_LAWS(1.0),gesetz,FR,fin,2022,1
SLC:DF_LAWS(1.0),gesetz,FR,sante,2022,1
SLC:DF_LAWS(1.0),gesetz,GL,educ,2022,1
SLC:DF_LAWS(1.0),gesetz,GL,etat,2022,1
SLC:DF_LAWS(1.0),gesetz,GR,educ,2022,1
SLC:DF_LAWS(1.0),gesetz,GR,sante,2022,1
SLC:DF_LAWS(1.0),gesetz,JU,infra,2022,1
SLC:DF_LAWS(1.0),gesetz,LU,infra,2022,1
SLC:DF_LAWS(1.0),gesetz,NE,sante,2022,1
SLC:DF_LAWS(1.0),gesetz,SH,etat,2022,1
SLC:DF_LAWS(1.0),gesetz,SO,eco,2022,2
SLC:DF_LAWS(1.0),gesetz,SZ,educ,2022,1
SLC:DF_LAWS(1.0),gesetz,SZ,etat,2022,1
SLC:DF_LAWS(1.0),gesetz,TG,etat,2022,1
SLC:DF_LAWS(1.0),gesetz,TG,infra,2022,1
SLC:DF_LAWS(1.0),gesetz,TI,etat,2022,1
SLC:DF_LAWS(1.0),gesetz,VD,etat,2022,1
SLC:DF_LAWS(1.0),gesetz,VS,eco,2022,1
SLC:DF_LAWS(1.0),gesetz,VS,educ,2022,1
SLC:DF_LAWS(1.0),gesetz,VS,sante,2022,1
SLC:DF_LAWS(1.0),gesetz,ZH,infra,2022,1
SLC:DF_LAWS(1.0),gesetz,ZH,sante,2022,3
SLC:DF_LAWS(1.0),interkantonale_vereinbarung,AG,etat,2022,2
SLC:DF_LAWS(1.0),interkantonale_vereinbarung,BE,educ,2022,1
SLC:DF_LAWS(1.0),interkantonale_vereinbarung,BL,etat,2022,1
SLC:DF_LAWS(1.0),interkantonale_vereinbarung,BS,etat,2022,1
SLC:DF_LAWS(1.0),interkantonale_vereinbarung,FR,autres,2022,1
SLC:DF_LAWS(1.0),interkantonale_vereinbarung,FR,educ,2022,1
SLC:DF_LAWS(1.0),interkantonale_vereinbarung,JU,etat,2022,1
SLC:DF_LAWS(1.0),interkantonale_vereinbarung,NE,educ,2022,1
SLC:DF_LAWS(1.0),interkantonale_vereinbarung,NW,etat,2022,1
SLC:DF_LAWS(1.0),interkantonale_vereinbarung,OW,etat,2022,1
SLC:DF_LAWS(1.0),interkantonale_vereinbarung,SH,educ,2022,1
SLC:DF_LAWS(1.0),interkantonale_vereinbarung,SH,infra,2022,1
SLC:DF_LAWS(1.0),interkantonale_vereinbarung,SO,educ,2022,1
SLC:DF_LAWS(1.0),interkantonale_vereinbarung,TG,educ,2022,1
SLC:DF_LAWS(1.0),interkantonale_vereinbarung,VD,educ,2022,1
SLC:DF_LAWS(1.0),interkantonale_vereinbarung,VD,infra,2022,1
SLC:DF_LAWS(1.0),interkantonale_vereinbarung,ZG,infra,2022,1
SLC:DF_LAWS(1.0),interkantonale_vereinbarung,ZH,eco,2022,1
SLC:DF_LAWS(1.0),reglement,BE,etat,2022,2
SLC:DF_LAWS(1.0),reglement,BL,educ,2022,1
SLC:DF_LAWS(1.0),reglement,BL,etat,2022,1
SLC:DF_LAWS(1.0),reglement,BL,fin,2022,1
SLC:DF_LAWS(1.0),reglement,BS,eco,2022,1
SLC:DF_LAWS(1.0),reglement,FR,educ,2022,1
SLC:DF_LAWS(1.0),reglement,FR,sante,2022,1
SLC:DF_LAWS(1.0),reglement,GE,educ,2022,1
SLC:DF_LAWS(1.0),reglement,GE,etat,2022,1
SLC:DF_LAWS(1.0),reglement,GE,sante,2022,3
SLC:DF_LAWS(1.0),reglement,GL,autres,2022,1
SLC:DF_LAWS(1.0),reglement,GL,etat,2022,2
SLC:DF_LAWS(1.0),reglement,JU,etat,2022,1
SLC:DF_LAWS(1.0),reglement,LU,educ,2022,3
SLC:DF_LAWS(1.0),reglement,LU,sante,2022,1
SLC:DF_LAWS(1.0),reglement,NE,eco,2022,1
SLC:DF_LAWS(1.0),reglement,NE,infra,2022,1
SLC:DF_LAWS(1.0),reglement,TI,educ,2022,1
SLC:DF_LAWS(1.0),reglement,TI,sante,2022,1
SLC:DF_LAWS(1.0),reglement,UR,autres,2022,1
SLC:DF_LAWS(1.0),reglement,UR,etat,2022,2
SLC:DF_LAWS(1.0),reglement,UR,sante,2022,1
SLC:DF_LAWS(1.0),reglement,VD,autres,2022,1
SLC:DF_LAWS(1.0),reglement,VD,educ,2022,4
SLC:DF_LAWS(1.0),reglement,VS,autres,2022,1
SLC:DF_LAWS(1.0),reglement,VS,infra,2022,1
SLC:DF_LAWS(1.0),reglement,ZG,etat,2022,1
SLC:DF_LAWS(1.0),verordnung,AG,etat,2022,1
SLC:DF_LAWS(1.0),verordnung,AG,fin,2022,1
SLC:DF_LAWS(1.0),verordnung,AG,infra,2022,1
SLC:DF_LAWS(1.0),verordnung,AG,sante,2022,2
SLC:DF_LAWS(1.0),verordnung,AI,eco,2022,1
SLC:DF_LAWS(1.0),verordnung,AI,educ,2022,2
SLC:DF_LAWS(1.0),verordnung,AR,autres,2022,1
SLC:DF_LAWS(1.0),verordnung,AR,sante,2022,1
SLC:DF_LAWS(1.0),verordnung,BE,educ,2022,5
SLC:DF_LAWS(1.0),verordnung,BE,etat,2022,3
SLC:DF_LAWS(1.0),verordnung,BE,sante,2022,1
SLC:DF_LAWS(1.0),verordnung,BL,etat,2022,2
SLC:DF_LAWS(1.0),verordnung,BL,infra,2022,4
SLC:DF_LAWS(1.0),verordnung,BL,sante,2022,2
SLC:DF_LAWS(1.0),verordnung,BS,educ,2022,1
SLC:DF_LAWS(1.0),verordnung,BS,sante,2022,3
SLC:DF_LAWS(1.0),verordnung,FR,eco,2022,1
SLC:DF_LAWS(1.0),verordnung,FR,etat,2022,2
SLC:DF_LAWS(1.0),verordnung,FR,fin,2022,1
SLC:DF_LAWS(1.0),verordnung,FR,sante,2022,1
SLC:DF_LAWS(1.0),verordnung,GL,autres,2022,1
SLC:DF_LAWS(1.0),verordnung,GL,educ,2022,1
SLC:DF_LAWS(1.0),verordnung,GL,etat,2022,1
SLC:DF_LAWS(1.0),verordnung,GL,infra,2022,1
SLC:DF_LAWS(1.0),verordnung,GL,sante,2022,2
SLC:DF_LAWS(1.0),verordnung,GR,educ,2022,1
SLC:DF_LAWS(1.0),verordnung,GR,etat,2022,1
SLC:DF_LAWS(1.0),verordnung,GR,infra,2022,1
SLC:DF_LAWS(1.0),verordnung,GR,sante,2022,1
SLC:DF_LAWS(1.0),verordnung,JU,etat,2022,1
SLC:DF_LAWS(1.0),verordnung,JU,fin,2022,1
SLC:DF_LAWS(1.0),verordnung,JU,sante,2022,3
SLC:DF_LAWS(1.0),verordnung,LU,educ,2022,1
SLC:DF_LAWS(1.0),verordnung,NE,eco,2022,1
SLC:DF_LAWS(1.0),verordnung,NE,educ,2022,1
SLC:DF_LAWS(1.0),verordnung,NE,infra,2022,1
SLC:DF_LAWS(1.0),verordnung,NE,sante,2022,1
SLC:DF_LAWS(1.0),verordnung,NW,educ,2022,2
SLC:DF_LAWS(1.0),verordnung,OW,sante,2022,1
SLC:DF_LAWS(1.0),verordnung,SG,autres,2022,1
SLC:DF_LAWS(1.0),verordnung,SG,educ,2022,1
SLC:DF_LAWS(1.0),verordnung,SG,etat,2022,1
SLC:DF_LAWS(1.0),verordnung,SG,infra,2022,1
SLC:DF_LAWS(1.0),verordnung,SH,sante,2022,1
SLC:DF_LAWS(1.0),verordnung,SO,fin,2022,1
SLC:DF_LAWS(1.0),verordnung,SO,infra,2022,2
SLC:DF_LAWS(1.0),verordnung,SO,sante,2022,2
SLC:DF_LAWS(1.0),verordnung,SZ,infra,2022,1
SLC:DF_LAWS(1.0),verordnung,TG,fin,2022,1
SLC:DF_LAWS(1.0),verordnung,TG,infra,2022,2
SLC:DF_LAWS(1.0),verordnung,TG,sante,2022,1
SLC:DF_LAWS(1.0),verordnung,TI,autres,2022,1
SLC:DF_LAWS(1.0),verordnung,TI,educ,2022,1
SLC:DF_LAWS(1.0),verordnung,TI,infra,2022,1
SLC:DF_LAWS(1.0),verordnung,TI,sante,2022,1
SLC:DF_LAWS(1.0),verordnung,UR,educ,2022,1
SLC:DF_LAWS(1.0),verordnung,UR,sante,2022,1
SLC:DF_LAWS(1.0),verordnung,VS,autres,2022,2
SLC:DF_LAWS(1.0),verordnung,VS,sante,2022,1
SLC:DF_LAWS(1.0),verordnung,ZG,etat,2022,3
SLC:DF_LAWS(1.0),verordnung,ZG,sante,2022,1
SLC:DF_LAWS(1.0),verordnung,ZH,educ,2022,1
SLC:DF_LAWS(1.0),verordnung,ZH,etat,2022,2
SLC:DF_LAWS(1.0),verordnung,ZH,infra,2022,3
SLC:DF_LAWS(1.0),verordnung,ZH,sante,2022,1
SLC:DF_LAWS(1.0),anderes,_T,_T,2022,21
SLC:DF_LAWS(1.0),dekret,_T,_T,2022,31
SLC:DF_LAWS(1.0),gemeindeerlass,_T,_T,2022,1
SLC:DF_LAWS(1.0),gesetz,_T,_T,2022,31
SLC:DF_LAWS(1.0),interkantonale_vereinbarung,_T,_T,2022,19
SLC:DF_LAWS(1.0),reglement,_T,_T,2022,37
SLC:DF_LAWS(1.0),verordnung,_T,_T,2022,94
SLC:DF_LAWS(1.0),_T,AG,_T,2022,8
SLC:DF_LAWS(1.0),_T,AI,_T,2022,7
SLC:DF_LAWS(1.0),_T,AR,_T,2022,4
SLC:DF_LAWS(1.0),_T,BE,_T,2022,13
SLC:DF_LAWS(1.0),_T,BL,_T,2022,14
SLC:DF_LAWS(1.0),_T,BS,_T,2022,9
SLC:DF_LAWS(1.0),_T,FR,_T,2022,12
SLC:DF_LAWS(1.0),_T,GE,_T,2022,6
SLC:DF_LAWS(1.0),_T,GL,_T,2022,14
SLC:DF_LAWS(1.0),_T,GR,_T,2022,6
SLC:DF_LAWS(1.0),_T,JU,_T,2022,8
SLC:DF_LAWS(1.0),_T,LU,_T,2022,11
SLC:DF_LAWS(1.0),_T,NE,_T,2022,8
SLC:DF_LAWS(1.0),_T,NW,_T,2022,3
SLC:DF_LAWS(1.0),_T,OW,_T,2022,2
SLC:DF_LAWS(1.0),_T,SG,_T,2022,8
SLC:DF_LAWS(1.0),_T,SH,_T,2022,5
SLC:DF_LAWS(1.0),_T,SO,_T,2022,8
SLC:DF_LAWS(1.0),_T,SZ,_T,2022,4
SLC:DF_LAWS(1.0),_T,TG,_T,2022,8
SLC:DF_LAWS(1.0),_T,TI,_T,2022,7
SLC:DF_LAWS(1.0),_T,UR,_T,2022,7
SLC:DF_LAWS(1.0),_T,VD,_T,2022,18
SLC:DF_LAWS(1.0),_T,VS,_T,2022,10
SLC:DF_LAWS(1.0),_T,ZG,_T,2022,18
SLC:DF_LAWS(1.0),_T,ZH,_T,2022,16
SLC:DF_LAWS(1.0),_T,_T,autres,2022,11
SLC:DF_LAWS(1.0),_T,_T,eco,2022,9
SLC:DF_LAWS(1.0),_T,_T,educ,2022,47
SLC:DF_LAWS(1.0),_T,_T,etat,2022,55
SLC:DF_LAWS(1.0),_T,_T,fin,2022,17
SLC:DF_LAWS(1.0),_T,_T,infra,2022,44
SLC:DF_LAWS(1.0),_T,_T,sante,2022,51
SLC:DF_LAWS(1.0),_T,_T,_T,2022,234
SLC:DF_LAWS(1.0),anderes,AG,fin,2023,2
SLC:DF_LAWS(1.0),anderes,AR,educ,2023,1
SLC:DF_LAWS(1.0),anderes,FR,autres,2023,1
SLC:DF_LAWS(1.0),anderes,GL,etat,2023,1
SLC:DF_LAWS(1.0),anderes,GL,infra,2023,1
SLC:DF_LAWS(1.0),anderes,LU,educ,2023,2
SLC:DF_LAWS(1.0),anderes,SH,fin,2023,1
SLC:DF_LAWS(1.0),anderes,SZ,etat,2023,1
SLC:DF_LAWS(1.0),anderes,SZ,infra,2023,2
SLC:DF_LAWS(1.0),anderes,TG,autres,2023,1
SLC:DF_LAWS(1.0),anderes,TG,etat,2023,2
SLC:DF_LAWS(1.0),anderes,TG,infra,2023,1
SLC:DF_LAWS(1.0),anderes,VD,educ,2023,3
SLC:DF_LAWS(1.0),anderes,VD,etat,2023,2
SLC:DF_LAWS(1.0),anderes,VD,infra,2023,1
SLC:DF_LAWS(1.0),anderes,VS,etat,2023,1
SLC:DF_LAWS(1.0),anderes,VS,sante,2023,1
SLC:DF_LAWS(1.0),anderes,ZG,infra,2023,1
SLC:DF_LAWS(1.0),anderes,ZH,educ,2023,3
SLC:DF_LAWS(1.0),dekret,FR,etat,2023,1
SLC:DF_LAWS(1.0),dekret,LU,etat,2023,2
SLC:DF_LAWS(1.0),dekret,SG,fin,2023,10
SLC:DF_LAWS(1.0),dekret,TI,sante,2023,1
SLC:DF_LAWS(1.0),dekret,VD,sante,2023,3
SLC:DF_LAWS(1.0),dekret,VS,fin,2023,1
SLC:DF_LAWS(1.0),dekret,VS,infra,2023,1
SLC:DF_LAWS(1.0),dekret,ZG,etat,2023,2
SLC:DF_LAWS(1.0),dekret,ZG,fin,2023,9
SLC:DF_LAWS(1.0),dekret,ZG,infra,2023,2
SLC:DF_LAWS(1.0),gemeindeerlass,BS,educ,2023,1
SLC:DF_LAWS(1.0),gemeindeerlass,BS,etat,2023,1
SLC:DF_LAWS(1.0),gesetz,AG,educ,2023,1
SLC:DF_LAWS(1.0),gesetz,AR,educ,2023,1
SLC:DF_LAWS(1.0),gesetz,BE,sante,2023,1
SLC:DF_LAWS(1.0),gesetz,BL,educ,2023,1
SLC:DF_LAWS(1.0),gesetz,BL,etat,2023,1
SLC:DF_LAWS(1.0),gesetz,BL,fin,2023,1
SLC:DF_LAWS(1.0),gesetz,FR,sante,2023,1
SLC:DF_LAWS(1.0),gesetz,GE,autres,2023,1
SLC:DF_LAWS(1.0),gesetz,GE,etat,2023,4
SLC:DF_LAWS(1.0),gesetz,GE,infra,2023,1
SLC:DF_LAWS(1.0),gesetz,GE,sante,2023,2
SLC:DF_LAWS(1.0),gesetz,GR,etat,2023,1
SLC:DF_LAWS(1.0),gesetz,JU,fin,2023,1
SLC:DF_LAWS(1.0),gesetz,SG,educ,2023,2
SLC:DF_LAWS(1.0),gesetz,SZ,infra,2023,1
SLC:DF_LAWS(1.0),gesetz,TG,infra,2023,1
SLC:DF_LAWS(1.0),gesetz,TI,eco,2023,1
SLC:DF_LAWS(1.0),gesetz,VD,etat,2023,1
SLC:DF_LAWS(1.0),gesetz,VD,fin,2023,2
SLC:DF_LAWS(1.0),gesetz,VD,infra,2023,1
SLC:DF_LAWS(1.0),gesetz,VS,etat,2023,1
SLC:DF_LAWS(1.0),gesetz,ZG,infra,2023,1
SLC:DF_LAWS(1.0),interkantonale_vereinbarung,AG,educ,2023,2
SLC:DF_LAWS(1.0),interkantonale_vereinbarung,BE,etat,2023,2
SLC:DF_LAWS(1.0),interkantonale_vereinbarung,BS,educ,2023,1
SLC:DF_LAWS(1.0),interkantonale_vereinbarung,GE,autres,2023,1
SLC:DF_LAWS(1.0),interkantonale_vereinbarung,GL,infra,2023,1
SLC:DF_LAWS(1.0),interkantonale_vereinbarung,NW,educ,2023,1
SLC:DF_LAWS(1.0),interkantonale_vereinbarung,NW,etat,2023,1
SLC:DF_LAWS(1.0),interkantonale_vereinbarung,SZ,infra,2023,1
SLC:DF_LAWS(1.0),interkantonale_vereinbarung,TG,etat,2023,1
SLC:DF_LAWS(1.0),interkantonale_vereinbarung,VD,sante,2023,1
SLC:DF_LAWS(1.0),interkantonale_vereinbarung,VS,sante,2023,1
SLC:DF_LAWS(1.0),interkantonale_vereinbarung,ZG,educ,2023,1
SLC:DF_LAWS(1.0),reglement,AG,educ,2023,1
SLC:DF_LAWS(1.0),reglement,BS,infra,2023,1
SLC:DF_LAWS(1.0),reglement,BS,sante,2023,1
SLC:DF_LAWS(1.0),reglement,GE,autres,2023,1
SLC:DF_LAWS(1.0),reglement,GE,eco,2023,1
SLC:DF_LAWS(1.0),reglement,GE,etat,2023,1
SLC:DF_LAWS(1.0),reglement,GE,sante,2023,2
SLC:DF_LAWS(1.0),reglement,LU,educ,2023,9
SLC:DF_LAWS(1.0),reglement,LU,sante,2023,1
SLC:DF_LAWS(1.0),reglement,NE,eco,2023,1
SLC:DF_LAWS(1.0),reglement,NE,educ,2023,1
SLC:DF_LAWS(1.0),reglement,OW,autres,2023,1
SLC:DF_LAWS(1.0),reglement,SG,educ,2023,1
SLC:DF_LAWS(1.0),reglement,TI,eco,2023,1
SLC:DF_LAWS(1.0),reglement,TI,etat,2023,3
SLC:DF_LAWS(1.0),reglement,TI,infra,2023,2
SLC:DF_LAWS(1.0),reglement,TI,sante,2023,2
SLC:DF_LAWS(1.0),reglement,UR,educ,2023,1
SLC:DF_LAWS(1.0),reglement,VD,educ,2023,1
SLC:DF_LAWS(1.0),reglement,VD,etat,2023,5
SLC:DF_LAWS(1.0),reglement,VS,educ,2023,1
SLC:DF_LAWS(1.0),reglement,VS,fin,2023,1
SLC:DF_LAWS(1.0),reglement,ZG,etat,2023,1
SLC:DF_LAWS(1.0),reglement,ZG,infra,2023,1
SLC:DF_LAWS(1.0),reglement,ZH,eco,2023,2
SLC:DF_LAWS(1.0),reglement,ZH,educ,2023,1
SLC:DF_LAWS(1.0),verordnung,AG,etat,2023,1
SLC:DF_LAWS(1.0),verordnung,AG,fin,2023,1
SLC:DF_LAWS(1.0),verordnung,AG,infra,2023,1
SLC:DF_LAWS(1.0),verordnung,AG,sante,2023,1
SLC:DF_LAWS(1.0),verordnung,AR,educ,2023,3
SLC:DF_LAWS(1.0),verordnung,BE,eco,2023,2
SLC:DF_LAWS(1.0),verordnung,BE,educ,2023,1
SLC:DF_LAWS(1.0),verordnung,BE,etat,2023,1
SLC:DF_LAWS(1.0),verordnung,BE,fin,2023,1
SLC:DF_LAWS(1.0),verordnung,BE,infra,2023,1
SLC:DF_LAWS(1.0),verordnung,BE,sante,2023,3
SLC:DF_LAWS(1.0),verordnung,BL,fin,2023,1
SLC:DF_LAWS(1.0),verordnung,BL,sante,2023,1
SLC:DF_LAWS(1.0),verordnung,BS,autres,2023,1
SLC:DF_LAWS(1.0),verordnung,BS,etat,2023,3
SLC:DF_LAWS(1.0),verordnung,BS,infra,2023,2
SLC:DF_LAWS(1.0),verordnung,FR,eco,2023,1
SLC:DF_LAWS(1.0),verordnung,FR,educ,2023,1
SLC:DF_LAWS(1.0),verordnung,FR,etat,2023,2
SLC:DF_LAWS(1.0),verordnung,FR,infra,2023,1
SLC:DF_LAWS(1.0),verordnung,FR,sante,2023,2
SLC:DF_LAWS(1.0),verordnung,GL,fin,2023,2
SLC:DF_LAWS(1.0),verordnung,GL,infra,2023,2
SLC:DF_LAWS(1.0),verordnung,GL,sante,2023,1
SLC:DF_LAWS(1.0),verordnung,GR,etat,2023,2
SLC:DF_LAWS(1.0),verordnung,JU,etat,2023,2
SLC:DF_LAWS(1.0),verordnung,JU,fin,2023,2
SLC:DF_LAWS(1.0),verordnung,NE,etat,2023,1
SLC:DF_LAWS(1.0),verordnung,NE,fin,2023,1
SLC:DF_LAWS(1.0),verordnung,NE,sante,2023,1
SLC:DF_LAWS(1.0),verordnung,OW,educ,2023,1
SLC:DF_LAWS(1.0),verordnung,SG,educ,2023,1
SLC:DF_LAWS(1.0),verordnung,SG,etat,2023,1
SLC:DF_LAWS(1.0),verordnung,SG,fin,2023,1
SLC:DF_LAWS(1.0),verordnung,SH,educ,2023,2
SLC:DF_LAWS(1.0),verordnung,SH,infra,2023,2
SLC:DF_LAWS(1.0),verordnung,SH,sante,2023,1
SLC:DF_LAWS(1.0),verordnung,SO,infra,2023,1
SLC:DF_LAWS(1.0),verordnung,SZ,autres,2023,1
SLC:DF_LAWS(1.0),verordnung,SZ,educ,2023,1
SLC:DF_LAWS(1.0),verordnung,SZ,infra,2023,1
SLC:DF_LAWS(1.0),verordnung,SZ,sante,2023,1
SLC:DF_LAWS(1.0),verordnung,TI,eco,2023,1
SLC:DF_LAWS(1.0),verordnung,UR,infra,2023,1
SLC:DF_LAWS(1.0),verordnung,ZG,infra,2023,1
SLC:DF_LAWS(1.0),verordnung,ZG,sante,2023,2
SLC:DF_LAWS(1.0),verordnung,ZH,eco,2023,1
SLC:DF_LAWS(1.0),verordnung,ZH,fin,2023,1
SLC:DF_LAWS(1.0),verordnung,ZH,infra,2023,1
SLC:DF_LAWS(1.0),verordnung,ZH,sante,2023,1
SLC:DF_LAWS(1.0),anderes,_T,_T,2023,28
SLC:DF_LAWS(1.0),dekret,_T,_T,2023,32
SLC:DF_LAWS(1.0),gemeindeerlass,_T,_T,2023,2
SLC:DF_LAWS(1.0),gesetz,_T,_T,2023,28
SLC:DF_LAWS(1.0),interkantonale_vereinbarung,_T,_T,2023,14
SLC:DF_LAWS(1.0),reglement,_T,_T,2023,44
SLC:DF_LAWS(1.0),verordnung,_T,_T,2023,68
SLC:DF_LAWS(1.0),_T,AG,_T,2023,10
SLC:DF_LAWS(1.0),_T,AR,_T,2023,5
SLC:DF_LAWS(1.0),_T,BE,_T,2023,12
SLC:DF_LAWS(1.0),_T,BL,_T,2023,5
SLC:DF_LAWS(1.0),_T,BS,_T,2023,11
SLC:DF_LAWS(1.0),_T,FR,_T,2023,10
SLC:DF_LAWS(1.0),_T,GE,_T,2023,14
SLC:DF_LAWS(1.0),_T,GL,_T,2023,8
SLC:DF_LAWS(1.0),_T,GR,_T,2023,3
SLC:DF_LAWS(1.0),_T,JU,_T,2023,5
SLC:DF_LAWS(1.0),_T,LU,_T,2023,14
SLC:DF_LAWS(1.0),_T,NE,_T,2023,5
SLC:DF_LAWS(1.0),_T,NW,_T,2023,2
SLC:DF_LAWS(1.0),_T,OW,_T,2023,2
SLC:DF_LAWS(1.0),_T,SG,_T,2023,16
SLC:DF_LAWS(1.0),_T,SH,_T,2023,6
SLC:DF_LAWS(1.0),_T,SO,_T,2023,1
SLC:DF_LAWS(1.0),_T,SZ,_T,2023,9
SLC:DF_LAWS(1.0),_T,TG,_T,2023,6
SLC:DF_LAWS(1.0),_T,TI,_T,2023,11
SLC:DF_LAWS(1.0),_T,UR,_T,2023,2
SLC:DF_LAWS(1.0),_T,VD,_T,2023,20
SLC:DF_LAWS(1.0),_T,VS,_T,2023,8
SLC:DF_LAWS(1.0),_T,ZG,_T,2023,21
SLC:DF_LAWS(1.0),_T,ZH,_T,2023,10
SLC:DF_LAWS(1.0),_T,_T,autres,2023,8
SLC:DF_LAWS(1.0),_T,_T,eco,2023,11
SLC:DF_LAWS(1.0),_T,_T,educ,2023,46
SLC:DF_LAWS(1.0),_T,_T,etat,2023,48
SLC:DF_LAWS(1.0),_T,_T,fin,2023,38
SLC:DF_LAWS(1.0),_T,_T,infra,2023,34
SLC:DF_LAWS(1.0),_T,_T,sante,2023,31
SLC:DF_LAWS(1.0),_T,_T,_T,2023,216
SLC:DF_LAWS(1.0),anderes,AG,fin,2024,1
SLC:DF_LAWS(1.0),anderes,AR,etat,2024,2
SLC:DF_LAWS(1.0),anderes,GL,etat,2024,1
SLC:DF_LAWS(1.0),anderes,GL,fin,2024,1
SLC:DF_LAWS(1.0),anderes,GL,infra,2024,2
SLC:DF_LAWS(1.0),anderes,GR,autres,2024,1
SLC:DF_LAWS(1.0),anderes,LU,autres,2024,1
SLC:DF_LAWS(1.0),anderes,LU,educ,2024,13
SLC:DF_LAWS(1.0),anderes,SG,sante,2024,1
SLC:DF_LAWS(1.0),anderes,VD,eco,2024,1
SLC:DF_LAWS(1.0),anderes,VD,sante,2024,1
SLC:DF_LAWS(1.0),anderes,VS,sante,2024,1
SLC:DF_LAWS(1.0),anderes,ZG,educ,2024,1
SLC:DF_LAWS(1.0),anderes,ZH,autres,2024,1
SLC:DF_LAWS(1.0),anderes,ZH,educ,2024,5
SLC:DF_LAWS(1.0),dekret,AG,infra,2024,1
SLC:DF_LAWS(1.0),dekret,AI,eco,2024,1
SLC:DF_LAWS(1.0),dekret,AI,etat,2024,1
SLC:DF_LAWS(1.0),dekret,BE,etat,2024,1
SLC:DF_LAWS(1.0),dekret,LU,etat,2024,2
SLC:DF_LAWS(1.0),dekret,NW,etat,2024,1
SLC:DF_LAWS(1.0),dekret,SG,educ,2024,1
SLC:DF_LAWS(1.0),dekret,SG,fin,2024,2
SLC:DF_LAWS(1.0),dekret,UR,educ,2024,1
SLC:DF_LAWS(1.0),dekret,VD,sante,2024,1
SLC:DF_LAWS(1.0),dekret,VS,eco,2024,1
SLC:DF_LAWS(1.0),dekret,VS,fin,2024,1
SLC:DF_LAWS(1.0),dekret,ZG,educ,2024,1
SLC:DF_LAWS(1.0),dekret,ZG,fin,2024,8
SLC:DF_LAWS(1.0),dekret,ZG,sante,2024,1
SLC:DF_LAWS(1.0),gemeindeerlass,BS,educ,2024,1
SLC:DF_LAWS(1.0),gemeindeerlass,BS,etat,2024,1
SLC:DF_LAWS(1.0),gemeindeerlass,BS,infra,2024,1
SLC:DF_LAWS(1.0),gesetz,AG,infra,2024,1
SLC:DF_LAWS(1.0),gesetz,BE,etat,2024,1
SLC:DF_LAWS(1.0),gesetz,BL,sante,2024,1
SLC:DF_LAWS(1.0),gesetz,FR,sante,2024,1
SLC:DF_LAWS(1.0),gesetz,GE,autres,2024,1
SLC:DF_LAWS(1.0),gesetz,GE,infra,2024,1
SLC:DF_LAWS(1.0),gesetz,JU,sante,2024,1
SLC:DF_LAWS(1.0),gesetz,LU,educ,2024,1
SLC:DF_LAWS(1.0),gesetz,NW,sante,2024,1
SLC:DF_LAWS(1.0),gesetz,OW,sante,2024,1
SLC:DF_LAWS(1.0),gesetz,SG,sante,2024,1
SLC:DF_LAWS(1.0),gesetz,SH,etat,2024,1
SLC:DF_LAWS(1.0),gesetz,SH,infra,2024,1
SLC:DF_LAWS(1.0),gesetz,SH,sante,2024,1
SLC:DF_LAWS(1.0),gesetz,SO,sante,2024,1
SLC:DF_LAWS(1.0),gesetz,SZ,educ,2024,1
SLC:DF_LAWS(1.0),gesetz,SZ,sante,2024,1
SLC:DF_LAWS(1.0),gesetz,TG,autres,2024,1
SLC:DF_LAWS(1.0),gesetz,TG,sante,2024,1
SLC:DF_LAWS(1.0),gesetz,UR,sante,2024,1
SLC:DF_LAWS(1.0),gesetz,VD,fin,2024,2
SLC:DF_LAWS(1.0),gesetz,VS,etat,2024,1
SLC:DF_LAWS(1.0),gesetz,ZG,sante,2024,1
SLC:DF_LAWS(1.0),interkantonale_vereinbarung,BE,etat,2024,4
SLC:DF_LAWS(1.0),interkantonale_vereinbarung,GR,autres,2024,1
SLC:DF_LAWS(1.0),interkantonale_vereinbarung,JU,etat,2024,3
SLC:DF_LAWS(1.0),interkantonale_vereinbarung,SG,sante,2024,1
SLC:DF_LAWS(1.0),interkantonale_vereinbarung,TG,infra,2024,1
SLC:DF_LAWS(1.0),interkantonale_vereinbarung,VD,etat,2024,1
SLC:DF_LAWS(1.0),interkantonale_vereinbarung,ZG,educ,2024,1
SLC:DF_LAWS(1.0),interkantonale_vereinbarung,ZH,eco,2024,1
SLC:DF_LAWS(1.0),interkantonale_vereinbarung,ZH,educ,2024,1
SLC:DF_LAWS(1.0),interkantonale_vereinbarung,ZH,infra,2024,1
SLC:DF_LAWS(1.0),reglement,BE,etat,2024,1
SLC:DF_LAWS(1.0),reglement,BS,etat,2024,1
SLC:DF_LAWS(1.0),reglement,GE,autres,2024,1
SLC:DF_LAWS(1.0),reglement,GE,etat,2024,1
SLC:DF_LAWS(1.0),reglement,GE,fin,2024,2
SLC:DF_LAWS(1.0),reglement,GE,infra,2024,2
SLC:DF_LAWS(1.0),reglement,GE,sante,2024,1
SLC:DF_LAWS(1.0),reglement,GL,fin,2024,1
SLC:DF_LAWS(1.0),reglement,GR,etat,2024,2
SLC:DF_LAWS(1.0),reglement,LU,educ,2024,9
SLC:DF_LAWS(1.0),reglement,NE,educ,2024,1
SLC:DF_LAWS(1.0),reglement,SG,educ,2024,2
SLC:DF_LAWS(1.0),reglement,TI,educ,2024,1
SLC:DF_LAWS(1.0),reglement,TI,etat,2024,2
SLC:DF_LAWS(1.0),reglement,TI,fin,2024,1
SLC:DF_LAWS(1.0),reglement,UR,autres,2024,1
SLC:DF_LAWS(1.0),reglement,UR,infra,2024,3
SLC:DF_LAWS(1.0),reglement,UR,sante,2024,1
SLC:DF_LAWS(1.0),reglement,VD,eco,2024,1
SLC:DF_LAWS(1.0),reglement,VD,etat,2024,2
SLC:DF_LAWS(1.0),reglement,VS,eco,2024,1
SLC:DF_LAWS(1.0),reglement,VS,educ,2024,2
SLC:DF_LAWS(1.0),reglement,VS,etat,2024,1
SLC:DF_LAWS(1.0),reglement,ZG,sante,2024,1
SLC:DF_LAWS(1.0),verordnung,AG,autres,2024,1
SLC:DF_LAWS(1.0),verordnung,AG,educ,2024,3
SLC:DF_LAWS(1.0),verordnung,AG,etat,2024,2
SLC:DF_LAWS(1.0),verordnung,AG,fin,2024,2
SLC:DF_LAWS(1.0),verordnung,AG,sante,2024,1
SLC:DF_LAWS(1.0),verordnung,AI,fin,2024,1
SLC:DF_LAWS(1.0),verordnung,AI,sante,2024,1
SLC:DF_LAWS(1.0),verordnung,AR,sante,2024,1
SLC:DF_LAWS(1.0),verordnung,BE,etat,2024,1
SLC:DF_LAWS(1.0),verordnung,BE,infra,2024,1
SLC:DF_LAWS(1.0),verordnung,BL,educ,2024,1
SLC:DF_LAWS(1.0),verordnung,BL,etat,2024,1
SLC:DF_LAWS(1.0),verordnung,BL,infra,2024,1
SLC:DF_LAWS(1.0),verordnung,BS,etat,2024,3
SLC:DF_LAWS(1.0),verordnung,BS,infra,2024,1
SLC:DF_LAWS(1.0),verordnung,BS,sante,2024,2
SLC:DF_LAWS(1.0),verordnung,FR,autres,2024,2
SLC:DF_LAWS(1.0),verordnung,FR,educ,2024,1
SLC:DF_LAWS(1.0),verordnung,FR,etat,2024,1
SLC:DF_LAWS(1.0),verordnung,FR,fin,2024,1
SLC:DF_LAWS(1.0),verordnung,FR,sante,2024,1
SLC:DF_LAWS(1.0),verordnung,GL,eco,2024,1
SLC:DF_LAWS(1.0),verordnung,GL,etat,2024,3
SLC:DF_LAWS(1.0),verordnung,GL,infra,2024,1
SLC:DF_LAWS(1.0),verordnung,GL,sante,2024,1
SLC:DF_LAWS(1.0),verordnung,GR,etat,2024,8
SLC:DF_LAWS(1.0),verordnung,GR,infra,2024,1
SLC:DF_LAWS(1.0),verordnung,JU,autres,2024,1
SLC:DF_LAWS(1.0),verordnung,JU,educ,2024,1
SLC:DF_LAWS(1.0),verordnung,JU,etat,2024,3
SLC:DF_LAWS(1.0),verordnung,JU,fin,2024,1
SLC:DF_LAWS(1.0),verordnung,JU,infra,2024,4
SLC:DF_LAWS(1.0),verordnung,LU,etat,2024,1
SLC:DF_LAWS(1.0),verordnung,LU,sante,2024,1
SLC:DF_LAWS(1.0),verordnung,NE,educ,2024,1
SLC:DF_LAWS(1.0),verordnung,NE,infra,2024,1
SLC:DF_LAWS(1.0),verordnung,NW,infra,2024,2
SLC:DF_LAWS(1.0),verordnung,NW,sante,2024,2
SLC:DF_LAWS(1.0),verordnung,OW,eco,2024,1
SLC:DF_LAWS(1.0),verordnung,OW,educ,2024,1
SLC:DF_LAWS(1.0),verordnung,OW,etat,2024,1
SLC:DF_LAWS(1.0),verordnung,OW,infra,2024,2
SLC:DF_LAWS(1.0),verordnung,OW,sante,2024,1
SLC:DF_LAWS(1.0),verordnung,SG,sante,2024,2
SLC:DF_LAWS(1.0),verordnung,SH,sante,2024,2
SLC:DF_LAWS(1.0),verordnung,SO,educ,2024,1
SLC:DF_LAWS(1.0),verordnung,SO,fin,2024,1
SLC:DF_LAWS(1.0),verordnung,SO,infra,2024,1
SLC:DF_LAWS(1.0),verordnung,SO,sante,2024,2
SLC:DF_LAWS(1.0),verordnung,SZ,infra,2024,1
SLC:DF_LAWS(1.0),verordnung,SZ,sante,2024,1
SLC:DF_LAWS(1.0),verordnung,TI,eco,2024,1
SLC:DF_LAWS(1.0),verordnung,TI,etat,2024,1
SLC:DF_LAWS(1.0),verordnung,TI,infra,2024,1
SLC:DF_LAWS(1.0),verordnung,UR,infra,2024,2
SLC:DF_LAWS(1.0),verordnung,VS,etat,2024,2
SLC:DF_LAWS(1.0),verordnung,VS,sante,2024,2
SLC:DF_LAWS(1.0),verordnung,ZG,educ,2024,1
SLC:DF_LAWS(1.0),verordnung,ZG,etat,2024,2
SLC:DF_LAWS(1.0),verordnung,ZG,infra,2024,2
SLC:DF_LAWS(1.0),verordnung,ZG,sante,2024,1
SLC:DF_LAWS(1.0),verordnung,ZH,sante,2024,1
SLC:DF_LAWS(1.0),anderes,_T,_T,2024,33
SLC:DF_LAWS(1.0),dekret,_T,_T,2024,24
SLC:DF_LAWS(1.0),gemeindeerlass,_T,_T,2024,3
SLC:DF_LAWS(1.0),gesetz,_T,_T,2024,24
SLC:DF_LAWS(1.0),interkantonale_vereinbarung,_T,_T,2024,15
SLC:DF_LAWS(1.0),reglement,_T,_T,2024,41
SLC:DF_LAWS(1.0),verordnung,_T,_T,2024,95
SLC:DF_LAWS(1.0),_T,AG,_T,2024,12
SLC:DF_LAWS(1.0),_T,AI,_T,2024,4
SLC:DF_LAWS(1.0),_T,AR,_T,2024,3
SLC:DF_LAWS(1.0),_T,BE,_T,2024,9
SLC:DF_LAWS(1.0),_T,BL,_T,2024,4
SLC:DF_LAWS(1.0),_T,BS,_T,2024,10
SLC:DF_LAWS(1.0),_T,FR,_T,2024,7
SLC:DF_LAWS(1.0),_T,GE,_T,2024,9
SLC:DF_LAWS(1.0),_T,GL,_T,2024,11
SLC:DF_LAWS(1.0),_T,GR,_T,2024,13
SLC:DF_LAWS(1.0),_T,JU,_T,2024,14
SLC:DF_LAWS(1.0),_T,LU,_T,2024,28
SLC:DF_LAWS(1.0),_T,NE,_T,2024,3
SLC:DF_LAWS(1.0),_T,NW,_T,2024,6
SLC:DF_LAWS(1.0),_T,OW,_T,2024,7
SLC:DF_LAWS(1.0),_T,SG,_T,2024,10
SLC:DF_LAWS(1.0),_T,SH,_T,2024,5
SLC:DF_LAWS(1.0),_T,SO,_T,2024,6
SLC:DF_LAWS(1.0),_T,SZ,_T,2024,4
SLC:DF_LAWS(1.0),_T,TG,_T,2024,3
SLC:DF_LAWS(1.0),_T,TI,_T,2024,7
SLC:DF_LAWS(1.0),_T,UR,_T,2024,9
SLC:DF_LAWS(1.0),_T,VD,_T,2024,9
SLC:DF_LAWS(1.0),_T,VS,_T,2024,12
SLC:DF_LAWS(1.0),_T,ZG,_T,2024,20
SLC:DF_LAWS(1.0),_T,ZH,_T,2024,10
SLC:DF_LAWS(1.0),_T,_T,autres,2024,12
SLC:DF_LAWS(1.0),_T,_T,eco,2024,9
SLC:DF_LAWS(1.0),_T,_T,educ,2024,52
SLC:DF_LAWS(1.0),_T,_T,etat,2024,59
SLC:DF_LAWS(1.0),_T,_T,fin,2024,25
SLC:DF_LAWS(1.0),_T,_T,infra,2024,35
SLC:DF_LAWS(1.0),_T,_T,sante,2024,43
SLC:DF_LAWS(1.0),_T,_T,_T,2024,235
SLC:DF_LAWS(1.0),anderes,AI,autres,2025,1
SLC:DF_LAWS(1.0),anderes,BS,autres,2025,1
SLC:DF_LAWS(1.0),anderes,BS,sante,2025,1
SLC:DF_LAWS(1.0),anderes,LU,educ,2025,6
SLC:DF_LAWS(1.0),anderes,OW,infra,2025,2
SLC:DF_LAWS(1.0),anderes,VD,eco,2025,1
SLC:DF_LAWS(1.0),anderes,VD,educ,2025,1
SLC:DF_LAWS(1.0),anderes,VD,sante,2025,1
SLC:DF_LAWS(1.0),anderes,ZG,educ,2025,2
SLC:DF_LAWS(1.0),anderes,ZH,educ,2025,3
SLC:DF_LAWS(1.0),anderes,ZH,fin,2025,1
SLC:DF_LAWS(1.0),dekret,AG,educ,2025,2
SLC:DF_LAWS(1.0),dekret,AI,infra,2025,1
SLC:DF_LAWS(1.0),dekret,BL,infra,2025,1
SLC:DF_LAWS(1.0),dekret,SG,fin,2025,3
SLC:DF_LAWS(1.0),dekret,SG,sante,2025,1
SLC:DF_LAWS(1.0),dekret,TI,autres,2025,1
SLC:DF_LAWS(1.0),dekret,VD,etat,2025,1
SLC:DF_LAWS(1.0),dekret,VD,fin,2025,1
SLC:DF_LAWS(1.0),dekret,VS,etat,2025,2
SLC:DF_LAWS(1.0),dekret,ZG,fin,2025,9
SLC:DF_LAWS(1.0),dekret,ZG,sante,2025,1
SLC:DF_LAWS(1.0),gemeindeerlass,BS,etat,2025,1
SLC:DF_LAWS(1.0),gesetz,AG,educ,2025,2
SLC:DF_LAWS(1.0),gesetz,AG,sante,2025,1
SLC:DF_LAWS(1.0),gesetz,BE,infra,2025,1
SLC:DF_LAWS(1.0),gesetz,BS,eco,2025,1
SLC:DF_LAWS(1.0),gesetz,FR,sante,2025,1
SLC:DF_LAWS(1.0),gesetz,GE,fin,2025,1
SLC:DF_LAWS(1.0),gesetz,GE,infra,2025,1
SLC:DF_LAWS(1.0),gesetz,GR,eco,2025,1
SLC:DF_LAWS(1.0),gesetz,JU,eco,2025,1
SLC:DF_LAWS(1.0),gesetz,JU,fin,2025,1
SLC:DF_LAWS(1.0),gesetz,JU,infra,2025,1
SLC:DF_LAWS(1.0),gesetz,LU,autres,2025,1
SLC:DF_LAWS(1.0),gesetz,NE,etat,2025,1
SLC:DF_LAWS(1.0),gesetz,NW,autres,2025,1
SLC:DF_LAWS(1.0),gesetz,NW,etat,2025,1
SLC:DF_LAWS(1.0),gesetz,NW,infra,2025,1
SLC:DF_LAWS(1.0),gesetz,OW,sante,2025,1
SLC:DF_LAWS(1.0),gesetz,SG,infra,2025,1
SLC:DF_LAWS(1.0),gesetz,SH,autres,2025,1
SLC:DF_LAWS(1.0),gesetz,SH,sante,2025,1
SLC:DF_LAWS(1.0),gesetz,SO,etat,2025,1
SLC:DF_LAWS(1.0),gesetz,TG,sante,2025,1
SLC:DF_LAWS(1.0),gesetz,TI,etat,2025,1
SLC:DF_LAWS(1.0),gesetz,VS,etat,2025,1
SLC:DF_LAWS(1.0),gesetz,ZG,eco,2025,1
SLC:DF_LAWS(1.0),interkantonale_vereinbarung,AG,educ,2025,1
SLC:DF_LAWS(1.0),interkantonale_vereinbarung,AG,etat,2025,2
SLC:DF_LAWS(1.0),interkantonale_vereinbarung,AI,autres,2025,1
SLC:DF_LAWS(1.0),interkantonale_vereinbarung,AR,sante,2025,1
SLC:DF_LAWS(1.0),interkantonale_vereinbarung,BE,eco,2025,1
SLC:DF_LAWS(1.0),interkantonale_vereinbarung,BE,etat,2025,29
SLC:DF_LAWS(1.0),interkantonale_vereinbarung,BL,autres,2025,1
SLC:DF_LAWS(1.0),interkantonale_vereinbarung,FR,educ,2025,1
SLC:DF_LAWS(1.0),interkantonale_vereinbarung,JU,etat,2025,24
SLC:DF_LAWS(1.0),interkantonale_vereinbarung,SG,sante,2025,1
SLC:DF_LAWS(1.0),reglement,BS,etat,2025,1
SLC:DF_LAWS(1.0),reglement,BS,sante,2025,1
SLC:DF_LAWS(1.0),reglement,FR,sante,2025,1
SLC:DF_LAWS(1.0),reglement,GE,autres,2025,2
SLC:DF_LAWS(1.0),reglement,GE,eco,2025,1
SLC:DF_LAWS(1.0),reglement,GE,etat,2025,1
SLC:DF_LAWS(1.0),reglement,GE,fin,2025,1
SLC:DF_LAWS(1.0),reglement,GE,sante,2025,3
SLC:DF_LAWS(1.0),reglement,GR,etat,2025,11
SLC:DF_LAWS(1.0),reglement,LU,educ,2025,4
SLC:DF_LAWS(1.0),reglement,NE,etat,2025,1
SLC:DF_LAWS(1.0),reglement,NE,sante,2025,1
SLC:DF_LAWS(1.0),reglement,SO,autres,2025,1
SLC:DF_LAWS(1.0),reglement,SO,etat,2025,2
SLC:DF_LAWS(1.0),reglement,SZ,educ,2025,1
SLC:DF_LAWS(1.0),reglement,TG,educ,2025,1
SLC:DF_LAWS(1.0),reglement,TI,etat,2025,2
SLC:DF_LAWS(1.0),reglement,TI,infra,2025,1
SLC:DF_LAWS(1.0),reglement,UR,autres,2025,1
SLC:DF_LAWS(1.0),reglement,UR,infra,2025,2
SLC:DF_LAWS(1.0),reglement,UR,sante,2025,1
SLC:DF_LAWS(1.0),reglement,VD,etat,2025,2
SLC:DF_LAWS(1.0),reglement,VD,sante,2025,1
SLC:DF_LAWS(1.0),reglement,VS,etat,2025,1
SLC:DF_LAWS(1.0),reglement,VS,infra,2025,1
SLC:DF_LAWS(1.0),reglement,ZG,educ,2025,1
SLC:DF_LAWS(1.0),reglement,ZG,etat,2025,1
SLC:DF_LAWS(1.0),staatsvertrag,JU,etat,2025,1
SLC:DF_LAWS(1.0),verordnung,AG,educ,2025,11
SLC:DF_LAWS(1.0),verordnung,AG,etat,2025,1
SLC:DF_LAWS(1.0),verordnung,AG,infra,2025,1
SLC:DF_LAWS(1.0),verordnung,AG,sante,2025,1
SLC:DF_LAWS(1.0),verordnung,AI,etat,2025,1
SLC:DF_LAWS(1.0),verordnung,AI,fin,2025,1
SLC:DF_LAWS(1.0),verordnung,AI,infra,2025,2
SLC:DF_LAWS(1.0),verordnung,AR,infra,2025,2
SLC:DF_LAWS(1.0),verordnung,AR,sante,2025,1
SLC:DF_LAWS(1.0),verordnung,BE,autres,2025,1
SLC:DF_LAWS(1.0),verordnung,BE,eco,2025,1
SLC:DF_LAWS(1.0),verordnung,BE,educ,2025,3
SLC:DF_LAWS(1.0),verordnung,BE,etat,2025,1
SLC:DF_LAWS(1.0),verordnung,BL,infra,2025,2
SLC:DF_LAWS(1.0),verordnung,BL,sante,2025,1
SLC:DF_LAWS(1.0),verordnung,BS,autres,2025,1
SLC:DF_LAWS(1.0),verordnung,BS,etat,2025,2
SLC:DF_LAWS(1.0),verordnung,BS,sante,2025,2
SLC:DF_LAWS(1.0),verordnung,FR,eco,2025,1
SLC:DF_LAWS(1.0),verordnung,FR,educ,2025,4
SLC:DF_LAWS(1.0),verordnung,FR,etat,2025,1
SLC:DF_LAWS(1.0),verordnung,FR,fin,2025,1
SLC:DF_LAWS(1.0),verordnung,FR,infra,2025,2
SLC:DF_LAWS(1.0),verordnung,FR,sante,2025,3
SLC:DF_LAWS(1.0),verordnung,GE,infra,2025,1
SLC:DF_LAWS(1.0),verordnung,GL,etat,2025,1
SLC:DF_LAWS(1.0),verordnung,GL,infra,2025,5
SLC:DF_LAWS(1.0),verordnung,GR,eco,2025,1
SLC:DF_LAWS(1.0),verordnung,GR,etat,2025,3
SLC:DF_LAWS(1.0),verordnung,GR,sante,2025,1
SLC:DF_LAWS(1.0),verordnung,JU,autres,2025,1
SLC:DF_LAWS(1.0),verordnung,JU,eco,2025,1
SLC:DF_LAWS(1.0),verordnung,JU,educ,2025,1
SLC:DF_LAWS(1.0),verordnung,JU,etat,2025,5
SLC:DF_LAWS(1.0),verordnung,JU,fin,2025,1
SLC:DF_LAWS(1.0),verordnung,JU,infra,2025,1
SLC:DF_LAWS(1.0),verordnung,JU,sante,2025,1
SLC:DF_LAWS(1.0),verordnung,LU,autres,2025,2
SLC:DF_LAWS(1.0),verordnung,LU,educ,2025,1
SLC:DF_LAWS(1.0),verordnung,NE,eco,2025,1
SLC:DF_LAWS(1.0),verordnung,NE,infra,2025,1
SLC:DF_LAWS(1.0),verordnung,NW,autres,2025,1
SLC:DF_LAWS(1.0),verordnung,NW,infra,2025,1
SLC:DF_LAWS(1.0),verordnung,OW,etat,2025,1
SLC:DF_LAWS(1.0),verordnung,SG,etat,2025,2
SLC:DF_LAWS(1.0),verordnung,SG,fin,2025,1
SLC:DF_LAWS(1.0),verordnung,SH,educ,2025,1
SLC:DF_LAWS(1.0),verordnung,TG,etat,2025,1
SLC:DF_LAWS(1.0),verordnung,TG,fin,2025,1
SLC:DF_LAWS(1.0),verordnung,TI,fin,2025,1
SLC:DF_LAWS(1.0),verordnung,VS,infra,2025,1
SLC:DF_LAWS(1.0),verordnung,ZG,eco,2025,1
SLC:DF_LAWS(1.0),verordnung,ZG,educ,2025,1
SLC:DF_LAWS(1.0),verordnung,ZG,etat,2025,6
SLC:DF_LAWS(1.0),verordnung,ZH,sante,2025,3
SLC:DF_LAWS(1.0),anderes,_T,_T,2025,20
SLC:DF_LAWS(1.0),dekret,_T,_T,2025,23
SLC:DF_LAWS(1.0),gemeindeerlass,_T,_T,2025,1
SLC:DF_LAWS(1.0),gesetz,_T,_T,2025,26
SLC:DF_LAWS(1.0),interkantonale_vereinbarung,_T,_T,2025,62
SLC:DF_LAWS(1.0),reglement,_T,_T,2025,47
SLC:DF_LAWS(1.0),staatsvertrag,_T,_T,2025,1
SLC:DF_LAWS(1.0),verordnung,_T,_T,2025,97
SLC:DF_LAWS(1.0),_T,AG,_T,2025,22
SLC:DF_LAWS(1.0),_T,AI,_T,2025,7
SLC:DF_LAWS(1.0),_T,AR,_T,2025,4
SLC:DF_LAWS(1.0),_T,BE,_T,2025,37
SLC:DF_LAWS(1.0),_T,BL,_T,2025,5
SLC:DF_LAWS(1.0),_T,BS,_T,2025,11
SLC:DF_LAWS(1.0),_T,FR,_T,2025,15
SLC:DF_LAWS(1.0),_T,GE,_T,2025,11
SLC:DF_LAWS(1.0),_T,GL,_T,2025,6
SLC:DF_LAWS(1.0),_T,GR,_T,2025,17
SLC:DF_LAWS(1.0),_T,JU,_T,2025,39
SLC:DF_LAWS(1.0),_T,LU,_T,2025,14
SLC:DF_LAWS(1.0),_T,NE,_T,2025,5
SLC:DF_LAWS(1.0),_T,NW,_T,2025,5
SLC:DF_LAWS(1.0),_T,OW,_T,2025,4
SLC:DF_LAWS(1.0),_T,SG,_T,2025,9
SLC:DF_LAWS(1.0),_T,SH,_T,2025,3
SLC:DF_LAWS(1.0),_T,SO,_T,2025,4
SLC:DF_LAWS(1.0),_T,SZ,_T,2025,1
SLC:DF_LAWS(1.0),_T,TG,_T,2025,4
SLC:DF_LAWS(1.0),_T,TI,_T,2025,6
SLC:DF_LAWS(1.0),_T,UR,_T,2025,4
SLC:DF_LAWS(1.0),_T,VD,_T,2025,8
SLC:DF_LAWS(1.0),_T,VS,_T,2025,6
SLC:DF_LAWS(1.0),_T,ZG,_T,2025,23
SLC:DF_LAWS(1.0),_T,ZH,_T,2025,7
SLC:DF_LAWS(1.0),_T,_T,autres,2025,18
SLC:DF_LAWS(1.0),_T,_T,eco,2025,13
SLC:DF_LAWS(1.0),_T,_T,educ,2025,47
SLC:DF_LAWS(1.0),_T,_T,etat,2025,112
SLC:DF_LAWS(1.0),_T,_T,fin,2025,23
SLC:DF_LAWS(1.0),_T,_T,infra,2025,32
SLC:DF_LAWS(1.0),_T,_T,sante,2025,32
SLC:DF_LAWS(1.0),_T,_T,_T,2025,277
SLC:DF_LAWS(1.0),anderes,BS,infra,2026,1
SLC:DF_LAWS(1.0),anderes,GL,educ,2026,4
SLC:DF_LAWS(1.0),anderes,GL,fin,2026,1
SLC:DF_LAWS(1.0),anderes,JU,infra,2026,1
SLC:DF_LAWS(1.0),anderes,LU,educ,2026,1
SLC:DF_LAWS(1.0),anderes,SH,autres,2026,1
SLC:DF_LAWS(1.0),anderes,TG,etat,2026,1
SLC:DF_LAWS(1.0),anderes,VD,autres,2026,1
SLC:DF_LAWS(1.0),anderes,VD,eco,2026,2
SLC:DF_LAWS(1.0),anderes,VD,educ,2026,2
SLC:DF_LAWS(1.0),anderes,VD,infra,2026,1
SLC:DF_LAWS(1.0),anderes,ZH,educ,2026,1
SLC:DF_LAWS(1.0),dekret,AI,autres,2026,1
SLC:DF_LAWS(1.0),dekret,GL,educ,2026,2
SLC:DF_LAWS(1.0),dekret,GL,etat,2026,2
SLC:DF_LAWS(1.0),dekret,NW,infra,2026,1
SLC:DF_LAWS(1.0),dekret,SG,fin,2026,4
SLC:DF_LAWS(1.0),dekret,UR,educ,2026,1
SLC:DF_LAWS(1.0),dekret,VS,etat,2026,1
SLC:DF_LAWS(1.0),dekret,ZG,fin,2026,4
SLC:DF_LAWS(1.0),gemeindeerlass,BS,etat,2026,2
SLC:DF_LAWS(1.0),gesetz,AG,educ,2026,1
SLC:DF_LAWS(1.0),gesetz,BL,educ,2026,1
SLC:DF_LAWS(1.0),gesetz,GE,educ,2026,1
SLC:DF_LAWS(1.0),gesetz,GE,etat,2026,1
SLC:DF_LAWS(1.0),gesetz,GE,infra,2026,1
SLC:DF_LAWS(1.0),gesetz,GE,sante,2026,1
SLC:DF_LAWS(1.0),gesetz,GL,educ,2026,2
SLC:DF_LAWS(1.0),gesetz,GL,etat,2026,1
SLC:DF_LAWS(1.0),gesetz,VD,etat,2026,1
SLC:DF_LAWS(1.0),reglement,FR,sante,2026,1
SLC:DF_LAWS(1.0),reglement,GE,educ,2026,2
SLC:DF_LAWS(1.0),reglement,GE,etat,2026,1
SLC:DF_LAWS(1.0),reglement,GE,infra,2026,1
SLC:DF_LAWS(1.0),reglement,GL,educ,2026,4
SLC:DF_LAWS(1.0),reglement,JU,autres,2026,1
SLC:DF_LAWS(1.0),reglement,JU,educ,2026,1
SLC:DF_LAWS(1.0),reglement,LU,educ,2026,1
SLC:DF_LAWS(1.0),reglement,SZ,etat,2026,1
SLC:DF_LAWS(1.0),reglement,TG,autres,2026,1
SLC:DF_LAWS(1.0),reglement,TI,etat,2026,1
SLC:DF_LAWS(1.0),reglement,TI,infra,2026,1
SLC:DF_LAWS(1.0),reglement,TI,sante,2026,2
SLC:DF_LAWS(1.0),reglement,UR,educ,2026,4
SLC:DF_LAWS(1.0),reglement,VD,infra,2026,1
SLC:DF_LAWS(1.0),reglement,VD,sante,2026,1
SLC:DF_LAWS(1.0),reglement,VS,etat,2026,1
SLC:DF_LAWS(1.0),verfassung,BL,etat,2026,1
SLC:DF_LAWS(1.0),verordnung,AG,educ,2026,1
SLC:DF_LAWS(1.0),verordnung,AR,etat,2026,1
SLC:DF_LAWS(1.0),verordnung,BL,etat,2026,1
SLC:DF_LAWS(1.0),verordnung,BL,sante,2026,1
SLC:DF_LAWS(1.0),verordnung,BS,etat,2026,2
SLC:DF_LAWS(1.0),verordnung,BS,infra,2026,1
SLC:DF_LAWS(1.0),verordnung,BS,sante,2026,1
SLC:DF_LAWS(1.0),verordnung,FR,infra,2026,1
SLC:DF_LAWS(1.0),verordnung,GL,educ,2026,6
SLC:DF_LAWS(1.0),verordnung,GL,etat,2026,2
SLC:DF_LAWS(1.0),verordnung,GL,sante,2026,1
SLC:DF_LAWS(1.0),verordnung,GR,eco,2026,2
SLC:DF_LAWS(1.0),verordnung,GR,educ,2026,6
SLC:DF_LAWS(1.0),verordnung,JU,autres,2026,1
SLC:DF_LAWS(1.0),verordnung,JU,fin,2026,1
SLC:DF_LAWS(1.0),verordnung,JU,infra,2026,1
SLC:DF_LAWS(1.0),verordnung,LU,autres,2026,1
SLC:DF_LAWS(1.0),verordnung,LU,etat,2026,1
SLC:DF_LAWS(1.0),verordnung,LU,infra,2026,1
SLC:DF_LAWS(1.0),verordnung,NW,etat,2026,1
SLC:DF_LAWS(1.0),verordnung,OW,educ,2026,3
SLC:DF_LAWS(1.0),verordnung,SG,sante,2026,1
SLC:DF_LAWS(1.0),verordnung,SH,etat,2026,1
SLC:DF_LAWS(1.0),verordnung,SH,sante,2026,1
SLC:DF_LAWS(1.0),verordnung,SO,sante,2026,1
SLC:DF_LAWS(1.0),verordnung,SZ,etat,2026,1
SLC:DF_LAWS(1.0),verordnung,SZ,infra,2026,1
SLC:DF_LAWS(1.0),verordnung,TI,eco,2026,2
SLC:DF_LAWS(1.0),verordnung,ZG,educ,2026,2
SLC:DF_LAWS(1.0),verordnung,ZG,infra,2026,1
SLC:DF_LAWS(1.0),verordnung,ZH,educ,2026,1
SLC:DF_LAWS(1.0),verordnung,ZH,etat,2026,1
SLC:DF_LAWS(1.0),anderes,_T,_T,2026,17
SLC:DF_LAWS(1.0),dekret,_T,_T,2026,16
SLC:DF_LAWS(1.0),gemeindeerlass,_T,_T,2026,2
SLC:DF_LAWS(1.0),gesetz,_T,_T,2026,10
SLC:DF_LAWS(1.0),reglement,_T,_T,2026,25
SLC:DF_LAWS(1.0),verfassung,_T,_T,2026,1
SLC:DF_LAWS(1.0),verordnung,_T,_T,2026,49
SLC:DF_LAWS(1.0),_T,AG,_T,2026,2
SLC:DF_LAWS(1.0),_T,AI,_T,2026,1
SLC:DF_LAWS(1.0),_T,AR,_T,2026,1
SLC:DF_LAWS(1.0),_T,BL,_T,2026,4
SLC:DF_LAWS(1.0),_T,BS,_T,2026,7
SLC:DF_LAWS(1.0),_T,FR,_T,2026,2
SLC:DF_LAWS(1.0),_T,GE,_T,2026,8
SLC:DF_LAWS(1.0),_T,GL,_T,2026,25
SLC:DF_LAWS(1.0),_T,GR,_T,2026,8
SLC:DF_LAWS(1.0),_T,JU,_T,2026,6
SLC:DF_LAWS(1.0),_T,LU,_T,2026,5
SLC:DF_LAWS(1.0),_T,NW,_T,2026,2
SLC:DF_LAWS(1.0),_T,OW,_T,2026,3
SLC:DF_LAWS(1.0),_T,SG,_T,2026,5
SLC:DF_LAWS(1.0),_T,SH,_T,2026,3
SLC:DF_LAWS(1.0),_T,SO,_T,2026,1
SLC:DF_LAWS(1.0),_T,SZ,_T,2026,3
SLC:DF_LAWS(1.0),_T,TG,_T,2026,2
SLC:DF_LAWS(1.0),_T,TI,_T,2026,6
SLC:DF_LAWS(1.0),_T,UR,_T,2026,5
SLC:DF_LAWS(1.0),_T,VD,_T,2026,9
SLC:DF_LAWS(1.0),_T,VS,_T,2026,2
SLC:DF_LAWS(1.0),_T,ZG,_T,2026,7
SLC:DF_LAWS(1.0),_T,ZH,_T,2026,3
SLC:DF_LAWS(1.0),_T,_T,autres,2026,7
SLC:DF_LAWS(1.0),_T,_T,eco,2026,6
SLC:DF_LAWS(1.0),_T,_T,educ,2026,47
SLC:DF_LAWS(1.0),_T,_T,etat,2026,25
SLC:DF_LAWS(1.0),_T,_T,fin,2026,10
SLC:DF_LAWS(1.0),_T,_T,infra,2026,14
SLC:DF_LAWS(1.0),_T,_T,sante,2026,11
SLC:DF_LAWS(1.0),_T,_T,_T,2026,120
